time_s,pos_x_m,pos_y_m,pos_z_m,vel_vx_m/s,vel_vy_m/s,vel_vz_m/s,att_roll_rad,att_pitch_rad,att_yaw_rad,ang_vel_p_rad/s,ang_vel_q_rad/s,ang_vel_r_rad/s,control_Fx_N,control_Fy_N,control_Fz_N,control_tau_x_Nm,control_tau_y_Nm,control_tau_z_Nm,solve_time_s,solve_success
0.006128072738647461,-0.008022980764508247,-0.01767914555966854,0.7787126302719116,-0.0023895539882798455,0.09251236915369597,0.084892645478413,0.0006702060541305954,-0.017614092476261778,0.007658312276852097,0.3574150502681732,-0.1217285692691803,-0.04745613038539885,0.14641683390420387,-0.255317802959474,25.361675883181892,-0.18643045139212427,0.12603614610089556,0.01106012012645469,0.001015479996567592,1
0.016175270080566406,-0.007982386276125908,-0.016736138612031937,0.7800512909889221,-0.001574922692607854,0.09113646294390364,0.07852521542905756,0.00481172277164843,-0.018662282344626302,0.007021108407127219,0.4108889698982239,-0.10830458253622056,-0.06694988906383513,0.15495184155331404,-0.25367953927929876,25.383063545813016,-0.2239651075257352,0.12087711946850295,0.019325292503716496,0.001089864999812562,1
0.02611994743347168,-0.007948287762701511,-0.015812205150723457,0.7812963724136353,-0.004791770862955339,0.09039962282163326,0.07374738911373206,0.009175743136950576,-0.01951055152006287,0.006254132730266093,0.44819915294647217,-0.08098387718200685,-0.07770126312971114,0.15983707926882718,-0.25540994888330115,25.38615533536993,-0.22981094751830533,0.12214155414765002,0.021366260657588534,0.0014110829979472328,1
0.036215782165527344,-0.00793956033885479,-0.01502944715321064,0.7823734879493713,-0.007771530276950394,0.08567962045639588,0.06826476757584145,0.013861212321341299,-0.020107207622659384,0.005374369384634647,0.4672009348869324,-0.05538841336965562,-0.09652051329612732,0.1701621552156774,-0.25467159302718556,25.401195015363122,-0.2643385065825956,0.11064464824682749,0.02595596883275325,0.000993548001133604,1
0.04611349105834961,-0.00793956033885479,-0.01502944715321064,0.7823734879493713,-0.007771530276950394,0.08567962045639588,0.06826476757584145,0.013861212321341299,-0.020107207622659384,0.005374369384634647,0.4672009348869324,-0.05538841336965562,-0.09652051329612732,0.18363663058505691,-0.24227682099511744,25.420181311344205,-0.2910978378860715,0.09903532842185636,0.034006732765535674,0.001047468998876866,1
0.0561063289642334,-0.007953323423862457,-0.01427608635276556,0.7833800911903381,-0.00939787839931933,0.08576088391240885,0.06486883767782907,0.021238356619715404,-0.020595480821283818,0.003823183080214232,0.4904119074344635,-0.02663313969969751,-0.10240260511636734,0.19506077710929617,-0.23246654280194617,25.43382317252065,-0.32850696128357015,0.08516792100159418,0.0386895423380423,0.001170397001260426,1
0.06627082824707031,-0.007980766706168652,-0.013631902635097504,0.7842211723327637,-0.01182849072126944,0.07960905114220201,0.05561798090265242,0.026175310971251697,-0.020565217578467188,0.002749042258419543,0.49735429883003235,0.0072381217032670845,-0.10860568284988403,0.20797131404225622,-0.20844661704853368,25.464250436167223,-0.3499626302986849,0.06700021634728996,0.042479778408789796,0.00115098000242142,1
0.07610464096069336,-0.008046036586165428,-0.013033553957939148,0.7849927544593811,-0.014778520150627196,0.07751632458139257,0.053710304484215377,0.03126763468428173,-0.02025356902290687,0.0015519325577262322,0.49140235781669617,0.027535844594240175,-0.12385914474725723,0.2223063329207287,-0.188259119107099,25.47466755646556,-0.36444478957883886,0.05500879619335504,0.04932376831882392,0.0008758590010984335,1
0.08611392974853516,-0.008207712322473526,-0.012075965292751789,0.7862250208854675,-0.01976599549353501,0.06597474953516871,0.04290629561780797,0.036201052177628146,-0.019794307441222347,0.00020722423351271502,0.4880152940750122,0.05148058384656905,-0.13364927470684052,0.2446682729413137,-0.1447876328682283,25.508933249274644,-0.38067064315283816,0.04089823464563728,0.05498091251241957,0.0010099619976244867,1
0.09612464904785156,-0.008307984098792076,-0.011721847578883171,0.7866876125335693,-0.019145136753366793,0.05940295369009748,0.030884279168265444,0.04348144404599852,-0.018659584732142243,-0.0017904914301745123,0.463727205991745,0.07656925171613692,-0.14096902310848236,0.25694185731330005,-0.09345196165167362,25.5510437132127,-0.3933729831842536,0.0233068448632003,0.059910217349893095,0.0010392969998065382,1
0.10611939430236816,-0.008428254164755344,-0.011448671109974384,0.7870444655418396,-0.024226795881180933,0.054953530433764546,0.0291473958594469,0.04783969047736658,-0.01749251009983821,-0.0033396434754222604,0.42538484930992126,0.10167214274406432,-0.15877752006053925,0.2749350421855615,-0.05056100473395478,25.562309753879283,-0.38834148832568594,0.006044234875002486,0.06805554301925774,0.0009937579998222645,1
0.11612558364868164,-0.008569320663809776,-0.011244988068938255,0.7873551249504089,-0.022711539645906918,0.04571623724511729,0.02082939079495466,0.052005550036793746,-0.016284524666371425,-0.0048174736661543704,0.3907715678215027,0.11424063891172408,-0.15494856238365176,0.28574323831608217,-0.024794233666023374,25.563769278903013,-0.38823874149112336,0.005747635773985038,0.06981803522108886,0.0012685990004683845,1
0.12610459327697754,-0.008708519861102104,-0.011142316274344921,0.7875435948371887,-0.02556891553183639,0.0400060265337344,0.015444677544548648,0.05557331119057318,-0.014796480022536418,-0.006426000926661235,0.3452155888080597,0.14359880983829496,-0.16763366758823398,0.2885628837088189,0.019306446109591778,25.58924489900782,-0.3849288349083366,-0.005193945537517129,0.06971843769407889,0.0012345840004854836,1
0.1361699104309082,-0.008872556500136852,-0.011105903424322605,0.7876909375190735,-0.025399764998752888,0.03253458439896681,0.00992227347169218,0.05899387405974199,-0.013008233882831455,-0.008071137015143837,0.2964681088924408,0.17141748964786527,-0.17850646376609805,0.29139815917054046,0.08668636518349346,25.625885974785554,-0.35552927921627175,-0.04453189507277778,0.0791222670185985,0.0011868099973071367,1
0.14636707305908203,-0.009042023681104183,-0.011161422356963158,0.7877369523048401,-0.028673315418662852,0.024331705643767243,0.005045587677331864,0.061674592194183475,-0.01122370475385237,-0.00982105504996822,0.2525053322315216,0.17534732818603513,-0.1773774325847626,0.30003927697302013,0.15112619011510628,25.645535655707857,-0.3426888805256512,-0.05299968783573132,0.08180974925362297,0.002434595000522677,1
0.15633511543273926,-0.009042023681104183,-0.011161422356963158,0.7877369523048401,-0.028673315418662852,0.024331705643767243,0.005045587677331864,0.061674592194183475,-0.01122370475385237,-0.00982105504996822,0.2525053322315216,0.17534732818603513,-0.1773774325847626,0.30578411422828644,0.18959632698551454,25.648115363105894,-0.34583910482459307,-0.055505446141126354,0.08314941627481158,0.001087351000023773,1
0.1661241054534912,-0.009219297207891941,-0.011285580694675446,0.7877612113952637,-0.027852714054025517,0.01709582657811363,-0.00016975894339875706,0.06477918761865498,-0.00828433558052799,-0.012425660381701231,0.1851947158575058,0.1867977827787399,-0.18417546153068545,0.3036899828172407,0.23435145508939664,25.664035088919718,-0.32139601541539115,-0.07166237635904345,0.08733713677374642,0.0008294119979836978,1
0.17612123489379883,-0.009386023506522179,-0.011503299698233604,0.7876983284950256,-0.02926993556662969,0.007573612947165148,-0.006643615204765693,0.06606692616350385,-0.006151771215621604,-0.014262900776324638,0.11877327412366867,0.19727371633052823,-0.19374909996986392,0.30313396002039916,0.28780896702438946,25.68539688907258,-0.29120761533382017,-0.0846435113909912,0.09268307136749072,0.0010322429989173543,1
0.18613576889038086,-0.009578206576406956,-0.011802912689745426,0.7875880599021912,-0.031217223035207714,0.0013249736217750593,-0.008583167567333889,0.0668593450205699,-0.004053598701841743,-0.016105107699499133,0.052978046238422394,0.19325740635395047,-0.19696009159088138,0.3057196808253086,0.33486482191526623,25.693809838892843,-0.2591535928114342,-0.08959543026506951,0.09604501627063851,0.0009790909971343353,1
0.1961350440979004,-0.00977291539311409,-0.012180188670754433,0.787424623966217,-0.030113868420420492,-0.007683160159764222,-0.014296837183059356,0.06681335997538662,-0.002035337381923963,-0.01800408898851824,-0.022536026313900948,0.1950833350419998,-0.20027559995651248,0.30204102401930355,0.38619182704862465,25.711731208824602,-0.219417053748013,-0.09755788102300161,0.09907528278139657,0.000982721998298075,1
0.20613598823547363,-0.010161460377275944,-0.013205711729824543,0.78690505027771,-0.03164441512829853,-0.021250443411731934,-0.02151185841388077,0.06681335997538662,-0.002035337381923963,-0.01800408898851824,-0.022536026313900948,0.1950833350419998,-0.20027559995651248,0.30515657772264615,0.4620948722648364,25.735594961325873,-0.22031460605330316,-0.09767938445929807,0.09977427496113823,0.0009555520009598695,1
0.21613097190856934,-0.010349663905799389,-0.013834436424076557,0.7865836024284363,-0.02902347040367202,-0.030994431887743232,-0.028196497004456405,0.06442863019953649,0.002894889683346946,-0.022965611086990023,-0.1595613658428192,0.16623151302337644,-0.2113621383905411,0.2944037336590726,0.5261321766872743,25.75870634182156,-0.1404178548888645,-0.09891848567338113,0.10668103601736685,0.0010260259987262543,1
0.2261369228363037,-0.010525979101657867,-0.01453670859336853,0.7862053513526917,-0.031165042949920615,-0.03868028506409757,-0.030689176291817746,0.06230386794731446,0.004695166351360136,-0.025017424703392077,-0.2161816954612732,0.1581827402114868,-0.2118060737848282,0.29080225500752105,0.5819459004674158,25.769247467768125,-0.1027263624503692,-0.10055193877240483,0.10960357586733654,0.0010046540010080207,1
0.23614287376403809,-0.010699562728404999,-0.015310399234294891,0.7857964038848877,-0.028676744620999648,-0.044342130268773684,-0.035195965444048086,0.059851675862538034,0.006233768946608098,-0.027151176611952987,-0.2695188820362091,0.1336996257305145,-0.22314664721488955,0.28860569081119797,0.6155354956685889,25.770657483553645,-0.10206489379738966,-0.10068913155541763,0.11025559001498904,0.0012970959978702012,1
0.2461254596710205,-0.010856089182198048,-0.016153011471033096,0.7853291034698486,-0.027822157471290715,-0.05354462918605204,-0.038933679618922926,0.05659403615487735,0.007563163920566662,-0.029309829972064882,-0.3353351950645447,0.11821895837783811,-0.2161120176315308,0.2801510846054527,0.6490379682712177,25.784455234114994,-0.06601904986842921,-0.09298457970836449,0.11554527339748695,0.0014318970024760347,1
0.25618433952331543,-0.011006559245288372,-0.01706264540553093,0.7848207354545593,-0.027700960611928595,-0.05718053881083143,-0.04258162152616396,0.05299971398770342,0.008792668586169228,-0.03137968110764611,-0.3916279375553131,0.09166256338357923,-0.21530520915985107,0.27115200110162435,0.6885663284238522,25.7976800337072,-0.020442272108189663,-0.08895198834475213,0.11553235568199459,0.0013438919995678589,1
0.2666327953338623,-0.011139133013784885,-0.01799655519425869,0.784295380115509,-0.025491757489553832,-0.06466207632238241,-0.04363858346572425,0.04892749215167269,0.009683338529944852,-0.033641301066230866,-0.4265124201774597,0.07546101510524747,-0.22662779688835144,0.26491756756318763,0.7182439113348271,25.810943487700197,0.02187892389362371,-0.07877023880448439,0.11647238565547686,0.0015328240006056149,1
0.27611708641052246,-0.011139133013784885,-0.01799655519425869,0.784295380115509,-0.025491757489553832,-0.06466207632238241,-0.04363858346572425,0.04892749215167269,0.009683338529944852,-0.033641301066230866,-0.4265124201774597,0.07546101510524747,-0.22662779688835144,0.254556768383661,0.7506918096528374,25.81629064788787,0.0541518207640711,-0.0732011420476561,0.12199731046418368,0.0012149579997640103,1
0.2861151695251465,-0.011243132874369621,-0.01900637336075306,0.7837052941322327,-0.024104280575664123,-0.06975045781568556,-0.05157008782504405,0.04219749179452803,0.010740063980530401,-0.03687924138367471,-0.45916807651519775,0.05188846215605733,-0.21498499810695648,0.24292642826818925,0.7778431044458584,25.84208497606253,0.09430102987019731,-0.06393134652354708,0.12103865670105932,0.0012245959987922106,1
0.2961409091949463,-0.011352716013789177,-0.0200453232973814,0.7830942869186401,-0.02274231092167748,-0.07201788540546505,-0.050920233410281866,0.03756634483540067,0.01095170398373524,-0.03909537643203853,-0.474301278591156,0.011300488375127288,-0.21992899477481842,0.23502924755319912,0.795726568934451,25.844454920986028,0.11837488659922489,-0.04290494413605654,0.12378820489487685,0.0010437670025567058,1
0.3061351776123047,-0.011430681683123112,-0.021131036803126335,0.7824300527572632,-0.020363407269032564,-0.07674816991278567,-0.0584978387116351,0.03263291168806148,0.011026578658889008,-0.041368560778629604,-0.4950370788574219,-0.020492054522037534,-0.21940948069095612,0.22483493068120536,0.8161795333739071,25.86875071811606,0.14602869751054343,-0.02601005610824145,0.12554629238701998,0.0009945960009645205,1
0.3161354064941406,-0.011537017300724983,-0.023356683552265167,0.7810203433036804,-0.0177256913506637,-0.08491935571336642,-0.06645532704896347,0.027783910689708424,0.010838379130312159,-0.04349987381907905,-0.50116366147995,-0.034514833241701154,-0.21036893129348755,0.21118417877565226,0.853761355807747,25.89770298761141,0.16533465972106381,-0.01779753375195821,0.12409489687664924,0.0010198800009675324,1
0.3261277675628662,-0.011567707173526287,-0.024510929360985756,0.7802479267120361,-0.01718565878797527,-0.08337743552060467,-0.06217941661144498,0.020405049593716473,0.010122604840998584,-0.04679056837582607,-0.4894474744796753,-0.06014441698789599,-0.21826289594173431,0.20453866955745212,0.8643753312786352,25.890241359977484,0.18468272665105556,-0.0014213768344077254,0.12844743700677036,0.0009969710008590482,1
0.3362133502960205,-0.01156791765242815,-0.025643669068813324,0.779471218585968,-0.013149414827570163,-0.0869965699836212,-0.07354802653870529,0.0156944936683745,0.009249273203325803,-0.04888402010465587,-0.4775460362434387,-0.08840644359588626,-0.20307745039463043,0.19229066784002669,0.8759925033560967,25.925013789977836,0.1883378891318786,0.015318027381655646,0.12439489787277466,0.0011715140026353765,1
0.34661245346069336,-0.011564048007130623,-0.026769964024424553,0.7786489725112915,-0.016071893907392033,-0.08387622959631295,-0.06742385785333527,0.011139620845971976,0.00840984039815229,-0.050915787369861576,-0.4487871825695038,-0.11454916000366214,-0.20056642591953275,0.1957491448665189,0.8774059913465052,25.912290344120233,0.19486006816037302,0.034019202968585543,0.1247798843469551,0.0016673460013407748,1
0.3561394214630127,-0.011544217355549335,-0.027883103117346764,0.7778197526931763,-0.00974681957627288,-0.08644428830795296,-0.07736583062204096,0.0070260393885233086,0.007054203715900265,-0.05292372307193105,-0.417377233505249,-0.1346193850040436,-0.19901123642921445,0.19777027588769958,0.8783055401778418,25.910445112047363,0.19502300711261067,0.034262681723195666,0.1249309978704756,0.0008531589992344379,1
0.3661386966705322,-0.011488663032650948,-0.02898029051721096,0.7769303917884827,-0.01219311941344536,-0.08553167427123715,-0.07662833483037301,0.0031644843570766135,0.005808488644511556,-0.05482580152080985,-0.3720738887786865,-0.1440112739801407,-0.1818069666624069,0.18559981218068294,0.8855058414961272,25.941552093951948,0.19217934937712416,0.048937337304654605,0.1255614261352105,0.0012301140013732947,1
0.37613987922668457,-0.011488663032650948,-0.02898029051721096,0.7769303917884827,-0.01219311941344536,-0.08553167427123715,-0.07662833483037301,0.0031644843570766135,0.005808488644511556,-0.05482580152080985,-0.3720738887786865,-0.1440112739801407,-0.1818069666624069,0.18674576997183656,0.8895546591076705,25.944711773836264,0.18130050370991344,0.05872943559889402,0.12086759852651714,0.0010282610019203275,1
0.3861269950866699,-0.011426497250795364,-0.030056485906243324,0.7760366797447205,-0.008770945061830952,-0.08432779454794767,-0.083076179022073,-0.0001987636476261656,0.004257563663982555,-0.05663670813776811,-0.32297807931900024,-0.15723568201065066,-0.18033790588378903,0.18200235444332152,0.8913703037696069,25.965714434168902,0.16677222697093114,0.07083730291085384,0.12045848989896403,0.0009531779978715349,1
0.3961353302001953,-0.01134777907282114,-0.03106406144797802,0.7750733494758606,-0.008681580089946801,-0.08100409802352455,-0.08527886862947241,-0.004493265061534579,0.0016945426552426035,-0.05931505363974976,-0.2681068181991577,-0.18519853055477145,-0.1683395206928253,0.1858452515312951,0.8847944703379416,25.97643361487012,0.1523520123291658,0.09467099568143364,0.11779880096567298,0.0010079359999508597,1
0.40613460540771484,-0.011264728382229805,-0.03204958885908127,0.7740897536277771,-0.006927708478551866,-0.08063004166265,-0.08805125198022781,-0.006771616720171458,-0.00027487510080748123,-0.06089441279421637,-0.21296653151512146,-0.1915514171123505,-0.15824744105339048,0.1875814065487367,0.8844792898503041,25.987063397796557,0.13073372420410884,0.10487536514266882,0.11473335961818232,0.0009558320016367361,1
0.41613316535949707,-0.011031071655452251,-0.03392450138926506,0.771980345249176,-0.004481317624368555,-0.07428485156457339,-0.09674882886712502,-0.008493480822662214,-0.002164808843324373,-0.062460494661284116,-0.15303269028663635,-0.19318571686744693,-0.15360373258590695,0.18583985136891557,0.8790319789302388,26.016221869455997,0.10520539501845193,0.11203426937910094,0.11345105354178585,0.000990265001746593,1
0.42612767219543457,-0.010906119830906391,-0.034805309027433395,0.770880937576294,-0.0018909426777537941,-0.06929144269731041,-0.09979678684568938,-0.010102031013695445,-0.0049962113060213476,-0.06457251096002814,-0.08370628207921982,-0.19531795382499698,-0.135041669011116,0.184751313185769,0.8696246986544691,26.030203379979564,0.07404502577058988,0.12261574254333647,0.10804371191033098,0.0009611399982532021,1
0.4361295700073242,-0.010760176926851273,-0.03565175458788872,0.7697268128395081,-0.0004955924947934442,-0.06700625285689335,-0.10416648525754224,-0.010440233681078048,-0.006996825919574956,-0.06582572970779932,-0.03751576319336891,-0.1967306435108185,-0.1250253468751907,0.18490568200199287,0.865417265012982,26.045984046984856,0.05050028838940652,0.13017514722775675,0.10423956109161259,0.000980278000497492,1
0.446138858795166,-0.010600905865430832,-0.03646403178572655,0.7685370445251465,0.0004961802695829252,-0.06379157309950474,-0.10835594680609778,-0.010239311304470533,-0.008740241520604819,-0.067067063178615,0.020045064389705658,-0.17720261216163638,-0.12202681601047513,0.18528175962996785,0.86249599575009,26.061343600241532,0.019648763212756413,0.12342446486877895,0.10263477312935138,0.0010132440002053045,1
0.4561645984649658,-0.010600905865430832,-0.03646403178572655,0.7685370445251465,0.0004961802695829252,-0.06379157309950474,-0.10835594680609778,-0.010239311304470533,-0.008740241520604819,-0.067067063178615,0.020045064389705658,-0.17720261216163638,-0.12202681601047513,0.18481799379918964,0.8624701761653032,26.063574780591246,0.01889109994708922,0.12561278488458763,0.10288863733456756,0.0010684919980121776,1
0.4662132263183594,-0.01027859840542078,-0.03785211965441704,0.7660955190658569,0.002223092154371292,-0.057112939737301735,-0.11563931401646671,-0.007583520889130835,-0.01286754043020677,-0.06950929814490614,0.13936877250671387,-0.16031883656978607,-0.08897805958986281,0.19114635209676575,0.8594490024219553,26.060061798861337,-0.016774699131615688,0.1288826784731587,0.09754189629809162,0.0017282509979850147,1
0.4761626720428467,-0.01027859840542078,-0.03785211965441704,0.7660955190658569,0.002223092154371292,-0.057112939737301735,-0.11563931401646671,-0.007583520889130835,-0.01286754043020677,-0.06950929814490614,0.13936877250671387,-0.16031883656978607,-0.08897805958986281,0.19241796919446075,0.8680924704736347,26.085851668585697,-0.05325866248061427,0.1303806603163283,0.0918654979674852,0.00110187799873529,1
0.48610353469848633,-0.010108382441103458,-0.03843814134597778,0.764825701713562,0.0008638998849982376,-0.051733192120901994,-0.11354759332520376,-0.006678274767755177,-0.013489157259570117,-0.06992562002922931,0.1874585747718811,-0.13982436060905457,-0.08126588910818099,0.19567844637754883,0.8701203512225587,26.083358643363745,-0.08183866392576698,0.12169523011063285,0.08827702062791307,0.0009625370003050193,1
0.49611663818359375,-0.009924129582941532,-0.0389825776219368,0.7635309100151062,0.002766001685145554,-0.048437364418685874,-0.1206040605833163,-0.00333190571774189,-0.015349272600491126,-0.07090895238341544,0.23122704029083252,-0.11768409609794618,-0.059777252376079545,0.19630512272018086,0.878220771329317,26.104591218079758,-0.11644081577581483,0.115889876098615,0.08069687699640682,0.0010264449992973823,1
0.5061194896697998,-0.009735045954585075,-0.03947950527071953,0.7622014284133911,0.002923586470570689,-0.04512017597015009,-0.12219669668616968,-0.0006107504654506712,-0.01638380710196241,-0.07140274749304742,0.27520838379859924,-0.10637238621711731,-0.04917100071907042,0.19761331648613822,0.8887376607339781,26.112620126334363,-0.14921481134861825,0.11328936395915057,0.07577264809473933,0.0009490570009802468,1
0.516118049621582,-0.009550548158586025,-0.039837662130594254,0.7608479261398315,0.00230768160367517,-0.04097690060784361,-0.12449003010965715,0.0024976222032675466,-0.017174978609826308,-0.07179254045463201,0.31814858317375183,-0.08040505647659302,-0.03317954763770103,0.19977105563812972,0.8991120386726743,26.120858411025104,-0.18257467634493607,0.10217460453168525,0.06943607940574943,0.0009816050005611032,1
0.5261139869689941,-0.009165123105049133,-0.040420278906822205,0.7580692768096924,0.0037694843448733556,-0.034348782140048294,-0.1287599951061408,0.005891215637534586,-0.01787124149558572,-0.07199906953290292,0.34631457924842834,-0.05084637552499771,-0.016805026680231087,0.19649890540377227,0.9039673875714711,26.13592917676156,-0.20883776752939762,0.08854001388629458,0.06257312239638665,0.0010304269999323878,1
0.5362012386322021,-0.008975104428827763,-0.040658820420503616,0.7566480040550232,0.003419512195352421,-0.0325498132924097,-0.13077674808457854,0.013084508367341652,-0.018232901585670813,-0.07207574801140737,0.3759598433971405,0.0017917444929480564,0.009431980550289154,0.1919941440888099,0.9271367227394745,26.14403829581987,-0.24001564068285228,0.06123054186561229,0.05204949612871659,0.0011261840008955915,1
0.5463669300079346,-0.008783718571066856,-0.040750112384557724,0.7552394270896912,0.004869744678601146,-0.028634469866501963,-0.13128140570522412,0.013084508367341652,-0.018232901585670813,-0.07207574801140737,0.3759598433971405,0.0017917444929480564,0.009431980550289154,0.18495611804305775,0.931229918615894,26.14743910900741,-0.2492740627900664,0.061194342950751185,0.04995032884597182,0.0027300399997329805,1
0.5561823844909668,-0.008585689589381218,-0.040818508714437485,0.7538275718688965,0.004875337328786818,-0.027772146879001088,-0.13253594941236024,0.018647430532897857,-0.017916785905659705,-0.07182722773189054,0.37954506278038025,0.02548477984964848,0.020252438262104985,0.17711456820863744,0.9481827339891237,26.15185156476354,-0.27031270658556295,0.04765901590668993,0.04556711779212594,0.0008632169992779382,1
0.5661046504974365,-0.008396856486797333,-0.04076770693063736,0.7524516582489014,0.005067530164694683,-0.025151852227558037,-0.1287619323045919,0.022511988997094612,-0.017409294601889336,-0.07149096299126079,0.3931751251220703,0.05278834700584412,0.03545166552066802,0.1724294326656513,0.9583213779562574,26.152460185013446,-0.2705189689124344,0.04749347941310282,0.044686593273708046,0.0012535120004031342,1
0.5761075019836426,-0.008396856486797333,-0.04076770693063736,0.7524516582489014,0.005067530164694683,-0.025151852227558037,-0.1287619323045919,0.022511988997094612,-0.017409294601889336,-0.07149096299126079,0.3931751251220703,0.05278834700584412,0.03545166552066802,0.1641522297469244,0.9686629504143415,26.14121185682144,-0.29070579675191927,0.03131399851705513,0.0389948848761426,0.001036363002640428,1
0.5861048698425293,-0.008208763785660267,-0.040645014494657516,0.7510842084884644,0.004792999519185393,-0.025117352399651113,-0.1300799548980984,0.026352371889359905,-0.016718072630923064,-0.07104578750418167,0.39439061284065247,0.07685291767120361,0.04624038934707641,0.15529070734795145,0.9853370237910568,26.143856778676646,-0.30472957490034525,0.01607315496340318,0.033801139002597506,0.0010233729990432039,1
0.596123456954956,-0.008034341037273407,-0.040492646396160126,0.7497498393058777,0.0049844594496995815,-0.021029874288584858,-0.1223973706951332,0.031890610411613896,-0.015312697984350976,-0.07011305890418962,0.37607380747795105,0.09676233679056169,0.06291601061820982,0.1426639455402851,0.9952800685700314,26.12091497220912,-0.31380781632950183,0.0006878565026317302,0.02635681142343118,0.0010494950001884717,1
0.606114387512207,-0.007844767533242702,-0.04033135250210762,0.7484447360038757,0.006164747821222665,-0.02342094050331997,-0.12456775466328032,0.035215783362188,-0.014169501409723395,-0.06938063315986831,0.3487885296344757,0.11409670859575273,0.07129444926977156,0.12674461105856377,1.013669432301813,26.12452132154856,-0.31105653189505517,-0.012604336437044748,0.021444664502490027,0.000992361001408426,1
0.6161220073699951,-0.007661455310881138,-0.04016301408410072,0.7471834421157837,0.006412169913356869,-0.02134729154374823,-0.1146133095393858,0.038333095819525376,-0.012839966250620005,-0.06854222508825236,0.3131589889526367,0.13750645518302917,0.07962727546691893,0.10915317387038881,1.0195378033425924,26.09492254196332,-0.3025740746342025,-0.029642263197361626,0.017007074880538414,0.0010444649997225497,1
0.6261351108551025,-0.00747017003595829,-0.03991815820336342,0.7459827065467834,0.009284164778252323,-0.02143884215316356,-0.1147952378598128,0.041113222493163626,-0.011542455371098548,-0.06758308370150923,0.2720000445842743,0.13468915224075317,0.09850502759218215,0.0877413331436185,1.025394140737495,26.091585591003998,-0.2901403214889304,-0.032771585505063885,0.008958801213556604,0.0010289599995303433,1
0.6361165046691895,-0.00710324989631772,-0.03930311277508736,0.743770182132721,0.011733368959921631,-0.020693770933378458,-0.10336509358122435,0.0435200243464986,-0.009969057693118621,-0.0664314411082616,0.23661503195762634,0.15395015478134155,0.10583548247814177,0.06038340140743956,1.0206994948753492,26.05700002132343,-0.27935013388849417,-0.04848285508140186,0.004025321783210126,0.0010245599987683818,1
0.6461637020111084,-0.006924646440893412,-0.03895988315343857,0.7427536845207214,0.008544695551114983,-0.01909027228604163,-0.09447869662207735,0.04622319506984107,-0.007679789827355066,-0.06467151791584991,0.18494930863380432,0.161869153380394,0.11375986039638518,0.04458293878185199,1.010225856432673,26.025125922743854,-0.2609968841806085,-0.060152594155107285,-0.0008361144739034597,0.0010494250018382445,1
0.656125545501709,-0.006765053141862154,-0.03857589513063431,0.7418282628059387,0.011160628807296442,-0.018730617508830757,-0.08755630266175306,0.04758494061193641,-0.00619075152755677,-0.06327426334207065,0.1356111764907837,0.15584985911846164,0.1341184079647064,0.024883632851618678,0.9959018193023524,25.999743605519075,-0.23923381018688164,-0.06213040569328472,-0.009772492074930361,0.001093566999770701,1
0.6661386489868164,-0.006592040881514549,-0.03819460794329643,0.7409607768058777,0.010871800523089722,-0.019536757445840342,-0.08187963823060856,0.04819912859847042,-0.004733724653642746,-0.06180685189330948,0.07578620314598083,0.15763263404369357,0.14161181449890134,0.013036249904828878,0.9874418601500655,25.996091799245747,-0.2389892562792926,-0.0620448247909126,-0.011610839453194376,0.001338583999313414,1
0.6761915683746338,-0.006412623915821314,-0.03780435025691986,0.7401625514030457,0.013202080435999042,-0.01785119967271578,-0.0720869601533838,0.04847424497237718,-0.0032681029877945633,-0.060257108846013985,0.012839789502322674,0.15018828213214877,0.15270376205444333,-0.006560231516207122,0.9596303916969057,25.94907256993158,-0.1765797019374477,-0.06709129516727898,-0.01968969822160397,0.0011437150023994036,1
0.6861941814422607,-0.006412623915821314,-0.03780435025691986,0.7401625514030457,0.013202080435999042,-0.01785119967271578,-0.0720869601533838,0.04847424497237718,-0.0032681029877945633,-0.060257108846013985,0.012839789502322674,0.15018828213214877,0.15270376205444333,-0.018531037144790714,0.9422961130932688,25.942308432943204,-0.17618125833548162,-0.06883664076452856,-0.021989128103219648,0.0009262880012101959,1
0.6961045265197754,-0.006237058434635401,-0.03739102929830551,0.7394658327102661,0.013312990691351823,-0.0189964023677812,-0.06562384971541865,0.04810546844921548,-0.00196943270384331,-0.05859941770131849,-0.04333879053592682,0.13605049252510074,0.16609998047351834,-0.028304586223130458,0.9233533036350096,25.921930034323236,-0.14532743012768262,-0.06564384143382766,-0.028195537486856374,0.000990266002190765,1
0.7061166763305664,-0.006054899655282497,-0.036981046199798584,0.7388420104980469,0.014664998223930375,-0.018008164941969416,-0.05766421188781016,0.0465563027506275,-0.00026149016820298243,-0.05591616244837594,-0.1170014962553978,0.11626154929399493,0.17356999218463895,-0.0395503764149948,0.8936321372379307,25.895148823760024,-0.10060587039962637,-0.06091944557458121,-0.033764342757630364,0.0009453550010221079,1
0.7161350250244141,-0.005888537038117647,-0.03653813898563385,0.7383265495300293,0.01552870403432381,-0.016722327090418734,-0.04508506507139554,0.044835699836854204,0.0006940374661232873,-0.0540177149221206,-0.17197394371032715,0.09818202257156375,0.18176335096359253,-0.04889665100811928,0.8558693149279546,25.853257255298438,-0.06497229318015457,-0.054435811834361074,-0.03894935410293075,0.0009759480017237365,1
0.7261359691619873,-0.005695931147783995,-0.036096710711717606,0.7378810048103333,0.017568832200549826,-0.01835357018969378,-0.04278122638791337,0.042503788659490116,0.0013901262336397657,-0.05204300216713209,-0.22069555521011353,0.07478495687246325,0.1999630630016327,-0.0595743213685154,0.8252197251680041,25.8405713348355,-0.031010865126738042,-0.04431841200053631,-0.04759656124938612,0.000978182000835659,1
0.7361629009246826,-0.005540200974792242,-0.035682667046785355,0.7373977303504944,0.017183514301662716,-0.014779726037507926,-0.031596474357561424,0.039926321679683685,0.00197434670378982,-0.05005706965555712,-0.2669157385826111,0.060684386640787145,0.19212578237056732,-0.06464516662687189,0.78233467464102,25.805099928450147,0.002939547420533997,-0.038715583222014516,-0.04790347382640401,0.0011225529997318517,1
0.746140718460083,-0.005198061931878328,-0.0347989983856678,0.7366045117378235,0.01967471467046092,-0.013349988494240473,-0.020882116618500434,0.036783524429993886,0.002261768007255416,-0.04810039095425234,-0.3159632384777069,0.03313012421131137,0.20124967396259308,-0.07294934760749038,0.7341675464549213,25.767906179698876,0.04014599020210538,-0.02519594823511189,-0.0523931936457898,0.0021989380002196413,1
0.7564020156860352,-0.005002455785870552,-0.03432757407426834,0.7362961769104004,0.022070266245426042,-0.010405258324292907,-0.018114024817689728,0.03139976012227974,0.002364358564981295,-0.044923111012144634,-0.35716983675956726,0.008512821979820754,0.20804621279239655,-0.08200125981505024,0.6822789781167804,25.75480017267176,0.08091545910120321,-0.01263266418886514,-0.05766122346618012,0.0008026610012166202,1
0.7661349773406982,-0.004802156239748001,-0.03384444862604141,0.7360362410545349,0.023039065247099123,-0.01007065184610228,-0.011585678943017074,0.027475102457772405,0.0022436512161019273,-0.04289847617366993,-0.3768343925476074,-0.008698380552232241,0.2036481350660324,-0.08754009634718053,0.6511901866097376,25.75289994047652,0.08129418721080361,-0.012298841896752111,-0.05871867330214968,0.0011941439988731872,1
0.7761285305023193,-0.004587543662637472,-0.0333278551697731,0.7358382940292358,0.02495749106916155,-0.0055277566952093024,-0.007053376186423727,0.02362411199925374,0.0019000517134957207,-0.040834265772746736,-0.3853723108768463,-0.02738713845610616,0.20732159912586212,-0.09213918362854322,0.6191217624556618,25.733127511814725,0.10504348495027976,-0.003097768783327716,-0.058704731333957455,0.0012793550013157073,1
0.7861220836639404,-0.004367754328995943,-0.032787371426820755,0.7356933951377869,0.02488148399373665,-0.004277183639002909,0.00010290960640968675,0.019546032061793728,0.0014817764151899837,-0.03875454121004607,-0.3882494866847992,-0.04460361972451207,0.20438742637634277,-0.09566593718394102,0.5648705333678145,25.6954585876813,0.1335608022755199,0.017699274289852164,-0.06065765296895311,0.000941234000492841,1
0.7961316108703613,-0.004367754328995943,-0.032787371426820755,0.7356933951377869,0.02488148399373665,-0.004277183639002909,0.00010290960640968675,0.019546032061793728,0.0014817764151899837,-0.03875454121004607,-0.3882494866847992,-0.04460361972451207,0.20438742637634277,-0.09840266596787083,0.5316126090587865,25.689955678962853,0.1390672402664556,0.018549572209009064,-0.061914943725413424,0.0009810460032895207,1
0.8061268329620361,-0.004138996358960867,-0.03221607953310013,0.7356103658676147,0.028300497677905736,-0.0007147551123178941,0.005771060006094417,0.015584894476939226,0.0008516039895032357,-0.036740677334331284,-0.38643789291381836,-0.05900790914893148,0.1960279643535614,-0.10702087174463192,0.49298593279094755,25.672216130167705,0.15194608875757257,0.027773438579617664,-0.06054653150447369,0.0009484980000706855,1
0.8161423206329346,-0.0038841490168124437,-0.031607843935489655,0.7355911135673523,0.027918282906418346,0.0027473721020163954,0.012103158054493307,0.009911282617001582,-0.00031560108569017586,-0.03379338741937943,-0.3704208433628082,-0.07649579644203183,0.19968661665916443,-0.10895057452247389,0.45096218233874297,25.650753421202104,0.16315562075389728,0.040917214408938335,-0.06335910721414925,0.0010937070001091342,1
0.8261253833770752,-0.0036310399882495403,-0.030962897464632988,0.7356324791908264,0.030682330976984314,0.00808963818744433,0.01566233859529142,0.006287355113617554,-0.0012791752314469385,-0.031833899651176,-0.3504716753959656,-0.08777342736721036,0.19641073048114777,-0.11561039303187155,0.40537969507747845,25.637010795731918,0.1654862625578094,0.04992001532572747,-0.06400157968194779,0.0009651220025261864,1
0.8361327648162842,-0.0033652721904218197,-0.03027384914457798,0.7357110977172852,0.02952246557230289,0.009997695562875998,0.02140790970337413,0.0027619253060873206,-0.002246059192296812,-0.029970256392656935,-0.3235599100589752,-0.09803759306669232,0.18439756333827972,-0.11602117292337523,0.36707555536262115,25.617596469202464,0.16332871345888592,0.058658836157062126,-0.06110677573279156,0.0009746899995661806,1
0.8461251258850098,-0.003105465555563569,-0.029552781954407692,0.7358412146568298,0.03160775080617694,0.0167629886348523,0.026638597250761058,-0.00031680885443785556,-0.0032713633860064206,-0.028103457346412508,-0.28550654649734497,-0.09805165976285932,0.18511800467967987,-0.12117164532230583,0.3224571183167356,25.598838936358373,0.15418072922470083,0.06187719463868094,-0.06187064034147568,0.0009556229997542687,1
0.8561251163482666,-0.0025463372003287077,-0.027987804263830185,0.7361459732055664,0.03134158630721796,0.024804955283607016,0.029094746341600152,-0.0030301739848779263,-0.004333296528008734,-0.026313474811269,-0.2530275881290436,-0.10479810833930966,0.17459498345851898,-0.12438322941609951,0.26626202459012,25.58854717664075,0.14686374700534602,0.06892194275170611,-0.05947064155418054,0.0009742709989950527,1
0.86612868309021,-0.0023178320843726397,-0.02725173905491829,0.736281156539917,0.03260234745908097,0.028358325331756282,0.02836447954234867,-0.006413859198949545,-0.005955678756956129,-0.023787157218741584,-0.2008334994316101,-0.10559508949518202,0.1647370606660843,-0.1284160417189153,0.21965714587276866,25.589341082753386,0.1309242818558697,0.07461416248387873,-0.05707609993879013,0.0009792999990168028,1
0.8761270046234131,-0.0021174587309360504,-0.026560144498944283,0.7363694906234741,0.032465729944966784,0.03318228937581878,0.03123825787820626,-0.008086181760498246,-0.007013709713669769,-0.0222084204273032,-0.1605938971042633,-0.10809069871902464,0.1589508205652237,-0.13014482243362405,0.1772355645982193,25.580584702298594,0.11549345348543995,0.07947611974623407,-0.055513287750337904,0.001000184001895832,1
0.8862574100494385,-0.0019234281498938799,-0.0258354302495718,0.736463725566864,0.02987563237745236,0.035642325876791274,0.030820762738212323,-0.009337400595229806,-0.008119656565563904,-0.020723556093816153,-0.10952375829219818,-0.10418692976236342,0.14807479083538055,-0.1312188910946538,0.15167610567322734,25.57927309359669,0.11520103642466863,0.07951187249709407,-0.05516815315640472,0.0017423600002075545,1
0.8961687088012695,-0.0017695595743134618,-0.025125164538621902,0.7365429401397705,0.030832113758927734,0.041446100888968516,0.03468241913404599,-0.009962874872952554,-0.00905826886793104,-0.019285001608023933,-0.04352296516299248,-0.09088242799043654,0.14038632810115814,-0.1282340154154014,0.11655427297265877,25.56830159866324,0.05960616961144603,0.07610513769002923,-0.049796972169340654,0.0010555709995969664,1
0.9061253070831299,-0.0017695595743134618,-0.025125164538621902,0.7365429401397705,0.030832113758927734,0.041446100888968516,0.03468241913404599,-0.009962874872952554,-0.00905826886793104,-0.019285001608023933,-0.04352296516299248,-0.09088242799043654,0.14038632810115814,-0.12687131208330477,0.0937458724722661,25.56668045119225,0.059648962340563556,0.07711585302442124,-0.049268682840678216,0.0009566700027789921,1
0.9161245822906494,-0.0016226760344579816,-0.024432240054011345,0.7365484237670898,0.02883266850653623,0.042545434055696954,0.03062857871678482,-0.009962874872952554,-0.00905826886793104,-0.019285001608023933,-0.04352296516299248,-0.09088242799043654,0.14038632810115814,-0.12139157084710189,0.07290321106717551,25.57882875015629,0.05979797968797931,0.07733074425962484,-0.0491588965629809,0.0009862850019999314,1
0.9261231422424316,-0.0015178534667938948,-0.023710953071713448,0.7365752458572388,0.02542460155414883,0.04707607626198779,0.03724505377673147,-0.009501267109525813,-0.0111627566586332,-0.016077090600294497,0.0622415766119957,-0.0720042437314987,0.12204726040363313,-0.11001840059797524,0.054428450502714665,25.560136191691257,0.0027101753457241112,0.07464948975959489,-0.044717544644304705,0.0009598830001777969,1
0.9362075328826904,-0.0014184111496433616,-0.02296137996017933,0.7366223931312561,0.026454245682853348,0.050679445263675356,0.03639286756118032,-0.008426720544233657,-0.01185624071456326,-0.014950307801462337,0.12219991534948349,-0.05931347608566283,0.1109832525253296,-0.10624554959301888,0.035410842281771125,25.559936963847253,-0.033040391000575174,0.0700194717476998,-0.0405985795122132,0.0011129140002594795,1
0.9464173316955566,-0.001334706787019968,-0.022217577323317528,0.7366209626197815,0.024373142070423393,0.05305475368499893,0.03882925956884646,-0.00685705450955032,-0.012322413831944434,-0.013889260670667092,0.16605761647224426,-0.04630976170301436,0.104557104408741,-0.10002986124039832,0.018852667995690287,25.55237342100007,-0.06177999064445294,0.06474607882518019,-0.03813492344316522,0.0018677320003916975,1
0.9563508033752441,-0.001289828447625041,-0.021469565108418465,0.736646294593811,0.019589670009698364,0.054990276692172935,0.04219441115795422,-0.004753074422033432,-0.012792429844076914,-0.012948101267877377,0.22047850489616394,-0.043296694755554185,0.09416468441486359,-0.08484448864408285,0.006142225465155535,25.54090608376725,-0.09785740159106873,0.06507800951961358,-0.034552809502557805,0.0007847109991416801,1
0.9661290645599365,-0.0012638603802770376,-0.01998523436486721,0.73663330078125,0.018841573983827263,0.05806993319158148,0.041808199150296224,-0.0021640419937600797,-0.013265279775007244,-0.012025321987056525,0.2734837830066681,-0.038132175803184495,0.08635284751653671,-0.12598390092848538,-0.011363892670599266,25.539529436185,-0.1345356630137516,0.7058062560165923,-0.030456925944956872,0.0009754579987202305,1
0.9761247634887695,-0.0012924432521685958,-0.019235968589782715,0.7366406917572021,0.012644712810110492,0.05870137732410508,0.045285154183584045,0.00596950205088298,-0.01378182193671762,-0.010240836151711452,0.35839325189590454,-0.011144586838781825,0.07073666155338287,-0.15200292449549974,-0.02202675775264381,25.539250152278104,-0.13594955345966644,0.7153096207345998,-0.031195748833412144,0.0012570049984788056,1
0.9861266613006592,-0.0013592098839581013,-0.018526194617152214,0.7365961670875549,0.012042430227315944,0.06064639609258089,0.04602284734466405,0.00596950205088298,-0.01378182193671762,-0.010240836151711452,0.35839325189590454,-0.011144586838781825,0.07073666155338287,-0.15231028282585002,-0.029462341179150118,25.52657419315516,-0.2079017614391244,0.702935659411323,-0.02959050779502906,0.0009904050020850264,1
0.9961285591125488,-0.001422076835297048,-0.017816446721553802,0.736537516117096,0.011683585122234982,0.058443140238618296,0.042838618159164496,0.009866591417079462,-0.01391293620947831,-0.009726303001484027,0.3929516673088074,-0.00856850948184728,0.05608496814966202,-0.152427613241711,-0.034070434673160586,25.524743511189858,-0.2088737377479404,0.7026718460832209,-0.0292405778041996,0.001307014001213247,1
1.0061254501342773,-0.0015277592465281487,-0.01716984063386917,0.736388623714447,0.005845901555343274,0.0579271055688368,0.04467393086261791,0.013997893387507343,-0.013669987966130392,-0.009207536043525533,0.4239600598812103,0.04313748329877854,0.045719519257545464,-0.15082799006809502,-0.028978438726475028,25.53454681127981,-0.24039991720090234,0.7016905571320596,-0.025579247875556602,0.0012862000003224239,1
1.0161263942718506,-0.0016769837820902467,-0.016528470441699028,0.7362510561943054,0.0020568328893528797,0.05604779346158003,0.04325199874320609,0.01853221851905662,-0.01288169675427131,-0.008848564014921845,0.4477006494998932,0.1111285462975502,0.036256723105907426,-0.13921060937745466,-0.022478416441195352,25.5306137868555,-0.27113283476793537,0.6741588760577601,-0.022865319674880986,0.0012754440031130798,1
1.0261263847351074,-0.0016769837820902467,-0.016528470441699028,0.7362510561943054,0.0020568328893528797,0.05604779346158003,0.04325199874320609,0.01853221851905662,-0.01288169675427131,-0.008848564014921845,0.4477006494998932,0.1111285462975502,0.036256723105907426,-0.12763428483611772,-0.011337925218881464,25.534772075739923,-0.29954188784443725,0.6362773017848096,-0.020587283384403562,0.0010102410014951602,1
1.0361227989196777,-0.0018412526696920395,-0.01591615006327629,0.7360934019088745,0.0038665798461884845,0.05411375674073158,0.0407704600817054,0.02309187546923619,-0.011339776492605314,-0.008508675901770069,0.4590745270252228,0.1950678676366806,0.028431853279471373,-0.13181577272079797,0.0023659537663060035,25.54345672755803,-0.32153121436467086,0.5877024943183676,-0.018912983613254292,0.0010427889974380378,1
1.0461304187774658,-0.002001288114115596,-0.015380054712295532,0.7358095049858093,0.002783461478498648,0.04914963242049747,0.033989910082739584,0.02986272012316915,-0.006925194420892566,-0.008145152579004833,0.4477134943008423,0.3486361503601074,0.01657549850642677,-0.14674488335952052,0.028002650162097492,25.566216822981193,-0.33938049997519126,0.4963446737079373,-0.01655493667537682,0.000986074999673292,1
1.0561320781707764,-0.002174808643758297,-0.014920665882527828,0.7354228496551514,0.0010726630383925797,0.04441777600287629,0.03074668743121555,0.03452578656690086,-0.0024515671866360833,-0.007900368655633372,0.4441399872303009,0.48434728384017944,0.006519171874970139,-0.16598706682440195,0.05850692416098397,25.58011703474648,-0.3541176028308255,0.4137687169009568,-0.013829366995267878,0.0010507510014576837,1
1.0661308765411377,-0.0025559510104358196,-0.014123611152172089,0.734539806842804,0.0017377580514908078,0.03859677165774413,0.022178731858278393,0.03892472821799098,0.003402958431377723,-0.007694665862306049,0.4442829191684723,0.6094281673431396,0.0018373217899351566,-0.19428485121792974,0.095598916018498,25.60945295210624,-0.37014978755269895,0.33401973656419787,-0.012805040612696899,0.0010719149977376219,1
1.07612943649292,-0.002704115817323327,-0.013820488937199116,0.7339728474617004,0.0067622279753188205,0.03382800146859984,0.01795612461984649,0.047899868296851444,0.01859744720953138,-0.007150869846197505,0.41820618510246277,0.8765313625335693,-0.005534566473215926,-0.2646613593072308,0.13932204741651227,25.62933961780366,-0.38828281669684844,0.15918559729220266,-0.012539660895102061,0.0010754770009953063,1
1.0861809253692627,-0.0028275407385081053,-0.013592923991382122,0.7333583831787109,0.0061602210630230594,0.026813706382394265,0.01670789346192303,0.047899868296851444,0.01859744720953138,-0.007150869846197505,0.41820618510246277,0.8765313625335693,-0.005534566473215926,-0.30490907105504395,0.18225929647199332,25.63535291301657,-0.3890552186633925,0.15678627561285574,-0.012028703471266496,0.001494198997534113,1
1.0961627960205078,-0.0029406098183244467,-0.013433064334094524,0.7327581644058228,0.009547769134280192,0.021161043959197236,0.015742687556005226,0.0536753099192846,0.03360435778081117,-0.006637910420111748,0.3678432106971741,1.037104845046997,-0.01662480644881738,-0.3709536720072142,0.22671823904092042,25.641686878520616,-0.37559448955023533,0.03405167476389791,-0.009564236725719103,0.001025536999804899,1
1.1061220169067383,-0.0029996149241924286,-0.013331918977200985,0.7321421504020691,0.017339648748923436,0.017442518758277674,0.015462756171625439,0.057025995788177575,0.044961151542638245,-0.006256698958412077,0.3152903616428375,1.1731557846069336,-0.024365786463022374,-0.4462151914288525,0.2615789637366114,25.64457428974742,-0.3667750977674075,0.0003915220193307298,-0.006952103283175995,0.0012069949989381712,1
1.1161272525787354,-0.002965540625154972,-0.01332179643213749,0.7314410209655762,0.024355040893156512,0.009440742395865091,0.00949203963611761,0.05984366722775647,0.05755549638055513,-0.005819972952538333,0.2598934471607208,1.2789138555526733,-0.025003034621477283,-0.49130688743950934,0.28239211426219396,25.644140256312706,-0.36657583156306517,0.00039092845687229674,-0.00624491373780325,0.0014777859978494234,1
1.126124382019043,-0.0028868834488093853,-0.013420157134532928,0.7306925058364868,0.029181484104084037,0.003817500577620721,0.01463231636156045,0.061979016492332395,0.07151606978449898,-0.005328604620913779,0.17227470874786377,1.4214904308319092,-0.03911318257451075,-0.5586900806211959,0.3184334985272518,25.663649675882162,-0.3477756511502661,-0.02171127949317939,-0.006651836685533736,0.0011780099994211923,1
1.136207103729248,-0.0028868834488093853,-0.013420157134532928,0.7306925058364868,0.029181484104084037,0.003817500577620721,0.01463231636156045,0.061979016492332395,0.07151606978449898,-0.005328604620913779,0.17227470874786377,1.4214904308319092,-0.03911318257451075,-0.6283008446714572,0.3473350071668002,25.652244630830246,-0.3085475789513878,-0.05293556455868219,-0.0020557499779648054,0.0012656660001084674,1
1.1464428901672363,-0.0024488456547260284,-0.01387061644345522,0.7291647791862488,0.0486588404680016,-0.010957685415841564,0.012331894806256457,0.06490888462767597,0.10869371970937003,-0.0040963796056652235,0.050071001052856445,1.5308457612991333,-0.043364148586988636,-0.7235312023816061,0.38759460983409494,25.66428282004644,-0.289853288069462,-0.08598071129353246,-0.0006375072124389315,0.0025032529993040953,1
1.1563851833343506,-0.0024488456547260284,-0.01387061644345522,0.7291647791862488,0.0486588404680016,-0.010957685415841564,0.012331894806256457,0.06490888462767597,0.10869371970937003,-0.0040963796056652235,0.050071001052856445,1.5308457612991333,-0.043364148586988636,-0.8368902019582081,0.4252220772101626,25.663068720485473,-0.25419378004519627,-0.13681778302130876,0.0006824729045332616,0.0008861259993864223,1
1.1663713455200195,-0.0020667107310146093,-0.01421357598155737,0.7283880114555359,0.06185959651943648,-0.01763496547807371,0.013885498057501283,0.06499934816609265,0.12411949487705609,-0.003624971291422252,-0.019235823303461075,1.5530097484588623,-0.05179367214441318,-0.9613563819207881,0.4601213548951485,25.658461007906286,-0.217499123241947,-0.17228127569119345,0.004511857390216048,0.0010841379989869893,1
1.1761255264282227,-0.0015589131508022547,-0.014646886847913265,0.7275930643081665,0.07303512843894529,-0.026622505924626113,0.009574432793701767,0.06424876730387208,0.13979991812086467,-0.0032178817031689455,-0.10222930461168289,1.562734603881836,-0.055482022464275554,-1.0978240622007702,0.5016850067972696,25.670805029124118,-0.171005486979335,-0.21047577475118995,0.007607328542299396,0.001096011998015456,1
1.1861367225646973,-0.00011020108649972826,-0.01580413058400154,0.7259020209312439,0.10403676328278358,-0.03977994250303681,0.006127105385896764,0.06306855118416754,0.15538414598478,-0.0027667055148623554,-0.158663809299469,1.562995433807373,-0.05853475630283375,-1.2949997758145144,0.5616237280832325,25.67987769651438,-0.13736996736643808,-0.25222905552120606,0.010369986598529671,0.0010740100005932618,1
1.1961307525634766,0.0008461974211968482,-0.01650923676788807,0.7250254154205322,0.11692827937951913,-0.04671402651793656,0.011246628048936915,0.05988197413244878,0.1787416560708488,-0.0024078499558419786,-0.23643916845321655,1.5529961585998535,-0.06959591060876866,-1.4775403805368308,0.6050587560150866,25.6656346164222,-0.08438163216945414,-0.3181108934805959,0.016657747439335263,0.001087421002011979,1
1.2061240673065186,0.0019684326834976673,-0.017270131036639214,0.7241783738136292,0.13668040911171145,-0.0500488319594624,0.009457503918657593,0.057117904540163966,0.19380289884124702,-0.002267397424430495,-0.29303866624832153,1.5160378217697144,-0.07083789259195346,-1.585364420457595,0.6306842453557092,25.660505116356777,-0.08363884734690032,-0.31868288535590483,0.018230936075697216,0.0010889570003200788,1
1.2161321640014648,0.00328724249266088,-0.01809881068766117,0.7233310341835022,0.15625636255598374,-0.05821044381385523,0.01100165316903186,0.05372682262203465,0.2084820910551377,-0.0022550503888902895,-0.35888591408729553,1.449946641921997,-0.0777924209833147,-1.731331920088087,0.6513324423694046,25.663094549923667,-0.04392484881174552,-0.37080997525309944,0.020387840497891368,0.0011848550020658877,1
1.2261223793029785,0.004823707975447178,-0.01901831664144993,0.722454309463501,0.17487044601948956,-0.062115926395512264,0.011177116896632356,0.04992258125260163,0.2226880800909874,-0.0023197583810321554,-0.4034784138202667,1.3950978517532349,-0.08201329410076158,-1.9672403588402216,0.6811720672614393,25.654819030636006,0.035150627885708316,-0.45324640298728425,0.02874616484920716,0.0010689810005715117,1
1.2361323833465576,0.004823707975447178,-0.01901831664144993,0.722454309463501,0.17487044601948956,-0.062115926395512264,0.011177116896632356,0.04992258125260163,0.2226880800909874,-0.0023197583810321554,-0.4034784138202667,1.3950978517532349,-0.08201329410076158,-2.1070835099512264,0.7009961208990487,25.648837411987756,0.04115187144024744,-0.4722182398304869,0.03055617591521085,0.0010808549995999783,1
1.246122121810913,0.006571528967469931,-0.01998094841837883,0.7216221690177917,0.1992295679985074,-0.06717496378979362,0.01662044430152347,0.04992258125260163,0.2226880800909874,-0.0023197583810321554,-0.4034784138202667,1.3950978517532349,-0.08201329410076158,-2.2434385063585833,0.7266744085216424,25.624286080136518,0.04075837934120759,-0.47418032367842405,0.030906607838070255,0.0010636040024110116,1
1.2561335563659668,0.008554395288228989,-0.02100181207060814,0.7207902669906616,0.2191889432404233,-0.0721601248371592,0.01215843731502989,0.03832433754231168,0.25555462912878424,-0.0031972977558742954,-0.4953156113624573,1.2604531049728394,-0.08810409158468262,-2.448083868790025,0.7403581251617374,25.633133198050867,0.13035723587625936,-0.5858980878852698,0.03844565178706538,0.0010703080006351229,1
1.2661330699920654,0.010735314339399338,-0.022065961733460426,0.719992995262146,0.24057628162764488,-0.07533646394133295,0.020491152021646884,0.03310044992763661,0.2674161147459486,-0.0037266179672159616,-0.5203371047973633,1.1627956628799438,-0.09447813034057631,-2.6248253267634682,0.7501231019800882,25.603425096856213,0.1629882779900059,-0.6283244861527817,0.044656902000995674,0.0010995039992849343,1
1.276129961013794,0.013163820840418339,-0.023160478100180626,0.7192281484603882,0.26643398298961496,-0.07741513872944812,0.016218229446453174,0.027579420258152076,0.27818250422444235,-0.004456993915333829,-0.547031044960022,1.0756170749664307,-0.09439798444509519,-2.833191770331795,0.7588282919183857,25.603503066983183,0.1966134294577447,-0.6673535808653348,0.04839505970345463,0.0011204570000700187,1
1.2862823009490967,0.015837356448173523,-0.024283528327941895,0.7184616923332214,0.29032590954473547,-0.08086789407364117,0.019813720258312878,0.02189174835627039,0.2882351415603517,-0.005184325854691529,-0.5576136708259583,0.9595154523849487,-0.09453701972961437,-3.021943877561284,0.7693712067071712,25.583529728737687,0.2218176254876782,-0.6564014058995284,0.051108220608654616,0.0016039959991758224,1
1.2961335182189941,0.021936284378170967,-0.02663286402821541,0.7169675827026367,0.34160435164359126,-0.08141165980305415,0.020885709687153475,0.01608369429756573,0.297075647968438,-0.0061066459303233955,-0.5544717907905579,0.8501409888267517,-0.09827330708503734,-3.2854355663097965,0.7817273359635162,25.559548773220893,0.24028140896543393,-0.6320894746531648,0.05495469485536839,0.0009051249980984721,1
1.3061256408691406,0.02542157843708992,-0.027836041525006294,0.7162114977836609,0.3659962400274602,-0.08329182154437137,0.01962522867410592,0.0049511693499662,0.3113534225598129,-0.00795682064772718,-0.5274447798728943,0.6092476844787598,-0.09117262065410621,-3.513393742837862,0.7851903428624213,25.547934682736017,0.248550353771935,-0.5346843987218277,0.05608981950862616,0.0010035359991888981,1
1.3161256313323975,0.029162919148802757,-0.02906278520822525,0.7154609560966492,0.3915529234496603,-0.08533240893498446,0.02060439230759159,0.0049511693499662,0.3113534225598129,-0.00795682064772718,-0.5274447798728943,0.6092476844787598,-0.09117262065410621,-3.727375511766557,0.8026109680438878,25.52990904120449,0.26292976251668204,-0.553630442287357,0.05698803384126584,0.0010019299988925923,1
1.3261239528656006,0.03316894918680191,-0.03029014728963375,0.7147189974784851,0.4161816240069976,-0.08295495061343475,0.020240471377052982,-0.0029010840613099553,0.3186697187270777,-0.009381277686656198,-0.48814883828163147,0.4345554709434509,-0.08883819729089742,-3.8514893120945106,0.8130376890847003,25.523122089122406,0.263090735869504,-0.5534943870417657,0.05711818101275233,0.001253023998287972,1
1.3362107276916504,0.037430744618177414,-0.03149567171931267,0.7139747738838196,0.44317612047539867,-0.0815576836570124,0.016698930069692766,-0.007547842673057303,0.32168501030738517,-0.01024660011030143,-0.42969629168510437,0.24988126754760742,-0.07546313107013705,-4.075395914864036,0.8131025954585223,25.513484351905376,0.24560959881437472,-0.3978695181691352,0.053334112416328315,0.0011456709980848245,1
1.3464136123657227,0.04194456711411476,-0.032701555639505386,0.7132084965705872,0.4656329716820473,-0.08151808463898545,0.016164828387331628,-0.011692913206534872,0.323273924030429,-0.011073147803808414,-0.37819069623947144,0.1174555793404579,-0.07089836150407793,-4.273646353971969,0.8189681576716854,25.50107673634972,0.2320968766673798,-0.334116240368935,0.05175524836011945,0.002437877999909688,1
1.3563780784606934,0.04194456711411476,-0.032701555639505386,0.7132084965705872,0.4656329716820473,-0.08151808463898545,0.016164828387331628,-0.011692913206534872,0.323273924030429,-0.011073147803808414,-0.37819069623947144,0.1174555793404579,-0.07089836150407793,-4.398333964137294,0.8258286544906045,25.494673613441634,0.23733656080299603,-0.3349420211318188,0.05175188373929208,0.0008313680009450763,1
1.366121530532837,0.04668761417269707,-0.03389229252934456,0.7124572396278381,0.4905262870420501,-0.07929422004986417,0.015141295756436045,-0.016776723753371137,0.32261031905312176,-0.012045053199341016,-0.31096351146698,-0.08432185649871826,-0.056439571082592004,-4.539344574648236,0.8307583763796709,25.485423095087715,0.2173946499746023,-0.2276706081037127,0.046765908495880006,0.0010236519992758986,1
1.3761303424835205,0.05168640986084938,-0.03504501283168793,0.7116774916648865,0.5149762610355307,-0.07667207023162134,0.00888995402531698,-0.01932488619655004,0.3202191172917157,-0.012553682893902351,-0.22824059426784515,-0.27172622084617615,-0.04768707603216168,-4.708003726316602,0.8358345135765809,25.490541567114565,0.1812819053948452,-0.12089532311373032,0.042009657382909855,0.0009949449995474424,1
1.3861253261566162,0.056918296962976456,-0.03617890179157257,0.7108598947525024,0.5368220166522873,-0.07536900896350683,0.0030495326171878752,-0.021206234564761228,0.31661598225671295,-0.01287187545331614,-0.16043837368488312,-0.41353875398635864,-0.030106101185083337,-4.889057120820411,0.8440408207727763,25.497680295228527,0.1501481983717524,-0.0341186734050527,0.03427526633417888,0.0009575779986334965,1
1.396125078201294,0.06233870983123779,-0.037282466888427734,0.7100081443786621,0.553501782978226,-0.0698553626463788,0.0025634402390642764,-0.02243451090371673,0.3118097524776764,-0.013014886867700248,-0.11200442910194397,-0.528531551361084,-0.02100225538015359,-5.0493199833808715,0.8438932776669058,25.491821404363417,0.12803880236592471,0.04285542695993347,0.029088333424074367,0.0010360140004195273,1
1.406123399734497,0.06793447583913803,-0.0383041612803936,0.7091673612594604,0.5754744970504098,-0.06695524695607884,-0.0034210224071738395,-0.02295804309445426,0.30556660673254443,-0.013067309607100341,-0.03317287936806679,-0.6500073671340942,-0.011671405285596768,-5.2277728995730195,0.8461813710735671,25.499551247016875,0.08764292346958849,0.127205490098926,0.02345767516119641,0.001020928000798449,1
1.4161312580108643,0.07963885366916656,-0.04025217890739441,0.7073625326156616,0.6083039600073427,-0.059593604013602856,-0.012124201203053811,-0.02295804309445426,0.30556660673254443,-0.013067309607100341,-0.03317287936806679,-0.6500073671340942,-0.011671405285596768,-5.501371437930578,0.8377705353526325,25.509788834989894,0.08783988560112024,0.12431442434281344,0.02271057530280058,0.0019421169999986887,1
1.426149606704712,0.0857156440615654,-0.04112516716122627,0.7064356207847595,0.6225691394526518,-0.056601540327185514,-0.020239496275462183,-0.02105756991892127,0.28584258418784625,-0.012481319716689754,0.11983510851860046,-0.8721787929534912,0.008487429469823945,-5.714476872330171,0.8424682101562089,25.533885300036143,0.00025877379946452617,0.3073368341042156,0.011568187363586644,0.0010433480019855779,1
1.436126708984375,0.0919073149561882,-0.041969284415245056,0.705477237701416,0.6342785316088487,-0.05230218280232159,-0.01956529555688712,-0.01914166935061834,0.27633391872333224,-0.011983588136229795,0.18967144191265106,-0.9674288630485535,0.031837929040193676,-5.839454854863666,0.8453873821762569,25.534552549752096,-0.0008862937556076945,0.310315978439743,0.009797278047634084,0.0012969570016139187,1
1.446124792098999,0.09820374101400375,-0.04274267330765724,0.7045356631278992,0.646304248386329,-0.04977380890855265,-0.026887467347968822,-0.016465501465849908,0.2661028489783308,-0.01138838242332696,0.2644137144088745,-1.0292311906814575,0.042571753263473636,-5.954998912578309,0.8495600490030286,25.5311393567343,-0.044808291520000106,0.39165060591732886,-0.00091910438397135,0.0013234280013421085,1
1.4561243057250977,0.09820374101400375,-0.04274267330765724,0.7045356631278992,0.646304248386329,-0.04977380890855265,-0.026887467347968822,-0.016465501465849908,0.2661028489783308,-0.01138838242332696,0.2644137144088745,-1.0292311906814575,0.042571753263473636,-6.092670493305899,0.8578117636000337,25.551360880240654,-0.09355113815317491,0.4586465088545457,-0.009059188858405507,0.001096011998015456,1
1.4661240577697754,0.10458493232727051,-0.043488599359989166,0.7035427093505859,0.6523182964305687,-0.04578794969886847,-0.029991828235137904,-0.013377107821542111,0.25561534835508093,-0.010806800007288508,0.31757494807243347,-1.0692521333694458,0.04182535782456411,-6.219817072213952,0.8642849032594017,25.56450848221563,-0.1318150694418272,0.5035439991662443,-0.012229900103441174,0.0011128450023534242,1
1.4761297702789307,0.1110365092754364,-0.04418816789984703,0.702556848526001,0.6599780299808974,-0.04174437051841263,-0.032786165534326096,-0.007604914577062694,0.2392980248891563,-0.00968666080755698,0.3694615960121155,-1.0919995307922363,0.0656940266489984,-6.339153365444132,0.8743376803304528,25.5799128905833,-0.17933471403708484,0.5579901226955374,-0.024171307870864987,0.0011433670006226748,1
1.4861304759979248,0.11760999262332916,-0.04484491050243378,0.7015906572341919,0.6660445318066196,-0.04081857237354331,-0.03697390940988293,-0.003501575760904263,0.22835735870340468,-0.009051318265319352,0.41101542115211487,-1.1123727560043335,0.059891045093536516,-6.460022772139378,0.8898799244349775,25.597471823509906,-0.21492406734124844,0.5947152679391303,-0.026434288968755805,0.001126464001572458,1
1.4962072372436523,0.12423129379749298,-0.04546678438782692,0.7006396055221558,0.6694638723900537,-0.037548445281622246,-0.03624525605679318,0.001110280201281011,0.21724393319302848,-0.008357529346616932,0.4484507143497467,-1.1102681159973145,0.06242033094167723,-6.563080601034332,0.9039234707865929,25.602032639919685,-0.25021145795020766,0.6319315764954379,-0.02977422290122619,0.0013635889990837313,1
1.5061516761779785,0.1308792531490326,-0.04606261104345322,0.6996831893920898,0.6711292838191739,-0.03427443706613901,-0.03697786144953752,0.00606214985042719,0.20641547096844493,-0.007705108276018446,0.4856018126010895,-1.0793553590774536,0.07105547934770598,-6.655738207188134,0.9177451710914973,25.609860594580766,-0.28670799626090876,0.6684107900511302,-0.03556216285134561,0.0012145390028308611,1
1.5161309242248535,0.13753503561019897,-0.04662960767745972,0.6987348198890686,0.6705906963523297,-0.03470851528275768,-0.04033873206493257,0.01107494185290303,0.19572862087874432,-0.007147764135509327,0.5025757551193237,-1.0567948818206787,0.05810619145631803,-6.7428920165552295,0.9386977160050187,25.626940092963903,-0.31230386422339845,0.7046961888102956,-0.033863576727823225,0.001166695001302287,1
1.5261256694793701,0.150766983628273,-0.0477263443171978,0.6969015598297119,0.6636306634443487,-0.03197658080134674,-0.0373284652690442,0.016256738444496488,0.18551823918668964,-0.006733021435354036,0.508521556854248,-1.0074900388717651,0.05418776720762265,-6.807308725990525,0.956098405213494,25.62696805434073,-0.3261466157447841,0.7052495869651827,-0.03377548419208884,0.0011632720015768427,1
1.5361995697021484,0.15732252597808838,-0.04826614260673523,0.6960219740867615,0.6581640826439885,-0.03170546170072599,-0.035700602350024736,0.024125672536152276,0.17108725217721021,-0.006259327472483811,0.5241408944129944,-0.9306395649909973,0.042324356734752766,-6.886877936502354,0.9821354556544007,25.629971885538342,-0.3673530460835104,0.7229214493903228,-0.032159254459245536,0.0013055480012553744,1
1.546372890472412,0.16381709277629852,-0.048799265176057816,0.6951561570167542,0.6501300337519816,-0.03143678600402694,-0.03465543498665444,0.029414483278877857,0.1620785767264823,-0.006150970744857709,0.5266007781028748,-0.892387330532074,0.03528258576989185,-6.934281424888322,0.9976580502017645,25.629665173138548,-0.3679073067556183,0.7232857369023347,-0.03151682409871559,0.0018587220001791138,1
1.5561165809631348,0.1702323704957962,-0.04932158440351486,0.6943503022193909,0.6429940451325453,-0.03066130378535934,-0.030487683706308118,0.034738189755024074,0.15368472992860038,-0.006067950844794723,0.5211332440376282,-0.8250822424888611,0.02478371560573588,-6.969203356446619,1.01629458079458,25.633087248570916,-0.3867957413569738,0.7284218469535664,-0.030481649999876483,0.0011315619995002635,1
1.5661027431488037,0.1702323704957962,-0.04932158440351486,0.6943503022193909,0.6429940451325453,-0.03066130378535934,-0.030487683706308118,0.034738189755024074,0.15368472992860038,-0.006067950844794723,0.5211332440376282,-0.8250822424888611,0.02478371560573588,-6.992394597201571,1.0334386974198475,25.626833898456695,-0.4018607633944873,0.7132309976731013,-0.027963945604024286,0.0010270739985571709,1
1.576115369796753,0.17628180980682373,-0.04974990338087082,0.6936516165733337,0.6336615079007188,-0.032731849850913125,-0.03073065140012832,0.03974263376132692,0.14572794656732313,-0.006254647961833282,0.5093210339546204,-0.755157470703125,0.009043173864483925,-7.007979340174787,1.0563920236288857,25.632486615948338,-0.4125836586625749,0.6957509316325999,-0.022938261967280535,0.0010779219992400613,1
1.586125373840332,0.18221896886825562,-0.05018511414527893,0.6929820775985718,0.6212610603923796,-0.03525164346836344,-0.02967889663617367,0.0469927208387908,0.1355253971291286,-0.006684040657488399,0.47710373997688293,-0.6515140533447266,-0.002178872935473839,-7.0083831168410065,1.0848191697942267,25.637710531939284,-0.4203720364252318,0.6659052470595825,-0.01925669144223302,0.0010430690017528832,1
1.596116304397583,0.18782395124435425,-0.050548553466796875,0.6924293637275696,0.6070133439502285,-0.034119475894755356,-0.02565938222320087,0.05140132663553176,0.12977371198065857,-0.007058254591113755,0.43854039907455444,-0.5679923295974731,-0.010619726032018592,-6.993119668231916,1.1010606074329787,25.63055634196245,-0.4148720152987935,0.6352762147828168,-0.0159000765217154,0.0010308460005035158,1
1.6061186790466309,0.19327695667743683,-0.050869762897491455,0.6919742226600647,0.5939151640327078,-0.03615360720810106,-0.029396390580971737,0.05533073000412658,0.12482456613706105,-0.0075998875718314984,0.4018595814704895,-0.4712839126586914,-0.03024691715836519,-6.982273081508059,1.1208788297318204,25.643890020953215,-0.40865786751908456,0.5949606591062199,-0.008634266484524016,0.0010015809966716915,1
1.6161227226257324,0.1985827386379242,-0.051202576607465744,0.691527247428894,0.5789446822444524,-0.037147522277114785,-0.02738331435428383,0.05893116766188866,0.1209748097742116,-0.008138989818545106,0.35692301392555237,-0.3461287021636963,-0.03625613823533054,-6.962140215888187,1.136081342200936,25.641326436011088,-0.39732244332628225,0.536688348237477,-0.005072143642644137,0.0010726839973358437,1
1.6261177062988281,0.2087305337190628,-0.05190737545490265,0.6907088756561279,0.5492643709341223,-0.041811835196586225,-0.027485067296840457,0.06206316230177711,0.11804487553631038,-0.008736502552276093,0.3073155879974365,-0.2488749474287033,-0.05178107321262357,-6.922522912020958,1.1599542912321297,25.643269405734216,-0.3819325461350801,0.49220970433413885,0.0012272806113499254,0.0010312650010746438,1
1.6361167430877686,0.2135700136423111,-0.052286919206380844,0.690291702747345,0.53057068514804,-0.0429824444813785,-0.027453898053376228,0.06575795958940134,0.11545352397482045,-0.00987234783187807,0.24404770135879517,-0.14506657421588898,-0.06699353456497191,-6.874136475894607,1.1762933347034203,25.64489906377871,-0.3560021077173103,0.4426864395382214,0.007782610834536659,0.0010685620000003837,1
1.6461095809936523,0.21823783218860626,-0.052668496966362,0.689911961555481,0.513711690135649,-0.044058971473351825,-0.026615149336066003,0.06759435501498867,0.11516605215001618,-0.010600805386079326,0.17322716116905212,-0.004508942365646372,-0.07607618719339371,-6.834932332720324,1.185654093346151,25.640848405838675,-0.3294929947243643,0.36868702570985945,0.013810648640436811,0.0010469799999555107,1
1.6561164855957031,0.22250956296920776,-0.053016889840364456,0.6896560788154602,0.49498093119878234,-0.046018857554042086,-0.02408477363034852,0.06868308978471838,0.11585933676829319,-0.0113768256375133,0.11420154571533203,0.089517705142498,-0.08704870939254762,-6.811345038385612,1.1914734775741966,25.64064092572995,-0.3291996066605957,0.36751647416957467,0.01516236605282333,0.0012769109998771455,1
1.6661033630371094,0.22659745812416077,-0.05338968336582184,0.689408004283905,0.47622743132655837,-0.05020083921735154,-0.025436764680428204,0.06905122188159529,0.11748548734705322,-0.012305121163302513,0.03841523826122284,0.2032029926776886,-0.10498938709497455,-6.773478731500641,1.1945451052438225,25.63150540260087,-0.30176764667166756,0.31687124952343865,0.020188599655180328,0.0010968500027956907,1
1.6761412620544434,0.23050934076309204,-0.05376478657126427,0.6891725063323975,0.46035262840238234,-0.048766829635394,-0.02550760898387286,0.06895652036202504,0.12020451927718767,-0.013161225911821006,-0.023118052631616592,0.3150539994239807,-0.10765238106250767,-6.734163117714313,1.2017156113149916,25.631775382621342,-0.26277740288950824,0.2532048762405899,0.0289501902683656,0.0011219939988222905,1
1.6861188411712646,0.23050934076309204,-0.05376478657126427,0.6891725063323975,0.46035262840238234,-0.048766829635394,-0.02550760898387286,0.06895652036202504,0.12020451927718767,-0.013161225911821006,-0.023118052631616592,0.3150539994239807,-0.10765238106250767,-6.6995818000416065,1.1975276442911613,25.628922939026268,-0.2294121070465733,0.18772654124465377,0.03322360823832567,0.0010216259979642928,1
1.6961147785186768,0.2339649200439453,-0.05410797521471977,0.6889971494674683,0.44029298357033264,-0.05151937933986966,-0.03086851068563648,0.06739458651747343,0.12594359293505697,-0.014437810006006302,-0.10371594876050949,0.4090389609336853,-0.11560301482677465,-6.666406202703016,1.1959552739227428,25.640018063034603,-0.1811782793380176,0.12600211169163275,0.039156378489075196,0.0011074659996666014,1
1.7061793804168701,0.2372264415025711,-0.0544554777443409,0.688818633556366,0.4214879261630141,-0.05063099479182868,-0.028346819162506975,0.06568035249261372,0.13075428422481616,-0.015282587257023916,-0.17870670557022095,0.49764636158943176,-0.1219222024083138,-6.623078498505243,1.1826491637458292,25.630631268169818,-0.13481320173635622,0.06857957807592942,0.04468878491898678,0.0011503509995236527,1
1.7174980640411377,0.24016816914081573,-0.0547836609184742,0.6886974573135376,0.40343651014662507,-0.051042188676635056,-0.03232798594478083,0.06330758467310416,0.13618340471561874,-0.01606598561234085,-0.2263709157705307,0.568780243396759,-0.11541539430618293,-6.583811229161852,1.172220197224878,25.638127550058105,-0.1011443654078791,0.018306039255665832,0.045440731272687954,0.0011544020017026924,1
1.7261130809783936,0.24551433324813843,-0.05542074143886566,0.6883831024169922,0.365661292275262,-0.05007936095947012,-0.03662487651319832,0.060272916451892034,0.14241069669992923,-0.016669173794097603,-0.3117993175983429,0.6569967865943909,-0.10500360280275353,-6.5118877414279295,1.159609377671194,25.650512994591416,-0.04532894255850575,-0.04115640510928043,0.044261889674004205,0.0008848699981172103,1
1.7362186908721924,0.24781090021133423,-0.055709343403577805,0.6882578730583191,0.34935665111466824,-0.04766161745989004,-0.040627908872915175,0.052627406332534044,0.1564686392034389,-0.017797983480865476,-0.4116046726703644,0.7599961161613464,-0.07990935444831858,-6.473063454506553,1.1298235264440644,25.656719320660088,0.03424298137491319,-0.12963059655912415,0.03953797936944441,0.0011948419996770099,1
1.7469735145568848,0.24781090021133423,-0.055709343403577805,0.6882578730583191,0.33069261889732765,-0.0477178171839511,-0.04071191039686062,0.052627406332534044,0.1564686392034389,-0.017797983480865476,-0.4116046726703644,0.7599961161613464,-0.07990935444831858,-6.404547767620573,1.1136118486609208,25.660927626087133,0.03510280040729758,-0.12935565888299644,0.03859676748338751,0.0025415290001546964,1
1.7563691139221191,0.25189369916915894,-0.05622534826397896,0.6879637241363525,0.3176074320308692,-0.04178100841151132,-0.04117877286473907,0.04520074462166512,0.16827455014424464,-0.018191028417573918,-0.4958896338939667,0.8095991015434265,-0.06505074352025995,-6.372511623972397,1.1054275109014944,25.662143796802336,0.03505700544519078,-0.12964012417056286,0.03839957989193684,0.001044606000505155,1
1.7661004066467285,0.25353094935417175,-0.056437619030475616,0.6878457069396973,0.3001197263502844,-0.040818248355239554,-0.041769685803141846,0.039822920618648006,0.17634078056034497,-0.01831846536043047,-0.5473359227180481,0.8348097205162048,-0.03994429484009753,-6.350270832198506,1.0701549220610393,25.658766717716823,0.10561651174358322,-0.18573700676166266,0.03651101720164272,0.0011173849998158403,1
1.7761056423187256,0.2549719512462616,-0.05662547051906586,0.6877574324607849,0.2848448443059605,-0.03615619650741206,-0.037100279284330254,0.033974004017481185,0.1845023209224319,-0.01819831786648196,-0.5892980098724365,0.8372158408164978,-0.01134610362350951,-6.3149856105580024,1.038107964827209,25.658328157657625,0.15163318421900643,-0.2214056190465416,0.02958050197979642,0.001333135998720536,1
1.7861087322235107,0.2549719512462616,-0.05662547051906586,0.6877574324607849,0.2848448443059605,-0.03615619650741206,-0.037100279284330254,0.033974004017481185,0.1845023209224319,-0.01819831786648196,-0.5892980098724365,0.8372158408164978,-0.01134610362350951,-6.263518450906616,0.9975438342311829,25.643341773775376,0.1940810525331721,-0.24885840090617006,0.020124847153824284,0.0010460720004630275,1
1.7961170673370361,0.2562766969203949,-0.056776292622089386,0.6876746416091919,0.27061554605992033,-0.03399154962039271,-0.04184069056889126,0.02793436186171938,0.19243406824958775,-0.017944945557521574,-0.612619936466217,0.8212228417396545,0.006080962717533011,-6.223361493795067,0.9621736015682494,25.654963997059276,0.22732989603653392,-0.26587827336722647,0.013750978041797401,0.001074569001502823,1
1.8061223030090332,0.2574310302734375,-0.05688244849443436,0.6876130104064941,0.25676828455116524,-0.027894432178004983,-0.03516237729808032,0.018333686100687974,0.20450946712055051,-0.017162041841994213,-0.6521177291870117,0.8197888731956482,0.03823484852910032,-6.17108668372461,0.9126881675944897,25.634991234567604,0.2808875253177876,-0.30481516748482773,0.003753262008451193,0.0010277020010107663,1
1.8161215782165527,0.2585689425468445,-0.05693962424993515,0.6875449419021606,0.2455914020290491,-0.021287688991418523,-0.03800364965350379,0.011667745960838971,0.2121464666119981,-0.01634801598139335,-0.6734984517097473,0.7939614653587341,0.06519073992967596,-6.132463546130362,0.8602984141639507,25.640703250799547,0.31521288066159536,-0.31624161653701677,-0.00633957794022013,0.0011011799979314674,1
1.8261218070983887,0.25957632064819336,-0.05695151537656784,0.6875072717666626,0.23378370648932092,-0.015415483290875156,-0.030645406144898003,0.005055657491280563,0.21954964384261855,-0.015225803846150576,-0.6726524829864502,0.7405686378479004,0.10727401822805395,-6.072148288666975,0.8099666827763762,25.62032068076476,0.336239840766436,-0.31193966975319415,-0.022386045774659406,0.0009950149978976697,1
1.836130142211914,0.26048654317855835,-0.05688151717185974,0.6875206232070923,0.2245343756455443,-0.009319564754091311,-0.03011594119840203,-0.0012622592941582411,0.2262699231806642,-0.013854983882122252,-0.6589901447296143,0.6938555836677551,0.14399003982543937,-6.021392064657149,0.761966426564149,25.616469297746214,0.34950106750308035,-0.3089179504993616,-0.03811897942454836,0.001027982998493826,1
1.846121072769165,0.2620169222354889,-0.056551702320575714,0.6876230239868164,0.2056688804181825,0.00551396072190069,-0.023510755141373463,-0.01027239919113443,0.23549227682465457,-0.011012516382441717,-0.6391157507896423,0.6169072985649109,0.19284197688102714,-5.939697911610019,0.6937583980396995,25.598279198745452,0.3683579055589243,-0.2976100180666662,-0.058482221512816124,0.0010541040028329007,1
1.8561196327209473,0.26287969946861267,-0.056303322315216064,0.6876134276390076,0.19575144244921874,0.011687435028405174,-0.02646656743189086,-0.016003600276579544,0.24069953352576468,-0.00880894475366567,-0.6115323901176453,0.5409008860588074,0.221401497721672,-5.880152906606723,0.6360871760618075,25.606310045317272,0.3650243901239744,-0.2671088476465909,-0.07203226894998718,0.0010355249978601933,1
1.8661096096038818,0.26366105675697327,-0.05596284568309784,0.6876493692398071,0.19101603167574324,0.02216465189247217,-0.02077595839238629,-0.021149822143764485,0.24543492038364523,-0.0060878507590684805,-0.5731697678565979,0.44959056377410894,0.2760032415390014,-5.818575913783318,0.5789214726922749,25.591476484267357,0.367121995210281,-0.24074034415393272,-0.09640302354252775,0.0010521490003156941,1
1.876115083694458,0.264411985874176,-0.05555056408047676,0.6876533031463623,0.18503212893541737,0.027858871932138554,-0.028732092429572243,-0.025839057715653535,0.2491792046378798,-0.002962477976563793,-0.5337759256362915,0.3940149545669556,0.3140603899955749,-5.782658471814174,0.5443022458293999,25.590154824995235,0.36708838413995454,-0.24045470848415829,-0.10138813176016659,0.0012977950027561747,1
1.8861072063446045,0.26508820056915283,-0.055046774446964264,0.6876592040061951,0.17846594696674695,0.03861483556193379,-0.021992219878202924,-0.029847460903365874,0.2525216179682004,0.00046490596857262645,-0.4620831608772278,0.2965914905071259,0.35578480362892145,-5.77194650112703,0.5093688299290576,25.613985682242728,0.36058375065291265,-0.2233452232137756,-0.11736208448745103,0.001069540001481073,1
1.8961248397827148,0.26508820056915283,-0.055046774446964264,0.6876592040061951,0.17846594696674695,0.03861483556193379,-0.021992219878202924,-0.029847460903365874,0.2525216179682004,0.00046490596857262645,-0.4620831608772278,0.2965914905071259,0.35578480362892145,-5.729025818146163,0.46948157106621374,25.598248722008037,0.33449884793313145,-0.18211555365262888,-0.13778170074285198,0.0010435570002300665,1
1.9061155319213867,0.26571959257125854,-0.05446392670273781,0.6876798272132874,0.174344777594145,0.04404794425036469,-0.027374699422366196,-0.03448880959859313,0.2555126011719038,0.006481298338829156,-0.39272838830947876,0.1833502352237702,0.4018319845199585,-5.705601235214203,0.43887144552074625,25.612564990150425,0.31097839575383013,-0.1314502673278935,-0.16203586341029388,0.0010418810015835334,1
1.9162626266479492,0.26630541682243347,-0.05380876362323761,0.6876780390739441,0.1671668877018134,0.053483512312641715,-0.024730160538316445,-0.03644237444261256,0.25657855680863806,0.010979299921540786,-0.3100868761539459,0.09932628273963934,0.43440669775009155,-5.663125473653786,0.40712364869271184,25.60820377504088,0.272460949538817,-0.0890695333477581,-0.1821453058576706,0.0015804579998075496,1
1.9261376857757568,0.2670916020870209,-0.0530807189643383,0.6876111626625061,0.16436626068957266,0.061024539121966453,-0.027016666030732366,-0.03756334535771755,0.2565999397618075,0.015921029413639598,-0.23210592567920685,-0.001977473497390688,0.4800397753715515,-5.632068471575774,0.3788371536775451,25.615288884783563,0.23292855190140999,-0.03463617969703511,-0.20646798686432902,0.0008668500013300218,1
1.9361286163330078,0.26783835887908936,-0.052286889404058456,0.687530517578125,0.15895067008489944,0.06851557664332714,-0.025602909547245704,-0.03797996030026818,0.25586265581168366,0.02121075051597021,-0.13794611394405365,-0.12232343107461922,0.5110830664634705,-5.588306934035458,0.355813388765602,25.613907312447807,0.18330539257682832,0.03313966801192521,-0.2270822081189778,0.0012265520017535891,1
1.9464457035064697,0.26922956109046936,-0.05047180503606796,0.68736732006073,0.1503169974585221,0.08359304085048776,-0.029686384391344564,-0.03738285544293962,0.25400433137899325,0.026715456907230983,-0.05013047158718109,-0.22260956466197962,0.5384294986724854,-5.5483845194037995,0.30950544999778334,25.627985133564344,0.13468921777528858,0.0943684962925151,-0.24572645649038014,0.0024883059995772783,1
1.9564969539642334,0.27037686109542847,-0.04948877543210983,0.6872081756591797,0.14650349175733723,0.08892111515846844,-0.030512358621264987,-0.033667870161172786,0.24799241043952192,0.038643037474505704,0.11858368664979935,-0.38669210672378534,0.5665527582168579,-5.49848656352222,0.30368360993080207,25.63613274546587,0.037147250105530646,0.19593872031988424,-0.26524230541054394,0.0008296220003103372,1
1.9660964012145996,0.27149733901023865,-0.048442110419273376,0.6870454549789429,0.1438403115033361,0.09716975723629862,-0.030286823925270472,-0.033667870161172786,0.24799241043952192,0.038643037474505704,0.11858368664979935,-0.38669210672378534,0.5665527582168579,-5.4702156793989465,0.29697009652568235,25.63793379105567,0.03065040590715186,0.20437476926333245,-0.274055309587429,0.001076175001799129,1
1.9761109352111816,0.2726016342639923,-0.04733508825302124,0.6868526339530945,0.14085395462652486,0.1006053690975234,-0.03385771780813468,-0.028445521172038912,0.2411454084088498,0.04781689048957505,0.23508800566196442,-0.511513590812683,0.5935806035995485,-5.438255985967295,0.2822048967878168,25.651822226604004,-0.04659379943236319,0.29532784388644695,-0.29398049557680456,0.001008076000289293,1
1.9863460063934326,0.2736598253250122,-0.04618920385837555,0.6866538524627686,0.1347561606904572,0.1058331883941734,-0.03017478275343364,-0.024000694397888545,0.23546202237027902,0.054181348336074464,0.319326788187027,-0.6020825505256652,0.6052403450012208,-5.419373439650169,0.27296375987426025,25.654247955720024,-0.04846194221439197,0.2958844564817274,-0.2979063540932547,0.0009805570007301867,1
1.9961295127868652,0.27469536662101746,-0.044993117451667786,0.6864680051803589,0.13126431358006185,0.10910009609747971,-0.032338057530451374,-0.018572742375360995,0.2290201708631936,0.06036594106894011,0.42001211643218994,-0.6694954633712767,0.582150161266327,-5.373184819457347,0.2714006402744363,25.64764446123127,-0.10627357337451351,0.3645885319481346,-0.3089935781766487,0.0010402749976492487,1
2.0061261653900146,0.27469536662101746,-0.044993117451667786,0.6864680051803589,0.13126431358006185,0.10910009609747971,-0.032338057530451374,-0.018572742375360995,0.2290201708631936,0.06036594106894011,0.42001211643218994,-0.6694954633712767,0.582150161266327,-5.333364004519228,0.27876992577473425,25.65714096417249,-0.17600968339105777,0.4239659305244864,-0.3095365833174438,0.0009982280025724322,1
2.0161337852478027,0.2756827771663666,-0.04377707466483116,0.6862453818321228,0.12358972276805229,0.11139071791642462,-0.03143956750965732,-0.012762410406554014,0.22205138120238077,0.06639812097462627,0.4715192914009094,-0.7321309447288512,0.5787922739982606,-5.2787119474220985,0.2909084838605126,25.66113509563822,-0.22220255614162535,0.4823983229087438,-0.31390752156079765,0.001040414997987682,1
2.026127576828003,0.27662158012390137,-0.04254283010959625,0.6860602498054504,0.1184599083438415,0.11208731760174535,-0.03090714910536557,-0.0030580203343446577,0.21045848812697887,0.07520772599259962,0.53511643409729,-0.7938283681869506,0.561205565929413,-5.2157334954288945,0.3204536625902276,25.667560453163965,-0.2864084197988466,0.5562241104955423,-0.316999120547539,0.0010361549975641537,1
2.0361251831054688,0.2775331437587738,-0.04130062460899353,0.6858491897583008,0.11275888932688238,0.11454171708150233,-0.03234909157484894,0.0039007315745345217,0.20224917802918618,0.08049912332183329,0.595676600933075,-0.8317496180534362,0.514253854751587,-5.157903535197308,0.34549538592868795,25.678634220545227,-0.3396195238196317,0.6057807684352289,-0.3065975636256603,0.0010357350001868326,1
2.0461349487304688,0.2783862054347992,-0.04005453735589981,0.6856486201286316,0.10424085628788307,0.11291077023325653,-0.03226566021079566,0.011145203407452176,0.1937958994172928,0.0855352976697068,0.6326322555541992,-0.8474802374839782,0.4962131381034852,-5.0929896664598715,0.3766268404672325,25.686343585383163,-0.38285278520305355,0.6441329173221562,-0.30269000898628373,0.0010337089988752268,1
2.0561394691467285,0.2798866331577301,-0.03758777678012848,0.6852859854698181,0.08830791478901319,0.1104973862609079,-0.03226635787959943,0.01866871195218467,0.1849383326429037,0.09017627384971671,0.6725181937217712,-0.8909963965415953,0.4539676904678346,-5.006251174496311,0.40442069252914076,25.695395444378065,-0.42712740547257094,0.6991699172952038,-0.2910115326336627,0.0010436279990244657,1
2.066129684448242,0.2805179953575134,-0.03638502210378647,0.6851149797439575,0.07643639137751916,0.11021135819624532,-0.022957651914821048,0.029966064343285304,0.17146188591544842,0.09598567698626415,0.6945205330848694,-0.8932335376739502,0.39191630482673656,-4.891623506956456,0.4350502220253793,25.678554715632274,-0.4743846828476506,0.7449252257383079,-0.2720858659898086,0.0010285409989592154,1
2.076166868209839,0.2810797691345215,-0.035203561186790466,0.6849692463874817,0.06864493923306264,0.10672564874781382,-0.026813179958799685,0.037595128316969095,0.16244900697724507,0.0993080580988912,0.7055956125259399,-0.881161093711853,0.35944879055023204,-4.801621481073688,0.4717451835020155,25.694429871455707,-0.5057121016328161,0.7648109209254188,-0.2597519362792367,0.0010617869993438944,1
2.086435079574585,0.2815665602684021,-0.03406277298927307,0.6847991347312927,0.058464409790097156,0.10324396268449976,-0.026911916709703623,0.04492344786375613,0.1537908217798165,0.10198903228912704,0.6928262710571289,-0.8685689568519592,0.3038475811481477,-4.712774083295119,0.5065882390339391,25.7036013014835,-0.5224578504123463,0.7802472538038089,-0.2400146605456669,0.0011324010010866914,1
2.09613037109375,0.2819507420063019,-0.03296944499015808,0.6846259832382202,0.045438317639766024,0.0975418097324474,-0.026181906621375768,0.052141549983276914,0.14534541518948174,0.10403837227450374,0.691888689994812,-0.8370946645736694,0.22936172783374797,-4.65949852195763,0.5275474684527108,25.705442165549243,-0.5228268606675587,0.7801585536362718,-0.23583427573430774,0.001258402000530623,1
2.1061110496520996,0.2819507420063019,-0.03296944499015808,0.6846259832382202,0.045438317639766024,0.0975418097324474,-0.026181906621375768,0.052141549983276914,0.14534541518948174,0.10403837227450374,0.691888689994812,-0.8370946645736694,0.22936172783374797,-4.585144064454541,0.5570052417073112,25.70973932339126,-0.5448201833891823,0.7848743491138874,-0.21137548127727945,0.0010846969998965506,1
2.1162331104278564,0.2824245095252991,-0.03092912770807743,0.6842886805534363,0.021653718169089464,0.08664551404904247,-0.02686429924611247,0.06892150455069368,0.12593044967473066,0.10668350878506949,0.6358222365379333,-0.7404643893241882,0.1094936877489091,-4.504819126515379,0.5809417247650627,25.710633221347553,-0.5544181445513283,0.7819666096077317,-0.19031594916187464,0.002130208999005845,1
2.126134157180786,0.2824245095252991,-0.03092912770807743,0.6842886805534363,0.021653718169089464,0.08664551404904247,-0.02686429924611247,0.06892150455069368,0.12593044967473066,0.10668350878506949,0.6358222365379333,-0.7404643893241882,0.1094936877489091,-4.413250904350954,0.6233202016595535,25.72563067165766,-0.5704286009343015,0.7802072207578952,-0.16434733798086915,0.0011529350013006479,1
2.136183023452759,0.2824927568435669,-0.030011063441634178,0.6841325759887695,0.009403610961254699,0.08083880701803392,-0.022846622139196717,0.07195574911081692,0.12256227391361962,0.10670197255543767,0.6008949875831604,-0.6766468286514282,0.04987568408250817,-4.321840815350131,0.652326751913584,25.71825592031463,-0.561734282280747,0.7535299745499625,-0.13841017481671175,0.0011872989998664707,1
2.1464433670043945,0.2824653685092926,-0.029166432097554207,0.6839666366577148,-0.0015295656170713913,0.07314262537464641,-0.026443034509955055,0.08036892441096599,0.11321889511004102,0.1060241758972964,0.5475826263427734,-0.6013525128364563,-0.01750422269105904,-4.2346527225014,0.6920165935121269,25.733493840563924,-0.5615564833906641,0.7331138139236532,-0.1109021301325078,0.0011443439980212133,1
2.156405448913574,0.2832639813423157,-0.02852480858564377,0.6838338375091553,-0.011379552406313878,0.06553184242553177,-0.0248427157675243,0.08518476927215923,0.10821444001373104,0.10478753963153764,0.47015026211738586,-0.4856353998184204,-0.10687854140996927,-4.158627242827265,0.725425643640279,25.732880641441902,-0.5359859807402748,0.6811451534587225,-0.07392642112628803,0.0008233349981310312,1
2.1663784980773926,0.2839580774307251,-0.027978232130408287,0.6837090253829956,-0.023962185668285514,0.057751100376355516,-0.022603913240753098,0.08928771776947908,0.10428825289063148,0.10294324633859908,0.40638524293899536,-0.40485402941703796,-0.16390357911586756,-4.080633155566302,0.7549125672258138,25.728051945916583,-0.5142390198089823,0.6456540684202886,-0.04609109533208462,0.0009862850019999314,1
2.176135301589966,0.285930335521698,-0.02728121727705002,0.6835519671440125,-0.03946841884258036,0.03905252365812839,-0.023785211097213637,0.09259021578144822,0.10123975561307219,0.10048044928106625,0.33070167899131775,-0.30535677075386053,-0.23565830290317533,-4.0034039344171175,0.8078926399702799,25.731575415365505,-0.4840191783158933,0.5986953150030261,-0.014574069405875793,0.0010059110027214047,1
2.1861283779144287,0.2871299386024475,-0.02711295150220394,0.6835170388221741,-0.046451155495941227,0.030696948735907056,-0.021273325438800506,0.09617122412982004,0.09890982555252359,0.09588293927925662,0.24388223886489868,-0.18503580987453463,-0.30164727568626404,-3.9457900992926467,0.8476819716433142,25.724380330593416,-0.44519596387084426,0.5376985399607014,0.015910072192079693,0.0009940370000549592,1
2.1961312294006348,0.2882721424102783,-0.02702869102358818,0.6834765076637268,-0.05204094574561869,0.02284815534334743,-0.020659703746563583,0.09734250229346486,0.0986833625788055,0.09209465287590035,0.1311054676771164,-0.046339135617017795,-0.38577166199684143,-3.910765567767217,0.8743733519903065,25.71990801839374,-0.39059147632018204,0.46245296300350225,0.055103161202790296,0.0011231819989916403,1
2.206110715866089,0.2882721424102783,-0.02702869102358818,0.6834765076637268,-0.05204094574561869,0.02284815534334743,-0.020659703746563583,0.09734250229346486,0.0986833625788055,0.09209465287590035,0.1311054676771164,-0.046339135617017795,-0.38577166199684143,-3.8896006239072207,0.8907417713812392,25.719450173866203,-0.39031410324677956,0.4610092078041667,0.06329918502043644,0.0010993640025844797,1
2.2161083221435547,0.28936126828193665,-0.027025261893868446,0.6834349632263184,-0.05853032674985748,0.0137753507250972,-0.022473382287458488,0.09763682298800136,0.09976181009730567,0.08785350119704871,0.05334317311644554,0.045586016029119436,-0.4295377731323242,-3.874983315427418,0.9114308135351461,25.723278913610283,-0.3500925146640887,0.4096702175278158,0.08300230718912047,0.0010872809980355669,1
2.2263376712799072,0.29060864448547363,-0.027165787294507027,0.6834208965301514,-0.06537941127340569,0.0065581853566166175,-0.019073895017579678,0.09695903795944716,0.10196465012191602,0.08327998629718891,-0.06227988004684448,0.18667139112949366,-0.490189790725708,-3.864049956139504,0.919828194234505,25.711114828625274,-0.28612338416180105,0.328539545065287,0.11215126586248857,0.0010236520029138774,1
2.2361080646514893,0.29181957244873047,-0.027373265475034714,0.6834260821342468,-0.06775975228588871,-0.0010603452356931576,-0.02076456317918349,0.09537677345150852,0.10535789851839006,0.0782329609962904,-0.1550889015197754,0.31711229681968683,-0.5506957173347473,-3.8733835304142055,0.9284797892882737,25.711516187316793,-0.23153791722087066,0.2497772046458599,0.14420280085819268,0.001034687000355916,1
2.246109962463379,0.2929899990558624,-0.027670007199048996,0.6833991408348083,-0.07380797732189172,-0.009791364392401882,-0.022004051980616987,0.09108275305534175,0.11286564926734233,0.0699485065852663,-0.2648533880710602,0.45874285697937006,-0.6013082265853883,-3.8936381495624808,0.9294326736905025,25.711340026834634,-0.16002684381079985,0.15736111541188907,0.17666696527886797,0.001002208999125287,1
2.256108522415161,0.294111043214798,-0.028034036979079247,0.6833981871604919,-0.07744822659594057,-0.016034344578272186,-0.01886641891259029,0.08728337411305187,0.11895909001147231,0.06406757383100903,-0.33574625849723816,0.5369667410850524,-0.6372326612472535,-3.9129039266184296,0.9237729452718687,25.69901746719596,-0.11044698512042622,0.10118254360221982,0.20183667722631932,0.0010247700010950211,1
2.2661020755767822,0.2953648567199707,-0.028526287525892258,0.6834064722061157,-0.07871445273207822,-0.022169452330522994,-0.02019203778000008,0.08258752812691617,0.12607582952420593,0.057800549072788865,-0.40961089730262756,0.6342360973358153,-0.6755093932151796,-3.947532543032329,0.9174974745390965,25.697973424318818,-0.054518527875270596,0.03350915193622067,0.22697326751723884,0.0010594119994493667,1
2.276123285293579,0.2979394495487213,-0.029731301590800285,0.6834139227867126,-0.08173413580561235,-0.03204265639732724,-0.019457534828986208,0.07706054051228861,0.13404868308602902,0.051325464056588554,-0.503312349319458,0.7378007769584655,-0.7028452754020692,-3.9901170188173913,0.9195901823974594,25.69193316706319,0.015093943751291534,-0.03989868582955318,0.24882853389776577,0.001081205002265051,1
2.2861084938049316,0.29926562309265137,-0.030416201800107956,0.6834375262260437,-0.0802571401039341,-0.03420383856890179,-0.018088364917972978,0.0675144469771034,0.14735876224568445,0.041366705423438344,-0.5697477459907532,0.8247050642967223,-0.7174725532531739,-4.0522192257051675,0.8967449948152513,25.682836338687274,0.08566613841260129,-0.11848758928719975,0.2686457281182222,0.0010618580017762724,1
2.2961180210113525,0.3006068468093872,-0.031141342595219612,0.6834311485290527,-0.08094853919720887,-0.039748907228605,-0.021051011004820815,0.06010779091662277,0.15706867068471908,0.03438843940451486,-0.634689450263977,0.8923163414001464,-0.7422640919685365,-4.120021328654352,0.8773123931371646,25.687267299094668,0.1474747913348203,-0.17843589181798886,0.28896024253050906,0.0011224129993934184,1
2.3061182498931885,0.3006068468093872,-0.031141342595219612,0.6834311485290527,-0.08094853919720887,-0.039748907228605,-0.021051011004820815,0.06010779091662277,0.15706867068471908,0.03438843940451486,-0.634689450263977,0.8923163414001464,-0.7422640919685365,-4.159967125458972,0.8653000138047802,25.68692369317951,0.14752514825878707,-0.17987194522433342,0.2932466951157848,0.000929221001570113,1
2.3161535263061523,0.30360597372055054,-0.032722167670726776,0.6834631562232971,-0.07214313000291545,-0.04042134806445052,-0.01768759452941735,0.04392793652041771,0.1776804367197662,0.020258127882621935,-0.726489245891571,0.9719228744506835,-0.7468057870864869,-4.209017787488055,0.8301568985124698,25.664163142752162,0.20963886879386057,-0.23562784566154946,0.2999883689309707,0.0015204609990178142,1
2.3261842727661133,0.30360597372055054,-0.032722167670726776,0.6834631562232971,-0.07214313000291545,-0.04042134806445052,-0.01768759452941735,0.04392793652041771,0.1776804367197662,0.020258127882621935,-0.726489245891571,0.9719228744506835,-0.7468057870864869,-4.28158222379323,0.797472924217064,25.66728272591587,0.2561071872593186,-0.277853411979115,0.31199963805598907,0.0012460389989428222,1
2.3363468647003174,0.30516955256462097,-0.0335235558450222,0.6835100054740906,-0.07036358123278434,-0.038892965814719196,-0.01084446789564953,0.035242133474731485,0.18821212536194087,0.013028984348151695,-0.7528038620948792,0.9722647070884703,-0.7380214333534242,-4.337529929509244,0.7528119135511161,25.644551262972684,0.3021067406966343,-0.3126166595239601,0.3186764795754199,0.0010917510007857345,1
2.3462114334106445,0.30676954984664917,-0.034301113337278366,0.6836205720901489,-0.06543887402973916,-0.037465624515847645,-0.004669192730839942,0.02197442377935399,0.20339243253159944,0.002354732119312697,-0.7567581534385681,0.9592829942703246,-0.7108968496322633,-4.39795356845115,0.6948190594100433,25.619613162081386,0.3521567097149215,-0.35550237314396516,0.32088531940001364,0.0009535970020806417,1
2.356116771697998,0.30843743681907654,-0.03507164493203163,0.6837378740310669,-0.05874445289382489,-0.035212840884877285,-0.008715701288047113,0.012992789072322264,0.21334942189068817,-0.004746842080511016,-0.7578262090682983,0.938003897666931,-0.6977431178092958,-4.479755718731364,0.6387999674757917,25.624636152210833,0.3852082748438723,-0.3779724766775243,0.3235748550637711,0.0011041130019293632,1
2.366119623184204,0.3101993203163147,-0.03584261238574982,0.6838500499725342,-0.05388020715365577,-0.029798358632100147,0.000795386350193825,0.004016419817563843,0.22304289769946095,-0.011701036595847203,-0.7625414133071899,0.9081430435180663,-0.6727343797683717,-4.534716548354299,0.5755649532701205,25.59391841837512,0.419604329608154,-0.394205904818462,0.3220879494871272,0.0011499320025905035,1
2.3761203289031982,0.31203481554985046,-0.03657173365354538,0.6840161681175232,-0.04378313936646484,-0.027252595821089427,0.0017397112191388836,-0.004839317285363798,0.23196698555508277,-0.018417589472923712,-0.7413902282714844,0.8592465519905089,-0.6437793374061586,-4.6049704285326,0.5181577602795007,25.58263305352832,0.4390821652736495,-0.39861298738000706,0.31773002560394115,0.0011055110007873736,1
2.3861148357391357,0.31597307324409485,-0.0378657728433609,0.6844133734703064,-0.026581765917404562,-0.014743071018432339,0.00929766000044113,-0.004839317285363798,0.23196698555508277,-0.018417589472923712,-0.7413902282714844,0.8592465519905089,-0.6437793374061586,-4.680111942465694,0.4596698896915876,25.55279711428884,0.44019131509468773,-0.40037895725190115,0.31696060386660285,0.0010462110003572889,1
2.3961410522460938,0.3181094825267792,-0.038441579788923264,0.6846352219581604,-0.01465423671429877,-0.0059901922691986634,0.013937174459008052,-0.024854039697816077,0.25126426790424805,-0.034109584371810886,-0.6258858442306519,0.6920723915100097,-0.5534597039222718,-4.72421914074292,0.42436064952505664,25.54689212295939,0.4400890283175044,-0.40023649418453044,0.3167479245316282,0.001110679000703385,1
2.4061198234558105,0.3181094825267792,-0.038441579788923264,0.6846352219581604,-0.01465423671429877,-0.0059901922691986634,0.013937174459008052,-0.024854039697816077,0.25126426790424805,-0.034109584371810886,-0.6258858442306519,0.6920723915100097,-0.5534597039222718,-4.786000785993226,0.3538429577582146,25.526870362124367,0.44528551669914374,-0.37570135434862445,0.29767908011720845,0.0010298679990228266,1
2.416126251220703,0.32271337509155273,-0.039374250918626785,0.6851111054420471,0.0040581830408318,0.011144883952861395,0.02282192173287328,-0.03788357568999068,0.26255567299755356,-0.044714972671954456,-0.46883103251457214,0.465642362833023,-0.44195729494094854,-4.851111334389221,0.26167394507185043,25.489580894585142,0.3937899567848253,-0.28790578007341466,0.25950667387847576,0.0010673059987311717,1
2.4261081218719482,0.32271337509155273,-0.039374250918626785,0.6851111054420471,0.0040581830408318,0.011144883952861395,0.02282192173287328,-0.03788357568999068,0.26255567299755356,-0.044714972671954456,-0.46883103251457214,0.465642362833023,-0.44195729494094854,-4.889258717259551,0.2078989236359,25.482561056884393,0.40193661465107905,-0.2925304734614281,0.253647815307379,0.0010360839987697545,1
2.4361212253570557,0.3278183937072754,-0.039956267923116684,0.6856120824813843,0.02715070202148511,0.025271357942167266,0.0249359678163672,-0.04748741824362179,0.2696859113277905,-0.05310545592567273,-0.2947918772697449,0.25029817223548884,-0.3317744135856629,-4.944568295648108,0.15315228502431577,25.47285234092905,0.3831965513064698,-0.25885993067109686,0.23948385126735514,0.0011095619993284345,1
2.4461114406585693,0.3278183937072754,-0.039956267923116684,0.6856120824813843,0.02715070202148511,0.025271357942167266,0.0249359678163672,-0.04748741824362179,0.2696859113277905,-0.05310545592567273,-0.2947918772697449,0.25029817223548884,-0.3317744135856629,-4.998205078638278,0.10494053431266272,25.463499439980758,0.3367261319293797,-0.20406525522910815,0.21506642811064552,0.0010096130026795436,1
2.4561100006103516,0.3305498957633972,-0.040115777403116226,0.6858575940132141,0.04013580858264281,0.03636516997884083,0.026754456954982925,-0.05053822883693737,0.27176259681206005,-0.05635401813289276,-0.1997864991426468,0.14651471376419065,-0.2750222384929657,-5.056102067398303,0.049933069072209346,25.451044857821028,0.2939411782306909,-0.15629350274707343,0.19113901474640793,0.0010937070001091342,1
2.466111421585083,0.3333973288536072,-0.040193747729063034,0.6860716938972473,0.05147414353228403,0.042341366126824154,0.021375722957320223,-0.05316215403732549,0.2726004086625,-0.06005085693312795,-0.09246645867824554,0.012841477058827851,-0.2122805267572403,-5.131716187290188,-0.0005032522842406545,25.459603166772432,0.24233228796166054,-0.08874157414823235,0.16512516229826646,0.0010060499989776872,1
2.476106643676758,0.33633655309677124,-0.04018443450331688,0.6862618327140808,0.061703738878690614,0.05315440468322184,0.02177360302516464,-0.05304918598859443,0.2719650273144749,-0.061616248129905404,0.05268381908535957,-0.12033195048570634,-0.13483648002147672,-5.1952367459299476,-0.048581202068275244,25.45456989142376,0.161130068454914,-0.015966128353739853,0.1308763183044864,0.0010035359991888981,1
2.4861161708831787,0.33937087655067444,-0.040087904781103134,0.6864287853240967,0.07363100395053862,0.05983640958385831,0.01633197021596677,-0.05182885041912577,0.27021892152320515,-0.06243388809650874,0.15310713648796082,-0.2033374160528183,-0.07568877935409543,-5.277584815764621,-0.09106449514249171,25.46501607556497,0.1006094885251185,0.03373427217769327,0.10145925001841422,0.0009496160018898081,1
2.496119737625122,0.3457413911819458,-0.03963541239500046,0.6865034103393555,0.09364005932250404,0.07078471691160312,0.0021977844496444757,-0.04945559417071932,0.26767287053443,-0.06274255446545407,0.2795438766479492,-0.31241169571876526,-0.016072707250714264,-5.42325420022355,-0.1448655306074905,25.500443153981593,0.023318215351419105,0.09859129639542935,0.07195024288229811,0.0010470500019437168,1
2.5061087608337402,0.3490408658981323,-0.03929315134882927,0.6864108443260193,0.10249250381288035,0.07994860392588846,-0.0024785312480961864,-0.04359971408832708,0.2625668718686818,-0.06186068841810766,0.4085247814655304,-0.3964167535305023,0.06837300956249241,-5.540542485559009,-0.18690537340508306,25.516142141903785,-0.0685877831289948,0.16043860146735595,0.0318890260623054,0.001029309001751244,1
2.5162129402160645,0.35241809487342834,-0.03887530043721199,0.6862359046936035,0.11145010584186485,0.08327620462664155,-0.013851043449901899,-0.03829728536060184,0.2583146513775172,-0.0606213132978346,0.4908103048801422,-0.45067036151885986,0.10863284766674047,-5.609294996521208,-0.21209111136173556,25.516754632442566,-0.06962978863187114,0.16150417840138087,0.023739648345828084,0.001147977000073297,1
2.5261900424957275,0.3558359444141388,-0.0383683443069458,0.6859346032142639,0.11806749560115141,0.08825366213720756,-0.016749316174142482,-0.03227815566998693,0.2536802978934851,-0.058909983199990634,0.593244194984436,-0.5208985209465027,0.1755786389112473,-5.729361574315473,-0.22659414506946976,25.557493332381046,-0.2011139126258009,0.2500663129965206,-0.022970855584121833,0.0011857619974762201,1
2.536823272705078,0.3593059778213501,-0.0377667210996151,0.6855408549308777,0.12676387956676402,0.09162923611091557,-0.027051683424219018,-0.025087340823543247,0.24838041483519246,-0.056597406286849505,0.6730696558952332,-0.5667392015457153,0.2222272753715516,-5.800679604185933,-0.23721045449774006,25.561758965791558,-0.210495855636799,0.25729048850809916,-0.03290163438306404,0.0010011619997385424,1
2.546215772628784,0.3628230094909668,-0.037123553454875946,0.6850509643554688,0.13276806427139118,0.09486924067058111,-0.03384006225022703,-0.017174780381008947,0.24270343496388058,-0.053913006277471975,0.7467889785766602,-0.6066833734512329,0.26774454116821295,-5.894233377230504,-0.24031876155990275,25.59256834339486,-0.27817918360556443,0.2990284982351935,-0.05592374055576227,0.0035180349987058435,1
2.5561835765838623,0.3628230094909668,-0.037123553454875946,0.6850509643554688,0.13276806427139118,0.09486924067058111,-0.03384006225022703,-0.017174780381008947,0.24270343496388058,-0.053913006277471975,0.7467889785766602,-0.6066833734512329,0.26774454116821295,-5.984285170877231,-0.23505495679059799,25.61801711212051,-0.345746011086823,0.3396479545814053,-0.0814050096451373,0.0008335330021509435,1
2.5661065578460693,0.36636120080947876,-0.03645242005586624,0.684505045413971,0.1356496213964656,0.09659946702661458,-0.0389817807491439,-0.008683219826659538,0.23678867990235508,-0.050918420793046426,0.7806933522224426,-0.6266258358955383,0.2992889881134034,-6.061748486680089,-0.22150690635997242,25.638995686396,-0.39374985330047135,0.37076798492944096,-0.10213482245789597,0.0010488660009286832,1
2.5761072635650635,0.3698882758617401,-0.035715896636247635,0.6838878393173218,0.14133278907513736,0.09853213947726035,-0.04262232816467101,0.0046355162055293775,0.22733716147976235,-0.04575576372538448,0.8184758424758911,-0.6553714871406555,0.3477964103221894,-6.129661593828079,-0.19123974240865582,25.657844047563337,-0.4600812671784344,0.4184977408076781,-0.13045398125552296,0.0010575269989203662,1
2.5861079692840576,0.37694746255874634,-0.03418298810720444,0.6824994683265686,0.14406891043856968,0.09704826711032587,-0.048586983143991645,0.013860547260015732,0.22076129381601373,-0.041990121171752826,0.8451204895973206,-0.6673280000686646,0.37877061963081365,-6.207761477453535,-0.15512088552074962,25.681361731149906,-0.5068061942493302,0.4476081706367405,-0.15214764789416257,0.0010684919980121776,1
2.5961101055145264,0.38041675090789795,-0.0333431102335453,0.6818002462387085,0.14603799479482718,0.09564150091595426,-0.049275829482266546,0.032452588238448765,0.20717027310595526,-0.0340629531944634,0.8501242995262146,-0.697782039642334,0.4331111013889314,-6.253539618615541,-0.1334875980393887,25.68373130948051,-0.5073817290419764,0.44793759092854357,-0.15651191101872844,0.0013347429994610138,1
2.606109619140625,0.38041675090789795,-0.0333431102335453,0.6818002462387085,0.14603799479482718,0.09564150091595426,-0.049275829482266546,0.032452588238448765,0.20717027310595526,-0.0340629531944634,0.8501242995262146,-0.697782039642334,0.4331111013889314,-6.281282946825497,-0.07587565896294482,25.69681714777476,-0.5733779480681983,0.511106595483433,-0.1859677117772124,0.0010327320014766883,1
2.6161088943481445,0.3838540315628052,-0.032543160021305084,0.681073784828186,0.1435650731757284,0.09193300446265039,-0.0491641696658228,0.041639159622898436,0.20036122999119277,-0.02989727360636696,0.8263180255889893,-0.6972513794898987,0.4358721971511842,-6.295685549679545,-0.01598307698749938,25.703585450989667,-0.5925744036934627,0.534944699840598,-0.19746344027964355,0.0010808549995999783,1
2.6261086463928223,0.3872027099132538,-0.031721655279397964,0.6804021000862122,0.1422460067527437,0.08954198645536643,-0.04435403587165547,0.05464816019845653,0.1898443702304542,-0.023694455079609877,0.7661047577857971,-0.6810773611068726,0.44557568430900585,-6.291008113607885,0.04735444695341542,25.698323943403363,-0.6044599999139849,0.5625445008629961,-0.20931374309922907,0.0010808549995999783,1
2.6361100673675537,0.39051565527915955,-0.030945319682359695,0.6797376275062561,0.13826581757036854,0.08353755623328629,-0.04355153267594859,0.06254905452329762,0.18312582664415222,-0.01954246716237318,0.6847549080848694,-0.6571968197822571,0.44736087322235113,-6.282386926652453,0.1103706851906604,25.699952503431902,-0.5884924325899589,0.5732348965789836,-0.2157740036812584,0.0010464910010341555,1
2.6461102962493896,0.39375096559524536,-0.030215293169021606,0.6791223883628845,0.1348965015553753,0.07974750550496032,-0.03613337971838021,0.06986179471318188,0.17634922021536914,-0.015509945988950058,0.6219874024391174,-0.6458585262298584,0.43576410412788397,-6.2583512102741645,0.16264662732468527,25.683074320780992,-0.5789218429129644,0.5899597819416331,-0.21648808842758446,0.001005981001071632,1
2.6561100482940674,0.39691442251205444,-0.029538359493017197,0.6785346865653992,0.13018031381820444,0.07232694330836151,-0.037614625902456976,0.06986179471318188,0.17634922021536914,-0.015509945988950058,0.6219874024391174,-0.6458585262298584,0.43576410412788397,-6.247118861396457,0.209854822534354,25.684900019899278,-0.5794748443345035,0.5905560373879198,-0.2168007318090222,0.0010627650008245837,1
2.666119337081909,0.4027983546257019,-0.028293391689658165,0.6775209307670593,0.11649589210856516,0.05668909482857566,-0.029105844792544577,0.08164152001174863,0.1637206636691757,-0.007899353624460925,0.4567715525627136,-0.5805175304412842,0.4137557446956635,-6.200886217552533,0.2841605869954006,25.668480381521928,-0.5320929202001902,0.5923638179267958,-0.21451981086422867,0.0010131050003110431,1
2.6761224269866943,0.4055545926094055,-0.027778780087828636,0.6770681142807007,0.10722910590295352,0.04940748968579469,-0.023636483307187605,0.08805594527750227,0.1552873593390256,-0.002686813618637096,0.3431941866874695,-0.5251283049583435,0.3882869482040406,-6.173156851857313,0.3289958217588767,25.666088555489985,-0.5312916832585636,0.5926364401962257,-0.21423009782029162,0.0012370289987302385,1
2.6861603260040283,0.4081401228904724,-0.0273189228028059,0.676703929901123,0.10046436614508858,0.04035631950941622,-0.02117128552068619,0.09096649217487318,0.15010780657468725,0.0006214725097941631,0.22699597477912903,-0.47930619120597834,0.36798149347305303,-6.111263263023712,0.3987836775093554,25.650107886429087,-0.43657979314814316,0.5707023000784832,-0.2013623850043438,0.0011009009976987727,1
2.696110248565674,0.41061049699783325,-0.026946818456053734,0.676336944103241,0.08976782828990111,0.031461004336040314,-0.019192811947764888,0.09272610631036082,0.14572877811745055,0.003707539989230124,0.11522187292575836,-0.4100466072559356,0.34626477956771856,-6.074773494088842,0.439855446473812,25.6479542702951,-0.437104756044837,0.5729036350106448,-0.20039036127582566,0.001080296999134589,1
2.7061080932617188,0.4128703474998474,-0.026640329509973526,0.6760507225990295,0.07870593663926397,0.023681627607926182,-0.014871329166787763,0.09331646712777042,0.14025796374591426,0.007985152506670978,-0.022946486249566078,-0.3239950537681579,0.3100829720497132,-6.0311725839103545,0.48280943864483944,25.643664263514417,-0.38346512042211633,0.546946397464703,-0.19342006537203646,0.0013598869991255924,1
2.7161197662353516,0.4128703474998474,-0.026640329509973526,0.6760507225990295,0.07870593663926397,0.023681627607926182,-0.014871329166787763,0.09331646712777042,0.14025796374591426,0.007985152506670978,-0.022946486249566078,-0.3239950537681579,0.3100829720497132,-5.977490264075862,0.5206125043640226,25.632337709414163,-0.31120130581265615,0.5142385305341592,-0.18036253816203884,0.0010941949985863175,1
2.7261099815368652,0.4149940013885498,-0.02642970345914364,0.6757640242576599,0.0667432542761548,0.01358261825071125,-0.01784385837914101,0.09292416276234361,0.13881507325867748,0.009301302956870039,-0.11876137554645538,-0.26898697018623346,0.2894017398357392,-5.929874083503228,0.5647148501326451,25.63992429534083,-0.2590809780716771,0.4889456133531085,-0.17009379333644514,0.0010189720014750492,1
2.736206293106079,0.41688981652259827,-0.02630418725311756,0.6755248308181763,0.05595125613900794,0.005127682484116139,-0.013852730871374525,0.09025089262923913,0.13542856116115987,0.013134873038797235,-0.2621820271015167,-0.15330852568149564,0.2562010586261749,-5.87821521045668,0.5998404907655218,25.629230762190872,-0.17528885197344787,0.4352995272568427,-0.15603116397998773,0.0015663500016671605,1
2.7462332248687744,0.4185963273048401,-0.0262640081346035,0.675301194190979,0.04640108685349701,-0.004765546616093127,-0.02091679230554308,0.0871030263643573,0.13434463163280785,0.015360757666003977,-0.3419952094554901,-0.08405655622482297,0.23100599646568298,-5.843405227841169,0.6456073759250036,25.648669168273674,-0.12359317166199385,0.40118227658988065,-0.1439496704833957,0.0009559019999869633,1
2.756359815597534,0.42014721035957336,-0.026292577385902405,0.6750419735908508,0.03250461032201343,-0.009451776442858486,-0.019673536269118344,0.08313932959709724,0.13387463097483776,0.017591480361359935,-0.45039933919906616,0.004089805763214853,0.21345852315425873,-5.796904992977133,0.6736652520932545,25.647569729531988,-0.05298927581619878,0.3556912210968702,-0.13415016687104372,0.00255633599954308,1
2.7661564350128174,0.42147380113601685,-0.026393182575702667,0.6748005747795105,0.020603449687724474,-0.016919448749393048,-0.02613706734973368,0.07807252030068179,0.13433631805266089,0.01957935094194152,-0.5566207766532898,0.09174434840679171,0.19105638563632965,-5.760624210191624,0.7031507997844438,25.666170440990882,0.02085258989151513,0.3082115003841257,-0.12281709680172173,0.0008260600006906316,1
2.776108503341675,0.4235736131668091,-0.026810914278030396,0.6742121577262878,-0.004293493744292473,-0.03033692909276384,-0.03358174880088888,0.06901239773416012,0.1367198131903642,0.022453217569257333,-0.6573413014411926,0.21034531295299533,0.16890798509120938,-5.707353477055175,0.7434988036569736,25.690596191259942,0.09305767443154822,0.2418208447622327,-0.1091529701941877,0.0010274230007780716,1
2.7861111164093018,0.4242810904979706,-0.02712114341557026,0.6739277839660645,-0.015043259324622069,-0.033289558912866744,-0.03657790638985486,0.06197541537378193,0.13937453775496333,0.024268880150497107,-0.7241672873497009,0.28150346875190735,0.16336624324321744,-5.66529215904391,0.7682224145082202,25.70274716299418,0.16485671589253925,0.1962832115900673,-0.10431112232732245,0.0010081469990836922,1
2.7961065769195557,0.4248400032520294,-0.02746530808508396,0.6736269593238831,-0.02856905646026529,-0.03868923315247486,-0.03936846515393968,0.054373943507789235,0.14267602726068818,0.02607801478322802,-0.7963062524795532,0.37019625306129456,0.15322731435298914,-5.624625211142851,0.7837551145076705,25.71243072549429,0.21973239424122354,0.14284423923815218,-0.09673547322564888,0.001101529000152368,1
2.8061153888702393,0.4248400032520294,-0.02746530808508396,0.6736269593238831,-0.02856905646026529,-0.03868923315247486,-0.03936846515393968,0.054373943507789235,0.14267602726068818,0.02607801478322802,-0.7963062524795532,0.37019625306129456,0.15322731435298914,-5.600222277311093,0.7949949740671483,25.714362086121334,0.23044726862475107,0.14067837100794683,-0.09640897826980986,0.0010377600010542665,1
2.8161027431488037,0.4254157841205597,-0.028259221464395523,0.6730130314826965,-0.048906538843294566,-0.043238788841221794,-0.0432926674528728,0.037758078746381596,0.1514034639038111,0.029710605053970163,-0.875810444355011,0.5024436116218567,0.15875223278999323,-5.571795477560972,0.7911797412496266,25.711212334085673,0.288057145743797,0.08504276158275931,-0.09595463532100983,0.001089864999812562,1
2.826106309890747,0.4254157841205597,-0.028259221464395523,0.6730130314826965,-0.048906538843294566,-0.043238788841221794,-0.0432926674528728,0.037758078746381596,0.1514034639038111,0.029710605053970163,-0.875810444355011,0.5024436116218567,0.15875223278999323,-5.5509683716393425,0.7911373018681799,25.72499388951389,0.3293635179608707,0.04970554206396166,-0.09464769107195531,0.001066187000105856,1
2.8361048698425293,0.4253697991371155,-0.028724266216158867,0.6727344393730164,-0.06331369300025638,-0.04331921418505985,-0.04166103114343638,0.024727264860906928,0.1596531865588231,0.032455229732217816,-0.8963634967803955,0.5766249299049377,0.16202136874198905,-5.519174827182575,0.7758690276681686,25.721421609783786,0.3851229313200113,-0.009627832908645502,-0.09322303720386968,0.0010731719994510058,1
2.8461127281188965,0.42515644431114197,-0.029173806309700012,0.6724904179573059,-0.07590774468327233,-0.042952731371833,-0.038227307851757215,0.015864253894117386,0.16555063676327064,0.034331004665798304,-0.9206355214118958,0.622275173664093,0.17292809486389152,-5.475245053520738,0.755351813313215,25.711170167871227,0.42871632419640954,-0.04958023025106981,-0.09532737915325001,0.001102296999306418,1
2.8561034202575684,0.4247242510318756,-0.029638567939400673,0.6723131537437439,-0.08482980008640242,-0.039862051827094395,-0.03590926418448629,0.006956731178240805,0.1718125434138864,0.03625463744560431,-0.9167036414146423,0.6475443243980408,0.18182753026485435,-5.433436646387346,0.7280237843111507,25.70327083154759,0.4575858564761157,-0.08063416325429691,-0.09775401700382624,0.001135195001552347,1
2.8661155700683594,0.42416709661483765,-0.030085157603025436,0.6721372008323669,-0.0954069121382945,-0.04041508571247312,-0.03786047611525459,-0.0016567208208857487,0.17841499530140936,0.03817693636058328,-0.8789063096046448,0.6606703400611877,0.18881776928901664,-5.396157157249024,0.7083366716098055,25.708802629925366,0.4669804716229471,-0.10733752773594965,-0.10009880723659473,0.0011365909995220136,1
2.8761091232299805,0.423399418592453,-0.030533166602253914,0.6719825863838196,-0.10650600538122779,-0.03524591105224816,-0.03375218478726829,-0.009690691410715324,0.18497496263745505,0.04024516828856006,-0.8347473740577698,0.6742395758628845,0.2048117518424987,-5.347155691180274,0.6812540484719464,25.69831437784643,0.4708184174012115,-0.13638929182813012,-0.10592924095051344,0.0010661179985618219,1
2.886117696762085,0.42149001359939575,-0.03127491846680641,0.671737015247345,-0.12268356226087465,-0.025378407745309937,-0.03403206235997275,-0.020820711472193665,0.19484301777142843,0.04354188179208185,-0.761415958404541,0.6691780090332031,0.22457073628902427,-5.288282560489388,0.638413380788635,25.699332292631944,0.46986403955544886,-0.16630655374551562,-0.11419782986304135,0.0010483769983693492,1
2.8961074352264404,0.420366108417511,-0.03157905861735344,0.6716150641441345,-0.1322253349478168,-0.02257786965315599,-0.03227726025611056,-0.027289483249251845,0.201414261919461,0.04580834753369123,-0.6641930341720581,0.6584972143173218,0.23838244378566734,-5.232647601474699,0.6075217333987434,25.69533517900286,0.43156845206852906,-0.1740484367156671,-0.12068910839057251,0.0010826710022229236,1
2.9061098098754883,0.4190508723258972,-0.03185589984059334,0.6715356707572937,-0.13977175959592833,-0.016501207347312995,-0.027288075685173392,-0.032746973231910115,0.20782908675570289,0.04834662037860271,-0.5881662964820862,0.6484798789024353,0.26589211821556086,-5.17435777724768,0.5793098545728468,25.680716876271994,0.4096296034212813,-0.19041229403515642,-0.13297665991754382,0.0010842080009751953,1
2.916107416152954,0.41764241456985474,-0.032060835510492325,0.6714766025543213,-0.1453691573908035,-0.00827699625464664,-0.02706233417569426,-0.037275402719583184,0.21401200074041737,0.051005607098274286,-0.4769330322742462,0.610690176486969,0.27659529447555536,-5.138982215349007,0.5633626546665421,25.6794393008831,0.4162790242111928,-0.1992342620265565,-0.13701534393055442,0.0010674450022634119,1
2.926114559173584,0.416108638048172,-0.0322142019867897,0.6714023947715759,-0.1501305701508978,-0.0034796659107191098,-0.02813169186901385,-0.040902641399955364,0.2198316743820281,0.053640113255369215,-0.3908887505531311,0.5804498195648193,0.28168281912803644,-5.105718731587352,0.5406420204278076,25.678620359525542,0.37273696824302044,-0.19956025425666235,-0.14353240900418293,0.0010556410015851725,1
2.9361889362335205,0.416108638048172,-0.0322142019867897,0.6714023947715759,-0.1501305701508978,-0.0034796659107191098,-0.02813169186901385,-0.040902641399955364,0.2198316743820281,0.053640113255369215,-0.3908887505531311,0.5804498195648193,0.28168281912803644,-5.078302437527812,0.5203735832750549,25.68175711771778,0.33872159824654363,-0.20282843341698886,-0.14870018395947807,0.0011676020003505982,1
2.9464097023010254,0.4144848585128784,-0.032318517565727234,0.67132568359375,-0.15794512641501463,0.003023660927944974,-0.02611931154994025,-0.04402964846805846,0.22775613270736317,0.05818163802633913,-0.24496793746948242,0.52280592918396,0.31927201151847834,-5.039375196833753,0.5072952667141479,25.675937080462436,0.269860825962104,-0.19812098194375216,-0.16720887189565992,0.0037268019987095613,1
2.9563019275665283,0.41274696588516235,-0.03236053138971329,0.6712419986724854,-0.16143612567672014,0.010306007928593184,-0.025801065532287656,-0.04473316140281636,0.23231399828351096,0.061181774307701,-0.10862260311841965,0.45276826620101934,0.31180506944656367,-5.00248718053063,0.494661367945855,25.673935167129763,0.19979051140473741,-0.17559058109758885,-0.17215306468261254,0.000975319002463948,1
2.96610689163208,0.41095009446144104,-0.03232941776514053,0.6711474657058716,-0.16441999381365338,0.01850336952653616,-0.02675047065860975,-0.04473316140281636,0.23231399828351096,0.061181774307701,-0.10862260311841965,0.45276826620101934,0.31180506944656367,-4.971142330119593,0.46480406091240034,25.677653278096066,0.19956251735336913,-0.17538493503267272,-0.173300296657202,0.0008741140009078663,1
2.9761033058166504,0.4090936481952667,-0.03223640099167824,0.6710577607154846,-0.1679997297677216,0.022133632265047092,-0.025981217485635377,-0.04245085331104015,0.23999693342224493,0.06782636976115963,0.12314871698617935,0.3393631577491761,0.342095673084259,-4.936238686190152,0.468724692561177,25.674300208047384,0.06740120845475595,-0.1394324938782121,-0.19224811252402974,0.001065000000380678,1
2.9861083030700684,0.40520355105400085,-0.031863983720541,0.6708934307098389,-0.17118138129320293,0.03516560618691685,-0.02925829819568931,-0.03774196163986998,0.2440533232375386,0.07293652283480956,0.25916481018066406,0.2609264552593232,0.33778619766235346,-4.904057779034963,0.45771847637043156,25.683153619474243,-0.02106474045067991,-0.11019232641626059,-0.2010804288777381,0.00102881999919191,1
2.996109962463379,0.40318840742111206,-0.03160092234611511,0.670768678188324,-0.1757628027773307,0.04024546086162937,-0.028513567305217036,-0.03557285362764517,0.24521592894419308,0.074645694510445,0.3609825372695923,0.20921643078327182,0.3394983112812042,-4.863039946501744,0.4489532265366319,25.683239595422034,-0.08311808693489495,-0.08559793936541334,-0.20669781724978764,0.0010627649971866049,1
3.0061182975769043,0.40112683176994324,-0.031288083642721176,0.6706508994102478,-0.17661842759160726,0.04396582978617155,-0.030435272604605927,-0.02749512192043868,0.24733949163022428,0.07982128202928784,0.4915044903755188,0.12530265748500827,0.32998985052108765,-4.8314013620632155,0.46135716912398655,25.688720501850828,-0.16901062909736997,-0.04441556164517059,-0.20970405509766443,0.00101799399999436,1
3.016111373901367,0.39903122186660767,-0.030934108421206474,0.6704925894737244,-0.17720428145118883,0.049355342152208645,-0.035161429599221555,-0.02090258221685204,0.24794446729190467,0.08306062822997973,0.6042916774749756,0.051220282912254375,0.31442704796791077,-4.812257793405874,0.46677769689583953,25.690073318420794,-0.18083026936808563,-0.046807638857101444,-0.2123941233180059,0.0010737310003605671,1
3.026109218597412,0.39690274000167847,-0.030549805611371994,0.670280396938324,-0.17988972471576042,0.04926549429955341,-0.041055323406186624,-0.01321534807171032,0.24780233376515604,0.08627588022477806,0.7183797359466553,-0.028044927865266762,0.3017493188381195,-4.796089066504061,0.49741375429619306,25.722315824925914,-0.3363928467993265,0.03463306669720166,-0.2122066890458748,0.0010365729976911098,1
3.0361154079437256,0.39690274000167847,-0.030549805611371994,0.670280396938324,-0.17988972471576042,0.04926549429955341,-0.041055323406186624,-0.01321534807171032,0.24780233376515604,0.08627588022477806,0.7183797359466553,-0.028044927865266762,0.3017493188381195,-4.785903911460275,0.5136590817514561,25.727256820916754,-0.34881757206614744,0.0354077889323475,-0.21302548981135813,0.001038389000314055,1
3.046109914779663,0.39472436904907227,-0.030144691467285156,0.6700458526611328,-0.18062377081215417,0.05488610433292643,-0.040384752738419974,-0.004549195288192642,0.2468971109613336,0.08923716968360562,0.8152139186859131,-0.09518452733755109,0.27519574761390686,-4.762585811350676,0.5304171416327019,25.726876689649757,-0.42711935818012925,0.07493397126348278,-0.20836683497771522,0.0010403449996374547,1
3.056105613708496,0.3925333619117737,-0.02970455214381218,0.6697808504104614,-0.18071010736834972,0.05531171288823817,-0.04607072345196116,0.009235363045495326,0.24439415066187786,0.093194878062822,0.8669221997261047,-0.1627201586961746,0.24373845756053927,-4.746944621513823,0.5664033772785011,25.745280116708322,-0.5001469835736889,0.11982176497617275,-0.20193494134590625,0.0010865819967875723,1
3.066112756729126,0.3903829753398895,-0.029253795742988586,0.6693980693817139,-0.1867692630849694,0.05075441852217547,-0.04975208122804315,0.018925137195341613,0.2420123716474718,0.09523830167791614,0.9131011962890625,-0.21892082691192624,0.1983345448970795,-4.716235665856664,0.6160895305977229,25.76169444884453,-0.5561796805606248,0.15879968944782186,-0.18838282732854378,0.001130584001657553,1
3.0761070251464844,0.3882007598876953,-0.0288156159222126,0.669013261795044,-0.18416768437759257,0.052262848092870566,-0.050816049957057144,0.028843100083839612,0.23893108613702374,0.09686769449783528,0.9520437717437744,-0.29202336072921753,0.15860591828823092,-4.688683738992064,0.6604403058141396,25.768943731270866,-0.608524096419509,0.20806930384231054,-0.17493556217925527,0.0011773110018111765,1
3.0861032009124756,0.3860864043235779,-0.028343932703137398,0.6685492396354675,-0.1857620634927392,0.050709238905840046,-0.054688576953555834,0.0385638195345428,0.23555877092171196,0.09803749216061286,0.9521673321723938,-0.34570053219795227,0.10533470660448079,-4.661318892321957,0.7054253941413084,25.784007616157673,-0.6395636942614419,0.24824356395518565,-0.15596745494220535,0.0010957319973385893,1
3.0961081981658936,0.38179874420166016,-0.02747136913239956,0.6675837635993958,-0.18991109943978776,0.04444981034777963,-0.05574596486450585,0.05299716856607439,0.22919843339737422,0.0984949500170651,0.9518457651138306,-0.41999977827072144,0.037098437547683764,-4.605284219878884,0.7653536556999416,25.794304297961993,-0.6856747765254672,0.3092739071536175,-0.13144167423759046,0.0011901619982381817,1
3.1061134338378906,0.3796374797821045,-0.027075283229351044,0.6670917868614197,-0.19139556664093682,0.03917456292067386,-0.055152531882768585,0.05762022508145259,0.22682573466903921,0.09844630636699447,0.9370104074478149,-0.46678727865219116,0.005013002548366842,-4.550539506212551,0.816966183516187,25.796313347092497,-0.6929049517924669,0.34271561533473993,-0.11596096438817369,0.00111521900180378,1
3.1161112785339355,0.3774440288543701,-0.02673761546611786,0.666587233543396,-0.19533303464412743,0.03351553762506578,-0.056012607782586994,0.07061660926713431,0.2192462068048826,0.09712991425598094,0.8636856079101562,-0.5141006708145142,-0.07825563848018639,-4.517997939519554,0.8481421607813048,25.796976056344405,-0.6930042015972508,0.3430191564468249,-0.11294057783113375,0.0013527629998861812,1
3.1261229515075684,0.3752075731754303,-0.02644462138414383,0.6661022901535034,-0.19603996011334884,0.03044082538083363,-0.052559947729187186,0.07836551039913964,0.21374180145814847,0.09543851721228247,0.7991346716880798,-0.5557180643081665,-0.13263693451881403,-4.435102264662296,0.8996014209612201,25.796521501525362,-0.6852028241080492,0.4323751316767298,-0.06530722288702323,0.0011173839993716683,1
3.136176824569702,0.3729483485221863,-0.02620217390358448,0.6656097173690796,-0.1989363290242868,0.023084475326557077,-0.05571312072900264,0.08507037002310591,0.20797256085168803,0.09309257677082394,0.7130225896835327,-0.5904247760772705,-0.19429013133049003,-4.3859993714224474,0.9309558661156812,25.797079877356563,-0.6851948179100595,0.43340706130935897,-0.05601120686707121,0.0012807519997295458,1
3.1461455821990967,0.37072643637657166,-0.026022378355264664,0.6651342511177063,-0.20319536354897694,0.015229545008738516,-0.05223019257124412,0.09358622982832543,0.19899483221978942,0.0882817750753575,0.6119414567947388,-0.6232785582542419,-0.2734000980854034,-4.335153389948259,0.9696740576908701,25.80965022558263,-0.6605608228306522,0.47040408654310506,-0.0315984582820657,0.004415824998432072,1
3.156477212905884,0.37072643637657166,-0.026022378355264664,0.6651342511177063,-0.20319536354897694,0.015229545008738516,-0.05223019257124412,0.09358622982832543,0.19899483221978942,0.0882817750753575,0.6119414567947388,-0.6232785582542419,-0.2734000980854034,-4.259575308936276,1.0072932545270354,25.805446944294395,-0.6298288180653132,0.5174402440925367,0.0023833223962785935,0.0009548540001560468,1
3.1661195755004883,0.36846351623535156,-0.025914328172802925,0.6646783351898193,-0.20611172928190838,0.009064746731602388,-0.05183733908742022,0.09579471976199327,0.19599397519198059,0.08628222832547205,0.5203403234481812,-0.6276344060897827,-0.33111521601676935,-4.1923475538829225,1.0366953090399869,25.805744149408838,-0.5859011882023007,0.5298937055289615,0.03105983111614989,0.0008670589995745104,1
3.1761035919189453,0.36616095900535583,-0.025858907029032707,0.6642323136329651,-0.20868036144950933,0.002720739595282093,-0.049171768578758115,0.10129268039571349,0.18683402065658594,0.07966450905766909,0.392962247133255,-0.6335994005203247,-0.3967504501342773,-4.115580316322574,1.05766805499399,25.801733195875766,-0.5323236193363563,0.5629851718606612,0.06361615667484594,0.001092799000616651,1
3.186110734939575,0.3638165295124054,-0.02589225582778454,0.6637763977050781,-0.21389435278610466,-0.007768145311185387,-0.05307342145313803,0.10323778966668495,0.18110382282562343,0.07439994168436348,0.254232794046402,-0.6185086369514466,-0.48050341010093683,-4.047031178059412,1.0850236785018441,25.815404137952626,-0.4621602382948625,0.5739353335561184,0.10418344683596967,0.0010660480002115946,1
3.1961071491241455,0.361409455537796,-0.0260104201734066,0.6633250117301941,-0.21913366052206304,-0.013614404816487935,-0.04833178299194193,0.10420620414897996,0.17550764586290057,0.06862907216664782,0.15433944761753082,-0.5935794711112977,-0.5154734253883361,-3.967374009356304,1.0973831531979734,25.80620702921992,-0.4111541230909447,0.5789849924474522,0.12922105443186413,0.0010822519980138168,1
3.206098794937134,0.3589641749858856,-0.02617904357612133,0.6628832817077637,-0.2199891067845716,-0.019193350830443445,-0.050885153567776634,0.1037059207732427,0.17043484562859934,0.062485836715000964,0.030866965651512146,-0.5530522465705873,-0.5578941106796264,-3.9082719867512665,1.1042107219540227,25.81460376421035,-0.3441552004670161,0.5717234860027254,0.15478447380891763,0.0010089839997817762,1
3.216109275817871,0.35419702529907227,-0.02678757905960083,0.662051796913147,-0.229510396929112,-0.03448427134895667,-0.05022005915983141,0.10072143761284424,0.16354722571342117,0.05223043363150248,-0.11327467113733292,-0.5163661241531373,-0.6390134096145629,-3.8217029588266582,1.117695234907994,25.81739699319999,-0.2598322957514714,0.5719682274227645,0.197330154531351,0.0010105210021720268,1
3.2261016368865967,0.3517535924911499,-0.027176449075341225,0.6616352796554565,-0.23412208262912737,-0.039101351108150634,-0.05063312839418864,0.09736329018890943,0.1596235745616239,0.04501514761842751,-0.22957442700862885,-0.45408099889755255,-0.6733169555664061,-3.7498745935407287,1.1149563511021552,25.8215257459198,-0.19030859506703007,0.5471107666589937,0.22182194990423243,0.0010332210003980435,1
3.236100912094116,0.3492577075958252,-0.027634384110569954,0.6612071990966797,-0.23922617757537382,-0.0465807619252859,-0.05133700166233297,0.09298486861617938,0.15638391573398014,0.03757663765783947,-0.3321937918663025,-0.38317257165908825,-0.703884482383728,-3.687515540404257,1.110021431875474,25.82642948483941,-0.12456785374509932,0.5183313039980131,0.24459154518691734,0.0010420909966342151,1
3.24611234664917,0.3492577075958252,-0.027634384110569954,0.6612071990966797,-0.23922617757537382,-0.0465807619252859,-0.05133700166233297,0.09298486861617938,0.15638391573398014,0.03757663765783947,-0.3321937918663025,-0.38317257165908825,-0.703884482383728,-3.649732386978815,1.1088839922444773,25.82778312098123,-0.12102696937026453,0.518454285325996,0.25219362541876755,0.0009973199994419701,1
3.2561025619506836,0.3442517817020416,-0.02872561104595661,0.6604032516479492,-0.2472525991383329,-0.05575021361400831,-0.05244073494152086,0.0778333165677374,0.15131352587241365,0.01811117366963444,-0.5635726451873779,-0.19825166463851937,-0.7533267736434937,-3.6150932467601318,1.0889229723745448,25.828293154484786,-0.04060997758223439,0.48362666689040124,0.2790019000130307,0.0010795279995363671,1
3.266112804412842,0.3442517817020416,-0.02872561104595661,0.6604032516479492,-0.2472525991383329,-0.05575021361400831,-0.05244073494152086,0.0778333165677374,0.15131352587241365,0.01811117366963444,-0.5635726451873779,-0.19825166463851937,-0.7533267736434937,-3.580998860028487,1.0582285986624258,25.835629639959183,0.04935054702245155,0.43563131710291847,0.29613342252289687,0.0010307070006092545,1
3.2761101722717285,0.3417268991470337,-0.02935742400586605,0.6600242257118225,-0.25183540636782353,-0.057164817922518665,-0.05070674401931559,0.07040024209321194,0.1505948510571291,0.010097330255423476,-0.6259841918945312,-0.12509816884994515,-0.7793224453926086,-3.5443605199579045,1.0185082178747469,25.83372368576707,0.10883323155812562,0.39878188610135046,0.3164005829249072,0.0010267949983244762,1
3.286120653152466,0.33917635679244995,-0.030001960694789886,0.6596510410308838,-0.25247758649387636,-0.060152381542090114,-0.05315944783510067,0.06178918052618698,0.150795033579731,0.0020100690427722334,-0.7412019371986389,-0.021731913089752294,-0.798060417175293,-3.5275226440853262,0.9740598995404943,25.84251017069804,0.19986556485885304,0.34435339222729094,0.33614951702947043,0.0010770830012916122,1
3.2961156368255615,0.3365989923477173,-0.030674763023853302,0.6592434048652649,-0.25718277718786986,-0.06253708879358412,-0.05234457016976924,0.05287162329807771,0.15170884213122715,-0.005799322179235844,-0.7877572774887085,0.06977512687444677,-0.7748371958732605,-3.507089402487271,0.9294759626221932,25.84343859185779,0.25489703418736,0.29432617853572174,0.33988303804214304,0.0010851859988179058,1
3.3061134815216064,0.3339829742908478,-0.03135931119322777,0.6588543653488159,-0.2608926298530904,-0.06270950264873565,-0.05146066327493373,0.04369360603244443,0.1532845216089811,-0.013626305644241832,-0.8047659397125244,0.14525295794010154,-0.779125452041626,-3.487069795760277,0.880923107101958,25.843068387295656,0.2959396710128834,0.251058383279427,0.3496584904733618,0.001031753999995999,1
3.316107749938965,0.32885468006134033,-0.03279591351747513,0.6581964492797852,-0.2602438635839307,-0.0573405204681913,-0.05231185567626037,0.02946438525165629,0.15722320640496346,-0.024927759539783878,-0.8380693197250366,0.25182756781578053,-0.7447537779808044,-3.4805491135370823,0.8080018828930335,25.8483056852039,0.36273227723759305,0.18656471407517772,0.3510384847536103,0.0010689119990274776,1
3.3261051177978516,0.32627639174461365,-0.033474065363407135,0.6578408479690552,-0.2629264895612576,-0.05341753672213855,-0.05271463565085828,0.019760741015430572,0.16098976135765186,-0.03206805984940475,-0.8607725501060486,0.35711607336997975,-0.709457516670227,-3.4801879050879143,0.7327777208404691,25.852042866941762,0.4085123028995936,0.12159488821711514,0.3463800114580992,0.0010513809975236654,1
3.3362021446228027,0.3236845135688782,-0.03412165120244026,0.6574694514274597,-0.264640390919959,-0.05283090465305339,-0.05625121640761114,0.010057229222143249,0.16539447601848645,-0.038936935509529036,-0.8617373704910278,0.4385222494602202,-0.6808887124061584,-3.491378468728187,0.6661070472899947,25.864709202267,0.44247656942565294,0.06638839301269023,0.3422190753142755,0.0012139099999330938,1
3.346367835998535,0.3211609721183777,-0.0347835049033165,0.6571316719055176,-0.2633053661924106,-0.04447630768016067,-0.057054250517892126,0.000707523635222973,0.17045934549049235,-0.04556896953037359,-0.8225758671760559,0.5197073221206664,-0.6416561007499696,-3.4974484976131266,0.6259348596341294,25.866199464071297,0.4420963198421129,0.06519330291423145,0.3410167361232965,0.001639547001104802,1
3.356147050857544,0.31866735219955444,-0.035367220640182495,0.6567597389221191,-0.26128772047085347,-0.03743562606625752,-0.06175200181392689,-0.012618479641579139,0.17917667957886563,-0.05454110347797503,-0.776055097579956,0.5932005047798156,-0.5740085244178773,-3.515863194719284,0.5646537042976599,25.869687396928413,0.4543577603285096,0.00874721408857699,0.33353483307052995,0.001270414999453351,1
3.3661341667175293,0.3162541091442108,-0.03590680658817291,0.6564030051231384,-0.25671860679691033,-0.02881075633719948,-0.061819647821985034,-0.016838314217946238,0.18220512197658545,-0.05741982266063239,-0.731421947479248,0.6238953471183776,-0.5434182882308961,-3.5591446605686348,0.4835416077323413,25.884908569555325,0.4754634245173972,-0.05689236966065981,0.316713029237379,0.0015605529988533817,1
3.376121759414673,0.3162541091442108,-0.03590680658817291,0.6564030051231384,-0.25671860679691033,-0.02881075633719948,-0.061819647821985034,-0.016838314217946238,0.18220512197658545,-0.05741982266063239,-0.731421947479248,0.6238953471183776,-0.5434182882308961,-3.5956068687258513,0.4093469672729324,25.886353257864066,0.4662865713509378,-0.08470677685748462,0.30463490327936577,0.0011312829992675688,1
3.3861145973205566,0.31388360261917114,-0.03637896850705147,0.6560030579566956,-0.2536906897777627,-0.0228690021163664,-0.06550979628264852,-0.028266652636201872,0.19214750593946262,-0.06510470504096322,-0.6380933523178101,0.6771135330200194,-0.4657383263111115,-3.6513786680142966,0.3304503769158585,25.89689350316329,0.4553960642583549,-0.14707367114357142,0.28146863118010595,0.002028165999945486,1
3.3961684703826904,0.3115348219871521,-0.0368206761777401,0.6556022763252258,-0.2509157971053555,-0.017174423755158486,-0.06719960128097692,-0.03480342804231107,0.19910988840361998,-0.06954691107921862,-0.5702187418937683,0.7045284509658813,-0.4128593206405641,-3.7041823114436765,0.2599040866405593,25.902198148955737,0.44079654753337116,-0.1863394649499528,0.2614152865714548,0.001028890001180116,1
3.406107187271118,0.3092139959335327,-0.03718313202261925,0.6551730632781982,-0.24777186040981158,-0.005620127963876658,-0.06747127297138725,-0.04049330103634796,0.206319172634839,-0.07354813887061473,-0.4877975881099701,0.7320410013198853,-0.35848239064216625,-3.75247051228976,0.1833777385043015,25.902128860833177,0.41603724368977796,-0.22630878939259874,0.24093010558327857,0.0010054919985122979,1
3.416107654571533,0.3047303557395935,-0.03759685531258583,0.6542754173278809,-0.2343211028087758,0.015251601709638915,-0.07026701971334982,-0.045324862862613724,0.21362351779910416,-0.07690385135017941,-0.38367760181427,0.7384963631629944,-0.2698082923889161,-3.817549921841299,0.08295937057916447,25.90708045247766,0.3758673690865993,-0.2565331005321032,0.2072666462822868,0.0010555709995969664,1
3.426100254058838,0.3026018738746643,-0.03767828270792961,0.6537832617759705,-0.22762443162877663,0.025817691084177846,-0.0749708987879086,-0.05033879592448942,0.22442102971041855,-0.0807912406902691,-0.24056972563266754,0.725874662399292,-0.20100679993629464,-3.8553793077115683,0.02253381686625073,25.90638822153248,0.37495170149895624,-0.2565629585831973,0.19991543333578315,0.0012073450016032439,1
3.436108112335205,0.30055099725723267,-0.03763123229146004,0.6532837748527527,-0.22041606997146615,0.03705512906520649,-0.07458404609607658,-0.052454439004245845,0.2314395639485407,-0.08256856702748916,-0.16539938747882843,0.6982495188713074,-0.12874865531921395,-3.942010438446653,-0.0700948045834652,25.913914549774532,0.27735172313544615,-0.28900015880818886,0.15045902889902635,0.0020234160001564305,1
3.4461276531219482,0.2985590994358063,-0.03750676289200783,0.6527748703956604,-0.21427604533406278,0.04352428345859243,-0.07192624515962877,-0.05343281322477855,0.23815515905744267,-0.08361764493636681,-0.04013719782233238,0.6466583013534546,-0.05591061338782318,-4.001192412308711,-0.13217979624535137,25.903488356282423,0.21249689298578728,-0.29411202105681744,0.11383916219909937,0.0008459659984509926,1
3.456102132797241,0.2966253161430359,-0.03729972615838051,0.6522722244262695,-0.20522150427630817,0.05274137170058271,-0.0720056721434933,-0.05296054367742098,0.24438480112885852,-0.08408163844358407,0.0680418536067009,0.6182162761688232,-0.00756689533591278,-4.035894265080684,-0.16959540797197858,25.90080373669927,0.21159183801960768,-0.2938540143961417,0.1059218566777785,0.0012829869992856402,1
3.466106653213501,0.294773668050766,-0.037003811448812485,0.6517816185951233,-0.19670771125794662,0.06373354955944217,-0.06635984954561175,-0.051282175162130184,0.2504109382908002,-0.08384453837308792,0.1866762936115265,0.5694636702537537,0.07282378524541848,-4.086705287119917,-0.21674211644793978,25.878390563059916,0.0810544446615448,-0.28812992871350707,0.05511652420440876,0.0010111489973496646,1
3.4761030673980713,0.294773668050766,-0.037003811448812485,0.6517816185951233,-0.19670771125794662,0.06373354955944217,-0.06635984954561175,-0.051282175162130184,0.2504109382908002,-0.08384453837308792,0.1866762936115265,0.5694636702537537,0.07282378524541848,-4.115552198220038,-0.2462824238987504,25.874157475062653,0.07722383548611683,-0.2956189202707938,0.0440772327257434,0.0010202289995504543,1
3.486107110977173,0.29296600818634033,-0.03659284859895706,0.6512898802757263,-0.1840560436522246,0.07220783835738581,-0.06803233899763213,-0.048529443095082225,0.2556534215828594,-0.0829585073777328,0.27904820442199707,0.48686638474464417,0.1296569555997848,-4.16318049384326,-0.2744175040929632,25.874660167531985,0.01628141619341287,-0.27046664234783085,0.019197341753649202,0.001002279001113493,1
3.4961040019989014,0.2912614941596985,-0.036114733666181564,0.6507965326309204,-0.17577807625666392,0.07832730613420417,-0.0638875793024845,-0.042678189192178806,0.2623098990874464,-0.08054553859730129,0.3798336982727051,0.3930850923061371,0.18956498801708216,-4.1977876784038015,-0.2845281167399206,25.85947605883593,-0.06106980892545296,-0.2426930244648497,-0.011806984276317226,0.0010202990015386604,1
3.5061044692993164,0.2896427512168884,-0.035575855523347855,0.6503589153289795,-0.167703583844053,0.08419784160949217,-0.058866765256324026,-0.03745364527906547,0.2655789063401781,-0.07818635387469586,0.4726119935512543,0.30494356155395513,0.23936881124973294,-4.214999818179443,-0.28619910157558226,25.840307277196356,-0.13135477692005063,-0.20641398831956156,-0.040173726170360816,0.0010182739970332477,1
3.5161328315734863,0.2881303131580353,-0.03498087450861931,0.6499528288841248,-0.15448847434998814,0.08971450550983162,-0.05650668678972928,-0.03118767726270999,0.26793465671821215,-0.07531352406531733,0.5586334466934204,0.19421736896038058,0.29204994440078735,-4.238511120806272,-0.28266633546422726,25.82769014123372,-0.20143352721030583,-0.15543178088150253,-0.06938820678238022,0.0010124069995072205,1
3.5261240005493164,0.28671056032180786,-0.034305915236473083,0.6495370864868164,-0.14415448916329524,0.09564704483362273,-0.05655570930641752,-0.024193298279311826,0.26941398389538307,-0.07192987253968397,0.6307937502861023,0.1087642684578896,0.3365609347820282,-4.266979562126131,-0.27738768440249295,25.82393629937527,-0.26604214052816133,-0.11450014948627137,-0.0962725774825628,0.0010203689998888876,1
3.536208152770996,0.28408536314964294,-0.03280486539006233,0.648729681968689,-0.12363795970669526,0.10183990857845716,-0.050892501080552294,-0.01224974936116574,0.26985185278818546,-0.06596573313389431,0.7056711912155151,-0.018601175397634458,0.3939741849899292,-4.296347835709436,-0.25998476068803617,25.803850812385054,-0.33351379094304334,-0.04792916913242917,-0.1278373345206334,0.0011863210020237602,1
3.5463287830352783,0.2828923761844635,-0.0320046991109848,0.6483181118965149,-0.11513198911046328,0.10209712383824315,-0.05272294963618958,-0.0036460585987083682,0.2689559697710884,-0.06147462746036059,0.7469549775123596,-0.09931952506303782,0.4234268367290497,-4.326698000841522,-0.23683814025350272,25.80538564054452,-0.4018557217944086,-0.0011605845895806405,-0.15247186081689018,0.001992056000744924,1
3.556452512741089,0.28178802132606506,-0.031201712787151337,0.6479107737541199,-0.10544803768529194,0.10262701716053364,-0.05100060745789579,0.005326083869897413,0.2672528255332143,-0.05671270233918824,0.7656770944595337,-0.18639171123504633,0.454982191324234,-4.348537088283941,-0.203932471668623,25.799733409720208,-0.43238916268462835,0.04883163267567144,-0.17237468871881279,0.0018502700004319195,1
3.5661234855651855,0.28178802132606506,-0.031201712787151337,0.6479107737541199,-0.10544803768529194,0.10262701716053364,-0.05100060745789579,0.005326083869897413,0.2672528255332143,-0.05671270233918824,0.7656770944595337,-0.18639171123504633,0.454982191324234,-4.361326343242972,-0.1871919463992793,25.798466431552903,-0.4444133811429991,0.05208552991882086,-0.17837627127511752,0.0011644600017461926,1
3.5761356353759766,0.2798427641391754,-0.029601816087961197,0.647095263004303,-0.08765956793617104,0.09957504311030142,-0.05169072563955907,0.02356598239040064,0.2613036471603607,-0.046550884991728214,0.7878669500350952,-0.35251700878143305,0.5061120986938477,-4.375022721544088,-0.15956661599859617,25.8015474762723,-0.4810738526146843,0.1103014186868922,-0.19541717664920996,0.0011743780014512595,1
3.586109161376953,0.2798427641391754,-0.029601816087961197,0.647095263004303,-0.08765956793617104,0.09957504311030142,-0.05169072563955907,0.02356598239040064,0.2613036471603607,-0.046550884991728214,0.7878669500350952,-0.35251700878143305,0.5061120986938477,-4.391130638536929,-0.11733056275127218,25.800750011747674,-0.5193657603628044,0.1614432890825323,-0.21195574533803163,0.0010324529976060148,1
3.596100091934204,0.2790086567401886,-0.028851188719272614,0.6466484069824219,-0.07920877666745657,0.09520945722000747,-0.05721434467505001,0.03745114912343661,0.2549189194971859,-0.038544342281494615,0.7882046699523926,-0.4272306561470031,0.5254500508308411,-4.417156512447549,-0.04918060871419774,25.818277698573002,-0.5670594680222263,0.22354123293199352,-0.2304181535950602,0.0010831600011442788,1
3.6061041355133057,0.27813413739204407,-0.028076564893126488,0.6461853384971619,-0.07345888847607872,0.0939325622482522,-0.05204407175681593,0.04635994325466619,0.2498367191181874,-0.03317622674047094,0.7437821626663208,-0.48734444379806513,0.5358538627624513,-4.4146029274305345,0.00662743143635703,25.80669111498517,-0.5738016833585485,0.27365319052904913,-0.24248716292456488,0.0009892880007100757,1
3.6161131858825684,0.27732744812965393,-0.027339180931448936,0.6457277536392212,-0.0668028303499268,0.08680079931994215,-0.055503537288267596,0.05459087636484128,0.2443128839927171,-0.027791927558454166,0.6959898471832275,-0.5316255092620848,0.5486601591110231,-4.422763887154093,0.07325331141054814,25.816094819393268,-0.5768144267768062,0.31647249296104496,-0.25409219276517425,0.0010411130024294835,1
3.6261115074157715,0.27645498514175415,-0.026638664305210114,0.6452499628067017,-0.06309086848699283,0.07735775422424795,-0.05643869888409051,0.06251409243840733,0.23839686395277804,-0.02248395263537617,0.6473469138145447,-0.5693682432174682,0.5381738543510438,-4.4222786573727095,0.15024335986512577,25.821514543369908,-0.5773331722443655,0.35720530835577674,-0.25721908737760735,0.0010170860005018767,1
3.636106014251709,0.2748177647590637,-0.025439102202653885,0.6442877650260925,-0.055130967277020736,0.0664149529683406,-0.05421489202867889,0.07289278840672253,0.22885513410856317,-0.01478933577532393,0.5511133670806885,-0.6026551127433776,0.5341095328330995,-4.409519361365011,0.2359951283397106,25.81783169776596,-0.5609529051757355,0.40753911104937973,-0.2620882656499129,0.0010584350020508282,1
3.6461198329925537,0.2739782929420471,-0.024921461939811707,0.6438242197036743,-0.053115872510853146,0.05610381153246576,-0.05820055002474344,0.0758804266092663,0.22547680367496348,-0.01228286234763143,0.48038020730018616,-0.6267046928405761,0.5311643481254579,-4.4051823192286745,0.31653310094607284,25.829156244234706,-0.5339906650136599,0.4324191289484984,-0.26340172013215485,0.0011003420004271902,1
3.6561126708984375,0.273144006729126,-0.02450212463736534,0.6433509588241577,-0.05281577992406188,0.04596951225359301,-0.05547903498862529,0.08341755730400946,0.21534498521461654,-0.005061779080870021,0.3733987808227539,-0.6426875591278075,0.5103742480278016,-4.401998529630631,0.36488027721029453,25.830411826564976,-0.5335802187915342,0.4330011059736748,-0.2638750454771452,0.0012831259991799016,1
3.666106939315796,0.2721961438655853,-0.024145163595676422,0.6428990960121155,-0.05096258560198434,0.03927891311670881,-0.058175311028132386,0.0873120575016717,0.20860684530990525,-0.0005529352396744791,0.2783146798610687,-0.62260764837265,0.49353709816932684,-4.370521496354407,0.429096771565485,25.825464672506342,-0.5011548689039745,0.47574207377197836,-0.26105664431492026,0.0011901629986823536,1
3.676103353500366,0.27125370502471924,-0.02386244386434555,0.6424320340156555,-0.05145937142992809,0.030058769215465096,-0.05788771895385032,0.09001133479209322,0.2021178379072941,0.0038745117686742603,0.14197158813476562,-0.5962981581687926,0.4712727367877961,-4.3476082010651265,0.49044664161616397,25.834300397839677,-0.46272940504496896,0.48819044269175954,-0.25695405878178373,0.0012349339995125774,1
3.6861045360565186,0.27125370502471924,-0.02386244386434555,0.6424320340156555,-0.05145937142992809,0.030058769215465096,-0.05788771895385032,0.09001133479209322,0.2021178379072941,0.0038745117686742603,0.14197158813476562,-0.5962981581687926,0.4712727367877961,-4.3173388666237145,0.5481471936619169,25.83604844951899,-0.3974088496822199,0.4960890111410422,-0.2496722422257421,0.0010029080003732815,1
3.6961190700531006,0.2703019976615906,-0.023674609139561653,0.64194655418396,-0.05155845734701062,0.019344517976131133,-0.060497250368075656,0.09154430938966396,0.19587613122188863,0.007991109550576247,0.036053840070962906,-0.5747419595718384,0.4433314502239228,-4.289962583176822,0.6105821713103555,25.845262978693913,-0.3445078404364933,0.5056685339208047,-0.2399159040907188,0.0010457229982421268,1
3.706101894378662,0.2693271040916443,-0.02357960306107998,0.641464114189148,-0.05489795008536852,0.011124900991423775,-0.05672331398178741,0.09215505041857597,0.18995574692107242,0.01186459172828691,-0.06304918974637985,-0.5347464084625244,0.41750782728195196,-4.244570240868071,0.6621562183940567,25.83708638161834,-0.29266593334390706,0.5046076393437361,-0.22996397251203235,0.0010150609996344429,1
3.7161221504211426,0.26822763681411743,-0.023568101227283478,0.6410351991653442,-0.053614810767708396,0.0019697789600359467,-0.05844901799713282,0.09039093051273772,0.18184807710255058,0.017292714638148077,-0.2009897232055664,-0.4841859936714172,0.395417869091034,-4.206895409911892,0.7100341190548025,25.842641801337866,-0.2138837429262769,0.504587803517395,-0.2210125833191688,0.0010468400032550562,1
3.7261035442352295,0.26710858941078186,-0.023646598681807518,0.6405761241912842,-0.057774365163806664,-0.006878390354932651,-0.059702139107432876,0.08863454086789524,0.1770616378738361,0.02068773331938667,-0.26603007316589355,-0.43897959589958185,0.36055672168731695,-4.165794374525499,0.757579790325531,25.848875334408543,-0.17304512941174724,0.4966222680428478,-0.20776048270748018,0.0010069579984701704,1
3.7361340522766113,0.26593899726867676,-0.02379610948264599,0.6401509046554565,-0.06091525420959471,-0.013212509397599059,-0.053871422814877355,0.08579833291044103,0.17256429463248724,0.02384428011545614,-0.34939044713974,-0.393358826637268,0.3428849875926972,-4.1115009947367325,0.7887785438087914,25.83407861454963,-0.11965856320295229,0.48585047251958857,-0.19880656673044386,0.0012384260007820558,1
3.746232032775879,0.2631611227989197,-0.024352561682462692,0.6393358707427979,-0.0687566037499379,-0.029151374134824517,-0.05707637837172997,0.08197348716104713,0.16895969703378544,0.026807271268264543,-0.45804446935653687,-0.3130232095718383,0.30354866385459905,-4.053737862460578,0.839911074984141,25.84343544580999,-0.0494675160391858,0.4532588605712872,-0.1823915975511534,0.000889339000423206,1
3.7563936710357666,0.2617003321647644,-0.024716954678297043,0.6389526724815369,-0.07147771938868504,-0.033706988970562006,-0.05423323708661531,0.07442593537389275,0.16471314094141043,0.030769936791285257,-0.5828980207443237,-0.2231824845075607,0.27281272411346436,-3.9991481122876413,0.8598346447469517,25.83842374284217,0.03383624107250807,0.41380094492101804,-0.16498154254220865,0.002284009002323728,1
3.766141891479492,0.2602125406265259,-0.025143573060631752,0.6385508179664612,-0.07575178923106464,-0.04207587982157822,-0.05616405561049933,0.06817685475701962,0.16284964969130256,0.033187132098867256,-0.6512848138809204,-0.16023598611354825,0.24726131558418277,-3.954344775657706,0.8833045553922272,25.845330666879033,0.10213983232057011,0.38796927408923465,-0.15340117928144062,0.0014403489985852502,1
3.776130199432373,0.25867122411727905,-0.025622917339205742,0.6381627321243286,-0.07942697418581586,-0.045375756914866706,-0.05248304807036311,0.0611625093121706,0.1617767146903364,0.035486802939312945,-0.7456907033920288,-0.0734765827655792,0.22647807002067566,-3.9275151260532577,0.8976456387694066,25.846806849761514,0.10320130239128211,0.3877478234757466,-0.15126439666736363,0.001137988998380024,1
3.7861056327819824,0.2570912837982178,-0.026132218539714813,0.6377760767936707,-0.08276273325780205,-0.04920196906702204,-0.05462424056149573,0.05359498375162097,0.16146428134913027,0.037665553735846125,-0.8029380440711975,0.017928974702954317,0.20086491107940674,-3.8908633035470723,0.8901303682743663,25.84549133454735,0.2234906062245604,0.29636024079475065,-0.12938733208250078,0.0010675140001694672,1
3.7961113452911377,0.2570912837982178,-0.026132218539714813,0.6377760767936707,-0.08276273325780205,-0.04920196906702204,-0.05462424056149573,0.05359498375162097,0.16146428134913027,0.037665553735846125,-0.8029380440711975,0.017928974702954317,0.20086491107940674,-3.868520199536474,0.8881148094727056,25.845724171959716,0.2351216818115468,0.2952932173108154,-0.12675025878187934,0.001079458997992333,1
3.8061046600341797,0.25534236431121826,-0.026719653978943825,0.6374371647834778,-0.085041426266223,-0.049131333857030064,-0.052797637577494685,0.045632502409729714,0.16186762292262458,0.03958617963790223,-0.8383045196533203,0.0820790231227875,0.18125776946544647,-3.8458605388201006,0.8727838898973316,25.84207724554481,0.28155531009262685,0.2600156205055927,-0.11760432840682378,0.0010545929981162772,1
3.81611704826355,0.253545343875885,-0.027327021583914757,0.6370960474014282,-0.0911449793384322,-0.05354370936654694,-0.0528505510355419,0.03312739986431845,0.16373761914742735,0.042392693480648,-0.8648315072059631,0.16445732116699222,0.16912676393985746,-3.820913646286574,0.8546089254304227,25.844412324982457,0.33870158608931195,0.21084198745296942,-0.10940311026404514,0.0010860930015041959,1
3.826108455657959,0.25169506669044495,-0.027943933382630348,0.6367796659469604,-0.09394453496972321,-0.05276045598389681,-0.047411209780535216,0.02471905291606591,0.1657730873579304,0.04405510922971745,-0.8663617968559265,0.2323560863733292,0.15221841633319852,-3.7920253615051154,0.8291183609338537,25.830321911331293,0.369470998891086,0.16837873009915727,-0.10051116443697661,0.0010880490008275956,1
3.836108446121216,0.24972379207611084,-0.028623171150684357,0.6365109086036682,-0.09894832270965627,-0.05307905789575514,-0.049500676025760394,0.016215607782777752,0.1686678766328571,0.04552782139301481,-0.8776741027832031,0.31833499670028687,0.13657154142856595,-3.7723891854019684,0.8027297210215265,25.83674690524863,0.40528873964567363,0.11407736887070045,-0.0915297816787142,0.001111448000301607,1
3.8461155891418457,0.24772195518016815,-0.029281457886099815,0.6362534165382385,-0.09937422782070211,-0.051018555360375764,-0.047392339795613886,0.007644097630497004,0.17205198359528762,0.046955494969404654,-0.866721510887146,0.3745872974395752,0.12611988186836237,-3.7591522075062906,0.771262973366229,25.832942638152893,0.4297116576071421,0.07373397342357461,-0.08481944680364586,0.0010441160011396278,1
3.856121778488159,0.24333089590072632,-0.030672919005155563,0.6357752680778503,-0.1072386805532978,-0.04694905569391782,-0.044708119292513226,-0.004334746881533125,0.17815229872897964,0.04880815293910734,-0.8117978572845459,0.43404364585876465,0.11361741274595255,-3.7267939332258884,0.7325834001461098,25.827660816329686,0.4425319018016356,0.023677144341127394,-0.07763931593303718,0.0010780610027723014,1
3.866103172302246,0.24100124835968018,-0.03132598474621773,0.6355574727058411,-0.11033771928442625,-0.042533513087637836,-0.040211644270100086,-0.00809091959706354,0.18034299428700296,0.049365469208556334,-0.7661957740783691,0.466782808303833,0.10991077870130533,-3.68883725242085,0.6991301381799249,25.81493037094326,0.4317289878560689,-0.0015531435177126296,-0.07491378504164253,0.0009964819982997142,1
3.8761041164398193,0.23850911855697632,-0.03193596377968788,0.6353358030319214,-0.11184795222936501,-0.03756340634845154,-0.04153632606377672,-0.018446111029638335,0.18737499788110457,0.05094510855343515,-0.6931864619255066,0.4988386929035187,0.10195769369602198,-3.666343174434246,0.6789598211995167,25.81350098803657,0.4315218564307931,-0.002044409836110436,-0.07457098521441936,0.0012689480026892852,1
3.886141777038574,0.23600290715694427,-0.03249869495630264,0.635109543800354,-0.1122587922316027,-0.03184738820744499,-0.038430185690208625,-0.024522728591266585,0.19248969362098922,0.051760938408968116,-0.6073638200759888,0.5349003076553345,0.08872579783201211,-3.659258339578715,0.6455891010683475,25.818964991241874,0.4288775166305826,-0.04290411405143504,-0.07068465752207144,0.0011131930004921742,1
3.8961122035980225,0.23348423838615417,-0.03300924971699715,0.6348893046379089,-0.11568169298388835,-0.029690347665517584,-0.04002519306994533,-0.029830611754983583,0.1977991058773969,0.05260458963716763,-0.5333725810050964,0.5519663691520691,0.08986218273639672,-3.6508342860811043,0.6113259778825632,25.81117609127279,0.40493380992759964,-0.0798732029897132,-0.06528146215252371,0.0013150459999451414,1
3.9061057567596436,0.23348423838615417,-0.03300924971699715,0.6348893046379089,-0.11568169298388835,-0.029690347665517584,-0.04002519306994533,-0.029830611754983583,0.1977991058773969,0.05260458963716763,-0.5333725810050964,0.5519663691520691,0.08986218273639672,-3.643053058144883,0.5838862964542822,25.815992157934502,0.38360028883345726,-0.1071290300060375,-0.06483759328068026,0.0010087740010931157,1
3.916110038757324,0.23094019293785095,-0.033480413258075714,0.6346870064735413,-0.11594774611821257,-0.024546639094381824,-0.03502859229929403,-0.03423311569987186,0.20321415071345061,0.05330915395236291,-0.41282743215560913,0.552330732345581,0.07812662422657006,-3.6270981250140104,0.5609069920309906,25.8020734221114,0.3350515115169737,-0.125697934892711,-0.06157648065256398,0.0010504719975870103,1
3.9261116981506348,0.22838462889194489,-0.03389376774430275,0.634512186050415,-0.11837233652388651,-0.018316098808476965,-0.03418467525003794,-0.03881476140358231,0.21103524736053147,0.05425852890941085,-0.2818654477596283,0.534705400466919,0.07691369205713265,-3.6138237738265966,0.5366999349295648,25.79794527034362,0.2809925584824384,-0.14259799483578606,-0.06177473832924924,0.0010007419987232424,1
3.936194896697998,0.22327345609664917,-0.03449057415127754,0.6342304944992065,-0.1152917522505831,-0.003841382118505268,-0.02911697420886167,-0.04104054916336208,0.22074529701149936,0.05541017315909791,-0.04010752588510513,0.4919314980506897,0.06719483435153956,-3.5965314906833457,0.5090465696525815,25.786490173086165,0.2347202401425354,-0.14745435776335042,-0.0620595935742775,0.0015409950028697494,1
3.9462289810180664,0.22327345609664917,-0.03449057415127754,0.6342304944992065,-0.1152917522505831,-0.003841382118505268,-0.02911697420886167,-0.04104054916336208,0.22074529701149936,0.05541017315909791,-0.04010752588510513,0.4919314980506897,0.06719483435153956,-3.586242388037996,0.4908867745184475,25.779577934764436,0.1601994401531788,-0.1524821349743166,-0.062107057214307246,0.0009114800013776403,1
3.956125259399414,0.21823233366012573,-0.03483395650982857,0.6339748501777649,-0.11483463688302076,0.007264467283375533,-0.025833571408130543,-0.04045645332122394,0.22528216209468832,0.055889894683520236,0.0937892273068428,0.44594958424568176,0.06145036965608591,-3.558393964474085,0.4665665511430542,25.768780603334218,0.08721765714416121,-0.14276507848965153,-0.06249720011796577,0.0011111679996247403,1
3.9662630558013916,0.21568363904953003,-0.03491789102554321,0.6338756084442139,-0.11295040717681841,0.012057366263345795,-0.02380561462771483,-0.03869298303112734,0.22939938397750348,0.05638252067784144,0.19541166722774506,0.4074292480945587,0.058359432965516995,-3.5421318034984215,0.45166253587622596,25.767616456843577,0.08616852528176011,-0.14277250671143818,-0.06280656503994049,0.002696725001442246,1
3.9761431217193604,0.21312639117240906,-0.034945134073495865,0.6337571144104004,-0.11052426690289514,0.017543614038598648,-0.022566911289156638,-0.03402281546653674,0.23463472758418558,0.056881366539236033,0.3445957899093628,0.3513883650302887,0.03822931647300716,-3.526178444622044,0.44324743023877466,25.76087006005709,0.02665263339643057,-0.135831898356289,-0.06387099062363968,0.0011079549985879567,1
3.986105442047119,0.2106218785047531,-0.03490588441491127,0.6336416006088257,-0.10486973127079874,0.02248775129521281,-0.024811087894147855,-0.029578415170584904,0.23746745621664322,0.057151269311632724,0.4470299184322357,0.30417677760124207,0.028623174875974617,-3.5269137033747953,0.4476493145857686,25.759908681552485,-0.1306256755082154,-0.10410972182882261,-0.059906830226250735,0.0010435579970362596,1
3.99611234664917,0.20813845098018646,-0.03481914475560188,0.6334875822067261,-0.1050788540758759,0.025862178976766247,-0.022859205620637223,-0.024341175630332668,0.23988421936857707,0.05716736606170425,0.555041491985321,0.22753193974494934,0.008010420948266955,-3.525538225720185,0.4491939817564511,25.75989222277699,-0.13853166865788435,-0.10733485704979497,-0.05936907977450772,0.0011910009998246096,1
4.00611138343811,0.20566904544830322,-0.03467947617173195,0.6333835124969482,-0.10287420451781935,0.03078575245723578,-0.017268907266627387,-0.018077804113054707,0.24147793205991563,0.05717090570713079,0.6391319632530212,0.16616827249526978,-0.007925596088171026,-3.507161910917685,0.4577934535626164,25.75376898996652,-0.21232628352741534,-0.07411902828646363,-0.05459430357313955,0.0012287870013096835,1
4.016121864318848,0.20566904544830322,-0.03467947617173195,0.6333835124969482,-0.10287420451781935,0.03078575245723578,-0.017268907266627387,-0.018077804113054707,0.24147793205991563,0.05717090570713079,0.6391319632530212,0.16616827249526978,-0.007925596088171026,-3.4749852528055185,0.4667762856944834,25.736077674184944,-0.2779186320285983,-0.04604001867999717,-0.050763432910725034,0.0010351769997214433,1
4.026101589202881,0.2032431960105896,-0.0344894602894783,0.6332781314849854,-0.09784587512132838,0.03244448009683916,-0.018279972435921665,-0.01107353412233314,0.2424287029588963,0.056853570726693725,0.7381426095962524,0.09560173749923706,-0.03627347573637964,-3.4572609528859917,0.4846063613880441,25.73585678620454,-0.3533267532380186,-0.011562796549639362,-0.04285217334262699,0.0010158289987884928,1
4.036118268966675,0.20085807144641876,-0.03424245864152908,0.633150577545166,-0.0949419443682282,0.036008196825575926,-0.014865551552256951,0.0005579516227940395,0.2427746516294631,0.056117571027928914,0.8009631037712097,0.02104298770427703,-0.053564224392175674,-3.4301031618030753,0.5065198910882229,25.725549248920487,-0.42568003664295695,0.02718182034512407,-0.03835626589360741,0.0010999229998560622,1
4.046120643615723,0.19849814474582672,-0.033979762345552444,0.6330705881118774,-0.09364473831441539,0.03607978626255344,-0.009451617299339628,0.008628348080867543,0.2420345429407913,0.055219038526155284,0.8316332697868347,-0.05122241750359536,-0.0848701000213623,-3.3864543573269272,0.5299270599113679,25.708676745443185,-0.4684654755990424,0.0687183669277725,-0.028102242545059976,0.0010904240007221233,1
4.0561182498931885,0.19610874354839325,-0.033692944794893265,0.632989227771759,-0.08781500919140804,0.036233677921434934,-0.008348292924650478,0.01684360385076955,0.2406948341754056,0.053949454669651065,0.8538902997970581,-0.1381548345088959,-0.12392981350421904,-3.353414722747273,0.5536986623711148,25.7029076121723,-0.5064606810778266,0.11932293441236139,-0.013549910933520424,0.001069050998921739,1
4.066118240356445,0.19377118349075317,-0.03339698165655136,0.6329309940338135,-0.08555768424738425,0.03758781712224839,-0.001743207175568991,0.025081015178247235,0.2387714447810887,0.052484749107100104,0.8589922189712524,-0.1964877396821976,-0.15117907524108884,-3.305395725058995,0.5710922688885877,25.683382259143343,-0.5359277979479048,0.15721145240731166,-0.002113553833659392,0.0010851150000235066,1
4.0761168003082275,0.18918290734291077,-0.0328216552734375,0.632953941822052,-0.0811236052783778,0.034993126707812024,0.002052438893881746,0.033119510395891893,0.23609537497344135,0.050512528491466924,0.8507198691368103,-0.2777408957481384,-0.19531527161598203,-3.248357857714505,0.5906762610686054,25.67053136655902,-0.5570544517589339,0.2093726950318034,0.015400108200993638,0.0010705179993237834,1
4.086114406585693,0.1869325190782547,-0.03255012631416321,0.6329989433288574,-0.07822570178842721,0.03434402459008076,0.007997910434474977,0.04477055688763665,0.2311261844164485,0.04685315811876656,0.8195724487304688,-0.35196384787559515,-0.23345898091793055,-3.1857233047265274,0.6109121504184906,25.652248802095727,-0.5632002542484029,0.25906217735472575,0.030276946640468018,0.0010685620000003837,1
4.09611701965332,0.18473747372627258,-0.032300110906362534,0.6330590844154358,-0.07390493129671018,0.03012994449478559,0.004702636814365902,0.0518805635227384,0.22720718901978554,0.043953698404868735,0.7842074036598206,-0.3820737302303315,-0.2578828036785125,-3.147627092494604,0.635743326362205,25.660373520487287,-0.5833175490830788,0.2938275112313313,0.044453273557211785,0.0011018090008292347,1
4.106107473373413,0.1825631856918335,-0.032103195786476135,0.633088231086731,-0.07471094996569234,0.02434751723751194,0.0049791586171854425,0.05833978463653944,0.2231537856787198,0.04069639142392534,0.72117018699646,-0.421829640865326,-0.29991826415061945,-3.1250228624696184,0.6507808342254846,25.661929070432965,-0.5835278897143971,0.2943213367309957,0.04726696863579321,0.0013017050005146302,1
4.116126775741577,0.1804128736257553,-0.03193181753158569,0.6331233382225037,-0.07218059127201214,0.023433517312442184,0.0037643550832897952,0.06427980140428025,0.21864763592397507,0.037008454046693284,0.6309053897857666,-0.4567535221576691,-0.3379064500331878,-3.082143311369848,0.6732472624326973,25.666346666761022,-0.5342895643050762,0.35566978278243166,0.07803675726712403,0.0028185340015625115,1
4.12614893913269,0.1804128736257553,-0.03193181753158569,0.6331233382225037,-0.07218059127201214,0.023433517312442184,0.0037643550832897952,0.06427980140428025,0.21864763592397507,0.037008454046693284,0.6309053897857666,-0.4567535221576691,-0.3379064500331878,-3.0547229172192765,0.6859114643453375,25.667596937009336,-0.5413911385072149,0.36184278911102447,0.08575086552839029,0.0008335330021509435,1
4.136169195175171,0.17830082774162292,-0.03177880868315697,0.6331233978271484,-0.06980069716912057,0.018896533027284928,0.001297945697724194,0.0691575297516489,0.21412037109859217,0.033033705420959514,0.5553032755851746,-0.4685779511928559,-0.3665598332881927,-3.032917907627227,0.7028175941873731,25.675707281287856,-0.5177942250626462,0.38259104127293825,0.09989134621028031,0.0011862510000355542,1
4.146388053894043,0.1741284281015396,-0.03165441378951073,0.6330155730247498,-0.06932970136749672,0.006409976129071447,-0.0073374015150367,0.07774669242454824,0.20243327170876269,0.02143983756383383,0.35359662771224976,-0.4927362203598023,-0.43864703178405756,-3.0045191817079675,0.7366293226905016,25.703739309297838,-0.43600482789843104,0.4277371886500244,0.13376462406827005,0.0027524609977263026,1
4.158388137817383,0.1741284281015396,-0.03165441378951073,0.6330155730247498,-0.06932970136749672,0.006409976129071447,-0.0073374015150367,0.07774669242454824,0.20243327170876269,0.02143983756383383,0.35359662771224976,-0.4927362203598023,-0.43864703178405756,-2.985362008850554,0.7567775992153105,25.708175021405253,-0.4386209410569964,0.4336769484987062,0.14254871810248457,0.001029658000334166,1
4.166110038757324,0.17219017446041107,-0.031604792922735214,0.6329048871994019,-0.06900285184409982,0.0035381023726936654,-0.007031409892576214,0.07954723488371629,0.1978032382499184,0.01635736061007087,0.2473500818014145,-0.4733600318431855,-0.4674526154994964,-2.9599429910826403,0.7653461672075152,25.70868650154406,-0.38848536002625167,0.43893755722628114,0.15881166031688332,0.0009728049990371801,1
4.176151275634766,0.16856521368026733,-0.03158583492040634,0.632523775100708,-0.06601855933518452,-0.009064858684745297,-0.017922742528236148,0.08012776049278347,0.19353081484183843,0.01089294309727773,0.13902762532234192,-0.45904472470283514,-0.5072568058967589,-2.9536035086914385,0.7988886888318761,25.741414907027075,-0.3332228323349445,0.4448964014221281,0.18074804273136627,0.0011904420025530271,1
4.186841011047363,0.16678179800510406,-0.03165188059210777,0.632291316986084,-0.06456157570882627,-0.012632148313256628,-0.0192347613375821,0.07981810206598405,0.18948327991092784,0.005347332253482051,0.047178905457258224,-0.43620544672012335,-0.5137526392936707,-2.9449576572960283,0.8170479310624145,25.75030701809692,-0.28385607558359244,0.44109638028439313,0.18972068706996828,0.0011567769979592413,1
4.196108102798462,0.16508875787258148,-0.03173757717013359,0.632036566734314,-0.06405801336749721,-0.017117779636090014,-0.021766891337781487,0.07724745056073923,0.18383027530296037,-0.003334503364714525,-0.08919470757246017,-0.4052548706531525,-0.5412287712097168,-2.929739753199929,0.820020795546842,25.760039315252275,-0.20278741115259172,0.4491859211251512,0.21147427128474114,0.0009037279996846337,1
4.206083536148071,0.1634155511856079,-0.03186522796750069,0.6317763924598694,-0.062049173280145684,-0.021905660312013322,-0.02122284518009265,0.07428589713728817,0.1804145047229042,-0.009387810451718881,-0.19427722692489624,-0.3752132952213288,-0.5675342082977295,-2.920545111162536,0.8220469024000551,25.761619206000837,-0.20171785015842159,0.44859064930192244,0.21566828521732584,0.0011095619993284345,1
4.216115474700928,0.16178223490715027,-0.03203342482447624,0.631491482257843,-0.06151787994506516,-0.02555643725237749,-0.022143043919425717,0.0703930309946128,0.1775003973531586,-0.015302110878014474,-0.3098439574241638,-0.31592553853988653,-0.557010293006897,-2.9060254649901034,0.8073535116413081,25.76396736446671,-0.0680083064139935,0.42028438273745505,0.23202593465946977,0.0010119879989360925,1
4.226115942001343,0.16016192734241486,-0.032228223979473114,0.6312274932861328,-0.061582114487268,-0.027399523232481803,-0.02011677825491577,0.06575709314437139,0.17491662653721596,-0.02128771781753258,-0.3767261505126953,-0.28050616383552557,-0.5746248960494995,-2.89445501966981,0.7998554828471841,25.7646664275109,-0.061703496717836356,0.4225447856638019,0.23736894122920757,0.0010765250008262228,1
4.236108303070068,0.16016192734241486,-0.032228223979473114,0.6312274932861328,-0.061582114487268,-0.027399523232481803,-0.02011677825491577,0.06575709314437139,0.17491662653721596,-0.02128771781753258,-0.3767261505126953,-0.28050616383552557,-0.5746248960494995,-2.874635280282874,0.7822506198596489,25.759846255795242,-0.01049530114721551,0.41289902195603645,0.2505374998364394,0.001030077000905294,1
4.246117115020752,0.15711474418640137,-0.03268233314156532,0.6307746767997742,-0.05831446880016307,-0.031367141670029824,-0.016377473016777208,0.05103612581342398,0.17054688773739812,-0.035892610584806306,-0.548616886138916,-0.13943232595920568,-0.5500586032867432,-2.8511293366132042,0.7536794311965603,25.75323920172062,0.06968972723293324,0.39059971810748356,0.2590749253969743,0.0031472259979636874,1
4.256149530410767,0.15711474418640137,-0.03268233314156532,0.6307746767997742,-0.05831446880016307,-0.031367141670029824,-0.016377473016777208,0.05103612581342398,0.17054688773739812,-0.035892610584806306,-0.548616886138916,-0.13943232595920568,-0.5500586032867432,-2.83972047293644,0.7178447723449844,25.74958451170412,0.13031457530419147,0.3517217274087926,0.2614839013330028,0.0009026789994095452,1
4.266083002090454,0.15564818680286407,-0.03294048085808754,0.6305556893348694,-0.05862838806443092,-0.036610606781075986,-0.01771234091896096,0.04409034505750631,0.16983676466400732,-0.041564206625464895,-0.598455011844635,-0.09290492534637458,-0.5537720918655396,-2.8309388165173597,0.6927232549138167,25.754305915620264,0.18033828482607994,0.3290062930345948,0.2690539650756342,0.0009913840003719088,1
4.2761335372924805,0.15422847867012024,-0.033226124942302704,0.6303597092628479,-0.06019607932392444,-0.0344460382940507,-0.012373624338342838,0.03678621986856445,0.16948945477114874,-0.04707026893471111,-0.6569952368736267,-0.032973896712064805,-0.533582866191864,-2.8091357418180074,0.6526497189711885,25.74076421205905,0.23630482733711003,0.29900398914720494,0.26959984076499227,0.001038878002873389,1
4.286133527755737,0.15284603834152222,-0.03348558396100998,0.6302007436752319,-0.056045018203306644,-0.0337674915071082,-0.013077245845980821,0.025173883627243487,0.16994426158001197,-0.054826679073121554,-0.6846382021903992,0.028036726638674674,-0.5038843750953674,-2.8076437948765482,0.6031157119190136,25.742439262131068,0.2903295850091765,0.26556127474036617,0.26737593749238386,0.0009916630006046034,1
4.296133995056152,0.15020880103111267,-0.033991653472185135,0.6298714876174927,-0.05254085395147022,-0.032350141162057734,-0.010309497783727885,0.017461340537249903,0.1708949156054822,-0.059744596567848696,-0.6869597434997559,0.08526389300823206,-0.48526591062545776,-2.802564050106142,0.5572105268371444,25.735705885190214,0.31811625401538435,0.23226202198061613,0.26541305710459956,0.0010308460005035158,1
4.306135892868042,0.1489967256784439,-0.03424551710486412,0.6297485828399658,-0.05246304370233075,-0.030555827175464477,-0.005752698527137483,0.009633968485659672,0.17243574289606034,-0.06427472634781628,-0.6965433359146118,0.15493264794349665,-0.43844568729400635,-2.7933470292427387,0.5114339368787099,25.722472811298708,0.3491028251618474,0.19116660294445825,0.25353828909516235,0.0009842590006883256,1
4.316133975982666,0.1478637456893921,-0.03447303548455238,0.6296700835227966,-0.04927544297062175,-0.026668209551467637,-0.0024686690109615387,0.0020431387324144623,0.17429626453429403,-0.0684815698776231,-0.6895762085914612,0.1945295482873916,-0.4100251793861389,-2.7877400499266933,0.48395857761647904,25.720540592289886,0.3491585162234712,0.19029264042125527,0.25081143447074067,0.0012647580006159842,1
4.32613205909729,0.146783709526062,-0.034657832235097885,0.6295953392982483,-0.04490811387261701,-0.020169762630768865,-0.003155489035863343,-0.005487960742565523,0.17680158100038268,-0.07241907480760146,-0.6755384802818298,0.2520029246807098,-0.3813094794750214,-2.786279995813061,0.4456124136855367,25.711316600941693,0.37114072440061796,0.1644046196357299,0.24484980721725,0.0012317900000198279,1
4.33621621131897,0.146783709526062,-0.034657832235097885,0.6295953392982483,-0.04490811387261701,-0.020169762630768865,-0.003155489035863343,-0.005487960742565523,0.17680158100038268,-0.07241907480760146,-0.6755384802818298,0.2520029246807098,-0.3813094794750214,-2.8000916881597298,0.39473833427701854,25.71263818336051,0.38979016990977616,0.12545761884566708,0.2378055637207813,0.0011733999999705702,1
4.346418857574463,0.14484834671020508,-0.0348740853369236,0.629437267780304,-0.036934822811846665,-0.009964857969892419,-0.0009806573691185261,-0.02219728498724205,0.1847684484399772,-0.08046733379963467,-0.5684258341789246,0.3431636691093444,-0.28177756071090704,-2.8353952613338267,0.31765240000554856,25.707079170082533,0.3763552193223726,0.05542038822684331,0.20770462297004746,0.0024809729984553996,1
4.356108903884888,0.14484834671020508,-0.0348740853369236,0.629437267780304,-0.036934822811846665,-0.009964857969892419,-0.0009806573691185261,-0.02219728498724205,0.1847684484399772,-0.08046733379963467,-0.5684258341789246,0.3431636691093444,-0.28177756071090704,-2.8532157676957386,0.2727778890367528,25.70556742625618,0.38832182968842477,0.04835114570983291,0.20271141211447863,0.0008812369997031055,1
4.366090536117554,0.14396634697914124,-0.03490981459617615,0.6293714046478271,-0.032951667932931916,-0.007225922155279554,-0.003287386244269406,-0.02786907411570283,0.18842601291882088,-0.08291020423177864,-0.5210451483726501,0.36400061845779413,-0.23337876796722418,-2.8809336651343087,0.23240875892253093,25.711947589752093,0.38166546146645186,0.024250289467624853,0.18706798978051187,0.0012554679997265339,1
4.376134395599365,0.14314588904380798,-0.03491203114390373,0.6293061971664429,-0.029636161343704063,-0.0006186532482147625,0.0030144828341264027,-0.032518249030991875,0.1922012390125727,-0.08488983709208586,-0.4351663291454315,0.3839838206768036,-0.18236584961414343,-2.89356262706194,0.19311857285307468,25.69341562951974,0.3508410653736235,0.0002567344031162294,0.16714319435848424,0.0012173320028523449,1
4.386273384094238,0.14238908886909485,-0.034842126071453094,0.629280686378479,-0.024557242164015305,0.006035112319087227,0.0018484112999209025,-0.03633739454946072,0.196191809992027,-0.08645056070883061,-0.3361968398094177,0.39529651403427124,-0.13221496343612676,-2.917601401057407,0.15334199874237245,25.693163199818542,0.3099978206285088,-0.02026248578713462,0.145918554191324,0.0014779249977436848,1
4.396119117736816,0.14171481132507324,-0.03467496484518051,0.6292848587036133,-0.017681209357666445,0.017665572470862027,0.006812403920677018,-0.03930348455156496,0.20009245022813538,-0.08743022466815242,-0.2506946623325348,0.3940766155719757,-0.0617802850902081,-2.9366800569902507,0.10370635554285618,25.676636304573695,0.272693144299825,-0.03372329264913803,0.11679449815891801,0.0010951040021609515,1
4.40610671043396,0.14058619737625122,-0.034081000834703445,0.6293115019798279,-0.0024064498149012833,0.031416296986030344,0.008771259245170545,-0.04206974351875026,0.20588983583186016,-0.08806921104894805,-0.14126333594322205,0.38112351298332214,-0.009887498803436803,-2.9816306598432076,0.04079594427851917,25.665044302446706,0.219377621761925,-0.040602815342324905,0.09184008243473901,0.0010082159969897475,1
4.4161131381988525,0.14015309512615204,-0.03368084505200386,0.62932288646698,0.0015471930182980407,0.038673367348919956,0.009566394521188525,-0.042559462050356434,0.20984554652943688,-0.08786905761675001,-0.04727134481072426,0.37968480587005615,0.03391752764582629,-3.0139184803907284,-0.010772320564183563,25.65919896553779,0.17299528873034678,-0.06100477625318235,0.07000273827814618,0.000998927000182448,1
4.4261229038238525,0.13978730142116547,-0.03320653736591339,0.6293623447418213,0.007383989916193856,0.04394493244518558,0.010498780265691782,-0.04204295104277911,0.21336704544413632,-0.08714848640494788,0.049149591475725174,0.34495270252227783,0.08897573500871654,-3.0329221790186653,-0.04184494774662566,25.657760187940614,0.1723738801381374,-0.061232270641177096,0.0653227507960678,0.0012361909975879826,1
4.436119079589844,0.13950127363204956,-0.032684944570064545,0.6293920874595642,0.014711035264295723,0.05061469955865368,0.010316574212295496,-0.04046961302724528,0.21672519173517601,-0.08604912405405063,0.14901798963546753,0.31780412793159485,0.12701693177223203,-3.0545995419968763,-0.06705572784912699,25.65288742794143,0.11756244014098285,-0.05516194930757383,0.043137411328115216,0.001177940001070965,1
4.44610857963562,0.13950127363204956,-0.032684944570064545,0.6293920874595642,0.014711035264295723,0.05061469955865368,0.010316574212295496,-0.04046961302724528,0.21672519173517601,-0.08604912405405063,0.14901798963546753,0.31780412793159485,0.12701693177223203,-3.0846631705239482,-0.09176326669817458,25.650494755192224,0.0575383709552654,-0.05249907321360824,0.022600810126175895,0.0009725249983603135,1
4.456122159957886,0.13950127363204956,-0.032684944570064545,0.6293920874595642,0.014711035264295723,0.05061469955865368,0.010316574212295496,-0.04046961302724528,0.21672519173517601,-0.08604912405405063,0.14901798963546753,0.31780412793159485,0.12701693177223203,-3.102411684003886,-0.10670032507159997,25.649669908418538,0.05678577628733865,-0.052484469959228154,0.018211095160538524,0.0010025590017903596,1
4.466114044189453,0.1391400247812271,-0.03134909272193909,0.6293683648109436,0.030590257304607512,0.06668903647098474,0.004741699727218474,-0.034095556671324356,0.22260401222754922,-0.0821981887592016,0.3523145914077759,0.25714623928070074,0.22815115749835965,-3.1623342292466474,-0.13881856811672266,25.66185125868903,-0.07550234222301531,-0.04109995586432999,-0.025131141035431057,0.0009760869979800191,1
4.4761223793029785,0.13911207020282745,-0.03056017868220806,0.629326343536377,0.03950521361282941,0.0716885774549649,0.002781068409802405,-0.027136907318570547,0.22611583267986868,-0.07826820548210245,0.4260733127593994,0.2105910032987595,0.27189236879348755,-3.2240573468926916,-0.15809355745602516,25.666599147894853,-0.14139898832095488,-0.028480107669866674,-0.054926904585200324,0.001053684998623794,1
4.486134052276611,0.13917624950408936,-0.02975608967244625,0.6292332410812378,0.04632705851217213,0.07216920670534284,-0.0027858146267715858,-0.021503212940650496,0.22802766612454128,-0.07512366674048909,0.49021708965301514,0.17446503043174746,0.3082307279109955,-3.291117186008008,-0.16187472968860064,25.68148346428008,-0.19681932589313583,-0.015928874226997687,-0.07827718726411091,0.0011266040019108914,1
4.49612021446228,0.13933075964450836,-0.02892131730914116,0.629128098487854,0.0537552463804233,0.0766294893197298,-0.00208768852629686,-0.015116059339415955,0.22938515382129276,-0.071672832153721,0.5716280341148376,0.12621697783470157,0.337992399930954,-3.3447188415000975,-0.16229258675263664,25.679312986185643,-0.2630734364286827,0.005337925604513419,-0.09850095419949596,0.001084068000636762,1
4.506114721298218,0.13987529277801514,-0.027040963992476463,0.6288343071937561,0.074151784408483,0.08424579286532562,-0.007450530244234552,-0.00798395193404522,0.23034207848564536,-0.06794522501411837,0.6412878632545471,0.07251478731632237,0.3790290951728821,-3.437622463788103,-0.1765936716683757,25.69049260441406,-0.3257370787435564,0.029455344462248102,-0.122243466424122,0.0010298680026608054,1
4.516112804412842,0.140282541513443,-0.026031922549009323,0.6286198496818542,0.07990435510280204,0.0816828902455875,-0.01272659342285503,0.0035047360838165176,0.23092325932203028,-0.06173445111223641,0.6925475001335144,0.02094290405511861,0.40541017055511475,-3.519354099817393,-0.15463828481417827,25.706226546538804,-0.37903883960748525,0.05578964125266981,-0.1416942517020875,0.0010175059978791978,1
4.526110410690308,0.14074616134166718,-0.025039950385689735,0.6284068822860718,0.08625293527197697,0.08413288721186286,-0.007437654192182653,0.011709947250490238,0.23076535921593866,-0.05743601349705152,0.7180481553077698,-0.014784898608922908,0.4141710102558136,-3.567959727157631,-0.14526140730918932,25.70719910169516,-0.3945751159472712,0.055784872399787806,-0.14806771580579917,0.001398441003402695,1
4.536618947982788,0.14134903252124786,-0.024006880819797516,0.6282130479812622,0.09877385196273777,0.0837304139725484,-0.010264296478774696,0.019965761027867845,0.2299314295341297,-0.052856957682059225,0.7215791940689087,-0.07014895975589747,0.44480711221694946,-3.63214416124798,-0.12051519351912807,25.697699804249986,-0.45584555384699965,0.10594604438472191,-0.17130266334525704,0.0012014780004392378,1
4.546162843704224,0.14134903252124786,-0.024006880819797516,0.6282130479812622,0.09877385196273777,0.0837304139725484,-0.010264296478774696,0.019965761027867845,0.2299314295341297,-0.052856957682059225,0.7215791940689087,-0.07014895975589747,0.44480711221694946,-3.6714166281129574,-0.10926470768060943,25.695205259444677,-0.4674374975377464,0.1079001507331917,-0.17797895572107836,0.0008753699985390995,1
4.556379556655884,0.14278118312358856,-0.022055193781852722,0.6277992725372314,0.11002159120088842,0.07837089127286628,-0.00384187530867171,0.03616003046659255,0.22709778256162272,-0.04379881773009808,0.6957980394363403,-0.1779122650623321,0.44994989037513733,-3.702332086080343,-0.07436361340412326,25.67509502357808,-0.5080192792158298,0.1750463489590813,-0.19000353950897186,0.0012905999974464066,1
4.566076993942261,0.14278118312358856,-0.022055193781852722,0.6277992725372314,0.11002159120088842,0.07837089127286628,-0.00384187530867171,0.03616003046659255,0.22709778256162272,-0.04379881773009808,0.6957980394363403,-0.1779122650623321,0.44994989037513733,-3.720806422248625,-0.05350989081042689,25.671566068376983,-0.5089444332290909,0.17587244021302562,-0.19276595749180736,0.0008269669997389428,1
4.576106071472168,0.14363296329975128,-0.021110275760293007,0.6276295781135559,0.11947029075114488,0.07623959301927835,-0.00788974562831979,0.04780861028611838,0.2233849655625484,-0.0369433326393831,0.6745591759681702,-0.24212191998958582,0.4526763856410981,-3.7600533458050727,-0.01829903581402588,25.68276355643922,-0.5364139105289492,0.2221840355473956,-0.20084905006146347,0.0011258349986746907,1
4.586214542388916,0.14456096291542053,-0.020213734358549118,0.6274610757827759,0.12299168849702424,0.06910274142050966,-0.002792983110062742,0.05507155759661764,0.2203577982869267,-0.03245895030074575,0.6299239993095398,-0.28497463464736933,0.44699046015739446,-3.7773780699353328,0.023028972212248894,25.668852067820456,-0.5375253588555631,0.25575811170874213,-0.20441426901623316,0.0015243020025081933,1
4.596123695373535,0.14554892480373383,-0.01938021369278431,0.6273265480995178,0.12978892029574488,0.06392109398209295,-0.0028805490106309202,0.06178223367156521,0.2170085640323025,-0.028132193407019557,0.5746256113052368,-0.3136678338050842,0.4401665031909943,-3.8034752868035357,0.0646912689330464,25.66626076773334,-0.5306763147218403,0.28227991690969884,-0.20627404071700284,0.0011263240012340248,1
4.6061036586761475,0.14659814536571503,-0.018595419824123383,0.6271949410438538,0.13444705294577994,0.05842756055211001,0.0001745426375346855,0.06782183941350883,0.21321914341405357,-0.023827889347658004,0.49073487520217896,-0.3529550731182098,0.4350173175334931,-3.820649656074458,0.10240108408793927,25.65614137774754,-0.5062121415727333,0.31607609925993974,-0.20773702760976043,0.0010016509986598976,1
4.616115093231201,0.14767718315124512,-0.017772017046809196,0.6270807981491089,0.14004920400292406,0.051969464481486295,-0.0009742984214726963,0.07512038205626004,0.2073086286758823,-0.017843715625186718,0.39063552021980286,-0.37335354089736933,0.4100415706634522,-3.8437844902107967,0.1453328213719124,25.657778454979386,-0.4766961916165456,0.34668868033674477,-0.20334492989225506,0.001031683998007793,1
4.626101016998291,0.14994603395462036,-0.01628631167113781,0.6268147230148315,0.14666691418486283,0.03810542444629182,0.0003222123210492971,0.0790391863404949,0.2030304166003849,-0.013995143242431674,0.29992371797561646,-0.4002808332443237,0.40294057130813604,-3.8752411006490775,0.19764221507989727,25.652216529791552,-0.4420321805955877,0.37520766216700385,-0.20211676807819276,0.0010284010022587609,1
4.6361072063446045,0.15114626288414001,-0.015606104396283627,0.6266794204711914,0.1505164203296916,0.030919495840826837,-0.003509676600833782,0.08189115497382016,0.19866783859556003,-0.01034333301880297,0.21851903200149536,-0.40763106942176813,0.39124312996864324,-3.8937735069207386,0.22907054389585252,25.65078274108633,-0.44165722054929674,0.3759309589210082,-0.2020250967375676,0.0011942839992116205,1
4.646101713180542,0.1523822396993637,-0.015002690255641937,0.626514732837677,0.1527520267047844,0.023024273990173625,-0.00473363316655735,0.08378331856950538,0.19439711361398704,-0.006883142507805751,0.11940807849168777,-0.3978989124298095,0.3672462105751038,-3.9224788495698357,0.26677152867915643,25.661154238295186,-0.40812402049427243,0.39381862139385326,-0.19961302479500012,0.0012270410006749444,1
4.656109094619751,0.15360482037067413,-0.01445536594837904,0.6263304948806763,0.15379324521519697,0.016086969539241908,-0.009149838607686025,0.08471198699836613,0.19026835736120118,-0.0035831365378529156,0.02278231643140316,-0.3810725808143615,0.3528911471366883,-3.9592651645465593,0.32232305219322405,25.678351370548267,-0.31255278392105174,0.40177030506171524,-0.18635163944262992,0.0010117089987033978,1
4.66610312461853,0.15360482037067413,-0.01445536594837904,0.6263304948806763,0.15379324521519697,0.016086969539241908,-0.009149838607686025,0.08471198699836613,0.19026835736120118,-0.0035831365378529156,0.02278231643140316,-0.3810725808143615,0.3528911471366883,-3.9839757184555995,0.3543188297141777,25.680096666117862,-0.3121035810740364,0.4077876669528958,-0.18529639058959949,0.0010002540002460591,1
4.676109313964844,0.154866561293602,-0.013939017429947853,0.6261404156684875,0.15259699523473524,0.010630398988689229,-0.0077178701741194575,0.08466822181741618,0.1862721660943749,-0.00045674652473293165,-0.1008380874991417,-0.36662414669990534,0.327273577451706,-3.9944342589505477,0.3764770230621144,25.67567972442932,-0.24603583757819564,0.41315551356834007,-0.17614192307931797,0.0010257469984935597,1
4.686108827590942,0.15613573789596558,-0.013484615832567215,0.6259465217590332,0.15603150349647366,0.004089236016509701,-0.012007210321131313,0.0835227700480945,0.18240832076793234,0.002396246330162999,-0.19483253359794617,-0.34411498904228205,0.29665169119834905,-4.020429621657399,0.40144264309053745,25.686900434532667,-0.19141118260100043,0.413555598950852,-0.1637725116289168,0.0009969710008590482,1
4.696106433868408,0.1574244350194931,-0.013110756874084473,0.6257020235061646,0.1552918995529978,-0.005740059335235019,-0.014457335562319982,0.07981102150110209,0.17741068994311293,0.006313961062013984,-0.3293967545032501,-0.309438407421112,0.2723038494586945,-4.0402234621580035,0.4296742855723912,25.695320380766592,-0.10716244605406905,0.4114687072521528,-0.15233090271946648,0.001089026998670306,1
4.706106424331665,0.15870358049869537,-0.012794959358870983,0.6254873871803284,0.15437914406885017,-0.009255730424995588,-0.011092572141311475,0.07634629220659273,0.17425675240637162,0.008662250651506387,-0.4031422734260559,-0.28354242444038386,0.24935425817966464,-4.046926326440393,0.4427749787791833,25.686376546623162,-0.05479841438168884,0.40748506433324766,-0.1415985104312844,0.0009978089983633254,1
4.716107606887817,0.1600019484758377,-0.012519153766334057,0.6252729296684265,0.15582656817560891,-0.013757608593357631,-0.015735514931404748,0.0717692182628058,0.17162696375041708,0.010737743670121258,-0.4939025640487671,-0.2481374144554138,0.214380756020546,-4.0688766510366,0.45244064209456414,25.698442060766,0.009865003720882518,0.3953188721479204,-0.1259755442240508,0.0010428589994262438,1
4.726102828979492,0.1612955629825592,-0.01232071127742529,0.6250295042991638,0.15229308584699502,-0.022776028007386286,-0.014883850959412855,0.06378208852787992,0.16833936868523436,0.013644293105064431,-0.5899755954742432,-0.19580306112766263,0.1967815309762955,-4.076449888465351,0.4634201479512897,25.697851865329717,0.08815743878747327,0.3765999696962191,-0.11503840652870978,0.001026724999974249,1
4.736177444458008,0.16391880810260773,-0.012037527747452259,0.6246888637542725,0.15197925214606345,-0.030619177558404456,-0.012985605601402016,0.05737282310806657,0.16661976581590832,0.015296756793425903,-0.6539075374603271,-0.1585406810045242,0.1730122119188309,-4.085072137371758,0.4742729994848971,25.691850172056842,0.1363935824023291,0.35995652400576506,-0.10216762617856892,0.0012117450023652054,1
4.74652886390686,0.1652199923992157,-0.011967923492193222,0.6245266795158386,0.14835345699517216,-0.035323347488840494,-0.009344112939590442,0.050383197306423266,0.1654420409064814,0.016773140146115306,-0.7165802121162415,-0.11696726083755492,0.14800414443016055,-4.087664137451245,0.4771565017753206,25.680241869489965,0.2024990613469767,0.3419481561594475,-0.08988396504164088,0.001446145000954857,1
4.756101846694946,0.1665087193250656,-0.01192567404359579,0.6244106292724609,0.1484716981010395,-0.036431688746009876,-0.0067998549390994745,0.04290976515856171,0.1644504774062523,0.018197203154998842,-0.7779436111450195,-0.08336335420608519,0.1412668079137802,-4.089290462903221,0.4791146667533304,25.67852558719528,0.20339124335420192,0.3418936039717509,-0.08755442051470984,0.0010142230021301657,1
4.7660973072052,0.16780774295330048,-0.01190559845417738,0.6243022680282593,0.14773876961957305,-0.03908121582114483,-0.006510990049102828,0.03498492456161584,0.16398120973732988,0.01944565946750254,-0.8129637241363525,-0.03409098833799361,0.1163327693939209,-4.093575523158484,0.46857368886132617,25.670925653398353,0.2612235019242991,0.3264946263036309,-0.08270086165250581,0.0012306729986448772,1
4.776112079620361,0.16780774295330048,-0.01190559845417738,0.6243022680282593,0.14773876961957305,-0.03908121582114483,-0.006510990049102828,0.03498492456161584,0.16398120973732988,0.01944565946750254,-0.8129637241363525,-0.03409098833799361,0.1163327693939209,-4.1031556870690125,0.456544694070734,25.669240402005403,0.3078159453970007,0.30111616037686256,-0.07113195588875977,0.0011304450017632917,1
4.786124229431152,0.16909416019916534,-0.01189480908215046,0.6242094039916992,0.14523263245449297,-0.03941308289058316,-0.00425634526475629,0.02695660517751719,0.16386115490487763,0.02054873577855787,-0.8124960064888,0.0022122024092823397,0.10793614387512207,-4.107222236907217,0.44018106428792214,25.662829779075224,0.33556872078935573,0.28183981494160554,-0.06442381900312337,0.0011045319988625124,1
4.796180009841919,0.17035463452339172,-0.011901668272912502,0.6241442561149597,0.14080350101528016,-0.04066347332006029,-0.001180902845163864,0.01895111980762021,0.16412818404358287,0.02173615702941678,-0.8068044185638428,0.03561085090041162,0.11130214482545853,-4.101997665403301,0.4245229403873787,25.65352460058505,0.3597792245366731,0.2633104313374291,-0.06294865630104102,0.0012319299967202824,1
4.806163549423218,0.17158611118793488,-0.011898037977516651,0.6241273283958435,0.1393100619204247,-0.03875287225941934,0.005617614037911714,0.007449380873663092,0.16499158857227325,0.023300202392634972,-0.7760841250419617,0.07168109714984895,0.09790437668561934,-4.092665106595237,0.39951251204760796,25.63260374338835,0.3833462453209431,0.2412054864667214,-0.05626161236866404,0.0009808370014070533,1
4.816102027893066,0.17276954650878906,-0.011939353309571743,0.6241875290870667,0.13759133218357342,-0.03770034345160719,0.0055453040244719184,0.0002493129105922698,0.1662147343662599,0.02425057669743369,-0.7229714393615723,0.12963977456092834,0.09742785990238188,-4.095015412715611,0.37874643655846946,25.62990078971537,0.37999957034726667,0.20656103279432933,-0.053961344945311046,0.0010603209993860219,1
4.826124906539917,0.17395567893981934,-0.011946137063205242,0.6242632865905762,0.13803623617757313,-0.03375180030357334,0.007160998922581875,-0.006712308923382704,0.16762901146221632,0.02530096411462468,-0.6865904927253723,0.14952416718006134,0.09671328216791152,-4.103669252912482,0.3525412500604605,25.624482929906407,0.3846401648393969,0.19121164012646238,-0.05265637228600362,0.0010070280004583765,1
4.83613395690918,0.17511676251888275,-0.011972043663263321,0.6243651509284973,0.13348475101511464,-0.0327263248809448,0.008998451400609578,-0.015884975173679816,0.170209145702521,0.02657690871932994,-0.6039629578590393,0.17704883217811584,0.08451389521360395,-4.1054591932530125,0.3313139844952204,25.61841847647009,0.3724463027050667,0.16927809704335314,-0.04751370137554442,0.0010082160006277263,1
4.846139669418335,0.17737677693367004,-0.011971957981586456,0.624638020992279,0.12775179747118218,-0.02803726481273665,0.011950070228339967,-0.020933383058482136,0.17229009931021633,0.027460501085875944,-0.5214256644248962,0.20680001378059387,0.08905838429927823,-4.099950506363729,0.30849465085886635,25.60849457162656,0.33936492750136354,0.1491532591326095,-0.047761134397240224,0.0010106600020662881,1
4.856126546859741,0.17844825983047485,-0.011950233951210976,0.6248083114624023,0.1274952143597315,-0.023362684879046705,0.010308820105583103,-0.025089498918384745,0.17443137811728837,0.028273814064012193,-0.41516363620758057,0.22537551820278168,0.08267863094806668,-4.099337010817113,0.2954064844299316,25.60689522885411,0.3454318969972852,0.14721760275427043,-0.048502010988227616,0.0012714629992842674,1
4.866118669509888,0.17950439453125,-0.011877057142555714,0.6249818205833435,0.12659542267252333,-0.01661305289559454,0.012499996896500604,-0.028323122168479653,0.17682119013319797,0.028982665682605546,-0.32185035943984985,0.2357599437236786,0.07644496858119962,-4.112450583066982,0.2673832628923209,25.603118509465173,0.2620658920713339,0.12081230437773999,-0.04513073866253071,0.0010642319975886494,1
4.876116752624512,0.18055574595928192,-0.01176088210195303,0.6251587271690369,0.12415758523350284,-0.012353885665781782,0.011795525937455456,-0.030584672607250507,0.17936850212355449,0.029797212286653885,-0.216509148478508,0.2611381411552429,0.0873276740312576,-4.121231474914607,0.2506636095389475,25.602263926201466,0.265076990690369,0.11772682646630786,-0.04504059139104748,0.001202875002491055,1
4.886126518249512,0.18055574595928192,-0.01176088210195303,0.6251587271690369,0.12415758523350284,-0.012353885665781782,0.011795525937455456,-0.030584672607250507,0.17936850212355449,0.029797212286653885,-0.216509148478508,0.2611381411552429,0.0873276740312576,-4.132001661682432,0.23599236171324542,25.603062981731703,0.21696916968184668,0.09602014515152407,-0.05001768913112673,0.0010527070007810835,1
4.8961100578308105,0.18159514665603638,-0.011595180258154869,0.6253369450569153,0.12462693454269845,-0.00763815693217007,0.01111660581708717,-0.03221693656874436,0.183411406560138,0.03081242923863403,-0.0895034596323967,0.26922282576560974,0.0731692314147949,-4.151365597189717,0.22340623169258075,25.60310714115455,0.15542803059319468,0.07783908193863806,-0.04791279550913141,0.0010349670010327827,1
4.906107664108276,0.1826852262020111,-0.011387588456273079,0.6254795789718628,0.12177092581840937,-0.004430690209586297,0.010719535576355658,-0.032276944586000944,0.18482697308577078,0.031163584553596912,-0.0012994863791391253,0.27577775716781616,0.07015897333621976,-4.1640460999195446,0.21350536182793198,25.60330901477593,0.10845348436888926,0.06959597705487436,-0.047799203464177174,0.001022184998873854,1
4.916116952896118,0.18376152217388153,-0.011147411540150642,0.6256240010261536,0.12177358561196415,-0.0012476631801361382,0.008490766686899317,-0.030841918683111924,0.189045699651734,0.03213189013730888,0.1447838395833969,0.2783624231815338,0.07232859730720517,-4.186550642176442,0.2119346191907469,25.607662508728158,0.025706985487806866,0.054061367511656015,-0.05139214869684581,0.000983979000011459,1
4.9261109828948975,0.184833824634552,-0.010888959281146526,0.6257434487342834,0.11980349560154899,0.0013455096745352562,0.00749684602353699,-0.028584695655720083,0.19179150053224214,0.032644162877934146,0.2274201661348343,0.2719334661960602,0.05960394069552418,-4.205098599362139,0.21204375335569026,25.609768879074487,-0.02614805009862973,0.04831962750051545,-0.04967098815587884,0.000998856998194242,1
4.936133623123169,0.1869514435529709,-0.01024087518453598,0.6259751319885254,0.11770322907280316,0.011477088960463849,0.008072848915481805,-0.025302556690769418,0.19447122195892907,0.03306972936582042,0.34960511326789856,0.266829252243042,0.05292178690433499,-4.223014971062572,0.1971587679305669,25.606313416160962,-0.10154035586983481,0.042213233402328985,-0.049604876897010604,0.0012320700006966945,1
4.946354150772095,0.188017800450325,-0.009846213273704052,0.626082718372345,0.11897072911251531,0.015487059516328252,0.002880033179854183,-0.021049453640599403,0.19700809165702848,0.03357562109473733,0.4367396831512451,0.2616780996322632,0.0543785989284515,-4.255122976475618,0.18876870743891325,25.61948515513042,-0.15730733711510855,0.039478412469817405,-0.05262451855496664,0.002594959998532431,1
4.95641016960144,0.18907980620861053,-0.009407958947122097,0.6261511445045471,0.1187462059995417,0.018486611819145047,0.0035920389851234603,-0.013242328653774393,0.20070506918235287,0.03400766742690786,0.5385968089103699,0.23842819035053253,0.02692638896405694,-4.280993952368611,0.1896163132692254,25.617299852066793,-0.2426939791011514,0.036361140754806676,-0.04721556286837644,0.0008454769995296374,1
4.966105699539185,0.19021518528461456,-0.008921544998884201,0.6262199282646179,0.11670467249512442,0.017717540402003948,0.003992303377848645,-0.00737071548002044,0.20284287064882012,0.03416272714791191,0.5917105078697205,0.2190585434436798,0.018158659338951083,-4.297022816964552,0.20007376817877712,25.614889060957417,-0.2915896293896394,0.03961832483766847,-0.0453183903749677,0.0010207880004600156,1
4.976111173629761,0.19133302569389343,-0.008450585417449474,0.6262867450714111,0.11479926091982043,0.019278571288639457,0.0035955244014991648,-0.0009985767294513614,0.20473921313518328,0.03415423914820126,0.6482747793197632,0.18307709693908691,-0.000467596342787169,-4.306520703755154,0.20627233882623536,25.614291603280893,-0.2922428293170722,0.03967995639659053,-0.04498200561471863,0.001224735999130644,1
4.986151218414307,0.19133302569389343,-0.008450585417449474,0.6262867450714111,0.11479926091982043,0.019278571288639457,0.0035955244014991648,-0.0009985767294513614,0.20473921313518328,0.03415423914820126,0.6482747793197632,0.18307709693908691,-0.000467596342787169,-4.313187914241549,0.21471965331908693,25.614901605975437,-0.342798924089969,0.05260299813761042,-0.04056609852152031,0.001060390000930056,1
4.996183395385742,0.1924501210451126,-0.007952485233545303,0.626388669013977,0.11660903674339416,0.02210608906586658,0.006728038243486865,0.005816556625808822,0.20611604130182792,0.03386407014510606,0.6931632161140442,0.1365974396467209,-0.03693192452192308,-4.3173471042481095,0.21986950153000853,25.604918716999368,-0.3884879704021205,0.0726549148791423,-0.028837516989947166,0.0012345149989414494,1
5.0061936378479,0.19358879327774048,-0.007463195361196995,0.6264770030975342,0.11700111617321787,0.01932686956936232,0.004316017814350674,0.012743235123379382,0.2071917398524863,0.03340067372865052,0.7235444784164429,0.08840513974428177,-0.04766076058149339,-4.328803985812154,0.2368209711102504,25.610302381397215,-0.42830859524897863,0.09467997377547202,-0.024476191901826268,0.0012048300013702828,1
5.016111612319946,0.19472914934158325,-0.006985702086240053,0.6265588402748108,0.1154475359638203,0.019783148842802366,0.006543022005463125,0.019980645681997533,0.2079524000489701,0.032727478261469045,0.7394475936889648,0.05213935673236846,-0.08120153844356537,-4.329794642882677,0.2503276556461424,25.604514671647717,-0.46016995824499207,0.11157416081685392,-0.013359709144307223,0.0010337099993193988,1
5.026113510131836,0.1958693265914917,-0.0065207770094275475,0.6266719102859497,0.11628900466358942,0.018470799592831932,0.006968909576458971,0.0307748206796834,0.20813981726447217,0.031167101475573222,0.7395558953285217,3.535533323882669e-05,-0.10947781801223755,-4.332831757964978,0.26844232688348546,25.602662335943617,-0.4959252943074247,0.13815921128332342,-0.002753957822402347,0.0010124059990630485,1
5.036129474639893,0.197051540017128,-0.006030732300132513,0.6267548203468323,0.1150642334464931,0.01602926683400641,0.006472964261137658,0.03785283725496402,0.20780847827831206,0.029725148243794575,0.7317608594894409,-0.048376388847827925,-0.13987143337726593,-4.333788035129082,0.2875040074232043,25.604334028904088,-0.5149990474573466,0.16498574003192423,0.009402429544048215,0.0010805060010170564,1
5.046114206314087,0.19822002947330475,-0.00556951155886054,0.6268577575683594,0.11414349071279188,0.014388918256967639,0.00999783181670265,0.04447399557614329,0.2069690589169686,0.0280204777675106,0.6920635104179382,-0.09272982925176622,-0.16857700049877167,-4.324492423647877,0.30006744314466804,25.594646403632886,-0.5153956848300455,0.19133133820489398,0.021999748685671932,0.0010703090010792948,1
5.05610990524292,0.1995018571615219,-0.005086814519017935,0.626964807510376,0.11635755004308788,0.010679500133898932,0.007896474981601466,0.05371757025033874,0.2052232404518186,0.02482141180922781,0.6542794704437256,-0.1462088078260422,-0.2121567130088806,-4.32863724255636,0.3175575732058831,25.600079821152605,-0.5251222354885074,0.22475077457777992,0.040116785353973186,0.001069889996870188,1
5.06611180305481,0.20203156769275665,-0.00428070779889822,0.6271119117736816,0.11310582602949479,0.0023638566959247103,0.010057889288328627,0.05948536141248395,0.20350354051754804,0.022263248064619212,0.6273647546768188,-0.17932519316673282,-0.23801659047603604,-4.321996565827838,0.34550953033657966,25.595066161637856,-0.5225743854762468,0.24611651296766854,0.05203219023435611,0.0010256079985992983,1
5.076106309890747,0.20331145823001862,-0.003925851080566645,0.6271864175796509,0.1145590468647004,-0.001951234567347343,0.004608734926148654,0.06450149531206995,0.20158993090524246,0.019409734654413313,0.5542396306991577,-0.20617622137069705,-0.26726844906806946,-4.335527648644707,0.3694166416264234,25.61053980022387,-0.5011098943760669,0.2660107409456368,0.0661729413300069,0.00103461699836771,1
5.0861496925354,0.20458167791366577,-0.0036497702822089195,0.6272236108779907,0.1109501345123109,-0.010619725856069882,0.0025085009296519512,0.06881778690167906,0.1995931342618107,0.016294669244278914,0.4876902997493744,-0.23807637393474582,-0.29946026206016535,-4.344362163577374,0.3823111938566425,25.61245139702496,-0.5073541680558483,0.2685382618005852,0.07042554051318213,0.0011113780019513797,1
5.096105575561523,0.2059018760919571,-0.0033867117017507553,0.6272480487823486,0.11171399777126927,-0.014971629528990006,0.0027505834996965853,0.07255189248548533,0.19729046763634983,0.012826190364886525,0.4066620171070099,-0.2613776624202729,-0.3286903798580169,-4.346476658683252,0.40939245822976905,25.61906936511616,-0.4507167060329627,0.30867614460937454,0.0953690351643237,0.0010933570010820404,1
5.106102228164673,0.2059018760919571,-0.0033867117017507553,0.6272480487823486,0.11171399777126927,-0.014971629528990006,0.0027505834996965853,0.07255189248548533,0.19729046763634983,0.012826190364886525,0.4066620171070099,-0.2613776624202729,-0.3286903798580169,-4.348762420241635,0.42472509026694494,25.61982039937425,-0.45478968327416486,0.31180973991848626,0.10194092425195286,0.0009955040004570037,1
5.116104602813721,0.2072170525789261,-0.0031637651845812798,0.6272536516189575,0.10979848336081473,-0.01756019322417712,0.0009057948072949271,0.07539352186349824,0.19497923213132262,0.009100593934023848,0.3287006616592407,-0.2641046345233918,-0.35352021455764765,-4.351810779467993,0.4323563189511575,25.625916507853493,-0.42276544717159936,0.32082644478208633,0.1147387395964809,0.001044675002049189,1
5.126105308532715,0.20857959985733032,-0.0029544306453317404,0.6272562146186829,0.10898935050038988,-0.024689812213936957,-0.0005525432386562605,0.07729907393782298,0.19250164489586385,0.005166349183404861,0.24005718529224396,-0.27932134270668035,-0.380343347787857,-4.355858469818058,0.44408184646588383,25.631201759183924,-0.3818344388235904,0.3369822294510802,0.12986813198068572,0.0010197399969911203,1
5.136193752288818,0.2099311798810959,-0.002823853399604559,0.6272196769714355,0.10407672819409253,-0.03160166367585498,-0.004687938114973232,0.07849871134768405,0.1889244100048093,-0.0014359591256090098,0.14616484940052032,-0.2821668088436127,-0.4172788858413696,-4.355953002847174,0.4555637820003495,25.64527095284364,-0.3354359368339039,0.350695075509861,0.15088674450161949,0.0011976370005868375,1
5.146450996398926,0.21130135655403137,-0.002731808926910162,0.6271864175796509,0.1021240872439748,-0.03663714233863552,-0.0011680898398844512,0.07835692286755158,0.18638511996500373,-0.005940560951530394,0.041482988744974136,-0.2803791761398316,-0.42203775048255915,-4.346178894400614,0.45684710717075305,25.637061935692007,-0.27949800089284965,0.35867823681543554,0.16103216774105705,0.0012030140023853164,1
5.156109094619751,0.21267728507518768,-0.002686391118913889,0.6271570324897766,0.1032521351850559,-0.041738227016950076,-0.004712130597841067,0.07638721456225372,0.18306240789353723,-0.013123916925715129,-0.05691061541438103,-0.26335126161575323,-0.4562607109546661,-4.353415011512932,0.4521139695145122,25.646527499532286,-0.21978093671743762,0.36063221310298443,0.18130223995192118,0.0008840310001687612,1
5.166111469268799,0.21407665312290192,-0.0026835082098841667,0.6270888447761536,0.09849642953400395,-0.048350457122992234,-0.007002318237752593,0.07406772556613861,0.18086394285443186,-0.017862053140642598,-0.14784401655197144,-0.25517851114273077,-0.4463993906974792,-4.354428206987165,0.45144210319605493,25.65515150693495,-0.1644471283761194,0.3644964861690881,0.18658532262629562,0.0011021579994121566,1
5.176109313964844,0.21688143908977509,-0.002809520112350583,0.6270011067390442,0.09591678530413271,-0.05522487684958828,-0.006001449635258545,0.0726815622075101,0.17979654005662304,-0.020295056999868777,-0.20864444971084595,-0.242241382598877,-0.4536908864974975,-4.357966852153861,0.45777502467554443,25.652921008274266,-0.12735307656925948,0.3612463050577992,0.19277903903727808,0.001071146998583572,1
5.186138391494751,0.21829478442668915,-0.0029412514995783567,0.6269391179084778,0.090697414536165,-0.060450729180668634,-0.008704961776083075,0.06707575927120502,0.17697766031862816,-0.027605499383303922,-0.3053002953529358,-0.22105817496776586,-0.46883347630500793,-4.355902671325874,0.4513631495069474,25.66155429690316,-0.06423564684607244,0.35670461918259033,0.20349583301466592,0.0011036239993700292,1
5.1962175369262695,0.21973054111003876,-0.0031058662571012974,0.6269171833992004,0.08903293316572866,-0.06161590290585224,-0.004229897433682857,0.06255344513604477,0.17527869060626378,-0.03240151672485014,-0.378032922744751,-0.20987278223037725,-0.45823127031326294,-4.346567747804927,0.43046748120893724,25.64985744956711,-0.008940011698700213,0.35830678322830684,0.20799387790202672,0.0012503689977165777,1
5.20620059967041,0.22116409242153168,-0.0032819160260260105,0.6268910765647888,0.08812095890011361,-0.062487148135763226,-0.0065224868703359215,0.05739971264606947,0.17373494857780614,-0.037047060187693326,-0.4453860819339752,-0.17944838106632238,-0.442428857088089,-4.342216326510036,0.4190300179785023,25.64824072600467,-0.0024779292800887398,0.35997009603363517,0.21075460634680868,0.0010100319996126927,1
5.216106414794922,0.22116409242153168,-0.0032819160260260105,0.6268910765647888,0.08812095890011361,-0.062487148135763226,-0.0065224868703359215,0.05739971264606947,0.17373494857780614,-0.037047060187693326,-0.4453860819339752,-0.17944838106632238,-0.442428857088089,-4.348378437610631,0.39876408118312145,25.655126481546272,0.04992534918795021,0.349433581064646,0.21093087334622856,0.0010423700005048886,1
5.226110219955444,0.2225666344165802,-0.003495034296065569,0.6268515586853027,0.08269240695280042,-0.06765413290398324,-0.006488167096683538,0.04880960253647926,0.17186576518184493,-0.04384684585641141,-0.49993830919265747,-0.15182706713676458,-0.4349685609340668,-4.345048621369132,0.3763436291342086,25.657000846217738,0.10766061925342497,0.3411085223720444,0.21531607199500138,0.0010397159967396874,1
5.236107110977173,0.22396747767925262,-0.0037241557147353888,0.6268548369407654,0.08028057213873965,-0.06557553263997984,-0.002389446714939447,0.04280787269674491,0.17079229548262465,-0.04797474000944879,-0.5369377732276917,-0.11527310311794285,-0.39501526951789856,-4.336410749981736,0.342004509586794,25.645593517018906,0.14722849487249365,0.3253553897165428,0.20671953086652756,0.001047049998305738,1
5.246110916137695,0.22534950077533722,-0.0039532370865345,0.6268687844276428,0.07767572240386245,-0.06661030658242154,-0.005348381471076606,0.036469411113923655,0.17005818216946178,-0.05191151002462924,-0.5626434683799744,-0.09601997584104542,-0.37904661893844604,-4.337318976613994,0.311435074702829,25.653390038229873,0.18209944983346407,0.3175981412531619,0.20357815395449677,0.0010265159980917815,1
5.256112098693848,0.22675058245658875,-0.004191367421299219,0.6268845796585083,0.07507569289488555,-0.06538775598087064,-0.004044595574542668,0.029979478175675034,0.1694630008859268,-0.055592286786604994,-0.5867412686347961,-0.0799314379692078,-0.35587987303733826,-4.335298499995468,0.2762744398954311,25.651178298739257,0.21663647233010586,0.3112679149494086,0.1989574564717552,0.0010776419985631946,1
5.266103506088257,0.22817754745483398,-0.004435421898961067,0.6269232034683228,0.07229888357855835,-0.06656579726539782,-0.003887838210694942,0.02344635747391033,0.16911826396106022,-0.0589305741020234,-0.5868491530418396,-0.05607087165117268,-0.316890686750412,-4.334755542611875,0.2474868548914618,25.650812609523776,0.2379718259768492,0.3000563397032535,0.1879873123962569,0.0010146410022571217,1
5.276108741760254,0.22955270111560822,-0.004673250950872898,0.6269739270210266,0.06562922830872234,-0.062549777845408,0.0013370650960102981,0.014072505723194961,0.16884164797045909,-0.06322696293061059,-0.5740916728973389,-0.02560646459460262,-0.274039626121521,-4.315765186177852,0.20577341902313673,25.636297176537912,0.2623798339671078,0.285478718071482,0.17554325874963067,0.0010589239973342046,1
5.286099910736084,0.23241391777992249,-0.005070011131465435,0.6271743178367615,0.06372058341756016,-0.055118497915640295,0.0018825726794525787,0.007950000987718475,0.16905486502665967,-0.06571553932737828,-0.5647938847541809,-0.0009668960701674521,-0.2432577908039093,-4.309923311920729,0.15309645167397012,25.6326856240653,0.2704065692973842,0.27177109057779825,0.16422535322524376,0.0027640549997158814,1
5.2961320877075195,0.23382528126239777,-0.0052248211577534676,0.6272807121276855,0.061793270911162435,-0.05409347313820176,0.0010231296966848838,0.002238220046621109,0.1693553292032992,-0.0676482165133252,-0.5248473286628723,0.02693888358771799,-0.18220701813697815,-4.313533982723432,0.11613504230006055,25.63462927684441,0.2748702496353873,0.2560513845356225,0.14344278432958546,0.0008513430002494715,1
5.306095123291016,0.23519574105739594,-0.0053537264466285706,0.6273884773254395,0.056305665242619055,-0.048963174529656095,0.0050551804491824935,-0.0030586112689046097,0.1699748064335047,-0.06921093083398855,-0.49541744589805603,0.04266924411058424,-0.1466592699289322,-4.315563036364806,0.09385292701339093,25.634801044245176,0.2749058447852839,0.2557785555390295,0.13901127698576635,0.001208253001095727,1
5.316115379333496,0.23653307557106018,-0.005444670561701059,0.6275287866592407,0.05391557888486657,-0.04678168146392531,0.00475082968992581,-0.008047399009056821,0.17057910205579674,-0.07040074442994193,-0.45828813314437866,0.06008243933320044,-0.10206665098667146,-4.302634670336254,0.0637395058506145,25.62313704130739,0.2766849122215382,0.24614015802134856,0.12760890989382265,0.0012913689970446285,1
5.3261120319366455,0.23653307557106018,-0.005444670561701059,0.6275287866592407,0.05391557888486657,-0.04678168146392531,0.00475082968992581,-0.008047399009056821,0.17057910205579674,-0.07040074442994193,-0.45828813314437866,0.06008243933320044,-0.10206665098667146,-4.297110550546079,0.037095721022565364,25.622413437318862,0.2728278908213989,0.23510320331945256,0.11109990252817621,0.0010029779987235088,1
5.336158752441406,0.2379191517829895,-0.005511066876351833,0.6276832818984985,0.05116650842471771,-0.03988656017453688,0.007592606637472156,-0.012446216139404775,0.17142521479046025,-0.07116167250667349,-0.4157164692878723,0.07349271327257156,-0.053783044219017036,-4.288239768283536,0.0030598949585905616,25.613673928761223,0.2643123083920793,0.22547768690871617,0.0917679224753188,0.0011723520001396537,1
5.346370697021484,0.24064180254936218,-0.005480995401740074,0.6280397772789001,0.04952314106418495,-0.02806348965711119,0.009774838197020191,-0.02060256450541864,0.17371770895967575,-0.07110973054629977,-0.2741752862930298,0.08441463112831116,0.03141520917415618,-4.283857080985519,-0.026402116208415725,25.61077659232751,0.23588275734924857,0.21833652070378679,0.06957797214954636,0.001763661999575561,1
5.356186151504517,0.24064180254936218,-0.005480995401740074,0.6280397772789001,0.04952314106418495,-0.02806348965711119,0.009774838197020191,-0.02060256450541864,0.17371770895967575,-0.07110973054629977,-0.2741752862930298,0.08441463112831116,0.03141520917415618,-4.284816915131634,-0.06110149625447179,25.60431340850224,0.21498588927240803,0.21253605942114984,0.05346708604273926,0.0008916439983295277,1
5.366114854812622,0.24199755489826202,-0.0053747715428471565,0.6281988024711609,0.04648363580232646,-0.022776440010901327,0.005433530922393666,-0.02273372692495812,0.17494974230033788,-0.07031051445693892,-0.20743626356124878,0.09583475440740587,0.09510394930839537,-4.293560910357522,-0.09135159575080652,25.61585300863527,0.18507538267697415,0.2027323353677736,0.026944032314166904,0.0010826709985849448,1
5.376114845275879,0.24337533116340637,-0.00523447897285223,0.6283610463142395,0.04650723552265681,-0.01896979688597948,0.006045549369589351,-0.024062136838516324,0.1761246492237718,-0.06901981290242976,-0.12704923748970032,0.11024910956621171,0.13948319852352142,-4.3048542915336006,-0.11252215700847579,25.614614335679548,0.14558998801563813,0.19088778613404186,0.0043412837273680525,0.0010246290003124159,1
5.386112213134766,0.2447911500930786,-0.005058943759649992,0.6285005807876587,0.0449712387743666,-0.014818131093416318,0.002087558821891495,-0.024584541196655874,0.1774787659605983,-0.06740064636770171,-0.05166791006922722,0.11528371274471286,0.17494423687458036,-4.322816557663473,-0.1295027427975433,25.62538441447586,0.10620015832733373,0.18366288317095772,-0.014654662408830389,0.001031683998007793,1
5.396167993545532,0.24759860336780548,-0.004562945105135441,0.6287297010421753,0.04253305123984394,-0.003348606359995667,-0.00022514653641116005,-0.023915837697075837,0.17958481494374645,-0.06413386465454529,0.024735959246754646,0.12281496077775958,0.22844971716403958,-4.343363475485449,-0.15793918161930315,25.632449311316556,0.06307795918884036,0.17518581157797902,-0.039136717757804654,0.0011643899997579865,1
5.406222581863403,0.24759860336780548,-0.004562945105135441,0.6287297010421753,0.04253305123984394,-0.003348606359995667,-0.00022514653641116005,-0.023915837697075837,0.17958481494374645,-0.06413386465454529,0.024735959246754646,0.12281496077775958,0.22844971716403958,-4.356943815465794,-0.1764625684828134,25.63311138452632,0.06171148904707587,0.1723363524398894,-0.045667205907193295,0.0011310739973851014,1
5.416114568710327,0.2504858374595642,-0.003832154907286167,0.6289021968841553,0.04354824867455347,0.00973451960708562,-0.001675986697071968,-0.020453449386454547,0.18252559690748837,-0.058525288334811076,0.16963963210582733,0.12754349410533908,0.2937164902687073,-4.383798130999323,-0.19903825057730887,25.635414803399993,-0.02520591794777472,0.1619810327545667,-0.07491757909760255,0.0024709850004001055,1
5.4261884689331055,0.2504858374595642,-0.003832154907286167,0.6289021968841553,0.04354824867455347,0.00973451960708562,-0.001675986697071968,-0.020453449386454547,0.18252559690748837,-0.058525288334811076,0.16963963210582733,0.12754349410533908,0.2937164902687073,-4.400240270908645,-0.21401710795314668,25.635371259207744,-0.029004570536153098,0.15956049259330402,-0.08224049490648654,0.0011042530022677965,1
5.436987400054932,0.25344157218933105,-0.0029107837472110987,0.6290220618247986,0.044398412083301905,0.014331699309466865,-0.006736052371602637,-0.012202785315039488,0.18622986890255566,-0.04945088967861855,0.3137553632259369,0.12839467823505407,0.37647685408592224,-4.428272873374953,-0.21792703798982083,25.64378845073034,-0.0868227942388932,0.15473934264085337,-0.10833047976659534,0.0014343420007207897,1
5.446109294891357,0.25344157218933105,-0.0029107837472110987,0.6290220618247986,0.044398412083301905,0.014331699309466865,-0.006736052371602637,-0.012202785315039488,0.18622986890255566,-0.04945088967861855,0.3137553632259369,0.12839467823505407,0.37647685408592224,-4.454929216123415,-0.2070239340686761,25.649500857027245,-0.13676992316997735,0.1469691912330772,-0.1279081197496214,0.0011476969993964303,1
5.456105947494507,0.2549273669719696,-0.002415976719930768,0.6290639638900757,0.043098404996960174,0.014550860958502493,-0.004941312646610877,-0.010133756571306218,0.18694010083831536,-0.04753185449500341,0.36237016320228577,0.11722242832183842,0.37955236434936523,-4.469183078153754,-0.19465157875095634,25.64445891025,-0.17015675553576454,0.15053004613026724,-0.1353679226196288,0.0010089839997817762,1
5.466103792190552,0.2564068138599396,-0.0018909319769591093,0.6291126608848572,0.04252480336288202,0.018051219863772193,-0.002253974504956767,-0.0029122884850605324,0.18876821111873632,-0.041185132424508275,0.4151207506656647,0.10154718160629278,0.4277704656124115,-4.477493974555142,-0.1756086661033132,25.635266740542555,-0.22452456258392456,0.1533947317395096,-0.16030929248327447,0.0009979489987017587,1
5.476105451583862,0.2579250633716583,-0.0013222686247900128,0.629184901714325,0.04562980304211951,0.02013902916781023,-0.0046567045696466235,0.0022581493668338837,0.1898737962457564,-0.036897466591546024,0.45987871289253235,0.09405881166458135,0.4141705632209778,-4.501725813043878,-0.1575041247297517,25.640255075461138,-0.26576839804566194,0.15362165219822743,-0.16522940465045438,0.0010731719994510058,1
5.486107349395752,0.2594607472419739,-0.0007506549591198564,0.6292290687561035,0.04692913586504805,0.020582195306662422,-0.005356920340863035,0.007858231579101371,0.19096551121991379,-0.03259678137958799,0.48442596197128296,0.0869081541895867,0.42829182744026184,-4.527580979156568,-0.13576045127005484,25.642360502436013,-0.29880590792350686,0.1538791756261614,-0.1756064334872009,0.0010174350027227774,1
5.496099233627319,0.2625563442707062,0.0004062772495672107,0.6293351650238037,0.044615179229661094,0.017874587218845602,-0.0025411241753210394,0.013664196083899238,0.19177946479669217,-0.02793716133752877,0.5118628144264221,0.06479702889919287,0.4540409445762634,-4.542335378970404,-0.10648631913179435,25.633936285692805,-0.33443780078561797,0.1633848176293064,-0.19149383169916373,0.001028330996632576,1
5.506100177764893,0.2641378343105316,0.000978768919594586,0.6294254064559937,0.04702866068695006,0.01860730150723779,-0.0012319054256468185,0.02287802173650766,0.19269291434974622,-0.02119323011282148,0.5335063934326172,0.052806600928306635,0.4268830120563507,-4.551061295103883,-0.08896767573191412,25.63242456477214,-0.3348564801002084,0.16332636721980734,-0.19481088822514195,0.0012004300006083213,1
5.516108274459839,0.26573115587234497,0.0015298466896638274,0.629507839679718,0.046947017308980585,0.014460682866804289,-0.0023571334574137973,0.028755948542870335,0.19317862736175018,-0.016788030521743824,0.5206283330917358,0.04355057701468473,0.42855075001716614,-4.57454938785858,-0.039989065679351635,25.631402179250276,-0.3824872269110909,0.17097489639984736,-0.19556660334639941,0.0010135939992323983,1
5.526103973388672,0.26730069518089294,0.0020327987149357796,0.6295990347862244,0.046091586350827524,0.01166640128756544,0.002304434985086657,0.03453707532333006,0.1934820474796317,-0.012307195310271801,0.4915410876274109,0.017185313627123885,0.4257672131061554,-4.588484191968281,-0.012641380259344498,25.6307400102083,-0.39067199145219683,0.17044609506807104,-0.19742599639544997,0.0012262029995326884,1
5.536196708679199,0.26730069518089294,0.0020327987149357796,0.6295990347862244,0.046091586350827524,0.01166640128756544,0.002304434985086657,0.03453707532333006,0.1934820474796317,-0.012307195310271801,0.4915410876274109,0.017185313627123885,0.4257672131061554,-4.589000807705586,0.017244234520733565,25.616663296984324,-0.39486598185526917,0.18371042733824644,-0.20059684738759337,0.001181990999612026,1
5.54632568359375,0.26887544989585876,0.0025111024733632803,0.629715621471405,0.04800568144005682,0.00948858534662364,0.001972685879633785,0.04003456965545915,0.1934814675043608,-0.008242225899728783,0.45738157629966736,0.00429107295349245,0.38310813903808594,-4.599814863885957,0.0466164880993416,25.615174980454825,-0.39410051353634,0.19049076391225403,-0.18966955252775441,0.0014745029984624125,1
5.556137800216675,0.2704576253890991,0.002935301512479782,0.6298123002052307,0.047692373283018695,0.0032946290344210752,-0.002022436469991723,0.04493718874419317,0.19344162101821816,-0.004356997654368033,0.4182600677013397,-0.013083167374134017,0.38018542528152466,-4.618730957365845,0.08778730169044349,25.626462976869195,-0.3904921065319469,0.20004197917403635,-0.1894999385154381,0.0010307759985153098,1
5.566116571426392,0.2720327079296112,0.00333248358219862,0.6299095153808594,0.04433837905820343,-0.00033149461124436653,0.005323726553059494,0.05176623443010975,0.19299038629383025,0.0013154578624505753,0.3637043833732605,-0.03896990045905109,0.35516980290412903,-4.609115549853997,0.1268886681242156,25.606512086011477,-0.38379691992401,0.2157086035499752,-0.1851207898184124,0.0010446749984112103,1
5.576106071472168,0.27359768748283386,0.003696745727211237,0.6300436854362488,0.04612928628854105,-0.004270684439536287,0.0013886549177255041,0.055417203769045464,0.1924845198140126,0.0045938155319742435,0.30204668641090393,-0.04365544021129604,0.3188569247722626,-4.620965825826921,0.16399858283251456,25.614662425430407,-0.36260783948168446,0.2196113596276883,-0.1735629268245782,0.0010517999980947934,1
5.586120367050171,0.2751682698726654,0.004016346298158169,0.6301360130310059,0.046446013993113995,-0.011396645493313817,-0.003197739708398486,0.05855396173069538,0.19199478045557106,0.0077983555075697986,0.2553550899028778,-0.05320178344845768,0.3084680438041687,-4.642547433190002,0.2098846574472248,25.62871856591951,-0.3485803637840826,0.22628218820540572,-0.16969200830988065,0.0010513109991734382,1
5.596121549606323,0.27671635150909424,0.004256277345120907,0.6302140355110168,0.04514767973588411,-0.016187198454115564,-0.0002638854138593837,0.061196322969681916,0.19130461927382347,0.010717009429452862,0.17903965711593628,-0.05312285944819447,0.2769837975502014,-4.649945931059769,0.24683220253808036,25.621300542257053,-0.31617870784337293,0.22841049674409464,-0.1592394301634963,0.0011776600003940985,1
5.606196165084839,0.27982762455940247,0.004628555383533239,0.6303272247314453,0.04484292483200941,-0.026264917059451467,-0.008624332403574445,0.06337296255635705,0.19037066696060956,0.014459766088672055,0.08184719830751419,-0.06071881204843518,0.23321640491485596,-4.679361357988866,0.29866633209163235,25.643825281213026,-0.26846271203111904,0.23388090231774164,-0.14173082902002804,0.0011547520007297862,1
5.616138935089111,0.28135037422180176,0.004713716916739941,0.6303417086601257,0.043866164992641635,-0.032355390494739115,-0.008495874657238278,0.06378021298000025,0.19003041218532424,0.015580444033489904,0.027404658496379852,-0.07256937026977536,0.21631260216236115,-4.6980613831092715,0.3407218298710833,25.645680791447948,-0.24306966764440927,0.24267648294977615,-0.13383386599766442,0.0008967430003394838,1
5.626175403594971,0.28287628293037415,0.004747848026454449,0.6303415894508362,0.045175712030308804,-0.034902389799605485,-0.012684731721931557,0.06393733278241998,0.18889818952644433,0.018561990134994044,-0.051784053444862366,-0.06797830015420911,0.1862105429172516,-4.724388698212711,0.3731105441317972,25.657488288309537,-0.20049837027272588,0.24225193466606174,-0.12110932439029565,0.0011607579981500749,1
5.637605667114258,0.2843806743621826,0.004726920742541552,0.630320131778717,0.04246212886415794,-0.041958544236679746,-0.01305461682958318,0.06303596573849424,0.18822179648876514,0.020121302041221423,-0.1367080956697464,-0.06830563396215437,0.1441831886768341,-4.738111958939727,0.40377715915919127,25.65956159659316,-0.15130658301565797,0.24601457269407612,-0.10461397407417433,0.0011274419994151685,1
5.646121025085449,0.2843806743621826,0.004726920742541552,0.630320131778717,0.04246212886415794,-0.041958544236679746,-0.01305461682958318,0.06303596573849424,0.18822179648876514,0.020121302041221423,-0.1367080956697464,-0.06830563396215437,0.1441831886768341,-4.746176293332948,0.4223077075117433,25.659624112259902,-0.15067397727672738,0.2462400930538632,-0.10121765836035501,0.001014293000480393,1
5.65611457824707,0.2858581840991974,0.004648418165743351,0.6302812099456787,0.04165227638204064,-0.0467542033109357,-0.015618226044983396,0.06152077388282473,0.18756188451394085,0.021521864722072515,-0.2023218423128128,-0.06678511947393416,0.12956871092319489,-4.758212981899813,0.44220501608225665,25.66674405947801,-0.1108123317675459,0.2475242789203165,-0.09497482654601444,0.0010379700033809058,1
5.6661036014556885,0.28732699155807495,0.0045162406750023365,0.6302222609519958,0.04218305963678778,-0.05087272790117108,-0.017729453584666963,0.05801208265414681,0.18669767600070042,0.023094708776528527,-0.2695815861225128,-0.06100136786699294,0.09321036934852601,-4.774801290444963,0.4580775159009284,25.673439325440246,-0.06199101944325203,0.2470176382109667,-0.08007786072434867,0.0011384080025891308,1
5.676110029220581,0.2887701094150543,0.004338713362812996,0.6301588416099548,0.03924672292330356,-0.05504853642320668,-0.014670297063830396,0.056520955199504286,0.18639640250495004,0.023474721356569805,-0.3126944303512573,-0.05474691838026046,0.07097078859806061,-4.775871446495203,0.47176226899910295,25.665056460812,-0.03311443438928442,0.24480299094356747,-0.0684736414844649,0.0010522880002099555,1
5.686160087585449,0.2901901304721832,0.0041093542240560055,0.6300987601280212,0.03935806823157964,-0.05982607601471294,-0.016833029775828668,0.05116437625966652,0.18559571814299503,0.024211979660485383,-0.37848585844039917,-0.057230193167924874,0.0404273308813572,-4.784564877220664,0.48265695538875286,25.670124951099133,0.02077141565471652,0.2486403217889495,-0.053580473372744936,0.0010369219999120105,1
5.696106910705566,0.29158350825309753,0.003841097466647625,0.6300321221351624,0.0363708361273286,-0.06285225595332239,-0.015011381632206815,0.04698352667033934,0.18506908401910938,0.02449422050344019,-0.43641793727874756,-0.0569472536444664,0.01814262010157109,-4.782610109176477,0.4871539875813097,25.665704087589113,0.06674627309135148,0.2505230859350786,-0.0410258027564979,0.0010319639986846596,1
5.706125974655151,0.29298609495162964,0.003495184239000082,0.6300175786018372,0.034926712111849556,-0.06664432560127863,-0.015817243226768526,0.04241031410453555,0.1846425897885453,0.024501430771660004,-0.46506401896476746,-0.05517204850912094,-0.008063119836151593,-4.784002963509249,0.49279344968729744,25.667677709535557,0.09847698204348612,0.25106655515969095,-0.027697741432650493,0.0010009520010498818,1
5.716127634048462,0.29577040672302246,0.0026465337723493576,0.6300363540649414,0.03247975177220596,-0.07109424465244066,-0.012106838152330329,0.037528522270624975,0.18417120699473566,0.02427522796667425,-0.4860740900039673,-0.05117904767394066,-0.02302062511444091,-4.779979079414303,0.49938627020710524,25.657038061249853,0.12026405041167591,0.2500585143685306,-0.017980077316655813,0.000998088999040192,1
5.7261247634887695,0.2971422076225281,0.0021496794652193785,0.6300753355026245,0.02820761863397714,-0.07407278556687526,-0.010048931342800297,0.02966751632408471,0.1835614950381208,0.023774735845813133,-0.522800624370575,-0.05044811591506005,-0.03695867955684661,-4.767474410653348,0.4993242203979857,25.650536981386402,0.16289102222951068,0.2520037730395337,-0.008314437736856941,0.0010212769993813708,1
5.736211538314819,0.2984786629676819,0.0016418029554188251,0.630132794380188,0.027503019072948432,-0.07253993288312344,-0.008933769728497902,0.02433820182394353,0.1830615807146545,0.023149443442242568,-0.5382009148597717,-0.04904689267277718,-0.06425155699253082,-4.760430005268859,0.5015503037745612,25.649712065646337,0.1735785826415436,0.25280395022336577,-0.00637672116979564,0.0012046910014760215,1
5.7464118003845215,0.2997997999191284,0.0011316781165078282,0.6301825046539307,0.0263873823209896,-0.07363783569645824,-0.011608494330862399,0.018815678150136073,0.1827807398531771,0.022476230272830744,-0.5351402163505554,-0.03596717864274979,-0.06935307383537292,-4.764940408293171,0.48854353033400444,25.655347044989302,0.21096477516729123,0.24747432751049428,0.009103948783777415,0.001035455999954138,1
5.756147861480713,0.2997997999191284,0.0011316781165078282,0.6301825046539307,0.0263873823209896,-0.07363783569645824,-0.011608494330862399,0.018815678150136073,0.1827807398531771,0.022476230272830744,-0.5351402163505554,-0.03596717864274979,-0.06935307383537292,-4.767783680853914,0.48266322039007187,25.656069919662823,0.21848361917757678,0.2477719147628053,0.012364735021826974,0.0008877330001269002,1
5.766120433807373,0.30229565501213074,7.867731619626284e-05,0.6302953958511353,0.01962056194871801,-0.07267376028662687,-0.006806345807360519,0.005560277011455561,0.18220396644970815,0.020493322181080575,-0.4999937415122986,-0.03137302771210672,-0.08502092957496643,-4.7584592145991955,0.4769585085533238,25.64898968960037,0.23273459417336034,0.24648647508026092,0.017539522003021203,0.0012607060016307514,1
5.776124000549316,0.30229565501213074,7.867731619626284e-05,0.6302953958511353,0.01962056194871801,-0.07267376028662687,-0.006806345807360519,0.005560277011455561,0.18220396644970815,0.020493322181080575,-0.4999937415122986,-0.03137302771210672,-0.08502092957496643,-4.747109820206942,0.46115243896918284,25.642938490201242,0.24558007958914985,0.2479470305317657,0.023759939060134273,0.0010395070021331776,1
5.786139965057373,0.30349358916282654,-0.00043642736272886395,0.6303511261940002,0.01834649953972424,-0.07036780560879433,-0.010336490812721543,0.0030954618098544273,0.18216748398913385,0.020017360184197752,-0.47926661372184753,-0.01999383792281152,-0.08899912238121033,-4.749948053744835,0.4466377879558493,25.652836599268944,0.2434382930165864,0.2421017003199946,0.027141576386719272,0.0010265149976476096,1
5.79614782333374,0.3047187626361847,-0.0010030741104856133,0.6304229497909546,0.017131641490944788,-0.06753005831901362,-0.010006666238986196,-0.003799512423552809,0.18214791113871742,0.01877341933340615,-0.43553927540779114,-0.0025807868223637447,-0.08523127436637878,-4.754148321358177,0.42680596625808065,25.653740916390543,0.24372231996681942,0.2329465282836715,0.028504578858661707,0.0011556589997780975,1
5.806170225143433,0.30589768290519714,-0.001577991177327931,0.6304794549942017,0.013346889873987345,-0.06900271771967548,-0.011577775895511294,-0.007971172409057647,0.18227382115621804,0.01783862942223635,-0.383309006690979,-0.0034257418010383957,-0.09258170425891876,-4.7551968487152045,0.41853756823554594,25.65913718316649,0.2302794397817661,0.23319198328481516,0.032269653264748496,0.0011381980002624914,1
5.8161256313323975,0.30811190605163574,-0.0026756601873785257,0.6305851936340332,0.007235520934991928,-0.0631184503448185,-0.010756809288465997,-0.011544042898731899,0.18240377222298143,0.01697264241893759,-0.3349512219429016,0.012209475971758355,-0.08679091930389404,-4.748960630712073,0.40314162688786404,25.65795074615345,0.21689068072359444,0.22489988514146125,0.03189665113490653,0.0008666399990033824,1
5.826201915740967,0.3092154264450073,-0.0032547812443226576,0.6306532621383667,0.006376214730765915,-0.05695774778971613,-0.011177005264964809,-0.011544042898731899,0.18240377222298143,0.01697264241893759,-0.3349512219429016,0.012209475971758355,-0.08679091930389404,-4.745232954921199,0.3938460083427774,25.657830655228885,0.21666596875604194,0.22478392502938555,0.03179170676577676,0.0013572320021921769,1
5.837520360946655,0.3102918267250061,-0.0037998780608177185,0.6306941509246826,0.0034567739760958346,-0.05584292861516833,-0.013828431183234834,-0.018070832115119728,0.18305788874591045,0.014683036164190533,-0.19320029020309448,0.03163085877895354,-0.09039115905761719,-4.750972284094448,0.372755877049913,25.666964469902005,0.15619730182574743,0.2132719868953228,0.033545088239798786,0.0011801749969890807,1
5.846112012863159,0.31132814288139343,-0.004333521705120802,0.6307240724563599,0.002273820797561638,-0.05288544669878269,-0.015999473627626052,-0.019566019479128727,0.1834607934351089,0.013827222967913055,-0.13574154675006866,0.02944716066122054,-0.0866827666759491,-4.760085121930425,0.3571221400791056,25.674411653298147,0.13663449947344927,0.2127790560899585,0.03324424079273295,0.0010502629993425217,1
5.856112480163574,0.31132814288139343,-0.004333521705120802,0.6307240724563599,0.002273820797561638,-0.05288544669878269,-0.015999473627626052,-0.019566019479128727,0.1834607934351089,0.013827222967913055,-0.13574154675006866,0.02944716066122054,-0.0866827666759491,-4.765522887411792,0.34910268561390345,25.67535761072665,0.13824865857345073,0.21230150840516343,0.03350325044194137,0.0010565480006334838,1
5.866114139556885,0.3123213052749634,-0.00485864607617259,0.6307438015937805,-0.0026638336559588337,-0.05151954295156277,-0.015980649649583623,-0.020375692699817982,0.18384395732668635,0.01290365777123803,-0.03995651379227638,0.032293338328599916,-0.08702319860458374,-4.761078781531232,0.3486949868644878,25.67548229339219,0.09043463639589323,0.20989922274802209,0.03320076816080077,0.0010228840001218487,1
5.876125335693359,0.31325826048851013,-0.0053550065495073795,0.6307619214057922,-0.005412570227166718,-0.047619659459236505,-0.013995330747189214,-0.02041280022196812,0.1842948423007278,0.012090795174314994,0.027901213616132736,0.04069309309124946,-0.08089392632246017,-4.752373286683642,0.3460913284960044,25.669336866689353,0.05411138930421633,0.20408206132432893,0.03064255234869968,0.0010546630001044832,1
5.886124849319458,0.3141483962535858,-0.005825957749038935,0.6307891607284546,-0.009863014477774242,-0.044867210126490954,-0.012664829097879077,-0.019781479112215283,0.18471266465977587,0.011278951897395917,0.09195763617753983,0.03821060433983802,-0.0819454938173294,-4.737330806318985,0.3450338585875675,25.664618477496255,0.01783263405989343,0.2043012793519756,0.030014391191660512,0.0010560599985183217,1
5.89612340927124,0.3149937689304352,-0.006280899979174137,0.6308359503746033,-0.010317506257915466,-0.03850866481437553,-0.012539220060997756,-0.017810105398440523,0.18522351998806919,0.010024263722189009,0.1705159693956375,0.03236325085163116,-0.08075293153524399,-4.730462628487793,0.33803651692235015,25.662977843461107,-0.03038548297948051,0.20567508256823538,0.028771476158368517,0.0010985960034304298,1
5.906113862991333,0.315820574760437,-0.006719422992318869,0.6308670043945312,-0.011756371019397778,-0.038685835941180434,-0.01427463125178185,-0.015753458070029147,0.18570561894126758,0.009197285022594315,0.22294379770755768,0.03801921755075454,-0.07936571538448334,-4.730583793269431,0.3419530459865364,25.66755710740186,-0.06582610630743684,0.20116211432108622,0.027319267787317608,0.001057876001141267,1
5.916112184524536,0.31658896803855896,-0.007161032408475876,0.6309012770652771,-0.01521336783640196,-0.03640348469193697,-0.014992186284738092,-0.013224416530110084,0.18605444356450684,0.008321048667665476,0.2847076952457428,0.025672975927591313,-0.09021876007318497,-4.7260484367284,0.3474941145399132,25.670344632640642,-0.10698645823008548,0.2068134011646252,0.02998589083247461,0.0010638820021995343,1
5.926114797592163,0.31729358434677124,-0.007600769400596619,0.6309388279914856,-0.021851643903442568,-0.03515440225283728,-0.012195853565548094,-0.010230827572785373,0.1862907615537508,0.0074512970857423255,0.3212043344974518,0.012694896198809136,-0.08648578077554703,-4.703280363552514,0.3559582090711726,25.66304136749923,-0.1370706672658409,0.2135570797441823,0.028551793565051026,0.0010431390001031104,1
5.936192035675049,0.3185628354549408,-0.008457704447209835,0.6310762763023376,-0.024310136405446773,-0.030130377068182113,-0.012805682056372218,-0.006828222890983504,0.1863502255209295,0.00657035640617698,0.36297446489334106,0.009223263710737216,-0.09307869523763657,-4.689873904190342,0.3609765334230737,25.66225610406117,-0.13744090944241458,0.21366012783467156,0.028260887851766055,0.0014690550015075132,1
5.9462080001831055,0.31915849447250366,-0.008871770463883877,0.6311355233192444,-0.02625167932787621,-0.028587011624077813,-0.012801174885414839,-0.001207680284064594,0.1865482639879863,0.005023290052370122,0.39764565229415894,0.0020999710541218393,-0.10334806889295578,-4.6788837816662765,0.3684030671597626,25.66374987499508,-0.20004612534820804,0.21880377685078,0.03151671001546474,0.002624783999635838,1
5.956415891647339,0.3197122812271118,-0.00929667241871357,0.6311653852462769,-0.03064282421003399,-0.030496871097561936,-0.016364818530713397,0.0027479552137386065,0.18656209548385316,0.003906259945346768,0.42524048686027527,-0.009011491201818003,-0.11199796944856644,-4.670483937499657,0.3853314797179276,25.67520113693838,-0.23093815584737787,0.22483645414980488,0.03483317831773609,0.0008410759983235039,1
5.9660964012146,0.32019561529159546,-0.0097251171246171,0.6311969757080078,-0.03517295813909846,-0.028552833946351008,-0.01246008752059077,0.006934237565364931,0.18653443214194843,0.002742062930920053,0.423105925321579,-0.013323602266609684,-0.12238200008869171,-4.665487063043042,0.39596717082484734,25.676950215213225,-0.23647467486880633,0.2248781900060255,0.036157557055431146,0.001029238999763038,1
5.97610330581665,0.3206498920917511,-0.010139589197933674,0.631223201751709,-0.03521883151943131,-0.028113171429899556,-0.01691875514512905,0.013059492216242585,0.1863874797517977,0.000658031129260106,0.4355889856815338,-0.014908959157764929,-0.14086277782917023,-4.6556984395090275,0.41044095247242784,25.6792780982612,-0.2678356085116592,0.22843328320797174,0.04473916512593057,0.0010265150012855884,1
5.98610258102417,0.3206498920917511,-0.010139589197933674,0.631223201751709,-0.03521883151943131,-0.028113171429899556,-0.01691875514512905,0.013059492216242585,0.1863874797517977,0.000658031129260106,0.4355889856815338,-0.014908959157764929,-0.14086277782917023,-4.6499649364670725,0.4193149261570931,25.67970330514459,-0.2762320543287928,0.22862605145772608,0.04766415818753415,0.0010475380004209,1
5.996109962463379,0.3210544288158417,-0.010552360676229,0.6312111020088196,-0.0399767312278342,-0.028763581038444137,-0.019495847871688777,0.015212313433891733,0.18643035871685099,-0.00010338765985729026,0.44586655497550964,-0.012800264172256012,-0.15312506258487701,-4.6423078054980165,0.4314784550755657,25.68808579873926,-0.2887429110730015,0.22766828357873664,0.052369020197237895,0.001051241000823211,1
6.006235122680664,0.32140082120895386,-0.010966909117996693,0.6312021017074585,-0.042506043014559854,-0.029547512505484354,-0.01959072576107683,0.021387739075851453,0.1862187202045691,-0.0025574043575065097,0.43702030181884766,-0.019477978348732015,-0.16504862904548645,-4.632618424585525,0.4472258894007584,25.69001728966544,-0.3048680584737536,0.23179394614848606,0.057618178394796264,0.0015924710023682564,1
6.016113042831421,0.3217046558856964,-0.011398015543818474,0.6311782002449036,-0.04622113747290532,-0.03064392124710623,-0.01999214368585131,0.02532639854260932,0.186166566611647,-0.004402510170113061,0.41917505860328674,-0.013596649281680607,-0.1839246153831482,-4.620576618747674,0.463039458988975,25.692015045482915,-0.308467761207276,0.22898140103127457,0.06570887543141013,0.0008878730004653335,1
6.026113271713257,0.3219703435897827,-0.011838454753160477,0.631155252456665,-0.04704127836646937,-0.030489502465061623,-0.019988078538070653,0.028978316354468348,0.1860798606924221,-0.00643841983979998,0.39564499258995056,-0.014407035894691968,-0.20255927741527557,-4.612563610242292,0.47460280615149,25.69248872125032,-0.30783411287715323,0.22944238593355704,0.07461005966632459,0.0012130720024288166,1
6.036169767379761,0.3222007751464844,-0.012298204004764557,0.6311096549034119,-0.05125730526330205,-0.03386138364898161,-0.021388801666965284,0.03387686154107694,0.18605911487834925,-0.009597716872563833,0.3517046570777893,-0.018190152943134336,-0.21250855922698975,-4.601691296386971,0.491958069452767,25.69730697458582,-0.30121956096258495,0.2315883804268749,0.08121426607117295,0.0016189429989026394,1
6.046136856079102,0.3223744332790375,-0.01279949489980936,0.6310582756996155,-0.055601697973151405,-0.03684020764608582,-0.02182108397452676,0.03674917717255921,0.1859263298415903,-0.01201970033431854,0.31430304050445557,-0.01708080619573596,-0.23991771042346954,-4.586668442519214,0.5100624217790654,25.69991625128927,-0.290439046009044,0.2315536025721982,0.09346663416245185,0.0011019489975296892,1
6.056129455566406,0.3225769102573395,-0.013795953243970871,0.6309890747070312,-0.06063023583907659,-0.0393598414873892,-0.022902190639860043,0.03896044731685677,0.18591670180340092,-0.014607417547917834,0.27950602769851685,-0.018423546105623276,-0.2524239420890808,-4.56898518302176,0.5281770196658573,25.70427393725666,-0.2763808252267909,0.2325603212624597,0.10068135643307288,0.0010484459999133833,1
6.066104173660278,0.3225769102573395,-0.013795953243970871,0.6309890747070312,-0.06063023583907659,-0.0393598414873892,-0.022902190639860043,0.03896044731685677,0.18591670180340092,-0.014607417547917834,0.27950602769851685,-0.018423546105623276,-0.2524239420890808,-4.558496011303678,0.5411762374516256,25.705048695872453,-0.27909841885730113,0.23243080060972487,0.10338579270344506,0.0010050040000351146,1
6.0761168003082275,0.3225485384464264,-0.014900431036949158,0.6309601664543152,-0.06816204689020423,-0.042708176772741926,-0.018089963253321566,0.04237105067197966,0.18567075445233083,-0.020026434905702217,0.16859585046768188,-0.02227118238806728,-0.2836345434188843,-4.527383927464405,0.5531887559898686,25.695224513074802,-0.25712161265385247,0.24017912016333318,0.108698591490952,0.0012843839976994786,1
6.086105823516846,0.3225485384464264,-0.014900431036949158,0.6309601664543152,-0.06816204689020423,-0.042708176772741926,-0.018089963253321566,0.04237105067197966,0.18567075445233083,-0.020026434905702217,0.16859585046768188,-0.02227118238806728,-0.2836345434188843,-4.506031942194607,0.5570784763146073,25.690768775107404,-0.2309529612514993,0.23576909998101006,0.11994477761256829,0.0009932690009009093,1
6.0961151123046875,0.32248732447624207,-0.015482268296182156,0.6309295892715454,-0.07012812066099505,-0.04700506839939517,-0.022487306499725357,0.04305545887534201,0.18562809379763312,-0.022908215733252302,0.1158113107085228,-0.02106021344661716,-0.2826578617095947,-4.498394012568617,0.5686580618463974,25.703581098281923,-0.2055828460144093,0.2353118076318335,0.1241899549708171,0.00106611699811765,1
6.10611367225647,0.3223628103733063,-0.016107337549328804,0.630903959274292,-0.07693215468962625,-0.04932868473376592,-0.01948618673111959,0.04325297898225999,0.18558951926121736,-0.027381516478500068,0.040750667452812195,-0.023318774998188057,-0.30027076601982117,-4.471304754683577,0.5719077982763732,25.697477379574764,-0.16582001468261473,0.23722443685269243,0.13493796927427287,0.0010307060001650825,1
6.116110563278198,0.322176069021225,-0.016733448952436447,0.6309158205986023,-0.07877716461787178,-0.04925941268399195,-0.017739661545875675,0.04252530909153629,0.185404836278813,-0.030578535657312056,-0.027799880132079124,-0.01704999804496769,-0.31231921911239624,-4.447347202515993,0.5657682526122076,25.69199555012873,-0.12618600141425518,0.2346639429093274,0.1444596624876541,0.0010602509973978158,1
6.126111745834351,0.3219621181488037,-0.017377739772200584,0.6309099197387695,-0.08173078349488708,-0.052080526534178925,-0.021979913536312776,0.04112773503036138,0.18542481418682755,-0.03370816327345372,-0.08292239904403687,-0.018158018589019814,-0.30531853437423706,-4.434888936373937,0.564794265484554,25.704539332249915,-0.09240965983105803,0.23552393429448085,0.14692359042615874,0.0010198810014117043,1
6.136140584945679,0.32168594002723694,-0.018070265650749207,0.6308953166007996,-0.08777079770455888,-0.05563494896469664,-0.017517988124810546,0.03937061734732561,0.18538201102751595,-0.036823912080819365,-0.1329728066921234,-0.020582687109708824,-0.30917495489120483,-4.40318146155549,0.5650574957344174,25.69409870739985,-0.059760641176475116,0.23761583069226513,0.15176009860773193,0.0012007089972030371,1
6.146400451660156,0.32135245203971863,-0.018768522888422012,0.6309109926223755,-0.08911213304292674,-0.0531720851755955,-0.01917810465730154,0.037145351207736876,0.18536260874724197,-0.04004079714937214,-0.1819993108510971,-0.004104522056877651,-0.31067249178886414,-4.385277262708068,0.5528541197149995,25.69828091801216,-0.025573349482313087,0.22917714920341284,0.15652260762092488,0.0026599859993439168,1
6.156353235244751,0.32059288024902344,-0.020200215280056,0.6308473944664001,-0.0944599292083398,-0.056854783878871336,-0.023279583063105593,0.032807869733685546,0.1856638549880909,-0.04456160936792086,-0.2519446909427643,0.003521075239405,-0.2939097583293915,-4.370159100423075,0.5440296644361886,25.712333475693463,0.01996004362933644,0.22517540261406158,0.15452979500873187,0.0008442889993602876,1
6.166100978851318,0.32014355063438416,-0.020935043692588806,0.6308308243751526,-0.0971197565982372,-0.055812455120486396,-0.02148818974406187,0.02941248456504919,0.18576077789886458,-0.04753908987956956,-0.29096120595932007,0.006038791500031912,-0.2947973906993866,-4.350253363940201,0.5299912128181795,25.70992705219221,0.05400937133686172,0.22356482681721213,0.15824662720658067,0.0010331509984098375,1
6.176099061965942,0.32014355063438416,-0.020935043692588806,0.6308308243751526,-0.0971197565982372,-0.055812455120486396,-0.02148818974406187,0.02941248456504919,0.18576077789886458,-0.04753908987956956,-0.29096120595932007,0.006038791500031912,-0.2947973906993866,-4.3384314463653055,0.5237945468025168,25.7098125717253,0.0587641676189983,0.22331098721897027,0.1601748639475846,0.0010163180013478268,1
6.186115503311157,0.3191244304180145,-0.022403497248888016,0.6307471394538879,-0.10371389319516937,-0.0556697463734212,-0.022497751816324824,0.021376943992833297,0.18619083816125803,-0.05307744495828448,-0.3736242949962616,0.010658210143446891,-0.25693777203559875,-4.328349458257007,0.5141864846821603,25.718553747456003,0.09861117842216952,0.22043878183105212,0.15933654633852148,0.0012038530003337655,1
6.196109294891357,0.3191244304180145,-0.022403497248888016,0.6307471394538879,-0.10371389319516937,-0.0556697463734212,-0.022497751816324824,0.021376943992833297,0.18619083816125803,-0.05307744495828448,-0.3736242949962616,0.010658210143446891,-0.25693777203559875,-4.310449790405021,0.49923927522855616,25.716102750970812,0.1289619585295089,0.2206501094660561,0.1535691861484505,0.0010314040009689052,1
6.206156253814697,0.3185464143753052,-0.02313346229493618,0.6306900382041931,-0.1077865665420407,-0.05426854954007741,-0.026136979613063258,0.0169480483652249,0.18632211445995317,-0.05567347259716815,-0.40286827087402344,0.008169836364686458,-0.2533667981624603,-4.296269519019504,0.4802117792669959,25.72800280544499,0.15984167373624758,0.22206226880117658,0.15419013973408977,0.001135544000135269,1
6.216163635253906,0.31790974736213684,-0.023867111653089523,0.6306461095809937,-0.1112259784268762,-0.052282879769902264,-0.02184109219685415,0.010173317869108356,0.18661594856355457,-0.05918507931939043,-0.42538177967071533,0.02260890230536458,-0.21443364024162292,-4.2704639758511815,0.4527386210998568,25.718289165941076,0.19398517005250882,0.21403962730029719,0.14480578539214456,0.0014669599986518733,1
6.226151466369629,0.3172479569911957,-0.024559689685702324,0.6306184530258179,-0.11044974658894668,-0.04862925363488887,-0.022925058885883545,0.005557024651286824,0.18676066593315888,-0.06118514084730453,-0.4280685484409332,0.01893232390284536,-0.19265036284923553,-4.257089969559812,0.422198839001804,25.720898065432607,0.21105346405535746,0.21536403649987582,0.13756175505105794,0.0009649819985497743,1
6.236120939254761,0.316555917263031,-0.025274911895394325,0.6305646896362305,-0.11429389583090054,-0.04870141275604067,-0.026471653317797366,0.0009078850190951115,0.18709602977346318,-0.06296531960180385,-0.42555418610572815,0.020294316112995127,-0.17442312836647034,-4.24620400892668,0.4002187932761275,25.73310326958363,0.22506291803042075,0.21391206644463234,0.131856266492621,0.0010665369991329499,1
6.246151447296143,0.31581395864486694,-0.025973083451390266,0.6305210590362549,-0.11691881791478681,-0.04418548445988556,-0.022360414417839404,-0.0035415941236789372,0.18720144377341752,-0.06448396747673302,-0.4301646947860718,0.016733292490243894,-0.14445920288562775,-4.221744516003106,0.372275507979664,25.723757222092946,0.2420501162321565,0.21576283605540367,0.12221959849896709,0.001163271997938864,1
6.256108522415161,0.31502363085746765,-0.026622112840414047,0.6304946541786194,-0.12122679526709298,-0.041067707787609105,-0.020217765540378706,-0.009943897142102642,0.1874105601938103,-0.0661942720286377,-0.3974536657333374,0.012880260124802577,-0.10091518610715866,-4.189747860130236,0.34449287774976206,25.71763512124831,0.24538379611567707,0.2174567744952275,0.10709995655301942,0.0009912430032272823,1
6.266131162643433,0.31334567070007324,-0.02781456895172596,0.6305043697357178,-0.1220413073942318,-0.031711801876287124,-0.020844640180258712,-0.0138322365616661,0.18749985798913382,-0.06692206714925586,-0.3737366795539856,0.008147380314767352,-0.07411590963602066,-4.163189765979853,0.3044407263427406,25.719742257037566,0.24094228098067186,0.21981362771052365,0.09547876110715545,0.001056548997439677,1
6.276111602783203,0.3124690353870392,-0.028375808149576187,0.6304989457130432,-0.12655392326222642,-0.027449154061072647,-0.018159486672384983,-0.01747054129462855,0.18775494762841838,-0.06744993849231129,-0.35062408447265625,0.013008325360715384,-0.04406638443470001,-4.128097779130069,0.2723837984312945,25.713373128628085,0.24054380633539302,0.2169239395720834,0.08351022703672775,0.0010565490010776557,1
6.286179304122925,0.31156036257743835,-0.028900444507598877,0.6305038928985596,-0.12811647355888656,-0.02547725661668391,-0.021014932515782913,-0.020772957634069833,0.18781691993014915,-0.06755293531822737,-0.3114899694919586,0.015668950974941254,-0.003828270826488735,-4.1071862930439975,0.2547910995714888,25.712818419924314,0.24521367473473482,0.2164893030419827,0.08110354215559772,0.0011696990004566032,1
6.296110153198242,0.3105834126472473,-0.029418449848890305,0.630477786064148,-0.13298611345598188,-0.01870519285613544,-0.02046743751403605,-0.023509773659251998,0.18812220324155238,-0.06736354624663754,-0.2733883559703827,0.024467386305332187,0.022996449843049046,-4.093996508793028,0.24109277227870526,25.7220920007169,0.23453004332606736,0.21478009698071854,0.06680777767198784,0.0013473850012815092,1
6.306105852127075,0.3105834126472473,-0.029418449848890305,0.630477786064148,-0.13298611345598188,-0.01870519285613544,-0.02046743751403605,-0.023509773659251998,0.18812220324155238,-0.06736354624663754,-0.2733883559703827,0.024467386305332187,0.022996449843049046,-4.069945846618802,0.21987090775689802,25.722911752257478,0.22320633658506925,0.2093524763065676,0.05449597254406359,0.0010175060015171766,1
6.316142320632935,0.3095436096191406,-0.02989724650979042,0.6304517388343811,-0.13357308524742423,-0.013325022848859556,-0.022725757209576033,-0.025835008127955916,0.18823542937917992,-0.0669338539898483,-0.23753033578395844,0.02046587690711022,0.04758669435977936,-4.0544085657848905,0.19652290525426264,25.730394121569805,0.2116069614922572,0.2108971717355302,0.04313154632317244,0.001035455999954138,1
6.326105356216431,0.3084912598133087,-0.030327627435326576,0.630395233631134,-0.13366796083058055,-0.006983920709175588,-0.02503690426470024,-0.028550559965502487,0.1885883369510739,-0.06563752103829046,-0.1909920871257782,0.020001720637083064,0.0915144830942154,-4.045520999816997,0.17079256226029768,25.738731464697032,0.19508485406306655,0.20972216651250714,0.02460111661788096,0.0010216959999524988,1
6.336126089096069,0.3074348270893097,-0.03069685772061348,0.6303166747093201,-0.1335159393535612,-0.0032481036599761415,-0.027245092745357934,-0.029790527744991024,0.18891851948673288,-0.06442501120833466,-0.13929300010204315,0.030116293579339995,0.11773061752319336,-4.042161863941291,0.1518073822734603,25.746627886576515,0.17119032410021698,0.20303760727437795,0.01040640635163481,0.0012079029984306544,1
6.346744775772095,0.3063408434391022,-0.031028125435113907,0.6302149891853333,-0.1364600661886022,0.0012397592982986104,-0.025734230299247547,-0.03048468994911291,0.18921072146547369,-0.06308110173110215,-0.08820978552103043,0.025348894298076647,0.1400003582239151,-4.025160582474677,0.1373436265855758,25.74380986045121,0.14575819655319913,0.2047226073109585,-0.001708582609335027,0.0024709149984118994,1
6.356412410736084,0.3052184581756592,-0.03131318837404251,0.6301206946372986,-0.1388522389059829,0.005498756770422561,-0.02596006375501084,-0.03070043291689961,0.18954764935221435,-0.06131093139968913,-0.04288462549448013,0.026858195662498495,0.1823963075876236,-4.00568804522168,0.1264272830386569,25.744661190445637,0.12101964931751254,0.20287968273213106,-0.020781359484492418,0.0008069920004345477,1
6.366127252578735,0.30287420749664307,-0.03172535449266434,0.6299681663513184,-0.14035238332227637,0.016601391976764548,-0.022233809209503075,-0.030058825460628658,0.18982809596410988,-0.05826487481124776,0.008269053883850574,0.01270894799381497,0.20079030096530914,-3.972106563612484,0.10467128951775145,25.734322229349694,0.0925734393435252,0.21010533722416744,-0.03256132207221074,0.0010212770030193496,1
6.37616491317749,0.3016945421695709,-0.03184662386775017,0.6298965215682983,-0.13981975614725042,0.02356401638331877,-0.022637466192339056,-0.029655105690500783,0.18995108795675675,-0.05718150916865783,0.052160922437906265,0.01680587604641917,0.21403168141841888,-3.949305783660066,0.08140846068611314,25.73437752240175,0.06692109168709129,0.20719370719655136,-0.04230861234045725,0.0010274240012222435,1
6.386125564575195,0.30050379037857056,-0.031910818070173264,0.6298351883888245,-0.14063125849052088,0.026512312092320196,-0.021412099431953525,-0.027495321829241526,0.1902863975665965,-0.05342132597388183,0.10185889154672623,0.011957005597651036,0.25390955805778503,-3.9266304210229657,0.07365997132645369,25.73109633863768,0.03450338366903965,0.20912179757823324,-0.060323028466653786,0.00103503699938301,1
6.396125078201294,0.30050379037857056,-0.031910818070173264,0.6298351883888245,-0.14063125849052088,0.026512312092320196,-0.021412099431953525,-0.027495321829241526,0.1902863975665965,-0.05342132597388183,0.10185889154672623,0.011957005597651036,0.25390955805778503,-3.9129798446245307,0.06871601277789963,25.730927451655933,0.031356897153526485,0.20861013453951646,-0.06562866106349595,0.001035035998938838,1
6.406149387359619,0.297988623380661,-0.03197873383760452,0.6297400593757629,-0.14556290205227304,0.0331728796254532,-0.01684648065250512,-0.023184028656077604,0.19037765007540042,-0.04807290866366998,0.19470563530921936,-0.003356783650815454,0.27066537737846375,-3.884113310704709,0.07194901432372938,25.722753594683567,-0.002107528238616034,0.21836494316206764,-0.0694644277511731,0.0011391059997549746,1
6.4161717891693115,0.297988623380661,-0.03197873383760452,0.6297400593757629,-0.14556290205227304,0.0331728796254532,-0.01684648065250512,-0.023184028656077604,0.19037765007540042,-0.04807290866366998,0.19470563530921936,-0.003356783650815454,0.27066537737846375,-3.854915349242238,0.07381657280139281,25.717630650590845,-0.03297939357665209,0.21753817464823585,-0.07900129629536536,0.001151258999016136,1
6.426165342330933,0.2966999113559723,-0.03196035325527191,0.6297144889831543,-0.14514312133899873,0.036011256946740657,-0.015452389484484812,-0.020348133182822803,0.1903071502808813,-0.04508108764623309,0.23617500066757202,-0.012675457634031736,0.2959151268005371,-3.829673408444384,0.07948996212822051,25.713207125708266,-0.06554556012047584,0.22284279063996573,-0.09294190838970959,0.0011188509997737128,1
6.436111211776733,0.29537418484687805,-0.03190695866942406,0.6296995878219604,-0.14200016854672645,0.04199435939982768,-0.014499346458391378,-0.015246604362589178,0.1900729395803653,-0.040515574089552864,0.2876832187175751,-0.012720555998384916,0.2954516112804413,-3.8143613049191942,0.08432003813263167,25.709748920004756,-0.10989104455250354,0.22388767987325361,-0.10041334424201892,0.0010727530025178567,1
6.446211338043213,0.29405316710472107,-0.03182848542928696,0.6296647191047668,-0.14353291686518116,0.04334441964013019,-0.01674421404724225,-0.011552577543828768,0.18991974284070512,-0.037343320966368054,0.31266358494758606,-0.025019776076078377,0.3085286021232605,-3.8002078078024186,0.09456020658564131,25.71670064145335,-0.136492288819932,0.23124749692499438,-0.10972273104466387,0.0011430869999458082,1
6.456662893295288,0.29270583391189575,-0.03173288330435753,0.6296253800392151,-0.1435709446799453,0.044472776300637236,-0.015506737233425586,-0.0075208375174193876,0.18958839224359414,-0.03405032500369698,0.34331223368644714,-0.029432471841573677,0.3170992136001587,-3.783112384947876,0.10978621638194304,25.714581719355106,-0.16687531828851698,0.23512454225379328,-0.11810655095771477,0.0011254160017415415,1
6.466144800186157,0.291336327791214,-0.03163814917206764,0.6295710802078247,-0.14740018545192288,0.04373537392098919,-0.01927522100725406,-0.0031618016261236725,0.18938336359795294,-0.030917684735821904,0.3756828308105469,-0.027783486992120705,0.3062395453453064,-3.766699689456648,0.13273649588682687,25.72670383888515,-0.19881309341404602,0.23557946900614676,-0.11947101603566285,0.0010274940032104496,1
6.4761433601379395,0.2885502576828003,-0.03138212114572525,0.6294456720352173,-0.1437911540388884,0.046413488853993955,-0.021978317493024584,0.003728373786988204,0.18880496462859053,-0.026113406095748637,0.40045368671417236,-0.03453903645277019,0.31280434131622314,-3.756773610418244,0.14646759252186406,25.728647296548164,-0.19918538517929266,0.23538114951158468,-0.11971331654237619,0.0012698560021817684,1
6.486138105392456,0.2871532142162323,-0.031246833503246307,0.6293196082115173,-0.1466066837321726,0.04617966712125978,-0.023586960461664672,0.008368140602976748,0.18865781374384927,-0.022919136360648906,0.4008675813674927,-0.02407742664217945,0.30978021025657654,-3.746154461416713,0.17655486910763388,25.74314999485494,-0.24549189303479294,0.2363657001190179,-0.1279081261195885,0.001050820999807911,1
6.496105194091797,0.2857295274734497,-0.03111802041530609,0.6292001008987427,-0.1477267295698023,0.04498918015351131,-0.022506912090642803,0.013018808137617466,0.18842609532457288,-0.01989644307781857,0.4082264304161072,-0.016280520707368816,0.28923600912094116,-3.7393629766739034,0.19365447952416398,25.745350866733418,-0.25198105322298636,0.2364616941945562,-0.1308001535290061,0.0012592399980349,1
6.506109714508057,0.2842772603034973,-0.0310005322098732,0.62907874584198,-0.14942082767741582,0.04451601603871438,-0.02234478055995643,0.017593698807782054,0.18816692942100888,-0.016951667500158862,0.3996441662311554,-0.018761459738016094,0.2854432463645935,-3.72555414670007,0.2168734100813276,25.743160271124314,-0.27110338739915607,0.23348068074624964,-0.12729829682310956,0.001215585998579627,1
6.516101121902466,0.2842772603034973,-0.0310005322098732,0.62907874584198,-0.14942082767741582,0.04451601603871438,-0.02234478055995643,0.017593698807782054,0.18816692942100888,-0.016951667500158862,0.3996441662311554,-0.018761459738016094,0.2854432463645935,-3.7071061496689097,0.24105232401474602,25.743261730347253,-0.28219449279094844,0.23594728362037,-0.1280357527863229,0.0010209969987045042,1
6.526109933853149,0.28280168771743774,-0.03088347800076008,0.6289746165275574,-0.14800970258648144,0.04479160920793125,-0.020422091755601675,0.0219909973686363,0.1878969635931491,-0.014137270023419468,0.3680993616580963,-0.01042128354310986,0.26550835371017456,-3.6904187980946466,0.260738998730989,25.737987866590153,-0.27981965396372027,0.2324199598134655,-0.12357171893727921,0.0010216959999524988,1
6.536185264587402,0.28133425116539,-0.03078089840710163,0.628847599029541,-0.14811100082844664,0.04131267617049137,-0.025833925747470936,0.02783158660969809,0.1876990966367713,-0.010338562287354414,0.3364304006099701,-0.006737570278346509,0.24147868156433105,-3.686559432471044,0.29265028523812664,25.753983614044344,-0.2823750322004133,0.23109986562077867,-0.11756573742468293,0.001147208000475075,1
6.5464026927948,0.27827200293540955,-0.030661137774586678,0.6286441683769226,-0.15197569132244762,0.03927213709942404,-0.01718367403883866,0.034796964901128824,0.18732075390187886,-0.005817783987320357,0.2668324112892151,-0.007639124989509557,0.2080470323562622,-3.6588663087608637,0.3186566391363442,25.738738119264454,-0.2777919150672585,0.2301520622882325,-0.11294806994675903,0.002903397002228303,1
6.556346416473389,0.27827200293540955,-0.030661137774586678,0.6286441683769226,-0.15197569132244762,0.03927213709942404,-0.01718367403883866,0.034796964901128824,0.18732075390187886,-0.005817783987320357,0.2668324112892151,-0.007639124989509557,0.2080470323562622,-3.6284283649154143,0.3385175593026917,25.72992206877207,-0.26801907073232395,0.23334412483561742,-0.10715304968306222,0.0008449870001641102,1
6.56609582901001,0.27671128511428833,-0.030628742650151253,0.628585159778595,-0.14976619187786464,0.03380968817883883,-0.017095356979135612,0.03733329441463962,0.18722151561996725,-0.003920157182588202,0.22106507420539856,-0.0032162368297576687,0.17813852429389954,-3.610169933554797,0.36547631393941316,25.728522230513867,-0.25176378176335673,0.23103784921203682,-0.09663998601254944,0.0008537879984942265,1
6.57610011100769,0.27514520287513733,-0.030643930658698082,0.6285191774368286,-0.15302446483895116,0.030584409962218315,-0.01569374983585561,0.03955043074377018,0.18709584612022567,-0.0022366966896303353,0.17099660634994507,-0.004520342219620924,0.15902192890644073,-3.5824580347819146,0.39016144908742106,25.725008855864733,-0.23218271685914546,0.23241019322366802,-0.08865801006295193,0.0010378309998486657,1
6.586098909378052,0.2719147801399231,-0.030761361122131348,0.6283865571022034,-0.1519505084564079,0.025958614507470515,-0.021012612567737777,0.041770583512243054,0.1871412794113967,-0.0001215491389050527,0.10611546039581299,0.01517424918711187,0.12839704751968384,-3.5704087017821804,0.41964147176273237,25.740890853675705,-0.20176593238194415,0.22152180560461446,-0.07637318595188472,0.0010227439997834153,1
6.596112489700317,0.2702794075012207,-0.03085738979279995,0.6282793283462524,-0.15443050862417484,0.022256417207682636,-0.020601235004110912,0.04242059165904122,0.18734450424418458,0.0009149152247909242,0.04384629800915718,0.024200167506933223,0.09814585000276566,-3.550660660322762,0.4435896208519944,25.742576524152142,-0.17276959827012398,0.2159840931455781,-0.06399674863793295,0.0010522880002099555,1
6.606099605560303,0.2686067521572113,-0.03100571036338806,0.6281880736351013,-0.1551331133891744,0.01999172017521802,-0.019854416434766247,0.042430090089640604,0.1874627871759147,0.0017456036384198015,-0.017024245113134384,0.023290403187274943,0.07604686170816422,-3.5299425249863123,0.45952164576550975,25.74107729599709,-0.1396184220640185,0.21615902550117466,-0.05299370833375844,0.0010517289993003942,1
6.616102457046509,0.2686067521572113,-0.03100571036338806,0.6281880736351013,-0.1551331133891744,0.01999172017521802,-0.019854416434766247,0.042430090089640604,0.1874627871759147,0.0017456036384198015,-0.017024245113134384,0.023290403187274943,0.07604686170816422,-3.517318935748328,0.46957395051686485,25.74110495404729,-0.1391998855628088,0.21601471426188548,-0.05107706893354799,0.0010651400007191114,1
6.62618088722229,0.26692983508110046,-0.031183486804366112,0.6280909180641174,-0.15468490132870644,0.014791172969362894,-0.02118687654234441,0.04179831274431489,0.18775745352291073,0.002332177702728977,-0.08434699475765228,0.044814512133598335,0.04522119462490081,-3.5098757905575546,0.48385349682245815,25.74522235912799,-0.10088949285320184,0.20333565861527775,-0.03910951936069044,0.0011199680011486635,1
6.636164426803589,0.2634847164154053,-0.03168542683124542,0.6278986930847168,-0.15611726050577973,0.010727656100727739,-0.017526755654069213,0.03889503614163514,0.18848176674754402,0.0026838326254505773,-0.1945338398218155,0.03202882781624794,-0.004055538680404429,-3.4995578633521465,0.4928749012082165,25.747302209448563,-0.06324222921378422,0.20368213315610836,-0.02502733352734852,0.0019245860021328554,1
6.646111726760864,0.2634847164154053,-0.03168542683124542,0.6278986930847168,-0.15611726050577973,0.010727656100727739,-0.017526755654069213,0.03889503614163514,0.18848176674754402,0.0026838326254505773,-0.1945338398218155,0.03202882781624794,-0.004055538680404429,-3.4757924600726793,0.49566207881590646,25.736142337915002,-0.030361770848165784,0.2077353787082346,-0.014426002068615848,0.0010289599995303433,1
6.6561737060546875,0.2617528438568115,-0.03196568042039871,0.6278191804885864,-0.15471886107086572,0.006992633953678694,-0.019095741724609892,0.03513992584653103,0.18886699558955478,0.0022981065610854223,-0.25725090503692627,0.027143605053424832,-0.034949786961078644,-3.462662249889055,0.4972530493157618,25.739626853116803,0.01671820030940399,0.20894594580848438,0.0006549911897082619,0.0016591729981882963,1
6.666118383407593,0.2600065767765045,-0.032305240631103516,0.6277468204498291,-0.1558558792350867,0.004372219120311261,-0.01722093348714891,0.03207972350500787,0.18917766723869445,0.0016975188387631235,-0.3103742301464081,0.027936201542615884,-0.06776411086320877,-3.4426268925789616,0.4960333937054791,25.735311861785846,0.056706145684530314,0.2076371669776992,0.017181545511004842,0.0011377090013411362,1
6.676107883453369,0.2582384943962097,-0.032661035656929016,0.6277000904083252,-0.1571815758619661,0.0035332546431616992,-0.013707615215854755,0.028574450639636595,0.18934542700730717,0.0009009087792422044,-0.3484380543231964,0.01702621206641196,-0.08403933048248291,-3.413359666287598,0.48912615088755695,25.725220884937666,0.08970018243571948,0.213172107809047,0.02817717549247341,0.0010527070007810835,1
6.68611741065979,0.2546699643135071,-0.03344536945223808,0.6276883482933044,-0.15471251295636765,-0.00010119958189382393,-0.00830286976886423,0.024549668980026862,0.18937778246755332,-0.00012013623833206921,-0.38733139634132385,0.009714588522911058,-0.10949032753705978,-3.3782156141828747,0.4844863684738533,25.708528281242963,0.11965431641502207,0.21707750679511034,0.0412418837874472,0.0010541040028329007,1
6.696108818054199,0.2528468668460846,-0.033902447670698166,0.6276820302009583,-0.15464620292399672,-0.0009466590138913483,-0.010618717491493419,0.02035725474932759,0.18939741406689903,-0.0013707133907674418,-0.40544062852859497,0.008566953241825088,-0.12638969719409943,-3.3568932583615614,0.48417778957453705,25.706560638641726,0.12516424489567,0.21704179546808858,0.04426427109481491,0.001299120998737635,1
6.7061121463775635,0.251020222902298,-0.03437371179461479,0.6276845932006836,-0.15678821501770548,-0.00201695294574399,-0.009052017066790517,0.013891152621767766,0.18961526842469523,-0.003405733795095678,-0.41182559728622437,0.012411221861839277,-0.140228271484375,-3.329773018546,0.47139647024521913,25.710714891083235,0.1668812466079031,0.21558991072559291,0.06008273820023349,0.0010532660016906448,1
6.71612286567688,0.2491704821586609,-0.03482135757803917,0.6277048587799072,-0.15728045989982922,0.00047860974590171817,-0.005971743833299102,0.009608208118437211,0.18966090124986223,-0.00486569334401965,-0.42233675718307495,0.006785011850297433,-0.14928293228149414,-3.313257305255854,0.4657247068449371,25.711656749751718,0.17567220985770232,0.2152428356914966,0.06400917084731643,0.0010332909987482708,1
6.726104497909546,0.2491704821586609,-0.03482135757803917,0.6277048587799072,-0.15728045989982922,0.00047860974590171817,-0.005971743833299102,0.009608208118437211,0.18966090124986223,-0.00486569334401965,-0.42233675718307495,0.006785011850297433,-0.14928293228149414,-3.2886421272297985,0.4499257884654454,25.703708409659143,0.1963542054164394,0.2183881858065436,0.07011694516037673,0.0010207880004600156,1
6.736190319061279,0.24544809758663177,-0.035775281488895416,0.6277174353599548,-0.15404494093322482,-0.001142662132157771,-0.010526937036362524,-0.0011662771021470064,0.18994597508617206,-0.008987385566299189,-0.3861071765422821,0.02436995506286619,-0.15976929664611816,-3.2835528348822316,0.4394154135567912,25.712609828289125,0.2097458316886558,0.21701366603152122,0.07899213710367665,0.0012209650012664497,1
6.746114492416382,0.24544809758663177,-0.035775281488895416,0.6277174353599548,-0.15404494093322482,-0.001142662132157771,-0.010526937036362524,-0.0011662771021470064,0.18994597508617206,-0.008987385566299189,-0.3861071765422821,0.02436995506286619,-0.15976929664611816,-3.2767152286995715,0.4269294527747367,25.71911944956913,0.21432902823780617,0.20799978729888238,0.0817023259645964,0.0025918169994838536,1
6.756192684173584,0.24357829988002777,-0.03624914959073067,0.6277115941047668,-0.1538836210851033,0.0008115937979755778,-0.009235758010822414,-0.003120649827192512,0.1899886311112966,-0.009810674624456617,-0.36251169443130493,0.017868686467409113,-0.16825298964977264,-3.262391349329258,0.4154728316097695,25.716833163179977,0.2088858037791056,0.2113143849253584,0.08588937224042908,0.0008554650012229104,1
6.766108989715576,0.24169780313968658,-0.036735255271196365,0.6277052164077759,-0.15305064611240776,0.0022948430481202465,-0.011210463568988442,-0.008407686898870281,0.19016225292212496,-0.01243557494197356,-0.31085121631622314,0.014274865388870218,-0.17133992910385132,-3.2532154651522682,0.4012922899096397,25.72325228329758,0.19961959717562516,0.21273935183845288,0.09010886300795821,0.0010097519989358261,1
6.776113033294678,0.2398136556148529,-0.03718405216932297,0.627702534198761,-0.15286324890473213,0.006540038945831423,-0.005694141728966258,-0.011390818523417057,0.1901715746116186,-0.01404621374918058,-0.2685917615890503,0.017347443848848322,-0.16286128759384155,-3.229219882877005,0.38320486396592685,25.708386671828467,0.1872048889359881,0.2113515431516101,0.08919085790537619,0.0010564789990894496,1
6.786102533340454,0.23601199686527252,-0.03808463364839554,0.6276710033416748,-0.14900530870116147,0.010338252569715618,-0.011706038170727273,-0.013847126190587034,0.19044888202786092,-0.01576707728235416,-0.20379121601581573,0.031329937279224375,-0.16700895130634308,-3.2151253776324076,0.3722890321646068,25.70649475160341,0.1869960543567771,0.2113140149750131,0.08899673935710921,0.0012213139998493716,1
6.796105623245239,0.23409685492515564,-0.03851233050227165,0.6276271939277649,-0.14985869820319828,0.01089978512490189,-0.011382823907178744,-0.01570728676575106,0.1906637254278305,-0.01741485938985532,-0.13648638129234314,0.01903519406914709,-0.1622975766658783,-3.204649549389266,0.3628083185693833,25.724192904066395,0.13209357317110784,0.20860886683594168,0.09016291149254252,0.0010521490003156941,1
6.806118965148926,0.23217003047466278,-0.03893483057618141,0.627601683139801,-0.14917469006461692,0.01266399899526137,-0.00823546012215322,-0.017107672471131874,0.1908549948748166,-0.018989713820557697,-0.08575456589460373,0.020491383969783766,-0.1537475436925888,-3.1872135672360824,0.35523767191739497,25.717732260577936,0.10721473460756434,0.20755517355252373,0.08742007094164442,0.0010821819996635895,1
6.816152095794678,0.2302546352148056,-0.039322379976511,0.6275835633277893,-0.14747266458400532,0.015746448538007003,-0.01002360361745266,-0.017872846127624964,0.19106559287270786,-0.021236376392412826,-0.017120731994509697,0.02683038637042044,-0.14897102117538452,-3.178191821519259,0.3474419347435964,25.722318667920042,0.07410725534874896,0.20335885052938016,0.08552587351561562,0.0011866709974128753,1
6.826110601425171,0.2302546352148056,-0.039322379976511,0.6275835633277893,-0.14747266458400532,0.015746448538007003,-0.01002360361745266,-0.017872846127624964,0.19106559287270786,-0.021236376392412826,-0.017120731994509697,0.02683038637042044,-0.14897102117538452,-3.171558493938763,0.34368930223297256,25.723171150057468,0.07460257293666675,0.20311350352232355,0.08610356788962734,0.001017574999423232,1
6.836259365081787,0.22641855478286743,-0.03997284546494484,0.6275659203529358,-0.14321361474240268,0.024713715679639918,-0.006999554348691362,-0.016762251906241143,0.19136070972609387,-0.024004756431374563,0.12720650434494019,0.02707334607839583,-0.12746715545654297,-3.1516866245756865,0.3353245823068875,25.709937804280226,0.035825390192525675,0.20336966577073715,0.08369217823044342,0.002122108002367895,1
6.8461315631866455,0.22641855478286743,-0.03997284546494484,0.6275659203529358,-0.14321361474240268,0.024713715679639918,-0.006999554348691362,-0.016762251906241143,0.19136070972609387,-0.024004756431374563,0.12720650434494019,0.02707334607839583,-0.12746715545654297,-3.1444316529920173,0.32944955532229087,25.712272123083153,-0.0061142838166372004,0.2017786219284584,0.07767889178112587,0.0008539980008208659,1
6.856121063232422,0.22451774775981903,-0.04025484248995781,0.6275380849838257,-0.1413579284288067,0.027502980240322165,-0.007114984298353913,-0.01442189960874396,0.19175581292092936,-0.025866364571984324,0.19311842322349548,0.02918177470564841,-0.12188007682561874,-3.1379552849078842,0.32769112700662917,25.712832316657764,-0.04945434215472744,0.19922803959906363,0.07415609970362773,0.0009931289969244972,1
6.8662519454956055,0.222582146525383,-0.040511708706617355,0.6275132298469543,-0.14047402132778233,0.029656522157251175,-0.006377514508707526,-0.013356890765384044,0.19183743904574824,-0.02647301921783196,0.24699728190898895,0.027052361518144594,-0.11750089377164841,-3.1266935099489626,0.3282594221679262,25.71091567085138,-0.08215605096107195,0.20012894796058145,0.07129831217376123,0.0013445909971778747,1
6.8761513233184814,0.2206522524356842,-0.040758248418569565,0.6274769902229309,-0.14105126248258634,0.030100351436961745,-0.006694117273101814,-0.010854870070305722,0.1920588319606984,-0.027561292276251148,0.293089896440506,0.02296848595142363,-0.10382837802171707,-3.111636533674223,0.3356390408994949,25.712029478385375,-0.11595108407658868,0.2016806482030694,0.06532285596531161,0.0012055990009685047,1
6.8861095905303955,0.21872346103191376,-0.04098544642329216,0.6274621486663818,-0.13886104514521624,0.03208273663962438,-0.004914351682090229,-0.006123988641764999,0.19227546591842204,-0.029059708665335915,0.3542213439941406,0.02471184358000754,-0.10144665092229843,-3.0968646207220445,0.3470697919386897,25.706862336897533,-0.16471320031622727,0.19993309157371766,0.06216463875937675,0.0010721940016082954,1
6.896120071411133,0.216727152466774,-0.041203245520591736,0.6274107694625854,-0.13957367843650123,0.03167213116948838,-0.005392566045418713,-0.0024303617071081973,0.1924837683183016,-0.030031446910345316,0.38976025581359863,0.027899671345949163,-0.09440745413303375,-3.0802232538369303,0.3638529970395945,25.708130427201056,-0.19699809293830375,0.1976354265670613,0.058238069497290545,0.0010470500019437168,1
6.906110048294067,0.21473944187164307,-0.04140085726976395,0.6273664832115173,-0.1377836016994504,0.035199079910940005,-0.0034239181139394757,0.0038171353790987794,0.19269522749297963,-0.031298933920477445,0.4367188513278961,0.021928049623966207,-0.08180544525384903,-3.0621718552475468,0.3782152147359338,25.702640850585023,-0.24360525614942263,0.1999587215008184,0.051608148381274976,0.0010541739975451492,1
6.916124105453491,0.2108193188905716,-0.04172574728727341,0.6272698640823364,-0.13257908775956043,0.03651591081065146,-0.003937448194493948,0.0059830335847244065,0.19278592092394975,-0.031753754200375184,0.45257800817489624,0.017271243035793294,-0.08568891882896423,-3.0492654187063426,0.38943518827091606,25.703669498348397,-0.25966749984072834,0.2019069097517888,0.05115899054439017,0.0010387380025349557,1
6.926109075546265,0.2088916301727295,-0.041878145188093185,0.6272116303443909,-0.13172712919048032,0.03598346194824828,-0.008451669113785396,0.012771287192595793,0.19305784429699413,-0.03291712092594867,0.4648001790046692,0.02911919355392455,-0.0761459693312645,-3.041602838465085,0.39616221552720604,25.7039656308103,-0.2598540279881931,0.2019266696057591,0.05107341549109475,0.0012044120012433268,1
6.936194658279419,0.20696355402469635,-0.04205114766955376,0.6271470189094543,-0.13243150688879582,0.03264398537731433,-0.005683918170404725,0.017304877041855793,0.19329505973713434,-0.03370293890644671,0.47512590885162354,0.019914381206035604,-0.07979094237089157,-3.028876780525307,0.4294215817906898,25.709981188246424,-0.30496229359751104,0.19897506406585946,0.046482940999329654,0.001197426001454005,1
6.9463865756988525,0.20498326420783997,-0.04221261292695999,0.6270907521247864,-0.1299446371041642,0.034348555314770976,-0.002131958224730496,0.021960641646154855,0.19341100158235847,-0.0344595130799239,0.4590049684047699,0.027677200734615316,-0.076197050511837,-3.0125148570598186,0.4502496531457073,25.700498495459552,-0.3125794373251432,0.1941734437694555,0.04382616303778141,0.0025337059996672906,1
6.956383943557739,0.20498326420783997,-0.04221261292695999,0.6270907521247864,-0.1299446371041642,0.034348555314770976,-0.002131958224730496,0.021960641646154855,0.19341100158235847,-0.0344595130799239,0.4590049684047699,0.027677200734615316,-0.076197050511837,-3.001620719831843,0.46263564246484373,25.699337638824954,-0.31866405719776353,0.19392360951528628,0.04379663502660531,0.000813348000519909,1
6.966103792190552,0.20304207503795624,-0.042360570281744,0.6270309090614319,-0.12496606227870903,0.03354967061708128,-0.004172242285768311,0.026308884664012044,0.1935860244572183,-0.03522034027364551,0.43917933106422424,0.029641348868608464,-0.08020971715450287,-3.0046000003005826,0.4773991824887377,25.705029392066383,-0.32293341032354306,0.19173902355395386,0.04485069530370108,0.0009893580026982818,1
6.976110219955444,0.2011442631483078,-0.04252515733242035,0.6269411444664001,-0.12253531776823395,0.031022785944707604,-0.006927279647727737,0.032324333638539926,0.19409323525201572,-0.036413098611109085,0.40886443853378296,0.03339400514960288,-0.07986205071210861,-3.0122986753277687,0.5000334969275627,25.713995595664983,-0.32763520438874255,0.18764133816141604,0.04456984578198231,0.001031683998007793,1
6.986117124557495,0.1992407590150833,-0.042683470994234085,0.6268541812896729,-0.12294679833604484,0.02968297968061158,-0.003274038640010574,0.03612530185816265,0.19429094759463128,-0.03727568765871059,0.3896883726119995,0.031636800616979585,-0.0862620547413826,-3.0007108148625594,0.5200489205133823,25.70474897308571,-0.3302993274468411,0.18800691973446948,0.046620653960711494,0.0010274939995724708,1
6.996114015579224,0.1972867101430893,-0.042827922850847244,0.6267879009246826,-0.1208801861166188,0.02698061115176944,-0.0010607127021170157,0.03938530129191031,0.19449355732861662,-0.03810924446769448,0.334240198135376,0.03326977044343947,-0.08598526567220688,-2.987148082973959,0.5385021416159813,25.696910887717618,-0.31228295216452245,0.18639305220643385,0.0473903936166899,0.0010560599985183217,1
7.006119012832642,0.19535818696022034,-0.043001316487789154,0.6267305016517639,-0.11843913005622984,0.023542991501463096,-0.0008524299022902923,0.04215814670186946,0.19479406202314387,-0.03905451681855254,0.28394773602485657,0.033309452235698686,-0.09619465470314026,-2.977916043101467,0.5582837107321259,25.695148403106348,-0.294757438935822,0.18508769810279194,0.05170398126436033,0.0010045839990198147,1
7.016119003295898,0.19345936179161072,-0.04319849610328674,0.6266784071922302,-0.11569318867584882,0.020212619333769628,0.000557220112132338,0.04435423352340395,0.1950001168697555,-0.04001774442468342,0.21997518837451935,0.028004702180623998,-0.096372589468956,-2.9687424061847487,0.5763126540316952,25.690543023399524,-0.26839941049565935,0.18707812338241087,0.053561815535598814,0.0010279820016876329,1
7.026125192642212,0.18969210982322693,-0.04364083334803581,0.6265864968299866,-0.11030694053374075,0.013745540504719182,-7.504456849976501e-05,0.04649098957683506,0.19541512103374892,-0.04157561936550236,0.1428564041852951,0.0315248593688011,-0.10696016252040863,-2.9633315263111797,0.5872491204921104,25.689940345952476,-0.2680086545047139,0.18704641139410885,0.05393859586501893,0.0012193580005259719,1
7.036126375198364,0.1878260374069214,-0.0438840277493,0.6265177726745605,-0.10866139790652392,0.01207168851084115,-0.0026023973142285293,0.047082448525120224,0.1957471495321439,-0.04277179967632394,0.07399816811084747,0.03727602586150168,-0.11607946455478668,-2.963142157072874,0.609897815294374,25.699055113585672,-0.20010374849330853,0.1792080312850261,0.06394054483340245,0.0010933570010820404,1
7.046191930770874,0.18597660958766937,-0.044145457446575165,0.6264500021934509,-0.10688299658571339,0.008926880118824095,-0.0007128104409533684,0.04715612031112837,0.19612477565593478,-0.0438978823461702,0.01732546277344227,0.03900610283017157,-0.11631199717521667,-2.9628677706751874,0.6236467391757794,25.700336983337127,-0.19920165521410385,0.17896232009968505,0.06600030782728564,0.0011333090005791746,1
7.056628704071045,0.1840522587299347,-0.04438626766204834,0.6263680458068848,-0.10367084290892029,0.0068786899726000945,-0.00448288674870402,0.046649272485939974,0.19652393935837287,-0.045098767938722695,-0.04525543749332428,0.05217361822724341,-0.12142476439476013,-2.9555908502166095,0.6352191255779086,25.694892964501868,-0.16970908325669395,0.17690346690473577,0.06795316050788268,0.001214050000271527,1
7.066106796264648,0.1840522587299347,-0.04438626766204834,0.6263680458068848,-0.10367084290892029,0.0068786899726000945,-0.00448288674870402,0.046649272485939974,0.19652393935837287,-0.045098767938722695,-0.04525543749332428,0.05217361822724341,-0.12142476439476013,-2.9607584411327914,0.6440909656396351,25.70530011779628,-0.13449507168100527,0.1682606616829461,0.07189198793675766,0.0009708479992696084,1
7.076234579086304,0.18199610710144043,-0.04459895193576813,0.6262581944465637,-0.10124701993117376,0.004835922347036181,-0.005779050387580737,0.045628317932380646,0.19713484061295272,-0.04626479416927154,-0.1000371053814888,0.06595590710639952,-0.11785227060317995,-2.9655447312662626,0.6499506657688947,25.71071751364993,-0.10189974863204626,0.15873048176534904,0.07318169732541044,0.0011199689979548566,1
7.086129665374756,0.17996780574321747,-0.04482279345393181,0.6261294484138489,-0.09910840538372989,0.003658412660530484,-0.007426259835541461,0.04300453864070475,0.19816140171809504,-0.04805739354365146,-0.17446118593215942,0.07673450559377669,-0.11932698637247087,-2.9709137097824576,0.6475957385571185,25.716614467558337,-0.05320397598559245,0.14948313875247837,0.07675868633952206,0.0014279159986472223,1
7.096118927001953,0.1779552400112152,-0.045061420649290085,0.6259908676147461,-0.09822215877127691,0.0006498873170153321,-0.007540411638848542,0.040544272831568584,0.19884656179304638,-0.0492406669238572,-0.223211407661438,0.07838954031467436,-0.12031382322311403,-2.969090468870984,0.6471111896403464,25.71818317704273,-0.018667450999471667,0.14631612439936617,0.07982996555482891,0.0010598320004646666,1
7.10611367225647,0.17597122490406036,-0.045319825410842896,0.6258390545845032,-0.09517354520299139,-0.0007067407099899661,-0.010643638976680508,0.037554934967128695,0.1996266607565791,-0.050450892292460026,-0.28918853402137756,0.08111002296209334,-0.12153903394937517,-2.9752397871962177,0.6424772515704207,25.727894305127013,0.02678230760154663,0.1421057090266448,0.08329836633929075,0.0009754579987202305,1
7.116124153137207,0.17401522397994995,-0.04556892439723015,0.6256749629974365,-0.09332778304991773,-0.0002797952931465304,-0.009273377465732795,0.032197325818025035,0.20063378568382007,-0.05227908728730979,-0.34601786732673645,0.07666089385747908,-0.12415155768394472,-2.9729858898118153,0.6258420848778905,25.725853399072427,0.07580402518803639,0.14124464089259092,0.08816615787733627,0.0010705179993237834,1
7.12610650062561,0.17208357155323029,-0.04582015052437782,0.6255279183387756,-0.09135647115145774,-0.0018711686362344973,-0.008028353400193077,0.030172961800265075,0.20094641549285575,-0.052875507528832966,-0.3788505494594574,0.06707344949245451,-0.12339681386947633,-2.9649144205219367,0.6151161126024649,25.722248269077404,0.10045140023511498,0.14531779907466638,0.09018197825181783,0.0010141530001419596,1
7.136197328567505,0.16829754412174225,-0.046320296823978424,0.6252827048301697,-0.08435913910826791,-0.0018443954007512967,-0.004913785639847579,0.025887057006729552,0.2014325184691379,-0.05400896304834868,-0.41935494542121887,0.058668352663516984,-0.11158327013254167,-2.957790308585928,0.5985308662268327,25.71267931841918,0.1307609281750201,0.14865961747369186,0.08840443543668998,0.0011706059995049145,1
7.146456718444824,0.1664668321609497,-0.04655527323484421,0.6251624226570129,-0.08160046488030134,-0.0016916249869505498,-0.004322075747378789,0.018941013332093526,0.20206933098701851,-0.055669852915889884,-0.45039016008377075,0.048005294054746614,-0.10804625600576401,-2.9490375497336876,0.5762053898901555,25.710528508908094,0.16756920934472985,0.15247288681302926,0.08981237012837327,0.0026807300018845126,1
7.156367778778076,0.16465742886066437,-0.04678180068731308,0.6250559091567993,-0.08038878440378228,-0.0011927647098399483,-0.002614423566528809,0.014009667676318394,0.2023009837754275,-0.05667264585591569,-0.47080984711647034,0.030661717057228075,-0.10089482367038727,-2.9413247784261745,0.5644198545929757,25.710438775038966,0.17699393636519456,0.15173363779816904,0.09056998392834466,0.0010318229979020543,1
7.166107177734375,0.16465742886066437,-0.04678180068731308,0.6250559091567993,-0.08038878440378228,-0.0011927647098399483,-0.002614423566528809,0.014009667676318394,0.2023009837754275,-0.05667264585591569,-0.47080984711647034,0.030661717057228075,-0.10089482367038727,-2.9255944806977188,0.5481388005673955,25.706363170867288,0.2043358552224161,0.16037171773981074,0.09026961213933475,0.000993549001577776,1
7.176109075546265,0.16288384795188904,-0.046971436589956284,0.6249691247940063,-0.0763201339500647,0.0033113372069867625,-0.002274889934614236,0.009042053782795545,0.20239094413499803,-0.05762903675660036,-0.49214261770248413,0.019031058996915807,-0.0922221839427948,-2.9150267969061123,0.5188470839203239,25.705501651133513,0.23288965978223497,0.1662021356255804,0.08927299627067328,0.0010084959976666141,1
7.186111688613892,0.1611546277999878,-0.047123588621616364,0.6248829960823059,-0.07165417821185804,0.004021414062226366,-0.0018776271997892361,0.003991077976826851,0.20239655613154817,-0.058500013242906324,-0.4774259030818939,0.015969377011060704,-0.08603224158287048,-2.910048675653727,0.49352532628997947,25.704645091547594,0.24240305020269107,0.1675395979530475,0.08846557706830602,0.0010053530022560153,1
7.19609808921814,0.15940570831298828,-0.047247469425201416,0.6247845888137817,-0.06940841678922935,0.0022941966206962874,-0.0017432457231502183,-0.0031151890595757514,0.20235563762248798,-0.059625544918045836,-0.440056174993515,0.009243642911314956,-0.0691690519452095,-2.9028381746831253,0.4755743867384741,25.705093259076673,0.24598874980807067,0.17110509051037212,0.08425838020019934,0.0010398560007160995,1
7.206092834472656,0.15768031775951385,-0.04734325781464577,0.6246916651725769,-0.06890948089923045,0.007320996983607451,-0.0008523338653979031,-0.007365898578321151,0.2022086814461872,-0.06017942447854896,-0.41575974225997925,-0.005663392134010799,-0.05610831454396248,-2.8861228158985246,0.4489938853337026,25.703532527307082,0.2474873433983811,0.17965408137015773,0.07982208966919664,0.0010823209995578509,1
7.216095209121704,0.15598542988300323,-0.04738397151231766,0.624616265296936,-0.06525641663873516,0.011012019903237956,-0.0006670519853976777,-0.011333350507356066,0.20202384198556356,-0.06063714822921229,-0.3771447241306305,-0.005724862217903142,-0.04538034647703171,-2.8744503107992934,0.42125596571885915,25.703288520530958,0.24045873612762494,0.1801017424574842,0.07588250915035596,0.0010289599995303433,1
7.226088762283325,0.1543394923210144,-0.047383666038513184,0.6245440244674683,-0.0601203292843207,0.015892727257981767,-0.001423442761558905,-0.014856244485444314,0.20177782686937462,-0.060965457136237244,-0.3401317298412323,-0.008315168321132663,-0.031751129776239395,-2.871124856173763,0.38988843585245325,25.705619543974795,0.23265540265931672,0.18182536645430675,0.07083275142678692,0.001057457000570139,1
7.236112833023071,0.150948628783226,-0.047165896743535995,0.6243317127227783,-0.0552629567468354,0.02234910245835306,-0.002769152515753932,-0.017853858391272848,0.20160336595379214,-0.06108548203626318,-0.26929739117622375,-0.01402160804718733,-0.00768326176330447,-2.870590707975317,0.3550381395688131,25.709993326393437,0.20104383317796032,0.18479959469329446,0.06119885085153906,0.0011486049988889135,1
7.246109247207642,0.14929066598415375,-0.04699654504656792,0.6242353916168213,-0.05196345597534146,0.02537648193494552,-0.002996216529546214,-0.020307649745951117,0.2014123269446979,-0.06112934490702626,-0.21777477860450745,-0.009180450811982155,-0.002282599918544291,-2.8613564365718283,0.32633100475531956,25.711854815893403,0.1856690881318061,0.182960479504754,0.05719521095780634,0.0010541040028329007,1
7.256270885467529,0.147667795419693,-0.0467994287610054,0.6241201162338257,-0.050501785912238306,0.028502772060461777,-0.004744169287728718,-0.0228324930041075,0.2010943070440332,-0.060826071534819004,-0.1391848772764206,-0.008666041307151314,0.024558354169130325,-2.8558326340240496,0.30901144127381497,25.712201230241966,0.1854170220661931,0.1829105235560577,0.05635819281882383,0.0015574790013488382,1
7.266148805618286,0.147667795419693,-0.0467994287610054,0.6241201162338257,-0.050501785912238306,0.028502772060461777,-0.004744169287728718,-0.0228324930041075,0.2010943070440332,-0.060826071534819004,-0.1391848772764206,-0.008666041307151314,0.024558354169130325,-2.8497498243782107,0.29264140652960063,25.71782766843433,0.15169753987425233,0.1834617820093165,0.0460687944357835,0.0010103810018335935,1
7.276108503341675,0.14607363939285278,-0.04653431102633476,0.6240212917327881,-0.04651722301937014,0.03584655011365568,-0.0010960776574147485,-0.02349655758757674,0.2008328163915638,-0.06041848820781137,-0.0769190564751625,-0.010021286085247988,0.03951968252658844,-2.8365767120968144,0.2683540956440309,25.70758366283386,0.12067233496835517,0.18491532346994988,0.037747274633567,0.0010170169989578426,1
7.286225080490112,0.14452873170375824,-0.04621288552880287,0.6239270567893982,-0.04292348741213157,0.03952509567643813,-0.0032178940814411618,-0.023744947068700117,0.20059400018379936,-0.05990824874676193,-0.019065234810113907,-0.011262032203376288,0.04926524683833122,-2.8323237290912444,0.24681077226904988,25.712329429909758,0.09053046112738025,0.18606127951136447,0.03155547275081869,0.0013549979994422756,1
7.296124219894409,0.14303483068943024,-0.04583132639527321,0.6238177418708801,-0.03766841774798486,0.045817766664548246,-0.004248413151306488,-0.023282150123598022,0.2004143653336392,-0.05919301414308542,0.0538540855050087,-0.01200261525809764,0.07508166879415512,-2.834652978695737,0.2228344596032336,25.715514496129753,0.04964538558647501,0.18663268062104216,0.019632481864749474,0.0011435759988671634,1
7.306111812591553,0.1415867954492569,-0.045405518263578415,0.6236974596977234,-0.0360187288939132,0.047243375607603444,-0.005648414624740022,-0.021560625687719437,0.20017983352064572,-0.05782522915235688,0.12767398357391357,-0.008873316459357728,0.09099722653627396,-2.8342151657643493,0.21183532582113856,25.720101595393693,0.003809720583598755,0.18571072459073557,0.009264044142119237,0.0009717560024000704,1
7.3161211013793945,0.14016589522361755,-0.04495164379477501,0.6235830187797546,-0.03315456208600262,0.051089111733783596,-0.0029247248882604978,-0.019565541064904934,0.19995165078431487,-0.05675479712327203,0.17831599712371826,-0.010354992002248752,0.1012016162276268,-2.8253086743792384,0.20149831269428384,25.712509782408695,-0.03034663465584811,0.18726378515217829,0.0016980407202349425,0.0010108700007549487,1
7.32611346244812,0.1387939751148224,-0.044466953724622726,0.6234582662582397,-0.028959535013810305,0.05216823894610177,-0.007466812486174029,-0.01693179448614579,0.19989157160217452,-0.055494363852123474,0.24704329669475555,-0.0017934851348399966,0.12182062119245529,-2.8328191499915416,0.19929515129828865,25.724661243398085,-0.07664935766694206,0.1825224781455446,-0.009528640898410833,0.0009518510014459025,1
7.336146593093872,0.13745024800300598,-0.04395153746008873,0.6233233213424683,-0.027545096085772703,0.0565949307360878,-0.005070427833381393,-0.011900741571137186,0.1996198493004373,-0.05341825517607601,0.3234829604625702,-0.004791705403476937,0.13730968534946442,-2.8259150909670816,0.1998273077272488,25.7192609866754,-0.1348646785509264,0.18525005308341758,-0.020856261730532823,0.0011557990001165308,1
7.346454620361328,0.1349000334739685,-0.04268593341112137,0.6230650544166565,-0.018577439433978736,0.0634664745241668,-0.007105637870434984,-0.00996790606527087,0.19959668093820415,-0.05269636348328044,0.3641212284564972,-7.08287116139949e-05,0.1455705761909485,-2.8386631062684793,0.1847039495739159,25.723745743941215,-0.16070406472229937,0.18202397498328454,-0.027308627455998543,0.002494522999768378,1
7.356125354766846,0.13367179036140442,-0.04194239154458046,0.6229301691055298,-0.015287243641380304,0.06714548173842257,-0.005407484578641996,-0.003477740547952912,0.19966395050237917,-0.05023653910317538,0.4067051410675049,0.010344449430704136,0.16103187203407288,-2.840323338592571,0.17270836146018076,25.724599621100722,-0.16350639988063434,0.182093641835353,-0.02887284323540155,0.0011449039993749466,1
7.36612606048584,0.13248980045318604,-0.04118986055254936,0.6227811574935913,-0.01483421843266334,0.06582114853598962,-0.007760524855660709,0.0009486347109799453,0.19970877213291738,-0.04857071110155964,0.4244929254055023,0.011117648333311102,0.1630113124847412,-2.841483334814876,0.17796040578280511,25.726980445749145,-0.22718568130758288,0.17603810046906732,-0.04091798798842072,0.0010369919982622378,1
7.376130819320679,0.13248980045318604,-0.04118986055254936,0.6227811574935913,-0.01483421843266334,0.06582114853598962,-0.007760524855660709,0.0009486347109799453,0.19970877213291738,-0.04857071110155964,0.4244929254055023,0.011117648333311102,0.1630113124847412,-2.839382250469229,0.17882674249877858,25.727470632440564,-0.23364908401387818,0.17585381495420707,-0.04392208692004095,0.0010465609993843827,1
7.386129379272461,0.1313372105360031,-0.040433138608932495,0.6226401329040527,-0.01054589698416102,0.06707175082812553,-0.005877336131004105,0.005745508515184294,0.1997724374068155,-0.046874255655671604,0.45036453008651733,0.013128363527357599,0.16640585660934448,-2.8378097325547627,0.18212269153492436,25.721877542700838,-0.2636316415547153,0.1745221094415566,-0.048342648095281,0.000986074999673292,1
7.396127939224243,0.13023173809051514,-0.0396399162709713,0.6225190758705139,-0.007098494959665542,0.06721871347279364,-0.005381791784523743,0.010587724007804944,0.1998012087275809,-0.04513933651920432,0.4535389840602875,0.017084237188100836,0.17250539362430573,-2.8382170686606334,0.1878084920707899,25.719667023278753,-0.2822654379335086,0.17218954467727388,-0.0537151604059536,0.0010756869996839669,1
7.406125068664551,0.12918202579021454,-0.038831330835819244,0.6224017143249512,-0.003883842263289477,0.0707843974351286,-0.005982787244658219,0.015454046365960927,0.1998135442393436,-0.0434231215318861,0.4476209878921509,0.01683516800403597,0.1651131957769394,-2.8412853918767893,0.18569973884103766,25.721291694808997,-0.29517158467653637,0.17212635027204326,-0.05437350155573278,0.0009933389992511366,1
7.4161224365234375,0.12817254662513733,-0.037964027374982834,0.6222975850105286,0.0030418653644138163,0.0712598636621617,-0.0035054801202110833,0.022496643412199813,0.19996842791665292,-0.040946990119645754,0.4319016635417938,0.021149665117263815,0.16219721734523773,-2.849200314862123,0.1881746876601504,25.713772318404974,-0.31069037337543154,0.16897476072960788,-0.056547730190104575,0.0010064699999929871,1
7.426123142242432,0.1272210031747818,-0.037111569195985794,0.6221891641616821,0.005168127021333289,0.06784583627701274,-0.0065561304102145475,0.02703734049596207,0.20018535247311942,-0.03921750624062259,0.4268951416015625,0.02485000342130663,0.16555187106132507,-2.861632946242502,0.20185500835702336,25.721848020961513,-0.3240586813804246,0.16605993679416164,-0.06031490021717105,0.0010202989979006816,1
7.436132907867432,0.1262580007314682,-0.03624366968870163,0.6221091747283936,0.005304209831135475,0.06828875835627962,-0.0002859389004872185,0.031285146145872744,0.20019232840744428,-0.0376392885360084,0.38848668336868286,0.014109093695879002,0.1511296033859253,-2.848745290486736,0.20620723382484724,25.704724826826094,-0.3175245656357929,0.17202778728721507,-0.05746532076390203,0.0010397860023658723,1
7.446386337280273,0.12533481419086456,-0.03536318615078926,0.6220709085464478,0.011760314931515182,0.06890096515320845,0.0006367351161439993,0.03493467258726923,0.20016860060304964,-0.036082279010657636,0.33338019251823425,0.02234203368425371,0.15052393078804016,-2.8501236714926765,0.20357259555344703,25.69913151665935,-0.30051972669485555,0.16735005905071867,-0.05778796159786889,0.0010137340032088105,1
7.456192970275879,0.12448179721832275,-0.034495044499635696,0.6220134496688843,0.015280023325263563,0.06565345820981297,-0.0023864044585936994,0.03962958036491582,0.2002884070245634,-0.03391231715595655,0.2722502052783966,0.016343817114830034,0.13829076290130615,-2.8614268501267404,0.20969900628557203,25.707081998818513,-0.28366116302395067,0.16970736533714348,-0.05521573505181493,0.0017797270011215005,1
7.466148138046265,0.12284594774246216,-0.03279062360525131,0.6219459176063538,0.02108271798834846,0.0654438137803361,0.003532384256073494,0.04217349314695262,0.20013506155964667,-0.032688116961318237,0.2294664978981018,0.006325006484985366,0.12169910222291946,-2.8680201331008237,0.21338882046919427,25.70807909119903,-0.28343799104197726,0.16980020878011426,-0.05469373193827983,0.0011117969988845289,1
7.476142644882202,0.12210392951965332,-0.03191577270627022,0.6219317317008972,0.0258785747800591,0.0622405185938206,0.0009650227965704446,0.04390460344938152,0.20003389092183754,-0.0315385114347837,0.14770857989788055,0.006756468210369362,0.11000946164131165,-2.875086271399509,0.2048587487947549,25.697262364259263,-0.23096333976852984,0.17497962560510982,-0.04541604143854734,0.0010207190025539603,1
7.486274480819702,0.1214100569486618,-0.031091459095478058,0.6218863725662231,0.027393436291631167,0.05635775612449681,-0.0005066229222454221,0.04501389062569716,0.19998858339472747,-0.030481425890300784,0.09760025888681412,0.002172706183046115,0.10186696797609329,-2.8794399729619284,0.19986953026735882,25.695616132264984,-0.23033504634899404,0.17517609604532478,-0.04353723504311696,0.0015043970015540253,1
7.496183633804321,0.1214100569486618,-0.031091459095478058,0.6218863725662231,0.027393436291631167,0.05635775612449681,-0.0005066229222454221,0.04501389062569716,0.19998858339472747,-0.030481425890300784,0.09760025888681412,0.002172706183046115,0.10186696797609329,-2.884863995175734,0.2057720762641697,25.699439480107362,-0.20778672891742214,0.1775878967057753,-0.0405382363677695,0.001041742001689272,1
7.506130695343018,0.12073878198862076,-0.030292700976133347,0.621850848197937,0.02951494426094939,0.05632798741749607,0.0012536174305907515,0.04581066501332787,0.19982829022797644,-0.029562002444378788,0.04071749746799469,-0.001562939956784238,0.08468293398618698,-2.884638163111257,0.20099913946566378,25.694524839727848,-0.1793414442393202,0.18001974271727914,-0.03384594726099795,0.0009589049986971077,1
7.516125679016113,0.12008176743984222,-0.02943957783281803,0.6218258738517761,0.03673171993442848,0.056059122124570565,-0.0021085457913077735,0.04564029495747235,0.19961570623859037,-0.028431823131243483,-0.03579358756542206,-0.0065061850473284635,0.07190030068159103,-2.904745308398773,0.18953105522072045,25.702708234966508,-0.1374464877595023,0.18265935359782579,-0.027569009615860778,0.0010182739970332477,1
7.526136875152588,0.11948743462562561,-0.028610870242118835,0.6217637062072754,0.038986686629981886,0.051442891307784074,-0.0044902268036076075,0.04518579894317165,0.1996091699848983,-0.028107741673557562,-0.0944097489118576,-0.004891467280685895,0.05809350311756134,-2.924179201723165,0.1851804032000561,25.71031218875723,-0.10427050104870647,0.18163112735475126,-0.02072075628014645,0.001042510000843322,1
7.536203145980835,0.11891796439886093,-0.027825485914945602,0.621695876121521,0.039847597480469794,0.04851915309821601,-0.004705238468068895,0.04326462033116574,0.19942080204449342,-0.027359448490183347,-0.15350349247455597,-0.005819151178002352,0.042644210159778595,-2.9344524054376406,0.17829051678965135,25.711632026993815,-0.0657121474856057,0.182713559983397,-0.013046667993370082,0.0011098409995611291,1
7.54627799987793,0.11839569360017776,-0.02703709714114666,0.6216311454772949,0.04512230679108285,0.05056197567169594,-0.005326295844040635,0.04130620792036499,0.19930215374095095,-0.02698203615095096,-0.2139563262462616,0.004366517532616858,0.03382479399442673,-2.951944322063802,0.15704399196789307,25.712872946285565,-0.026031609994753742,0.17729366348760284,-0.00723747236724564,0.0024547110006096773,1
7.55643367767334,0.11793792247772217,-0.026250410825014114,0.6215420961380005,0.048125136534791786,0.048107050277932856,-0.009612201458738442,0.038734789578190654,0.19930404857176232,-0.026738695878811836,-0.2560252547264099,0.0028920634649693996,0.024642959237098694,-2.9763404087759726,0.140390852267562,25.725103774289455,0.005544981783006005,0.1776565892917121,-0.001778209622252917,0.0008018230000743642,1
7.5661211013793945,0.11712872982025146,-0.02476070448756218,0.621356725692749,0.05428431917094739,0.04469093295234747,-0.007263226012645417,0.034240427091364545,0.1991061224402344,-0.026557364705710018,-0.3094319701194763,-0.003641243558377026,0.009228911250829697,-2.9965194299825373,0.12067549567335845,25.718594827052755,0.04398629792828603,0.18117006841749123,0.0067293581967279355,0.0009554829994158354,1
7.576136350631714,0.11680803447961807,-0.024020103737711906,0.62126624584198,0.05937908569694516,0.04394698123507575,-0.008064641295873554,0.03255627129736771,0.19904154561048903,-0.026557981307056444,-0.33921927213668823,-0.008441796526312828,0.00019065791275352343,-3.01833951486593,0.09857689354481253,25.719197079759176,0.07209599087967744,0.1838493440990347,0.012241510383016194,0.0009853060000750702,1
7.586132287979126,0.1164855808019638,-0.023271149024367332,0.6212078332901001,0.060536742117581505,0.04148007171052955,-0.005717405640054206,0.026746370674982423,0.19880473487643924,-0.026733108995844912,-0.3888745605945587,-0.014737048186361791,-0.01691876910626888,-3.0312722045434164,0.08531309006802659,25.719006474899462,0.0723950714192796,0.18394882142423036,0.013356953726107809,0.001269995998882223,1
7.596130847930908,0.1164855808019638,-0.023271149024367332,0.6212078332901001,0.060536742117581505,0.04148007171052955,-0.005717405640054206,0.026746370674982423,0.19880473487643924,-0.026733108995844912,-0.3888745605945587,-0.014737048186361791,-0.01691876910626888,-3.0336694774522615,0.06542485628077388,25.711636065002175,0.11884583001971899,0.18812723052389227,0.021853817185029836,0.001025536999804899,1
7.606111764907837,0.1161835715174675,-0.022532423958182335,0.6211859583854675,0.06193764880829188,0.042237091604315116,-0.0002373753748218875,0.022559755678078552,0.19848597553964886,-0.027000022397845935,-0.4259927272796631,-0.03341083973646164,-0.027808491140604016,-3.022349823156524,0.03672036123047649,25.694089694351565,0.1537885661662669,0.19932588794262526,0.0291002630232959,0.0010094030003529042,1
7.616136789321899,0.11593040823936462,-0.021776122972369194,0.6212095022201538,0.06724481289753836,0.04337626297389493,0.0018966312384125516,0.018172288945219606,0.1979676825642036,-0.027340482025898005,-0.43408700823783875,-0.042686566710472114,-0.036432389169931405,-3.02067273094579,0.004432961799929129,25.684599498140976,0.17381850531241683,0.20576262129142286,0.03503760378074432,0.0010025589981523808,1
7.626125812530518,0.11573857814073563,-0.021029792726039886,0.6212148666381836,0.06949117779734038,0.04094628990183868,0.0006265984597688057,0.013752088226207881,0.19758342472760182,-0.027750919046684253,-0.42103052139282227,-0.0475514978170395,-0.039559811353683465,-3.025986635678595,-0.018677212340275983,25.686735735203083,0.18200070074945054,0.2094986960770241,0.0385199486208199,0.0009931999993568752,1
7.636131525039673,0.11557070910930634,-0.020287591964006424,0.6212437152862549,0.07039269809046673,0.04228707761616168,0.003700978362883065,0.007355889039752039,0.19665786365330673,-0.028398030789504425,-0.4145066738128662,-0.05926041305065156,-0.04655535519123077,-3.020938984932048,-0.04945510302214459,25.67785123611015,0.20069485276709273,0.21893410968117555,0.043590046273827864,0.0010923090012511238,1
7.646112442016602,0.11542104929685593,-0.01954773999750614,0.6213222742080688,0.07455817613767825,0.0449325776470661,0.00440820511303623,0.0032345722750788397,0.19595510631679236,-0.028859548437498717,-0.3942306637763977,-0.06567161530256271,-0.04576459899544715,-3.023778445520266,-0.08344290283255223,25.673947311221106,0.20437151226046604,0.2244799151130058,0.04539011512123935,0.0010050029995909426,1
7.656200170516968,0.11529920250177383,-0.018796654418110847,0.6213931441307068,0.07685992129811145,0.04715197870122152,0.0032279879668928994,-0.0006007805366752272,0.19538623247966358,-0.02936341605844417,-0.36840444803237915,-0.061798844486475,-0.04821659252047538,-3.0321133127766227,-0.11755299132393811,25.676566712884927,0.20404715595398293,0.22414298588753254,0.04756195439843589,0.00182687200140208,1
7.666146516799927,0.11520315706729889,-0.017249805852770805,0.6215489506721497,0.08446668087614274,0.04646552716411851,0.00041674277614675695,-0.004172496949616633,0.1946724086945939,-0.029885744155646154,-0.31942683458328247,-0.06390766054391861,-0.050906561315059655,-3.059401568297679,-0.1475822846677214,25.68401698316221,0.19033164902314414,0.22683793315064768,0.049478797506334854,0.0010069589989143424,1
7.676100492477417,0.11518265306949615,-0.01645478792488575,0.6216114163398743,0.08338941642209075,0.0509907972513628,0.0040202524287480884,-0.007336232681383503,0.19413784193729233,-0.03040457059308377,-0.28284573554992676,-0.06354685872793198,-0.051417391747236245,-3.0754665282201845,-0.16568029467681816,25.684717670532795,0.19007493408120724,0.22694513369320815,0.04988586329773152,0.0011933059977309313,1
7.686252593994141,0.11519190669059753,-0.015625789761543274,0.6216779351234436,0.08695626259189936,0.0516996457182176,0.0012998979659225613,-0.01098375103660354,0.19311125829270015,-0.03112008520397147,-0.21919387578964233,-0.055819828063249595,-0.0491918921470642,-3.0864073782137527,-0.20023524325222478,25.68166180069054,0.15593599722323861,0.22627631428595718,0.05030304668551664,0.0015185749980446417,1
7.696129322052002,0.11519190669059753,-0.015625789761543274,0.6216779351234436,0.08695626259189936,0.0516996457182176,0.0012998979659225613,-0.01098375103660354,0.19311125829270015,-0.03112008520397147,-0.21919387578964233,-0.055819828063249595,-0.0491918921470642,-3.0929833465844982,-0.22254981745355068,25.681029917390227,0.16013862869896542,0.22765836157266456,0.05059808906387216,0.0010584350020508282,1
7.706106662750244,0.11534913629293442,-0.013894909992814064,0.6217695474624634,0.09349386390662483,0.05914180674725096,-0.0009213586866091252,-0.01373795255918564,0.19205281996968715,-0.032150066378484166,-0.09590304642915726,-0.040384836494922645,-0.04930099099874496,-3.1003490676456535,-0.24785719426340969,25.67914051064524,0.12806923229739695,0.2279828840767409,0.05147492281978629,0.0012067159987054765,1
7.716107606887817,0.11534913629293442,-0.013894909992814064,0.6217695474624634,0.09349386390662483,0.05914180674725096,-0.0009213586866091252,-0.01373795255918564,0.19205281996968715,-0.032150066378484166,-0.09590304642915726,-0.040384836494922645,-0.04930099099874496,-3.1212923883916175,-0.2756745246510965,25.685965345648416,0.1046823833769864,0.2223156909482076,0.05057191550501761,0.0010107309972227085,1
7.726109266281128,0.11534913629293442,-0.013894909992814064,0.6217695474624634,0.09349386390662483,0.05914180674725096,-0.0009213586866091252,-0.01373795255918564,0.19205281996968715,-0.032150066378484166,-0.09590304642915726,-0.040384836494922645,-0.04930099099874496,-3.1335961358723843,-0.29244932756397457,25.68666974181426,0.10430613754944294,0.2222911031511692,0.050389358749353026,0.0009889380016829818,1
7.736185312271118,0.11565853655338287,-0.01210558507591486,0.6218030452728271,0.09805829819117286,0.058479327541667694,-0.0037365360777646245,-0.014038131574127366,0.19113282315346414,-0.0332414803214518,0.04961289092898369,-0.032619882375001914,-0.04275711253285407,-3.158460415211418,-0.3020218149229258,25.694297774138846,0.02819977347671601,0.22066879488996582,0.046806401936199116,0.0011589419991651084,1
7.746118068695068,0.11586038023233414,-0.011219562031328678,0.6217979788780212,0.09647078806967546,0.058469704960382174,-0.0026787110172734547,-0.013577069759100446,0.19104872961360098,-0.03344518311478906,0.10299838334321976,-0.024598721414804462,-0.03934774175286293,-3.168493930080304,-0.3080904660799384,25.692172257143778,-0.0026744813339057358,0.2168919897710757,0.04422037300187893,0.00270496700250078,1
7.756394147872925,0.1160651445388794,-0.010321415960788727,0.6218076348304749,0.09920005499629093,0.06315871303091766,-0.001313669781379562,-0.011193024275243157,0.19056510685936567,-0.03393747551344317,0.18474359810352325,-0.01776385679841042,-0.03477967530488968,-3.178486235351251,-0.31935562496126524,25.687377087435785,-0.054047614044158754,0.21462791914909626,0.04071816319281405,0.0008150939975166693,1
7.766107082366943,0.11630021780729294,-0.009401543065905571,0.6218193173408508,0.09854497761316457,0.06404091389672793,-0.0008326124284773453,-0.008910457732516974,0.1904638424566687,-0.034334384100175974,0.24435949325561523,-0.014953163452446466,-0.036430325359106064,-3.1829900000215656,-0.32627409996991474,25.685349657717484,-0.09380290749053913,0.2135520874425835,0.039482118679581374,0.0009907549974741414,1
7.776134252548218,0.11656047403812408,-0.00845263246446848,0.6218529343605042,0.10226098463521072,0.0687960230949895,0.002315388040342706,-0.00448911025336729,0.1901662028387321,-0.034774559208557765,0.3229338526725769,-0.012233624234795574,-0.026332644745707512,-3.188658172418992,-0.3360336363191108,25.675422275475054,-0.15070679377841795,0.2128288383816978,0.03381739425911381,0.0010013009996328037,1
7.78612494468689,0.11731545627117157,-0.006412272807210684,0.6218910813331604,0.10517326747955391,0.06459769561160565,0.0009738875679508775,-0.0027112256271353274,0.19020476224436944,-0.03489173521498312,0.37108150124549866,-0.011283094063401226,-0.027146553620696068,-3.1921310082563394,-0.3420440745669191,25.67390645447089,-0.15146961116127064,0.21287161175598257,0.03268492802122516,0.0012564459975692444,1
7.796114683151245,0.11770598590373993,-0.005406294949352741,0.6219295263290405,0.10342075677132172,0.06213133031194726,0.002995605034952792,0.003323774323965356,0.19005014166416245,-0.0353046503904082,0.41612404584884644,-0.00659176800400019,-0.0254354365170002,-3.2017332398079,-0.32667908374596444,25.67203329217488,-0.21985634789978242,0.20984752548464689,0.02880603108527896,0.0010007420023612212,1
7.806098222732544,0.11770598590373993,-0.005406294949352741,0.6219295263290405,0.10342075677132172,0.06213133031194726,0.002995605034952792,0.003323774323965356,0.19005014166416245,-0.0353046503904082,0.41612404584884644,-0.00659176800400019,-0.0254354365170002,-3.208228818998576,-0.32067308510703957,25.6715469023049,-0.22851804843283693,0.2100312792998864,0.028464388648392038,0.0009803479988477193,1
7.816109657287598,0.11810153722763062,-0.004427347797900438,0.6219920516014099,0.1053718851383167,0.06163607495372345,0.004788919033281982,0.007706379105139938,0.18988959784743908,-0.03553926440585098,0.4550592601299286,-0.01416918728500605,-0.021420685574412342,-3.2143829906686205,-0.3131876493974902,25.666169313444737,-0.2641431971076421,0.21442354046539075,0.025522507349426547,0.0010622070003591944,1
7.826105117797852,0.11854499578475952,-0.003450856078416109,0.6220673322677612,0.10945892337002687,0.06161678572350611,0.0046600559337209016,0.01240320767468539,0.1896961500871308,-0.03583312412584716,0.4729052484035492,-0.004503608681261543,-0.02872331626713276,-3.231222769172743,-0.3075927588874487,25.665521772432776,-0.28959569227709525,0.2095452595819787,0.02623756787115361,0.0010150609996344429,1
7.836119651794434,0.11902477592229843,-0.002500455128028989,0.622124433517456,0.10919852555324161,0.05756577846215525,0.0020876334363536353,0.019751111418851774,0.18966589774425602,-0.03624621448293475,0.5068262815475464,-0.006437069736421112,-0.02790145017206669,-3.249151996082235,-0.2871172539969945,25.673728023456725,-0.33314195080282266,0.21043293041303723,0.024064696163449428,0.0010165980020246934,1
7.846116304397583,0.11951497942209244,-0.0015726354904472828,0.6221741437911987,0.10922158511789572,0.05731148636041715,0.0038173382893482047,0.022331103047881218,0.18959848162887738,-0.0363828896933569,0.5235616564750671,-0.012070272117853168,-0.02791174314916134,-3.258230398390743,-0.27554267452260667,25.669742243128535,-0.3511778830988773,0.2136739693328896,0.022888621370349485,0.001001789998554159,1
7.856137275695801,0.12001677602529526,-0.0006815509987063706,0.6222505569458008,0.10905598107544491,0.0513045004266555,0.005656420626077208,0.029941179510044158,0.18940600873318703,-0.03687616795148818,0.5224058032035828,-0.008084354922175411,-0.035134658217430115,-3.2629587307728243,-0.25006572332680016,25.664308420678854,-0.37676445590587126,0.21208837435577527,0.02355906071476095,0.0010647199997038115,1
7.866201162338257,0.12053512781858444,0.00015546238864772022,0.6223286986351013,0.11031230556928619,0.04787605192588512,0.00634260290602292,0.03511339650740819,0.18936818359544505,-0.03722310003935014,0.5182342529296875,-0.00261647487059236,-0.03471153602004051,-3.2710928832768387,-0.2254274463362122,25.661602113570748,-0.39263046844604416,0.20901778224728954,0.022531525672101513,0.0011751459969673306,1
7.876141309738159,0.12108515948057175,0.0009606396779417992,0.6224079132080078,0.11317408092579535,0.04472576788881987,0.005373426922550823,0.0399739711684064,0.18926559529667442,-0.03755197495516027,0.4954669773578644,-0.006215733475983147,-0.03262776508927345,-3.2878886847068505,-0.20309471218701233,25.66382373269066,-0.39751029445042646,0.210810443393171,0.020895462416385756,0.0011648090003291145,1
7.88612961769104,0.12225564569234848,0.0024013714864850044,0.6225118637084961,0.1109194457774606,0.03417039637048295,0.004844366388209511,0.044559926652076864,0.18926068908750793,-0.0379851049837594,0.4517165720462799,-0.013813404366374021,-0.044737689197063446,-3.297697962752579,-0.16557757390551442,25.66561649654386,-0.3844521790749112,0.21488075553446137,0.024139947453231198,0.0010277719993609935,1
7.89620304107666,0.12284819036722183,0.0030510928481817245,0.6225969195365906,0.11343235524243613,0.030365036612420467,0.005812199921769065,0.0509267008008325,0.18904827480145014,-0.03855457541051699,0.41083982586860657,-0.01359976083040238,-0.038260411471128464,-3.305903549766149,-0.14701831318318925,25.665492223222145,-0.3901058609199489,0.2149108884238296,0.025159918626382578,0.001482675001170719,1
7.906532049179077,0.12348123639822006,0.0036813546903431416,0.6226535439491272,0.11411246653781432,0.023517982767503373,0.001865678097761341,0.054470215882672424,0.18888411553512352,-0.03904028546343419,0.3687485456466675,-0.018230821937322624,-0.04560546576976776,-3.330477933925423,-0.10798284260515847,25.673982819871377,-0.3761654102354266,0.21759400902606496,0.024559189423675548,0.001181571999040898,1
7.91610860824585,0.12411490082740784,0.0042218430899083614,0.6226974725723267,0.11232935625345443,0.014929772668967896,0.002443725759616169,0.05754757131803556,0.18872124620992548,-0.039522623992159556,0.3125808835029602,-0.02854792401194573,-0.04925441369414329,-3.342474601784675,-0.0677690945729994,25.672855620274813,-0.35779156900969095,0.22374569166448785,0.02597149492718823,0.001050402999680955,1
7.926103830337524,0.12411490082740784,0.0042218430899083614,0.6226974725723267,0.11232935625345443,0.014929772668967896,0.002443725759616169,0.05754757131803556,0.18872124620992548,-0.039522623992159556,0.3125808835029602,-0.02854792401194573,-0.04925441369414329,-3.3508979297611132,-0.04528718553179877,25.672314348965934,-0.3614322233598979,0.22403299679065922,0.026576446750356492,0.0010108009992109146,1
7.936187744140625,0.1247595027089119,0.0046996744349598885,0.6227564215660095,0.11379078026912447,0.011113431048424565,0.004571672823145903,0.060177644714916045,0.1884207619365128,-0.040072281833178014,0.25717610120773315,-0.03069866448640824,-0.05137063935399055,-3.3580820620089415,-0.02827161111292667,25.665216379008665,-0.34119996283672094,0.22602638033226766,0.027865963857974685,0.0011877189972437918,1
7.946375846862793,0.12612299621105194,0.005502457730472088,0.6228765249252319,0.11417978999673392,-0.003314779676606249,0.0036132742336617164,0.06337823947238963,0.18748185804750994,-0.04165465776641053,0.0890234187245369,-0.047067046165466316,-0.0635860487818718,-3.3714377064082677,-0.009654146655986687,25.666546942768864,-0.30640553473334714,0.2314827172060569,0.031481180882025374,0.0033436320009059273,1
7.956370830535889,0.12612299621105194,0.005502457730472088,0.6228765249252319,0.11417978999673392,-0.003314779676606249,0.0036132742336617164,0.06337823947238963,0.18748185804750994,-0.04165465776641053,0.0890234187245369,-0.047067046165466316,-0.0635860487818718,-3.3788873284508805,0.01377825552592032,25.665291847911263,-0.263123245883791,0.23785796833932438,0.0354662951424215,0.0008402379971812479,1
7.966102600097656,0.12681107223033905,0.005785935092717409,0.6229432821273804,0.11422558120285892,-0.010295107235710723,0.003265238384684331,0.06355914636312088,0.18700653236773324,-0.04240257541989445,0.021912507712841034,-0.04819988459348679,-0.06930559128522873,-3.3875460957841512,0.03769997056692628,25.665143551047365,-0.22804791763475193,0.24009934943925892,0.03954843598720796,0.0008600740002293605,1
7.976098537445068,0.1275264024734497,0.006020816508680582,0.6229996681213379,0.11599352199591934,-0.013866110018127471,0.0030477820817620266,0.06301815813979239,0.18654709878855158,-0.04315239274030036,-0.03814078867435455,-0.05122467130422593,-0.07137985527515411,-3.400495312311681,0.0530470652029422,25.66467067264953,-0.19417246753240458,0.24315911191783482,0.04248003963359627,0.0010730319991125725,1
7.986109733581543,0.12825222313404083,0.0062004816718399525,0.6230660676956177,0.11559814954958225,-0.020965162756248407,0.0031309985227818736,0.06187872916972692,0.18608886465059093,-0.04391107135140304,-0.10545326769351959,-0.049873791635036475,-0.07341284304857254,-3.410902894747075,0.07097249080803543,25.66327650549831,-0.15480137209807643,0.2441303430145973,0.04539934607872385,0.0010161089994653594,1
7.996109247207642,0.12972164154052734,0.0063715288415551186,0.6231784820556641,0.11533521068749152,-0.03177916321072535,0.0005592847160132324,0.060145799204387895,0.18564171311981648,-0.04473829816909847,-0.180603489279747,-0.051077809184789665,-0.07401613891124725,-3.4170671568242246,0.0818118491991204,25.66290728868144,-0.1542438581934677,0.24412209969204018,0.04597412452908194,0.001267551000637468,1
8.006232738494873,0.1304626762866974,0.00637175515294075,0.6232316493988037,0.11492709762321238,-0.03706525715237044,0.0029607576533756544,0.057727700020476114,0.1852140582388162,-0.045475813500961415,-0.2567293345928192,-0.0482642985880375,-0.06945476680994034,-3.431670790355478,0.10771799971405266,25.661068823613384,-0.06175933766331369,0.24653630086184475,0.04865208921944629,0.0010237220012641046,1
8.016113758087158,0.131220281124115,0.006316490471363068,0.6232914924621582,0.11634741661317531,-0.04246691689489302,0.0007502538572941592,0.05298475703903893,0.18449150507500622,-0.04664276325557992,-0.3105359673500061,-0.0480746403336525,-0.07511585205793381,-3.4403309107162983,0.12346446816133268,25.660587991824205,-0.060461532560714536,0.24649501597719886,0.04912644403318927,0.0012980739993508905,1
8.026108741760254,0.13210336863994598,0.006279133725911379,0.6233329772949219,0.11535487256413346,-0.048296023918793,0.0005686019971774527,0.0492169347933995,0.18415942242929173,-0.047347303463773915,-0.3655848801136017,-0.044379539787769325,-0.06402081996202469,-3.4581201441143934,0.13989859303004604,25.666056877145497,0.019840703923762547,0.24784090325108332,0.051828673873966946,0.001024699999106815,1
8.036113262176514,0.13210336863994598,0.006279133725911379,0.6233329772949219,0.11535487256413346,-0.048296023918793,0.0005686019971774527,0.0492169347933995,0.18415942242929173,-0.047347303463773915,-0.3655848801136017,-0.044379539787769325,-0.06402081996202469,-3.4706503104681814,0.15033221090440996,25.66653736035294,0.025825950249724068,0.24821717026534904,0.05250513347953062,0.0010364329973526765,1
8.04611611366272,0.13299289345741272,0.006195231340825558,0.6233789920806885,0.11550811655368962,-0.050982699073463686,0.0023846959027555097,0.04508851786300161,0.18380646469925876,-0.047960243452905615,-0.4043424129486084,-0.03839074447751046,-0.05775566771626472,-3.479822317232191,0.1535062314565929,25.660513595089405,0.05998252820500909,0.24639866586780113,0.05238614460478336,0.0010339889995520934,1
8.056107521057129,0.1338920146226883,0.006074617616832256,0.6234347224235535,0.11600078581887419,-0.055010792564349,0.0020584706925394942,0.04060491890662865,0.18341788177508755,-0.04857849858501817,-0.4439781606197357,-0.03475501015782357,-0.0582875832915306,-3.492345758781338,0.15631329622224527,25.659944469463614,0.09624342636860583,0.24573707032811057,0.054535908377417563,0.0010914720005530398,1
8.06611680984497,0.13481684029102325,0.005911832209676504,0.6234768629074097,0.11831749165199122,-0.05804227733880659,0.00017595186650999026,0.035970344810057675,0.18317095532064265,-0.04906007435092885,-0.4605291187763214,-0.03336168453097344,-0.037850704044103615,-3.514543201758444,0.15910807909593325,25.66464483144222,0.12018667266664528,0.24572652282941912,0.04942226450008217,0.0010402750012872275,1
8.076184511184692,0.13575269281864166,0.005727378185838461,0.6235121488571167,0.1156565689497563,-0.05948325318514189,0.0015520632501613255,0.02869346511312232,0.18277563520716988,-0.04950325056042315,-0.47573190927505493,-0.029710385948419574,-0.026570903137326237,-3.523581132615186,0.15400265084379305,25.6612031140979,0.15271745546637924,0.24545275067622388,0.04668426592916585,0.0018448920018272474,1
8.086127042770386,0.13668480515480042,0.005502378102391958,0.623572587966919,0.11440388859593167,-0.06491503863187068,0.001562118235072855,0.02372947660901259,0.18248489482372943,-0.04970327625050075,-0.4960936903953552,-0.03074079751968384,-0.02003892697393894,-3.531382788858665,0.1574441494962296,25.66048457482783,0.17999701760905018,0.247050771146206,0.04538928399091471,0.0010863730021810625,1
8.09611701965332,0.13760945200920105,0.005250154063105583,0.6236467957496643,0.11367831343135802,-0.06414791995785782,0.009036859278464648,0.018857138211196833,0.18208917073490216,-0.049689722936302694,-0.4953567087650299,-0.04131585359573364,0.0010109898867085626,-3.5227176182802395,0.15171200943958932,25.638029814204213,0.19584547243692627,0.25424507570810007,0.038866894941555666,0.0010589240009721834,1
8.10620641708374,0.13952186703681946,0.004711013752967119,0.6238384246826172,0.11499163477040218,-0.06693452635617969,0.005455137120599268,0.013977770100024767,0.18169628645408453,-0.04957814455713594,-0.46460869908332825,-0.041112396866083145,0.019617900252342228,-3.534654833282514,0.15329834427109187,25.645180501868683,0.1890950506786514,0.25476378786827575,0.03192439448515484,0.0015639039993402548,1
8.116207599639893,0.14048416912555695,0.004413051530718803,0.6239332556724548,0.11444269801545154,-0.06784083040707993,0.008554063032826954,0.009401083147047018,0.1814645972125346,-0.04923650319338524,-0.45318371057510376,-0.03901118785142898,0.03784433007240296,-3.541652710410234,0.15402212092111858,25.636707090044197,0.19815385650238956,0.25459144898397223,0.02496877442819075,0.001054593001754256,1
8.126098155975342,0.14146815240383148,0.004142546560615301,0.6240243911743164,0.11290704431296389,-0.06818810140826566,0.006296641690858372,0.0032624513635908237,0.18085952003651862,-0.04838921425018228,-0.41179078817367554,-0.03884563595056533,0.06091904267668725,-3.5481175689446185,0.1556170902103246,25.635264251134345,0.20423902816056358,0.25485097162500936,0.02321496585530486,0.0012340260000200942,1
8.136183977127075,0.14250141382217407,0.003918844740837812,0.6241252422332764,0.11220465576786738,-0.06449629408522745,0.011414452694543078,-0.0001776216921611784,0.1805586595478088,-0.04757251633755155,-0.35694247484207153,-0.030264951288700093,0.08256667852401733,-3.5577144829754572,0.15593975819045255,25.642078687401447,0.20237882447907354,0.25670576837884557,0.015213544822113371,0.0014612320010201074,1
8.14631724357605,0.14356276392936707,0.0037177149206399918,0.6242380738258362,0.11472816721428661,-0.06353276287595341,0.007558312524473438,-0.003166003496969161,0.18014566591285686,-0.046515096149628565,-0.31159549951553345,-0.034381225705146776,0.10451605170965195,-3.5568984012503915,0.14939497538337299,25.627616505143973,0.18461456728037245,0.25314533067177625,0.005632206806443132,0.0024036539980443195,1
8.156224727630615,0.14356276392936707,0.0037177149206399918,0.6242380738258362,0.11472816721428661,-0.06353276287595341,0.007558312524473438,-0.003166003496969161,0.18014566591285686,-0.046515096149628565,-0.31159549951553345,-0.034381225705146776,0.10451605170965195,-3.5754432034730192,0.1449100564494566,25.63652821393723,0.16990078529687563,0.2561834541673607,-0.004570427088746857,0.0016704179979569744,1
8.166255712509155,0.1446397453546524,0.00350807118229568,0.6243093013763428,0.11358181364394775,-0.06281998041476881,0.007066937237695267,-0.005688795575693906,0.1799862596186932,-0.04526838520865928,-0.2530652582645416,-0.034471228718757616,0.12510980665683746,-3.5902991162654643,0.14459498600496823,25.63899407381024,0.14666545345366547,0.2567249571039575,-0.014803298595960074,0.0009767160008777864,1
8.176119565963745,0.1457187831401825,0.0033149789087474346,0.6243848204612732,0.11373153311821269,-0.06182047745482333,0.0032267391994765674,-0.007509828891306913,0.17960221550061206,-0.043798623212233156,-0.1759103685617447,-0.03603083640336988,0.15218307077884674,-3.6124284614258055,0.1482114298781193,25.65037281588543,0.11094567944959499,0.25861559037044246,-0.02787547205697384,0.0010221860029560048,1
8.186121463775635,0.14679084718227386,0.0031048255041241646,0.6244435906410217,0.11147283765152456,-0.0636989175947321,0.005831505779639861,-0.008981055140091065,0.17933198116095017,-0.041208142574773454,-0.10958500951528549,-0.02260519005358217,0.1725991815328598,-3.6214293332986847,0.1629725285827811,25.643991256045375,0.07950837378981285,0.25243643780509334,-0.03982340500709803,0.0009983680029108655,1
8.196124076843262,0.14786012470722198,0.002936525968834758,0.6244961023330688,0.11085402190832364,-0.0603036697832837,0.003628616674075369,-0.00911656232092728,0.179095231615106,-0.039244354983761554,-0.04855113849043846,-0.025815112516283965,0.19040824472904205,-3.6346890209514195,0.17104193762992898,25.649277079495395,0.04707230850435169,0.2547720523954979,-0.05048791557368623,0.001022184998873854,1
8.206123113632202,0.14893309772014618,0.0027791555039584637,0.6245278120040894,0.10922858109529143,-0.05934456747339257,0.0038076552136600402,-0.008471322941553172,0.17887229033072005,-0.03705089791809435,0.0365973562002182,-0.030987884849309894,0.2184387892484665,-3.6431983091510274,0.18474429296762562,25.64916846897233,-0.0014079271252710676,0.25840698586081434,-0.06514498032139013,0.0009863539999059867,1
8.216123342514038,0.15118545293807983,0.0026595406234264374,0.6245833039283752,0.11035449034947721,-0.05108052894830485,0.003935035617637788,-0.007122632178777177,0.17867243893046947,-0.03463578620756813,0.11171164363622665,-0.018481146544218036,0.239812970161438,-3.658087578951747,0.18332573294399143,25.64793709116735,-0.044520613936666086,0.25198433929514485,-0.077407651832622,0.0009869139976217411,1
8.22628140449524,0.1523561030626297,0.0026524353306740522,0.6246047019958496,0.1119638905823387,-0.04964588198433712,0.00370919605941135,-0.005397182426702063,0.17847606840006458,-0.032207240116655544,0.16337621212005615,-0.02014690265059468,0.24311639368534088,-3.682271134636893,0.18748999007390327,25.647337903363145,-0.07990892496290904,0.2534519667060425,-0.08468109382714503,0.0010088449998875149,1
8.236124038696289,0.15354043245315552,0.0026372168213129044,0.6245975494384766,0.10994970770741047,-0.05122940265823337,-0.0020177959143585795,-0.0018779200132454932,0.17822763210060089,-0.028239148804362735,0.21686142683029175,-0.01782272383570668,0.2618863582611084,-3.6966264860736793,0.1899409166957152,25.64695603269487,-0.08035244600985818,0.25338884108041015,-0.0861657167507006,0.001284592999581946,1
8.246102571487427,0.15470516681671143,0.0026158445980399847,0.6245881915092468,0.10722137965056339,-0.04873125282188037,0.004143315316733487,0.0011544734062427509,0.17818601822497904,-0.025585550629628973,0.26895061135292053,-0.021542605012655227,0.26255354285240173,-3.702409815754415,0.21420266984962363,25.645451951660128,-0.15510487514773333,0.25583624226231966,-0.09933649238512272,0.000995643000351265,1
8.25610637664795,0.15470516681671143,0.0026158445980399847,0.6245881915092468,0.10722137965056339,-0.04873125282188037,0.004143315316733487,0.0011544734062427509,0.17818601822497904,-0.025585550629628973,0.26895061135292053,-0.021542605012655227,0.26255354285240173,-3.708431710611625,0.22823804932914676,25.644995240644345,-0.15992626810342042,0.2556775921063233,-0.10306756194882448,0.001031753999995999,1
8.266100645065308,0.15586011111736298,0.002613653661683202,0.624607503414154,0.10746338205189679,-0.047623552515954654,0.002538652726143359,0.004534782041583529,0.17800113529738892,-0.022901295016878542,0.30042409896850586,-0.01270126365125176,0.263285756111145,-3.7225484577755545,0.24370106673428787,25.64924163458906,-0.18800251715042202,0.25167405530899356,-0.10700431912321491,0.0010522179982217494,1
8.276119470596313,0.15702636539936066,0.002618018537759781,0.6246117353439331,0.10791113940227563,-0.04570962895272673,0.0036855278969130214,0.008402113628543262,0.1779440666456078,-0.02008510361823168,0.3366611897945404,-0.007672165054827895,0.2770938277244568,-3.7362882659236503,0.25919976468813055,25.64581994140369,-0.22090666619263832,0.24916643291826193,-0.11581402073505474,0.001121784996939823,1
8.286157846450806,0.15824410319328308,0.002699481090530753,0.624622106552124,0.10830825551500378,-0.043815665080350494,0.002712272451856981,0.014490972273276448,0.17782568461266735,-0.016002956103893684,0.37097492814064026,-0.0016225618310272373,0.2626160979270935,-3.754349584701032,0.27814219492452974,25.647692651332537,-0.25945317193680584,0.24635041713188194,-0.1169982607727446,0.0015152230007515755,1
8.29611611366272,0.15947185456752777,0.002775775035843253,0.624610424041748,0.10715270007215236,-0.044847067665710866,0.0010531937608073275,0.01872226969553825,0.17796913907489254,-0.01333929401872247,0.3829306364059448,0.009467294439673455,0.25983113050460815,-3.7735106127784768,0.3012983171296217,25.65245087678176,-0.28067757643508906,0.23998422875815387,-0.11910725783727082,0.0011127739999210462,1
8.306102752685547,0.16073136031627655,0.0028911083936691284,0.6246117353439331,0.10528009374970547,-0.045175578526531215,0.004863327442414121,0.02299942915883557,0.17796670188895503,-0.01069635697341731,0.3830430805683136,0.005832458846271069,0.2566324472427368,-3.779145721858637,0.32282158780774056,25.641422574614598,-0.2953522683189516,0.2420401016526486,-0.12107403113554119,0.0010173659975407645,1
8.316335678100586,0.16198162734508514,0.002979196375235915,0.6246311068534851,0.1030100656044712,-0.048142202350872264,0.00418444634041754,0.02719596712535699,0.1780664307905684,-0.008186336826318197,0.38143977522850037,0.014014875516295463,0.23871508240699768,-3.785828987946016,0.35051005213616887,25.641637554973517,-0.30864063414163717,0.23751765972450956,-0.11777552141157845,0.0012158659992564935,1
8.32621455192566,0.1646234542131424,0.003176877275109291,0.6247137188911438,0.10598953065028147,-0.04711801188639403,0.00657419751443906,0.03150026362953051,0.17821495379223462,-0.005819124367426376,0.37497714161872864,0.029602780938148526,0.23130494356155396,-3.807466062351925,0.36988024603445113,25.633166964641205,-0.3196597009667777,0.22819559479115928,-0.11690924026833772,0.0009550639988447074,1
8.33616590499878,0.16603729128837585,0.003274966962635517,0.6247236728668213,0.1019961908363513,-0.05175867677026959,0.004716166606508645,0.03723981215205319,0.17867397631778204,-0.002389207637485846,0.3522580564022064,0.02752413973212245,0.22070179879665375,-3.8203193042316017,0.38151226089430473,25.63160805814818,-0.31973678160384783,0.22806912896505904,-0.11668376304751939,0.001428194998879917,1
8.34632658958435,0.16741690039634705,0.003334296867251396,0.6247738003730774,0.09932704267607594,-0.052701156628850464,0.009971969490266814,0.040894574046008714,0.17885907593393258,-0.0003373819052705507,0.33013683557510376,0.026742333546280885,0.19892621040344238,-3.8176273595210555,0.4144310607273901,25.621126026565264,-0.32260182206452875,0.22799703017907888,-0.10966506600495533,0.0025183399993693456,1
8.356181144714355,0.16879945993423462,0.003392810933291912,0.624850869178772,0.1003293469144675,-0.052896179287240754,0.00928752763835438,0.044109976716935506,0.17898330353123137,0.0016024571704589263,0.2840118110179901,0.020435050129890466,0.18728142976760864,-3.818257776153169,0.4336459276364413,25.619393546055342,-0.3273324612248925,0.22780485627877928,-0.10895966252300969,0.0010721940016082954,1
8.366108417510986,0.16879945993423462,0.003392810933291912,0.624850869178772,0.1003293469144675,-0.052896179287240754,0.00928752763835438,0.044109976716935506,0.17898330353123137,0.0016024571704589263,0.2840118110179901,0.020435050129890466,0.18728142976760864,-3.8283188335388143,0.4480086160047162,25.62055485800335,-0.31348732661366757,0.23044606897784867,-0.10611428326593625,0.0010565490010776557,1
8.37611722946167,0.17019449174404144,0.0034094504080712795,0.6249074339866638,0.10041873147886608,-0.059082113193202404,0.0061598405850529225,0.04673125676820389,0.17922433514302494,0.003406379690863215,0.23081283271312714,0.018016776069998762,0.16760149598121643,-3.847119020886096,0.4743192370146617,25.629163757836967,-0.29402117879181244,0.23071621014854546,-0.09973575182752026,0.0010349660005886108,1
8.386136293411255,0.1715739369392395,0.003370874095708132,0.6249598860740662,0.09662298858016753,-0.0622604451985147,0.009948259354039495,0.04898342979286241,0.17946507245659804,0.004979652462439699,0.1868327558040619,0.008671592921018618,0.1429208517074585,-3.8470349744799326,0.4968742288731717,25.618746314884792,-0.27752384578108175,0.23504873174969215,-0.09071653175158997,0.0010032569989562035,1
8.396135330200195,0.17292733490467072,0.0033208620734512806,0.6250433921813965,0.09783703834136104,-0.06270537523640361,0.009962825038966023,0.05065339185915407,0.17941621452245693,0.0062972518333159755,0.12484058737754822,0.0020008441060781626,0.11986303329467773,-3.855427753960153,0.5101786136042936,25.61645508924856,-0.24944055282669436,0.2384630620154443,-0.08116787183667076,0.001034687000355916,1
8.406134843826294,0.17432931065559387,0.003231567330658436,0.6250950694084167,0.09939484300332206,-0.06580652298128496,0.004857533222684119,0.05198612337250896,0.1796975800765277,0.00796737358280497,0.06304332613945007,0.018471203744411482,0.0994981899857521,-3.8823352749606306,0.5277929531759994,25.630245717060294,-0.2206991837647838,0.22836164533426478,-0.07259898675904372,0.0010041649984486867,1
8.416141510009766,0.17570747435092926,0.0030909436754882336,0.6251198053359985,0.09493020167426168,-0.07108028224205631,0.004762771617742483,0.0523168841641759,0.17987455662956986,0.008805960416309766,0.017624469473958015,0.014390466734766969,0.07619450986385345,-3.8934985382864187,0.5496962724718798,25.632111439644216,-0.19712320645642908,0.229993157936837,-0.06267691298067507,0.001081133999832673,1
8.42613697052002,0.17705565690994263,0.0029270227532833815,0.6251509785652161,0.09337817875382322,-0.07028054442912164,0.00580555804831629,0.0521001136123882,0.17995807540765663,0.009418841251476628,-0.04765494167804718,0.01347691752016545,0.054236575961112976,-3.900330685013342,0.556225912461418,25.628849286191354,-0.16074075774146898,0.2301684273380817,-0.05236185311275641,0.001016807000269182,1
8.43613862991333,0.1799101084470749,0.0027447310276329517,0.6251629590988159,0.09291972221297667,-0.07735383511505413,-0.0002708801661646791,0.051145732646474595,0.18018663198978313,0.009895994635142902,-0.10703963786363602,0.014520578086376194,0.03513362258672714,-3.9254119003117007,0.5760883636164467,25.645531068265047,-0.1269951030939984,0.2289280421952692,-0.042597881112998406,0.0009869829991657753,1
8.44612193107605,0.18134506046772003,0.0026135940570384264,0.6251578330993652,0.09148151413490542,-0.07864445436844202,0.0009480029057251492,0.048805540836329264,0.18070787902854812,0.01015875805591282,-0.1700068861246109,0.030821064487099648,0.007928829640150067,-3.9435653107371578,0.5885334191405754,25.64742683064253,-0.12531748421332048,0.22861549165289732,-0.04081703041815003,0.0012940220003656577,1
8.456125974655151,0.1827869713306427,0.0024801883846521378,0.6251401305198669,0.09343875166071061,-0.07849106917405164,-0.0026406256032476243,0.04774003371134983,0.18087222717802032,0.01013094446361551,-0.21668195724487305,0.032621484249830246,-0.010080700740218166,-3.9742157145796133,0.587522537489973,25.65355359850787,-0.05577161269626314,0.21644614263425332,-0.02231743199734409,0.0010075880018121097,1
8.466137170791626,0.1827869713306427,0.0024801883846521378,0.6251401305198669,0.09343875166071061,-0.07849106917405164,-0.0026406256032476243,0.04774003371134983,0.18087222717802032,0.01013094446361551,-0.21668195724487305,0.032621484249830246,-0.010080700740218166,-3.9940618439164335,0.5874367976188056,25.653972442700148,-0.05354993773633835,0.21609760028002675,-0.018554658171361343,0.0010273539992340375,1
8.476131916046143,0.18574807047843933,0.0021717429626733065,0.6250594258308411,0.08957031355277845,-0.08295109115526407,-0.0034215294387286545,0.04046644920673659,0.1820488096961399,0.009469573301557954,-0.305189847946167,0.03503471240401267,-0.04622149839997292,-4.016533186930825,0.5880593913363685,25.661013436154853,-0.009988324851749136,0.21534842123149853,-0.009985974313925675,0.001156358001026092,1
8.486228466033936,0.1873888075351715,0.0019686687737703323,0.6250507235527039,0.09208503372584001,-0.08079168203848082,-0.00420177755813383,0.03698384723896231,0.18240386307347434,0.008877786973292334,-0.3470545709133148,0.037132237106561654,-0.05677007511258126,-4.026901569611887,0.5829721436243497,25.65660321963531,0.01930243666350186,0.2111093821871749,9.836818566035833e-05,0.0014951069970265962,1
8.4961256980896,0.1873888075351715,0.0019686687737703323,0.6250507235527039,0.09208503372584001,-0.08079168203848082,-0.00420177755813383,0.03698384723896231,0.18240386307347434,0.008877786973292334,-0.3470545709133148,0.037132237106561654,-0.05677007511258126,-4.049224075739255,0.5673672456648082,25.657563643469935,0.054152530527349446,0.2084870899205732,0.007698540200131447,0.001219846999447327,1
8.506107807159424,0.1890421360731125,0.0017657706048339605,0.6250178217887878,0.09068378057368093,-0.08232767878519144,-0.006639767249570631,0.03309851849945833,0.18285013403989536,0.008291910936127689,-0.37282800674438477,0.016731325536966317,-0.06725872308015823,-4.070896934562962,0.5557806046800453,25.664717442314725,0.08158014736677198,0.21794566716338387,0.014545650490048686,0.0010336400009691715,1
8.516180276870728,0.190674290060997,0.001532040536403656,0.6249880790710449,0.08805210140446303,-0.08416540174595724,-0.0038095189108303573,0.026894769976445687,0.18327219740045386,0.0071275403927479886,-0.40151065587997437,0.013274045661091794,-0.08310204744338989,-4.079708111892554,0.5416266466332464,25.657413102626915,0.11849445603883973,0.21882599431397784,0.024208376185658697,0.0011606189982558135,1
8.526125192642212,0.19227339327335358,0.0013184084091335535,0.6249983310699463,0.0863941982248191,-0.0808514133024646,0.0008030508304112479,0.024778052139013518,0.18335896807501229,0.006674903694495082,-0.4106074571609497,0.017034726217389096,-0.08874860405921936,-4.078524955036344,0.520924962056748,25.64254285054331,0.1314031461902576,0.21666491432578106,0.02914516768176107,0.001153703997260891,1
8.536131143569946,0.19390366971492767,0.0011020705569535494,0.6250264048576355,0.0890984833190807,-0.08012670278363848,0.0004338107421346946,0.01816396104702367,0.18359435185938722,0.0053025156485166924,-0.4135688543319702,0.002461136085912574,-0.09176108241081238,-4.0914473565135605,0.4977589716857155,25.641306229621318,0.15565408995588415,0.22345812684830946,0.03373092939770867,0.001180803999886848,1
8.546345233917236,0.1971394419670105,0.0007028617546893656,0.6250720620155334,0.08599210525903057,-0.07680688796758955,0.0019888974485960725,0.013951123992106407,0.18368079782989533,0.0042865209687104056,-0.3983333706855774,-0.01584732532501222,-0.10242407768964767,-4.098429220225837,0.47062420961328155,25.636595018334816,0.15733042881320425,0.23329211057442822,0.0395855378288511,0.0028064520010957494,1
8.556082725524902,0.19873036444187164,0.000522167538292706,0.6251111626625061,0.0839733555935764,-0.07443581521576897,0.0031065536222624453,0.007943634068678929,0.183632063704386,0.0028433693590774745,-0.3715245723724365,-0.014370134100317967,-0.09733723849058151,-4.104663017542255,0.4557522090416815,25.635668320550177,0.16272365642200334,0.23335604067103272,0.04112377549551472,0.0011251370015088469,1
8.566104412078857,0.19873036444187164,0.000522167538292706,0.6251111626625061,0.0839733555935764,-0.07443581521576897,0.0031065536222624453,0.007943634068678929,0.183632063704386,0.0028433693590774745,-0.3715245723724365,-0.014370134100317967,-0.09733723849058151,-4.108052119810237,0.43478481553511206,25.632587021383625,0.16896723019949703,0.23297713705785647,0.041718169443090154,0.0010144320003746543,1
8.576114892959595,0.2002985030412674,0.00037490754039026797,0.6251861453056335,0.08263047784538506,-0.06821394710067004,0.0072027511765230595,0.004293753044769311,0.18343031555347977,0.0018163479018324935,-0.3430400788784027,-0.03131600841879846,-0.09878125786781311,-4.103367072248491,0.4038363517801016,25.620073356979436,0.16687177832774192,0.24278972931867826,0.043506965237510964,0.0010522880002099555,1
8.586102724075317,0.2018713504076004,0.00026271125534549356,0.6252520680427551,0.08547633873096021,-0.06718568502822864,0.002796786325275001,0.0007885506707521195,0.18309737098287648,0.0008320258763245825,-0.319526344537735,-0.03670464456081392,-0.09648937731981277,-4.122407630181038,0.37969744956175655,25.63102982019972,0.16625687542084885,0.24659548517434202,0.04426528731006483,0.001044186999934027,1
8.596116781234741,0.20346704125404358,0.00014251749962568283,0.6252991557121277,0.08149253569141529,-0.06266374886038549,0.002037876952916705,-0.0022576958753903753,0.18289229144591346,-6.313447049866028e-05,-0.27137961983680725,-0.04840217903256418,-0.09104861319065094,-4.130907627529082,0.35349512464654353,25.63512567739508,0.15127033950502536,0.25389232986651183,0.043196560215872974,0.001060390000930056,1
8.606122970581055,0.20504018664360046,5.6581629905849695e-05,0.6253532767295837,0.07967042172033961,-0.0603856854177728,0.0016572652386368939,-0.004894851515747867,0.18248739723899687,-0.0009310285280950126,-0.2291501760482788,-0.04340567067265512,-0.08710748702287674,-4.138607380600822,0.3314323933974721,25.63685053960978,0.13770868196304634,0.25280376063702503,0.04226624039793461,0.0010084250025101937,1
8.616115808486938,0.20664608478546143,-5.645302007906139e-05,0.6254008412361145,0.07756171366699498,-0.057241693159536346,0.004080065801861904,-0.007925229454747384,0.18191799421015453,-0.002209730525970066,-0.1725427508354187,-0.046509183943271644,-0.0813048779964447,-4.138705287287787,0.31024012507143484,25.629954530900786,0.11786412641403624,0.256489825463963,0.04084867477237781,0.0010560600021563005,1
8.626116275787354,0.20824894309043884,-0.00012202630750834942,0.6254426836967468,0.0788199528188752,-0.05125813187960775,0.001985911023104875,-0.009230578108118337,0.18156891616781534,-0.0029356503436153147,-0.11230508238077164,-0.04786548390984536,-0.07362629473209381,-4.152030923876393,0.2849835944473536,25.63465338425198,0.0904415423056817,0.25822156765991133,0.0378877009273216,0.001010939999105176,1
8.636118173599243,0.20984548330307007,-0.00014505040599033237,0.625449001789093,0.0775631365802558,-0.047066248995388194,-0.0014290126185689813,-0.010009986267657478,0.181275676633879,-0.0036308612965729736,-0.05519723892211914,-0.043119415640831,-0.06748553365468979,-4.1702075859662955,0.26169706197521136,25.645163800745255,0.0626970620774568,0.25672784605464266,0.03502719831827408,0.0010457930002303328,1
8.646138906478882,0.2114565521478653,-0.00015105016063898802,0.6254467368125916,0.0775371863182794,-0.04174418376917772,-0.005007667746389106,-0.01024236600979389,0.1809891193273443,-0.004193103662434083,0.02300470881164074,-0.04022599384188653,-0.056032955646514886,-4.1932717682120755,0.23924798312719173,25.656759761868035,0.021562096203070792,0.255675839736105,0.029588006350865975,0.001027981998049654,1
8.656121969223022,0.21311287581920624,-0.0001641203125473112,0.625413179397583,0.07521087653011053,-0.04007645699695657,-0.009733590341481533,-0.009967212493570354,0.1807336464326217,-0.004748458814934242,0.06648745387792587,-0.04956321045756341,-0.05091229453682899,-4.217455996064279,0.2242157169987667,25.67225015421804,-0.00263400734013821,0.2619927664823598,0.026636443968322897,0.001047120000293944,1
8.666115283966064,0.21637463569641113,-0.00016250315820798278,0.6253388524055481,0.07263116528924905,-0.03468804062897533,-0.008967082429950701,-0.008296083631372131,0.1801293550118559,-0.005419768294962601,0.12428131699562073,-0.04426031559705735,-0.043581303209066384,-4.236478190697969,0.20780629246342602,25.671572623735464,-0.0389554903787709,0.2613368500096083,0.022709547832615286,0.0010396459983894601,1
8.676113843917847,0.21637463569641113,-0.00016250315820798278,0.6253388524055481,0.07263116528924905,-0.03468804062897533,-0.008967082429950701,-0.008296083631372131,0.1801293550118559,-0.005419768294962601,0.12428131699562073,-0.04426031559705735,-0.043581303209066384,-4.247778682970265,0.19785010841599596,25.67124607113353,-0.03946346799118477,0.26139551711293113,0.02191820938156469,0.0010455829979036935,1
8.68613886833191,0.21957047283649445,-4.989010631106794e-05,0.6252723336219788,0.07134006157484671,-0.026657197653248203,-0.005596996637872781,-0.004131370764703934,0.17936986971316005,-0.006046321931545862,0.2560502588748932,-0.05294221639633179,-0.027462489902973168,-4.2395175457013075,0.18832859150875203,25.653127290337462,-0.08313261462060444,0.2674119531792781,0.017645552131993404,0.0014333639992401004,1
8.696181058883667,0.21957047283649445,-4.989010631106794e-05,0.6252723336219788,0.07134006157484671,-0.026657197653248203,-0.005596996637872781,-0.004131370764703934,0.17936986971316005,-0.006046321931545862,0.2560502588748932,-0.05294221639633179,-0.027462489902973168,-4.250776320340638,0.18082444385108046,25.657936830864458,-0.12368601567318444,0.26858375681540025,0.012874177982795939,0.0011265339999226853,1
8.7067711353302,0.22115910053253174,4.18804120272398e-05,0.6252240538597107,0.06815031146196446,-0.0227014683592612,-0.007597263184220603,-0.001421094529479916,0.17901173920796998,-0.006304872791025318,0.29197847843170166,-0.0534331277012825,-0.019492983818054192,-4.259554272275386,0.17204851767255858,25.664702505987094,-0.15229403993443233,0.2702652445021288,0.00813705172888913,0.001153424000222003,1
8.716089248657227,0.2227439284324646,0.00014328910037875175,0.625199556350708,0.06642670161554762,-0.02073447969727727,-0.004401053261343923,0.0035044163332043077,0.17829461752938958,-0.006492116235047085,0.34522905945777893,-0.05783231928944588,-0.014737322926521294,-4.25916244683235,0.1715457745041598,25.65618807212082,-0.1975019470967278,0.2750789317589743,0.0036822622126134906,0.0008947879978222772,1
8.726157665252686,0.22430916130542755,0.00021555402781814337,0.6251760125160217,0.06234078099373274,-0.023015223461787474,-0.0045061051866515,0.007232590049341514,0.1777789633909168,-0.006541968599046655,0.37157973647117615,-0.062466032803058624,-0.004553925246000282,-4.254681189979693,0.18346491594793263,25.655742616369537,-0.22520175189287112,0.279566189978933,-0.0020625924546304074,0.0009675660003267694,1
8.736175775527954,0.22582483291625977,0.0002890294708777219,0.6251853704452515,0.05942575999217744,-0.019894208780399072,-0.0005897403700753313,0.011263559919951316,0.1771026614429596,-0.0065857481872293455,0.40478721261024475,-0.07096149772405624,-0.0075614536181092176,-4.241700006768438,0.18949195944398312,25.644442389843988,-0.25632341052508373,0.2864276666186629,-0.0035651073495982844,0.0016430389987363014,1
8.746386289596558,0.22733567655086517,0.0003609943960327655,0.625210165977478,0.05834703878268538,-0.020065432465783555,0.0002803857988654144,0.015470769410391938,0.1765000594737285,-0.006552175108982539,0.4260333776473999,-0.07097537070512772,0.006229477003216752,-4.235155144282392,0.20018810119512825,25.640463102159,-0.2826673696071441,0.2883881465304939,-0.010080846187563509,0.00256290099787293,1
8.756687641143799,0.2289566844701767,0.0003740815445780754,0.6252574324607849,0.05657253407509825,-0.016426470161670297,0.001114972496086475,0.019932039528233858,0.1758641585339622,-0.006457551476657386,0.451287180185318,-0.07209476828575134,0.012655201368033895,-4.231036984788769,0.20506095200125576,25.63777277742833,-0.31129158357157105,0.2910226638807029,-0.015159071058204281,0.000843241999973543,1
8.76607608795166,0.23212693631649017,0.00036311979056335986,0.6253393888473511,0.05117790402104264,-0.021018614989526504,-0.0005434279069821236,0.026629638239532127,0.17500528594734277,-0.006283650833116106,0.44639915227890015,-0.07115869224071503,0.012489840388298043,-4.2286150528140585,0.20793042409545762,25.63741414994117,-0.31164495908016854,0.2910547882257202,-0.016185543822730422,0.0012303940020501614,1
8.776107788085938,0.23363691568374634,0.0003204774693585932,0.6253945231437683,0.04732486979480834,-0.021168244994867653,0.00221908694735744,0.031175040203384352,0.1744149150989105,-0.006057306463874923,0.44656088948249817,-0.06546090543270111,0.016451528295874603,-4.21951151184133,0.23618822006316675,25.635217090307677,-0.34189899079247965,0.29180221274174567,-0.020871986381707976,0.001036713001667522,1
8.786099433898926,0.23363691568374634,0.0003204774693585932,0.6253945231437683,0.04732486979480834,-0.021168244994867653,0.00221908694735744,0.031175040203384352,0.1744149150989105,-0.006057306463874923,0.44656088948249817,-0.06546090543270111,0.016451528295874603,-4.215076963393978,0.25265218942534656,25.63484734097867,-0.3481182408952091,0.29239104715318837,-0.02174869340289204,0.0009696619999886025,1
8.79612421989441,0.23657874763011932,0.0001671147911110893,0.6254725456237793,0.04426278154052745,-0.024711955354837296,-0.002774378989017093,0.039608136929609294,0.17342947503666029,-0.005764215136466078,0.39822515845298767,-0.05100298672914505,0.010887121781706817,-4.217934539871214,0.2734064253033904,25.644802701300325,-0.3512193032662471,0.29249104081538174,-0.023447697022243592,0.0012367499984975439,1
8.806123971939087,0.23657874763011932,0.0001671147911110893,0.6254725456237793,0.04426278154052745,-0.024711955354837296,-0.002774378989017093,0.039608136929609294,0.17342947503666029,-0.005764215136466078,0.39822515845298767,-0.05100298672914505,0.010887121781706817,-4.228308129382979,0.2939925985822909,25.651317134863334,-0.3514260420514743,0.2872899384987547,-0.02205244847113914,0.0010170169989578426,1
8.816127061843872,0.23801608383655548,5.7948287576436996e-05,0.6254843473434448,0.041299432436011065,-0.02642293833557814,-0.003062081497798636,0.04343794036258952,0.17314280109783375,-0.005647292309512775,0.3686339855194092,-0.04220149666070938,0.011308198794722562,-4.233969346352779,0.31425298210676933,25.65315194325875,-0.3489339203807259,0.2834126530683675,-0.022573792322438856,0.0010436270022182725,1
8.826137065887451,0.23939818143844604,-8.894476923160255e-05,0.6254934668540955,0.03581803288695868,-0.029885897413914866,-0.0023816369469267925,0.048347343230622286,0.17280466601584443,-0.0055401414362648005,0.3147122263908386,-0.028313757851719856,0.003346275538206104,-4.229020249258351,0.33778863833627715,25.651717943035077,-0.3370862288719247,0.2771333639223593,-0.02052513816519294,0.0009926400016411208,1
8.836135625839233,0.24074073135852814,-0.000276897510048002,0.6255093216896057,0.03409013877636472,-0.03149173408201914,-0.003621207997895798,0.051119093219651024,0.1726659832612092,-0.005587122172141967,0.2671786844730377,-0.018551509827375412,-0.002446603262796996,-4.230323092694839,0.35746612340962086,25.65506798558773,-0.32116443422943797,0.2721737661024535,-0.018129350753494446,0.0010154800002055708,1
8.846126079559326,0.24205754697322845,-0.0004932562005706131,0.6254950761795044,0.03225161511622339,-0.03545631468837994,-0.00867329619625536,0.053218581569316026,0.17270941887187918,-0.005549068968115023,0.2150276005268097,-0.01065644808113575,0.0001276959665119661,-4.242448952213541,0.3822468466097767,25.6702860445944,-0.3010337814489781,0.2678278964087329,-0.01845863915780339,0.0009973899977921974,1
8.856147527694702,0.24332885444164276,-0.0007730445940978825,0.6254502534866333,0.026777319514116323,-0.040677078052746264,-0.008896677075090951,0.05495174518379686,0.1729048232597723,-0.005723006198564473,0.14856737852096558,0.003937358036637304,-0.023281125351786613,-4.243253692964203,0.40827118582793653,25.67294958218879,-0.27122789776056716,0.259649643339933,-0.009810336483729871,0.0010193909984081984,1
8.866132497787476,0.2445429265499115,-0.0010824332712218165,0.6254242062568665,0.023340392774159023,-0.04051721467519451,-0.005391881606330114,0.056142822200259346,0.17314918399506718,-0.005913642574563394,0.06695874780416489,0.01121614873409271,-0.013050773181021215,-4.234211407108182,0.41848677889319486,25.66271158398051,-0.23196305140577866,0.25531129242995027,-0.010747786718728695,0.0010884679977607448,1
8.876161098480225,0.24573490023612976,-0.0014113745419308543,0.6253933310508728,0.023151395496215293,-0.04335021221552523,-0.008998330590943494,0.05617848649407753,0.17334640951474212,-0.0060009624045291865,0.006241396069526672,0.015954211354255673,-0.02762602083384991,-4.240208181034783,0.42994728658975034,25.671523571657225,-0.19923217402543145,0.2521686268934869,-0.005073483628821709,0.0009998339992307592,1
8.886126041412354,0.24799594283103943,-0.0022775521501898766,0.6253169775009155,0.013692511102575865,-0.0511086955443894,-0.005512542458113684,0.055464413243231814,0.17394024096628602,-0.00644134280341957,-0.06284413486719131,0.0338577814400196,-0.03305452316999436,-4.24441135412071,0.437602764386807,25.6726590207024,-0.1988500093013321,0.25195859116854913,-0.003864941328734481,0.0014631880003435072,1
8.896214723587036,0.24914920330047607,-0.002822285518050194,0.6253397464752197,0.013653367580641698,-0.054537728399132804,-0.007132755055327314,0.05414085612271613,0.1743452500021383,-0.00670956829584668,-0.12427127361297607,0.03520401194691657,-0.029403442516922954,-4.228574743986581,0.4573857067143354,25.66234589248072,-0.16045596125046402,0.24153083843370257,-0.0003916244886542795,0.0014550850028172135,1
8.906649827957153,0.2502671182155609,-0.0034190367441624403,0.6253319978713989,0.008669663161859437,-0.05989142506156787,-0.009811688307507975,0.05218610814038582,0.17494698468821523,-0.0069931975597046225,-0.19285723567008972,0.04762929677963256,-0.032650131732225425,-4.2265000045349534,0.4834482448807073,25.67305451475328,-0.08349851241737873,0.2322133541060729,0.002902063330523218,0.001223967999976594,1
8.916088342666626,0.2502671182155609,-0.0034190367441624403,0.6253319978713989,0.008669663161859437,-0.05989142506156787,-0.009811688307507975,0.05218610814038582,0.17494698468821523,-0.0069931975597046225,-0.19285723567008972,0.04762929677963256,-0.032650131732225425,-4.225752316350102,0.5008524591005734,25.674556711453697,-0.07990864084759479,0.23141896212646512,0.0036259425412526287,0.0008627979987068102,1
8.926190614700317,0.2513236105442047,-0.004061331041157246,0.6253451704978943,0.0041710498851744,-0.06123797218809705,-0.0045610676278013415,0.04984945922166961,0.17563886381926608,-0.007276864708757991,-0.2617126405239105,0.06895888596773148,-0.03359105065464974,-4.210383106972501,0.5066890260008009,25.659044761617672,-0.03555263477558546,0.21834773871390215,0.005816504629941301,0.0011393149979994632,1
8.936211824417114,0.2523514926433563,-0.004711069632321596,0.6253631114959717,0.0034508516416525583,-0.06195002045055158,-0.007508165545297969,0.04538447191244499,0.1767609836360342,-0.007579835841752036,-0.3047277331352234,0.06773501634597778,-0.023129245266318328,-4.210654628466345,0.5079503894618849,25.665412713556897,0.0024921382070850207,0.2155100084618786,0.00441547418382128,0.0015829719995963387,1
8.94637393951416,0.2533462643623352,-0.0053977761417627335,0.6253557205200195,-0.0003511698090466888,-0.06631225345966946,-0.011227688822081649,0.043631204834402304,0.1772095954753139,-0.007659134221796204,-0.34699761867523193,0.07133908569812775,-0.023524362593889247,-4.213554760627136,0.5195922736460857,25.677524410017934,0.030850378995230524,0.2124743851859085,0.0052585073555909845,0.0027469429987831973,1
8.956109285354614,0.25429219007492065,-0.0061546312645077705,0.6253604292869568,-0.004867654016066009,-0.06675031032801845,-0.008614032644398107,0.03797691024950156,0.17854180494928462,-0.007927607854124386,-0.3979918360710144,0.07666102796792984,-0.018066035583615313,-4.204757879388673,0.5191458944268376,25.671759672859082,0.07719342231950073,0.20586354415336994,0.005783965227633938,0.0009157409986073617,1
8.96608829498291,0.2551976144313812,-0.006912624463438988,0.6253776550292969,-0.006481047809907099,-0.06679146735340435,-0.008857637678066861,0.03375380965286112,0.17948694489154082,-0.00793020908046227,-0.43159207701683044,0.08773473650217056,-0.007062054239213477,-4.201666200156628,0.5155375675024957,25.671752285953463,0.10951110863821464,0.19694930863345123,0.003541875163037559,0.0010550820006756112,1
8.97615361213684,0.2560722529888153,-0.0076881409622728825,0.6253758072853088,-0.009614787327487662,-0.06888285274918474,-0.013053147126392868,0.02941001831615786,0.18053693928586778,-0.007899194683913535,-0.4429275393486023,0.08701817691326141,0.0006275434279814256,-4.205492231174809,0.5178827302459716,25.68459925384422,0.130176217595619,0.19400798098617478,0.0015516602282514848,0.0010433490024297498,1
8.986109972000122,0.2569000720977783,-0.00847857166081667,0.6253657937049866,-0.012155864487783904,-0.06824536620112022,-0.010556571151146662,0.022513214531991288,0.181817855222,-0.007693568227755687,-0.4673765003681183,0.08195026218891144,0.012527741491794576,-4.20091685251092,0.510792480160349,25.679470638436474,0.1664351204475372,0.1926966355026282,-0.0011302647467901928,0.0009978790003515314,1
8.99610686302185,0.2585486173629761,-0.010245448909699917,0.6253648996353149,-0.017671365514709048,-0.07027141001260151,-0.010041680926981485,0.020222588734803093,0.18231067414354696,-0.007507412772915778,-0.473379522562027,0.08213023841381073,0.027449926361441602,-4.19029446303299,0.5144839582043056,25.677775827076587,0.17411830035363082,0.19208199833637235,-0.006270121564373482,0.0010527070007810835,1
9.006103515625,0.2585486173629761,-0.010245448909699917,0.6253648996353149,-0.017671365514709048,-0.07027141001260151,-0.010041680926981485,0.020222588734803093,0.18231067414354696,-0.007507412772915778,-0.473379522562027,0.08213023841381073,0.027449926361441602,-4.1842847639872875,0.5210611425574947,25.67762541840635,0.17716517482268448,0.19139612777737894,-0.007498741652930728,0.0010161079990211874,1
9.016124963760376,0.25931817293167114,-0.011119230650365353,0.6253772974014282,-0.018590087436824294,-0.06635031099520511,-0.012091211580027841,0.013571639662048884,0.18355115980868986,-0.0068834542839488755,-0.4622335433959961,0.0779770165681839,0.04094892740249633,-4.18699445462521,0.5135127711052507,25.684194430903894,0.19374566702288662,0.18948890097404528,-0.011317752830843065,0.0010308460005035158,1
9.026122093200684,0.2600671648979187,-0.011986637488007545,0.6253591775894165,-0.021118082120053002,-0.0668261125669667,-0.01419670133017349,0.009091888611181709,0.18444031933116367,-0.00630830756048173,-0.4483336806297302,0.06359198689460756,0.062255784869194024,-4.18966092105289,0.511477305667702,25.69191644513434,0.2009739129174508,0.19436252372551424,-0.019066150445346826,0.0010045140006695874,1
9.036125183105469,0.2607640326023102,-0.012855949811637402,0.6253586411476135,-0.02378266329211175,-0.06692119685179941,-0.009292095303049813,0.004848199965241662,0.18504495890155237,-0.005488183437989846,-0.43475621938705444,0.05225560814142228,0.08150120079517365,-4.1769228989269696,0.5119737677831127,25.678960283617876,0.20751831634026796,0.19866616794033842,-0.027078046017208958,0.0010203689998888876,1
9.046124935150146,0.2614764869213104,-0.013796327635645866,0.6253687739372253,-0.026678808016563194,-0.06605215370751813,-0.010988805490958957,-0.0008746354458963879,0.18579713502322637,-0.004020830500114592,-0.39909347891807556,0.0414763279259205,0.09628090262413025,-4.168707193304775,0.5127372696523278,25.68306604240706,0.20767453396558308,0.20206687831112782,-0.03386362831951448,0.0009987170014937874,1
9.056126356124878,0.2621311843395233,-0.014721480198204517,0.625378429889679,-0.0302235838951603,-0.06322330980995186,-0.007653071468180565,-0.004056084599490362,0.18612363215779348,-0.00273981878385543,-0.3511272072792053,0.020700171589851393,0.12330828607082367,-4.149077013262306,0.5133509621731153,25.674469915359175,0.19230440466091564,0.21236257625931582,-0.045423620853089576,0.001003117999061942,1
9.066125392913818,0.26275476813316345,-0.015604384243488312,0.6254217028617859,-0.03232492146968226,-0.05826223269275309,-0.008278169730255486,-0.007079957237743351,0.18612912571974105,-0.001333856274940981,-0.32348886132240295,0.0017150542698800733,0.13747958838939667,-4.134215642305753,0.5065834001172596,25.67587266262105,0.1876696066558215,0.22263547061407196,-0.05324399852054773,0.001000184001895832,1
9.07612419128418,0.2633589506149292,-0.016463592648506165,0.6254358291625977,-0.03303354250441076,-0.05539096520709212,-0.01234279965919882,-0.009547190141898643,0.1862472509554527,0.00036556831701117787,-0.2759462594985962,-0.012974536046385744,0.17007984220981598,-4.132915774440202,0.50310868258926,25.688560396892616,0.1699290486208349,0.23013738688527804,-0.0673710154772117,0.001012686003377894,1
9.086126804351807,0.2639356255531311,-0.01729505881667137,0.6254502534866333,-0.03482764224324014,-0.05262051524329872,-0.011851044767008307,-0.011596940597906169,0.18607518823472713,0.0022677904058716614,-0.21496330201625824,-0.03183260932564733,0.18900293111801147,-4.126452992301618,0.503687431562968,25.689288422786717,0.14395066331263132,0.24093111776794068,-0.07841052095579087,0.0010550820006756112,1
9.096132040023804,0.2644725739955902,-0.01814652979373932,0.625454306602478,-0.0383082963648812,-0.05262566358138343,-0.01332691957013619,-0.012958008622693029,0.18586811578919393,0.004301063524277282,-0.1713237166404724,-0.045150168240070315,0.2079135775566101,-4.117288665633122,0.5131302835460809,25.694479031740947,0.12445857918232514,0.2490666756197939,-0.08881970537184206,0.0010885379997489508,1
9.10626482963562,0.2654115855693817,-0.01976972632110119,0.6254935264587402,-0.04295019433271616,-0.04476394504513579,-0.011459783615373625,-0.014141157945252836,0.1849775509588758,0.00782885240512865,-0.10897055268287659,-0.0645390525460243,0.22988899052143097,-4.111812120075016,0.5187402741255522,25.695362561170047,0.12424434066127767,0.24909384551272487,-0.0909446084469257,0.001448519997211406,1
9.116127252578735,0.26584917306900024,-0.020536156371235847,0.6255050897598267,-0.043044693941063895,-0.03801322366363292,-0.01228699501870107,-0.014223796893563456,0.18433461024002362,0.010250083722620484,-0.05497143045067787,-0.08241785317659375,0.23772574961185455,-4.093004286780894,0.5203493768382975,25.69071602952083,0.09515802264802314,0.2628360167395084,-0.10179108776726925,0.0011394559987820685,1
9.126112461090088,0.26584917306900024,-0.020536156371235847,0.6255050897598267,-0.043044693941063895,-0.03801322366363292,-0.01228699501870107,-0.014223796893563456,0.18433461024002362,0.010250083722620484,-0.05497143045067787,-0.08241785317659375,0.23772574961185455,-4.082041135489612,0.5160969664429901,25.69269512332177,0.06685875867060455,0.2746543399744926,-0.10890219574329484,0.0009945269994204864,1
9.136228084564209,0.2662696838378906,-0.021250460296869278,0.6254913806915283,-0.0437492468259502,-0.03583174203090581,-0.015283979942062842,-0.013811722772323787,0.18355151008879123,0.012882327096527035,0.0064506521448493,-0.08800326287746427,0.2569161355495453,-4.0791548671208275,0.5208411118372298,25.70211326180597,0.03215143722147414,0.28044670007989236,-0.11962415732939163,0.0017432669992558658,1
9.14627742767334,0.2670593857765198,-0.022643834352493286,0.6254242658615112,-0.04761615396573665,-0.03091289289973032,-0.0172075591416661,-0.011418523840329264,0.18160871390028532,0.018406392768235857,0.10774171352386475,-0.11028535664081571,0.2653965950012207,-4.0669338940936255,0.5280140513885253,25.699553395171165,-0.002419029794638254,0.29452531114185165,-0.12925795983441368,0.0017948829990928061,1
9.156389713287354,0.2670593857765198,-0.022643834352493286,0.6254242658615112,-0.04761615396573665,-0.03091289289973032,-0.0172075591416661,-0.011418523840329264,0.18160871390028532,0.018406392768235857,0.10774171352386475,-0.11028535664081571,0.2653965950012207,-4.061379712197145,0.541788355047552,25.709621265963932,-0.030178764378384765,0.2994891044642473,-0.13204974118781931,0.0008261290022346657,1
9.166121482849121,0.26740556955337524,-0.023330602794885635,0.6253496408462524,-0.05176486089199059,-0.030009925476112753,-0.018719677954308376,-0.008339703958639255,0.18013814444065268,0.022647832823669223,0.1551598310470581,-0.10584108531475064,0.2793572247028351,-4.049122774383499,0.5652400070602497,25.7162849149439,-0.06640138372681334,0.3026286129127805,-0.1415147421033625,0.0010099619976244867,1
9.176124811172485,0.2677200734615326,-0.02400003746151924,0.625289261341095,-0.05305294721859417,-0.027328845358046375,-0.019157378267143196,-0.005848542638049903,0.17901235388650072,0.025427571096787283,0.21406526863574982,-0.11710971593856809,0.268922358751297,-4.037332345611681,0.5879043867153411,25.718859291137615,-0.10574908997084254,0.3126538798269163,-0.14282926277709154,0.001028400998620782,1
9.186124324798584,0.2680383026599884,-0.024703092873096466,0.6252031922340393,-0.054470747974876325,-0.02301456614453467,-0.020299275037751537,-0.00282898522995767,0.1779554048316796,0.02814069001853925,0.2433568835258484,-0.11891444772481916,0.2629868984222412,-4.027992470219674,0.6047396737513869,25.722953996206524,-0.13138158615134685,0.317426597651151,-0.14374172378732325,0.0010172959991905373,1
9.19612455368042,0.26832523941993713,-0.02535046823322773,0.6251316666603088,-0.05475426120323691,-0.017569853249790494,-0.01878510456474713,0.00028553599609315583,0.1767060933637139,0.030873490619288457,0.2752677798271179,-0.12260087579488751,0.26618239283561707,-4.0170211409644265,0.6156696719549798,25.71918755674228,-0.15873860599787143,0.3235047492470254,-0.14785605366140148,0.0010393670017947443,1
9.206125974655151,0.2688174247741699,-0.02659589610993862,0.6249571442604065,-0.059790533130130254,-0.015905378481815915,-0.020119226973181817,0.005468326877943408,0.17500623233051638,0.03472882289612311,0.30194738507270813,-0.1221048757433891,0.24528239667415622,-4.010529423935849,0.6221667424873315,25.718754685004278,-0.15908994015453828,0.3234573021529217,-0.14867239825568904,0.0013041509992035571,1
9.216124296188354,0.2690054476261139,-0.02721661888062954,0.6248624920845032,-0.06242358694892946,-0.018594592914273907,-0.021811520150927778,0.007151883686514093,0.17445773554759514,0.035956464558490886,0.31092125177383423,-0.11864491552114484,0.23392826318740848,-3.991669465884397,0.6564480542910721,25.729032973281733,-0.19811232647447138,0.3288292391084319,-0.1423492047276829,0.0010078670020448044,1
9.22612476348877,0.2690054476261139,-0.02721661888062954,0.6248624920845032,-0.06242358694892946,-0.018594592914273907,-0.021811520150927778,0.007151883686514093,0.17445773554759514,0.035956464558490886,0.31092125177383423,-0.11864491552114484,0.23392826318740848,-3.9803292491612154,0.678208607833558,25.730697001930398,-0.20080043446626228,0.3293125578328964,-0.14144560466913456,0.0010016509986598976,1
9.236125469207764,0.269133061170578,-0.02783774957060814,0.624779999256134,-0.06764201092786601,-0.014982834792545354,-0.017240844976042842,0.012345071831389554,0.17283098635637062,0.039419742505214295,0.29855823516845703,-0.11627382040023801,0.2220111191272736,-3.949357624142941,0.6956656391587754,25.718237869416928,-0.2111769885537685,0.3331744616906802,-0.1403175084073395,0.0010135239972441923,1
9.246125221252441,0.2692241370677948,-0.02843448892235756,0.6247316002845764,-0.06847616289899258,-0.014582063193944329,-0.01560436228267571,0.01567323122306785,0.17166422708582374,0.04150884318138415,0.2878844738006592,-0.10460515320301053,0.19434872269630432,-3.9247472669150367,0.7142082351265229,25.712046738968315,-0.21609381688946552,0.3302612031593032,-0.1323333576814385,0.001099853001505835,1
9.256124258041382,0.2692892253398895,-0.029031261801719666,0.6246799826622009,-0.06949655714041117,-0.013325207933254752,-0.015279156804758111,0.018863542475396677,0.1706744189038103,0.04328375259473871,0.28057220578193665,-0.10013941675424573,0.1712598353624344,-3.9056995749484695,0.7312743924319524,25.710641879942223,-0.2222955012330746,0.3306032953622726,-0.12432780644232538,0.0010154100018553436,1
9.266124248504639,0.26932409405708313,-0.029616422951221466,0.6246461272239685,-0.07215814305648283,-0.013385813299926655,-0.014024173478875688,0.021947992208244393,0.16971091133762561,0.04496172180179636,0.26789191365242004,-0.09273240715265273,0.15876975655555725,-3.8841614236345383,0.7497614573687128,25.707284717227935,-0.22580932531768383,0.3295089115570151,-0.11991141529764171,0.0010252579995722044,1
9.276124954223633,0.2693406641483307,-0.030202219262719154,0.6246105432510376,-0.07572949678309274,-0.016419220739287733,-0.01586681222662287,0.0258902906884102,0.16855443815308035,0.047006775261114075,0.23380859196186066,-0.08096894621849059,0.12263569235801698,-3.8644909855300416,0.776709329400792,25.713044218549214,-0.2203959884589789,0.32656876708313776,-0.10812490291279292,0.0010245599987683818,1
9.286123275756836,0.2692863345146179,-0.030809413641691208,0.624600350856781,-0.0813288241138164,-0.01691155740605022,-0.009418814624940382,0.028304920671629485,0.16775474983451488,0.048055061082450834,0.21263182163238525,-0.06840381026268004,0.10269559174776079,-3.826007094069344,0.7976746887664855,25.695491381926068,-0.2168109568449129,0.32244897481975954,-0.09965127627294931,0.000990685002761893,1
9.296126127243042,0.2692127823829651,-0.031386617571115494,0.6246326565742493,-0.08179040998060844,-0.015016883101215382,-0.011222271584246782,0.03026445664646671,0.1672119401865806,0.04889356676228518,0.1703767627477646,-0.049075398594141,0.07829738408327103,-3.8059069953784643,0.8095098755868542,25.69880225300272,-0.20022278253552386,0.31339191689618184,-0.08976843943429372,0.0010359440020693,1
9.3062424659729,0.2691132724285126,-0.031971078366041183,0.6246393918991089,-0.08273872732289456,-0.01770873950423659,-0.011358555486552346,0.0317545306348932,0.16688573627320125,0.049459783396029966,0.1212027296423912,-0.0374881625175476,0.040929403156042106,-3.7914193430676812,0.8248079313878489,25.699965373627695,-0.1782250039781131,0.3078323725632779,-0.07470396777402988,0.0011910009998246096,1
9.316138744354248,0.2689884901046753,-0.032561641186475754,0.6246448159217834,-0.08666936306280763,-0.016422615224387545,-0.011580584625005282,0.03274773096199457,0.1666684632230826,0.04965897443863643,0.08129237592220306,-0.02247428148984909,0.008730403147637848,-3.7741413083114725,0.8318043415553052,25.7014763017416,-0.15917701545582305,0.30049913729777666,-0.06012537418584424,0.0009202799992635846,1
9.326130628585815,0.2685984969139099,-0.03379995375871658,0.6246426105499268,-0.09272333234608048,-0.020157374427277032,-0.012623027018063731,0.033703243181209874,0.16662882079081864,0.049664049212295946,0.05064115300774574,0.0005075510125607242,-0.007620268501341343,-3.763821082146371,0.836099355860357,25.70188501707573,-0.15896946910167126,0.3003618349811348,-0.05709435514194246,0.0012769809982273728,1
9.336201906204224,0.2685984969139099,-0.03379995375871658,0.6246426105499268,-0.09272333234608048,-0.020157374427277032,-0.012623027018063731,0.033703243181209874,0.16662882079081864,0.049664049212295946,0.05064115300774574,0.0005075510125607242,-0.007620268501341343,-3.7445943124904297,0.8534089734717293,25.70585272341635,-0.14599502341351847,0.2886602714745687,-0.05059697570971144,0.001319027996942168,1
9.346415281295776,0.2680734694004059,-0.03513316810131073,0.6246212124824524,-0.09524691102154897,-0.02201990773773504,-0.021113867305055056,0.03327638362936591,0.16726674752747694,0.04855410660601489,-0.04214753210544586,0.04222169890999793,-0.07027790695428848,-3.7457666598526687,0.8668366928782171,25.732353329567314,-0.09434751427708601,0.26462862397652653,-0.025527072707045587,0.0011618060016189702,1
9.356351137161255,0.2680734694004059,-0.03513316810131073,0.6246212124824524,-0.09524691102154897,-0.02201990773773504,-0.021113867305055056,0.03327638362936591,0.16726674752747694,0.04855410660601489,-0.04214753210544586,0.04222169890999793,-0.07027790695428848,-3.7459896862098434,0.8766128706084465,25.73618018546095,-0.09306378764319893,0.2639226446212351,-0.020045931469244438,0.0008538580004824325,1
9.366125345230103,0.2677551805973053,-0.035828448832035065,0.6245663166046143,-0.09991515437805652,-0.022498177826060436,-0.02000540314952268,0.03260695642918732,0.1679453205467496,0.04769802361425679,-0.08327250927686691,0.06386109441518782,-0.09771868586540224,-3.7346239014015956,0.8809223038935057,25.73399576320366,-0.0682525195845394,0.2508344188971473,-0.00802502003064732,0.0010351769997214433,1
9.376112699508667,0.26738837361335754,-0.03650258854031563,0.6245266199111938,-0.10225193947368404,-0.021383320902698556,-0.018922392319402764,0.030676450997124682,0.16910066877542862,0.04593645902341548,-0.11997023224830627,0.07768750935792922,-0.12595103681087494,-3.7225876483665283,0.8756384195565303,25.730930010859325,-0.041014553063068976,0.240207739603856,0.006450522712349768,0.001073660998372361,1
9.38610577583313,0.26699063181877136,-0.03718370944261551,0.62447589635849,-0.10402613141889297,-0.02301669714780915,-0.020844689038880537,0.029770960778983113,0.1695584880179064,0.045124343478863516,-0.15568074584007263,0.08741416037082671,-0.1578262895345688,-3.715082974345726,0.8751495189041338,25.736727168144732,-0.017937442956020604,0.23361315948322453,0.02183573026861848,0.0010060509994218592,1
9.396106481552124,0.2665730118751526,-0.03785223141312599,0.6244122385978699,-0.1046433004104781,-0.02103535153645663,-0.022121115354593417,0.02666813715310834,0.17120852384993368,0.042595961201873145,-0.20006588101387024,0.10214164108037946,-0.17509262263774872,-3.715120193746124,0.8626285688510649,25.741738729561384,0.01711001042642014,0.22120351425149845,0.034047437261408464,0.0010402050029370002,1
9.40610384941101,0.26612329483032227,-0.03852064162492752,0.6243464946746826,-0.10670038311617684,-0.0223772450875666,-0.02030450124477903,0.02421182733920313,0.1723810191642574,0.040641812629348184,-0.22315619885921478,0.10940587520599362,-0.21256226301193237,-3.7081646546811213,0.8530193463718617,25.737475239611463,0.03913078398820102,0.21403574074746534,0.05187185913915185,0.0025340550018881913,1
9.416112184524536,0.26563188433647156,-0.03918889909982681,0.6242849826812744,-0.11052269497091291,-0.020218652493797715,-0.01663850443249411,0.021583295915522882,0.17353341148660117,0.038388831464657436,-0.24659620225429535,0.1123014613986015,-0.23328138887882233,-3.689024611192615,0.8358147785623354,25.72676121017346,0.06153492056781851,0.2096414708186679,0.06522126473564843,0.0008976509998319671,1
9.426107168197632,0.2645688056945801,-0.040569011121988297,0.6242697238922119,-0.11053033176973258,-0.016881112224052044,-0.017074157302795056,0.018618084385259248,0.17469163735308246,0.03604456802316136,-0.26488086581230164,0.11494839191436765,-0.233833983540535,-3.677720472268043,0.8255878416142666,25.72543195011985,0.06171909836370978,0.209471144341397,0.06799048825976217,0.0011891850008396432,1
9.436107397079468,0.2645688056945801,-0.040569011121988297,0.6242697238922119,-0.11053033176973258,-0.016881112224052044,-0.017074157302795056,0.018618084385259248,0.17469163735308246,0.03604456802316136,-0.26488086581230164,0.11494839191436765,-0.233833983540535,-3.6710696938238536,0.8106212991283367,25.727070773469276,0.08175378654230481,0.20502164199007517,0.07120439002848483,0.0010785510021378286,1
9.446106910705566,0.2633894979953766,-0.04189399629831314,0.6242843866348267,-0.1144859716366973,-0.013542134830755309,-0.012826578242948182,0.010529864448525217,0.17795393275307525,0.029370924660867992,-0.2867254316806793,0.12195526063442227,-0.2771218717098236,-3.657148554229858,0.7892956892739402,25.715777905321758,0.10753816709638087,0.19430292296048346,0.08923111125101045,0.0012028749988530762,1
9.456105470657349,0.2633894979953766,-0.04189399629831314,0.6242843866348267,-0.1144859716366973,-0.013542134830755309,-0.012826578242948182,0.010529864448525217,0.17795393275307525,0.029370924660867992,-0.2867254316806793,0.12195526063442227,-0.2771218717098236,-3.645077124646653,0.7653804369103839,25.714435919902385,0.12306536916873827,0.19148278192727056,0.09730021490589902,0.0010269340018567163,1
9.466135263442993,0.26275935769081116,-0.04251912608742714,0.6243207454681396,-0.11522963635521687,-0.011014991824215385,-0.008842737556847353,0.007157055141255864,0.17923580726513721,0.026573890276536893,-0.28241172432899475,0.11865600198507305,-0.2835943400859833,-3.6285690338637795,0.7402757735049593,25.702859533781723,0.13281441967552451,0.18919483429385378,0.10377661336056025,0.0009893580026982818,1
9.476109981536865,0.2621254324913025,-0.04308519512414932,0.6243773102760315,-0.1119771003461207,-0.004026434205590802,-0.00948211700031188,0.003992663999055068,0.18031632848993207,0.02358908074003896,-0.2728947103023529,0.1105454713106155,-0.29841989278793335,-3.628111472323122,0.704007816457024,25.70307186470621,0.13975077072126166,0.18968434855215688,0.11287886533701245,0.0010079369967570528,1
9.486106634140015,0.26151156425476074,-0.04364363104104996,0.6244331002235413,-0.11325544119437937,-0.0027565533285550895,-0.01152783643665721,0.0007688635444926817,0.18148138286420146,0.020579311849142634,-0.254300057888031,0.10448644310235973,-0.2947682738304138,-3.6289119787390844,0.6757959878259602,25.70960665939604,0.140905728166479,0.1893001511795024,0.11590655721642534,0.0010092640004586428,1
9.4961097240448,0.26086193323135376,-0.04421641305088997,0.6244999170303345,-0.11502656338711255,0.0013821350513081746,-0.009238204138729642,-0.003527166209215782,0.183071016348463,0.016112305831133433,-0.2315845787525177,0.09934569895267482,-0.29419979453086853,-3.621463070469835,0.6425932482851379,25.7041787669267,0.14383713234016016,0.18715448459359213,0.11988609200191412,0.0010490059976291377,1
9.506118059158325,0.26019352674484253,-0.044755324721336365,0.6245797872543335,-0.1150155812418151,0.00295663848276895,-0.00969564226097367,-0.006218858069977351,0.1840487356531293,0.013057245614349178,-0.20330625772476196,0.09564342349767681,-0.299970805644989,-3.6177116357825763,0.6167181412733864,25.704948611170224,0.13833120637484203,0.18593325677387385,0.12493084521372035,0.001101459998608334,1
9.516116619110107,0.2595067024230957,-0.04526202008128166,0.6246522665023804,-0.11472850291878454,0.0077694896178718996,-0.008559956405899901,-0.008431570871742178,0.1849119559500605,0.010109096968111242,-0.17625893652439117,0.08708149194717403,-0.2885003983974457,-3.612742195220544,0.5882486133999869,25.701710585394586,0.13141458139193876,0.18769805191721506,0.12396870356763966,0.0011715840009856038,1
9.52618408203125,0.2580156922340393,-0.04625378176569939,0.6247228384017944,-0.11298143863866784,0.018236627796242758,-0.011108242744463136,-0.011297028560914413,0.1861982288599764,0.00572686265356781,-0.12741132080554962,0.08635053783655162,-0.28612998127937317,-3.6175409892307977,0.5429758718906486,25.708672669578466,0.11243421640803998,0.1853144236174706,0.12394863048155198,0.0011128449987154454,1
9.536179542541504,0.25727513432502747,-0.04666909575462341,0.6247357130050659,-0.10984878245272571,0.02271396664440939,-0.014393794553524047,-0.012112748033235476,0.1865106254209592,0.004277608910479014,-0.09191367030143738,0.07673095166683193,-0.28384339809417725,-3.619778717096869,0.5183320338774547,25.70958745141716,0.11573623421005022,0.18381426134095147,0.1257411884454184,0.0013142080024408642,1
9.546385288238525,0.25653141736984253,-0.04705004021525383,0.6247014999389648,-0.11059135209984547,0.02399303761943541,-0.017317881938369476,-0.013817710567419095,0.18750605202320436,0.0001377802478228496,-0.05827096477150917,0.0663417428731918,-0.2692716121673584,-3.636440519912341,0.48788915872650634,25.72784345944884,0.08551972934632399,0.19101192941115264,0.12161354763949368,0.002711531997192651,1
9.556182622909546,0.2557499408721924,-0.04740069806575775,0.6246587038040161,-0.11481555555489964,0.028771098708639333,-0.014239114246203083,-0.014300732804594762,0.18807978730041963,-0.0025156771709990977,0.006867436692118645,0.046125479042530025,-0.26296111941337585,-3.645840035196022,0.47060408997284053,25.730270264911745,0.08727586542994477,0.19005031707926756,0.12250230094776698,0.00172385000041686,1
9.56613564491272,0.2557499408721924,-0.04740069806575775,0.6246587038040161,-0.11481555555489964,0.028771098708639333,-0.014239114246203083,-0.014300732804594762,0.18807978730041963,-0.0025156771709990977,0.006867436692118645,0.046125479042530025,-0.26296111941337585,-3.631473062927142,0.452586162820691,25.721791690273182,0.05454724306519125,0.19930982769017772,0.12137601107194734,0.000976924999122275,1
9.576124906539917,0.2549479305744171,-0.047698602080345154,0.624640941619873,-0.11292881531487123,0.032011214682972904,-0.01697660923736109,-0.014276998282825915,0.18831134165841368,-0.005098513507533653,0.04833940789103508,0.037462666630744906,-0.25459301471710205,-3.6305451291048567,0.43567038334089014,25.7285451390284,0.03209724197336915,0.2031316088260806,0.11925177338013837,0.0009827920002862811,1
9.586123704910278,0.25414973497390747,-0.04794850945472717,0.6245850324630737,-0.11140693742508324,0.03900334987511686,-0.019424223723279843,-0.014276998282825915,0.18831134165841368,-0.005098513507533653,0.04833940789103508,0.037462666630744906,-0.25459301471710205,-3.635834297733552,0.40916408326293996,25.736723794883485,0.032450135262680514,0.20313768801278,0.11884909117955865,0.0009616290008125361,1
9.596122980117798,0.2533535659313202,-0.04812474176287651,0.6245354413986206,-0.11004185679978602,0.044360477511148945,-0.017913523374991275,-0.01232716422120017,0.18884767934831226,-0.011066562923278678,0.15227416157722473,0.01334304176270959,-0.22880099713802338,-3.6354925438182257,0.38661431553571984,25.732665596479926,-0.02970808753122673,0.21385604432501126,0.11150338293339719,0.0009640739990572911,1
9.606123447418213,0.2525591552257538,-0.048265375196933746,0.6244766712188721,-0.10947223013320902,0.04570430895570092,-0.01865909888550092,-0.011679405963862521,0.18885137686686493,-0.012208005703148839,0.18663030862808228,-0.0014216601848602562,-0.21855005621910095,-3.634321667140551,0.37300069389435625,25.734269061182896,-0.05118238248798988,0.22199846884064908,0.10647946819292817,0.000990266002190765,1
9.616124391555786,0.25175175070762634,-0.0483660027384758,0.6244131922721863,-0.11117062721976761,0.050344545535998354,-0.016765037535000013,-0.008974382350166898,0.18875311456726873,-0.015313776900015785,0.22948472201824188,-0.012805631384253526,-0.20206785202026367,-3.621636546024059,0.3587110245280458,25.729045771610107,-0.08352654967206134,0.22863901717965418,0.10030309519409951,0.0010508919986023102,1
9.62612533569336,0.25091686844825745,-0.048487499356269836,0.6243619918823242,-0.11327242106164537,0.05098743362704506,-0.015361534603749671,-0.006626627332599,0.18842344318856208,-0.01721939941412698,0.27875781059265137,-0.03716339170932772,-0.1846569925546646,-3.6007207777840486,0.35515802228401777,25.724636020406468,-0.11863173319832805,0.24301297963098578,0.09284048224498079,0.0010007419987232424,1
9.636125326156616,0.25091686844825745,-0.048487499356269836,0.6243619918823242,-0.11327242106164537,0.05098743362704506,-0.015361534603749671,-0.006626627332599,0.18842344318856208,-0.01721939941412698,0.27875781059265137,-0.03716339170932772,-0.1846569925546646,-3.588408596174942,0.35294069005846085,25.724257192823913,-0.11903167711157657,0.24328811052324986,0.09128601161579304,0.001057457000570139,1
9.646120071411133,0.24828530848026276,-0.048722829669713974,0.6242997646331787,-0.11059708139586091,0.060762681240446745,-0.011199987834407746,0.000700111449141616,0.18693200011921185,-0.021457451729304466,0.3357662856578827,-0.06390284746885301,-0.15625588595867157,-3.581110463994204,0.3516088139825107,25.724357620483186,-0.11903297445781681,0.24326437418612903,0.09096080373732073,0.0012769099994329736,1
9.656384944915771,0.2474033087491989,-0.0487327016890049,0.6242794394493103,-0.11024077220772008,0.06385815180522086,-0.012650570629133261,0.003918616752781823,0.18615259976512144,-0.022957722633855315,0.338147908449173,-0.07616576552391054,-0.14668355882167816,-3.558038296527983,0.3360396724459508,25.716768939589546,-0.18236552878202733,0.2702745166705376,0.07692521254938364,0.0009858650009846315,1
9.666124820709229,0.2474033087491989,-0.0487327016890049,0.6242794394493103,-0.11024077220772008,0.06385815180522086,-0.012650570629133261,0.003918616752781823,0.18615259976512144,-0.022957722633855315,0.338147908449173,-0.07616576552391054,-0.14668355882167816,-3.5440497902674126,0.32617383350627194,25.7160012693089,-0.18731342224643652,0.2717466787405497,0.07476517533617145,0.000995573998807231,1
9.676125764846802,0.24647343158721924,-0.04877011105418205,0.6242437958717346,-0.11396381988534315,0.05993593144124822,-0.011780768023506649,0.007104257725892182,0.18539814059484305,-0.024351383242566804,0.361096054315567,-0.08471510559320451,-0.13287226855754852,-3.519676381610056,0.33580035347285686,25.71431661844004,-0.211239202507853,0.2791294622356877,0.06917377077899287,0.0010551520026638173,1
9.68612265586853,0.24551154673099518,-0.04881637170910835,0.6242263913154602,-0.11489219205037529,0.061318837338225685,-0.010492300796562581,0.010549131705345882,0.1845185655691255,-0.02557920403644598,0.35857149958610535,-0.08306406438350679,-0.11875344812870024,-3.495253278132337,0.3423334567063496,25.711010080415907,-0.22225025904636464,0.28138490278876854,0.06296930864441158,0.0010140129998035263,1
9.696123838424683,0.24453257024288177,-0.04884399473667145,0.6241940855979919,-0.11479679474878755,0.061265562230836956,-0.013487453884219047,0.014020131126252,0.18360207104241555,-0.0266882593066744,0.35505419969558716,-0.08927875012159349,-0.10841672867536543,-3.4814658846486677,0.3511045711557934,25.720142548433078,-0.23266244732262573,0.287691349092371,0.057905835470086396,0.0010149210029339883,1
9.70613694190979,0.24355031549930573,-0.048861775547266006,0.6241396069526672,-0.11479154963336459,0.0631437081244069,-0.015085660730457561,0.019198045919398776,0.18229706438432114,-0.02818547219409151,0.3567439913749695,-0.088028721511364,-0.09493006765842436,-3.470631628995026,0.35901940679117306,25.72693007787754,-0.2515492036764814,0.2913943464864172,0.05169130241847318,0.0010418109995953273,1
9.716191053390503,0.24248191714286804,-0.04887376353144646,0.6240676641464233,-0.11377918717113455,0.06410323838399308,-0.01606477550105793,0.022389786878677764,0.18146754290182798,-0.02901880674989199,0.33184102177619934,-0.08271589130163194,-0.08105410635471343,-3.4634250514404123,0.36412675222089624,25.731265339148806,-0.24982471355818067,0.29133077423520853,0.04556455880439641,0.0011567769979592413,1
9.726164817810059,0.24139949679374695,-0.048903707414865494,0.6239655613899231,-0.11705902209415942,0.05895040987021123,-0.018663747628175065,0.02537398913564859,0.18070436160299197,-0.029793443066546743,0.3101089894771576,-0.08109471201896669,-0.0789067819714546,-3.451484434030196,0.3835328066503806,25.740530820123723,-0.24900295258010102,0.29327235113643246,0.04350707110082022,0.0011365909995220136,1
9.736142873764038,0.24027161300182343,-0.04895778000354767,0.6238688230514526,-0.11998982708264957,0.05873823981402624,-0.016614829823032903,0.028254426332553706,0.1799135375057972,-0.030444490618888764,0.2788482904434204,-0.06231530755758286,-0.059326261281967156,-3.4288428939097897,0.39764061084545455,25.736688231376743,-0.24289632431005834,0.28630748674697104,0.036255876700469,0.0011734699983207975,1
9.74671721458435,0.23913222551345825,-0.04900090768933296,0.6237952709197998,-0.11885800946239865,0.05845145924355464,-0.016852164098453505,0.03067966840256231,0.17916143887485347,-0.03099817130961835,0.23952573537826538,-0.06626538932323456,-0.053931243717670434,-3.4125810504027574,0.4075280612496195,25.737302899098964,-0.23040675738662245,0.2907478154475157,0.03310618946636339,0.0027831229999719653,1
9.75619626045227,0.23683619499206543,-0.04911200329661369,0.6235878467559814,-0.11899256702151556,0.05577955041336895,-0.01765426892249942,0.03378133420002394,0.1782748407242596,-0.03173614912813516,0.20024064183235168,-0.060049906373023994,-0.04705779999494552,-3.39571108742588,0.42271891675907797,25.74054159600262,-0.21644068572652314,0.2894101190502292,0.029750480905950998,0.0018983239970111754,1
9.766141653060913,0.2356177717447281,-0.04919346049427986,0.623488187789917,-0.12119598679745142,0.05297746161741426,-0.015807321822686786,0.03528193959313963,0.1778549413631132,-0.03206511884341179,0.14064732193946838,-0.04903709143400193,-0.034092709422111504,-3.371501473878254,0.4364864344565301,25.73622551881344,-0.19256192719780119,0.28587722907189983,0.02529814706727769,0.0008889899982023053,1
9.77610445022583,0.2356177717447281,-0.04919346049427986,0.623488187789917,-0.12119598679745142,0.05297746161741426,-0.015807321822686786,0.03528193959313963,0.1778549413631132,-0.03206511884341179,0.14064732193946838,-0.04903709143400193,-0.034092709422111504,-3.356414534572387,0.44489861896495586,25.73589415700562,-0.19413350913562938,0.28626807911468677,0.024548403963917893,0.001044534998072777,1
9.786106586456299,0.2343669831752777,-0.04929549619555473,0.6234162449836731,-0.12213893957782332,0.051849984147936616,-0.012218053436171583,0.036331368159558064,0.17740426746511462,-0.032345434373695525,0.09782736003398895,-0.043534301221370704,-0.02892795950174331,-3.332762966710321,0.45028763192239285,25.725687497849197,-0.1753128811705743,0.2850140392515927,0.023039191627208577,0.00100353699963307,1
9.796100854873657,0.23310671746730804,-0.049391888082027435,0.6233630776405334,-0.12208092955604664,0.052009634722281525,-0.01200875892919856,0.03692318673550954,0.1770036138534694,-0.032560952903965656,0.04205804318189621,-0.030913569033145908,-0.01927332021296024,-3.313799186984247,0.45041759475704596,25.724132412838134,-0.14786761060794945,0.2796562815598517,0.020027170668392182,0.0010182740006712265,1
9.806108713150024,0.23182643949985504,-0.04952043667435646,0.6233212947845459,-0.12244521057520992,0.04597644204073425,-0.012793217869164382,0.03662439242081916,0.17672181206858228,-0.032668907496001154,-0.03118298575282097,-0.015825966373085976,-0.008388644084334372,-3.2992216740629714,0.4607355690398546,25.72658595844793,-0.10867092094862008,0.27259134654823,0.016618444761526185,0.001009752999379998,1
9.81610655784607,0.23051463067531586,-0.049694184213876724,0.6232861876487732,-0.12614583930044765,0.0439390398566241,-0.008407009395582431,0.036337475696955224,0.17667420171293635,-0.03265906020466369,-0.08106784522533417,-0.0022493284195661545,-0.0012482106685638426,-3.268674261068599,0.46771378157680593,25.71469806494039,-0.08115651215256962,0.2659480766321305,0.014081659247125993,0.0010550820006756112,1
9.826106548309326,0.2291637659072876,-0.0498703308403492,0.623297929763794,-0.12475645529474881,0.04435097447149904,-0.006727468448259714,0.034739983332956914,0.1765199705432341,-0.032588210842378285,-0.14136843383312225,0.004725217819213868,0.010550253093242645,-3.2453940277935893,0.4646961947058406,25.708413591427426,-0.04376862185553344,0.2626870257474905,0.010525379465654738,0.0010041650020866655,1
9.836108446121216,0.2278023064136505,-0.05005839094519615,0.6232965588569641,-0.12468284354493901,0.042578481515611624,-0.01152633206402952,0.033151642570186546,0.1767664076991089,-0.032341561122434026,-0.1818348616361618,0.017876192927360538,0.022297339513897892,-3.23741253522845,0.46536504248321675,25.722363912093318,-0.017043616560478966,0.25488696252694976,0.006409347616528577,0.0010431379996589385,1
9.846108675003052,0.22471566498279572,-0.050459496676921844,0.6232970356941223,-0.12938998631501716,0.03950256501629005,-0.01014457068651404,0.03111723542976419,0.1769765155913725,-0.03208714986077199,-0.22817358374595642,0.03390424698591232,0.022434741258621212,-3.209745603230261,0.4684656003125053,25.721538285408638,0.011818033494322124,0.24642854677836296,0.006618579146649234,0.001016317997709848,1
9.85610818862915,0.22471566498279572,-0.050459496676921844,0.6232970356941223,-0.12938998631501716,0.03950256501629005,-0.01014457068651404,0.03111723542976419,0.1769765155913725,-0.03208714986077199,-0.22817358374595642,0.03390424698591232,0.022434741258621212,-3.1913461697188237,0.4716789418871892,25.721852910101568,0.014839337636700374,0.24604084453461664,0.006456950921763284,0.0010379010018368717,1
9.866107702255249,0.2213764637708664,-0.05086322873830795,0.6232650279998779,-0.1334575414394426,0.040187154036078226,-0.011175800644025576,0.024666558077291345,0.1779897282302061,-0.030960811708494518,-0.29437345266342163,0.05640877783298493,0.04562863707542419,-3.1706048184959674,0.47492081547352194,25.72340980727617,0.03811569984508818,0.23821832628394674,0.0029161804475717986,0.0012164250001660548,1
9.876105546951294,0.21968986093997955,-0.051051702350378036,0.6232380270957947,-0.13233180331935007,0.03724350819365,-0.011967403417318804,0.021442360599607024,0.17861237679802056,-0.030325907427518395,-0.33171650767326355,0.08203676342964172,0.05658064410090446,-3.1520674413718806,0.46465568832781673,25.729896237035387,0.09736636605122784,0.21638306218799186,-0.0031867580779228696,0.0010107299967785366,1
9.886106967926025,0.217982217669487,-0.051261056214571,0.6231685280799866,-0.13621038190687806,0.03486655316024691,-0.013879824165732751,0.01800025888920498,0.17948631108048652,-0.02958027441654254,-0.35430577397346497,0.08940836787223817,0.06792953610420226,-3.1398152684081655,0.45946706973510354,25.731123482983936,0.10236017653613919,0.21525351392705044,-0.004911926999522866,0.001220685000589583,1
9.896109580993652,0.217982217669487,-0.051261056214571,0.6231685280799866,-0.13621038190687806,0.03486655316024691,-0.013879824165732751,0.01800025888920498,0.17948631108048652,-0.02958027441654254,-0.35430577397346497,0.08940836787223817,0.06792953610420226,-3.1223239571339754,0.45813341358474335,25.73828550558211,0.1254604897476254,0.20876337000708547,-0.00856468097218846,0.0010348969990445767,1
9.906142950057983,0.21623560786247253,-0.05145063251256943,0.6231176853179932,-0.13719162335323604,0.03814262550372715,-0.011058806674912417,0.01466941124136234,0.1802645343432432,-0.028637111531042425,-0.37299299240112305,0.09700313210487367,0.08812130987644194,-3.098303967353821,0.4447346240590383,25.731920799577633,0.14662390886217574,0.20226714318497474,-0.015920619473011502,0.0011958199975197203,1
9.916118860244751,0.21448716521263123,-0.0516158826649189,0.6230611801147461,-0.1372129768036661,0.039217412514060926,-0.014192605111830455,0.009461627863661448,0.18159245790862766,-0.027099504528890428,-0.3677802085876465,0.09871655702590944,0.09790395945310591,-3.0856087050927776,0.42937137136502995,25.741392288796256,0.16163386420482123,0.1966820557029121,-0.020599597404541196,0.0012072749996150378,1
9.926202774047852,0.2127266526222229,-0.05175001174211502,0.6230047941207886,-0.13796265419687664,0.04178810501150681,-0.011108896060659294,0.00603484315187508,0.18255141754782755,-0.02586164037772054,-0.3718816637992859,0.1045944467186928,0.11640220135450362,-3.0645373293882177,0.4102818133743405,25.7344752329845,0.17523132756613788,0.19042569778269228,-0.027926070150976118,0.0015443480006069876,1
9.936185121536255,0.21096590161323547,-0.05186139792203903,0.6229623556137085,-0.13716009250881392,0.04190776893627532,-0.012150355677167261,0.0024944846173236,0.18359623425177007,-0.02450323829872625,-0.36090269684791565,0.10643253475427629,0.1353236436843872,-3.050852849940561,0.39614594209361537,25.73733203017978,0.18098930693956017,0.1857282482788555,-0.03621222765527542,0.0019479830007185228,1
9.946502208709717,0.20918816328048706,-0.05196954309940338,0.6229084730148315,-0.1403298227786472,0.04093612382868711,-0.009960396987706717,-0.0006901600379354278,0.18469787711107788,-0.0229580207466622,-0.3460468649864197,0.10967164486646654,0.14671824872493744,-3.0253355674790297,0.3887259623694765,25.732455253171388,0.1835070973363126,0.1805467297771061,-0.04230204825208984,0.0009095249988604337,1
9.956500768661499,0.20559000968933105,-0.05208791792392731,0.6228931546211243,-0.13978058081017544,0.04837896326977422,-0.00654966959057119,-0.003669650848849848,0.1856156864396743,-0.021358076334176523,-0.3280293047428131,0.10943069308996202,0.1576046645641327,-2.9932759067019457,0.364559822789508,25.722673227119778,0.18056664321619634,0.17880971332723,-0.047057004629906654,0.0010976880002999678,1
9.966105222702026,0.20559000968933105,-0.05208791792392731,0.6228931546211243,-0.13978058081017544,0.04837896326977422,-0.00654966959057119,-0.003669650848849848,0.1856156864396743,-0.021358076334176523,-0.3280293047428131,0.10943069308996202,0.1576046645641327,-2.9719570946869167,0.3506628282402052,25.721746566032415,0.18434699919044786,0.1775138419402346,-0.048861679061222525,0.0008743230027903337,1
9.976107358932495,0.20194736123085022,-0.052033718675374985,0.6229560971260071,-0.13602408739520444,0.0538767429431095,-0.0027081536250917917,-0.009959449688335287,0.18799076418775673,-0.016799691030137343,-0.25873997807502747,0.0939896181225777,0.17857317626476288,-2.947467575333661,0.3291537448291745,25.708405846139954,0.18445009516484898,0.1780808545639343,-0.05630993969481718,0.0012685990004683845,1
9.986110210418701,0.20194736123085022,-0.052033718675374985,0.6229560971260071,-0.13602408739520444,0.0538767429431095,-0.0027081536250917917,-0.009959449688335287,0.18799076418775673,-0.016799691030137343,-0.25873997807502747,0.0939896181225777,0.17857317626476288,-2.932997904122597,0.31582250758323593,25.70919523677611,0.16873349020823467,0.17740441154432576,-0.060297119747091926,0.0010064000016427599,1
9.99612021446228,0.20011092722415924,-0.051962193101644516,0.6229767203330994,-0.13572716682477215,0.05867414570306413,-0.0020705322481681257,-0.011807869393611448,0.18894248614348363,-0.014777678052671384,-0.21925745904445648,0.09081007540225985,0.19978292286396027,-2.9171499214947123,0.29790068534728104,25.707923488628463,0.15355660669322238,0.1758565044498943,-0.06988162087646453,0.001169209001091076,1
10.0061194896698,0.19826701283454895,-0.05184539780020714,0.6229973435401917,-0.13610328727358859,0.05894219507332675,-0.003597577807605413,-0.013310569916515025,0.18978673245406297,-0.012576108554264387,-0.19139406085014343,0.09148102998733523,0.212896928191185,-2.9038052185128365,0.287437010134264,25.712983625748503,0.14327293656248125,0.17258796749914662,-0.07784481083345869,0.0009581369995430578,1
10.016112089157104,0.19639995694160461,-0.051732659339904785,0.6230283975601196,-0.1358813643269279,0.06036675349847019,-0.001716716036729876,-0.014428511893680884,0.19055215849859097,-0.010368625974320977,-0.13422080874443054,0.07165133953094485,0.2136206477880478,-2.884041475111042,0.28179793983580315,25.70852906786378,0.11676829658671664,0.18064323091151285,-0.0816001833410542,0.0010689820010156836,1
10.026110649108887,0.19451500475406647,-0.051575835794210434,0.6230615377426147,-0.13317190084648006,0.06580382596429307,-0.003684647456135882,-0.015008469164579541,0.1914978698036438,-0.006846437978296205,-0.07834862917661667,0.06937807798385623,0.22852346301078796,-2.8762949452207804,0.27002073493400247,25.713828395047805,0.08876400152284586,0.17849585885426097,-0.09035709288375518,0.0009848879999481142,1
10.036109924316406,0.19264674186706543,-0.051371410489082336,0.6230793595314026,-0.13307709960464653,0.06850696365368485,-0.0027439159699267157,-0.014932647216018502,0.19181289422805659,-0.00561553383453095,-0.04572558403015137,0.0701202526688576,0.23938632011413574,-2.8626449436123362,0.2589053814371048,25.712187038046846,0.07074290917055581,0.1770681439400316,-0.09720883941708479,0.0010708680019888561,1
10.046106338500977,0.19076626002788544,-0.05110616609454155,0.6230967044830322,-0.12963095293112448,0.07449416817884714,-0.003354024940010052,-0.014129281002162486,0.19263775164551777,-0.0019684827539467875,0.01915653422474861,0.06026030331850055,0.23249199986457825,-2.8566643128465232,0.2445724512755875,25.713543446966966,0.034262586182500415,0.17938251185706328,-0.09948482718183305,0.0009805570007301867,1
10.056110620498657,0.1889169067144394,-0.050806593149900436,0.6230789422988892,-0.12763755013426725,0.07487264273356832,-0.0072295536692058016,-0.013065401012276379,0.19329569701844473,0.0005159477173264371,0.0873630940914154,0.05517427623271945,0.24784627556800842,-2.8582022850812954,0.241662785797238,25.725339370267157,-0.006450767021969277,0.17973284736055392,-0.10807126211641348,0.0010934970014204737,1
10.066109895706177,0.18700027465820312,-0.050458747893571854,0.6230416297912598,-0.1268810629523236,0.07917737213827156,-0.006045269743914555,-0.011420844242512551,0.19368520660292754,0.0031570195815655566,0.12798109650611877,0.05011155456304553,0.251613587141037,-2.849354263890934,0.23495241536494682,25.723732432087445,-0.03376626675146224,0.18123818004512565,-0.11373395988512586,0.0009940380004991312,1
10.076108932495117,0.18321289122104645,-0.04969380423426628,0.6229261755943298,-0.124317571490297,0.08248658472139678,-0.006982015432185759,-0.009440387599860767,0.194189055891,0.00559631535640337,0.160161554813385,0.046479754149913816,0.23381748795509338,-2.840022413271506,0.2271116591648643,25.726648927848586,-0.05433840181599092,0.18209534851547307,-0.1100470369809547,0.0009953650005627424,1
10.086106300354004,0.18321289122104645,-0.04969380423426628,0.6229261755943298,-0.124317571490297,0.08248658472139678,-0.006982015432185759,-0.009440387599860767,0.194189055891,0.00559631535640337,0.160161554813385,0.046479754149913816,0.23381748795509338,-2.8297932480750205,0.22029312227773934,25.727469584858024,-0.057191254393677546,0.18147587396916273,-0.11027513313269524,0.0009596740019333083,1
10.096105575561523,0.1795332431793213,-0.04880623519420624,0.6228153705596924,-0.11694908890053925,0.08542598030906211,-0.00865725392319391,-0.0027879204816927405,0.19475537557088796,0.011792450590542902,0.23980090022087097,0.024278501048684148,0.2321471869945526,-2.8294136167935213,0.22411690858418623,25.73039973631237,-0.09678295453905386,0.18927008745571652,-0.11885785858599508,0.0013122519994794857,1
10.106105327606201,0.1795332431793213,-0.04880623519420624,0.6228153705596924,-0.11694908890053925,0.08542598030906211,-0.00865725392319391,-0.0027879204816927405,0.19475537557088796,0.011792450590542902,0.23980090022087097,0.024278501048684148,0.2321471869945526,-2.826704162057335,0.22680227170930908,25.73273551703126,-0.12203208235895813,0.19129573048054874,-0.11801902660157668,0.0010256069981551263,1
10.11610722541809,0.1777370274066925,-0.048291683197021484,0.6227376461029053,-0.11313182115715967,0.09041392057820499,-0.008797542148534595,0.0003526353027436535,0.19484782727845795,0.014084771086438241,0.2637871205806732,0.014364257454872159,0.21962128579616547,-2.8257507436689098,0.2212336347793928,25.733373298138538,-0.14474212649072848,0.19612852028308939,-0.11589965623831956,0.001042091000272194,1
10.126114845275879,0.17584817111492157,-0.047729216516017914,0.6226555109024048,-0.11371214695159744,0.08803157494104623,-0.008925319763443655,0.003536503199596197,0.1948198475294074,0.01637773543776211,0.2971746027469635,-0.001964052673429224,0.2210184633731842,-2.8138335499510863,0.22954868754658084,25.734459219276015,-0.173730620192851,0.20526299334138726,-0.1185926970650536,0.001063253999745939,1
10.136199474334717,0.17396977543830872,-0.047173552215099335,0.6225904226303101,-0.11090636259780544,0.08755300919070529,-0.006460198794995311,0.007009108789981067,0.19458897798519548,0.01859652916409482,0.3116587698459625,-0.016642332077026343,0.20794165134429932,-2.797839797232374,0.2400675144829822,25.72749708997994,-0.19303111215854066,0.2139529323112408,-0.11694270291684665,0.00137092200020561,1
10.146228313446045,0.17211519181728363,-0.04659854620695114,0.6225324869155884,-0.10888174177303178,0.0888412445488437,-0.006236032294737227,0.012427931228943923,0.19404239412015523,0.021557068778415456,0.32146623730659485,-0.02758489735424516,0.1882789582014084,-2.782563485626213,0.2505438016937589,25.72628555849535,-0.2159320633339511,0.22170907234892254,-0.11294808524584433,0.000989847001619637,1
10.156348705291748,0.17028725147247314,-0.04601595923304558,0.6224827170372009,-0.10599692915362652,0.08869370798064534,-0.003852755348102099,0.016109803481384244,0.19361405848019952,0.02344617214254363,0.3187275826931,-0.03542030602693556,0.1765574961900711,-2.765564768508992,0.25983747773068316,25.719309278384713,-0.22679366535421766,0.2273087321986038,-0.11000698184911273,0.001053684998623794,1
10.166109323501587,0.16850027441978455,-0.045404836535453796,0.6224569082260132,-0.10108979046158535,0.09128315747904162,-0.0019691373241009632,0.019589284218772374,0.19300553874905457,0.025066266293514605,0.31491535902023315,-0.04175426810979841,0.15623195469379425,-2.7538232662282187,0.26084552002423544,25.712717222193223,-0.2356599506646657,0.232455581600687,-0.10401565034219769,0.001023442000587238,1
10.17610788345337,0.16674242913722992,-0.044800497591495514,0.6224225759506226,-0.09919314833686266,0.08689387128534698,-0.0018092831804831266,0.022898606824098167,0.1924327916550599,0.02648043385576715,0.3137352168560028,-0.05554590374231337,0.13527515530586243,-2.7407619853420297,0.27419769235404184,25.711635210240214,-0.24595793532964272,0.24167202499921214,-0.09706215806544402,0.0010642310007824562,1
10.186110258102417,0.1632765382528305,-0.04364194720983505,0.6224014759063721,-0.09522957355026808,0.0865575298988669,0.0022965834897880097,0.028049599447651286,0.19139779461855744,0.028523283316499004,0.3097814619541168,-0.054077439010143266,0.12778517603874207,-2.733022778275245,0.2822229528027052,25.711611200789264,-0.24613026584824005,0.24175334756976338,-0.09562124668530296,0.0012045510011375882,1
10.196112394332886,0.1615837961435318,-0.04303780943155289,0.6223898530006409,-0.09244077655849307,0.08299583178272954,-0.0012156266230541422,0.02955279065125671,0.19101188650400136,0.029075220684740888,0.28299880027770996,-0.060942009091377244,0.1055312678217888,-2.709517480325521,0.2882817352295623,25.700122617462497,-0.261105402316394,0.24441788584423046,-0.09515910804833304,0.0012997500016354024,1
10.20611023902893,0.1615837961435318,-0.04303780943155289,0.6223898530006409,-0.09244077655849307,0.08299583178272954,-0.0012156266230541422,0.02955279065125671,0.19101188650400136,0.029075220684740888,0.28299880027770996,-0.060942009091377244,0.1055312678217888,-2.699686580207467,0.2985610905759908,25.709236426359997,-0.25172010217515733,0.24897509403433074,-0.08756053099813184,0.0009992760024033487,1
10.216114282608032,0.1599196195602417,-0.04244925454258919,0.6223618984222412,-0.09095806633312224,0.08142270118075288,-0.0009195831437771281,0.03366385818562634,0.19000356175011746,0.030355887755172173,0.2468058168888092,-0.06400561332702635,0.07731191068887712,-2.6859576021670066,0.3087464153315862,25.710165748948864,-0.245481345957838,0.2538419942164811,-0.07737699626197386,0.001114310998673318,1
10.226333379745483,0.15828827023506165,-0.041868530213832855,0.6223347187042236,-0.08791568878967819,0.07913263871181223,-0.0016265241636558602,0.03593835500199072,0.18924214500571956,0.03107785780331307,0.21709498763084412,-0.06044672429561614,0.06867779791355134,-2.676444082303958,0.31888893410381086,25.71265344400884,-0.2373130135953194,0.2542740386666769,-0.0728424633518908,0.0010112190029758494,1
10.23612093925476,0.15665489435195923,-0.0412919707596302,0.6223021745681763,-0.08689187467596443,0.07647614923462506,-0.0012402426692579743,0.03792412620882146,0.18861417689497362,0.031513714234026935,0.17156215012073517,-0.050679132342338555,0.03095973655581475,-2.662929095762027,0.32708632890507783,25.712332684978577,-0.21875551160269482,0.2509591150140055,-0.05877223832377441,0.0008702020022610668,1
10.246101140975952,0.15505346655845642,-0.040723253041505814,0.6222644448280334,-0.08261727544658504,0.07516086833128292,-0.0013219620848762886,0.03996789102314979,0.18769754069330924,0.03169194186371227,0.12703895568847656,-0.0517604723572731,0.008875928819179542,-2.654799106409751,0.3314787581212542,25.712545491635332,-0.20124827773083012,0.25409141496556187,-0.04810214457197675,0.001020928000798449,1
10.256104946136475,0.15348400175571442,-0.04016602411866188,0.6222049593925476,-0.08060885965220799,0.07203088701813118,-0.00584907930758426,0.04044135740042787,0.18747226727306288,0.031665452610716294,0.09733059257268906,-0.045668214559555054,-0.00447519682347774,-2.6555198455321682,0.3388511181134957,25.726322314660816,-0.18681100032914866,0.2513318744031114,-0.04090992428917891,0.001028471000608988,1
10.266103267669678,0.15183109045028687,-0.03960821032524109,0.6221375465393066,-0.07991592585610129,0.06707197428802893,-0.004308934866248662,0.04044135740042787,0.18747226727306288,0.031665452610716294,0.09733059257268906,-0.045668214559555054,-0.00447519682347774,-2.644613845535172,0.3514756609773205,25.72405904723994,-0.18703212845876588,0.25143303051011595,-0.03944108805259455,0.0010235820009256713,1
10.276135683059692,0.15019653737545013,-0.03905801847577095,0.6220754384994507,-0.07724694930085524,0.06876158668457837,-0.004755086928335607,0.04134593859506852,0.18645951144900952,0.03068676770342904,0.0012311465106904507,-0.02500263042747975,-0.061210643500089645,-2.636663046493372,0.34424219769186204,25.72534031620557,-0.137142854227578,0.2433196230105735,-0.017453472216621125,0.001018483002553694,1
10.286135911941528,0.14860288798809052,-0.0384933166205883,0.6220032572746277,-0.07340984818611364,0.06689717586168457,-0.007289873839147285,0.0407006762038602,0.18624512905679413,0.029989642561195407,-0.04860447347164154,-0.016944563016295443,-0.07469911128282547,-2.6377881668163448,0.3369756307113857,25.733081392542516,-0.10776749048208561,0.23925482343938795,-0.006917938155832,0.0010011619997385424,1
10.296136140823364,0.14548011124134064,-0.037464119493961334,0.6218140721321106,-0.07315225913192668,0.05977004355957174,-0.004035364090793353,0.03910974952631552,0.1862216134878203,0.028450529073979602,-0.09896200150251389,0.006724740378558622,-0.10999388992786407,-2.638366508544578,0.33265315592414896,25.734210354253385,-0.10744661971493012,0.23916922223102932,-0.004757630825234211,0.001285780999751296,1
10.306125402450562,0.1439494788646698,-0.03695741668343544,0.6217501759529114,-0.06773543370465619,0.06109351642403118,-0.004929041900427683,0.03841889213835792,0.18621900882379538,0.027797572042813634,-0.12495438754558563,0.018932368606328947,-0.1294904202222824,-2.6242070056308373,0.3225753385876254,25.727977560829462,-0.057857687924513,0.21995870681574056,0.01797766213607943,0.0010045150011137594,1
10.316130876541138,0.1439494788646698,-0.03695741668343544,0.6217501759529114,-0.06773543370465619,0.06109351642403118,-0.004929041900427683,0.03841889213835792,0.18621900882379538,0.027797572042813634,-0.12495438754558563,0.018932368606328947,-0.1294904202222824,-2.6158221208557535,0.3166905855899937,25.727258367804538,-0.05736804794709167,0.21956756183573886,0.02264957700928255,0.0010436270022182725,1
10.326208353042603,0.1424671858549118,-0.036459505558013916,0.6216737031936646,-0.06483761227516852,0.056346598921693275,-0.0059845285328559575,0.03547340013887679,0.18647412823328047,0.02572353246829895,-0.18027959764003754,0.02166796848177908,-0.14138095080852509,-2.6122335142357405,0.31206750762562596,25.730332412734114,-0.018113831657056753,0.21725369355101007,0.03054223938131102,0.0011373599991202354,1
10.336224794387817,0.1410084217786789,-0.035990629345178604,0.6215990781784058,-0.06327345967510577,0.05467195063279283,-0.0037799118492812048,0.03312595337404689,0.1867245559087518,0.024038953966514676,-0.20307713747024536,0.02714465744793413,-0.16973429918289185,-2.6019835602149604,0.303077489504736,25.724510113559237,0.0032962672464417787,0.2134505680958677,0.044081732897650674,0.0012272510030015837,1
10.346496343612671,0.13954538106918335,-0.03552951663732529,0.6215595602989197,-0.061239767835698976,0.05421408997693478,-0.0018725264555450095,0.03064998441954936,0.1870221186842782,0.022196906111684456,-0.220726877450943,0.0281407833099365,-0.18745842576026917,-2.58936516476681,0.2889964075705554,25.71830677023591,0.021873769797637166,0.21191187927282037,0.05511242795793053,0.0020058849986526184,1
10.356361389160156,0.1381133496761322,-0.03507668524980545,0.6215416789054871,-0.05950665473412904,0.05242650962404274,-0.0019014851415374535,0.02783645590557704,0.1873188733056299,0.020307258936535177,-0.2530430853366852,0.04034954309463499,-0.18999065458774567,-2.5797164832574855,0.2744091852390234,25.71790776185729,0.04866180817335193,0.2045061615160644,0.06060125798842449,0.002516872998967301,1
10.366359233856201,0.13670434057712555,-0.03461252152919769,0.6215358376502991,-0.05578774951127639,0.054889365883223094,0.0011874224378530605,0.023318618343284747,0.1878581184446797,0.017091163310122504,-0.27540266513824463,0.04077999293804166,-0.22159041464328766,-2.569829458201857,0.2451995682726345,25.708781222714155,0.07753264042247958,0.20234989312093213,0.07626193380675902,0.0008440099991275929,1
10.376113414764404,0.13534675538539886,-0.03414738550782204,0.6215339303016663,-0.052756782622543484,0.05107934773370477,-0.0005650896914972722,0.019950274213116792,0.18830315401449615,0.014792534822381853,-0.28047284483909607,0.040543518960475894,-0.22556361556053162,-2.5681953343568464,0.22799546480427063,25.712812248717672,0.09172199415075832,0.20085068952218585,0.08320482350204787,0.0010732420014392119,1
10.386117219924927,0.13400787115097046,-0.03373554348945618,0.6215381026268005,-0.05207872762475939,0.04878558962799612,0.0013224510480109928,0.016898990657627344,0.1887496781386382,0.01248208720114441,-0.26846441626548767,0.042698979377746554,-0.23214173316955566,-2.5583098114718577,0.21546930700806893,25.70818719325852,0.09592400107282276,0.198421008935126,0.08897704552092396,0.0009885200015560258,1
10.396103382110596,0.1314152628183365,-0.03291558474302292,0.621636688709259,-0.044666845335339114,0.05097753180510562,0.00023837145387849628,0.013664287914266993,0.18902097798455575,0.009961321152520242,-0.2690031826496124,0.0417937636375427,-0.24918754398822784,-2.552477708667716,0.20796859802392884,25.707633515830842,0.09591141899486509,0.19835519104524393,0.0901644152858155,0.0012234089990670327,1
10.406101942062378,0.13017436861991882,-0.03248903155326843,0.6216804385185242,-0.04208046934609341,0.053244218203912654,0.0032807888432960456,0.01063798926717352,0.18949295744230987,0.007449619740329094,-0.26129478216171265,0.03942359983921048,-0.25076717138290405,-2.5552645371449914,0.18685062102546618,25.71063318937815,0.10803832081656622,0.19757105839146843,0.09878919966006246,0.001187368998216698,1
10.416101694107056,0.13017436861991882,-0.03248903155326843,0.6216804385185242,-0.04208046934609341,0.053244218203912654,0.0032807888432960456,0.01063798926717352,0.18949295744230987,0.007449619740329094,-0.26129478216171265,0.03942359983921048,-0.25076717138290405,-2.5504101456680637,0.16029531605302014,25.702021949401846,0.11463258812767943,0.1973723570671432,0.10333248135773691,0.0010407640002085827,1
10.426113367080688,0.12753868103027344,-0.03148886561393738,0.6217427849769592,-0.03745435534073569,0.051419075571936,0.0021733636583532003,0.0034289330010124353,0.1904705055429412,0.0009368012758765865,-0.22173190116882324,0.04994598031044003,-0.26099908351898193,-2.557674804233609,0.13430426252746933,25.708989922447643,0.11893848826289241,0.19292523265050765,0.10816873920882619,0.0012324190029175952,1
10.436108350753784,0.12753868103027344,-0.03148886561393738,0.6217427849769592,-0.03745435534073569,0.051419075571936,0.0021733636583532003,0.0034289330010124353,0.1904705055429412,0.0009368012758765865,-0.22173190116882324,0.04994598031044003,-0.26099908351898193,-2.5533293712180987,0.11588566434211425,25.705359552741093,0.11848933569825087,0.18850174509294104,0.11415254788993985,0.0009769949974725023,1
10.446102619171143,0.12614071369171143,-0.03093383088707924,0.6217764616012573,-0.03376486134454938,0.05383091048212674,0.002387655256448366,0.0010055824646637568,0.19081520545696407,-0.0016792284130642265,-0.1893797516822815,0.04906518012285229,-0.2564236521720886,-2.551907002885426,0.09302383118394979,25.704140422485214,0.10962781291859627,0.18762816143578237,0.11556128821127633,0.0009649819985497743,1
10.456104516983032,0.1247054934501648,-0.030319800600409508,0.6217760443687439,-0.03217269473737242,0.054712824550439666,-0.0023898703420398995,-0.002124960673623999,0.19130219510481616,-0.005601523765708105,-0.14226239919662476,0.03502535820007321,-0.2567260265350342,-2.5568239264975436,0.0699988272533314,25.718419353870416,0.09528886053345034,0.19339075933327055,0.11850950897163598,0.0010141530001419596,1
10.466102361679077,0.1232975423336029,-0.029665058478713036,0.6217775940895081,-0.02821126001826593,0.061202190847297826,0.0017076394351622447,-0.002963974462080632,0.19135966678068472,-0.006957005580127351,-0.11682046204805374,0.04098755866289135,-0.2631571590900421,-2.5528241990284326,0.03619297534680372,25.708048063259714,0.08534331752894003,0.19009574986420924,0.12212334575189245,0.000998506999167148,1
10.476104021072388,0.12194305658340454,-0.02897188439965248,0.6217825412750244,-0.023379759782363632,0.060794018236910614,-0.0017673549959671354,-0.005222286976037438,0.19178726840847338,-0.010843525302387746,-0.07545848935842514,0.04360423982143399,-0.24980096518993378,-2.5629576660701403,0.010217483265980154,25.716617238121653,0.07046953057531599,0.186834100147796,0.12055607722194367,0.001001371998427203,1
10.486107349395752,0.12062135338783264,-0.028277317062020302,0.6217565536499023,-0.022631723436717415,0.06137668341316607,-0.0005685713952145199,-0.0061062270177987266,0.19196804671247136,-0.013399735813281133,-0.03975629433989525,0.03137091547250745,-0.2502577304840088,-2.559787795804118,-0.010914520710323346,25.714404166603007,0.05441314141103168,0.19286868467093116,0.12169766045869009,0.0011062779994972516,1
10.496122598648071,0.11933717131614685,-0.027568835765123367,0.621737539768219,-0.018734373137307685,0.061207663272563564,-0.00189383054776355,-0.006689585161887113,0.1921390892850976,-0.01595976779887831,0.02182866632938385,0.02541658654808995,-0.25042349100112915,-2.5626348388837235,-0.0251428753512289,25.71782374398504,0.023609828079592273,0.19525596431529413,0.12288765683516101,0.0010344080001232214,1
10.506110429763794,0.11686304956674576,-0.026110634207725525,0.6217113733291626,-0.013367110727364235,0.067028671521757,0.0016414935730817242,-0.006586559162457206,0.19229678299931185,-0.018419137617703196,0.051753655076026917,0.02975757420063016,-0.23675242066383362,-2.561433900682816,-0.051967709058929314,25.707382625967593,0.00728217094905519,0.19250378326686077,0.11835056340807916,0.0010193910020461772,1
10.516108274459839,0.11569848656654358,-0.025326140224933624,0.6216980218887329,-0.010259217439830874,0.0679665953143936,-0.001629057514961711,-0.006022133030501919,0.1922920579469105,-0.022038232856475215,0.10423804819583893,0.012357194907963246,-0.2364812046289444,-2.5551708459035156,-0.0714116588765914,25.70618580117055,0.006910236075364343,0.19240608864295608,0.11848449905154654,0.0011736790002032649,1
10.526105403900146,0.11458077281713486,-0.024523429572582245,0.6216873526573181,-0.006008161135005932,0.0702206641501561,0.000328789187145945,-0.0050876241096871055,0.1922273057213828,-0.0243647353707499,0.14047576487064362,0.0044308053329586705,-0.22678405046463013,-2.557690936597026,-0.08757661009747997,25.715675669287453,-0.02271947608245436,0.20128161195442476,0.11979644512623754,0.0012269709986867383,1
10.536286115646362,0.11351136863231659,-0.02370421215891838,0.621667206287384,-0.003609207872362073,0.07026703656075846,-0.0041167810324077144,-0.0038915641266132894,0.19215714616753043,-0.026629244816602338,0.19020424783229828,0.001624940661713454,-0.2197963446378708,-2.557690007188386,-0.10470445411621895,25.7108917937613,-0.04555855111549853,0.20565761669047697,0.11737566023103961,0.0012479950019042008,1
10.54643702507019,0.11245407909154892,-0.022889800369739532,0.6216471195220947,-0.00274067782053071,0.06940691173231231,0.002330291097049914,-0.0022465492551670962,0.19207906412928466,-0.028830511961174032,0.22407138347625732,-0.004833294078707721,-0.21500806510448456,-2.566529925373086,-0.11576716314143706,25.723490235411397,-0.07643211342255232,0.20711394376464715,0.11483438077699168,0.004017008999653626,1
10.556570053100586,0.11143634468317032,-0.022068724036216736,0.6216458082199097,0.0018743127338560382,0.0701400115951313,0.0009048318059856324,-0.00021350944807263517,0.19181407579917398,-0.03097776372656247,0.25189507007598877,-0.016178769990801836,-0.20747670531272888,-2.552997286124509,-0.12104975407146071,25.70627864529039,-0.10055017902163473,0.21111603555406652,0.11312225067319416,0.0011887660002685152,1
10.56614375114441,0.11143634468317032,-0.022068724036216736,0.6216458082199097,0.0018743127338560382,0.0701400115951313,0.0009048318059856324,-0.00021350944807263517,0.19181407579917398,-0.03097776372656247,0.25189507007598877,-0.016178769990801836,-0.20747670531272888,-2.551972787836852,-0.127158021439546,25.70789080692924,-0.12264442676511227,0.21766611029030572,0.11056872767166177,0.001077852000889834,1
10.576110124588013,0.11047028005123138,-0.021235397085547447,0.6216309070587158,0.0035440611741791037,0.07149627058387338,-0.00010735864497290936,0.003464841652116135,0.19134115457877643,-0.03400142987208232,0.2930409610271454,-0.028416158631444,-0.19639433920383453,-2.54995107302864,-0.13214346274211525,25.71146403322729,-0.15741051788391938,0.2256434996065778,0.10652935777856502,0.001057037999999011,1
10.586108684539795,0.10954321920871735,-0.02037958614528179,0.6216440200805664,0.01052298319545312,0.07565629479897908,0.002240449340316877,0.00613446778161908,0.19090800053523438,-0.03594968752772365,0.31615710258483887,-0.02992717362940314,-0.1888566017150879,-2.5538610673259043,-0.14652378870304292,25.704499232372385,-0.17892017369506094,0.22753824490946575,0.10327392917559496,0.0010148519977519754,1
10.596105575561523,0.1086943969130516,-0.01951426826417446,0.6216260194778442,0.012452235707973176,0.07260724151199134,-0.0026363169043513786,0.008929638406075746,0.19069999262892612,-0.037790267105043185,0.33428075909614563,-0.029838545247912428,-0.17471009492874146,-2.5663270441958552,-0.14763137574879973,25.71822321151525,-0.1990466251633396,0.22786916036800087,0.09778654993130867,0.0010589240009721834,1
10.606112003326416,0.10787023603916168,-0.018673382699489594,0.6215948462486267,0.014135480107646991,0.07125342633095892,-0.0006318551132499413,0.011939631953910457,0.19026687755007377,-0.03949253392843799,0.3415355980396271,-0.036649763584136984,-0.16758565604686737,-2.5673280331770054,-0.14605318617798355,25.71435957902102,-0.2136522994259083,0.23292131122447732,0.09435130959876671,0.0010131749986612704,1
10.616106271743774,0.10707825422286987,-0.017849871888756752,0.6215721964836121,0.017764069460527426,0.06811255951924408,-0.0004961335801946352,0.015076576927573804,0.18981186170801667,-0.04114952541869865,0.3505559265613556,-0.03603579103946688,-0.1558864414691925,-2.5714113384699107,-0.13789263013875713,25.71335417677772,-0.22987133478727778,0.2338615562724785,0.08960944224371635,0.001031824001984205,1
10.62612009048462,0.10632477700710297,-0.017037836834788322,0.6215377449989319,0.017833251789787924,0.06664002678183756,1.735745601110651e-05,0.02001780274538323,0.18921999755851182,-0.043340917312411964,0.35065072774887085,-0.04119168967008592,-0.13893282413482666,-2.567287815640069,-0.12784746520410978,25.712306737546513,-0.24754710286988688,0.23860442594605344,0.08276832124650646,0.0010243500000797212,1
10.636107921600342,0.10496840626001358,-0.015412027016282082,0.6215054392814636,0.028122115898866824,0.06473685054910054,-0.0023905262669738983,0.02302884455345433,0.18874455505432186,-0.044742841097958674,0.3398466110229492,-0.04644044488668443,-0.1333552598953247,-2.564859164915381,-0.12184019058028152,25.71218265093656,-0.24771621794371906,0.2387088012204368,0.08135555519933453,0.0013153259969840292,1
10.646103382110596,0.10496840626001358,-0.015412027016282082,0.6215054392814636,0.028122115898866824,0.06473685054910054,-0.0023905262669738983,0.02302884455345433,0.18874455505432186,-0.044742841097958674,0.3398466110229492,-0.04644044488668443,-0.1333552598953247,-2.5842918012107434,-0.12034888279272718,25.71852778570019,-0.25243651737970674,0.2421062564665177,0.07934606802406877,0.0010721939979703166,1
10.656110525131226,0.10436416417360306,-0.01464150007814169,0.6214582324028015,0.02930459771211466,0.0596341862072267,-0.002203816666834957,0.025897453857621322,0.18836754961373936,-0.04599366660225268,0.32228928804397583,-0.0417599454522133,-0.11938073486089706,-2.5949737566845648,-0.10903334878269515,25.71884893965597,-0.25383102937861735,0.24088411547226374,0.07425987238457428,0.0010531959997024387,1
10.666118621826172,0.10377944260835648,-0.01387990452349186,0.6214292049407959,0.03119234377755297,0.0579916536273746,0.002586244700828574,0.028901938748498335,0.18798192295518312,-0.047105317364830146,0.30138763785362244,-0.033381283283233656,-0.10389477759599686,-2.592530773617271,-0.10190097125937671,25.704630189076525,-0.2534928551400027,0.237763258768736,0.06795512291748616,0.001045024000632111,1
10.676108598709106,0.10323986411094666,-0.013140602968633175,0.6214138269424438,0.03563785943317465,0.05449397475361315,-5.9730276140170164e-05,0.03135802670513588,0.18742185785386223,-0.04814391983967248,0.27107352018356323,-0.04175309836864473,-0.10045202821493149,-2.6030692284144923,-0.09213712026609218,25.710038404627912,-0.24615845053746277,0.2435864387817191,0.06585892220205264,0.0010768739994091447,1
10.686109066009521,0.10274980217218399,-0.01243240013718605,0.6213829517364502,0.039348982482071866,0.05180948209040723,0.0006968392628427349,0.034816547675835086,0.18679119270222744,-0.04953174875441979,0.23850655555725098,-0.04161297529935838,-0.08503371477127075,-2.6130063708078675,-0.08253750552862814,25.708246294967225,-0.24122713829032794,0.24546967891398258,0.0603824906976737,0.0010089839997817762,1
10.696104049682617,0.10231111943721771,-0.011724652722477913,0.6213609576225281,0.043442160021860105,0.049475233857577405,0.00022763523985377287,0.0365836415553118,0.18639625194693465,-0.05029151937408072,0.19538630545139313,-0.034848026931285865,-0.07284892350435257,-2.627272847853009,-0.07644889850793715,25.70880913243631,-0.22486435360411355,0.2429518066542107,0.05553677890521258,0.001089864999812562,1
10.706111192703247,0.10191042721271515,-0.011069272644817829,0.6213393211364746,0.043906260351696764,0.04253459339948504,0.0004950696306285472,0.038037938678119776,0.18609530365090698,-0.05101503673322627,0.1608678102493286,-0.03137872368097306,-0.07115847617387772,-2.6344178775852614,-0.0604757055379201,25.70779640409546,-0.2119268625413463,0.24208649210544583,0.05443706446485971,0.0010250490013277158,1
10.716106414794922,0.10151531547307968,-0.010425386019051075,0.6213503479957581,0.045880791104968136,0.040889925926141525,0.005103477815709689,0.039143775679608694,0.1856711351764746,-0.05163197146360332,0.1010739877820015,-0.02585879527032376,-0.05193611979484558,-2.631249009850428,-0.05588546672705487,25.693522634573288,-0.1844964885453192,0.2407490493817786,0.048332523524851144,0.001051311002811417,1
10.726112365722656,0.10118074715137482,-0.009798815473914146,0.621372401714325,0.05304198722663421,0.03853597474398345,0.002497220612846063,0.039707498891857984,0.18534114007223934,-0.05216043485700883,0.0654681995511055,-0.029856709763407714,-0.04950647428631782,-2.6495057082642055,-0.05295107862071881,25.698161481570864,-0.16741954955807756,0.2432763295208336,0.046822399592045906,0.0010775720002129674,1
10.736182689666748,0.10065183788537979,-0.00867332611232996,0.6213482618331909,0.056115802459280696,0.029285833011918644,0.0021357869465294735,0.039927551243225334,0.18511855779176845,-0.052819195373010164,0.012111962772905827,-0.011754033155739313,-0.04104864224791527,-2.6602906458078084,-0.05119841211351463,25.69860853900099,-0.1671690337268301,0.2433353494723257,0.04649209188536772,0.0016144029978022445,1
10.746439933776855,0.1004362627863884,-0.008135509677231312,0.6213626861572266,0.059801217299781904,0.02785948060297266,0.002129044893702657,0.03962692330813633,0.18489282986185485,-0.05313208513219703,-0.02362873964011669,-0.011533726006746296,-0.029247771948575974,-2.6737048342187397,-0.03808529220466655,25.698962200779903,-0.14072986852460437,0.23429540345231675,0.04449084395562472,0.0034640449994185474,1
10.756202459335327,0.1004362627863884,-0.008135509677231312,0.6213626861572266,0.059801217299781904,0.02785948060297266,0.002129044893702657,0.03962692330813633,0.18489282986185485,-0.05313208513219703,-0.02362873964011669,-0.011533726006746296,-0.029247771948575974,-2.688890141887068,-0.03350933277619968,25.698224405861495,-0.12087690478108219,0.2346268985533746,0.04063631326370138,0.0010735910000221338,1
10.766191959381104,0.10010075569152832,-0.007077421061694622,0.6213520169258118,0.06546225396646563,0.020060335705054153,-0.0008083848953724781,0.03787342904457791,0.18487940698665728,-0.05345728711913145,-0.09873774647712708,0.003958849702030419,-0.010863968171179295,-2.7178841642363105,-0.02441752216959374,25.705406020806738,-0.07741895008880587,0.22613301258557075,0.03495451325644185,0.0015152230007515755,1
10.776105165481567,0.10010075569152832,-0.007077421061694622,0.6213520169258118,0.06546225396646563,0.020060335705054153,-0.0008083848953724781,0.03787342904457791,0.18487940698665728,-0.05345728711913145,-0.09873774647712708,0.003958849702030419,-0.010863968171179295,-2.7345871442038887,-0.01994995495556353,25.706121776977888,-0.07553130366648132,0.22597305480504518,0.033756818624733176,0.0009065910016943235,1
10.786206483840942,0.09998469054698944,-0.006597427651286125,0.621353805065155,0.06739448010060176,0.016245038768585966,0.001054831836061003,0.03657000896564577,0.18490483466701768,-0.05342503179147684,-0.13596870005130768,0.013205884955823421,0.004077670164406298,-2.745646374146468,-0.01618128819411199,25.699938748530762,-0.05214764050004454,0.22102280328949048,0.02905022767865268,0.0016762859995651525,1
10.796116828918457,0.09990305453538895,-0.006155863404273987,0.6213591694831848,0.0705964937403374,0.01290545863126182,9.565483386721518e-05,0.03404102123315855,0.18507297152795976,-0.053190022674761916,-0.1782168596982956,0.018354170024394992,0.015372482128441332,-2.7623577395437087,-0.014849067465172339,25.700989355122626,-0.02151723943588049,0.217456358212056,0.025118906527694974,0.000990685002761893,1
10.806106805801392,0.09987013041973114,-0.005741093307733536,0.6213652491569519,0.07385533297710035,0.010660238007598749,0.0019836916926144563,0.031998411671477545,0.1851495584435865,-0.0529002807545349,-0.2056143432855606,0.024721296504139904,0.03402763605117798,-2.776708222618852,-0.016552824080452777,25.694631981833933,-0.00041464131315964783,0.2136813936199147,0.018409431879341763,0.0009767150004336145,1
10.816113948822021,0.09987638145685196,-0.005302852019667625,0.6213652491569519,0.08004240672505686,0.007549141129945571,-0.004571284245195299,0.029828243855853476,0.1854587046446925,-0.052426635004710676,-0.22361914813518524,0.032307848334312446,0.04583395272493362,-2.815257520088494,-0.015137226317915236,25.711978576033008,0.01607980603431295,0.207848005589985,0.013332558884204992,0.0009916620001604315,1
10.826141119003296,0.09991313517093658,-0.004910219460725784,0.6213404536247253,0.0783900468982206,0.003927093294523623,-0.0004426185358619723,0.027538774138791577,0.18567026870947156,-0.05185885491412412,-0.25231465697288513,0.03371169418096543,0.057917416095733636,-2.826229382479089,-0.013638258672831872,25.701723408266513,0.038616622103919494,0.20670964372522657,0.008595339898498365,0.001016877002257388,1
10.836110591888428,0.1000736802816391,-0.004157369956374168,0.621381402015686,0.08489733925181685,0.0017332547436421633,0.0020790659635360627,0.02381272372435772,0.18590773897568358,-0.05081047118613791,-0.2574237883090973,0.025066321715712554,0.07077714800834656,-2.832843888410096,-0.012676086173193747,25.700087722468368,0.038950623476710966,0.20674034489609158,0.007597157426533127,0.0010370620002504438,1
10.84610629081726,0.10023193806409836,-0.003814753144979477,0.6213952898979187,0.08894531396496107,-0.0022641316465809103,-0.0002117987126282668,0.022425990677466867,0.1859544716170638,-0.05041390726058559,-0.26490694284439087,0.023504586890339862,0.08263000100851059,-2.863195777849429,-0.010883826590818439,25.697086731015062,0.05987144969540641,0.21033886055368073,-0.0005736503020555526,0.0010240709998470265,1
10.856103897094727,0.10041024535894394,-0.0034691733308136463,0.6214238405227661,0.09037675699259572,-0.0028961535752801684,-0.0006058398766358284,0.01855152744516353,0.18634752407747568,-0.04892272252778351,-0.2787139117717743,0.03073140606284143,0.10255246609449387,-2.881553840685081,-0.010413728562392898,25.696257062755393,0.06200778311730139,0.21040141588060157,-0.0024944679125609524,0.0012072749996150378,1
10.866109132766724,0.10041024535894394,-0.0034691733308136463,0.6214238405227661,0.09037675699259572,-0.0028961535752801684,-0.0006058398766358284,0.01855152744516353,0.18634752407747568,-0.04892272252778351,-0.2787139117717743,0.03073140606284143,0.10255246609449387,-2.8988894821242908,-0.015822151330282405,25.696713508656256,0.08176877469856579,0.20509657360284933,-0.009650010360658485,0.0010995039992849343,1
10.876105546951294,0.10061387717723846,-0.0031501641497015953,0.6214568018913269,0.09165251998427143,-0.006640965159439646,0.0013392411200454717,0.015900749559933036,0.18646997730442783,-0.047737230201525094,-0.278557151556015,0.021755669265985503,0.1171027347445488,-2.9090654072310334,-0.014733037295240996,25.690367977133253,0.09015905943446911,0.20933545906898374,-0.016387278344393692,0.001092728998628445,1
10.886104583740234,0.1008279100060463,-0.002813416998833418,0.6215203404426575,0.09490815540891294,-0.005192920036876667,0.0053504572897204086,0.013492116347319172,0.18662999929718005,-0.04642497028434578,-0.2725849747657776,0.01853239536285402,0.12916956841945648,-2.915521845451131,-0.02223857747451117,25.67675421770887,0.09508118437159806,0.21037934191165444,-0.02230488501386836,0.00099271100043552,1
10.896109342575073,0.10109084099531174,-0.002459851559251547,0.6215932369232178,0.09850788106059308,-0.004545213605741806,0.005025615082638821,0.01000807045272234,0.18673661546518483,-0.04407535812512542,-0.24779550731182098,0.00893516931682827,0.15487301349639893,-2.929576248162985,-0.031294344030732335,25.674987964404224,0.09304283060395069,0.21475754835846736,-0.03349711738078067,0.0010550820006756112,1
10.90610146522522,0.10140538215637207,-0.0021257211919873953,0.6216649413108826,0.10177080322038758,-0.007352183027935582,0.004961378131910629,0.0088557581647275,0.18680214496920344,-0.04327483091360662,-0.24354957044124603,0.01099565066397192,0.16002966463565826,-2.948187957669966,-0.03265148754279457,25.67408170019055,0.09429560607987295,0.2131390210388942,-0.03789897520176012,0.0009543650012346916,1
10.916112661361694,0.10173725336790085,-0.0017854784382507205,0.6217402219772339,0.1037226020173077,-0.008367051758310352,0.00554792916076198,0.005836281970384771,0.1869103843354356,-0.040610383014306084,-0.22514177858829498,0.011686287820339225,0.17933934926986694,-2.964820806305649,-0.03334216865401243,25.67152585316134,0.09407473486291613,0.21212703280929265,-0.04673737439578643,0.0009522000000288244,1
10.926101922988892,0.1021004468202591,-0.001463846885599196,0.6218180656433105,0.10552093384180546,-0.010059759089684189,0.004657518713058518,0.00419458296637476,0.18700303523092066,-0.03850377692569973,-0.2004675418138504,0.010948942974209811,0.20732702314853668,-2.9831302267926,-0.029701065547689233,25.67317265111187,0.08550531787921672,0.21197427607198094,-0.05964725385977493,0.0009772750017873477,1
10.936164140701294,0.1024838536977768,-0.0010839172173291445,0.621893048286438,0.1078194156270954,-0.007817615762799456,0.00720537170422208,0.002876313013618681,0.18697657285877112,-0.03637413063181949,-0.16687995195388794,0.008662631735205676,0.20870032906532288,-2.9958096391697224,-0.03297588634388034,25.665099860879206,0.07235236517196376,0.21306099431943298,-0.06421712542917858,0.0023650289986107964,1
10.947807550430298,0.10340798646211624,-0.0002782688243314624,0.6220369935035706,0.11634691040141205,-0.0069143944749778625,0.004543230336050652,0.0011871898471946807,0.18713287852214933,-0.03288231148125176,-0.1349087953567505,0.01477581914514306,0.23355308175086975,-3.003417528471145,-0.03496450139059412,25.663759857844948,0.07218713777817942,0.21306613194831436,-0.06515991645053676,0.0012523949990281835,1
10.956163883209229,0.10393048077821732,0.00011332822032272816,0.622087836265564,0.11707376650040163,-0.00769691461350739,0.0002833854530477059,0.0006357491520172509,0.18726532015971253,-0.03041851609341162,-0.09881031513214111,0.016019765287637742,0.24156422913074493,-3.039860445057286,-0.04022411384712602,25.669769012735163,0.06025928780917942,0.20830986538387555,-0.07623478920021778,0.0011447639990365133,1
10.966180086135864,0.10448028892278671,0.00048427353613078594,0.622116208076477,0.11853921394539982,-0.010354781782109735,0.00023441115462306076,0.0003369626350524513,0.18744689917939494,-0.027884897952409116,-0.04514872655272484,0.014598725363612206,0.2507525086402893,-3.0754059053916363,-0.039477998760573764,25.682599706678285,0.04257618299816679,0.2069236940164336,-0.0832136100420856,0.0027822159972856753,1
10.97649335861206,0.10448028892278671,0.00048427353613078594,0.622116208076477,0.11853921394539982,-0.010354781782109735,0.00023441115462306076,0.0003369626350524513,0.18744689917939494,-0.027884897952409116,-0.04514872655272484,0.014598725363612206,0.2507525086402893,-3.103395072592656,-0.02861944738520062,25.683733823930915,0.014429433318836008,0.20689830790617417,-0.090091214895985,0.0009296399985032622,1
10.986109256744385,0.10504934191703796,0.0008550677448511124,0.6221602559089661,0.11885263772018705,-0.007685274794903565,0.003825271668524575,0.0006768905290117644,0.1876009130960412,-0.0251965543309689,-0.01686791330575943,0.02344631962478164,0.26660439372062683,-3.11710167942374,-0.02567139824187676,25.67258359299564,-0.0023293662908289506,0.20169965911706272,-0.09917587618152575,0.0009731530008139089,1
10.996109962463379,0.10565931349992752,0.0012382261920720339,0.6221923828125,0.12324362211483887,-0.008901363716499602,0.0016681633635199488,0.0012313168806916686,0.1877624810073888,-0.022382045419008456,0.01726268045604229,0.02108855172991756,0.2740246653556824,-3.1440332845070675,-0.017345397571183658,25.67632372265813,-0.02278890759352213,0.20186827871799495,-0.10599315529366216,0.001003956000204198,1
11.006110429763794,0.10629458725452423,0.0016688236501067877,0.6222172379493713,0.1274182049246719,-0.007142199446580251,0.0011192860292910365,0.0022066100646380704,0.1879027240826292,-0.019636683971705704,0.05990254878997803,0.01337249577045444,0.2713897228240967,-3.174272062120703,-0.01235642192423481,25.677315214497884,-0.04860433678169988,0.205138359561946,-0.10895073600685216,0.0010302869995939545,1
11.016112565994263,0.10699257999658585,0.0021093813702464104,0.6222226023674011,0.13035580488311593,-0.006904890030756466,-0.0013057271270918494,0.004260299337786044,0.18806910967880297,-0.015308159022964674,0.10176034271717072,0.020429506897926365,0.2852317988872528,-3.2092355984052645,-0.002243803336309481,25.683672967863686,-0.07855689198907236,0.2006098464797522,-0.11815585413383092,0.0010295889987901319,1
11.026107788085938,0.10770688951015472,0.002533853054046631,0.6222007870674133,0.12857750035703533,-0.009991906722799869,-0.0005450096190858727,0.00611550992574772,0.1882264212494862,-0.012421861893380015,0.1366318017244339,0.01775017194449905,0.27947312593460083,-3.228151027240231,0.016830485988380862,25.681944832321058,-0.10370395248179706,0.20164447985773107,-0.12073050908854852,0.0010827410005731508,1
11.036106824874878,0.10842247307300568,0.002992848167195916,0.6222189664840698,0.13098877636762216,-0.009525703467729277,0.0024481120033693895,0.008289856551944919,0.18816530045966218,-0.009550533737078482,0.1820385754108429,0.0071071209385991435,0.27964404225349426,-3.241947751655205,0.03325978348002169,25.671973410632887,-0.13529483449432095,0.20744227958029157,-0.12419785691309974,0.0009784619978745468,1
11.046108722686768,0.10995572805404663,0.003889338579028845,0.6222550868988037,0.1358667907947909,-0.007479950891955642,0.003232972768538359,0.010796724638749478,0.18809827349674002,-0.006600021770254205,0.20212993025779724,-0.0032974327914416443,0.28263235092163086,-3.250206888487502,0.043085545635219935,25.67032098618617,-0.13570054039626428,0.20742972838462395,-0.12489447274281794,0.0011518880019139033,1
11.056108713150024,0.11079197376966476,0.004353784956037998,0.6222788095474243,0.14043128492608942,-0.008820522572055648,0.00020832348263289833,0.013610419315558175,0.18792670599256933,-0.0037564960964839855,0.239115372300148,-0.006775484420359102,0.2713419198989868,-3.2729447011776713,0.046267462638751394,25.666481013834304,-0.1546240244666325,0.21281400533734302,-0.12877250124945055,0.0011764039991248865,1
11.066106081008911,0.11079197376966476,0.004353784956037998,0.6222788095474243,0.14043128492608942,-0.008820522572055648,0.00020832348263289833,0.013610419315558175,0.18792670599256933,-0.0037564960964839855,0.239115372300148,-0.006775484420359102,0.2713419198989868,-3.3082148236740365,0.0583633412458789,25.673817500055037,-0.18369510653535415,0.21487960789968577,-0.12854323780875254,0.0010703779989853501,1
11.076123476028442,0.11254808306694031,0.00533536821603775,0.6223222017288208,0.14021670799456248,-0.011920481882519814,0.00605074735621389,0.02100744707521729,0.18749328538595922,0.0028294757644089508,0.264194130897522,-0.01230542268604037,0.2533114552497864,-3.325494648341648,0.07687519082023749,25.66875658923841,-0.2064059477989824,0.21653266654450867,-0.1275763628260632,0.0012354229984339327,1
11.086361646652222,0.11345705389976501,0.005786281544715166,0.6223716139793396,0.1425494850023535,-0.014256088077716207,0.0057909527840359545,0.024085292305567663,0.18716641357429387,0.005206708057279741,0.27712056040763855,-0.02307264879345891,0.22996002435684204,-3.335522803133748,0.09538327430176419,25.655779043206156,-0.22225255371891592,0.2194815362992689,-0.12813342448266243,0.0018580930009193253,1
11.096109390258789,0.11345705389976501,0.005786281544715166,0.6223716139793396,0.1425494850023535,-0.014256088077716207,0.0057909527840359545,0.024085292305567663,0.18716641357429387,0.005206708057279741,0.27712056040763855,-0.02307264879345891,0.22996002435684204,-3.3516377617654722,0.11667801405695438,25.653983220638537,-0.23903962136808998,0.22605630880819666,-0.12240912200298146,0.0008691539987921715,1
11.106102705001831,0.11439782381057739,0.006231973879039288,0.6224297881126404,0.14444817587516842,-0.013107102246604682,0.007284659502413046,0.0273687287336295,0.18678884484427405,0.0075038094329071825,0.27942588925361633,-0.02850090526044366,0.2198546826839447,-3.3671090006995907,0.13013799375349724,25.64864005414412,-0.25109272574166835,0.2300905011098376,-0.11989663017513481,0.0010112889976880979,1
11.116102457046509,0.11538603156805038,0.006667657755315304,0.6224859952926636,0.14820015424682503,-0.01631413768059374,0.004986017386478475,0.03046901484774711,0.18640164731986353,0.009681413163762809,0.2809763550758362,-0.03288530558347699,0.21079179644584656,-3.394924831259495,0.15065519021155593,25.65373070150404,-0.26254218912145655,0.2333060667463564,-0.11832046211464528,0.0010522179982217494,1
11.126112461090088,0.11636614799499512,0.007098997011780739,0.6225237250328064,0.14585326596723974,-0.02013992124153431,0.006856820048882809,0.03502666913552943,0.1856709779153629,0.012555803815918587,0.2704627811908722,-0.045535095036029795,0.18084217607975006,-3.405265652152816,0.17669552023386445,25.648745207395145,-0.27176063711432813,0.2426164543915085,-0.11020997163361317,0.0009711980019346811,1
11.13611650466919,0.11734819412231445,0.007532803807407618,0.6225935220718384,0.1463457345671797,-0.020659983063457964,0.009955131770653934,0.03779215602741859,0.18494736303373838,0.014227305301371285,0.24960258603096008,-0.059477485716342905,0.16518093645572662,-3.40961828917849,0.19319695879335086,25.63836696233996,-0.2695964898354008,0.2524513661626276,-0.10443421974377536,0.001187019999633776,1
11.146361112594604,0.11836160719394684,0.007964172400534153,0.6226580739021301,0.14906391493901322,-0.022322364025102324,0.006021415041749006,0.040254117549109125,0.18429296617436464,0.015734098227057736,0.2247253656387329,-0.05886419117450712,0.14411614835262299,-3.431887491231334,0.2090175674678793,25.647873602444623,-0.2642310215744172,0.2539209193801101,-0.09704867570896542,0.0022982570008025505,1
11.15607762336731,0.11940069496631622,0.008361265994608402,0.6226938366889954,0.14882226279185276,-0.028035264308003068,0.0049084410630634906,0.04249219042736119,0.18357529460884559,0.016916994044735567,0.2040196657180786,-0.07520855963230132,0.11322178691625596,-3.4476052345170056,0.2340466880016107,25.652109340323488,-0.2573186207750312,0.2638892996052018,-0.0852402747624814,0.000867267997818999,1
11.166111707687378,0.12044735997915268,0.008731684647500515,0.6227321624755859,0.14913503809549278,-0.027637973086566597,0.006032364133513969,0.044503065594394986,0.18265347347654037,0.017886759900115567,0.17291292548179626,-0.07869423180818556,0.09263824671506883,-3.4592916581273654,0.2479219226269316,25.652341681166895,-0.26013401287418936,0.26499796463604636,-0.08322962629470379,0.0012322090005909558,1
11.176224708557129,0.12269942462444305,0.009453979320824146,0.6227889060974121,0.15197843307309905,-0.03374670064343657,0.001964244279321058,0.04675586274875787,0.18143930728301516,0.018895994380414116,0.14423654973506927,-0.07854091376066206,0.0624915473163128,-3.469034513122093,0.25346451921069263,25.64866290162688,-0.24970797583509605,0.2697012979528379,-0.07623884263984122,0.002162688000680646,1
11.18611192703247,0.12384302914142609,0.00976746529340744,0.6228125095367432,0.15147484821879892,-0.0363355387159264,0.00447312034673863,0.04774163682350263,0.18052142939266158,0.01922132522189468,0.09324842691421509,-0.09162119030952454,0.03283314034342767,-3.5008535319973446,0.27130413119522945,25.659068632317386,-0.24162494835648138,0.27300705349674675,-0.06502992598430614,0.001211535000038566,1
11.196113586425781,0.12384302914142609,0.00976746529340744,0.6228125095367432,0.15147484821879892,-0.0363355387159264,0.00447312034673863,0.04774163682350263,0.18052142939266158,0.01922132522189468,0.09324842691421509,-0.09162119030952454,0.03283314034342767,-3.5172438523665996,0.28241045291651345,25.65240159133499,-0.21704600356378806,0.2829356850558125,-0.05206137475035278,0.001018902999931015,1
11.206106662750244,0.12499649077653885,0.010045405477285385,0.622839093208313,0.15164951970002297,-0.039392690894476626,0.004019544567664508,0.04830498818657514,0.1795205115861287,0.019386491468965428,0.05457128956913948,-0.09508604556322098,0.01628233678638936,-3.5330482485283863,0.293039413915713,25.65220426526994,-0.1979295787233217,0.2881001928032271,-0.04332718569735609,0.0010300769972673152,1
11.216105699539185,0.1261647492647171,0.01027881819754839,0.622860312461853,0.15230406811154987,-0.043464641826397456,0.003274383350772231,0.04848657466508488,0.17859027327609578,0.01929197504325675,0.019765030592679977,-0.09093974530696869,-0.013367000967264165,-3.550931717798267,0.30553041895147054,25.65369454708113,-0.17931390647666448,0.28874017819796294,-0.030645338404825875,0.0010304269999323878,1
11.226109743118286,0.12736177444458008,0.010499858297407627,0.6228845715522766,0.15224063378047437,-0.04446115681748935,0.0030989427356828323,0.04787322090855595,0.17714032118857448,0.018686703194101373,-0.03732211887836456,-0.10190071910619736,-0.039238680154085145,-3.565469538225288,0.3080354270156842,25.654000843356986,-0.14604210826798297,0.2991087557291214,-0.01767531862759291,0.001014293000480393,1
11.236103057861328,0.12856745719909668,0.010684910230338573,0.6229127049446106,0.1521985976493575,-0.050204146354719835,0.0038576136808468487,0.046813744371410504,0.17609841853554586,0.018018035861399717,-0.08683869987726212,-0.10735987871885301,-0.06273779273033141,-3.577113913592154,0.31601513951874494,25.65115599877816,-0.11561713701295755,0.3053231491103179,-0.0054708796993823885,0.0010054919985122979,1
11.246103048324585,0.129777193069458,0.010825452394783497,0.6229516863822937,0.15141905831370384,-0.0529485006651388,0.004592811882305107,0.04548070515955427,0.17513712890197963,0.0171389663339796,-0.11952535063028336,-0.10030085593461992,-0.0830629989504814,-3.5866645430664126,0.3209291848190427,25.648167831219663,-0.09304585999623385,0.3046287459849473,0.005485274036984903,0.0009863550003501587,1
11.256101369857788,0.13101579248905182,0.01095262635499239,0.6230060458183289,0.15289983149269976,-0.05351547142109701,0.005348853922031151,0.04365029063796255,0.17412834504076935,0.016079003880481224,-0.1632777601480484,-0.10081622749567033,-0.10222882777452467,-3.5999924702951502,0.3170530466963042,25.64489047985857,-0.06287844351321316,0.3077126620451229,0.016150230178753285,0.001022674001433188,1
11.266103982925415,0.13227123022079468,0.011061075143516064,0.6230459213256836,0.15225470052806414,-0.05660058536939851,0.0028926038723135123,0.041364822077543106,0.17328134764738756,0.0148294651458718,-0.2092626541852951,-0.0981213226914406,-0.12510786950588226,-3.6172044124037184,0.31462394227053775,25.6513658636864,-0.030055539223060368,0.3086294746277944,0.02830032059634153,0.0010008120007114485,1
11.2761070728302,0.13480018079280853,0.011177846230566502,0.6231775879859924,0.147496789676703,-0.05945377786233899,0.00909779126677242,0.03747991547920737,0.17191237803515458,0.012715145342477197,-0.24031774699687958,-0.08965975046157838,-0.1387321799993515,-3.6273680827482906,0.3131870301965729,25.652114365000745,-0.02967518473652333,0.30862056276019895,0.030778282140555696,0.0012782379999407567,1
11.286103248596191,0.13607393205165863,0.011210983619093895,0.6232613921165466,0.15047979352691515,-0.06222439925905847,0.005668759595421726,0.03598334932776215,0.1714418584625932,0.011916422078639854,-0.25623807311058044,-0.08375193923711778,-0.15550178289413452,-3.6407896676483333,0.30979682484693055,25.64326609537976,0.011903228799399153,0.3058468592577225,0.04542812063756528,0.0010054220001620706,1
11.29610824584961,0.13607393205165863,0.011210983619093895,0.6232613921165466,0.15047979352691515,-0.06222439925905847,0.005668759595421726,0.03598334932776215,0.1714418584625932,0.011916422078639854,-0.25623807311058044,-0.08375193923711778,-0.15550178289413452,-3.6517452591007293,0.3079860437577303,25.641679009241514,0.014312872619702858,0.3060820214492521,0.04871617440785886,0.0010149210029339883,1
11.306105136871338,0.13739323616027832,0.011211241595447063,0.6233207583427429,0.14735405134100044,-0.06361478546655042,0.006683859958925923,0.03117211250972396,0.1704865650631575,0.009313986782332417,-0.2914108633995056,-0.07601833343505862,-0.17160220444202423,-3.6556517043931898,0.2979471508644796,25.63859891934334,0.0496026979766655,0.30508043805669477,0.058336369992657316,0.0010236519992758986,1
11.316111326217651,0.1386970728635788,0.011192810721695423,0.6234052181243896,0.14528328174071276,-0.06389597792710668,0.008273682147119802,0.027751344064565142,0.16975870610228494,0.007489589349335635,-0.3136778175830841,-0.07781621068716052,-0.1790376454591751,-3.6562959322787094,0.2841346105572574,25.63350051333136,0.07357785287600041,0.30827109099515787,0.06515625319103162,0.001019321000057971,1
11.326102256774902,0.13999688625335693,0.011160941794514656,0.6234896183013916,0.1458306460800058,-0.06547231219934767,0.0077968945516649355,0.024239534039812494,0.16910772402374663,0.00552475443595446,-0.309817373752594,-0.06484564393758777,-0.1900581419467926,-3.6666156917388517,0.27360105924742995,25.633926970421623,0.08390124472742645,0.3031389324572786,0.07249167057831717,0.0010074480014736764,1
11.336122274398804,0.1413646787405014,0.01112449448555708,0.6235896348953247,0.14307282862172846,-0.06235717980782195,0.009551033658036568,0.019075470814707174,0.16842674666279844,0.0026246728092851335,-0.30266574025154114,-0.046623460948467275,-0.1879732459783554,-3.6712386855911694,0.2503004131722368,25.628939211499343,0.0979275926753795,0.2956782066187403,0.07631422050235796,0.0012035040017508436,1
11.346217393875122,0.14274026453495026,0.01109494548290968,0.6236876845359802,0.14342692482678912,-0.0635261311971008,0.006728900834689464,0.017294818534091316,0.16824586478684456,0.0016646981921137893,-0.3019072413444519,-0.0465633273124695,-0.1873476654291153,-3.687834124648378,0.2366392920284748,25.636243927167616,0.10352787999085097,0.2959383979252681,0.07786184829380198,0.002217866000137292,1
11.356363296508789,0.1454569548368454,0.010982577688992023,0.6238824725151062,0.13924367720221742,-0.06383088235482384,0.009394170639984399,0.00892610584636877,0.167758980010682,-0.0033282046383442676,-0.27488279342651367,-0.012283674441278003,-0.18698018789291382,-3.695489644862119,0.22229109640247263,25.632427145402453,0.12091420046002196,0.28884139882286497,0.08720920871748064,0.0014431420022447128,1
11.3661208152771,0.1454569548368454,0.010982577688992023,0.6238824725151062,0.13924367720221742,-0.06383088235482384,0.009394170639984399,0.00892610584636877,0.167758980010682,-0.0033282046383442676,-0.27488279342651367,-0.012283674441278003,-0.18698018789291382,-3.7048588858005016,0.20679666599393762,25.62857483436313,0.11781547270382342,0.2794224903788603,0.08487227958246332,0.0008530889972462319,1
11.376166820526123,0.14679884910583496,0.010923243127763271,0.623978316783905,0.1361107825246256,-0.06318103531491906,0.009017901443354322,0.006056710182581693,0.1677785793118418,-0.005288200358903428,-0.25390249490737915,-0.00280221970751884,-0.1934569925069809,-3.7120867150234305,0.19187745289203756,25.629128464461605,0.11665142656490615,0.27445291565172836,0.08832571193427141,0.0011838770005851984,1
11.386171102523804,0.149576336145401,0.010842259973287582,0.6241993308067322,0.1351806222351982,-0.05590817715822512,0.007950294372610488,0.002036019569499281,0.16788009683757243,-0.008189580228604054,-0.22351975739002228,0.005386301316320874,-0.18665064871311188,-3.716351051249822,0.1828928611546939,25.62911339245371,0.11657527735548277,0.2743986231499489,0.08902202553604813,0.0015115909991436638,1
11.396244049072266,0.15096111595630646,0.01082670409232378,0.6243143081665039,0.1342809795853259,-0.05377065035162433,0.012273178025206099,0.0008413106228633005,0.16805422951703797,-0.009069269991258011,-0.19290433824062347,0.021860679611563662,-0.17207255959510803,-3.7352158831785234,0.1539495384403069,25.631631563636873,0.11463118694884165,0.26972642523453616,0.08925587897334741,0.001184994001960149,1
11.406115531921387,0.15096111595630646,0.01082670409232378,0.6243143081665039,0.1342809795853259,-0.05377065035162433,0.012273178025206099,0.0008413106228633005,0.16805422951703797,-0.009069269991258011,-0.19290433824062347,0.021860679611563662,-0.17207255959510803,-3.7452906162188957,0.13141173899678057,25.618378044201787,0.10217088710733328,0.2604332790762733,0.08465282017337714,0.0009816050005611032,1
11.416102170944214,0.15235157310962677,0.010795336216688156,0.6244216561317444,0.13210614021268582,-0.05418258911200839,0.008116034874607433,-0.0022619364891487415,0.16849329479245378,-0.011664106217628145,-0.15987169742584229,0.03541623055934904,-0.16801786422729492,-3.763682717087324,0.11467649945028077,25.628583504291708,0.0949237936277936,0.25202017833922924,0.08423477628747257,0.0010527079975872766,1
11.42611026763916,0.1538139432668686,0.01074282731860876,0.6245177388191223,0.13018265367332366,-0.0521640367593325,0.011356179878060146,-0.0038404951506594287,0.16904523085361367,-0.013323290004074728,-0.12358621507883072,0.0424307584762573,-0.16421347856521606,-3.7731947264364485,0.09893503643095386,25.61977658456377,0.08103187002444479,0.24672947732891742,0.08378523833347215,0.0010016509986598976,1
11.43610668182373,0.15526404976844788,0.010703896172344685,0.6246249079704285,0.1288895903915606,-0.050380274862279445,0.009403936923612424,-0.004998393580887939,0.16951530480748422,-0.014830588779828346,-0.08170494437217712,0.04907155036926268,-0.14034505188465118,-3.7888184913767518,0.08556741299117097,25.623789514194552,0.06204064524497395,0.2418220005607564,0.07601058768134966,0.001057036999554839,1
11.44610595703125,0.15670263767242432,0.010677404701709747,0.6247275471687317,0.1265294849587797,-0.04732281726756929,0.012480302397074554,-0.005955685527541554,0.17043242565248384,-0.01694540228461916,-0.02593955397605896,0.06080108135938643,-0.13751225173473358,-3.7965850785840467,0.0708278681136547,25.614508964376807,0.0357809043860027,0.23307765355350468,0.0742693127870547,0.0010337099993193988,1
11.456119775772095,0.15813876688480377,0.010685565881431103,0.6248568296432495,0.12558506425569757,-0.043836154221527035,0.012655272293535203,-0.006128219764430565,0.17104694852088764,-0.018188335692367552,0.011318129487335682,0.057998366653919206,-0.12332850694656373,-3.8071619107937154,0.05455497731193235,25.61200037592305,0.01616588156963643,0.2327367680246151,0.06928354124970885,0.001057037999999011,1
11.466110229492188,0.15957358479499817,0.01070473063737154,0.6249709725379944,0.12516327194616061,-0.041263021835676546,0.011884627860612241,-0.005811251116091487,0.17178489053921142,-0.019289770200784595,0.05575580894947052,0.06581418216228484,-0.10068506747484209,-3.823466950245573,0.04095330270426943,25.613141217141308,-0.009120209936581327,0.22641440934183502,0.06033745164486809,0.0010094730023411103,1
11.476108312606812,0.16107213497161865,0.010738378390669823,0.6250767707824707,0.12508772306429916,-0.0387515241973299,0.011300103383821416,-0.005101734498346833,0.17250086442394297,-0.02026690514141327,0.11464855074882507,0.06690780073404311,-0.09623565524816514,-3.843104471860028,0.030303484096454378,25.614170196612697,-0.04289427188555174,0.22363574403834896,0.05661565877692459,0.0010761060002550948,1
11.48610782623291,0.16107213497161865,0.010738378390669823,0.6250767707824707,0.12508772306429916,-0.0387515241973299,0.011300103383821416,-0.005101734498346833,0.17250086442394297,-0.02026690514141327,0.11464855074882507,0.06690780073404311,-0.09623565524816514,-3.8547559748994202,0.023818247643135008,25.614083329810033,-0.04335780926171752,0.22368251539409917,0.05583720206581615,0.0009945960009645205,1
11.49610948562622,0.16403619945049286,0.010778861120343208,0.6252678632736206,0.12120547132502642,-0.038764410083583674,0.0100787364727,-0.002459280030197686,0.17399564863777117,-0.021991881964552817,0.17330850660800934,0.061066955327987664,-0.0690896585583687,-3.871856223186788,0.025585794048812116,25.61684901405841,-0.08418761996418912,0.22266136152394098,0.04578676765325684,0.0010264459997415543,1
11.50610637664795,0.1669856309890747,0.010813102126121521,0.6254386901855469,0.11973318453186274,-0.033892538579457,0.011312136907762208,0.00036705387443802806,0.17490412844427272,-0.023011330356975446,0.2068636566400528,0.054367639124393456,-0.0668649971485138,-3.881988716435997,0.026550160375465814,25.61704277032075,-0.08469033903262112,0.22272416159872863,0.04370213334428395,0.0010216959999524988,1
11.51610517501831,0.1669856309890747,0.010813102126121521,0.6254386901855469,0.11973318453186274,-0.033892538579457,0.011312136907762208,0.00036705387443802806,0.17490412844427272,-0.023011330356975446,0.2068636566400528,0.054367639124393456,-0.0668649971485138,-3.897911526235463,0.019210320273743836,25.61239213506794,-0.11159936786898544,0.22350696369994777,0.042012560844183706,0.0010117080018972047,1
11.52610731124878,0.1685316115617752,0.010851819068193436,0.6255051493644714,0.11800418782499067,-0.03332782188858034,0.007621910908295367,0.0026457023630737098,0.17545885640061076,-0.02358012280664079,0.2349567860364914,0.05026322603225707,-0.05570973083376885,-3.918064907231973,0.01751634628057904,25.62234275911562,-0.13484627960807538,0.22399757195474598,0.037159931185635396,0.0009869829991657753,1
11.536180973052979,0.1700742244720459,0.0108855115249753,0.6255667209625244,0.1181127204988885,-0.03189154728302962,0.009259298356029042,0.004958337299558302,0.1759978196083809,-0.02406857695631537,0.24904926121234894,0.04245982319116592,-0.041722938418388374,-3.934109068035046,0.015928656624315616,25.61818030392257,-0.15072960919446254,0.22636686436352496,0.030782436809887757,0.0011914900023839436,1
11.546357154846191,0.17161911725997925,0.010919706895947456,0.6256197690963745,0.11766729487149434,-0.03277397930967136,0.006272436730647738,0.00753529420597987,0.1764426414544218,-0.02449361998092847,0.26962780952453613,0.03526943176984786,-0.04595009237527848,-3.9558041605795458,0.021017820711969858,25.625971859772957,-0.17046898872583433,0.22874779741815762,0.03028761185071246,0.0028264270004001446,1
11.55639362335205,0.17321939766407013,0.010913319885730743,0.6256604790687561,0.11363154648806681,-0.03456809746388878,0.008454372955506212,0.011654253734726616,0.17700720458894548,-0.025091159007551322,0.28151264786720276,0.0298456996679306,-0.0342482514679432,-3.9623950061451865,0.03366173688799711,25.620467533827213,-0.1914939251556091,0.23015425250394703,0.025233520593670487,0.0008433809998678043,1
11.566100358963013,0.17480404675006866,0.010907765477895737,0.6257283091545105,0.11419140538735016,-0.03240313416740093,0.011264879612198308,0.014568778620504208,0.1771684185880149,-0.025352366436300677,0.29184529185295105,0.011764260940253731,-0.028463348746299744,-3.9681490623402897,0.03916817939707238,25.61082421198735,-0.20701223523212162,0.23916160353860572,0.02148519476474682,0.0009081979987968225,1
11.576115846633911,0.1764036864042282,0.010901368223130703,0.625792384147644,0.11474391059548453,-0.03312365738298664,0.0074199931366217865,0.0173845247807769,0.1773739751763892,-0.02567357577926721,0.28824710845947266,0.0068144565448164905,-0.029815075919032097,-3.988091184265852,0.04734736264386582,25.620411189506537,-0.21485193121630797,0.24108332366868787,0.0206940822216736,0.0010899349981627893,1
11.586564779281616,0.17800959944725037,0.010880358517169952,0.625840961933136,0.11444988844448496,-0.03396299486058058,0.0073759310493328465,0.02020039856014133,0.17744973366807937,-0.025923737032916616,0.2835613787174225,-0.006896934472024443,-0.020271865651011467,-4.005790119146079,0.05713887863773991,25.62144525846691,-0.22236737646220678,0.24810240143439594,0.016679482183354608,0.001997922998270951,1
11.596296548843384,0.17962324619293213,0.010839570313692093,0.6258763670921326,0.11204780631909791,-0.03610411298082491,0.0071047825238907914,0.02432663259770207,0.17743945054336052,-0.026146898166218957,0.27566394209861755,-0.011119442991912367,-0.014086415991187094,-4.0184042105815525,0.07274587421370277,25.622260792642077,-0.23262206063989038,0.2505825475456929,0.012836803064653826,0.0009912429995893035,1
11.606200456619263,0.1827876716852188,0.01068788394331932,0.6259828209877014,0.10956524303970659,-0.034484159520797475,0.011257303669685557,0.025675200733671577,0.17733579911614106,-0.026230998689794838,0.2614314556121826,-0.021949401125311855,-0.015694910660386082,-4.021237563918781,0.07774918473122462,25.609651601575294,-0.22774497018483425,0.2567052875992289,0.012448301158178032,0.0010021390007750597,1
11.616347789764404,0.18446101248264313,0.010593120940029621,0.6260318756103516,0.11022029056730667,-0.03808373613963632,0.007477229411345156,0.029250685470092908,0.1769282101709977,-0.02642457703545853,0.22762414813041687,-0.03610081225633621,-0.011355318129062647,-4.040425648409253,0.09297046199318784,25.618646994118848,-0.21949943293711155,0.26505561781145187,0.01032971142997717,0.001986677998502273,1
11.6260986328125,0.18446101248264313,0.010593120940029621,0.6260318756103516,0.11022029056730667,-0.03808373613963632,0.007477229411345156,0.029250685470092908,0.1769282101709977,-0.02642457703545853,0.22762414813041687,-0.03610081225633621,-0.011355318129062647,-4.053819172303209,0.1018071064919996,25.619571873128255,-0.22398336519139278,0.26561374765825746,0.010073123513502136,0.0008263390009233262,1
11.636105298995972,0.18612194061279297,0.010445795953273773,0.626059889793396,0.10639261435093361,-0.04319037160421723,0.008289118704118255,0.031333282429657494,0.17660692723263738,-0.02651096389312313,0.2091798335313797,-0.046578459441661835,-0.0092985238879919,-4.05769819779848,0.12137303354258315,25.617263037723795,-0.2218571507677511,0.2724604233566261,0.009032202064671662,0.001035107001371216,1
11.646106719970703,0.187748521566391,0.010272396728396416,0.6261197328567505,0.10498787456087429,-0.042623981988827796,0.009924250579039822,0.0333895300823035,0.17603945157698453,-0.02656069240851755,0.18582476675510406,-0.062056779861450195,-0.007255129981786005,-4.058977561519012,0.1326276670519633,25.611998720268954,-0.21637542730635148,0.2826307958216661,0.007908499055330842,0.0009999040012189653,1
11.656105279922485,0.18938972055912018,0.010080989450216293,0.6261686682701111,0.10600129497987486,-0.04554021754035637,0.0056451496807237,0.0355863835180239,0.1751316000963472,-0.0266513266615358,0.13852788507938385,-0.06902945041656494,-0.0034376862458884634,-4.076803338022112,0.14807858988004302,25.623619564965313,-0.19914503535273356,0.2891568619157855,0.006397304234086351,0.0010364339977968484,1
11.666107892990112,0.19105155766010284,0.009863350540399551,0.6261798739433289,0.10406102227884345,-0.047010984411705425,0.004011065188783709,0.03677679664991862,0.17457915750083464,-0.026693483646802463,0.11416547745466232,-0.06975820660591125,-0.0033228136599063787,-4.092595203406698,0.16237779223662266,25.629943904959866,-0.19020202366844915,0.2914554732726781,0.006045363684228923,0.0009864240018941928,1
11.67611575126648,0.1926899403333664,0.009612434543669224,0.6261938214302063,0.10217146553825518,-0.04949633433728843,0.006236089283586514,0.03760070033208773,0.17380871163592682,-0.026746219235060043,0.08594689518213272,-0.07949148863554001,-0.002486109267920246,-4.09794459748716,0.17637395194350977,25.6240472623591,-0.17815362109428856,0.2989513481464749,0.005833428631806947,0.0010326619994884823,1
11.68610692024231,0.1944069117307663,0.009316470474004745,0.6262088418006897,0.10009171070063419,-0.053262703103385364,0.006003829769099331,0.03810118559124609,0.1729802603620718,-0.026724759282346078,0.05082598328590393,-0.09223707765340805,0.002261017216369521,-4.1016560588415665,0.19398179005162067,25.623817938189465,-0.1616025330513552,0.3083117558403319,0.004377247247028348,0.0010241409981972538,1
11.696113586425781,0.1961100995540619,0.008982546627521515,0.6262232065200806,0.09959574026896384,-0.05465045216622317,0.004324757176580273,0.03818099247465234,0.17224397060707242,-0.02674003648304213,0.004682663828134537,-0.08511431515216827,0.003194688353687535,-4.112429859401736,0.2070719102921367,25.6284750829097,-0.1374232381855781,0.30668322043963675,0.00430791051219254,0.0010617180014378391,1
11.706108570098877,0.19947795569896698,0.00823300238698721,0.6262199282646179,0.0938554105443495,-0.061754070435707895,0.0019358511056920095,0.03788716776534784,0.1714254838750433,-0.026631200098472085,-0.037457291036844254,-0.09266948699951172,0.009961869567632687,-4.118769262882699,0.21496495014036737,25.62900837032637,-0.1370694500243369,0.3066725820596426,0.004268663782578442,0.0012029450008412823,1
11.716104745864868,0.2011217474937439,0.007804207503795624,0.626212477684021,0.09281027320520444,-0.0607776790538466,0.003769654544123368,0.037072109905845974,0.17021395086685942,-0.02646975855508371,-0.07281125336885452,-0.09770602732896805,0.011020157486200345,-4.122900711308382,0.2340727877335744,25.630884907746804,-0.0942888822418561,0.31863101849380815,0.0026313105401831118,0.0010158299992326647,1
11.726104021072388,0.2028883546590805,0.007334113586694002,0.6262232065200806,0.09474167222120032,-0.06271301214019785,0.0006030481133657724,0.03594640631499946,0.16922573596260237,-0.02635158433787721,-0.11729203909635544,-0.09863857179880142,0.017817068845033656,-4.1418145223004705,0.24943186723858107,25.6401006635064,-0.06719872328309066,0.32202953181653937,0.000609797335478886,0.0010565490010776557,1
11.736192226409912,0.2028883546590805,0.007334113586694002,0.6262232065200806,0.09474167222120032,-0.06271301214019785,0.0006030481133657724,0.03594640631499946,0.16922573596260237,-0.02635158433787721,-0.11729203909635544,-0.09863857179880142,0.017817068845033656,-4.154177128818034,0.25985092339965876,25.641141579069767,-0.06534752153997675,0.3227980074953595,7.967194567807211e-05,0.0011997319998044986,1
11.746233701705933,0.20464767515659332,0.0068224407732486725,0.6261768341064453,0.0904550327463094,-0.06707777836166032,-0.0015906032167021865,0.03452755317411249,0.16857237089248134,-0.026100952412026146,-0.14458392560482025,-0.0889333114027977,0.022347129881382,-4.162503910635233,0.27740120035973126,25.64792874102113,-0.04670131952380027,0.3198168832485786,-0.0010804707755830128,0.001742079999530688,1
11.756097078323364,0.20636403560638428,0.006279328837990761,0.6261579394340515,0.08668725143034758,-0.06643293089687999,0.002052372120903409,0.03301640189010646,0.16772045839885363,-0.025862525052023244,-0.17399562895298004,-0.08976801484823227,0.025522617623209964,-4.1569759462594345,0.28451691012787833,25.638303463334243,-0.025793215631586833,0.32289421833785004,-0.0018504890564411893,0.0009878210003080312,1
11.766123294830322,0.20805896818637848,0.005739141255617142,0.626151442527771,0.0860655080735839,-0.06691792631617012,0.0010800807556064587,0.031219971597279628,0.1668077262205303,-0.025533578325255935,-0.19399835169315338,-0.08791845291852951,0.03575287014245988,-4.159870649470595,0.290316991516898,25.639873742622918,-0.009252865337586572,0.32454128181310493,-0.005124763797992768,0.0010363639994466212,1
11.776113033294678,0.20974591374397278,0.005166891496628523,0.6261359453201294,0.08509366905592775,-0.0701681528120001,0.001111999270490322,0.028034454278346388,0.1657351969465184,-0.024847278660606875,-0.22617563605308533,-0.08385255187749863,0.048296567052602775,-4.164948778079434,0.2998634729259487,25.640039967443887,0.01805116025060126,0.3254586539572294,-0.009454422624710744,0.0010719150013756007,1
11.786335706710815,0.21140849590301514,0.004586172290146351,0.6261172890663147,0.08235269027573726,-0.07024014748898924,0.0003953872067736617,0.025699002173554142,0.16498872354985972,-0.024260154073062257,-0.2433532178401947,-0.08425116539001463,0.05667954683303834,-4.168299902899305,0.30617115073322626,25.6424897853362,0.03512632501906855,0.32798539586344966,-0.012888075781470557,0.0010142220016859937,1
11.796175956726074,0.21308444440364838,0.003954117186367512,0.626111626625061,0.07886876160751562,-0.07287681850882544,0.0005098085800770468,0.023351472827850994,0.16426847412173284,-0.023503079912342795,-0.2533470690250397,-0.07823089510202406,0.07407920807600023,-4.1679489994830075,0.31795005125154685,25.642811252329764,0.04776861472463548,0.32711781481508573,-0.019482472031548476,0.0011702560004778206,1
11.806100368499756,0.2147199660539627,0.00332043063826859,0.62611985206604,0.07544800638495461,-0.06977667660021199,0.0034908500568617885,0.02100423697267395,0.16357375158033172,-0.022678516153037176,-0.25957977771759033,-0.07933926582336424,0.08281227946281434,-4.159286304793414,0.31834593078757756,25.63441127276776,0.05920987145418964,0.3298617823088609,-0.023751096009277405,0.0015734730004623998,1
11.816149473190308,0.2180403172969818,0.0020164940506219864,0.6261571645736694,0.07174374170286141,-0.07159486408806794,0.0008906520743570831,0.018432086329563724,0.16290417398627266,-0.021722959353447813,-0.2591444253921509,-0.07613533735275267,0.10071817040443422,-4.160657714728562,0.3264100116358765,25.64129492305583,0.0637167169636951,0.32982229914552125,-0.03039379538755077,0.0010987360001308843,1
11.826101541519165,0.2180403172969818,0.0020164940506219864,0.6261571645736694,0.07174374170286141,-0.07159486408806794,0.0008906520743570831,0.018432086329563724,0.16290417398627266,-0.021722959353447813,-0.2591444253921509,-0.07613533735275267,0.10071817040443422,-4.163624982631856,0.3345032589327905,25.64216027479333,0.06712403956912155,0.3302308074474806,-0.03227059439237948,0.0010165269995923154,1
11.836100578308105,0.21965251863002777,0.0013379032025113702,0.626167356967926,0.06870322643721033,-0.07303767669910169,0.0018175282444575246,0.01493304762400971,0.16212916915420417,-0.02003582719750696,-0.25261303782463074,-0.06078248471021651,0.10982221364974977,-4.162860580929761,0.34538927252079415,25.639879762196884,0.0750931988680689,0.3243523646502376,-0.03605946122529071,0.0010423700005048886,1
11.846100568771362,0.22127339243888855,0.000614726624917239,0.6261791586875916,0.06387794730669306,-0.0732221456014674,0.0004212015501394704,0.01267632635413829,0.1617433848155998,-0.01872938659716672,-0.2403354048728943,-0.04812856018543242,0.12827125191688538,-4.160106819973395,0.35723481563916887,25.644246984237512,0.07573310863824567,0.3188580749437666,-0.043701964262215495,0.0009919420008372981,1
11.856096267700195,0.22285185754299164,-9.540448081679642e-05,0.626203179359436,0.06170052290917639,-0.07000037282117298,0.002516034816434332,0.010706629951867441,0.1614346127586157,-0.017294933297823167,-0.2299814373254776,-0.04340038448572157,0.1423012912273407,-4.155322767007775,0.36081010336974295,25.63880785712115,0.07679628487802125,0.317081169243288,-0.050703223413218104,0.0009978790003515314,1
11.866150140762329,0.2244102507829666,-0.000795750180259347,0.6262226104736328,0.06019411966440451,-0.06972306973248976,-0.0006107039743113846,0.00865572069603271,0.16120285496147213,-0.01580304505355601,-0.22423392534255981,-0.023426018655300123,0.15116144716739655,-4.161925309189197,0.3666624950573093,25.647452382385037,0.08043540933025259,0.30697973625468294,-0.05570377517797684,0.0011071169974457007,1
11.87610936164856,0.22596511244773865,-0.001512383110821247,0.6262329816818237,0.057135354676603134,-0.06848517062620783,0.0006491365958472123,0.006138417285551867,0.1611800074550973,-0.013203260681380335,-0.1857484132051468,-0.011428491212427595,0.1733248084783554,-4.162797183693611,0.3750029791442855,25.645028146644464,0.06803315224548132,0.30066133700269915,-0.06594534497144604,0.0011157080007251352,1
11.886108160018921,0.22749051451683044,-0.0022326582111418247,0.6262354254722595,0.05517851175290726,-0.06933063272349668,-0.003689774186346428,0.004653024359043023,0.16136203319885345,-0.011346965666624076,-0.17836198210716248,0.003837406169623159,0.18369673192501068,-4.173877064305782,0.3878647067842153,25.65762924435777,0.06858667416463596,0.29201576464732365,-0.07255579271460263,0.0010826010002347175,1
11.896106958389282,0.22897683084011078,-0.0029719031881541014,0.6262263059616089,0.05045956356346183,-0.06872119759851458,-0.0007537100766383849,0.0034113315836927782,0.16161461436788205,-0.009379698523598101,-0.1610771119594574,0.018510894849896455,0.19055280089378357,-4.170712580984498,0.40084689654757316,25.650765290986364,0.06344454326954693,0.2837534161208194,-0.0774323022245061,0.0011387570011720527,1
11.906108379364014,0.23041971027851105,-0.0037069960962980986,0.626234233379364,0.04690356539330273,-0.06855579468661994,-0.001803708046252877,0.00250142627147687,0.16193546273283754,-0.007259229585156124,-0.11933459341526031,0.025629913434386278,0.20835666358470917,-4.168609268426971,0.4178650025810089,25.65301293527154,0.043808235923564844,0.2793079325337071,-0.08626999249382096,0.001018412996927509,1
11.916115760803223,0.23335382342338562,-0.005217739846557379,0.6262857913970947,0.041889402883633936,-0.062144607340434185,0.0006109961006545391,0.0020244171615155793,0.16237224729858246,-0.005010859865474782,-0.0962069034576416,0.045400522649288205,0.21810077130794525,-4.167311662254501,0.42804900854385197,25.653372181981798,0.043631449554609396,0.2791664567723512,-0.08809594953099599,0.0012471570007619448,1
11.926106691360474,0.2347860187292099,-0.005943544674664736,0.6263106465339661,0.040596093876859016,-0.06112920121924486,-0.00022879483594049637,0.0014905007160010975,0.1628914452556547,-0.0028462947389211735,-0.07621890306472778,0.04914179071784022,0.21744020283222198,-4.163470319484989,0.43137246874423246,25.646009280707236,0.03310535168116324,0.2677301487560916,-0.09338374407120763,0.0012453409981389996,1
11.936185598373413,0.2347860187292099,-0.005943544674664736,0.6263106465339661,0.040596093876859016,-0.06112920121924486,-0.00022879483594049637,0.0014905007160010975,0.1628914452556547,-0.0028462947389211735,-0.07621890306472778,0.04914179071784022,0.21744020283222198,-4.166071232259178,0.43877896535883676,25.64722054664468,0.02426234786025038,0.2641147230473789,-0.09568600620285651,0.0012076940001861658,1
11.946277379989624,0.23756933212280273,-0.0073875184170901775,0.6263380646705627,0.03444134068365707,-0.06252455710850509,-0.0019907712062175497,0.0013215334542819868,0.1647430434047359,0.002970124345087477,-0.028591638430953026,0.0632932856678963,0.22681453824043274,-4.16892347156796,0.4648686459415225,25.652267031031432,-0.0010644312607840621,0.25236624230604965,-0.10256737625726886,0.0017955809998966288,1
11.956332683563232,0.2388974279165268,-0.008099942468106747,0.6263574361801147,0.030901899546662445,-0.05701743809396776,0.00014768645396173006,0.0017901169446621346,0.16549955882898182,0.00520815587662371,0.0032929563894867897,0.06580585241317752,0.21936608850955963,-4.171345582791367,0.4821755996373462,25.652931756312046,-0.0014052271295523066,0.25153096013849613,-0.10499301701236582,0.0032273389988404233,1
11.966096639633179,0.2388974279165268,-0.008099942468106747,0.6263574361801147,0.030901899546662445,-0.05701743809396776,0.00014768645396173006,0.0017901169446621346,0.16549955882898182,0.00520815587662371,0.0032929563894867897,0.06580585241317752,0.21936608850955963,-4.166421741042273,0.48885354116212637,25.64644646178462,-0.019232512289292805,0.24836961499124285,-0.10471720857631871,0.0008190749977075029,1
11.976110935211182,0.24022449553012848,-0.008815590292215347,0.6263884902000427,0.02955380455336828,-0.05794875693579483,0.00028092646570723387,0.0023188194098495707,0.16630193269263938,0.007587444123779541,0.018243562430143356,0.08007320016622546,0.23412421345710754,-4.1670304664486935,0.5046483752205227,25.644678726694885,-0.02987290705354511,0.2385109148519409,-0.11163228555304397,0.0010382500004197937,1
11.986110210418701,0.24153319001197815,-0.009519909508526325,0.6264206171035767,0.028194496411218947,-0.05299400163116907,-0.00040789645108849326,0.003171732065999855,0.16720233261172046,0.009893086813956398,0.03694029524922371,0.08364602923393252,0.22117425501346588,-4.171862275321581,0.5112352221432958,25.646010722263192,-0.04197976529587144,0.2340075390399368,-0.11034132310427582,0.0011883469996973872,1
11.996122360229492,0.24283131957054138,-0.010194850154221058,0.6264304518699646,0.028484277371460677,-0.05180554457633739,-0.0032359622027282524,0.004516940865082919,0.16864001519393756,0.013103681438404902,0.06153734773397446,0.08393557369709018,0.20903180539608002,-4.187491274483274,0.5239739166851217,25.653757426041377,-0.05936690282557776,0.22971059516669512,-0.10841104313914612,0.0011271620023762807,1
12.00614047050476,0.24413636326789856,-0.010882357135415077,0.6264228820800781,0.024267196628496412,-0.04996655506030791,-0.004316258096907962,0.005704859236432824,0.16962660743552727,0.015313930395661757,0.07574942708015442,0.08639230579137805,0.2143145650625229,-4.194947946917404,0.5367605938120573,25.657840148737456,-0.07125138136171605,0.22592496602744622,-0.11169086918009564,0.0014999269988038577,1
12.016138076782227,0.2453918755054474,-0.011560128070414066,0.6264215707778931,0.02068554423695772,-0.05141337216981584,-0.002994223387073597,0.006874121407758338,0.1704750027895141,0.017303762407044676,0.08237861841917038,0.0816803649067879,0.19466985762119293,-4.193536162219264,0.5559732798295797,25.654286934846528,-0.07846673988055265,0.22626579904753463,-0.1070756851842571,0.0010756869996839669,1
12.026106595993042,0.24780619144439697,-0.012921272777020931,0.6264438033103943,0.018049970275037856,-0.04647606983037957,-0.0016192300957976575,0.008304120816943872,0.17132984424741649,0.01916591365913023,0.10209284722805023,0.08231653273105624,0.18210922181606293,-4.192705168186234,0.567529575815773,25.653771950786826,-0.07854695106191162,0.2262501842539191,-0.10610138746782828,0.0012241069998708554,1
12.036105632781982,0.2489902526140213,-0.013573677279055119,0.6264404058456421,0.01693789284894452,-0.04729505624094275,-0.005798157653016786,0.009849819520229008,0.17218950530227506,0.021120962532126697,0.11666514724493027,0.08038347959518435,0.18682080507278442,-4.193897646354042,0.5755589176954252,25.649045516210244,-0.09314260018299693,0.22365229933738132,-0.10320037075189187,0.0012182409991510212,1
12.046102523803711,0.25014522671699524,-0.014218006283044815,0.6264135241508484,0.013125677585625233,-0.044966276721615,-0.005404547891887763,0.01131273261647081,0.17308768293233534,0.022841969600592815,0.12362793833017349,0.06594753265380861,0.15970772504806519,-4.205374093249947,0.5925268821063352,25.660388625186485,-0.10659835402363782,0.2223045553196697,-0.10602971777780731,0.0012104880006518215,1
12.056044816970825,0.25014522671699524,-0.014218006283044815,0.6264135241508484,0.013125677585625233,-0.044966276721615,-0.005404547891887763,0.01131273261647081,0.17308768293233534,0.022841969600592815,0.12362793833017349,0.06594753265380861,0.15970772504806519,-4.206681250769006,0.604592868249015,25.66071860500307,-0.11435805557797413,0.22771804724373046,-0.09857576178358159,0.0010112190029758494,1
12.066092729568481,0.25125035643577576,-0.014862329699099064,0.6264051795005798,0.00942241215832743,-0.04806512219789856,-0.004069531948473412,0.013696567494579703,0.17414705384537443,0.025196687667096818,0.1286712884902954,0.06498138606548311,0.15056733787059784,-4.200522899668223,0.6293419561890026,25.656545086608197,-0.1253634224860118,0.22564769990708952,-0.09595132228267522,0.0009949449995474424,1
12.07609248161316,0.25232377648353577,-0.015529184602200985,0.6264017224311829,0.006360333480841356,-0.04695391278956596,-0.003421939253499806,0.015247567301979181,0.17478430329648154,0.026707617903156233,0.13379214704036713,0.05346409231424334,0.14230000972747803,-4.191681302047245,0.6493183624240622,25.65403017642891,-0.13312471493162448,0.23008044442579653,-0.09385865542274154,0.001029310002195416,1
12.08611011505127,0.253368616104126,-0.016168292611837387,0.6264126896858215,0.006299347646568831,-0.04320681465473,-0.0037626001728462105,0.01692457197724151,0.1752549643909651,0.028026801435326654,0.1282852590084076,0.04520095884799959,0.12303773313760757,-4.190655368076912,0.658903017868397,25.65439155900549,-0.13506776886629837,0.23292769226280194,-0.08777816918634058,0.0010122669991687872,1
12.096096515655518,0.25440627336502075,-0.016804572194814682,0.6263932585716248,0.005761064573367264,-0.04476089029257829,-0.008394056069332863,0.019009914559640073,0.17601353774591377,0.029673765008970232,0.11852778494358063,0.034404277801513686,0.10576032102108002,-4.201360934956134,0.676986953365595,25.667871783147614,-0.13664805426473062,0.2362570733414445,-0.08186254971636701,0.0010612980004225392,1
12.10609769821167,0.2553967237472534,-0.017447778955101967,0.6263613104820251,-4.446294316573971e-05,-0.044249411663879766,-0.005048341186225491,0.019696284677421794,0.17616695100651958,0.030207718200239597,0.11510775238275528,0.01994062401354314,0.0975971594452858,-4.189331268909925,0.690417884514311,25.66029677717689,-0.13689186080173613,0.24400412070265012,-0.07821526792315021,0.001019181996525731,1
12.116092443466187,0.25635313987731934,-0.018101761117577553,0.6263682246208191,-0.002172974598317851,-0.04457902908069698,-0.004473315126086859,0.02158537334714472,0.17634781938820954,0.0314017259708943,0.10694919526576996,0.010384178720414647,0.07202126830816269,-4.17857360735355,0.705708890522804,25.657564986778457,-0.13822387149473284,0.2486733035285183,-0.06957058864361249,0.0010270750026393216,1
12.126307249069214,0.257280558347702,-0.018762068822979927,0.6263588070869446,-0.003701104769564427,-0.044999130068812565,-0.006387039104525883,0.022694215051109357,0.17641918120774402,0.03203736894463605,0.09159325808286667,0.0013121038209647012,0.05892961472272873,-4.174777210063473,0.7210481969178753,25.66298974481932,-0.1335347660897784,0.25335957990856534,-0.06364069156733815,0.001002279001113493,1
12.136125802993774,0.2581900656223297,-0.01941986009478569,0.6263401508331299,-0.0037327418250825725,-0.044273849572858404,-0.008656213073039369,0.022694215051109357,0.17641918120774402,0.03203736894463605,0.09159325808286667,0.0013121038209647012,0.05892961472272873,-4.180108249255039,0.7329669441252012,25.67042902079663,-0.13345970731065954,0.253366763912917,-0.06239881851874684,0.0012248759994690772,1
12.146323442459106,0.2600451409816742,-0.02088055945932865,0.6262560486793518,-0.011611510097797706,-0.04682737963634244,-0.009865515716422347,0.024311627668282654,0.17635546036294514,0.03284637543261537,0.058503780514001846,-0.021840371191501614,0.017289539799094204,-4.183186507456181,0.7401254323379031,25.67143361652141,-0.13344149717503107,0.25337021725370035,-0.06213291529876277,0.0031581920011376496,1
12.1560959815979,0.2600451409816742,-0.02088055945932865,0.6262560486793518,-0.011611510097797706,-0.04682737963634244,-0.009865515716422347,0.024311627668282654,0.17635546036294514,0.03284637543261537,0.058503780514001846,-0.021840371191501614,0.017289539799094204,-4.172593477647782,0.7588335181091309,25.675944137824146,-0.12032915052651434,0.2663758436588468,-0.04794851865678802,0.000843660000100499,1
12.166102886199951,0.2617581784725189,-0.022329093888401985,0.6261643171310425,-0.013461659790179895,-0.04774228857354901,-0.01475774945048634,0.02539066461403472,0.17547945865768888,0.03280484177775822,0.02293841727077961,-0.04992811381816864,-0.010618180036544793,-4.170636354571415,0.7687292038253106,25.681187477684645,-0.11880241706589818,0.27763507152115896,-0.03965599438758858,0.0010246300007565878,1
12.176100015640259,0.2617581784725189,-0.022329093888401985,0.6261643171310425,-0.013461659790179895,-0.04774228857354901,-0.01475774945048634,0.02539066461403472,0.17547945865768888,0.03280484177775822,0.02293841727077961,-0.04992811381816864,-0.010618180036544793,-4.172726007591017,0.7861762728551269,25.69239896535569,-0.10425547337988404,0.2844039661879531,-0.033272795557616905,0.0010522189986659214,1
12.186118364334106,0.2633119225502014,-0.0238267183303833,0.6260011792182922,-0.01884956289932061,-0.045908588930740485,-0.013936970260867704,0.025265485293992196,0.17428224621600164,0.03169419148023689,-0.01888275519013405,-0.06592187285423279,-0.05128433927893638,-4.165830871418472,0.7982431859244414,25.69154528163027,-0.09649827843475295,0.2867215514385911,-0.021879629852120344,0.0010046540010080207,1
12.19610857963562,0.2633119225502014,-0.0238267183303833,0.6260011792182922,-0.01884956289932061,-0.045908588930740485,-0.013936970260867704,0.025265485293992196,0.17428224621600164,0.03169419148023689,-0.01888275519013405,-0.06592187285423279,-0.05128433927893638,-4.15801601927054,0.8018195732506251,25.69251898656981,-0.08002463974407498,0.2970178908029408,-0.014036113153637592,0.0010772929999802727,1
12.206118106842041,0.26408129930496216,-0.024596432223916054,0.6259229779243469,-0.021473638812007496,-0.04567000272395401,-0.016033515106427657,0.024785345163994332,0.17368527554587887,0.030929414240308706,-0.03618452325463295,-0.0701831951737404,-0.07015877962112425,-4.1528484780511565,0.8048941092530922,25.69955023397171,-0.06845795344005824,0.30123812808687095,-0.004973198573470561,0.001049983999109827,1
12.216115474700928,0.2648092210292816,-0.025352900847792625,0.6258430480957031,-0.024113766914555936,-0.04616007213362397,-0.012738697828657419,0.023934620169697496,0.17288229740380334,0.029899760595571756,-0.06443922966718674,-0.08484438061714174,-0.09828606992959975,-4.137392939665761,0.8059724690750385,25.691450909468248,-0.04970508283023515,0.31149471454045685,0.007979108595901096,0.0011437860011938028,1
12.226213693618774,0.26552528142929077,-0.026145633310079575,0.6257660984992981,-0.026016125551110204,-0.0484415889079384,-0.016960980108234946,0.02294652054376778,0.17217752036215028,0.02874975195926055,-0.08142178505659103,-0.085813045501709,-0.11150403320789336,-4.133444323736051,0.8134549660164706,25.70357071987132,-0.03700152362719533,0.3142393250775865,0.016462112793075107,0.001187019999633776,1
12.236111402511597,0.2662237584590912,-0.027000147849321365,0.6256906390190125,-0.031793776888165586,-0.048593215638696376,-0.016172822611429116,0.021936206181670137,0.17139017426955583,0.02759669348870286,-0.10446692258119583,-0.09109198302030565,-0.12166106700897215,-4.1165854210805,0.8178550192177316,25.70412731776271,-0.020995430831279856,0.31979433815308433,0.023027501228238944,0.0008827739984553773,1
12.246103286743164,0.26750561594963074,-0.028640517964959145,0.625589907169342,-0.03391635422960883,-0.044515389974048664,-0.01591158823197945,0.020584041087091,0.17039042980841845,0.02609867153575962,-0.11768782138824463,-0.09984390437602998,-0.15175409615039825,-4.1065649933891315,0.8205727198854453,25.70439855474769,-0.020791585715789308,0.3198111572335115,0.024383283957476805,0.0012057379972247873,1
12.256109714508057,0.26750561594963074,-0.028640517964959145,0.625589907169342,-0.03391635422960883,-0.044515389974048664,-0.01591158823197945,0.020584041087091,0.17039042980841845,0.02609867153575962,-0.11768782138824463,-0.09984390437602998,-0.15175409615039825,-4.097965289974844,0.8158934390222776,25.704409496932172,-0.008018480652772162,0.32734448331078636,0.03668180516764104,0.0010299380010110326,1
12.266115665435791,0.26863184571266174,-0.03025148995220661,0.6254744529724121,-0.0412561223712114,-0.043915398481065314,-0.01399453300459331,0.016730617585423158,0.16819600900050835,0.022122534329440224,-0.1369670182466507,-0.0968611389398575,-0.16366031765937805,-4.080554155716922,0.8090537379436352,25.699900233318736,0.0026404640302876547,0.33243309246821473,0.03982304444185054,0.0012204760023450945,1
12.276106119155884,0.2691642642021179,-0.03112262673676014,0.6254362463951111,-0.045427274038919316,-0.04277716958923849,-0.012257047045155933,0.01498526429972058,0.1673611310567229,0.02020854228446467,-0.140953928232193,-0.09710526466369632,-0.19085991382598877,-4.063105340568304,0.8038668183091094,25.700258323828105,0.01574500751046562,0.33279523580790843,0.047704604988718084,0.00118248000217136,1
12.28610110282898,0.2691642642021179,-0.03112262673676014,0.6254362463951111,-0.045427274038919316,-0.04277716958923849,-0.012257047045155933,0.01498526429972058,0.1673611310567229,0.02020854228446467,-0.140953928232193,-0.09710526466369632,-0.19085991382598877,-4.040621771366508,0.7967189045946717,25.69624750482759,0.024763941508766638,0.3355751519384837,0.06055130678998363,0.0010063299996545538,1
12.296127080917358,0.26965975761413574,-0.03195561096072197,0.6254088282585144,-0.04628386354603299,-0.03780490537411287,-0.012830937696521749,0.013289790187563266,0.1664021613467188,0.018330406158396872,-0.14947710931301117,-0.09934870153665545,-0.18373295664787292,-4.027102466859435,0.7797871776959839,25.698216352975837,0.03522515528173141,0.33959991356924724,0.062419656187650246,0.0011015990021405742,1
12.306111812591553,0.27012842893600464,-0.03276422992348671,0.6253580451011658,-0.048447985323428595,-0.03808065882050989,-0.0156715617122091,0.011449958420639561,0.165650962382756,0.016387454152995584,-0.14930030703544617,-0.08626279979944232,-0.19851955771446228,-4.021250571384411,0.7698597139766913,25.707784036282167,0.041870735438524896,0.3349585205978971,0.06965507428942316,0.0010040950000984594,1
12.316120147705078,0.2705516219139099,-0.033557649701833725,0.6253020167350769,-0.05256224810255355,-0.03439377254713624,-0.01461185700481279,0.008876811189651779,0.16459864366127475,0.013201872539193804,-0.1419411152601242,-0.07701922953128817,-0.2082679569721222,-4.007371992850265,0.7517300377013038,25.70711994699505,0.047288191529374864,0.3333289695501904,0.07710546489551952,0.0010150609996344429,1
12.326121807098389,0.27092671394348145,-0.03433925285935402,0.625244140625,-0.05591999015588049,-0.036105718540336326,-0.015746938604718,0.007196376394336568,0.16398635567333297,0.011130488983285503,-0.14310158789157867,-0.06852257251739505,-0.20381121337413788,-3.994632013635578,0.7446097856319018,25.7113166709794,0.05324554830997928,0.3308317713795564,0.07877496774625467,0.001000184001895832,1
12.336137056350708,0.27127379179000854,-0.035168543457984924,0.6251943111419678,-0.059848658781251216,-0.033075474216942145,-0.014645555686982512,0.0057328713217987826,0.16344475946166837,0.008935579868789123,-0.12444858998060226,-0.0542588755488396,-0.21949586272239685,-3.977688630386459,0.7337059070425391,25.709453164192723,0.049093728506700136,0.3250195557361582,0.08613183010941061,0.001187439000204904,1
12.346225261688232,0.27158546447753906,-0.035952210426330566,0.6251479387283325,-0.061511114517126854,-0.029272340296214953,-0.016434917420718696,0.004322681074057311,0.16310456764541303,0.00667656715630871,-0.1039673313498497,-0.037614401429891614,-0.22525620460510254,-3.9694741913208595,0.7189194813439146,25.715054337500735,0.04342693507100026,0.31715971313113434,0.09120953614783293,0.0017444549994252156,1
12.35612440109253,0.27209368348121643,-0.037388578057289124,0.6250330209732056,-0.06727582961566941,-0.0208914428953197,-0.016264813004459828,0.00312425437941366,0.16290903424355863,0.0045016081138338215,-0.08986321091651917,-0.02139872685074809,-0.21389330923557281,-3.9645007137876846,0.7100197430065527,25.715962373295984,0.043259608631512056,0.31704110050191486,0.09225727860101042,0.001214050000271527,1
12.366113901138306,0.27209368348121643,-0.037388578057289124,0.6250330209732056,-0.06727582961566941,-0.0208914428953197,-0.016264813004459828,0.00312425437941366,0.16290903424355863,0.0045016081138338215,-0.08986321091651917,-0.02139872685074809,-0.21389330923557281,-3.9506322972788808,0.6890381180820772,25.71643036626056,0.04019223788933756,0.3094803632278862,0.0899966284684034,0.0016603609983576462,1
12.376149892807007,0.27244457602500916,-0.038768380880355835,0.6249128580093384,-0.07284031831984437,-0.017348991695149172,-0.016857659720897977,0.0004934093874222611,0.16280957396811102,-0.0010889741037800604,-0.05712592229247093,-0.0012652461882680926,-0.22120597958564758,-3.9369112553754633,0.674345798899875,25.719496819307462,0.04198190094598187,0.3079965490036374,0.0957643513471767,0.0013179800007492304,1
12.386348485946655,0.2725382149219513,-0.03944731503725052,0.6248569488525391,-0.07862929268810705,-0.015555255093095379,-0.016257214183815323,-9.660270749778377e-05,0.1630316186647507,-0.00322333255961027,-0.024988586083054543,0.016155695542693114,-0.21151503920555115,-3.9259359807314023,0.6584297499936317,25.71985145511725,0.032178369114907304,0.2993828149797247,0.0969979725018635,0.0013419360002444591,1
12.396117210388184,0.2725382149219513,-0.03944731503725052,0.6248569488525391,-0.07862929268810705,-0.015555255093095379,-0.016257214183815323,-9.660270749778377e-05,0.1630316186647507,-0.00322333255961027,-0.024988586083054543,0.016155695542693114,-0.21151503920555115,-3.9067563765702857,0.6476409090443339,25.718806599798988,0.016832665009395995,0.2898651436406938,0.09492281575542368,0.0010337790008634329,1
12.406349420547485,0.2726089358329773,-0.040156085044145584,0.6248349547386169,-0.08087594813838961,-0.008840033759961294,-0.01366563345918349,-0.00041328437737941925,0.1632061709080479,-0.00539747730820217,-0.0056573692709207535,0.01329473685473201,-0.21474440395832062,-3.885849802555353,0.6269667495272332,25.71130278215165,0.008073286185928114,0.2909604256022533,0.0968412991017701,0.0019164129989803769,1
12.416138410568237,0.2726464867591858,-0.040816809982061386,0.6248194575309753,-0.08218777185309874,-0.006225836434986688,-0.014032579342926782,-0.0006640495215486375,0.16343192910273618,-0.00758563433964321,0.018849018961191177,0.025012424215674376,-0.21043506264686584,-3.872835317871596,0.6109096446201193,25.71154608906769,-0.00410704421314635,0.2841734133344613,0.09684456974605013,0.000989847001619637,1
12.426474571228027,0.27265551686286926,-0.04144011810421944,0.6248078942298889,-0.08436642599129268,-0.0020429451447117448,-0.013614341042144464,-0.00044538192391430087,0.1640459635487641,-0.010577116884537663,0.04765588790178299,0.03773013874888418,-0.19555464386940002,-3.8615392771041153,0.5938582582127077,25.7104224921785,-0.02037889079041518,0.2757246454368263,0.09306754714277252,0.0011224830013816245,1
12.436113357543945,0.2726283073425293,-0.04203178733587265,0.6247832775115967,-0.08757222458720684,-0.00023156624259767846,-0.01502599303795962,-0.0001863467090341686,0.16468287663914793,-0.012608278974254095,0.06225655972957611,0.050414428114891024,-0.20319904386997223,-3.8520372743483278,0.5815314689856161,25.714791292019584,-0.028827412127641016,0.2673393437137972,0.0959771262929541,0.0010585039999568835,1
12.446107149124146,0.2725447118282318,-0.04259795695543289,0.6247639656066895,-0.09089854367738569,0.003450615710882381,-0.012405101420166216,0.0004610136303120349,0.16519362849624564,-0.014561249292404543,0.08883807063102722,0.05448249727487562,-0.1892082840204239,-3.8344293704491204,0.5693996350852817,25.707854347614198,-0.04541241186884755,0.26387207466378837,0.09239404169172075,0.001011358999676304,1
12.456092596054077,0.2724284529685974,-0.04313548281788826,0.6247532963752747,-0.0939467848282325,0.003445965421195854,-0.013066248059781896,0.0011729118797676463,0.16592264645914367,-0.01633981485952818,0.1127556636929512,0.06414731591939923,-0.17826172709465027,-3.8197266060118293,0.5663970220913013,25.709124567209443,-0.06106963285350574,0.2568632542085559,0.08841309111472027,0.0010270040002069436,1
12.46608853340149,0.27226531505584717,-0.04372091963887215,0.6247625946998596,-0.09677153830535541,0.006687817900524941,-0.010992296492670233,0.0028225366342313762,0.16706135002325118,-0.019058495594488356,0.13073672354221344,0.07508422434329984,-0.1801835149526596,-3.802746544991341,0.5605847436286816,25.703170128156863,-0.07605537707985832,0.24793913679150859,0.08930890665368145,0.0010241409981972538,1
12.47610878944397,0.2718684673309326,-0.04475927725434303,0.6247733235359192,-0.09972091765798999,0.0144435672519928,-0.011106726670047945,0.003436254321399268,0.16752762341851746,-0.019866002661599325,0.13682179152965546,0.07750484347343443,-0.16649964451789856,-3.7926868562350102,0.5570674880167481,25.70251097240691,-0.07630209502916582,0.247816621987101,0.08950366648973905,0.0012440840000635944,1
12.486102819442749,0.2716295123100281,-0.045213162899017334,0.6247826218605042,-0.0992885455981255,0.01775392554593119,-0.012629527545684234,0.004732804831944826,0.1683793688615074,-0.02150171557977476,0.15117207169532776,0.08574803173542021,-0.15679481625556946,-3.7791158799341886,0.5426403465978005,25.703200322406236,-0.0813907648391039,0.24547523356647588,0.08503550975026972,0.0012788659987563733,1
12.49610948562622,0.2716295123100281,-0.045213162899017334,0.6247826218605042,-0.0992885455981255,0.01775392554593119,-0.012629527545684234,0.004732804831944826,0.1683793688615074,-0.02150171557977476,0.15117207169532776,0.08574803173542021,-0.15679481625556946,-3.7762886346755544,0.5297739037274126,25.70768647114734,-0.09345764134956047,0.2385473317327348,0.08120493648097613,0.001008843999443343,1
12.506107330322266,0.27136334776878357,-0.04568520560860634,0.6247843503952026,-0.10296820854706028,0.015961088569722337,-0.01385435047970095,0.006640158324761725,0.16987592764921944,-0.023852161311565645,0.15493540465831757,0.0957994759082794,-0.15731385350227356,-3.770856463142507,0.5298909740609672,25.712081672733422,-0.10225323597240372,0.2291828875389471,0.0814841370108257,0.0009930590022122487,1
12.516128301620483,0.27106818556785583,-0.04615543782711029,0.6247937679290771,-0.1039648801095524,0.018112201431470677,-0.012024784156345142,0.008228306992890566,0.17092191177919824,-0.025317379618047475,0.17806269228458405,0.10006716102361678,-0.14484356343746185,-3.7627465322535047,0.5299818766615025,25.70711100363579,-0.1202519840269388,0.22389560404574024,0.0773909881210728,0.0010233729990432039,1
12.526124715805054,0.27068886160850525,-0.04664449021220207,0.624796450138092,-0.10850106180167184,0.01996592458488198,-0.01335824586632824,0.010724613477332667,0.17260145095167312,-0.02737209900681581,0.1782105565071106,0.10921798646450041,-0.1391972005367279,-3.751996314216496,0.530198891461524,25.710661983955493,-0.1290470650886567,0.2146198676916786,0.0751862577422612,0.0010006030024669599,1
12.536148309707642,0.2702890634536743,-0.047107405960559845,0.624810516834259,-0.10752803087851685,0.023828582791098306,-0.011364718251555684,0.011629788142615283,0.17314513047383162,-0.028067902850999804,0.18666371703147888,0.11728812009096144,-0.140229806303978,-3.744039357873332,0.5242852026907197,25.70511076402722,-0.13635789618279331,0.20856311280109396,0.07521509094159963,0.0011793359990406316,1
12.546418905258179,0.2698899805545807,-0.04753408208489418,0.6248149275779724,-0.10646646470188063,0.024758009454237038,-0.014585330811096586,0.014214425553654042,0.17504928429562883,-0.029922853191134635,0.1897464096546173,0.127315416932106,-0.12109227478504182,-3.7510436666758227,0.5236702198845683,25.713417756871287,-0.14740168640782284,0.19743978132142792,0.0689417329899049,0.0018674530001590028,1
12.556124687194824,0.26946383714675903,-0.04796590656042099,0.6248002648353577,-0.10966950654958917,0.02413550765087801,-0.014036968308730849,0.015986442840338455,0.17629233893012586,-0.03111291519589887,0.1890965849161148,0.11641100794076918,-0.11989597231149675,-3.746196171826766,0.528752956759975,25.71311101191449,-0.15334779613981372,0.1994592989029806,0.06751452504615905,0.0010178550001000986,1
12.566125631332397,0.2690025269985199,-0.04838818684220314,0.6247895359992981,-0.11077565699767203,0.025590529673063075,-0.013768436345054673,0.015986442840338455,0.17629233893012586,-0.03111291519589887,0.1890965849161148,0.11641100794076918,-0.11989597231149675,-3.7384251618514477,0.5307382015012974,25.712579857291935,-0.15330979629299654,0.1996261507018211,0.06722015558016095,0.0008161420009855647,1
12.57612156867981,0.2685019373893738,-0.04880039021372795,0.6247784495353699,-0.11408514518968839,0.024549427233207875,-0.012393512716886622,0.01938201299515585,0.17873479249269275,-0.033141762097060656,0.16307790577411652,0.12041874974966048,-0.0958884581923485,-3.7262918715967293,0.5376258278036029,25.708390756117417,-0.147551671068963,0.1927632257964093,0.05842175854286353,0.0009883100028673653,1
12.586280584335327,0.2679751515388489,-0.04920501261949539,0.6247972249984741,-0.11455031484263685,0.029034709562177526,-0.011472051009950442,0.021532396686915423,0.18046923916941937,-0.03448026210082311,0.15470638871192932,0.10819088667631148,-0.09327065944671632,-3.715614241717254,0.5344662501507009,25.705020360510805,-0.154372372282806,0.19055461457525988,0.057082333300082395,0.0010117080018972047,1
12.59612512588501,0.26688969135284424,-0.049996353685855865,0.6247987151145935,-0.11388880011027556,0.026845353075125804,-0.014360680377885704,0.02264387787547273,0.18159185568179526,-0.03530623807287281,0.12235052138566971,0.10117630660533904,-0.08777519315481187,-3.7149171608944056,0.5399708626238144,25.713102965430107,-0.14009418293542436,0.19190588597964692,0.055097036098201414,0.0009758080013853032,1
12.606133222579956,0.26688969135284424,-0.049996353685855865,0.6247987151145935,-0.11388880011027556,0.026845353075125804,-0.014360680377885704,0.02264387787547273,0.18159185568179526,-0.03530623807287281,0.12235052138566971,0.10117630660533904,-0.08777519315481187,-3.7141429286500047,0.544990137587453,25.714281279525125,-0.14133662359311647,0.19045237955071462,0.05507979447424555,0.0010773629983305,1
12.616114854812622,0.26630067825317383,-0.05039750412106514,0.6247925758361816,-0.11479403825658739,0.02866598955668189,-0.011234580008622753,0.023788886708045354,0.18257223280683332,-0.035975562326627575,0.1031910851597786,0.08654827624559401,-0.07182344794273378,-3.703315486332456,0.5449238857572407,25.705188721497063,-0.1354851821745223,0.1951602243880067,0.04983381913936827,0.0010145719970751088,1
12.626286745071411,0.2650485932826996,-0.051168229430913925,0.6248303651809692,-0.11578388492298379,0.029927437026134956,-0.011568691625870934,0.025235397462680886,0.18445022169313363,-0.03749140378447802,0.04791797697544098,0.06533069908618927,-0.05508653819561005,-3.694439355970189,0.545995450791419,25.706561281965975,-0.12722172844697388,0.1953117714044014,0.048937204106552376,0.0014330149970191997,1
12.636111974716187,0.2650485932826996,-0.051168229430913925,0.6248303651809692,-0.11578388492298379,0.029927437026134956,-0.011568691625870934,0.025235397462680886,0.18445022169313363,-0.03749140378447802,0.04791797697544098,0.06533069908618927,-0.05508653819561005,-3.687050125888346,0.5437319159416246,25.70532653813993,-0.11141131409796112,0.20045145885974483,0.0439294656168899,0.0008609119977336377,1
12.646106481552124,0.2643863558769226,-0.051558900624513626,0.6248452067375183,-0.11564253253344008,0.028657081337855096,-0.011899789104782418,0.025289605026417306,0.18500848258445002,-0.03796654157492352,0.012448939494788647,0.05221003293991088,-0.05028191208839417,-3.681435657260358,0.5448663602006888,25.70621002083673,-0.09289653919729413,0.2056935701267961,0.04191064446712731,0.0009683340031187981,1
12.656104803085327,0.2637016475200653,-0.05196361243724823,0.6248530149459839,-0.11807403705808475,0.02724536374939555,-0.014060936266118223,0.02518094350829303,0.1855172425672711,-0.038360793632289614,-0.00976303219795227,0.04189468547701835,-0.04507111012935639,-3.6745460780726233,0.5501737024830913,25.713241167815987,-0.0808595029701744,0.20981117621421477,0.04018942311027942,0.0009900559998641256,1
12.666105508804321,0.26298758387565613,-0.052359431982040405,0.6248680949211121,-0.11795998358574332,0.028823100225007215,-0.010154115042917982,0.0249041266858252,0.18576548864855758,-0.038669213273696545,-0.03285348787903786,0.03051899932324886,-0.03305729478597642,-3.6593515526019766,0.5484874688123719,25.70281559355553,-0.06781092822710624,0.2152551128143602,0.03615544442580812,0.000991871998849092,1
12.676237106323242,0.26227399706840515,-0.05274002626538277,0.6248869299888611,-0.11423724884654878,0.030538656152742448,-0.014429280847117608,0.024236942612664514,0.18601867395300786,-0.03889999246202258,-0.06744735687971115,0.013291067443788048,-0.025168167427182198,-3.664794911831739,0.5425639967251051,25.713881698273862,-0.0471767481935359,0.22334751963025373,0.033290960485511764,0.0010274240012222435,1
12.686108350753784,0.26064375042915344,-0.05356552079319954,0.6248677968978882,-0.11960490041762736,0.027863545622224747,-0.01234601028804305,0.022929709157314626,0.18608810243158924,-0.03911487598027508,-0.10060014575719833,0.0012102150358259658,-0.016569271683692932,-3.6679295827359812,0.5390134438554632,25.715432381260502,-0.046893253858821475,0.22345939048320576,0.03268450416339076,0.0010208579988102429,1
12.696105718612671,0.26064375042915344,-0.05356552079319954,0.6248677968978882,-0.11960490041762736,0.027863545622224747,-0.01234601028804305,0.022929709157314626,0.18608810243158924,-0.03911487598027508,-0.10060014575719833,0.0012102150358259658,-0.016569271683692932,-3.646183817805987,0.54399831288293,25.710540854281305,-0.025557943799247224,0.23037709360521827,0.030385770115080916,0.0010874899999180343,1
12.706105947494507,0.25979718565940857,-0.05396334081888199,0.6248506903648376,-0.11987421655682008,0.02856630886674632,-0.015485851378561297,0.022395566601076222,0.18604392661476243,-0.039108276558494026,-0.11560465395450592,-0.005380798131227494,-0.005186385475099086,-3.6356329737042277,0.5468380725104942,25.719749999370652,-0.01585608463302305,0.23417737707070085,0.02621415643674037,0.0009978790003515314,1
12.716106653213501,0.2589329779148102,-0.05436205863952637,0.6248149871826172,-0.11990959190752458,0.027409241273701607,-0.015443763400498627,0.02047468115488149,0.18579787823290594,-0.038939837127633936,-0.14277710020542145,-0.024728188291192055,0.008760511875152591,-3.62416776998738,0.5493104227523089,25.72146925520734,0.004573439930547485,0.24547541725089378,0.021135494374906763,0.0010501930009922944,1
12.726114511489868,0.25805532932281494,-0.05474385246634483,0.6247680187225342,-0.12125085291472319,0.029035855623632426,-0.017088997486861403,0.01897429542828899,0.18545601962752922,-0.038744261080907894,-0.1737390160560608,-0.04422009736299515,0.017069727182388313,-3.6121744030361236,0.5453273767553398,25.727420320737323,0.026183604976196068,0.2573640139141543,0.01779380868582828,0.0010111490009876434,1
12.73619294166565,0.25714847445487976,-0.05511920526623726,0.624719500541687,-0.1232287436822398,0.027439702677759536,-0.018928971272021575,0.017201577078103103,0.18496492264017217,-0.03842508832347491,-0.1838100254535675,-0.040304563939571374,0.030749628320336345,-3.6004884827755523,0.5469043035789064,25.73461895724206,0.03718082911736139,0.25731512680256813,0.012654145488899458,0.0012290659979043994,1
12.746395349502563,0.2562132179737091,-0.05548873916268349,0.6246721744537354,-0.12428044529208605,0.031075261379296774,-0.016412622092956995,0.015449246697654129,0.1844600158503118,-0.03794962061153173,-0.20019879937171936,-0.05237644910812377,0.04194340482354165,-3.5801843647273492,0.5375726361918375,25.728976880674306,0.05189705717710391,0.2656537405911185,0.0079933376928416,0.0014506859988614451,1
12.756105899810791,0.255267858505249,-0.05580627918243408,0.6246277689933777,-0.12163469939046904,0.033091034959381684,-0.017206380947526266,0.012573337231198245,0.18349103049456428,-0.037085334216123034,-0.20759694278240204,-0.0677294135093689,0.05610818415880204,-3.569732379982241,0.5250602329063567,25.731042516894416,0.06547261605252958,0.2769885496687607,0.0023083543769732975,0.0008685249995323829,1
12.766111850738525,0.2542864680290222,-0.05613722652196884,0.6245602965354919,-0.12368240954901918,0.032349426938414284,-0.01961774438652159,0.010559793305069842,0.18280804929040517,-0.03632474897805471,-0.21682915091514587,-0.06982703506946562,0.0767367333173752,-3.5586943760770877,0.5192929330602062,25.739498504178215,0.07658629693751434,0.28077726135594716,-0.0059864732370166285,0.001013944001897471,1
12.776125192642212,0.25325602293014526,-0.0564553327858448,0.6244970560073853,-0.1270004212067725,0.035452291766081785,-0.014226636688792135,0.008592679919893875,0.18193242646200103,-0.03540966908485643,-0.21913591027259827,-0.08250331878662108,0.08677552640438081,-3.5264408231406232,0.5078662347964561,25.725840386286812,0.08456031982269288,0.2909546790583422,-0.011306468320641843,0.0010469109984114766,1
12.786117315292358,0.25219660997390747,-0.05675141140818596,0.6244650483131409,-0.1273774057594751,0.03494079785196057,-0.014059848997851088,0.006620969800144927,0.18094224027839,-0.03445171421846016,-0.21258790791034698,-0.09315761178731917,0.09426319599151613,-3.4998560555550102,0.5028206316107166,25.724347158024223,0.08758079633040955,0.300110803721184,-0.01524590655101589,0.0010707270012062509,1
12.796103239059448,0.2510824501514435,-0.057042110711336136,0.6244277358055115,-0.12788718934430282,0.03824830447191796,-0.013789978689465356,0.004890889791060893,0.18003842404913328,-0.03322138199520275,-0.20594581961631775,-0.09350337088108061,0.12069877982139589,-3.484109811906101,0.4997806764341867,25.724445360604385,0.08761912889376804,0.30018262565551435,-0.016054324115906533,0.0012547699989227112,1
12.806106805801392,0.2488320767879486,-0.05751250684261322,0.6243505477905273,-0.12976613630369263,0.04102997166170174,-0.015081377241512598,0.0022288106121264306,0.1786152224622204,-0.03127117069006102,-0.19817176461219788,-0.09427074342966078,0.12479425221681596,-3.466970774297467,0.49128207955368175,25.724469199478996,0.08939740208578928,0.30349150863570745,-0.025921736844679712,0.0012727200009976514,1
12.81611156463623,0.24764388799667358,-0.057732585817575455,0.6243322491645813,-0.1317711470783985,0.04211366215724061,-0.009451713851855392,0.0007903959277597572,0.17765467474656482,-0.02976447585892794,-0.1752898246049881,-0.08969633281230925,0.14164425432682037,-3.4433403014758,0.48104539264594753,25.729807570401373,0.09451621538328835,0.30889641254053163,-0.03003353213094093,0.00121900900194305,1
12.826135635375977,0.24639149010181427,-0.05795407295227051,0.6243193745613098,-0.13391229507061336,0.042603731252313495,-0.0118197801896388,-0.0005776819329947891,0.17665154670072436,-0.028081773413202615,-0.16248317062854767,-0.09198980033397673,0.16504031419754028,-3.4067640879210934,0.47516921175795795,25.714800888280088,0.08685790779102587,0.3099705000459791,-0.0376807404119953,0.0011499320025905035,1
12.83618712425232,0.24639149010181427,-0.05795407295227051,0.6243193745613098,-0.13391229507061336,0.042603731252313495,-0.0118197801896388,-0.0005776819329947891,0.17665154670072436,-0.028081773413202615,-0.16248317062854767,-0.09198980033397673,0.16504031419754028,-3.377464499236834,0.47299668116639154,25.720987920598567,0.08396476501395536,0.31450466081241896,-0.04835121712061117,0.0011580339996726252,1
12.846191167831421,0.24512052536010742,-0.05813786759972572,0.6243079304695129,-0.1338154226369845,0.047744061830967695,-0.008857775255531775,-0.001650118030894543,0.17578968258534156,-0.026246547765872208,-0.14726051688194275,-0.08852026611566541,0.1754276156425476,-3.347437433522543,0.4617233416281462,25.713840031963265,0.079692458624148,0.31546590495307536,-0.05524333519741686,0.000981536002655048,1
12.856111526489258,0.2438398152589798,-0.058270879089832306,0.624295711517334,-0.13412189479528835,0.04972762998588804,-0.012237652297634584,-0.0025816292759102133,0.1749755827949686,-0.024412710804735838,-0.12380637228488922,-0.07124797254800794,0.18502666056156158,-3.3300445211607235,0.45318043771927474,25.72375225667019,0.07032747754938297,0.3087992783369859,-0.06122144718564928,0.001075826003216207,1
12.866117477416992,0.24254025518894196,-0.058373093605041504,0.6242685914039612,-0.13502360869968982,0.05261504299052846,-0.010334819641708067,-0.0035474465352405282,0.17402828565983608,-0.02129909662167817,-0.09171050041913986,-0.061098001897335025,0.2027861773967743,-3.3068990899130033,0.4460311327538794,25.72028073986978,0.056239697572421185,0.30621424206149467,-0.07077280736751153,0.001012196997180581,1
12.876118659973145,0.2412225902080536,-0.05844193696975708,0.6242442727088928,-0.13656544675195373,0.05332821638992764,-0.013016174605545185,-0.0038540316681277,0.1737152017846424,-0.020252006065406114,-0.07483638823032379,-0.05276922509074208,0.2023189812898636,-3.2893059337328503,0.44218784907705966,25.72863293009327,0.04831572742205306,0.30269260141097276,-0.07336003917604522,0.0010555709995969664,1
12.88611650466919,0.2398378700017929,-0.05851732939481735,0.6241915225982666,-0.13661365209040788,0.05419602996161718,-0.012788188020682892,-0.004093666438989008,0.1731676230692516,-0.017024367586855327,-0.05545307695865631,-0.03364606946706769,0.20954415202140808,-3.2725955960253237,0.4425427593285252,25.729769954139954,0.038635981222483386,0.2940047839791673,-0.07859233972995683,0.0010842080009751953,1
12.896113634109497,0.2384275496006012,-0.05855328589677811,0.6241401433944702,-0.13970516622438908,0.057539451854273,-0.013566740946377573,-0.003967613290342342,0.1729539634346895,-0.014637006240519224,-0.02228649891912937,-0.013944352976977797,0.23199164867401123,-3.2626313919263024,0.4427133600049774,25.730136391745138,0.0385625601385959,0.2938005981958614,-0.07967735100406617,0.001269645999855129,1
12.906205892562866,0.2369878739118576,-0.05856058746576309,0.6240859627723694,-0.1408274471716476,0.05963998288927319,-0.012115808058816803,-0.0034827896150115834,0.17279505328655187,-0.012310510893674742,-0.0004944079555571079,-0.010013156570494147,0.22284013032913208,-3.2338785103924237,0.43970658635122833,25.72944434879638,0.007479803929212037,0.28290096666138204,-0.08830008587628353,0.0010435580006742384,1
12.916115999221802,0.23396264016628265,-0.05843663215637207,0.6239866018295288,-0.1398104727178942,0.06648253651815163,-0.012804516175983686,-0.0029339173958837783,0.1727706369689801,-0.009981140110571829,0.019021669402718544,0.012300601229071645,0.23014385998249054,-3.2167689110267816,0.4377900589650648,25.72969089900596,0.007134936655115072,0.2825570618997082,-0.09007486049306807,0.0012803329991584178,1
12.926109790802002,0.23396264016628265,-0.05843663215637207,0.6239866018295288,-0.1398104727178942,0.06648253651815163,-0.012804516175983686,-0.0029339173958837783,0.1727706369689801,-0.009981140110571829,0.019021669402718544,0.012300601229071645,0.23014385998249054,-3.1993975154928247,0.4236171793270738,25.732463645683335,-0.004659474246775181,0.2708193435370754,-0.09479815924744985,0.0010040960005426314,1
12.93619418144226,0.23089247941970825,-0.05819473788142204,0.6238692998886108,-0.14215536413174473,0.06934271759076033,-0.012675985671999634,-0.0006255262241796622,0.1735115103502758,-0.003907718168849605,0.06763451546430588,0.040734697133302716,0.22939452528953552,-3.1846510931554546,0.4135096011899908,25.731656635214758,-0.02310013008675094,0.2591275243071659,-0.10094505645855306,0.0012230600004841108,1
12.946366310119629,0.22926753759384155,-0.05804705247282982,0.6238311529159546,-0.14239901291417192,0.07150163504932612,-0.008275813335490606,0.0006168814785043608,0.17396509447446196,-0.0015410879620350038,0.08697276562452316,0.05779641494154933,0.23581267893314362,-3.1645274676171917,0.41328073181235325,25.73352262080456,-0.038329730979655766,0.25362758749949077,-0.10170908861010541,0.0037066170007165056,1
12.956143856048584,0.22926753759384155,-0.05804705247282982,0.6238311529159546,-0.14239901291417192,0.07150163504932612,-0.008275813335490606,0.0006168814785043608,0.17396509447446196,-0.0015410879620350038,0.08697276562452316,0.05779641494154933,0.23581267893314362,-3.1385205355427632,0.412451354638445,25.721117201680865,-0.053052620658787616,0.24336538704099195,-0.10612901239235424,0.00088892100029625,1
12.96611738204956,0.2276369333267212,-0.05786903575062752,0.6237984299659729,-0.14338347312340874,0.07247628269129672,-0.00962287245223078,0.0027263729958741934,0.17493311899023434,0.0021373801057569253,0.09232602268457413,0.07467147707939151,0.23416614532470703,-3.1193300414013683,0.4152297854936751,25.7239885924311,-0.06311514455860143,0.23150536385239348,-0.1093250593001053,0.0010432079980091657,1
12.976120233535767,0.22599287331104279,-0.057669397443532944,0.6237730979919434,-0.14222510158504262,0.07598967849783489,-0.0069337098888186946,0.00435554093683832,0.1756614304511359,0.0043528140726434295,0.11468911916017532,0.08220741897821429,0.21428804099559784,-3.100313004636875,0.41260829808078314,25.716639774078875,-0.07963928129696747,0.22504541585212612,-0.10502584502284688,0.0010799470001074951,1
12.986116647720337,0.2242896556854248,-0.057408805936574936,0.6237578988075256,-0.1421709656615889,0.07981185612400021,-0.008160567079530463,0.00592640441667136,0.17657026758010375,0.006634414725887883,0.1252727508544922,0.09314274042844775,0.21963290870189667,-3.086930077055489,0.40526867922824883,25.719722468658542,-0.09067021503628896,0.21628015267632375,-0.10792861941745925,0.0011143110023112968,1
12.996118307113647,0.22086001932621002,-0.056825973093509674,0.6237382888793945,-0.14164820306294798,0.07981441901794167,-0.005637604678281421,0.0075222466842341795,0.17750444231852658,0.008744712367246166,0.12616217136383057,0.10349450260400775,0.20208057761192322,-3.078940903227812,0.40081845696483015,25.72034746626967,-0.09078957192027835,0.21607634755273153,-0.10852886359269673,0.0013027530003455468,1
13.006110429763794,0.21913549304008484,-0.05653369054198265,0.6237358450889587,-0.14325989779762968,0.0779825075793928,-0.005063734698491376,0.009153615059250608,0.17850586688078307,0.010713555393223828,0.13820700347423553,0.1123454421758652,0.18543720245361328,-3.050080891143301,0.40666302418980876,25.71225316691699,-0.105640963962063,0.20128323620440183,-0.0993166376893658,0.001101949001167668,1
13.01613712310791,0.21737787127494812,-0.05623263865709305,0.6237561702728271,-0.1415088622892826,0.08000262067788412,-0.0018726982214324003,0.010920548655028561,0.17967495189374993,0.012627206854511908,0.14546845853328705,0.1218848526477814,0.18364316225051877,-3.0317823198090683,0.4092695100612744,25.711492630521665,-0.107929019361033,0.1998183253446383,-0.0981953203089975,0.0012415689998306334,1
13.026139497756958,0.21561603248119354,-0.055882424116134644,0.6237757802009583,-0.13973216711174485,0.08326610916295436,-0.0049550911008790464,0.012841846052603412,0.18075317287741388,0.014447590906798702,0.1453990340232849,0.12443803995847703,0.1651191562414169,-3.0141105565904462,0.4083448811881533,25.70207031008252,-0.11762155231648352,0.19079884391516372,-0.099040315283525,0.001054103999194922,1
13.036182165145874,0.21561603248119354,-0.055882424116134644,0.6237757802009583,-0.13973216711174485,0.08326610916295436,-0.0049550911008790464,0.012841846052603412,0.18075317287741388,0.014447590906798702,0.1453990340232849,0.12443803995847703,0.1651191562414169,-3.0091067819292507,0.40204619695138005,25.71018084995066,-0.12331251177284876,0.18547699507597334,-0.09427493355871207,0.0011589419991651084,1
13.04620099067688,0.21385864913463593,-0.05551563575863838,0.6237898468971252,-0.137839227853858,0.0841363517029788,-0.0031234745201710844,0.015429793484899257,0.18266832757729867,0.01674822117476138,0.14188991487026215,0.13715656101703647,0.1376005262136459,-3.003831407269467,0.39856366931074233,25.705921050968954,-0.12942620561540438,0.17208871257171748,-0.08561838410941508,0.001127232000726508,1
13.056124687194824,0.2120826095342636,-0.05513819679617882,0.6238080263137817,-0.1382379829012544,0.08199202969374492,-0.0035504491148941955,0.017083020213497058,0.18400471634773163,0.018167334987426287,0.14441713690757751,0.14381262660026553,0.13598829507827756,-2.9959904337172225,0.4032995684471762,25.706981121690003,-0.13666368789389552,0.16397062813954966,-0.08457281909329131,0.0010245600024063606,1
13.06610918045044,0.21030089259147644,-0.054778069257736206,0.6238147616386414,-0.13849467037511426,0.07878718512338302,-0.004432593066360528,0.018630415262670397,0.18534168789787975,0.019384567778810702,0.14609427750110626,0.14048191905021667,0.10695914179086684,-2.987083023942097,0.4149621936720219,25.710165609789062,-0.14219049345390133,0.1611375479532777,-0.07529870855740685,0.0009851670001808088,1
13.076107740402222,0.20850816369056702,-0.054410628974437714,0.6238246560096741,-0.1372053324793061,0.08210937663894279,-0.0017165388615548126,0.02096990303093582,0.18733676047827386,0.020822916981314332,0.12743815779685974,0.1456812024116516,0.08731209486722945,-2.975715017440599,0.41370478523342913,25.702749073910667,-0.13938613324638502,0.15156726225023226,-0.06766398589921037,0.0010583650000626221,1
13.086109399795532,0.2067060023546219,-0.0539964884519577,0.6238328814506531,-0.13418519497258466,0.08349792650864604,-0.005680957454590441,0.022193978220342192,0.1887621692168273,0.02164067028915584,0.11142759770154953,0.14589282870292664,0.07497600466012953,-2.979929338011267,0.40911875887574833,25.713533962694,-0.13449900357448646,0.1461526581777507,-0.06231747647726467,0.0010175759998674039,1
13.096109628677368,0.20492668449878693,-0.05358853563666344,0.623806357383728,-0.13216032086906193,0.08120362464822764,-0.008212116026524828,0.023346977472255226,0.19020007120659477,0.022259325090093984,0.10206827521324158,0.14765965938568115,0.05520394816994665,-2.987941800797792,0.4114672867195076,25.72260702661074,-0.13294556843406832,0.14006569913254077,-0.05479094936980419,0.0010324529976060148,1
13.106111764907837,0.20130611956119537,-0.05274847894906998,0.6237818002700806,-0.13035269082157053,0.08034718786089283,-0.003110921883948998,0.024269472422349114,0.1913980250960039,0.02266527038584698,0.07664842158555984,0.1339935064315796,0.030896762385964376,-2.992574567334772,0.41287198706189165,25.72382279040912,-0.1329496282105058,0.1399944720732147,-0.05321812900021261,0.0012565159995574504,1
13.116114139556885,0.19947750866413116,-0.052319515496492386,0.6237809062004089,-0.12990595401368416,0.08111677326179716,-0.0028922748597546605,0.024923795512330038,0.1925907160082052,0.022933129855513545,0.050130534917116165,0.12720024585723877,0.016508165746927247,-2.9750426513980486,0.40872155723160447,25.70920834124657,-0.12173071983414549,0.1433836398436165,-0.04447921771845227,0.0012502289973781444,1
13.126108169555664,0.1976713389158249,-0.051873739808797836,0.6237730979919434,-0.1258043348779763,0.08061823239910319,-0.00464213461654068,0.025314155694200036,0.1937388577577086,0.02300398146303051,0.030084066092967987,0.12011527270078659,-0.005362360738217845,-2.9595721575657707,0.40059624455826476,25.70696468592347,-0.10917987148208677,0.14303306925288267,-0.037568702847734094,0.001051310002367245,1
13.136214017868042,0.19588933885097504,-0.05144016072154045,0.6237481832504272,-0.1253822445927298,0.0786383075996351,-0.005654590149695849,0.02547353981923184,0.19477788015153275,0.022880573812468885,0.016534555703401566,0.11019844561815262,-0.019792389124631896,-2.9582598862650746,0.3936625533285418,25.71177423527599,-0.09899141916221332,0.1425014673139901,-0.028300185745954935,0.0014882619980198797,1
13.146376848220825,0.19410331547260284,-0.050996605306863785,0.6237401962280273,-0.12401749175584291,0.08032364343537404,-0.0005062221057038594,0.02539396466449162,0.196195353604387,0.022403163569982176,-0.004712133202701807,0.09826862812042236,-0.03773266449570657,-2.942041364457042,0.38126443001101834,25.700554393399667,-0.07957696578964735,0.1477761986515615,-0.01435946967793805,0.0025536819994158577,1
13.156105279922485,0.19410331547260284,-0.050996605306863785,0.6237401962280273,-0.12401749175584291,0.08032364343537404,-0.0005062221057038594,0.02539396466449162,0.196195353604387,0.022403163569982176,-0.004712133202701807,0.09826862812042236,-0.03773266449570657,-2.931292742168566,0.3728771679334859,25.699212218130572,-0.07929674878804131,0.146021689273787,-0.0112617435418413,0.0008176090013876092,1
13.166104555130005,0.19233614206314087,-0.05053802952170372,0.6237569451332092,-0.11865948884113972,0.0810587778153826,-0.0010096185694402197,0.024972681178567324,0.19682972637591023,0.021816066978045168,-0.0346062108874321,0.08420397341251372,-0.061740674078464515,-2.931902068536622,0.35982971534990205,25.700180539008805,-0.06105957806725068,0.15088088879720052,-0.0012922795786848348,0.0009633749978092965,1
13.176119804382324,0.19060641527175903,-0.050080299377441406,0.6237459182739258,-0.1184094398966088,0.07739599775279658,-0.003833125462447826,0.024332788809215966,0.19754975783349282,0.021059782820770145,-0.0457274354994297,0.07025741040706633,-0.07835450023412706,-2.9321395659430056,0.3564606714616877,25.709007676208277,-0.052502421164201174,0.15593117223236974,0.007384191422326842,0.0010037449974333867,1
13.186111688613892,0.18887832760810852,-0.04964248836040497,0.6237451434135437,-0.11663372055106078,0.07745780019846127,-0.0003670926765504832,0.02333858364465602,0.1981794586211536,0.01967455816575825,-0.05756158381700516,0.04552672058343886,-0.09513544291257858,-2.919971256382647,0.3470935557989715,25.700107121751824,-0.04208080824828673,0.1671570540352437,0.016344032894548974,0.001005142999929376,1
13.196109533309937,0.18716943264007568,-0.04918643459677696,0.6237560510635376,-0.11268561329019687,0.07962799061495895,-0.000993238709349995,0.0229007503526093,0.1983141341880854,0.019148151446249706,-0.07290571182966232,0.0340759940445423,-0.1102645993232727,-2.9154096569174026,0.3312135381622168,25.700679956428292,-0.031579789561125914,0.17265635919277575,0.024184655414520702,0.0010178539996559266,1
13.206119060516357,0.18549664318561554,-0.04872133582830429,0.6237565279006958,-0.1096608936820807,0.07719726861409888,-0.0023205893775225246,0.021084341350068758,0.19857649568545144,0.017206016693156467,-0.09253638237714767,0.015254458412528022,-0.13149969279766083,-2.9142522923230345,0.3193392427373394,25.70469993446487,-0.014350194209963169,0.18171357496296262,0.03518582990845166,0.0010073079974972643,1
13.216117143630981,0.18379820883274078,-0.048275381326675415,0.6237463355064392,-0.10742571937482523,0.07662674022109701,-6.710326687772288e-05,0.0198904358590406,0.19843456261629777,0.015785047128299645,-0.09511776268482208,-0.01034602057188751,-0.13947218656539917,-2.903854369348956,0.3074028555996205,25.698673423013833,-0.008492181202275784,0.19599275289130424,0.04144902743982239,0.00100563200248871,1
13.22615361213684,0.1821155697107315,-0.047812849283218384,0.6237531304359436,-0.10608337813101797,0.07778225086791558,0.0003991208805610969,0.018547129219551817,0.19809675960950424,0.014262584830890823,-0.10695444792509079,-0.028267474845051786,-0.15662960708141327,-2.89242642874004,0.29122037846143783,25.69667789740003,0.0013986736947386412,0.2064317743298857,0.04960205597154925,0.0010565490010776557,1
13.236204624176025,0.1804676204919815,-0.04734596237540245,0.6237351298332214,-0.10158514973870687,0.07652229065040952,-0.003659480425749479,0.017209394290593316,0.19783238718727425,0.01256441703491884,-0.10977189987897873,-0.035659220069646856,-0.16812816262245178,-2.895076781766914,0.2782028134941094,25.708502261427544,0.00955500116161166,0.2114668316771061,0.05737207943940496,0.001217331999214366,1
13.246192932128906,0.17726536095142365,-0.0463571660220623,0.6236774921417236,-0.09641825407547215,0.07636753469254534,-0.004414711053922274,0.015785769558463336,0.19735714215998357,0.010797257801316018,-0.10142621397972107,-0.043161287903785726,-0.1735130399465561,-2.89651504975153,0.27037461457858536,25.710198801695665,0.009605298247437614,0.21152462997948168,0.05897887361486264,0.0014050069985387381,1
13.256112337112427,0.17726536095142365,-0.0463571660220623,0.6236774921417236,-0.09641825407547215,0.07636753469254534,-0.004414711053922274,0.015785769558463336,0.19735714215998357,0.010797257801316018,-0.10142621397972107,-0.043161287903785726,-0.1735130399465561,-2.895522390784004,0.25756820080845777,25.712802866811224,0.010227067881865145,0.21691691046615652,0.06252571587248511,0.0010457219977979548,1
13.26610517501831,0.1757088601589203,-0.045872993767261505,0.6236256957054138,-0.09524879601276157,0.07508244360761317,-0.004870856707259819,0.013644991369181625,0.19640749164445737,0.007948104612014006,-0.09709104895591736,-0.06033632531762125,-0.1893162578344345,-2.8887971399841588,0.24504616906793825,25.714858798673866,0.015599145857510877,0.22942251543883282,0.07103123185794036,0.0010070289972645696,1
13.276119947433472,0.1741398274898529,-0.04538809508085251,0.6235846877098083,-0.09041816737788176,0.07950796185180255,-0.002364974288457919,0.012391202307358906,0.1955703944711651,0.005882199594137383,-0.09167642146348953,-0.07320950180292132,-0.20079293847084045,-2.881499676649758,0.22026043643873522,25.707532938013845,0.017833193479277604,0.2390590637457385,0.07835321059348199,0.0010435580006742384,1
13.286115169525146,0.172626793384552,-0.04487524554133415,0.6235297322273254,-0.08555460719522483,0.0790238752852779,-0.005456353762526476,0.01105245738401539,0.19474667027834336,0.003814988530598029,-0.082154780626297,-0.07498387992382052,-0.2021227329969406,-2.8874239330747895,0.2011643856830862,25.715495729348454,0.01728687922461642,0.2425210247604511,0.08180484248489657,0.0010607399999571498,1
13.296118259429932,0.1711163967847824,-0.04437677189707756,0.623450756072998,-0.0849690660279677,0.0790800005126162,-0.004353168118881949,0.00994659341515991,0.19395860420322553,0.0016536678007783578,-0.06953759491443634,-0.08114334940910342,-0.21386316418647766,-2.8812198610592517,0.1840288754252935,25.713699747955143,0.014720278279366221,0.24864721398856643,0.08807668121279091,0.0010265160017297603,1
13.306122064590454,0.1696203500032425,-0.04386669024825096,0.6233919858932495,-0.08151338992601438,0.07838456332909159,-0.0025801351178841316,0.00844617745014764,0.1926024277153311,-0.001637472293026132,-0.048999935388565063,-0.08356531709432605,-0.21399539709091187,-2.8729078889843076,0.16921393681979427,25.708202099790604,0.00874677807805025,0.2545024148087686,0.09152787835941005,0.0010108700007549487,1
13.31611680984497,0.1679314523935318,-0.0432843379676342,0.6233278512954712,-0.08080595721387532,0.07767533513269623,-0.0024904743722195502,0.007772060342316589,0.19175584412760882,-0.0038342423490407285,-0.036718931049108505,-0.08014687895774844,-0.21410229802131653,-2.8607937397545853,0.15702815846757956,25.70767283132678,0.0043583546251401714,0.2557043612735542,0.09363044632463267,0.0010331509984098375,1
13.32612156867981,0.16626757383346558,-0.042669493705034256,0.6232796311378479,-0.07828765354826167,0.0826031342321901,7.252119674077357e-05,0.007175814083775656,0.19073482008269238,-0.0060778334555573466,-0.005738452076911926,-0.08922165632247928,-0.2224569171667099,-2.843709891720968,0.13346312120681034,25.70027081059898,-0.009365654209684379,0.26395074057386547,0.09812400527141675,0.0009961329997167923,1
13.336209774017334,0.16446693241596222,-0.041963208466768265,0.6232261657714844,-0.0747447458987009,0.08129931248268868,-0.002240214255609904,0.006613852075052495,0.18988657674617349,-0.008361970032494614,0.00771462544798851,-0.08144108951091769,-0.21810312569141388,-2.8403096546705737,0.11870765835654419,25.706195740557114,-0.015787505211532413,0.2614025996206891,0.09790523472386471,0.0013138590002199635,1
13.346370697021484,0.16053307056427002,-0.0404033288359642,0.62311190366745,-0.07568114229244921,0.08184774227002826,0.00037006277196378006,0.006446933635702035,0.189027678524317,-0.010516677245418382,0.030574964359402657,-0.06938464939594272,-0.2130453884601593,-2.834892319254964,0.10830223922485953,25.707309359453767,-0.015200852082859161,0.2625251568194292,0.09884530483164,0.003333922999445349,1
13.356102705001831,0.15852248668670654,-0.039599210023880005,0.6230615973472595,-0.07606302914818754,0.08251282585371247,4.794648229393922e-05,0.006302741348481078,0.1878306314865319,-0.013853644133462684,0.04997158423066139,-0.06146744266152385,-0.2177007645368576,-2.8026389829656644,0.09180964032143324,25.701240300677764,-0.026771656047535126,0.25946549038315353,0.09830892682585161,0.0012292770006752107,1
13.366108894348145,0.15852248668670654,-0.039599210023880005,0.6230615973472595,-0.07606302914818754,0.08251282585371247,4.794648229393922e-05,0.006302741348481078,0.1878306314865319,-0.013853644133462684,0.04997158423066139,-0.06146744266152385,-0.2177007645368576,-2.7708098092853723,0.0746211895250986,25.702540293270964,-0.03651833542017047,0.2593728913663492,0.10166424392264962,0.0010360150008636992,1
13.3761146068573,0.15644359588623047,-0.03872060775756836,0.6230204105377197,-0.07385428210624877,0.08646446481045456,0.0013485365606467745,0.006596477141001866,0.18709788035991437,-0.01594230970834154,0.0655738115310669,-0.05419095605611804,-0.2066633701324463,-2.741989899168005,0.04975690984770026,25.69969817506414,-0.04592936797869824,0.25791558964907196,0.09948787327971753,0.0010733810013334733,1
13.386106967926025,0.1543837934732437,-0.03781391307711601,0.6229670643806458,-0.07333447013812627,0.08756011736655374,-0.0015223353990939925,0.006928530091757867,0.1864986167427829,-0.018004365676735468,0.08747749775648117,-0.0374284237623215,-0.20010890066623688,-2.7208665966468657,0.02812065587488436,25.70894611641373,-0.05888662199284863,0.2509350030571457,0.09761459108768668,0.0010036759995273314,1
13.396132946014404,0.15233469009399414,-0.036894503980875015,0.6229051947593689,-0.07175207890698551,0.08844359960617376,-0.0007038027983397739,0.0074778869267069226,0.18606888338817829,-0.020080688774078315,0.10211595147848129,-0.027805171906948114,-0.20219217240810394,-2.6987028270531797,0.008168160038999794,25.70866058332461,-0.0685088810179817,0.24715197629336352,0.09890886566343021,0.0010485169987077825,1
13.40612268447876,0.15029074251651764,-0.03597801551222801,0.6228315830230713,-0.07313925728806142,0.08454410011868257,-0.002583225801017981,0.008050640591280356,0.1857651251453194,-0.02202374585775102,0.11847880482673645,-0.00906152091920378,-0.18659240007400513,-2.675757757171508,0.002105514887931416,25.715497533568406,-0.08014239173304862,0.23830314838416283,0.09449752561498256,0.0010116390003531706,1
13.41611385345459,0.1482362449169159,-0.035079002380371094,0.6227548122406006,-0.07457254810149164,0.08482317635653723,-0.0013152345338979675,0.009495445597845986,0.18559642237212204,-0.024777872206568574,0.13062357902526855,0.009093390777707077,-0.18076282739639282,-2.6454453676111913,-0.005816195697673831,25.714055958920344,-0.09174115712018864,0.22932904886321234,0.09270338377950979,0.0010265849996358156,1
13.42612075805664,0.14618326723575592,-0.03415396809577942,0.6226935386657715,-0.07272517651047498,0.08689628556876486,-0.0005754291596326543,0.010539983194775449,0.1856012049208089,-0.026563691555670843,0.14707772433757782,0.02856469154357908,-0.17405259609222412,-2.6201590333578646,-0.019170435842915834,25.712599142256874,-0.10412252169624385,0.21874510091375465,0.09059895780523931,0.000992221997876186,1
13.436146259307861,0.14415650069713593,-0.03321604058146477,0.6226261854171753,-0.07107830012415076,0.08740465361722986,-0.001348331488083671,0.011810702776806625,0.18587008846165487,-0.02820851358327925,0.15997757017612457,0.041647084057331064,-0.15992364287376404,-2.6006819366154876,-0.03151567696488547,25.71560754054956,-0.1158288955571859,0.2106393030595398,0.08571590092966479,0.00116257400077302,1
13.446202516555786,0.1421501785516739,-0.03225721791386604,0.6225598454475403,-0.06890270080515214,0.08860722200461421,-0.00020166540121104677,0.013092498915775241,0.1862453244046054,-0.029754721384146254,0.17841288447380066,0.05455135926604269,-0.15055854618549347,-2.5866992733306375,-0.0427433433651911,25.713147092499316,-0.12858526955523644,0.20276093382640795,0.08107702292657758,0.0010871410013351124,1
13.456107378005981,0.1381659060716629,-0.030372433364391327,0.6224004030227661,-0.06959675235732735,0.0853107348946215,-0.00045171852219902793,0.015334838608516144,0.18719486057609025,-0.031978373577379315,0.18134988844394684,0.07803982496261595,-0.1453830450773239,-2.5737974193451936,-0.05171832748267207,25.71323977987902,-0.13041640412731617,0.20220908254597345,0.08084059027588654,0.0008762779980315827,1
13.466101169586182,0.13617588579654694,-0.029426299035549164,0.6223474144935608,-0.06915102909866178,0.08404006803730048,0.000763920546325739,0.016913392682691875,0.18785958541901637,-0.03327349564314375,0.18528631329536438,0.08803702145814894,-0.12926314771175385,-2.546019508502101,-0.05665381750300989,25.715867936665894,-0.13993048455909263,0.1867830839631157,0.07971043358186126,0.0009854460004135035,1
13.4761061668396,0.13617588579654694,-0.029426299035549164,0.6223474144935608,-0.06915102909866178,0.08404006803730048,0.000763920546325739,0.016913392682691875,0.18785958541901637,-0.03327349564314375,0.18528631329536438,0.08803702145814894,-0.12926314771175385,-2.5186712976422005,-0.059679476322164214,25.713750630265572,-0.14812112361454075,0.17909636408854965,0.07415923697612771,0.0009799280014703982,1
13.48612666130066,0.1342061311006546,-0.028487449511885643,0.6223042607307434,-0.06719398453744091,0.08400615324282572,0.002539051821137431,0.0185181815029134,0.1886831853429527,-0.034513799720021776,0.1883842945098877,0.09344848245382308,-0.12283928692340852,-2.493970897071726,-0.06498115376735801,25.709044334248574,-0.15542691948473097,0.17330782204859652,0.0710683713449796,0.0009837700017669704,1
13.49612545967102,0.13227123022079468,-0.027536384761333466,0.6222696900367737,-0.06253074067486568,0.08280836808118183,0.0027518612081075334,0.020198102635085036,0.1895050966245755,-0.03563319188014136,0.1981194019317627,0.10491054505109786,-0.10618975013494493,-2.4815405797462686,-0.06795378901489513,25.708195615017466,-0.1669780447533292,0.16403163476470564,0.06469596911155967,0.001040484999975888,1
13.506122589111328,0.13043713569641113,-0.02662070468068123,0.6222279667854309,-0.06054241177869886,0.07868414389228413,-0.0014766374362415223,0.021683794833691206,0.19049040597623046,-0.03665157476775338,0.19114968180656433,0.1104782074689865,-0.09686672687530519,-2.4800100265622556,-0.06237249776519828,25.721243860432104,-0.16914800275241845,0.15739309959328873,0.06042224851612011,0.0009611399982532021,1
13.51612401008606,0.12860839068889618,-0.02573077380657196,0.6221930980682373,-0.060995552596154114,0.07906104627818251,0.004314525286648709,0.02334212693548876,0.19154321048916367,-0.03752642007559759,0.17364832758903503,0.11425209790468215,-0.08667343854904176,-2.456955709578952,-0.06538811516662264,25.706762100198517,-0.16569005259596292,0.1521901935484832,0.05630984156912085,0.0009846089997154195,1
13.526123285293579,0.1267949789762497,-0.024834666401147842,0.6221880316734314,-0.05812597637768217,0.07750980559277498,0.005786857323327922,0.025565103055650518,0.192852168405655,-0.03864361561990881,0.16593950986862183,0.10975119471549986,-0.06981761753559114,-2.4387170852538214,-0.06655391842335517,25.70090061110314,-0.16973921466177172,0.15003653957607488,0.04974695196345571,0.0009539460006635636,1
13.536141157150269,0.12502281367778778,-0.02395663969218731,0.6221674680709839,-0.054879799144521145,0.07588425291492037,0.0031900423639922336,0.027020796760031107,0.19382746312989685,-0.03927545210242345,0.15948675572872162,0.10182272642850874,-0.06508596986532213,-2.4324159408003627,-0.06608545443055763,25.708203835682173,-0.17155787054144564,0.15065631840304736,0.04681635253036484,0.0011555889977898914,1
13.546258211135864,0.12328655272722244,-0.023085735738277435,0.6221529841423035,-0.05213127296803341,0.07355620708225823,0.004989762994445603,0.028246469914248618,0.19465518030002826,-0.03982327049071266,0.136211097240448,0.09976761788129807,-0.049442376941442504,-2.4268260232050185,-0.06366675766781672,25.703944675376565,-0.16251521498682522,0.15000745709521762,0.040744168128977985,0.002058060003037099,1
13.556381940841675,0.12169895321130753,-0.022287946194410324,0.6221425533294678,-0.04759389499127883,0.06884520514710986,0.001589797173230206,0.029262154717525135,0.19556144017166632,-0.040220486858867144,0.11343113332986832,0.09422683715820312,-0.04319461062550546,-2.430262185902718,-0.05652029874536511,25.71349333241251,-0.15593392070388976,0.14847027743118327,0.037834365932050515,0.0007784250010445248,1
13.566122055053711,0.12013731151819229,-0.021521762013435364,0.6221234798431396,-0.047007943837424564,0.06579402110206485,0.003370716260378375,0.03034571443426337,0.19635070681524835,-0.04059240158858879,0.09871677309274673,0.08751814067363739,-0.03499232977628709,-2.4321795583478445,-0.052231423386327115,25.714831110951234,-0.1558117055830889,0.14844414978404744,0.03723370532212329,0.0011796159997174982,1
13.57612419128418,0.12013731151819229,-0.021521762013435364,0.6221234798431396,-0.047007943837424564,0.06579402110206485,0.003370716260378375,0.03034571443426337,0.19635070681524835,-0.04059240158858879,0.09871677309274673,0.08751814067363739,-0.03499232977628709,-2.4228884737726695,-0.046419674690173364,25.71011881532164,-0.1521779596637716,0.14956163351717253,0.034363376490285966,0.0009732239996083081,1
13.586132287979126,0.11584210395812988,-0.01934170164167881,0.6220563650131226,-0.03623382748486479,0.05755712836537208,0.0018446467277950683,0.031985924978806146,0.1979792239445901,-0.040985399274797274,0.05774611979722977,0.059582844376564026,-0.008746700361371047,-2.434991652754628,-0.04074037916613005,25.72198435753052,-0.14519094428742627,0.152029146318902,0.02879665935487103,0.0009635850001359358,1
13.596137046813965,0.11584210395812988,-0.01934170164167881,0.6220563650131226,-0.03623382748486479,0.05755712836537208,0.0018446467277950683,0.031985924978806146,0.1979792239445901,-0.040985399274797274,0.05774611979722977,0.059582844376564026,-0.008746700361371047,-2.430322063259358,-0.03195314185043894,25.71519043399533,-0.1373642458283079,0.1584762127530246,0.0236944243874132,0.0011240899984841235,1
13.606114149093628,0.11450595408678055,-0.018659118562936783,0.622046709060669,-0.030106400767300357,0.05755182364023887,0.0020585669413581377,0.032427323309893286,0.19833124959656168,-0.041012895238478286,0.038666799664497375,0.04646509885787964,-0.0013330474030226525,-2.433709289663328,-0.03177173213788971,25.713045192400926,-0.1287921726030764,0.1639920336571705,0.020173368904983006,0.0011266740002611186,1
13.616098880767822,0.11324796080589294,-0.0179907213896513,0.6220120191574097,-0.02381539710910491,0.053610689960077534,-0.0015973226034911418,0.032616963732529314,0.19883858342602245,-0.04072075715804102,0.010004101321101189,0.03427446261048317,0.021760907024145123,-2.4520265426254357,-0.026346387440998424,25.72278699643191,-0.11532382505042012,0.16837748623346846,0.011428918864795745,0.0009722459981276188,1
13.62611436843872,0.11204671859741211,-0.01737220399081707,0.6219446659088135,-0.021781891326536015,0.049196813372057446,-0.0035606545402811006,0.032643366666597284,0.19898571950846167,-0.040592046327210696,-0.007985816337168217,0.02517943270504475,0.028215436264872547,-2.4650488459877384,-0.01617458142430245,25.729712488246836,-0.10626787418695383,0.17270004366610614,0.007465552210766483,0.0010212070010311436,1
13.636118173599243,0.110901840031147,-0.016763709485530853,0.6218900084495544,-0.018462927973792936,0.04872380943234892,-0.001349989007807358,0.032470902502835575,0.19903769061107335,-0.04000255002848174,-0.03152013197541237,0.007172311656177049,0.04217745363712311,-2.467746210955383,-0.014882886754193794,25.7237018867657,-0.09351007285293197,0.1822106480806383,0.001699636728745439,0.0010040249981102534,1
13.646150827407837,0.10981214046478271,-0.016180140897631645,0.6218467950820923,-0.012103559350521414,0.04461605104698911,-0.0027554689595382306,0.03204652193830704,0.19887262308619436,-0.03945899000150055,-0.04666411504149437,-0.00890331715345382,0.054889604449272156,-2.4803372252897655,-0.00857927853109856,25.72608371542231,-0.08464193098746613,0.19100595243287394,-0.004042854881422355,0.0014549459992849734,1
13.656261205673218,0.10870222747325897,-0.015512525103986263,0.6217808127403259,-0.00808737981128166,0.042904585613790513,-0.0039050543095112775,0.0315388882090204,0.19871067791700536,-0.0388135320328411,-0.06880607455968857,-0.01892311312258243,0.06538379192352295,-2.4926369232781647,-0.00617087121474582,25.729288482052535,-0.07152530287016212,0.19679438082964593,-0.008920044719425618,0.0010589230005280115,1
13.666104078292847,0.10764339566230774,-0.014872228726744652,0.6217167377471924,-0.0042993658267859464,0.03843208776073207,-0.0019756021076491066,0.030802339939389523,0.19832359914915987,-0.03807837465258368,-0.08431646227836609,-0.03088456392288207,0.07514507323503494,-2.497327360506241,8.01801455552649e-05,25.723391068671233,-0.06128041052771056,0.20446470193446267,-0.013467613562125457,0.0009596740019333083,1
13.676100969314575,0.10656078904867172,-0.014160718768835068,0.6216608285903931,-0.0002825526197133839,0.03566933796520513,-0.0037834303569228693,0.029958208232208072,0.19785911277281754,-0.03722568569881357,-0.10828762501478195,-0.04435501992702483,0.08714838325977325,-2.5083268865871853,0.005961251209597424,25.72721316388187,-0.04731948158426769,0.21242838923004906,-0.01825808610527114,0.0009839799968176521,1
13.686101913452148,0.10656078904867172,-0.014160718768835068,0.6216608285903931,-0.0002825526197133839,0.03566933796520513,-0.0037834303569228693,0.029958208232208072,0.19785911277281754,-0.03722568569881357,-0.10828762501478195,-0.04435501992702483,0.08714838325977325,-2.5123933234812283,0.008086316905414876,25.727793904580015,-0.04597382831765699,0.21320558939371256,-0.01965879847697592,0.0009461240006203298,1
13.696109771728516,0.10455483943223953,-0.012783195823431015,0.6215658783912659,0.009851244281244146,0.033804453908357936,-0.0009177841739937992,0.028511719987523332,0.1967639075730352,-0.035804559743316755,-0.11329393833875656,-0.0640907660126686,0.09592651575803758,-2.517922455413784,0.0029591601249592623,25.71823737776479,-0.03864863209063375,0.22681311068257315,-0.023521258167577257,0.0010413929994683713,1
13.706115007400513,0.10365526378154755,-0.012118193320930004,0.621504545211792,0.0126919588136828,0.02911235391282342,-0.003307865737180916,0.02727229440988177,0.19597314711812297,-0.0346866422459553,-0.13936223089694977,-0.0739784389734268,0.11057785153388978,-2.526438423806543,0.005315179660769578,25.723527066827437,-0.02147895791942079,0.23473077327375838,-0.02953301439569459,0.0010870710029848851,1
13.716107845306396,0.1027783676981926,-0.011501655913889408,0.6214670538902283,0.013033958231723534,0.026310577947569476,0.000984727829747673,0.026022064916761956,0.19493816605028558,-0.03350767053113657,-0.1400776505470276,-0.1009564846754074,0.11706418544054033,-2.5140068401007736,0.007958215588396022,25.711455148029863,-0.016939888239912045,0.2529741793621264,-0.03353825335296537,0.0010258170004817657,1
13.726104497909546,0.10196016728878021,-0.010889177210628986,0.621457040309906,0.019595064305417097,0.026498060608432003,0.001422486668745235,0.024791605929588734,0.1937828100669714,-0.03221997860246617,-0.15137848258018494,-0.09699449688196181,0.13268959522247314,-2.515357714540269,0.0033705899215028118,25.70777569688622,-0.007175005154492287,0.2545195195124715,-0.040174524416296355,0.0010341980014345609,1
13.73611569404602,0.10122112929821014,-0.010290529578924179,0.6214224100112915,0.025473665449527876,0.02298233286632404,-0.002811658128770506,0.022771336796810537,0.1921046028843909,-0.03013694156279234,-0.15090671181678772,-0.10829935967922209,0.13928720355033875,-2.531784774832333,0.005065353887897863,25.719032984207406,-0.0008886153522507448,0.26553134127129985,-0.04470422809753318,0.0012479249999159947,1
13.746214628219604,0.10053451359272003,-0.009716959670186043,0.6213803291320801,0.0278504900546381,0.021419860382872934,-0.0018444403758194298,0.02151838724354249,0.19088998793346956,-0.028610693138593657,-0.15016645193099976,-0.11025157570838927,0.15163776278495789,-2.5390387304969506,0.0056750657251974385,25.717429131312816,0.002585005063947421,0.27074062281239464,-0.05062989329682685,0.0025538909976603463,1
13.756456136703491,0.09989496320486069,-0.009160647168755531,0.6213481426239014,0.03034774026760059,0.018917983344207363,-0.0009362283856851535,0.020248997664446655,0.18963079523868664,-0.026969692864050376,-0.14189594984054565,-0.12124937027692793,0.16140396893024447,-2.5422354538499112,0.009790614178624231,25.71405838442009,0.0004370838629267782,0.2791710255502702,-0.05536937238120953,0.0008451269968645647,1
13.766096353530884,0.09929603338241577,-0.008636502549052238,0.6213206052780151,0.03380078822055677,0.016647623802984266,0.00038209767727480766,0.01919957650070714,0.1883130357842493,-0.025301508031556175,-0.13463330268859863,-0.1213414892554283,0.16981913149356845,-2.542941286420977,0.013592299496159872,25.709352750807685,0.0014429978901228584,0.28514972576083175,-0.06092200720208449,0.0008423340004810598,1
13.776119947433472,0.0987633541226387,-0.00811651162803173,0.6212972402572632,0.04042631385033602,0.017684418639214942,-0.0006485989528063399,0.018214633042873185,0.1870740661004211,-0.023517067853312312,-0.1237746849656105,-0.11578236520290372,0.17940862476825717,-2.543422737751572,0.015884328479305137,25.708655800107525,0.001479634627628318,0.28524158860407517,-0.062069177078766045,0.0012708340000244789,1
13.786122798919678,0.0987633541226387,-0.00811651162803173,0.6212972402572632,0.04042631385033602,0.017684418639214942,-0.0006485989528063399,0.018214633042873185,0.1870740661004211,-0.023517067853312312,-0.1237746849656105,-0.11578236520290372,0.17940862476825717,-2.55721179074466,0.012256326855200991,25.710870634203825,-0.0010504478444716204,0.28583034607134283,-0.06666314119078315,0.001009682997391792,1
13.796131610870361,0.09754840284585953,-0.006633500102907419,0.6211487054824829,0.04980817430672414,0.010409185601927896,-0.002010232890909401,0.016590383595974423,0.18486270460930365,-0.019707254665236817,-0.09862911701202393,-0.09847741574048993,0.19253891706466675,-2.5799858337057153,0.016118122881366395,25.71646548866936,-0.0043627715506469955,0.285226708557385,-0.07268355421049345,0.0010623460002534557,1
13.806122064590454,0.09754840284585953,-0.006633500102907419,0.6211487054824829,0.04980817430672414,0.010409185601927896,-0.002010232890909401,0.016590383595974423,0.18486270460930365,-0.019707254665236817,-0.09862911701202393,-0.09847741574048993,0.19253891706466675,-2.5955474190530934,0.024043010715107765,25.71470854832365,-0.009790047115105076,0.2832280056428254,-0.07574688023786362,0.0009919420008372981,1
13.81612253189087,0.09723847359418869,-0.006169443484395742,0.6211056113243103,0.05269147445057684,0.009926666401351538,-0.0009445661481569713,0.01571898487114165,0.1833823068575784,-0.01671845795322202,-0.07907022535800934,-0.08929745107889173,0.19778765738010406,-2.606147225292989,0.02940216126539543,25.710849455462046,-0.017334259121511195,0.28306626056235884,-0.08008162165072334,0.001007308001135243,1
13.82612156867981,0.09699680656194687,-0.005699974950402975,0.6210702061653137,0.05993090188155439,0.0110856471019175,-0.0029036140037958123,0.015447238815547326,0.182435557142397,-0.014588190766658293,-0.06998050957918167,-0.0739040747284889,0.20919272303581238,-2.6323210966828956,0.0290344506078361,25.715139287767723,-0.02151311145134964,0.2773374138406999,-0.08632050318227684,0.0010687710018828511,1
13.836130619049072,0.09681442379951477,-0.005189195275306702,0.6210011839866638,0.06369046852487546,0.008441390412141297,-0.004676879373018437,0.01517065866683387,0.18178887035200653,-0.012553978895244455,-0.049197278916835785,-0.05871613323688504,0.19845706224441528,-2.6597843000713284,0.03508396407806093,25.720340004804946,-0.031426266499720024,0.27092500324424806,-0.08528318086168545,0.0010339889995520934,1
13.846186399459839,0.09668885171413422,-0.004685047548264265,0.6209276914596558,0.06800818431464149,0.009171189706581989,-0.005025608280045362,0.015153190160646979,0.180943441656936,-0.009357129882270332,-0.03293697163462639,-0.050618238747119876,0.21148841083049774,-2.6857308322930606,0.0376572240414294,25.7213343015674,-0.04038358335882884,0.2690136566984317,-0.09179852357176262,0.0015629970002919436,1
13.85611605644226,0.09660612046718597,-0.00420052045956254,0.620842695236206,0.06973449887851112,0.00466178078566174,-0.006140692512095698,0.015188707257344447,0.18054716829219242,-0.007224286734363705,-0.01961323246359825,-0.0349687114357948,0.20868375897407532,-2.707831278726508,0.05032592302201333,25.7243271824667,-0.047948584208534456,0.2617953159115635,-0.09365163236061788,0.0011274419994151685,1
13.866110801696777,0.09655752778053284,-0.003744976595044136,0.6207733154296875,0.07205340993071463,0.00476382948977305,-0.003456338941560568,0.015571385509635771,0.1802230801562006,-0.005138109973707117,-0.0034621981903910637,-0.01981917209923265,0.20374874770641327,-2.7215171437568646,0.05783636528080683,25.71623976197326,-0.0576308009609014,0.2545940936327037,-0.09386069430624457,0.001028471000608988,1
13.876107215881348,0.09656964242458344,-0.0032835151068866253,0.6207160949707031,0.07840608060859146,0.00422752648640937,-0.0031875178300329373,0.016016523128127957,0.1800348712832407,-0.002980922920517326,0.01799698919057846,-0.004097240045666669,0.21266169846057892,-2.7455722694930675,0.06605745825047615,25.713235480846073,-0.07038801305859363,0.24595845242877906,-0.09780422002406244,0.001028471000608988,1
13.88610315322876,0.09663601219654083,-0.0027875173836946487,0.6206591725349426,0.08253872388479752,0.004311985335336841,-0.002688387439040467,0.016688301251980953,0.18005185596054352,-0.0008805980327850627,0.025281140580773354,0.009630261920392538,0.20476117730140686,-2.7598964502470857,0.0698640673119128,25.712497200276793,-0.07103415368196436,0.24609488614016978,-0.09954058361847705,0.0011926070001209155,1
13.896111965179443,0.09663601219654083,-0.0027875173836946487,0.6206591725349426,0.08253872388479752,0.004311985335336841,-0.002688387439040467,0.016688301251980953,0.18005185596054352,-0.0008805980327850627,0.025281140580773354,0.009630261920392538,0.20476117730140686,-2.77896598825432,0.07196760377955955,25.710164789111882,-0.07689606595427595,0.23836670525133696,-0.09866239467770291,0.0010264450029353611,1
13.906107425689697,0.09716743975877762,-0.0013634387869387865,0.6205081939697266,0.0930226073687466,-0.00201241580903617,0.00036541254726484056,0.018071155829954666,0.18044327923156445,0.0031630917365523814,0.055551882833242416,0.03347257152199747,0.19708159565925598,-2.8127091002744686,0.0834683749584612,25.711555251671506,-0.08832439938294445,0.2295471565973896,-0.09780032541218772,0.001014712001051521,1
13.91610050201416,0.09716743975877762,-0.0013634387869387865,0.6205081939697266,0.0930226073687466,-0.00201241580903617,0.00036541254726484056,0.018071155829954666,0.18044327923156445,0.0031630917365523814,0.055551882833242416,0.03347257152199747,0.19708159565925598,-2.8350743298469414,0.09431561249160603,25.698584236871486,-0.09808064110257594,0.22324959065389507,-0.0988079958047232,0.0010164570012420882,1
13.92612075805664,0.09742885082960129,-0.0009344811551272869,0.6204875707626343,0.09548105295199963,-0.0025336348754393203,0.0003880495190177478,0.01942155922288258,0.1809378363001839,0.006096015747903305,0.058106131851673126,0.04327877238392832,0.18453650176525116,-2.857428542954963,0.10390831329889237,25.695896374613937,-0.10377165954797528,0.2160252009363354,-0.09676214848824036,0.0009349489992018789,1
13.936146020889282,0.09772489219903946,-0.00044947181595489383,0.6204925179481506,0.10048330575839648,-0.002393728126101526,0.0029717638235672544,0.020414595887495057,0.18131287806144725,0.007843114874360069,0.0623902752995491,0.05217991769313814,0.16948196291923523,-2.880535860197356,0.10888348507753055,25.686665797098335,-0.1089377641897994,0.20949498323145038,-0.0923988468859382,0.0011636210001597647,1
13.946250438690186,0.09809393435716629,5.078129470348358e-05,0.6204996705055237,0.10673601165163342,-0.0013413453944199948,0.0007590380790621301,0.021386616883921405,0.1818012609848787,0.009578333435950714,0.06631193310022354,0.061377212405204794,0.16824153065681458,-2.9176424713116202,0.1100641328657411,25.690613159417882,-0.11427712501244458,0.2022277699524884,-0.09240019544433217,0.00257582199992612,1
13.956406831741333,0.09852778911590576,0.0005199603037908673,0.6204847097396851,0.1092707067098579,-0.006328009494761242,-0.0009073606413674789,0.02226032059403904,0.18246311051402397,0.011247563224898727,0.07520601898431778,0.06351174414157869,0.15464210510253906,-2.952725324507452,0.12396590171421806,25.69509100730732,-0.12203637426376841,0.19846589817208166,-0.08899042683300337,0.0007806610010447912,1
13.966118335723877,0.09898819029331207,0.000967041589319706,0.6204770803451538,0.11137770842844925,-0.005461254436836601,0.002236652074970005,0.02374442331126536,0.18342638548323098,0.013424503330437876,0.07544068992137909,0.07306519150733949,0.13685482740402222,-2.977026921003905,0.13044456129324897,25.68540310040259,-0.12662204106173797,0.18992010528537565,-0.08371406428147062,0.0007770280026306864,1
13.976123332977295,0.09946493804454803,0.0014442538376897573,0.6204980611801147,0.11364159726925827,-0.008132710054422138,0.002055447138276464,0.024673025014724903,0.184122272349049,0.01481421610099698,0.07183019816875458,0.07667856663465501,0.12842805683612823,-2.9915122021741016,0.13434101180620295,25.683670616049987,-0.12667519876277894,0.1898499122567594,-0.08260786670057291,0.0011142410003230907,1
13.986108779907227,0.09999337792396545,0.0018958605360239744,0.6205254197120667,0.11793539650079732,-0.007967571413909432,0.003419534390996791,0.025638503518566225,0.18482056562132687,0.01599445071186345,0.07425601780414581,0.08187545090913774,0.10888818651437758,-3.0099546125119656,0.14271762834428445,25.68318360836285,-0.12789016831558359,0.18532556326548927,-0.08046004572064562,0.0011518869978317525,1
13.996109962463379,0.10057007521390915,0.002405571285635233,0.6205578446388245,0.12432190755270822,-0.0073527090530403376,0.002142946632555926,0.026394384236636537,0.18560256885942517,0.01704255505144925,0.07674875855445862,0.07559078186750413,0.09651070088148116,-3.053837297779777,0.1459895170648273,25.68060049177059,-0.13419862676715186,0.18068888735429614,-0.07019216634931376,0.0009996949993364979,1
14.006104707717896,0.10057007521390915,0.002405571285635233,0.6205578446388245,0.12432190755270822,-0.0073527090530403376,0.002142946632555926,0.026394384236636537,0.18560256885942517,0.01704255505144925,0.07674875855445862,0.07559078186750413,0.09651070088148116,-3.0810910463377494,0.14667151088714697,25.679588239970485,-0.13528128568860226,0.1797003727423847,-0.06848850801814613,0.0009486380004091188,1
14.016103744506836,0.10188278555870056,0.003324272111058235,0.6205664277076721,0.12708218396754423,-0.012298339059575636,0.0013252429408249456,0.02763691967844739,0.1867433618158234,0.018414376200901028,0.06496323645114899,0.07820828258991243,0.08500735461711882,-3.1148702742591943,0.15625167960434574,25.68050483169572,-0.13332754242212905,0.1740613093948848,-0.06510663412168019,0.0009832819996518083,1
14.026109218597412,0.10329319536685944,0.004259542562067509,0.6206164360046387,0.13524329653387507,-0.014903857261241233,0.0006286657307644641,0.02878044063305296,0.18797424506236604,0.01957838644458265,0.0519978404045105,0.06917975097894669,0.042447790503501885,-3.1442902901791148,0.16636468605425067,25.671897318827504,-0.13008701616549945,0.17244953855774986,-0.05833452244383106,0.0009679149989096913,1
14.036133527755737,0.10329319536685944,0.004259542562067509,0.6206164360046387,0.13524329653387507,-0.014903857261241233,0.0006286657307644641,0.02878044063305296,0.18797424506236604,0.01957838644458265,0.0519978404045105,0.06917975097894669,0.042447790503501885,-3.182626663363501,0.17058326354859496,25.678704998578535,-0.1289835439598977,0.1736835546192827,-0.04883883122793472,0.0010732409973570611,1
14.046112775802612,0.10407336056232452,0.004725741688162088,0.6206427216529846,0.13944135590347265,-0.015445267578432356,0.0007202972152835026,0.0291366127551429,0.1884293236836494,0.01995583915062138,0.031194932758808136,0.042843610048294074,0.03175507858395576,-3.2181509167488995,0.1709147780198755,25.677913702578,-0.11878948947434836,0.1857942954592269,-0.04316585597020972,0.001023093002004316,1
14.056185245513916,0.10488655418157578,0.005183719098567963,0.6206551194190979,0.14129592483053857,-0.018896121587711298,-0.0007733656547082243,0.029220472216349602,0.1888013127620196,0.02011775766277868,0.019777333363890648,0.02923056110739708,0.009489100426435467,-3.250807205143142,0.17658479353303735,25.681110881641466,-0.11242432150416365,0.1916921209953107,-0.0341453190825418,0.0012635000020964071,1
14.066129922866821,0.10572674125432968,0.00561113515868783,0.6206808686256409,0.1436388492338824,-0.01961713280395895,0.002916670483672569,0.029256473816571482,0.1890578642332108,0.020000175634803607,0.0024329943116754293,0.019192975014448166,-0.010622414760291578,-3.2722470791240013,0.17644900106685515,25.669431909861803,-0.10258643074932736,0.19606086672080045,-0.024899827057951882,0.0011456710017228033,1
14.076112747192383,0.10662331432104111,0.00604285066947341,0.6207314133644104,0.14945907870068623,-0.018906432814203546,0.003151722955569983,0.029027443406580478,0.18898330186742607,0.019746512031407093,-0.006076200399547815,-0.003110704710707071,-0.022832807153463364,-3.3018369331648896,0.17087701985306322,25.66555354529527,-0.09664933823245477,0.20768012432899055,-0.018371221317784014,0.0010144320003746543,1
14.086105585098267,0.10757052898406982,0.006489458493888378,0.6207622289657593,0.1511599868854969,-0.021644629579098063,0.0011162088023130164,0.028544780645749057,0.1889131662380361,0.019237606284494557,-0.026696961373090744,-0.025390068069100387,-0.05612002685666084,-3.3290620355854657,0.17004622649192883,25.67014997851793,-0.0837314428105241,0.21957175071395635,-0.004827518671191279,0.0010784099977172446,1
14.096103429794312,0.10853500664234161,0.0068944767117500305,0.6208108067512512,0.15114434052464962,-0.024438006596878427,0.005214353140505164,0.027986883332102863,0.18854437263131363,0.018536877598172463,-0.041326750069856644,-0.03791736438870431,-0.0682561844587326,-3.3423780031533425,0.1691896657988887,25.65780110566621,-0.07310255926882246,0.22777799393049505,0.0032055542375475955,0.0010709369998949114,1
14.106107473373413,0.10954006016254425,0.007295351009815931,0.6208839416503906,0.15681825559340518,-0.023794389951023176,0.004711495439620484,0.027339142309664943,0.1880526928939097,0.01778826499884456,-0.04822337627410889,-0.04805047810077668,-0.07744394987821579,-3.3504301489013004,0.16871228878557365,25.655832496195337,-0.07299537040941778,0.22793626204647457,0.004868497907587951,0.0012158659992564935,1
14.11613416671753,0.11060744524002075,0.007683456875383854,0.6209336519241333,0.1609370109293906,-0.02534849534306584,0.000943112037754047,0.026445893685949073,0.1875770516315738,0.016799506844042078,-0.06379684060811996,-0.06810372322797777,-0.10437036305665968,-3.374186459871215,0.1625906614774767,25.65580966816226,-0.06674620495931471,0.23438077484127187,0.00915761952043353,0.0012121640029363334,1
14.126103639602661,0.11060744524002075,0.007683456875383854,0.6209336519241333,0.1609370109293906,-0.02534849534306584,0.000943112037754047,0.026445893685949073,0.1875770516315738,0.016799506844042078,-0.06379684060811996,-0.06810372322797777,-0.10437036305665968,-3.4098705427861344,0.15786570353178658,25.665812475499145,-0.054618517474961666,0.2461948620703717,0.020534703644877805,0.001002208999125287,1
14.136184930801392,0.11283238232135773,0.008428693749010563,0.6210135817527771,0.16348449857593475,-0.026603717022667405,0.0032538829676343056,0.024949051073837936,0.1864679587538105,0.014926910640322255,-0.07656000554561615,-0.07688346505165101,-0.12282782793045043,-3.442502116153875,0.14807426230052095,25.65899413547979,-0.04209112638203924,0.25445888148134316,0.031072910899626507,0.0012434550008038059,1
14.146424770355225,0.11511864513158798,0.0091484896838665,0.6211259961128235,0.1672382651485254,-0.026946276291883068,0.004701398395772399,0.02263211961532363,0.18471113472011824,0.0119721190126576,-0.08592763543128967,-0.09678450226783754,-0.1558879166841507,-3.470191603326614,0.14072624240378387,25.656407058915413,-0.033794838733320905,0.26204011036084074,0.03646586961918035,0.0026545379987510387,1
14.15615701675415,0.11511864513158798,0.0091484896838665,0.6211259961128235,0.1672382651485254,-0.026946276291883068,0.004701398395772399,0.02263211961532363,0.18471113472011824,0.0119721190126576,-0.08592763543128967,-0.09678450226783754,-0.1558879166841507,-3.4933434801466685,0.12673691715722274,25.651586972867783,-0.027946060027817556,0.2707939188304769,0.04849223939596882,0.0008461050019832328,1
14.166107177734375,0.11631326377391815,0.009510588832199574,0.6211758255958557,0.16829283500420478,-0.03035016150064377,0.000575197219456238,0.020633373152508128,0.1832624821113602,0.009493772197302519,-0.0968780592083931,-0.10270678251981737,-0.16009239852428436,-3.5223887172754247,0.11948369740697483,25.66264276708649,-0.015589058633471726,0.2788263740400345,0.05460448981292637,0.0010085649992106482,1
14.176099300384521,0.11750445514917374,0.009846031665802002,0.6212033033370972,0.1669099476169097,-0.03213252478921103,0.0004171951919777221,0.01995416883473844,0.1827116424738473,0.008621067656739534,-0.10243125259876251,-0.11508262902498247,-0.1680970191955566,-3.5414285685819715,0.1151862398214627,25.664318759870117,-0.01009667601020951,0.28745387038992665,0.05942975795840613,0.001044185999489855,1
14.186098337173462,0.11873891204595566,0.010206758044660091,0.6212469935417175,0.1684482691889037,-0.029857249831746004,0.004296420948532315,0.018816760397124987,0.18158210096331295,0.006763902099464758,-0.0906452089548111,-0.11145468801259997,-0.18497183918952942,-3.5542559941173413,0.1011580432691834,25.652395047076883,-0.01160158827279193,0.28926669772064134,0.06765345630311406,0.0009779729989531916,1
14.196115016937256,0.1200086697936058,0.010573982261121273,0.6212946772575378,0.17021648581172052,-0.030626351002475124,0.0005945419305230142,0.016842500822850326,0.17983461200616047,0.0038483248837373196,-0.0864381492137909,-0.11749518662691119,-0.188810721039772,-3.5780388513954837,0.08769736061590068,25.661314127308753,-0.007217451554087514,0.29819447350915673,0.0729230212686957,0.001079039000615012,1
14.206109285354614,0.12129046022891998,0.010939274914562702,0.6213313937187195,0.1689976454417887,-0.02929384448440917,0.0032523781770985435,0.015629534011600388,0.17871499438639527,0.001907753788723543,-0.07166234403848648,-0.11986459791660312,-0.19152201712131497,-3.5920833330996094,0.07956812744854615,25.66233771759764,-0.007185252977488221,0.2983537676064678,0.0740077780137957,0.0013445909971778747,1
14.216102600097656,0.12258368730545044,0.011293661780655384,0.6213778257369995,0.1708722858106728,-0.03152716905222143,0.0020943567370451575,0.014352937186433046,0.17745499996645586,-0.00016384555797355205,-0.06359060108661652,-0.12515987455844882,-0.19883725047111508,-3.6065022730587373,0.06694008545215038,25.657658376597414,-0.012241750749678414,0.3086749655972279,0.07965707906739193,0.0010754069990071002,1
14.226102828979492,0.12258368730545044,0.011293661780655384,0.6213778257369995,0.1708722858106728,-0.03152716905222143,0.0020943567370451575,0.014352937186433046,0.17745499996645586,-0.00016384555797355205,-0.06359060108661652,-0.12515987455844882,-0.19883725047111508,-3.618189685877858,0.058660697476386456,25.656657797462618,-0.010703555511103816,0.3103734693098752,0.08170836177412266,0.0010191820001637097,1
14.236098289489746,0.12649570405483246,0.012275423854589462,0.6215309500694275,0.1685696541991884,-0.03032620252261835,0.003203348127952628,0.012190756590538143,0.17451447463053782,-0.005122118899427708,-0.04303775355219841,-0.11743203550577166,-0.18974772095680234,-3.632790805804507,0.0388273157610472,25.65303371124154,-0.015525193649515033,0.31434800022068937,0.08142619695867782,0.00109531300040544,1
14.246113538742065,0.12649570405483246,0.012275423854589462,0.6215309500694275,0.1685696541991884,-0.03032620252261835,0.003203348127952628,0.012190756590538143,0.17451447463053782,-0.005122118899427708,-0.04303775355219841,-0.11743203550577166,-0.18974772095680234,-3.6445735597695785,0.02618501033624746,25.65218823356727,-0.01449393159693451,0.3157036372649148,0.08218908832402325,0.0008862659997248556,1
14.256100416183472,0.1278039813041687,0.012619853019714355,0.6215949654579163,0.16852574027381134,-0.027786184285815283,0.00684266952619707,0.011488164463855366,0.17340318114963704,-0.00720164086534103,-0.036360904574394226,-0.11172327399253848,-0.20177941024303436,-3.6505110853511193,0.0067415313350707405,25.640903724252734,-0.014987233253189671,0.3157412871265359,0.08795146686918504,0.001096570002118824,1
14.266168117523193,0.12915122509002686,0.01296906266361475,0.621667206287384,0.16897194086176603,-0.029509276161457168,0.0040958186646667515,0.010777157747073662,0.17238360599646674,-0.009174353785504241,-0.013082395307719707,-0.0971900597214699,-0.18334226310253143,-3.667869011158527,-0.00344586614253581,25.647160657211643,-0.025690048792342768,0.310722552095787,0.08373900129091406,0.0011505609982123133,1
14.277470827102661,0.13048876821994781,0.013289690017700195,0.6217308640480042,0.16543123107013083,-0.03064463309169704,0.006877109849732129,0.010309164315166264,0.17163360864998145,-0.011066681569754877,0.00017603505693841726,-0.08726672828197482,-0.18567118048667908,-3.6713794075441935,-0.010776531405837758,25.639775945505257,-0.03125432940249146,0.30774723832259687,0.08479611057195202,0.0011599200006457977,1
14.286077976226807,0.1318170726299286,0.013614541850984097,0.6218191981315613,0.16441139564103813,-0.029002284847207467,0.007400442105943702,0.00985224074459623,0.17053038767989337,-0.013967539149355002,0.005412983242422342,-0.06769994646310809,-0.18764299154281616,-3.6773908598894254,-0.024842062728569973,25.637055370126284,-0.032299560616389555,0.3003820865541065,0.0875561787485078,0.000888501999725122,1
14.296093702316284,0.1331445872783661,0.013944999314844608,0.6219015121459961,0.1633782385893844,-0.027127575280588463,0.007751603394660655,0.0098382401733077,0.1700767592118364,-0.01576021986511833,0.014659817330539227,-0.04579319804906847,-0.1725512146949768,-3.6862252346315207,-0.04105823999760971,25.635356009836883,-0.03744693827021144,0.28987561310599363,0.0838202492784016,0.0010913320002146065,1
14.306110143661499,0.1344817578792572,0.014306808821856976,0.6220049858093262,0.1635294406007876,-0.02445937355047831,0.008803064432968253,0.009737789616033332,0.16970209851711626,-0.017491330381102177,0.03608458861708641,-0.022759759798645994,-0.16846872866153717,-3.691464746709246,-0.050844168504956384,25.635013174886385,-0.03755796221316169,0.2897527451176439,0.08303511868895748,0.0012558180023916066,1
14.3161039352417,0.13582749664783478,0.014659526757895947,0.6220940351486206,0.16224947571503917,-0.02585376985871533,0.007765585978565196,0.009830218155453707,0.16963077363912937,-0.019271596051032347,0.04585639014840126,-0.012237578630447409,-0.1693771928548813,-3.7015505321016633,-0.06612953554341339,25.63138458031607,-0.048356737629473755,0.2783911761058486,0.08227146693328288,0.001244782000867417,1
14.326099872589111,0.13718156516551971,0.015016051009297371,0.622191846370697,0.15977224696462553,-0.024206629286461095,0.00853799909301789,0.010016704099017115,0.16963490036094298,-0.020849407805764386,0.059388455003499985,0.006958555430173856,-0.15069833397865295,-3.7147026392061693,-0.07517726434228313,25.63361021439387,-0.05407414179498008,0.27284195618423607,0.0833748596624624,0.0012847329999203794,1
14.336181402206421,0.13852591812610626,0.01535158883780241,0.622278094291687,0.15759655824892624,-0.028012320558825028,0.006454395351741154,0.010609124958051552,0.1700939083855939,-0.023112460049985906,0.07476509362459183,0.028233867138624174,-0.147524893283844,-3.723967105697359,-0.08710065245465853,25.631377714343536,-0.062328155121622326,0.2626754624127793,0.07780414021134228,0.001531984999019187,1
14.346410274505615,0.14118215441703796,0.016020994633436203,0.6224638223648071,0.15444742128505876,-0.02412597125471961,0.007883535107657274,0.011081282440432272,0.17051101014510062,-0.024531359494799343,0.07984141260385513,0.04835502430796622,-0.13848568499088287,-3.7381561350550525,-0.08732598189805355,25.63691554313337,-0.0729641157265226,0.24996861338880366,0.07655873663934776,0.00313053300124011,1
14.356364488601685,0.14118215441703796,0.016020994633436203,0.6224638223648071,0.15444742128505876,-0.02412597125471961,0.007883535107657274,0.011081282440432272,0.17051101014510062,-0.024531359494799343,0.07984141260385513,0.04835502430796622,-0.13848568499088287,-3.7528774534775695,-0.10189161373115348,25.63279046648312,-0.07721220689969541,0.23800778819666354,0.07385020223821749,0.0010058410007331986,1
14.366088628768921,0.1425081342458725,0.016377663239836693,0.6225517392158508,0.15213640025140687,-0.021197811023666115,0.008481378854597352,0.011752857354937696,0.17120002772554388,-0.02580527230133134,0.07742824405431747,0.06501599401235579,-0.12193015217781068,-3.7643259707728807,-0.1206522220397871,25.62999507371372,-0.07846699867300708,0.22718743658523044,0.06812456500523298,0.0008899679996829946,1
14.376105308532715,0.14383630454540253,0.01674281619489193,0.6226508021354675,0.15282458056398868,-0.022445539262968488,0.007051574337390113,0.012327832675073314,0.17185550510502523,-0.026987794598814396,0.10227543115615845,0.07253350317478179,-0.11233969777822496,-3.7845388556985466,-0.12966246061641262,25.633108557010537,-0.09396280196644892,0.22099916847633932,0.06382154161814987,0.0010618570013321005,1
14.386105298995972,0.14515340328216553,0.017079748213291168,0.6227236986160278,0.14933775351287737,-0.023582311676341783,0.006903016314329462,0.013043810155610291,0.17279209208648005,-0.02811286133588764,0.10198754817247391,0.08204319328069686,-0.10637529194355012,-3.797788348990511,-0.13458482381683054,25.633621686517785,-0.0966794930499229,0.21348461707855365,0.061334235743972676,0.00100933399880887,1
14.396093130111694,0.14645205438137054,0.017407700419425964,0.6228222250938416,0.14684402925440806,-0.023755940211992302,0.009356446234912693,0.01420303072078033,0.17423203605072635,-0.02954717106175364,0.09365849941968918,0.09942215681076048,-0.09134366363286973,-3.8053323185348362,-0.14008721364967722,25.625777668517948,-0.09663040515093639,0.20026435172527926,0.056224973385281395,0.0010389479975856375,1
14.406095266342163,0.1477953940629959,0.01772899180650711,0.6229265928268433,0.14549371596550403,-0.02413444978294402,0.0100833543138465,0.015013493032201897,0.1752749045491293,-0.030410922409766172,0.089384064078331,0.0961254984140396,-0.08310929685831071,-3.8137784187320647,-0.1448206615725134,25.621924224417814,-0.09735052938081086,0.1986893668603911,0.0526488923386372,0.0009941070020431653,1
14.416089057922363,0.14913828670978546,0.01806129328906536,0.623051643371582,0.14463290566658185,-0.020009585015025942,0.012017816565588063,0.015796719693641048,0.17622828993387873,-0.031188643551541606,0.08640303462743759,0.09624915570020674,-0.07899779081344606,-3.821295181193423,-0.16051550910283258,25.61503666403807,-0.09809301432700639,0.19560305578104198,0.05080015131124267,0.0009869829991657753,1
14.42609977722168,0.15049844980239868,0.01839667558670044,0.6231805086135864,0.1465496419738079,-0.02230514999031179,0.010319251209998047,0.01639169081370273,0.17726060020850642,-0.031915595317987044,0.086787149310112,0.09428569674491881,-0.0653652921319008,-3.839855121445068,-0.16526319141465712,25.61822808715282,-0.10019619357371891,0.19424857356440517,0.04554886517689489,0.0010089839997817762,1
14.436099529266357,0.15185317397117615,0.018709100782871246,0.6232948899269104,0.14239005733943874,-0.022456218042402304,0.011815747434004957,0.017121591482540666,0.17829784616674305,-0.03250686919072976,0.08322754502296448,0.09674146026372908,-0.059788048267364516,-3.8497804527589023,-0.17075435970914285,25.613770741253134,-0.10168980522799352,0.1887373924295019,0.04305105263212546,0.000998927000182448,1
14.446111917495728,0.15457318723201752,0.019286643713712692,0.6235769391059875,0.13938952975699131,-0.023944165956976477,0.013349151005843421,0.01808007116879251,0.17976595768737846,-0.03333687305351418,0.07254979759454727,0.09605038166046143,-0.0543748550117016,-3.8557063569734487,-0.17407143923489252,25.613001695408578,-0.1017124608598343,0.18868055872083828,0.042529678375223326,0.0009974599997804035,1
14.456115484237671,0.1559576541185379,0.019577540457248688,0.6237424612045288,0.13981793818437113,-0.021449777087151626,0.016661241688245388,0.01879551369677479,0.18061495725871524,-0.033776185594855956,0.06286516785621643,0.08595302700996399,-0.04100850597023965,-3.865899943955402,-0.17695404903967626,25.607406391131928,-0.09952582822813648,0.1842139859306467,0.04091019883785637,0.0010683529981179163,1
14.466176509857178,0.1559576541185379,0.019577540457248688,0.6237424612045288,0.13981793818437113,-0.021449777087151626,0.016661241688245388,0.01879551369677479,0.18061495725871524,-0.033776185594855956,0.06286516785621643,0.08595302700996399,-0.04100850597023965,-3.874042103339292,-0.1877684054271837,25.59591817127599,-0.09691738084537757,0.18663592317211833,0.0360959088194977,0.001127232000726508,1
14.477349519729614,0.15736040472984314,0.019856516271829605,0.6238986253738403,0.14027601474924797,-0.025320349495331573,0.011962338994572127,0.019157422268562208,0.18137462868547072,-0.03415074781129679,0.052599795162677765,0.07659745961427689,-0.03788044676184655,-3.8980315397756704,-0.18642603101754715,25.607412212263302,-0.09314797045264339,0.18894041882916465,0.03422111923168451,0.0012199170014355332,1
14.48611044883728,0.15876494348049164,0.02009502984583378,0.6240265369415283,0.13843084872624636,-0.026652215009266664,0.012749787623537035,0.019504064457152026,0.18219385560009815,-0.03447830904248095,0.037354446947574615,0.05922470614314079,-0.0281352885067463,-3.9136691984634506,-0.18500407478609632,25.606038686755504,-0.0866011727162073,0.19561835454391702,0.03069330015843055,0.0008413549985561986,1
14.496091604232788,0.1601608693599701,0.020327463746070862,0.6241754293441772,0.13768988840529256,-0.02636208608246424,0.013261534250067616,0.019866547281634173,0.18267514199092894,-0.034683458744949824,0.028641512617468834,0.04722414165735245,-0.018139343708753593,-3.9275492686132187,-0.18685921539181458,25.603661668514622,-0.0833806845259579,0.20052484847904212,0.026580655870247,0.0010385280002083164,1
14.506119966506958,0.1615644097328186,0.02056022360920906,0.6243074536323547,0.1357065883987626,-0.025342524870054905,0.01082845353795942,0.020056343327515602,0.18314511458097193,-0.034827409134718934,0.019267568364739418,0.04343747720122337,-0.012696823105216032,-3.9436037274217663,-0.19197944896733346,25.610162877487504,-0.07909764597678487,0.20114467369167444,0.02396938212612499,0.0009724550000100862,1
14.516120672225952,0.162972554564476,0.020777858793735504,0.6244405508041382,0.13674655555408513,-0.02740899665792938,0.013167105302629914,0.020098790880868744,0.1835797813615132,-0.03495845136337916,0.0023867045529186726,0.02204553596675396,-0.0026560348924249437,-3.957125447444842,-0.19332361627564068,25.603184844062724,-0.07071910564437593,0.2109771395320972,0.020147673501495315,0.0009874030001810752,1
14.526381492614746,0.16591723263263702,0.02112557180225849,0.6246346831321716,0.13152731937023188,-0.030482082178531343,0.009342290729220328,0.020017954449726982,0.18376632835618523,-0.03492104367222293,0.0004904413362964988,0.00029667909257113993,0.004668476991355419,-3.9652433607385316,-0.19412404420469412,25.601996889167335,-0.0705867573318689,0.2111526865329634,0.01934725909969433,0.0012573539970617276,1
14.536170959472656,0.16591723263263702,0.02112557180225849,0.6246346831321716,0.13152731937023188,-0.030482082178531343,0.009342290729220328,0.020017954449726982,0.18376632835618523,-0.03492104367222293,0.0004904413362964988,0.00029667909257113993,0.004668476991355419,-3.9796308774948863,-0.1882991319480099,25.612950648641828,-0.06987182720024533,0.22237690362468432,0.016586196573040835,0.0012114650016883388,1
14.546355247497559,0.1690961718559265,0.021433794870972633,0.6248396635055542,0.13346134096880605,-0.03231829828027091,0.00483095371020488,0.01974075948485643,0.18354655929177044,-0.03448699625694429,-0.020578069612383842,-0.017010523006319996,0.021744975820183757,-3.9940265518286413,-0.19071307606908414,25.60844560643583,-0.06272694439066748,0.22269341389288844,0.013705543884796351,0.0028980879978917073,1
14.556119203567505,0.1690961718559265,0.021433794870972633,0.6248396635055542,0.13346134096880605,-0.03231829828027091,0.00483095371020488,0.01974075948485643,0.18354655929177044,-0.03448699625694429,-0.020578069612383842,-0.017010523006319996,0.021744975820183757,-4.024402315928697,-0.18429057552645858,25.625813696349493,-0.058416644243592344,0.23216294617100822,0.009445794333768385,0.0008373040000151377,1
14.566099166870117,0.17078585922718048,0.02153066173195839,0.624914824962616,0.13225193286553663,-0.03475802463350757,0.0073950303190763456,0.019473996446570663,0.18329680977194895,-0.03418807791927314,-0.02918989025056362,-0.03349735960364341,0.03015765175223351,-4.040396234289537,-0.1761207765288823,25.620061808395235,-0.053341777801290347,0.24199902754672148,0.005570257738379434,0.000993548001133604,1
14.576104879379272,0.17246873676776886,0.02161460742354393,0.6249955296516418,0.12980800837931566,-0.03615059009864604,0.00589510655928523,0.01915568152890268,0.18287156362392798,-0.03383613961225418,-0.038145244121551514,-0.04705650731921195,0.03256704285740853,-4.053393349775938,-0.1685320725544722,25.623504164822254,-0.047655032261701556,0.2509389698885903,0.0038802165661071105,0.001050401999236783,1
14.586102962493896,0.17414464056491852,0.021678751334547997,0.6250846982002258,0.12855604270319568,-0.035548881155617704,0.008486464896841248,0.01875952147201909,0.18242550014032233,-0.03339924368097247,-0.048774078488349915,-0.06065291538834571,0.04230224713683129,-4.058772912718745,-0.1670209445782931,25.615958999458563,-0.04083516995119911,0.2598869958513884,6.991089531404844e-05,0.0010406939982203767,1
14.596117734909058,0.17582932114601135,0.021730728447437286,0.6251806020736694,0.1320181188642035,-0.036039095885288634,0.008523176373697854,0.018359677672562746,0.18176919124172564,-0.03290903166019499,-0.05288344621658325,-0.07077794522047043,0.05364786460995675,-4.07656184186262,-0.1656521643177093,25.61388520932691,-0.03760508139618227,0.2672267487867085,-0.004879686041980599,0.0010707969995564781,1
14.606112241744995,0.177531436085701,0.02176033705472946,0.6252425312995911,0.12947118250090503,-0.03884528996640265,0.0038236420214782987,0.017823810074435897,0.1811358523796378,-0.03236751911932956,-0.05554899200797081,-0.08697417378425598,0.05164670571684839,-4.0965944364810065,-0.1573491133616343,25.627500851550586,-0.03456202657331136,0.27819563611098297,-0.005403462037913614,0.0009887289998005144,1
14.616105318069458,0.1792057752609253,0.021755844354629517,0.6253123879432678,0.12596443270288474,-0.04025449656573972,0.00867561042766188,0.01732582814220196,0.180397876451043,-0.03175760536834815,-0.06898292154073715,-0.08897107839584349,0.06370447576045991,-4.096764555622265,-0.15026561046602607,25.614935308688384,-0.0262139876338421,0.28217610847186564,-0.009826343472097843,0.001064162002876401,1
14.626102924346924,0.18086670339107513,0.021743426099419594,0.625413715839386,0.12543004736046884,-0.04051618307869165,0.008013626672619798,0.016349532492575314,0.1788270030281378,-0.03070949835763548,-0.07558692246675491,-0.10842959582805632,0.0711643472313881,-4.101277251390966,-0.14539957879571103,25.615175066106882,-0.019537433572959364,0.29783090469213463,-0.01370858792659999,0.001015131001622649,1
14.636289596557617,0.18252968788146973,0.021705053746700287,0.6254989504814148,0.1251552700961336,-0.042776390916666365,0.007773089649250915,0.0157207486619102,0.17782352575952265,-0.029990978933300383,-0.0732424333691597,-0.10819436609745024,0.07176506519317628,-4.1104223660923145,-0.13640986720048315,25.615695654350525,-0.01877692716079221,0.3011575705757781,-0.015049992092356242,0.0010279130001435988,1
14.646159172058105,0.18419188261032104,0.021646983921527863,0.6255813837051392,0.12401793147420856,-0.04292814813718143,0.006304837755048192,0.014729653039784907,0.17631312447842218,-0.02876675758553615,-0.07874547690153122,-0.11088788509368895,0.0833447575569153,-4.115850585130237,-0.13100495688671615,25.615658965767057,-0.018746808213411896,0.3012226930875096,-0.015320958077965883,0.0012694370016106404,1
14.65614628791809,0.18583570420742035,0.021564051508903503,0.6256424784660339,0.11946902420417108,-0.04674427216524172,0.005370970482718258,0.014406289322307142,0.17584064690871903,-0.02832949950192898,-0.07731013745069504,-0.11460273712873457,0.0861959606409073,-4.12057363817741,-0.11618748842390914,25.62334172975076,-0.01344045923177268,0.31072454622621154,-0.020916934290794213,0.0010693309995986056,1
14.666172742843628,0.18583570420742035,0.021564051508903503,0.6256424784660339,0.11946902420417108,-0.04674427216524172,0.005370970482718258,0.014406289322307142,0.17584064690871903,-0.02832949950192898,-0.07731013745069504,-0.11460273712873457,0.0861959606409073,-4.1253792507343805,-0.10711459864751097,25.624291360462983,-0.012901138217255888,0.3113481447889561,-0.02227225321216793,0.0011286289991403464,1
14.6761474609375,0.19072595238685608,0.021205227822065353,0.6258566975593567,0.11655177173776354,-0.047820139708387506,0.005873193746920235,0.0128817480840131,0.1733792422343048,-0.026025626553318304,-0.07529605180025101,-0.09383431077003478,0.09982426464557649,-4.133857171522094,-0.10255937492540812,25.62506163613142,-0.012094925505619396,0.31339575003780545,-0.023080253292963263,0.001818910001020413,1
14.686121940612793,0.19072595238685608,0.021205227822065353,0.6258566975593567,0.11655177173776354,-0.047820139708387506,0.005873193746920235,0.0128817480840131,0.1733792422343048,-0.026025626553318304,-0.07529605180025101,-0.09383431077003478,0.09982426464557649,-4.146318759190326,-0.09291533218506462,25.62260737153961,-0.0093263637029242,0.3075972818904629,-0.02854865589145943,0.0010016510022978764,1
14.696122407913208,0.1924065798521042,0.021050985902547836,0.6258963942527771,0.11404220008111635,-0.048336781633382286,0.0023896586588326822,0.012331584183950195,0.17248051254423613,-0.02497459680012515,-0.07813219726085663,-0.09195058047771452,0.10411425679922105,-4.160229740420306,-0.08382494162957616,25.63277739025572,-0.006100751133179403,0.30916256596632313,-0.03167147170211948,0.0010161090031033382,1
14.706137657165527,0.19405674934387207,0.02086150087416172,0.6259241104125977,0.10913617144557329,-0.05138974284943195,0.0031395152710170264,0.011736396745546607,0.17172136006168692,-0.02392551991903602,-0.06578784435987473,-0.09173849225044249,0.10229451209306718,-4.160918310899461,-0.06806046867457083,25.63237330443604,-0.010790923043279312,0.3115343125179303,-0.032349239805644525,0.0009974599997804035,1
14.716123104095459,0.19569171965122223,0.020657621324062347,0.6259629726409912,0.10761734822334261,-0.05008255717510345,0.005507533641349368,0.011115431323014402,0.1706171494756088,-0.022180067493199562,-0.05839484557509422,-0.07563861459493636,0.11701135337352754,-4.159437549130072,-0.058464421641069124,25.62532501802681,-0.01300141253390865,0.3061131493849965,-0.038631015734618655,0.0010457930002303328,1
14.726124286651611,0.19738039374351501,0.020440485328435898,0.6260008811950684,0.10498531871888393,-0.05066511073716127,0.0037100330246612177,0.010961155643484322,0.17037221449193352,-0.021579689075991393,-0.059311170130968094,-0.058307174593210206,0.11752013117074968,-4.1635775193790066,-0.049224590945374846,25.62967637845571,-0.01208672522558881,0.29760368224764,-0.04042179618249585,0.0009827220019360539,1
14.736136436462402,0.19904999434947968,0.020212387666106224,0.6260455846786499,0.10443120427736538,-0.050809268207555894,0.006283574951325557,0.010394277103491945,0.16970631380113455,-0.01986319222962507,-0.0568029060959816,-0.04701152816414832,0.11435860395431519,-4.166472155329529,-0.04064734567747315,25.622383646115985,-0.011380096250448828,0.29322981681503907,-0.040616257495644494,0.001166624999314081,1
14.746445417404175,0.20071536302566528,0.019969744607806206,0.626082181930542,0.10226507482346536,-0.052900705508434946,0.0020628420425757824,0.009994948138957405,0.16946536077438346,-0.018518442081181252,-0.043039947748184204,-0.039857704192399965,0.13124807178974152,-4.1682483412234586,-0.03547704269513677,25.621284347293482,-0.011344901428099763,0.29318156835321935,-0.04065354438839461,0.0019314999990456272,1
14.756395101547241,0.20071536302566528,0.019969744607806206,0.626082181930542,0.10226507482346536,-0.052900705508434946,0.0020628420425757824,0.009994948138957405,0.16946536077438346,-0.018518442081181252,-0.043039947748184204,-0.039857704192399965,0.13124807178974152,-4.1792374475436995,-0.022522062106560402,25.633726234287096,-0.018063296971062633,0.29016758975428714,-0.04750417978678936,0.0008293419996334706,1
14.766175508499146,0.20238542556762695,0.019680215045809746,0.6261110305786133,0.0983143819505367,-0.05571981540070479,0.005458268152914873,0.009869113372508398,0.1692912862939231,-0.017268185944669057,-0.04302256181836128,-0.022615298628807054,0.12236902862787247,-4.177544512517339,-0.005087097578631749,25.62533053397364,-0.017705600793760858,0.28162528052951136,-0.04653971838433134,0.0008199130024877377,1
14.776118278503418,0.2040211260318756,0.019386235624551773,0.6261581778526306,0.09502293912473554,-0.05404278638127143,0.004883857213511845,0.009630884506177662,0.16925888886791762,-0.015988464191533325,-0.042276568710803986,-0.008833309635519966,0.12339996546506882,-4.177288707031177,0.004574283083814251,25.625887096203254,-0.017186204081644386,0.2744468878862906,-0.04740916410912414,0.0010348270006943494,1
14.786121129989624,0.20729224383831024,0.018759870901703835,0.626278281211853,0.0923313124049331,-0.053356848888545576,0.006238677554838345,0.00952652606876292,0.16935301668365144,-0.014067022985538191,-0.02525908872485161,0.001023523043841139,0.1263849139213562,-4.182104977227372,0.015907449562138368,25.621464741955492,-0.025919308559443934,0.268863655317293,-0.04999412493167077,0.0009846079992712475,1
14.796122074127197,0.20893560349941254,0.018427131697535515,0.6263219118118286,0.0892736538701573,-0.0567443892769674,0.0033833025076949064,0.009375521418964361,0.16963452964660508,-0.012820669788641492,-0.026463938876986504,0.012275508604943768,0.1218128427863121,-4.191039633611064,0.034648235623385266,25.629201301374582,-0.02510211931398179,0.26215466239273977,-0.049645706423056206,0.0010188330015807878,1
14.806121110916138,0.21054509282112122,0.018061403185129166,0.6263605952262878,0.08645857119312743,-0.058152001407779146,0.005202400133623778,0.009344322931371885,0.17003937928035429,-0.011606766307548977,-0.018802672624588013,0.02968627400696279,0.11890946328639984,-4.194361289838919,0.05346286742267087,25.62456169626833,-0.029112755476340846,0.25179513852550733,-0.049377292257770204,0.0010816930007422343,1
14.816128015518188,0.21213658154010773,0.017671504989266396,0.6263977885246277,0.08224215335834852,-0.06028704359163428,0.0030416671314505224,0.00942155612436757,0.1705708788879705,-0.010268399696658825,-0.014471860602498055,0.04481623321771623,0.12373571842908859,-4.198635497896696,0.07495749276568928,25.630291182331977,-0.032119953764325304,0.24239543524303558,-0.05191272136871001,0.001040414997987682,1
14.8261239528656,0.21371912956237793,0.017260679975152016,0.6264452934265137,0.07995787257952612,-0.0595460348361136,0.00633538371063446,0.009600371582195066,0.17113120178118368,-0.009102663397236643,-0.01159065030515194,0.05553732439875604,0.1130201667547226,-4.197119423123159,0.08979988348548848,25.620922188022668,-0.033885062060019885,0.2350581476798934,-0.04944743151678634,0.0010011619997385424,1
14.8361234664917,0.2152959555387497,0.01686309464275837,0.6264926791191101,0.07974517349152022,-0.0579983480081133,0.0028263579168965186,0.009769009446870758,0.1717677320220634,-0.007940941483302044,-0.003688274882733822,0.06436607986688615,0.11439640074968337,-4.210439290873898,0.09993496864935213,25.62953434590797,-0.03862163364570623,0.22839992762560732,-0.05025118801595754,0.000999416002741782,1
14.846139192581177,0.21694615483283997,0.016425220295786858,0.6265262365341187,0.07788693153002581,-0.06161106753474819,0.003119704155135617,0.009939140997998308,0.17298928671574787,-0.006255993652267033,0.00045485905138775706,0.06980274617671968,0.10668694227933882,-4.2219327953398205,0.12007146616523375,25.629191708664177,-0.04161633695157952,0.222046879131032,-0.04885705596093122,0.0010149910012842156,1
14.856117963790894,0.2185765653848648,0.01596749573945999,0.6265540719032288,0.07647508382322227,-0.062324699015970826,0.0019055796496249046,0.010138113048891118,0.1738422418060157,-0.00521969834125402,0.003590851789340377,0.07390679419040681,0.09375084191560744,-4.2357490311234205,0.13828019069666642,25.63216839935254,-0.04368329583251108,0.21740405208642827,-0.04473516680922067,0.0010975479999615345,1
