time_s,pos_x_m,pos_y_m,pos_z_m,vel_vx_m/s,vel_vy_m/s,vel_vz_m/s,att_roll_rad,att_pitch_rad,att_yaw_rad,ang_vel_p_rad/s,ang_vel_q_rad/s,ang_vel_r_rad/s,control_Fx_N,control_Fy_N,control_Fz_N,control_tau_x_Nm,control_tau_y_Nm,control_tau_z_Nm,solve_time_s,solve_success
0.005456447601318359,0.0008022256079129875,-0.0008943691500462592,0.0006098064477555454,0.0012778217206394183,-0.0014403437956659547,0.000401144237945319,-0.0445672371087209,0.006952828419883428,-0.0009671681928837828,-0.010581103153526783,0.0011398298665881155,-0.0012537303846329453,-0.07493768945502988,-0.3923469676349849,27.065276369196678,0.1364751088255316,-0.020937302310803218,0.0007427224621243775,0.001599742000507831,1
0.015480279922485352,0.0008020614623092115,-0.0008847389835864305,0.0006004745373502374,0.001444756286295073,-0.0014821885843549155,0.00033538672460281657,-0.04456990430348018,0.006942607555093794,-0.000965769246028092,-0.0013015741715207696,-0.0005710151745006442,8.669540693517781e-05,-0.07514952418247896,-0.3921244664137581,27.065444744565642,0.13188046631462227,-0.02007534581011676,0.00013340911424473425,0.0011681030000545434,1
0.025675535202026367,0.0008036126964725554,-0.0008758205804042518,0.0005905801081098616,0.001525089726843968,-0.0015126973150102168,0.00029927704923034026,-0.04456990430348018,0.006942607555093794,-0.000965769246028092,-0.0013015741715207696,-0.0005710151745006442,8.669540693517781e-05,-0.07547270748754352,-0.39197944126669404,27.065553757634305,0.1318050775005588,-0.020067488999450107,8.102927863220516e-05,0.0012032989998260746,1
0.035442352294921875,0.0008053518831729889,-0.0008660812745802104,0.0005811478476971388,0.0015422075521973738,-0.001402908236807746,0.0003284600709619545,-0.044629471879216176,0.006948457982300038,-0.0009682994427859803,-0.01108282059431076,0.0011738371104001999,-0.000542143825441599,-0.0759020363702932,-0.393333567653712,27.06554062680981,0.13683670544089027,-0.020956256154694614,0.0003754367310682211,0.0009090909998121788,1
0.04543328285217285,0.0008072156342677772,-0.000855361926369369,0.0005720271728932858,0.0016383216716367509,-0.0013832679251008454,0.00031981139916603175,-0.0445766485524306,0.006932401431334778,-0.0009603376811169184,0.010554349049925804,-0.0021255649626255035,-7.810691022314106e-05,-0.07601184924701597,-0.3919681461450882,27.065583676210004,0.12604087304361694,-0.019284543993134045,0.00017091978665532485,0.0008470089996990282,1
0.05544757843017578,0.0008087556925602257,-0.0008446780848316848,0.0005633917753584683,0.0014832935994524823,-0.001467645168273718,0.0004826140066922449,-0.0445766485524306,0.006932401431334778,-0.0009603376811169184,0.010554349049925804,-0.0021255649626255035,-7.810691022314106e-05,-0.0757324763265787,-0.39101810021640077,27.06541100450088,0.1258641340519087,-0.019239914380153503,0.00015354430735825284,0.0009949159993993817,1
0.06558561325073242,0.0008128681220114231,-0.0008250022074207664,0.0005490112234838307,0.0016928524713023987,-0.001467138642375818,0.00038063946158375033,-0.04462588812807944,0.006930098913752847,-0.0009760557372540113,-9.374110959470272e-06,-0.0004407096130307764,5.8940160670317764e-05,-0.07556377632711998,-0.39044453226347886,27.06535606411295,0.12586493008906638,-0.019240190704277363,0.00015203888058722123,0.0013491810004779836,1
0.0754384994506836,0.0008158880518749356,-0.0008147374610416591,0.0005412243772298098,0.0017169184286405172,-0.0014139185639765839,0.0004357328341664193,-0.04451726160441094,0.006904325873016592,-0.0009708043052856219,0.010099545121192932,-0.002166362013667822,0.0007543888641521337,-0.07611636496266248,-0.3913813119600468,27.065461363041706,0.13124655244249028,-0.02009758204689514,0.00010771449244862232,0.0012447799999790732,1
0.08543062210083008,0.000819052045699209,-0.0008041063556447625,0.000533467042259872,0.0017163330924151658,-0.0014696237610197361,0.0004588329521085021,-0.04451726160441094,0.006904325873016592,-0.0009708043052856219,0.010099545121192932,-0.002166362013667822,0.0007543888641521337,-0.0762551091005074,-0.39072617793846787,27.065453155629722,0.12600845793475307,-0.01917627511798169,-0.00022941099071515741,0.0012403800001266063,1
0.09542703628540039,0.000819052045699209,-0.0008041063556447625,0.000533467042259872,0.0017163330924151658,-0.0014696237610197361,0.0004588329521085021,-0.04451726160441094,0.006904325873016592,-0.0009708043052856219,0.010099545121192932,-0.002166362013667822,0.0007543888641521337,-0.07635423504910811,-0.3902649259400702,27.065432636571074,0.1259217476845121,-0.019159881576975228,-0.0002583506313327709,0.0009638410001571174,1
0.10543084144592285,0.0008216780843213201,-0.0007942700176499784,0.0005257776356302202,0.001691054669429893,-0.0014700627630102876,0.0003784370565334274,-0.044538406729340174,0.006900059347345167,-0.0009676628230703699,0.010817356407642365,-0.0004932452575303614,0.00023149180924519902,-0.07651267287221598,-0.39004471431271603,27.065531780980173,0.12562968613772696,-0.01997986843464689,-2.1377485782684256e-05,0.0009615359995223116,1
0.11543679237365723,0.0008248371304944158,-0.0007826022920198739,0.0005176825798116624,0.0016650882318803087,-0.0012240989579160406,0.00033469996428013777,-0.0445825008300198,0.006908653761028116,-0.0009727286987097905,-0.002285382943227887,0.0013060710625723004,-0.0007305558538064362,-0.07676166658098679,-0.3919427394740078,27.065594234181912,0.13227223519194725,-0.020914581777641276,0.00045823585600237465,0.0009516890004306333,1
0.12543702125549316,0.0008276671287603676,-0.0007685201708227396,0.0005090304184705019,0.0017137370305224842,-0.000984644400811886,0.000363466562856957,-0.0446361539954534,0.006914388421820128,-0.0009678151470287055,-0.006183869205415249,0.0006957477889955044,0.0003157344181090592,-0.07699586945536772,-0.394239051033114,27.065566312153745,0.13448482337125958,-0.020647490436290272,4.405530018692966e-06,0.0009658650005803793,1
0.13545870780944824,0.0008307665702886879,-0.0007534007891081274,0.0005014459602534771,0.0017443387768842785,-0.0009409144988947735,0.0004316910922695081,-0.04451625306730511,0.006902224136019708,-0.000962575504849017,0.012065619230270386,-0.0006504150805994867,0.0007389310048893095,-0.07704743001350445,-0.39359736932819867,27.06550901519145,0.12512398147351803,-0.019936995071104968,-0.00024308929181739012,0.0009576949996699113,1
0.14543914794921875,0.0008335844031535089,-0.0007372028194367886,0.000493441300932318,0.001620766008319036,-0.0008962933203004072,0.0003212628661447777,-0.04458770476967011,0.006917411085364034,-0.000963414445186217,-0.009594673290848732,0.0020166330505162477,-3.177052712999309e-05,-0.07712142281955603,-0.3957545814100071,27.06560239978497,0.13592214254292723,-0.021288850041399462,0.00010148228875866072,0.0009896090004986036,1
0.15544915199279785,0.0008355211466550827,-0.000721030926797539,0.00048556530964560807,0.001607060083244384,-0.0009185631056368861,0.0003732856138699887,-0.04458770476967011,0.006917411085364034,-0.000963414445186217,-0.009594673290848732,0.0020166330505162477,-3.177052712999309e-05,-0.07713685653643161,-0.39702979473254474,27.065578089683285,0.1360864232879926,-0.02131087195030661,0.00013097200024746687,0.0010238960003334796,1
0.16543078422546387,0.0008375836187042296,-0.0007050486747175455,0.0004777228459715843,0.0015971530228502573,-0.000939496269284454,0.0003277647768129719,-0.044525775242070686,0.006912958990259455,-0.000953151281712028,0.01257254183292389,-0.0009266388369724153,0.000468494457891211,-0.07683450086901587,-0.3954836111227959,27.065664978006282,0.12491963458531297,-0.01982665774622218,-0.0001165821974361599,0.0009530850002192892,1
0.17543315887451172,0.0008400072110816836,-0.0006885855691507459,0.00046902592293918133,0.001629808102934422,-0.0008808853437069171,0.0003134649049245959,-0.0445237093529256,0.0069203052664019715,-0.000955162572550794,-0.0006302399560809135,0.0013627551961690187,-9.938521543517725e-05,-0.07698868587379899,-0.3960489125796307,27.06569967038028,0.13128770458941408,-0.020970256102986518,0.000132153020308415,0.0009868150000329479,1
0.18543410301208496,0.0008434043847955763,-0.0006565480725839734,0.00045034554204903543,0.001538288314120783,-0.0008380374619894528,0.00032589212410422043,-0.04447416173656027,0.006900949116187771,-0.0009417441866577114,0.01356898806989193,-0.0018402298446744678,0.0012300864327698948,-0.07707750910326538,-0.3963666035136958,27.065711206569457,0.13138806355085303,-0.020989579697317944,0.0001535523544177428,0.0011750860003303387,1
0.19544196128845215,0.0008443823899142444,-0.0006391055649146438,0.0004412942798808217,0.001611930900570206,-0.0007468814123059967,0.0004169007326452771,-0.04447416173656027,0.006900949116187771,-0.0009417441866577114,0.01356898806989193,-0.0018402298446744678,0.0012300864327698948,-0.07655869433183456,-0.39525527848968756,27.06573713276465,0.12421454170756249,-0.0193249183323042,-0.00048470083183215905,0.0012018320003335248,1
0.20551371574401855,0.0008449625456705689,-0.0006216045585460961,0.0004326191556174308,0.0015264186078171203,-0.0007790561056155111,0.00032893088247918105,-0.04447866371017506,0.006881068905210341,-0.0009328017422229884,0.006565289106220007,-0.0024306969717144966,0.0011672859545797112,-0.07642313546328247,-0.39488435068171457,27.06563612952041,0.12411333749319606,-0.019305196409904857,-0.0005397220767064958,0.003034747999663523,1
0.21556735038757324,0.0008449625456705689,-0.0006216045585460961,0.0004326191556174308,0.0015264186078171203,-0.0007790561056155111,0.00032893088247918105,-0.04447866371017506,0.006881068905210341,-0.0009328017422229884,0.006565289106220007,-0.0024306969717144966,0.0011672859545797112,-0.07601889375829729,-0.3953544046646849,27.065715653926212,0.12759424975435754,-0.018944327910069492,-0.0005230996710807353,0.0008405139997194055,1
0.22542667388916016,0.0008463687263429165,-0.0006047558272257447,0.0004236633831169456,0.0016535428587170198,-0.0008451233138942447,0.00036533753376792155,-0.04442596353448591,0.006881102256664384,-0.0009322833559499699,0.003988747019320726,0.00043608256964944303,6.460075383074576e-05,-0.07634706732564561,-0.3955951954428599,27.065708856773963,0.12876529359331557,-0.020383422432550376,-7.82704013490025e-06,0.0009474990001763217,1
0.23543357849121094,0.000848296273034066,-0.0005897140363231301,0.00041570456232875586,0.0015797688394065977,-0.0009380467808508515,0.0003482870835414333,-0.04451481852497885,0.00688756067428109,-0.0009418398078513412,-0.008718720637261868,0.0010917165782302616,-0.0009796877857297661,-0.07646357363922268,-0.39712566828966755,27.065719854818624,0.13533148958013033,-0.020746048691101644,0.0005408740766625484,0.0009448450000490993,1
0.24544668197631836,0.0008507270831614733,-0.000574112287722528,0.0004082855302840471,0.0017022571993456305,-0.0008297612064606286,0.000296211832799432,-0.0444066643787675,0.006859657971215238,-0.000931403247722784,0.012339476495981216,-0.0025448722299188375,0.001373187638819218,-0.07637794161936193,-0.3959416337124691,27.065821318158463,0.12469262182165095,-0.018867687217340365,-0.0005301039938879489,0.0009572049993948895,1
0.2554359436035156,0.0008532844367437065,-0.0005588291678577662,0.00040009376243688166,0.0016947849653771295,-0.0008149052154224498,0.00024223944661779507,-0.04441001016080115,0.0068639880377729945,-0.000930836440887095,-0.004069971386343241,0.0010408906964585185,0.0005676262662746011,-0.0766867385701289,-0.3969482649603047,27.06590759864232,0.13266806079358467,-0.02063843004599364,-0.0002442741615599873,0.0010176810001212289,1
0.2654414176940918,0.0008564750314690173,-0.0005435763159766793,0.0003922770556528121,0.0017816019244675434,-0.0007984240072273906,0.00034933391748090127,-0.04441001016080115,0.0068639880377729945,-0.000930836440887095,-0.004069971386343241,0.0010408906964585185,0.0005676262662746011,-0.07707779541863936,-0.3976181044564361,27.06581004973126,0.13279498608086432,-0.020676702847536952,-0.00021970445534577124,0.0011565799995878479,1
0.27542662620544434,0.0008602922316640615,-0.0005284052458591759,0.00038560281973332167,0.0018496598352339996,-0.0008068171426970081,0.0003517965990623315,-0.04444238819581203,0.0068614809845302105,-0.0009323254824993299,0.00396543275564909,-0.0013338010758161545,-0.00012532263644970937,-0.07724744071689002,-0.3974195154294557,27.06578879153738,0.12890915134793968,-0.01948849829572878,0.00010944218785373375,0.001474251999752596,1
0.2854921817779541,0.0008692185510881245,-0.0004973713657818735,0.00037359268753789365,0.001865726197285775,-0.0008210955409266984,0.00040664459964129084,-0.044485928913954975,0.006856207388665325,-0.0009227460927214715,-0.010252709500491619,0.0007135756313800813,0.0005015201168134807,-0.0775855652865664,-0.39885530618309345,27.065708565621787,0.13595728567411147,-0.020484464941832682,-0.00015827348517354108,0.0011399600007280242,1
0.2954599857330322,0.0008738553151488304,-0.00048258667811751366,0.0003681021917145699,0.0019787226341046156,-0.0008349633402461011,0.00038855488287497164,-0.04442786339607885,0.006838705952032509,-0.00092021829818556,0.00739979138597846,-0.0013136228080838919,6.043900793883966e-05,-0.0778075555425809,-0.39976321130584563,27.065681956641164,0.13612697708330382,-0.020493461833998732,-0.00018920997328309263,0.0012993889995414065,1
0.3054378032684326,0.0008738553151488304,-0.00048258667811751366,0.0003681021917145699,0.0019787226341046156,-0.0008349633402461011,0.00038855488287497164,-0.04442786339607885,0.006838705952032509,-0.00092021829818556,0.00739979138597846,-0.0013136228080838919,6.043900793883966e-05,-0.0779611044149387,-0.398448387441258,27.065725302735295,0.1272106272414215,-0.019439836818479092,9.223297496361248e-06,0.000979063999693608,1
0.31543517112731934,0.0008812884916551411,-0.00045433457125909626,0.0003588498802855611,0.0015947875800798443,-0.000714058986915468,0.000416755997422804,-0.04439527086566475,0.006848936951469042,-0.0009231161081486583,-0.004641432780772448,0.002237783744931221,-8.785704267211286e-05,-0.0783217050494016,-0.3987584942651683,27.065671028943243,0.13294209969160953,-0.021219612933967853,9.909231504024464e-05,0.0009676800000306685,1
0.3254435062408447,0.0008812884916551411,-0.00045433457125909626,0.0003588498802855611,0.0015947875800798443,-0.000714058986915468,0.000416755997422804,-0.04439527086566475,0.006848936951469042,-0.0009231161081486583,-0.004641432780772448,0.002237783744931221,-8.785704267211286e-05,-0.07779606107207772,-0.3992758510594249,27.06568048030659,0.1330467646775197,-0.02121744646074105,0.00010720732468694295,0.000982484999440203,1
0.3354339599609375,0.0008829988073557615,-0.0004398286109790206,0.00035486280103214085,0.0015671327713201182,-0.00066465395283599,0.0004724557240324173,-0.044378118000544475,0.006854208779885074,-0.0009234271192979371,0.010320614092051983,-0.0015335786156356335,0.00020700119785033185,-0.07707821835519381,-0.39826700594810954,27.065634144298034,0.12558946717080546,-0.019347917028260022,-3.0209319510057417e-05,0.0009896089995891089,1
0.3454446792602539,0.0008837420027703047,-0.0004262830188963562,0.00035148856113664806,0.0015385443117886465,-0.0007539885075755172,0.0006013364800663053,-0.04448428530749471,0.006871506539926742,-0.0009196238525435163,-0.010467248037457466,0.0015262631932273507,0.000571286247577518,-0.07694543041369138,-0.39989425679523416,27.065435623904396,0.13607457915678303,-0.02089483024066071,-0.0002152321694676443,0.0010090220002894057,1
0.35543370246887207,0.0008843665127642453,-0.00041197307291440666,0.0003492549294605851,0.0015655028406876947,-0.0005634230869986759,0.0005782911925762495,-0.04448428530749471,0.006871506539926742,-0.0009196238525435163,-0.010467248037457466,0.0015262631932273507,0.000571286247577518,-0.07692371288100266,-0.4013385467305913,27.065392892547074,0.13625716313540398,-0.02092479800382867,-0.00023125729415171857,0.0009689380003692349,1
0.36543726921081543,0.0008847934659570456,-0.000396865070797503,0.0003475727280601859,0.0015572913694651038,-0.0006007129523452155,0.0005032949291807683,-0.04438715324667175,0.006862435649046095,-0.0009184132537090051,0.0029811454005539417,9.468117059441289e-05,0.0004928795387968421,-0.07672356148048362,-0.4005590852146082,27.065497702272452,0.12930473076607474,-0.020182716013436304,-0.00019949950647634134,0.0009885609997581923,1
0.37543225288391113,0.0008853635517880321,-0.00038249383214861155,0.00034560958738438785,0.0014160673605524592,-0.0003839568778171156,0.0005463285499364131,-0.04438715324667175,0.006862435649046095,-0.0009184132537090051,0.0029811454005539417,9.468117059441289e-05,0.0004928795387968421,-0.07628209705029292,-0.40066733565394397,27.065467914834407,0.12921822067628883,-0.020156790690180747,-0.00019656943614916947,0.0010006419997807825,1
0.3854391574859619,0.0008868605364114046,-0.00035407792893238366,0.00034329132176935673,0.001581656979680801,-0.0003025611494741912,0.0004943754176616296,-0.04438933918188148,0.00684967868116626,-0.0009234494453136399,0.010138359852135181,-0.0016788075445219874,1.013315340969732e-05,-0.07617927649202673,-0.4003043966686915,27.065526280929603,0.12568345847343343,-0.019268491524350624,3.19793426229842e-05,0.0010234070005026297,1
0.3954353332519531,0.0008868605364114046,-0.00035407792893238366,0.00034329132176935673,0.001581656979680801,-0.0003025611494741912,0.0004943754176616296,-0.04438933918188148,0.00684967868116626,-0.0009234494453136399,0.010138359852135181,-0.0016788075445219874,1.013315340969732e-05,-0.07612566747117858,-0.40016428082195704,27.06554287638862,0.12563198335691922,-0.01923598124426732,5.56290598229106e-05,0.0009961729992937762,1
0.40554285049438477,0.0008907958399504423,-0.0003224974498152733,0.00033964001340791583,0.0018171680862974354,-0.00017591502983763726,0.00047745488625233523,-0.044497863344700406,0.0068509030975754115,-0.0009305946692506062,0.0025628465227782726,-0.0016409967793151736,6.297173968050649e-05,-0.07663742990531736,-0.4025522440292246,27.065618237709867,0.1355468307247266,-0.02101698474233812,0.00041437761882765915,0.002083129000311601,1
0.4157266616821289,0.0008941079722717404,-0.00030660955235362053,0.0003382692812010646,0.0017925574216901333,-0.0001747513126051502,0.0005642435273126366,-0.044497863344700406,0.0068509030975754115,-0.0009305946692506062,0.0025628465227782726,-0.0016409967793151736,6.297173968050649e-05,-0.07690999278497995,-0.4030535740220034,27.06546327180803,0.1298686159414664,-0.019308561701456884,7.420498142491917e-05,0.002579296000476461,1
0.4254157543182373,0.0008941079722717404,-0.00030660955235362053,0.0003382692812010646,0.0017925574216901333,-0.0001747513126051502,0.0005642435273126366,-0.044497863344700406,0.0068509030975754115,-0.0009305946692506062,0.0025628465227782726,-0.0016409967793151736,6.297173968050649e-05,-0.07708901643782155,-0.4034151995216032,27.065413002409578,0.1297757965935754,-0.019277912238534246,4.4887867948823354e-05,0.0007902349998403224,1
0.4354228973388672,0.0009005863103084266,-0.0002761853102128953,0.0003395130333956331,0.0016751001822771009,-0.00013982468166892967,0.0006978928575957074,-0.04454128352700426,0.006849558566794922,-0.0009481671790045887,-0.01001710258424282,0.0007765781483612955,-0.0001303819299209864,-0.07767973025165026,-0.40509128091321606,27.065239626185747,0.13613522771016143,-0.02049179927317428,0.00015527624446209665,0.000968518999798107,1
0.44545674324035645,0.0009005863103084266,-0.0002761853102128953,0.0003395130333956331,0.0016751001822771009,-0.00013982468166892967,0.0006978928575957074,-0.04454128352700426,0.006849558566794922,-0.0009481671790045887,-0.01001710258424282,0.0007765781483612955,-0.0001303819299209864,-0.07753178897364595,-0.40617545494597396,27.065155454356113,0.13623356004530918,-0.020488956029731584,0.00016490914831146552,0.0010388409991719527,1
0.4554307460784912,0.000902540807146579,-0.00026039808290079236,0.0003408764023333788,0.001687879324969063,-1.7477319002906432e-05,0.000669306551374755,-0.044493700712989526,0.006837692736734624,-0.0009500161831854648,-0.006842639297246933,0.0010118235368281603,-0.0004764231271110476,-0.07745841051702651,-0.4067039330553392,27.0651621233429,0.13453220554933717,-0.02057366337410869,0.0003292102325692576,0.0010012709999500657,1
0.4654698371887207,0.0009054123656824231,-0.00024351522733923048,0.00034215376945212483,0.0018684017705513588,4.868427683950486e-05,0.0006045580373259257,-0.044493700712989526,0.006837692736734624,-0.0009500161831854648,-0.006842639297246933,0.0010118235368281603,-0.0004764231271110476,-0.0778414401610858,-0.40725930618583817,27.06523565351225,0.13451068224740675,-0.020593322578103927,0.00034326538066173004,0.001159025000561087,1
0.4754340648651123,0.0009082829346880317,-0.000227181677473709,0.0003428818308748305,0.0017204555920412928,-2.7759154162348492e-05,0.0006194823641763379,-0.04443850058208687,0.006829358946815134,-0.0009565554560659884,0.00952409952878952,-0.0005093787913210691,-0.0005591980298049747,-0.07756780153684677,-0.405723535418152,27.065266703524426,0.1262315735918726,-0.019793647336659694,0.00038852767321041266,0.00093046000074537,1
0.48544836044311523,0.0009093047119677067,-0.00021101806487422436,0.00034395017428323627,0.0015823771250506036,4.98037617703737e-05,0.0006095885749382509,-0.04443850058208687,0.006829358946815134,-0.0009565554560659884,0.00952409952878952,-0.0005093787913210691,-0.0005591980298049747,-0.07709235420210521,-0.4050727957564633,27.065282003277883,0.12611301065335231,-0.019767301677725207,0.00039263672352175404,0.0011421240005802247,1
0.4954357147216797,0.0009086549398489296,-0.00019433254783507437,0.0003453399403952062,0.0015403105644808425,0.0001681554133018071,0.0006896564153721612,-0.044475246786526146,0.006832398082036839,-0.0009398016427146771,0.008256728760898113,-0.0006191324209794401,0.0006669958238489927,-0.07670727521106306,-0.4052673903523875,27.065174482539454,0.1268614106572982,-0.01971896588980456,-0.000201965642715011,0.0009914939992086147,1
0.505434513092041,0.0009070027736015618,-0.00016242613492067903,0.0003517015720717609,0.0015186177336052272,-3.7191461606090657e-06,0.0010866079243219717,-0.04448668973655456,0.0068387314929676535,-0.0009415837401123284,-0.004862475208938122,0.0015732728643342853,-0.0006914522382430734,-0.07647461382179462,-0.4053822691428373,27.06514049921367,0.12687273080863296,-0.019719501725705118,-0.0002531458673695056,0.001166634999208327,1
0.5154314041137695,0.0009063599864020944,-0.00014855714107397944,0.00035599368857219815,0.0015531955292121028,-0.00011017941535390103,0.000798265565480069,-0.04455428017407348,0.006837316757597023,-0.0009445664142138099,-0.006100001744925976,-0.00010467985703144224,-0.00013675281661562622,-0.07650202208388215,-0.4064421694507265,27.064624841498404,0.13338983285669598,-0.02083074217865078,0.00038294294365456805,0.0012488289994507795,1
0.5254342555999756,0.000905328372027725,-0.0001345669006695971,0.0003590134729165584,0.001603721175867478,-1.9736762976397372e-05,0.0007879820758074118,-0.04455428017407348,0.006837316757597023,-0.0009445664142138099,-0.006100001744925976,-0.00010467985703144224,-0.00013675281661562622,-0.076544688752059,-0.4075010975952172,27.0648119932717,0.13430229309172328,-0.020016704843872815,0.0001830451436870791,0.0009434479998162715,1
0.5354268550872803,0.000905328372027725,-0.0001345669006695971,0.0003590134729165584,0.001603721175867478,-1.9736762976397372e-05,0.0007879820758074118,-0.04455428017407348,0.006837316757597023,-0.0009445664142138099,-0.006100001744925976,-0.00010467985703144224,-0.00013675281661562622,-0.07657114276312003,-0.40817035568721954,27.064870882524147,0.1343134433622506,-0.020002336109609956,0.00016569585615151656,0.0009546910005155951,1
0.5454485416412354,0.000905328372027725,-0.0001345669006695971,0.0003590134729165584,0.001603721175867478,-1.9736762976397372e-05,0.0007879820758074118,-0.04455428017407348,0.006837316757597023,-0.0009445664142138099,-0.006100001744925976,-0.00010467985703144224,-0.00013675281661562622,-0.07658718321277197,-0.4085748662138918,27.064889676829452,0.13431105075851912,-0.020001985622768136,0.0001641927068141757,0.0010031550000348943,1
0.5554273128509521,0.0009018137934617698,-0.00010363943874835968,0.00036522463778965175,0.0013689012271993779,0.00034264388112434466,0.0007864319462440857,-0.04454796762808755,0.0068281834640009365,-0.0009450158060637648,-0.010108032263815403,0.0007972933817654848,0.00018945950432680536,-0.07609550639128713,-0.4101390379682845,27.064866127745812,0.13631454712310895,-0.02040318158274189,1.2051179432263844e-05,0.0009808790000533918,1
0.5654265880584717,0.0008990727365016937,-8.62691376823932e-05,0.00036828196607530117,0.0014171635273143015,0.0003664579457122424,0.00075499893529007,-0.044426679428062776,0.006813647949972079,-0.0009349185059717158,0.0029652235098183155,-0.00021810337784700082,0.0010009275283664465,-0.0757473697870651,-0.40951728334611764,27.064916377297035,0.12951167944813882,-0.01986715785679999,-0.0003963530098715103,0.0009777360000953195,1
0.5754225254058838,0.0008966221939772367,-6.952120020287111e-05,0.00037088323733769357,0.0014109449701073219,0.0004472798069071508,0.0006945523157488708,-0.04451057963431859,0.006814404923673134,-0.0009438221934483515,-0.0045127770863473415,-0.0007425964577123524,-0.0006005482282489537,-0.07546383300798545,-0.4104491027624793,27.064981633034723,0.13336539112798515,-0.019597652043306074,0.00033309527846777775,0.0009599979994163732,1
0.5854249000549316,0.0008937945822253823,-5.172714008949697e-05,0.00037320476258173585,0.0012503709877828928,0.0005400443920564461,0.000676645372841564,-0.04441730640345609,0.006794707796392796,-0.0009265401754285918,0.010856984183192253,-0.0017522660782560704,0.001673866529017687,-0.07474843878933854,-0.4094791308829616,27.065042420427215,0.12554542543270544,-0.019017681769742594,-0.0006949402043227699,0.000975779999862425,1
0.5954313278198242,0.0008893521735444665,-3.40364858857356e-05,0.00037562724901363254,0.0011628988432649642,0.0005598374414647395,0.0006462187150781779,-0.04441730640345609,0.006794707796392796,-0.0009265401754285918,0.010856984183192253,-0.0017522660782560704,0.001673866529017687,-0.0740987688770713,-0.4090445573743817,27.065093532487815,0.12542653475668034,-0.01900146255764841,-0.000783101787761485,0.0009560879998389282,1
0.6055073738098145,0.0008791634463705122,6.345717338263057e-07,0.0003775832592509687,0.0011497504314024818,0.0005073638184965055,0.0003630268291972619,-0.044475691913452575,0.006767508748635187,-0.0009090181525772678,0.006209588143974543,-0.0021334600169211626,0.00019011521362699595,-0.07370608262868224,-0.40878227847509685,27.065109596210174,0.12542631132996399,-0.019003635820384425,-0.0007907346587936678,0.0033826549997684197,1
0.6157355308532715,0.0008719683391973376,1.785604217729997e-05,0.00037742219865322113,0.0009039168945236348,0.0006545961372372513,0.00046822204538402284,-0.044410521654846935,0.0067656974304504125,-0.0009148274601606943,0.001837991294451058,-0.00012011728540528572,-0.0005628887447528541,-0.07286537898191893,-0.4098637684013833,27.065315443964533,0.12998001467641324,-0.019710629812415538,0.00023968390861263422,0.0007789199999024277,1
0.625507116317749,0.0008630913216620684,3.53236791852396e-05,0.0003781020059250295,0.0007540602822326217,0.0005719980709019728,0.0005077786018366545,-0.044537330552747445,0.006774928258057589,-0.0009120063894281216,-0.011260263621807098,0.0008386416593566537,0.00035225553438067425,-0.07210585928192566,-0.41211695632166134,27.06530962617968,0.1366352357528712,-0.02020264734603625,-9.478308191985282e-05,0.0023146939993239357,1
0.635467529296875,0.0008630913216620684,3.53236791852396e-05,0.0003781020059250295,0.0007540602822326217,0.0005719980709019728,0.0005077786018366545,-0.044537330552747445,0.006774928258057589,-0.0009120063894281216,-0.011260263621807098,0.0008386416593566537,0.00035225553438067425,-0.07162281883506588,-0.41347753724878406,27.065307944921777,0.1369108853120737,-0.020226384207506574,-0.00012614163791304639,0.0008254300000771764,1
0.6454267501831055,0.000853323086630553,5.1354014431126416e-05,0.00037880998570472,0.0007521636439129259,0.0005436373781903908,0.00043240614075996286,-0.044438507315267994,0.006765920349436794,-0.0009076762376238889,0.00988252554088831,-0.0003662588715087622,0.000301506748655811,-0.07113763065024492,-0.41193116991231327,27.06543219223603,0.12614444006601952,-0.019599084607342717,-0.00011475417374096731,0.0009623729993109009,1
0.6554312705993652,0.0008445922285318375,6.642793596256524e-05,0.0003790187183767557,0.0008830255246529164,0.0004931968286503326,0.0004156847136913626,-0.04453511799095322,0.006787402268545684,-0.000909662970219216,-0.008703991770744324,0.0024785574059933424,-0.00012690410949289829,-0.07146255606807245,-0.41311201561096944,27.065461124232566,0.13546455367188268,-0.02108587159234797,9.158762144139906e-05,0.0009666320001997519,1
0.6654386520385742,0.0008356747566722333,8.067382441367954e-05,0.0003781324776355177,0.0008469503956684046,0.00047346289008261315,0.0002801805946267387,-0.04455027694065894,0.006788216947978487,-0.0009013854932247156,-0.003085325937718153,0.00045343898818828176,0.0008962546125985681,-0.07134569035088194,-0.41333830315689785,27.065644161741808,0.13286995210413108,-0.020097604066530793,-0.0003800039358221747,0.0010353480001867865,1
0.675506591796875,0.0008270200341939926,9.44636994972825e-05,0.0003771090123336762,0.0007737736453423294,0.00042672551513282933,0.00034034106367425296,-0.04446507539974043,0.0067868316321164635,-0.0008949096380903576,0.002971719019114971,0.0012130275135859847,-4.718152922578304e-06,-0.07113943699807482,-0.41254022553378605,27.065645277421684,0.12957321257975335,-0.020447377898758518,-8.293482721811562e-06,0.0013106309997965582,1
0.685452938079834,0.0008175587863661349,0.00010772387031465769,0.0003762506239581853,0.0007522152155884623,0.0005027491722212476,0.0003959415469506919,-0.04457141108972662,0.006811522765775457,-0.0009052652501631009,-0.011006878688931465,0.002061542822048068,-0.00037764292210340527,-0.07109443374660251,-0.41401640107534676,27.065547440156227,0.13676867165324666,-0.020947280127976295,0.00021404264256163414,0.0010859079993679188,1
0.6954343318939209,0.0008064808789640665,0.00012042845628457144,0.0003755772777367383,0.0005199181615076288,0.00041278739845505385,0.0004387505755580897,-0.04453705199508695,0.006807663885913584,-0.0009051462551861178,0.008963781408965588,-0.0009546747314743698,0.0002124512247974054,-0.07018166022901902,-0.412693029332085,27.065496890887545,0.12687595726224024,-0.0194147373697655,-4.5994693975778285e-05,0.0009674009997979738,1
0.7054243087768555,0.0007929792045615613,0.0001335649285465479,0.00037515987060032785,0.0003554122814194763,0.00042550085385135506,0.000474838743257938,-0.04453705199508695,0.006807663885913584,-0.0009051462551861178,0.008963781408965588,-0.0009546747314743698,0.0002124512247974054,-0.06920047835919817,-0.41201057508567446,27.065435615191554,0.12672378904599388,-0.019374540314051576,-6.826316148114767e-05,0.0009466599994993885,1
0.7154567241668701,0.0007650306215509772,0.00016097232582978904,0.00037468282971531153,0.0001597443338135595,0.0006237037622705018,0.0006073482770648853,-0.04458539163925268,0.006785856333995088,-0.0009185683565422487,-0.0004008832620456815,-0.002466099336743355,-0.00014953073696233302,-0.06787438260777245,-0.41316683284151784,27.065229591840577,0.13145813623496616,-0.01856952342149705,0.00010937541393773954,0.0009395369997946545,1
0.7254502773284912,0.0007474428857676685,0.00017530066543258727,0.00037367254844866693,-9.058986284049886e-05,0.0007672726083424259,0.0005637428807329436,-0.04448063722658713,0.006752205975664172,-0.0009072611727445334,0.008619054220616817,-0.002289071213454008,0.0007191102486103776,-0.06629712192996359,-0.413008429097966,27.065232201280935,0.12698261413410888,-0.018541909959295964,-0.00027909530432945143,0.000978573999418586,1
0.7354536056518555,0.0007293572416529059,0.00019027438247576356,0.0003739890526048839,9.45867271164558e-06,0.0008495511171399447,0.0008129430315993107,-0.04448063722658713,0.006752205975664172,-0.0009072611727445334,0.008619054220616817,-0.002289071213454008,0.0007191102486103776,-0.06549918189374204,-0.4131678588834502,27.064919449952185,0.12677383410874116,-0.018509614008685088,-0.0003217323407718008,0.0009618840003895457,1
0.7454469203948975,0.0007293572416529059,0.00019027438247576356,0.0003739890526048839,9.45867271164558e-06,0.0008495511171399447,0.0008129430315993107,-0.04448063722658713,0.006752205975664172,-0.0009072611727445334,0.008619054220616817,-0.002289071213454008,0.0007191102486103776,-0.06497470079434876,-0.4133000844399363,27.064819722325492,0.12677034022806857,-0.018511434108795216,-0.00032547286809541526,0.0009657939999669907,1
0.7554490566253662,0.0007128252182155848,0.00020419796055648476,0.0003758335951715708,0.00022537367482259604,0.0006673090978178356,0.0008148383928198747,-0.04451747380492499,0.0067339977033205045,-0.0009052942522616014,0.008389722555875778,-0.0020054832566529512,0.00031315148225985495,-0.06504443283155079,-0.41317646756707366,27.064787211111128,0.12697441465199766,-0.01862204907864554,-0.0001381440265593907,0.0009618840003895457,1
0.7654595375061035,0.0006984423962421715,0.00021648452093359083,0.0003769089817069471,0.0004694480744749757,0.0004402408987414275,0.0007752281942593393,-0.04452725826636117,0.006741638249185833,-0.0009100504263113152,0.0006209106650203466,0.0008934876532293855,-0.0006644793902523817,-0.06589242251669118,-0.41341250413262426,27.064823404079288,0.1308343507203224,-0.020116557050740787,0.0003410388232830343,0.0009516879999864614,1
0.7754576206207275,0.0006857643602415919,0.00022781896404922009,0.0003775170771405101,0.000546290597770981,0.0005518037963568004,0.000710060352300389,-0.04460743662035105,0.006757513943934423,-0.0009051108836923838,-0.008967380970716476,0.0019276839448139071,0.0002950384514406321,-0.06668332351681815,-0.415057998548948,27.064888924876303,0.13589249631814504,-0.02070969896975453,-7.216746724921636e-05,0.0009558089996062336,1
0.7854502201080322,0.000674799841362983,0.0002388993598287925,0.0003780753177125007,0.0008117705007445584,0.00045301494900596237,0.0008670206272400629,-0.04448178377723444,0.006746262725519703,-0.0008981954470601572,0.010982313193380833,-0.0005972280050627887,0.00022553734015673407,-0.06743672735521668,-0.41347550418777446,27.06475298462777,0.12570636622752102,-0.01944740792087435,-8.626857072011778e-05,0.0009618829999453737,1
0.795701265335083,0.0006647051777690649,0.00024868184118531644,0.0003804621228482574,0.0007040720089979149,0.00030831221763305284,0.00098164263004224,-0.044515534503621446,0.006771023383251418,-0.0009051001931981162,-0.007769870571792126,0.003018965246155858,-0.00025681161787360945,-0.068043016340742,-0.4141655869934596,27.064548202832693,0.13492343796732348,-0.021289872694193013,0.0001484750138577994,0.000941912000598677,1
0.8054695129394531,0.0006537659792229533,0.0002571135410107672,0.00038265346665866673,0.0006493056429504049,0.00030502872189533376,0.0010119518255224647,-0.044546027469062555,0.006784182609958389,-0.0008958006778301275,0.004204900003969669,1.5948317013682538e-06,0.0013086856342852116,-0.06799183075521767,-0.4135411020656029,27.064455238613558,0.12922571998882737,-0.019845014705849616,-0.0005768687121486327,0.0021742599992649048,1
0.8157176971435547,0.0006425249157473445,0.00026459843502379954,0.000385262886993587,0.000641593477130065,0.00022163604678391414,0.0009245799147115554,-0.0444077046728637,0.006773629064492415,-0.0008916387950645976,0.009567070752382278,1.1926749721169129e-06,-0.0002798334462568164,-0.0678607973032658,-0.4120178480056674,27.064551901695676,0.12606729880237222,-0.019786189674941508,9.931486877676773e-05,0.0026917940003841068,1
0.8256585597991943,0.0006172262947075069,0.00027831303304992616,0.00038878823397681117,0.000405656931100466,0.00027205312284381045,0.0007972422738275393,-0.044493577970261544,0.006795924845204748,-0.0008911618670390808,-0.00529548991471529,0.0005459767999127508,0.0008527158643119036,-0.06733409477770408,-0.41300494417883005,27.06470859120974,0.1335228987314001,-0.02006936865286193,-0.0003703329697327911,0.0007682359992031706,1
0.8354206085205078,0.0006052277749404311,0.00028410652885213494,0.0003904433688148856,0.0003852720257945441,0.00016403166353258584,0.0007924659290212728,-0.044372884173875526,0.006771041162382474,-0.0008939082310503998,0.013724164105951786,-0.001403670059517026,-0.0008768728584982453,-0.06695253998057099,-0.41359382914435233,27.064758568224068,0.13375924164079728,-0.020105949462126172,-0.0004113367971774692,0.00099246999980096,1
0.8454654216766357,0.0005906536243855953,0.0002905978763010353,0.0003915145352948457,0.0001650006744747491,0.000370632567019222,0.0006183055804986623,-0.044372884173875526,0.006771041162382474,-0.0008939082310503998,0.013724164105951786,-0.001403670059517026,-0.0008768728584982453,-0.06581139005596004,-0.41197525501708077,27.065019907808985,0.12399598911403317,-0.0190354278233719,0.00039685352533778495,0.0010711029999583843,1
0.8554739952087402,0.0005906536243855953,0.0002905978763010353,0.0003915145352948457,0.0001650006744747491,0.000370632567019222,0.0006183055804986623,-0.044372884173875526,0.006771041162382474,-0.0008939082310503998,0.013724164105951786,-0.001403670059517026,-0.0008768728584982453,-0.06509172982814797,-0.411048599288827,27.065101429758233,0.12384523914021608,-0.019020679071936317,0.0004663456835769332,0.0010016189999078051,1
0.8654518127441406,0.000577987520955503,0.00029647513292729855,0.0003912509127985686,0.0006504479680722946,0.00026714074280656503,0.0006017702975152747,-0.044340969060605584,0.006753659958784297,-0.0009088440538267406,0.004696776159107685,-0.0018626960227265954,-0.0004022392677143214,-0.0656128217147168,-0.41102269277783404,27.065141989937487,0.12821486998972556,-0.018791259174528122,0.0002705204149322971,0.001020124000206124,1
0.8754551410675049,0.0005653162370435894,0.00030027542379684746,0.0003907781792804599,0.00018677923103172726,0.00012448599062603313,0.0005500784021329755,-0.044240691678043564,0.006751110382805514,-0.000913253938668035,0.01150563731789589,-9.355952352052559e-05,-0.000382866186555475,-0.06497197812661899,-0.4096679619792469,27.0652464669297,0.12460419371042962,-0.019615477796966253,0.00024640941005734084,0.001597507000042242,1
0.8855106830596924,0.0005515554221346974,0.0003040842420887202,0.0003906692727468908,0.00040145087410569654,0.0002750831193858602,0.0006573213611755098,-0.044311956438636724,0.006762252670866609,-0.0009130676523092518,-0.007065528072416782,0.0010442959610372782,0.0002834318147506564,-0.0651667289433258,-0.41124474860916127,27.065110311055143,0.13397523762783445,-0.020254027740227352,-6.448927889056395e-05,0.0009004300000015064,1
0.8954262733459473,0.0005386119592003524,0.0003088301164098084,0.00039080914575606585,0.00032614328656145673,0.00031432666525083996,0.0005817038476587491,-0.04422165930176547,0.006745713395895692,-0.0009026151478894739,0.013387348502874374,-0.0014277041191235185,0.000270984193775803,-0.06475742401184553,-0.4099997480787473,27.065190388233237,0.12372718930049016,-0.01897240426820548,-0.0001009688153346721,0.000976199000433553,1
0.9054584503173828,0.0005271956324577332,0.00031415626290254295,0.0003896891721524298,0.00030786049311485756,0.0005052016344954369,0.0004643576108998464,-0.04422165930176547,0.006745713395895692,-0.0009026151478894739,0.013387348502874374,-0.0014277041191235185,0.000270984193775803,-0.06442651853348089,-0.40975843654987626,27.065350026254546,0.12358668065782548,-0.01894920550311524,-0.00010399973934148892,0.0009771069999260362,1
0.9154584407806396,0.0005158553831279278,0.00032065081177279353,0.0003877156996168196,0.00041138252706973374,0.0005835025802989644,0.00037759929566894457,-0.04426115238357298,0.006764902130929951,-0.0009159050371967403,-0.005396701395511627,-0.0006586577510461211,0.00032051865127868956,-0.06456250491943427,-0.4117651789766081,27.065479410966372,0.1330153566054586,-0.019400186522802083,-0.0001072984683557486,0.0009537839996482944,1
0.9254586696624756,0.0004946582484990358,0.000333409640006721,0.00038146573933772743,8.440996332796686e-05,0.0005552406663658008,0.0002113025379321434,-0.04414245019320928,0.00674874796717706,-0.0009030886626657519,0.005489431321620941,-0.00030972794047556807,0.0007322576711885631,-0.06382818812835522,-0.41143063941815694,27.065759903258147,0.12758129596345155,-0.019524231237820103,-0.00030906567059179197,0.000985835999927076,1
0.9354569911956787,0.00048250655527226627,0.00033927042386494577,0.0003777775273192674,0.00012799266551469712,0.0006624386296757709,0.0002281774504319354,-0.04426313923723768,0.0067548798752645745,-0.0009121486915306676,-0.011831831187009811,0.0007155951461754738,-0.0008346213144250215,-0.06353183420977712,-0.4136601585464646,27.06579472081391,0.1361089926283127,-0.02003092078780642,0.0004054055644914125,0.0009553190002407064,1
0.9454436302185059,0.00046992479474283755,0.0003454861871432513,0.00037475215503945947,3.352356756425591e-05,0.0006931168624609069,0.00025802343871122514,-0.0442399021971287,0.006749885962555879,-0.0009067319124542728,0.005895107984542847,-0.0007503438973799347,0.0008251477265730501,-0.0633216302686001,-0.4149730658423626,27.06580658434172,0.13640588511189647,-0.020049004047790014,0.0004738617117195735,0.0011845819999507512,1
0.9554367065429688,0.00046992479474283755,0.0003454861871432513,0.00037475215503945947,3.352356756425591e-05,0.0006931168624609069,0.00025802343871122514,-0.0442399021971287,0.006749885962555879,-0.0009067319124542728,0.005895107984542847,-0.0007503438973799347,0.0008251477265730501,-0.06276861189861409,-0.41408280393139857,27.065798284267228,0.12755808213176797,-0.019294043434555416,-0.00030845339430679466,0.0009752919995662523,1
0.9654476642608643,0.00044531901949085295,0.00035779376048594713,0.00036660453770309687,0.00014823199321245878,0.0006143518846830696,0.00029651011415160775,-0.04426448469866395,0.0067360438428654135,-0.0009202520457787244,-0.0061007309705019,-0.0002961297286674382,-0.0012710613664239645,-0.06203414125975227,-0.41503144651340707,27.065892866573954,0.13344350143919786,-0.01945333402212608,0.0006268772858710252,0.0009951249994628597,1
0.9754321575164795,0.00044531901949085295,0.00035779376048594713,0.00036660453770309687,0.00014823199321245878,0.0006143518846830696,0.00029651011415160775,-0.04426448469866395,0.0067360438428654135,-0.0009202520457787244,-0.0061007309705019,-0.0002961297286674382,-0.0012710613664239645,-0.0621408943578513,-0.41523157022323703,27.065774600717596,0.13351886486052736,-0.01948394744148436,0.0007068135560285926,0.0009605569994164398,1
0.9854288101196289,0.0004361263709142804,0.00036356894997879863,0.00036313041346147656,0.0002220988536069267,0.0007451741842156768,0.00024231323829094502,-0.044238273024661545,0.006723536040600386,-0.0009223319120406082,0.00936657190322876,-0.0012575633591040969,0.0005597271956503392,-0.06220292830577622,-0.41411120905557935,27.06581976726796,0.1257925991355007,-0.018975466740322845,-0.00014550863068924435,0.0010006410002461052,1
0.9954371452331543,0.00042799528455361724,0.0003696207713801414,0.0003582311619538814,0.0002802363597115037,0.0006352899946190714,9.828572291488328e-05,-0.044238273024661545,0.006723536040600386,-0.0009223319120406082,0.00936657190322876,-0.0012575633591040969,0.0005597271956503392,-0.06234435247909236,-0.41325165774086237,27.066020973411344,0.12566242600210992,-0.018971572767011585,-0.00021860281348073588,0.0009639079999033129,1
1.0054709911346436,0.0004201347765047103,0.00037513705319724977,0.0003534788847900927,0.0003394464731156159,0.0006553821157895236,0.0002377341269302531,-0.04436815935079341,0.00674057392610683,-0.0009155595785932391,0.004701558500528336,-0.00011420733790146175,0.0010283883893862367,-0.06270427369084274,-0.4137071100263641,27.06589954354804,0.1283576097278285,-0.01959709804145941,-0.0004530187271525394,0.0018411539995213388,1
1.0157701969146729,0.00041253745439462364,0.0003796820528805256,0.0003498622972983867,0.00028388653323811497,0.0006383712183170477,0.0003190383402652698,-0.044296779096522965,0.00673709563545577,-0.0009072313117135522,0.0006479204166680574,0.0004660368140321226,0.000764745520427823,-0.06280117621911031,-0.41407005883637577,27.065768467228253,0.1301965125709473,-0.01987994785060141,-0.0003589855038748429,0.0026515700001255027,1
1.0254526138305664,0.00040579194319434464,0.0003858311683870852,0.0003461929736658931,0.00041366665409996634,0.0007781550529344993,0.00022424432618505622,-0.044296779096522965,0.00673709563545577,-0.0009072313117135522,0.0006479204166680574,0.0004660368140321226,0.000764745520427823,-0.06312989929598259,-0.4146396151144339,27.065838985676532,0.13023932491258083,-0.019896790213673937,-0.0003509780860899667,0.0008169789998646593,1
1.0354588031768799,0.00039987999480217695,0.00039035113877616823,0.00034262388362549245,0.00044682805306969385,0.0006708501603698324,0.0003878322898942735,-0.0443516341392729,0.006746092952821581,-0.0009028946196734111,0.00948325078934431,-0.0009923448087647557,0.00030396791407838475,-0.06326938355018136,-0.4140974988123891,27.065674696825972,0.12601108696189497,-0.0191954231795244,-0.0001403727697724992,0.0009570649999659508,1
1.0454380512237549,0.00038780461181886494,0.0003995460574515164,0.0003352627682033926,0.00021420975099042716,0.0007574893534073844,0.00015736020583997118,-0.04443608953495115,0.006742746737423033,-0.0009017569326412733,-0.0113630136474967,-0.00019462459022179243,0.00011867128341691571,-0.06286660602963848,-0.41633467782478883,27.065880343530036,0.13641221021722835,-0.01955338749230977,-3.0772024853106074e-05,0.0009600679995855899,1
1.0554330348968506,0.0003800410486292094,0.00040536109008826315,0.00033014785731211305,0.0002822853275721306,0.0009370421757187073,-2.060633567087476e-05,-0.04449693295025048,0.006727346521809174,-0.000902716040025453,0.0014026283752173185,-0.003072672290727496,-0.0006805646116845306,-0.06259396273841486,-0.41765775520706444,27.06594615319493,0.1366889975300556,-0.019556101052176738,-2.2725495353503208e-05,0.0011750149997169501,1
1.0654537677764893,0.00037397752748802304,0.0004111556918360293,0.00032537957304157317,0.0003024899925262968,0.0009130233086290068,0.0001831336979666585,-0.04449693295025048,0.006727346521809174,-0.000902716040025453,0.0014026283752173185,-0.003072672290727496,-0.0006805646116845306,-0.06225253391571239,-0.41785196557879195,27.065947106601396,0.13055908328617624,-0.01808181815049887,0.0003534355252795115,0.0010037840002041776,1
1.0754482746124268,0.00037397752748802304,0.0004111556918360293,0.00032537957304157317,0.0003024899925262968,0.0009130233086290068,0.0001831336979666585,-0.04449693295025048,0.006727346521809174,-0.000902716040025453,0.0014026283752173185,-0.003072672290727496,-0.0006805646116845306,-0.06203770118174101,-0.4180059861531206,27.065946644073147,0.13045980830089327,-0.018057295242547945,0.0003857264518221901,0.0010968010001306538,1
1.0854582786560059,0.0003689844743348658,0.0004165025311522186,0.0003213183081243187,0.00047915813069769256,0.0007909542192117018,0.00020976807986627452,-0.04450972805205522,0.006692643924600006,-0.0009017337488828048,-0.012095597572624683,-0.0007601435645483433,0.0010165423154830933,-0.06239181993533421,-0.41917331014399206,27.065906948966322,0.1371695988678277,-0.019131211611436924,-0.0004073058233041186,0.001083533999917563,1
1.095555305480957,0.0003667251148726791,0.00042220615432597697,0.0003183135122526437,0.0009315852660451299,0.0010433165599737033,0.00024898978285110385,-0.04447267740979921,0.00666079132248143,-0.0008930596499019394,0.007226969115436077,-0.0026084454730153084,0.0005392371676862243,-0.06333518380045894,-0.4184754115849921,27.065858530791246,0.12761773623432662,-0.01817565611570489,-0.00026556495523798196,0.0012120270002924372,1
1.105438470840454,0.00036532850936055183,0.0004283423477318138,0.00031697904341854155,0.0007172632035203293,0.0009073638378518901,0.0004590425472480449,-0.04447267740979921,0.00666079132248143,-0.0008930596499019394,0.007226969115436077,-0.0026084454730153084,0.0005392371676862243,-0.06340777557688504,-0.41778110007513836,27.065594159069615,0.12745283794036882,-0.018134377157008087,-0.00025293809973577186,0.0009830429999055923,1
1.1154422760009766,0.00036406051367521286,0.00043467627256177366,0.0003161604981869459,0.0007580659585054895,0.0010327473282723567,0.00037914788120697065,-0.04459096707260457,0.006671158285739942,-0.0008941075873543092,-0.0011426650453358889,0.0008501315605826677,0.000561510445550084,-0.06391193667535577,-0.4189153955812844,27.06558104200037,0.1319593611862694,-0.019895460665586017,-0.0002625528333651883,0.0009649560006437241,1
1.1254386901855469,0.0003635571338236332,0.0004410722176544368,0.00031494046561419964,0.0009393931832276257,0.0009006448090643323,0.0004140418312321258,-0.04447880734989251,0.006663017994169351,-0.0008923708629038352,0.009108860976994038,0.0007711204234510659,-0.0005478550447151066,-0.06458430282596908,-0.4179171361514691,27.065562707849352,0.1266075479969044,-0.01987755894794875,0.00025230806607830057,0.0009549709993734723,1
1.135472297668457,0.0003647248086053878,0.00044684953172691166,0.0003143376961816102,0.0009677579510177449,0.000990160391747691,0.0005821035009004617,-0.04447880734989251,0.006663017994169351,-0.0008923708629038352,0.009108860976994038,0.0007711204234510659,-0.0005478550447151066,-0.065058141963158,-0.41754610901255934,27.06534487375845,0.1265340164602406,-0.019877522660586202,0.00029678356480561076,0.0009534339997117058,1
1.1454546451568604,0.00036719138734042645,0.00045238889288157225,0.00031390186632052064,0.0011162091979827504,0.0008330212450850529,0.0005507940056330648,-0.044582986742305764,0.006713893121883974,-0.0008883728215600684,-0.008908925577998161,0.0026369020342826843,0.0015668373089283703,-0.06606761249032517,-0.4190865309858278,27.065290790895958,0.13574975174689421,-0.02097224788603504,-0.0006935275135149218,0.0010359069992773584,1
1.1554455757141113,0.0003684399416670203,0.00046205020043998957,0.0003141561755910516,0.000595311285882491,0.0009961896625410042,0.000686313191928286,-0.04449251622547301,0.006724176512815205,-0.0008792752863797659,-0.0029066698625683784,0.001191211980767548,-0.00020288914674893035,-0.06537236506347284,-0.41944595343633095,27.065117911786828,0.13279621528557767,-0.020227515024488774,4.78566807834642e-05,0.0009567860006427509,1
1.1654279232025146,0.0003661822702270001,0.00046704200212843716,0.00031428245711140335,0.0004761306336588404,0.0008903142300073607,0.0005872507458953916,-0.04458836129715582,0.006743419794161376,-0.000881882570198389,-0.006673360243439674,0.0016571169253438711,5.5552460253238475e-05,-0.06479873614042135,-0.42020784772799247,27.065177126369523,0.13462516638891833,-0.020482255211493022,-1.5547641641805164e-05,0.000975779999862425,1
1.1754369735717773,0.00036244833609089255,0.00047089223517104983,0.000313321448629722,0.00030665806883768215,0.0008258536130116022,0.00043477580307264336,-0.04447574786251973,0.00671892771621696,-0.0008792706458877753,0.011408977210521698,-0.001965715317055583,-5.43557689525163e-06,-0.06444319161641171,-0.42066017898407027,27.065196012721575,0.13478529165567898,-0.02051523809080923,-1.897186177060407e-05,0.0010044129994639661,1
1.1854300498962402,0.00036244833609089255,0.00047089223517104983,0.000313321448629722,0.00030665806883768215,0.0008258536130116022,0.00043477580307264336,-0.04447574786251973,0.00671892771621696,-0.0008792706458877753,0.011408977210521698,-0.001965715317055583,-5.43557689525163e-06,-0.06338725937861654,-0.41868092759696046,27.065426572577316,0.12549196416591968,-0.01861899157133398,5.386326304064432e-06,0.0009662130005381186,1
1.1954450607299805,0.00035664343158714473,0.0004748184292111546,0.0003115797007922083,5.916401651854682e-05,0.0008235320570730237,0.0004967129197596601,-0.0445529669005702,0.006731599248820608,-0.000885209359523742,-0.009350787848234177,0.0015299494843930006,-0.0005449684686027469,-0.06254355531081192,-0.4197861813439074,27.065395214942747,0.1358610836645106,-0.020348581524598352,0.00026958086514939955,0.0009642579998399015,1
1.2054612636566162,0.0003437663253862411,0.00048040738329291344,0.0003081887261942029,5.4705855293493614e-05,0.0008358045597686058,0.00036963119052090573,-0.04451028186123018,0.006707413634641224,-0.0008713737503494023,0.002703338162973523,-0.00218537007458508,0.0010362812317907812,-0.06161185923238096,-0.41890158393547267,27.06549150063958,0.12991679985775004,-0.01845821889285377,-0.0004654884305152385,0.0032024150004872354,1
1.2157268524169922,0.0003437663253862411,0.00048040738329291344,0.0003081887261942029,5.4705855293493614e-05,0.0008358045597686058,0.00036963119052090573,-0.04451028186123018,0.006707413634641224,-0.0008713737503494023,0.002703338162973523,-0.00218537007458508,0.0010362812317907812,-0.0609663204733288,-0.41866191507749434,27.0655935924369,0.12983588398497678,-0.018425789509350726,-0.0005288297240094161,0.0007928880004328676,1
1.225426197052002,0.00033704444649629295,0.00048517610412091017,0.0003058285510633141,3.656963983355454e-05,0.0010703605375973891,0.00027316889795124197,-0.044441324620361655,0.006687537102802565,-0.0008582214004140276,-0.0006493647233583033,-0.0014077969826757908,0.0005955997621640565,-0.06050837659198281,-0.41915398176730206,27.065737013426027,0.13131832504176535,-0.018755589560652056,-0.0003433591651434705,0.0009609750004528905,1
1.2354531288146973,0.0003303134290035814,0.0004915156168863177,0.0003027472412213683,4.188539636680742e-05,0.0011478579850099746,0.0002987949641256084,-0.04451269905876876,0.006676864219785195,-0.0008582231361442538,-0.003695551073178649,-0.001030385959893465,7.799197919666779e-05,-0.06020974216793903,-0.42019935630644356,27.0657402650061,0.13306712826129272,-0.01892039179536561,-8.425548159449452e-05,0.0009535039998809225,1
1.2454259395599365,0.0003245301777496934,0.0004978743963874876,0.0003004370955750346,0.00011799535453194423,0.0011996008701894935,0.00028556014241840104,-0.04451269905876876,0.006676864219785195,-0.0008582231361442538,-0.003695551073178649,-0.001030385959893465,7.799197919666779e-05,-0.060179395430110194,-0.4209718080859031,27.06575668405147,0.13309686842085455,-0.018931496502065635,-6.211458732577997e-05,0.0009518970000499394,1
1.2554383277893066,0.0003202426596544683,0.0005043830606155097,0.0002979682758450508,0.0003001780132778367,0.0010950077557990228,0.000166985686474109,-0.04447009811670899,0.006673843174466398,-0.0008553152807220243,-0.009065329097211361,0.001696864259429276,-0.00035044323885813377,-0.06081403051650561,-0.42159534276863586,27.06591161963316,0.13562015998442487,-0.020302761664863063,0.00013573226333494983,0.0010104869998031063,1
1.2654571533203125,0.0003124726936221123,0.0005165266338735819,0.00028930010739713907,0.00013020157348583945,0.001116021768903574,-8.36203639195232e-05,-0.044340582287378805,0.006665396251176681,-0.0008449983242839743,0.006663420237600803,0.0012100592721253633,0.00022087019169703112,-0.06119239933155459,-0.42196269132524145,27.065961030344507,0.13565839843175684,-0.02032422364441877,0.00015291744971086214,0.0011417750001783133,1
1.2754511833190918,0.00030726249678991735,0.0005226918729022145,0.0002837872598320246,-8.06297064728238e-06,0.0011067028386573651,-6.284567380540569e-05,-0.044430357358062,0.006689992062285821,-0.0008434840487661077,-0.007519840262830257,0.00207616132684052,0.00034143074299208793,-0.06092542178959573,-0.4203366588578021,27.06632375221813,0.1274889000913561,-0.020038211988793568,-0.0001294780497031542,0.0010010609994424158,1
1.2854723930358887,0.0003014923131559044,0.0005291788256727159,0.00027819446404464543,0.00015541446921808156,0.0011216866547786918,-4.775785536291153e-05,-0.044430357358062,0.006689992062285821,-0.0008434840487661077,-0.007519840262830257,0.00207616132684052,0.00034143074299208793,-0.060963813296449725,-0.4211135908586282,27.066380961529156,0.1346545573991806,-0.02054056065035505,-0.0002092698038156682,0.0010826249999809079,1
1.2954552173614502,0.0003014923131559044,0.0005291788256727159,0.00027819446404464543,0.00015541446921808156,0.0011216866547786918,-4.775785536291153e-05,-0.044430357358062,0.006689992062285821,-0.0008434840487661077,-0.007519840262830257,0.00207616132684052,0.00034143074299208793,-0.060971585014038175,-0.4215713132746703,27.066399308221225,0.13476720145821766,-0.0205489036487416,-0.00021623799211058643,0.0011025980002159486,1
1.3055224418640137,0.00029509427258744836,0.0005354763707146049,0.0002729152038227767,-0.0001586272410334363,0.0011625451733350393,-8.261612775988867e-05,-0.044330690918712445,0.006699227624269888,-0.0008393917132716311,-0.0026898812502622604,0.0020423736423254013,-0.000593781878706068,-0.06025681229436625,-0.4211468010780348,27.0664683987111,0.13208706422072375,-0.020526652718614792,0.00021575390283676515,0.0011062290004701936,1
1.3154430389404297,0.00029509427258744836,0.0005354763707146049,0.0002729152038227767,-0.0001586272410334363,0.0011625451733350393,-8.261612775988867e-05,-0.044330690918712445,0.006699227624269888,-0.0008393917132716311,-0.0026898812502622604,0.0020423736423254013,-0.000593781878706068,-0.05982486468177968,-0.4209002485548518,27.066489997250684,0.13204552787929547,-0.020529025225975994,0.00025287677422364805,0.0010539939994487213,1
1.3254542350769043,0.0002793121966533363,0.0005470560863614082,0.0002614174736663699,-0.0002726271632545248,0.001122484215731227,-0.0001622366587898771,-0.04435241776121357,0.0067006212918356844,-0.0008572860254862924,-0.0008806082187220454,-0.000329743081238121,-0.0017022748943418264,-0.05901142405279367,-0.4206242538317457,27.066610690083287,0.13121069875786828,-0.019337124189115408,0.0007996416527243887,0.0009667719996286905,1
1.3354387283325195,0.0002708325337152928,0.0005530218477360904,0.00025480714975856245,-0.0003850919311345212,0.001183268729903027,-0.00019100196702855884,-0.0443027449116844,0.006669834349670278,-0.0008555938647210048,-0.009694188833236694,0.0004291758232284338,0.00022666613222099835,-0.05819519771572396,-0.42128720613400905,27.066683859903954,0.13542453220095732,-0.019599732890699387,-5.846373027353915e-05,0.001438076999875193,1
1.3454334735870361,0.00026067340513691306,0.0005595797556452453,0.00024850762565620244,-0.00041558942772086595,0.0011931722966099356,-0.00024250182500785468,-0.04428949036815455,0.006657736585371499,-0.0008481147820682544,0.00829102098941803,-0.0023385563399642706,0.0007339605363085869,-0.057279469103049964,-0.419963920801451,27.066799393556828,0.12654244851250512,-0.018185637721237324,-0.00038120329296925377,0.000978714000666514,1
1.3554389476776123,0.00025174629990942776,0.0005660690949298441,0.00024378756643272936,-0.00038848980324614527,0.0013422701740591196,2.0496989475683593e-05,-0.044231791942211274,0.006658911346946628,-0.0008482854478017998,-0.00046022888273000717,0.001016750349663198,2.938529360108065e-05,-0.057077235747273046,-0.42016416636250997,27.066503437577357,0.1305855428450043,-0.019845700960172505,-7.949387871828898e-05,0.001020614000481146,1
1.3654398918151855,0.00024249359557870775,0.0005735605955123901,0.00024004462466109544,-0.00036078441187630016,0.0013317503032829717,-6.205725704892589e-05,-0.044231791942211274,0.006658911346946628,-0.0008482854478017998,-0.00046022888273000717,0.001016750349663198,2.938529360108065e-05,-0.05697486874739367,-0.4202862818551365,27.06651560952318,0.13064950453349858,-0.01987749249550642,-5.342750716576003e-05,0.0010080430001835339,1
1.3754379749298096,0.0002246073418064043,0.0005901901749894023,0.00023067877918947488,-0.0005950612831112128,0.0015080422159616926,-0.00020317521042776733,-0.04417549213827332,0.0066718866929353915,-0.0008343878955754391,0.010736831463873386,-6.955494609428559e-05,0.0009164850343950093,-0.0569128668277368,-0.42035985564224115,27.06651949296966,0.13065006337608173,-0.019878437004279895,-5.119562776517752e-05,0.001216636000208382,1
1.385439157485962,0.00021460902644321322,0.0005976360407657921,0.0002255115396110341,-0.00044743038599917296,0.0013963100497096528,-0.00023710575065214321,-0.04424150544461858,0.006687895704968749,-0.0008336138984716968,-0.010472503490746021,0.001919160014949739,-0.00018997373990714574,-0.05620922017017463,-0.4196197810124049,27.066714058965516,0.12495623357568991,-0.01934952247805227,-0.0004856137770623653,0.0010592309999992722,1
1.3954412937164307,0.0002057208912447095,0.0006040399894118309,0.00021953372925054282,-0.0005127908662168022,0.0013258801770207808,-0.00021434856329756276,-0.04424150544461858,0.006687895704968749,-0.0008336138984716968,-0.010472503490746021,0.001919160014949739,-0.00018997373990714574,-0.05633147157648881,-0.4212375182488866,27.06679667703221,0.13555828445346915,-0.02039621184989604,-1.5933310134173969e-06,0.0012156579996371875,1
1.4055159091949463,0.00019646597502287477,0.0006104700150899589,0.00021412856585811824,-0.0005826549022038949,0.0014241349412031261,-7.366652505611107e-05,-0.04421497782389583,0.006667149478391643,-0.0008479898729030211,0.002394619630649686,-0.00028493875288404535,-0.0009474438265897334,-0.05621378256256109,-0.4220386922347581,27.066806688651386,0.13571610423901898,-0.020407019545604713,3.990886795906303e-05,0.0024095280004985398,1
1.4155688285827637,0.00019646597502287477,0.0006104700150899589,0.00021412856585811824,-0.0005826549022038949,0.0014241349412031261,-7.366652505611107e-05,-0.04421497782389583,0.006667149478391643,-0.0008479898729030211,0.002394619630649686,-0.00028493875288404535,-0.0009474438265897334,-0.05565101267636166,-0.42143648663091837,27.06665578160871,0.12927344751875108,-0.019238495574144757,0.0004151540226424042,0.0008035720002226299,1
1.4254262447357178,0.00018709122377913445,0.0006176963797770441,0.00020978099200874567,-0.0004954530158741109,0.0014532862692421056,-8.148848279652446e-05,-0.04432667496663134,0.006670247654497974,-0.0008605733119155801,-0.010323746129870415,0.00023288233205676068,-0.0009606971289031208,-0.055537615876406175,-0.4228167734540081,27.06659467567269,0.1358038400780513,-0.019496527594205244,0.0004715721099135205,0.0009421209997526603,1
1.4354362487792969,0.0001782193867256865,0.0006248341524042189,0.00020434321777429432,-0.0006592724821335257,0.001361719215784694,-8.618357044437807e-05,-0.04432667496663134,0.006670247654497974,-0.0008605733119155801,-0.010323746129870415,0.00023288233205676068,-0.0009606971289031208,-0.05505473538406496,-0.4234470580518949,27.066593789446493,0.13589502059837613,-0.019484868251997085,0.0004763294489050811,0.000964816999839968,1
1.445448637008667,0.00016802029858808964,0.0006316942162811756,0.0002001761458814144,-0.0006314703496155996,0.0013797099236410168,3.350975011572457e-05,-0.04430649947577514,0.006649217002758778,-0.0008665321050806973,-0.010879531502723694,0.0017633652314543724,0.000382087077014148,-0.05485523261119036,-0.4238646402113074,27.0664508725622,0.13611151759084944,-0.02019354012660146,-0.00014711466493908968,0.0009939370002030046,1
1.455428123474121,0.0001573065237607807,0.0006385123124346137,0.00019676245574373752,-0.0007121709640231293,0.0014002202081396335,0.0001470316465536105,-0.04439434498690442,0.006660850342994351,-0.0008599165027991518,-0.0022161707747727633,0.0003635676694102586,0.0006209369166754186,-0.054408317830314835,-0.42367490443144823,27.06627114386828,0.13208137170886503,-0.019532084416184824,-0.0003215974253911413,0.000965934000305424,1
1.4654333591461182,0.00014637212734669447,0.000646108528599143,0.00019355808035470545,-0.0006928213405925918,0.0013873603893446282,1.749480094642178e-05,-0.04439434498690442,0.006660850342994351,-0.0008599165027991518,-0.0022161707747727633,0.0003635676694102586,0.0006209369166754186,-0.05414140208420619,-0.42359161417604285,27.06637681120925,0.13201677396063508,-0.019523519023616348,-0.0003366322666349746,0.0010131420003745006,1
1.4754304885864258,0.0001245046005351469,0.0006583899958059192,0.00018291198648512363,-0.0006089382804857353,0.0011446749553841516,-8.740386467518986e-05,-0.044443307898410556,0.00668194433856284,-0.0008574292132248473,-0.011251569725573063,0.0026378107722848654,0.00045150506775826183,-0.054433001040197326,-0.42406676707769386,27.06654843215613,0.13654432745052641,-0.020700258343699405,-0.0002596199352693058,0.0009696349998193909,1
1.4854366779327393,0.00011448292207205668,0.0006619215128012002,0.00017768991529010236,-0.0006451237131730298,0.000999237643463208,-4.20917765459257e-05,-0.04438875297323941,0.006672277250781011,-0.0008448904960012271,0.008293230086565018,-0.0010521468939259648,0.0007611077744513751,-0.05405797579781369,-0.421956026988666,27.066588829481205,0.12690272289659654,-0.018885225564183726,-0.0004064135401745051,0.0009772460007297923,1
1.4954919815063477,0.0001034277374856174,0.0006650706636719406,0.00017263443442061543,-0.0006471153464952103,0.0008606892658757069,-5.057340200856285e-05,-0.04438865019848226,0.00668884791785862,-0.0008541953742269293,-0.004702974110841751,0.0027218644972890615,-0.0002618984726723287,-0.053816080219063166,-0.4207320043679815,27.0666001893752,0.1266797953369524,-0.018841499495047476,-0.0004292742827542767,0.0012963139997737017,1
1.5054545402526855,0.0001034277374856174,0.0006650706636719406,0.00017263443442061543,-0.0006471153464952103,0.0008606892658757069,-5.057340200856285e-05,-0.04438865019848226,0.00668884791785862,-0.0008541953742269293,-0.004702974110841751,0.0027218644972890615,-0.0002618984726723287,-0.054040962317744815,-0.42092898590030203,27.06661167687488,0.13310590020270335,-0.020773834204132903,5.922893509945071e-05,0.001096312000299804,1
1.5155394077301025,9.264731488656253e-05,0.0006667526322416961,0.0001669802877586335,-0.0006517037982254412,0.0007328483041821126,-0.000168700601142955,-0.04447333301751266,0.006709112083951307,-0.000845655480147478,-4.23934543505311e-05,2.651302202139057e-05,0.0005745190428569913,-0.05393302141276744,-0.4206149649374816,27.06677226670886,0.13113551447816993,-0.019518108524317374,-0.0002998467686702183,0.001081158000488358,1
1.525432825088501,8.184076432371512e-05,0.0006661317311227322,0.00016023628995753825,-0.0007659007097147471,0.0006473157551002094,-0.000318092934959039,-0.04438927430465567,0.006690800907472649,-0.0008411720319370097,0.009125648997724056,-0.001935711712576449,0.00039044462027959547,-0.05331114919841383,-0.4190678692994084,27.067038503789025,0.12630847428757175,-0.018450960666086116,-0.00025013434604694533,0.0009845089998634649,1
1.5354399681091309,6.987583037698641e-05,0.000663925486151129,0.0001518735516583547,-0.0008807867417689561,0.0005504370772202939,-0.0003827811754835265,-0.04450419960835106,0.006695430157838356,-0.0008387938879979018,-0.01081622950732708,0.00040710566099733114,0.00011196637206012378,-0.052868191146172736,-0.4202491335010972,27.067184771088275,0.13644373058984285,-0.01960678211236904,-0.0001153224449471061,0.001099245000659721,1
1.5454304218292236,5.6407869124086574e-05,0.0006612702272832394,0.00014398220810107887,-0.000888639653794367,0.0005435705517437289,-0.0004249053324702176,-0.04446423735536742,0.006666013356101619,-0.000832778047679561,0.010537422262132168,-0.0034422660246491432,0.0003343067364767198,-0.05204462866501334,-0.4187199573107303,27.06732238974192,0.1259056631823811,-0.017618127795287354,-0.00021700590507802702,0.0009907929998007603,1
1.5554380416870117,4.290867582312785e-05,0.0006569750257767737,0.00013568032591138035,-0.0010552327152218413,0.0004985480310038044,-0.0003758205299417333,-0.04440904542560453,0.006651140221328511,-0.000830745561697821,-0.002242972841486335,-0.0011314295697957277,0.00021269907301757498,-0.05128188894864504,-0.41872693733957356,27.067309004486443,0.13190653792081306,-0.018680933024642184,-0.0001700206828780474,0.0009714509997138521,1
1.5654404163360596,2.8574157113325782e-05,0.0006514120614156127,0.00012824646546505392,-0.001092846039906731,0.0002511948680948858,-0.0003199571805886116,-0.04449901588801097,0.0066434116325782,-0.0008318853975040064,-0.00605172012001276,-0.0011073542991653085,-0.000616315344814211,-0.050642002571744456,-0.4188047016915557,27.06724714175745,0.1341291831969971,-0.01868668372144192,0.00022508574264068617,0.0009567150000293623,1
1.5754456520080566,1.3243716239230707e-05,0.0006437271367758512,0.00012130677350796759,-0.0012705611299866498,0.00017575055111447926,-0.00028340925917890515,-0.04449901588801097,0.0066434116325782,-0.0008318853975040064,-0.00605172012001276,-0.0011073542991653085,-0.000616315344814211,-0.049782269472403426,-0.41863460616207604,27.067197262750696,0.134156499840678,-0.018670842500952193,0.0002590191195137565,0.0009699840002213023,1
1.585439682006836,-1.8079037545248866e-05,0.0006353959906846285,0.0001121298482757993,-0.0010568116558927916,0.004433179739322891,-0.0007508517620135784,-0.04444687371907685,0.006625805546534025,-0.0010950576663804057,-0.012528005987405777,0.010555498301982876,-0.03228618949651718,-0.05067261222730687,-0.42876583632590265,27.067534449753136,0.13772842689981937,-0.024472418959731415,0.015209628892948192,0.0009721480000735028,1
1.5954341888427734,-3.89409287890885e-05,0.0006414219969883561,0.00010896106687141582,0.00230801152097786,0.0015219310314534662,0.0008133755140367242,-0.044424756606520344,0.0066916206901650455,-0.0010308493298261112,0.00934538897126913,0.009702540934085848,0.007736382540315389,-0.05111860047924221,-0.4348643006249348,27.06764398827206,0.13767115306010974,-0.02454774519254825,0.01670960395290145,0.001152387999354687,1
1.6054878234863281,-2.6174688173341565e-05,0.0006491054664365947,0.00011391226871637627,-0.002099197823552485,0.0019316279795192656,-0.0007935868342986916,-0.044323314053931195,0.006768486018961628,-0.0012123092715619066,0.004600179381668568,0.004493095912039278,-0.01362347137182951,-0.0592697691656765,-0.4295586870512011,27.065915108690447,0.12643201836406034,-0.024671794566338813,-0.0020171758174399555,0.0033737129997462034,1
1.6155095100402832,-5.480834443005733e-05,0.0006194559391587973,0.00010420597391203046,-0.003929213155543407,-0.005832507275520557,-0.0004769738449228335,-0.04432049318007403,0.006607829823791267,-0.0014507222525650398,-0.01281728595495224,0.004997957032173872,-0.0024741173256188635,-0.05387442753054002,-0.4276133403426168,27.067352232466416,0.12838070510937913,-0.02181887909326031,0.006621507550508832,0.0009614640002837405,1
1.625648021697998,-9.280767699237913e-05,0.0005503234569914639,9.304540435550734e-05,-0.0015692062443113848,-0.004343208856965444,0.00046463333936936615,-0.0441921743301692,0.006770245258571617,-0.0010979933282078136,0.021003853529691696,-0.0010197694646194564,0.011168873868882656,-0.0458035845287657,-0.41009175888198074,27.06784257212373,0.1362576813970779,-0.021414834237342542,0.0024289206808783713,0.0012048329999743146,1
1.6354238986968994,-9.280767699237913e-05,0.0005503234569914639,9.304540435550734e-05,-0.0015692062443113848,-0.004343208856965444,0.00046463333936936615,-0.0441921743301692,0.006770245258571617,-0.0010979933282078136,0.021003853529691696,-0.0010197694646194564,0.011168873868882656,-0.04621467440173044,-0.39881197985477623,27.066805149601016,0.11945650716390066,-0.019128097219847814,-0.00476358942188721,0.0008092269999906421,1
1.6454317569732666,-9.280767699237913e-05,0.0005503234569914639,9.304540435550734e-05,-0.0015692062443113848,-0.004343208856965444,0.00046463333936936615,-0.0441921743301692,0.006770245258571617,-0.0010979933282078136,0.021003853529691696,-0.0010197694646194564,0.011168873868882656,-0.04647066107661015,-0.3920571420890991,27.06647272851027,0.1192295483403882,-0.019087576417953955,-0.005381558762444236,0.0009692160001577577,1
1.6554410457611084,-9.280767699237913e-05,0.0005503234569914639,9.304540435550734e-05,-0.0015692062443113848,-0.004343208856965444,0.00046463333936936615,-0.0441921743301692,0.006770245258571617,-0.0010979933282078136,0.021003853529691696,-0.0010197694646194564,0.011168873868882656,-0.04662525751805864,-0.3879747412931203,27.06636579080219,0.11925196775905553,-0.019085824065680435,-0.005434573220833935,0.0009559469999658177,1
1.6654391288757324,-9.377425158163533e-05,0.0005015734932385385,0.00014997924154158682,-0.0005572447554061332,0.002509577665017143,0.0033013229261891815,-0.0441921743301692,0.006770245258571617,-0.0010979933282078136,0.021003853529691696,-0.0010197694646194564,0.011168873868882656,-0.048980160153476435,-0.40085001991024916,27.062407435152963,0.11994125611653499,-0.01918209971627126,-0.0054393035697494745,0.0009667009999247966,1
1.6754348278045654,-9.377425158163533e-05,0.0005015734932385385,0.00014997924154158682,-0.0005572447554061332,0.002509577665017143,0.0033013229261891815,-0.0441921743301692,0.006770245258571617,-0.0010979933282078136,0.021003853529691696,-0.0010197694646194564,0.011168873868882656,-0.05040200248686259,-0.408519112275016,27.061160504515637,0.11990039206488275,-0.019174718515975284,-0.005439635672783878,0.000962512000114657,1
1.6854362487792969,-0.00011448001168901101,0.0004654820659197867,0.00021197418391238898,-0.0023135209912302818,-0.005551808506671597,0.010757499378078747,-0.043649260048828076,0.006914560505917766,-0.0022809643283463465,0.014676322229206562,0.011855896562337868,-0.05419067293405533,-0.04867550315646742,-0.39235440742206323,27.05200754779156,0.12062128366361084,-0.025826352238635865,0.026636289893950466,0.0009747329995661858,1
1.6954491138458252,-0.0001225293817697093,0.00037283997517079115,0.00029790709959343076,0.0015949184369969621,-0.009432816821833001,0.009221800656965307,-0.04269756912194378,0.007168725369826934,-0.0027527046773858643,0.07377415895462036,0.022440407425165173,-0.022278284654021267,-0.05862581115026021,-0.36436084508684374,27.051193377161525,0.08821954854885533,-0.03240849122581369,0.01496784538319621,0.0009746619998622919,1
1.7054309844970703,-0.00012058063293807209,0.00027391366893425584,0.00039147050119936466,0.0016048866194313606,-0.009732546204265422,0.012241318881885285,-0.04231318838328901,0.0073188700125452755,-0.002793951999107147,0.07547532021999359,0.02950448915362358,0.001151389675214883,-0.06586533305492691,-0.34458673704076476,27.047153405520167,0.0857760898213817,-0.03645897831446353,0.003019127023146927,0.000977106000391359,1
1.7154664993286133,-0.00012460010475479066,0.00016342051094397902,0.0005476854857988656,-0.002196411823261384,-0.010106255220414714,0.017119148792524918,-0.04158475669523698,0.007602166794714371,-0.002808792938289617,0.09152554720640182,0.03249401971697807,-0.0010745702311396638,-0.0626986947193142,-0.3266481989188997,27.039812911878453,0.07566765776041649,-0.038437607995074036,0.0030489502759895146,0.0011074150006606942,1
1.725437879562378,-0.00013782913447357714,1.9330491340951994e-05,0.0007601168472319841,-0.001565837651378387,-0.017181424428895267,0.024871764701332556,-0.03969015451591096,0.008119917630273754,-0.0023332669773830084,0.15050771832466125,0.03371121361851693,0.05338302999734878,-0.06411867846168255,-0.2858026200775229,27.028205801278848,0.040022264372166036,-0.04063998136163397,-0.023089940054491085,0.0010655160003807396,1
1.7354652881622314,-0.0001703150337561965,-0.00020863363170064986,0.0010430233087390661,-0.005464619940478575,-0.02121273978628509,0.03369155531461985,-0.0380664402626012,0.008396172390959133,-0.0016627314243744529,0.15166199207305908,0.02157718874514104,0.07099311053752899,-0.05552352124913519,-0.24428579805133743,27.01366070414014,0.0338247366908689,-0.035018411605663276,-0.034391962802009485,0.0010844400003406918,1
1.74544095993042,-0.00020009491709060967,-0.0003921888128388673,0.0014500162797048688,-0.0015961947556785685,-0.015318351567049424,0.0483397842153942,-0.03621434051645478,0.008548054969773844,-0.001135557229276607,0.22158320248126984,-0.0004809053207281906,0.05804550275206566,-0.05718550436939877,-0.21752188604886943,26.99040039279041,-0.005629595088463044,-0.024688981674474593,-0.029925968545917156,0.0010873730007006088,1
1.7554450035095215,-0.0002871098986361176,-0.0007846179069019854,0.0027969959191977978,-0.008643772341297767,-0.014390050924263051,0.08990399546783573,-0.033737600221614095,0.00859856594634989,-0.0004322942686316722,0.27019453048706055,-0.01367720589041709,0.07682742923498154,-0.058224596057805646,-0.20151116550274695,26.983017147293538,-0.006172897401520363,-0.024521515105321023,-0.029551221997836878,0.0011898880002263468,1
1.7654433250427246,-0.0003289179876446724,-0.0009880168363451958,0.0038150204345583916,-0.0007484312814374485,-0.02667678510079108,0.11382333936505576,-0.02910051037271133,0.008108474586603354,0.0009368980463957399,0.3196752667427063,-0.02720344439148902,0.07943224161863327,-0.040339561063831755,-0.17572914160076994,26.92818675317444,-0.03749411093226193,-0.017302266208589198,-0.03917281150347925,0.0011546929999894928,1
1.7754261493682861,-0.0003889038634952158,-0.0012363838031888008,0.005058267619460821,-0.00944200705930573,-0.019569461824499326,0.13509050016853552,-0.02529442353093625,0.00792569394551057,0.0015218780787651376,0.39180800318717957,-0.03849192336201667,0.07149442285299301,-0.04399098693068637,-0.10905353207297892,26.880726198780827,-0.07724426033886547,-0.00976661569064231,-0.04287648968317602,0.0011391890002414584,1
1.7854251861572266,-0.0003889038634952158,-0.0012363838031888008,0.005058267619460821,-0.00944200705930573,-0.019569461824499326,0.13509050016853552,-0.02529442353093625,0.00792569394551057,0.0015218780787651376,0.39180800318717957,-0.03849192336201667,0.07149442285299301,-0.023878296359796082,-0.06345215822780234,26.83800151072531,-0.12384205721323394,-0.0025685878871070187,-0.0401833314472794,0.0009585309999238234,1
1.7954387664794922,-0.00043349454062990844,-0.0014950622571632266,0.006559297442436218,-0.0031907278460433573,-0.029050547466824624,0.16265456381280335,-0.021332983686499496,0.007252329330344587,0.0024051630189423356,0.4046304225921631,-0.03369449079036712,0.07110586762428284,-0.023525193601626474,0.0024616780229904794,26.788996207813003,-0.14335555277799447,-0.0035483191154748496,-0.040847907506097306,0.000999103999674844,1
1.8054981231689453,-0.0005734957521781325,-0.002075707074254751,0.010315493680536747,-0.002768747874205305,-0.03367621432780848,0.21714437010802856,-0.012197254465033947,0.005941932765952895,0.0036044922385025657,0.4949985146522522,-0.09335430711507797,0.054898843169212355,0.001157440979668016,0.058269901689211194,26.74481037476102,-0.18869793812566762,0.01153606884623774,-0.039262551522980416,0.0030680529998790007,1
1.815720558166504,-0.0005734957521781325,-0.002075707074254751,0.010315493680536747,-0.002768747874205305,-0.03367621432780848,0.21714437010802856,-0.012197254465033947,0.005941932765952895,0.0036044922385025657,0.4949985146522522,-0.09335430711507797,0.054898843169212355,0.0019020203042403013,0.12818053264994328,26.68790352472873,-0.21589394313972923,0.030189520553751643,-0.03451645349742484,0.0008180269996955758,1
1.8256475925445557,-0.0005734957521781325,-0.002075707074254751,0.010315493680536747,-0.002768747874205305,-0.03367621432780848,0.21714437010802856,-0.012197254465033947,0.005941932765952895,0.0036044922385025657,0.4949985146522522,-0.09335430711507797,0.054898843169212355,0.0022822540471565214,0.17026413303624593,26.669823568356612,-0.21612097296690352,0.030500338311657757,-0.03413850104414218,0.0012199859993415885,1
1.8354628086090088,-0.0005734957521781325,-0.002075707074254751,0.010315493680536747,-0.002768747874205305,-0.03367621432780848,0.21714437010802856,-0.012197254465033947,0.005941932765952895,0.0036044922385025657,0.4949985146522522,-0.09335430711507797,0.054898843169212355,0.0025125489520281784,0.19567557075447528,26.664064344470138,-0.21599520526072385,0.030504696222643065,-0.03410666443470927,0.0010010599999077385,1
1.8454697132110596,-0.0007813872070983052,-0.003184899687767029,0.01781073771417141,-0.005951783607551966,-0.04169688372376722,0.28336295485723384,-0.007164592489530719,0.0055337589155182165,0.004062733278036301,0.50376957654953,-0.06909138709306717,0.04616047441959382,0.010909791492281223,0.25135575194351906,26.571897328134586,-0.2358624629775068,0.019919287194967956,-0.030614606452378217,0.0010909350003203144,1
1.8554410934448242,-0.0008330391719937325,-0.0036770938895642757,0.020748110488057137,-0.009204652911024538,-0.050685007598021935,0.30193787805542144,0.009148995109908409,0.002632253121659378,0.005192964585142956,0.5620278716087341,-0.10007451474666595,0.03872819617390634,0.035465516946823455,0.3603242660796914,26.51515824683886,-0.31308081027760803,0.04379257125980181,-0.028085808023589627,0.0010444949994052877,1
1.8654308319091797,-0.00091955391690135,-0.004199853166937828,0.023870989680290222,-0.007082032883403519,-0.055594418923633655,0.3207931517246923,0.018162681024341598,0.0010893436980556892,0.005845373560176892,0.6199460029602051,-0.08765537291765213,0.03158349543809892,0.04927428457241671,0.4695828180899264,26.469173865885992,-0.3693563883432576,0.04212687733605051,-0.02534310925793786,0.0009893269998428877,1
1.8754467964172363,-0.0010053368750959635,-0.0047806864604353905,0.027154989540576935,-0.014686358090098573,-0.05607648314303418,0.3348653910406633,0.024086727768189764,0.00025695249731017,0.006156905892634068,0.5954033732414246,-0.12044472247362137,0.013277524150908009,0.08078122041927635,0.5524029971866865,26.43267831000277,-0.37504783085908405,0.061477299080813036,-0.016820191614405462,0.000989676000244799,1
1.8854589462280273,-0.0011194106191396713,-0.005400970112532377,0.030617302283644676,-0.008482784962423407,-0.06972349453300984,0.3578943311785276,0.029906027219847697,-0.001150720153191731,0.006349038264203077,0.5759475827217102,-0.11290083825588226,0.03527077659964563,0.08950025891964629,0.6489794847905019,26.387398850300592,-0.38348663709423786,0.06143568757555156,-0.02666675293535252,0.0010003610004787333,1
1.8954579830169678,-0.0013703994918614626,-0.0068730320781469345,0.038054779171943665,-0.011413293908781257,-0.08517457648104657,0.39006227230296076,0.0358772689791893,-0.002327782405810108,0.006599222012348527,0.5655306577682495,-0.13704264163970947,0.006721340119838731,0.10740143401290486,0.758084873770598,26.322898823481882,-0.38869588114356096,0.07542408926024079,-0.014186414353598327,0.002144647999557492,1
1.9054806232452393,-0.0015290112933143973,-0.007721163332462311,0.042022448033094406,-0.0153686060501633,-0.08099296079134793,0.40590199797739723,0.043586357406925735,-0.004465455522054018,0.006726207159685416,0.5222602486610413,-0.15844258666038513,0.029044544324278852,0.11861817119636965,0.826598490663267,26.302505229225744,-0.3968669119385854,0.07725687598535973,-0.013346889546529276,0.001099523999982921,1
1.915482521057129,-0.0016683205030858517,-0.008606616407632828,0.04615110531449318,-0.016204651518705045,-0.09572658024161057,0.4187011418623606,0.048901810047224714,-0.0063503954769990045,0.006674658431559344,0.5046555995941162,-0.14571139216423035,0.009293588809669035,0.1486849888428771,0.9227256577492284,26.24809779637569,-0.3980014098286722,0.09090187939707216,-0.014602284718419461,0.0011428910001995973,1
1.9254331588745117,-0.0016683205030858517,-0.008606616407632828,0.04615110531449318,-0.016204651518705045,-0.09572658024161057,0.4187011418623606,0.048901810047224714,-0.0063503954769990045,0.006674658431559344,0.5046555995941162,-0.14571139216423035,0.009293588809669035,0.16689855918733434,0.9821516800367087,26.23086170419262,-0.40521916929244417,0.09367078078940233,-0.014687960647159371,0.0012060900007782038,1
1.9355700016021729,-0.0018323766998946667,-0.009589673951268196,0.05040295794606209,-0.016934087744831208,-0.10003610924653661,0.4343523675254178,0.053541881672301894,-0.007821348217307289,0.006603410773624141,0.46400347352027893,-0.15939313173294067,-0.012742741964757423,0.18479241473740157,1.037790775806226,26.1998547261001,-0.3989608051556652,0.10472487889690017,-0.0042781961453320794,0.0011397479993320303,1
1.9454405307769775,-0.0020309474784880877,-0.010661538690328598,0.054774556308984756,-0.022110108238037784,-0.11140514872246524,0.4411967397839231,0.05755089061689356,-0.009435430020776181,0.006453708295979688,0.4151679277420044,-0.17174138128757477,-0.0005316976457834033,0.2134274516079884,1.106182817578374,26.174673099263295,-0.387261326557104,0.11616544181101289,-0.008966913077462292,0.0010515490002944716,1
1.9554319381713867,-0.002222973620519042,-0.01183142326772213,0.05923958122730255,-0.021768724809059795,-0.12132901876187405,0.45331376736037404,0.0615852177809848,-0.011369148677710772,0.006288834566315682,0.3666697144508362,-0.20925092697143555,-0.022099429741501784,0.2383102259648993,1.178613970376741,26.144735075143434,-0.37560534970870557,0.14047454233806533,0.0009023964538263513,0.0010572749997663777,1
1.9654357433319092,-0.0024668616242706776,-0.013036619871854782,0.06378418207168579,-0.022930210261947272,-0.12162810450590701,0.4634772244599184,0.06460211385706494,-0.013176776986060013,0.005809284109647095,0.2688502073287964,-0.18386374413967133,-0.039961639791727045,0.25849834218872875,1.2248863199046398,26.116701842789613,-0.3356700634656003,0.13342176622498111,0.010624461200258258,0.0010840909999387804,1
1.9754278659820557,-0.0027165107894688845,-0.0143604576587677,0.06842322647571564,-0.030830258959313444,-0.1373942963442611,0.46681895775643,0.06778411508267324,-0.016168524316144683,0.005069338893879394,0.19595208764076233,-0.23759140074253082,-0.05080649629235265,0.30139169888727224,1.2947560175164579,26.095837399054084,-0.30966474934584576,0.16936657497737095,0.017317546795801553,0.0010582519998934004,1
1.9854276180267334,-0.002996675670146942,-0.015731118619441986,0.07314153760671616,-0.030028361606487627,-0.13883461732374924,0.4810854769376837,0.06930229448105285,-0.018725214759531372,0.004243144988843817,0.098947674036026,-0.23362036049365997,-0.06258980929851529,0.33112435965140347,1.3384438758521626,26.06563371681878,-0.26570630986910493,0.1751528339533746,0.02431296845735413,0.001042120999954932,1
1.9954395294189453,-0.0032957871444523335,-0.017178975045681,0.07792841643095016,-0.03199066724513255,-0.14732876886214305,0.48836541007182377,0.06964360318488172,-0.021102302391108996,0.0034248919976271885,0.024348335340619087,-0.23802752792835236,-0.07771272212266919,0.3598719572848103,1.3830953084581605,26.040555566762123,-0.22992170944214613,0.18436767848213226,0.03288793551261063,0.0010943569996015867,1
2.005552291870117,-0.003997183404862881,-0.020254475995898247,0.08773786574602127,-0.03550168593788125,-0.1578402996133569,0.5071973193376245,0.06955617676816894,-0.023349567798055304,0.002525414971700446,-0.03737732395529747,-0.24037542939186096,-0.06793068349361417,0.38617023262479344,1.4179220519833216,25.909799234864344,-0.19964496897792255,0.18932155617718063,0.029285282534744994,0.001918877999742108,1
2.0157346725463867,-0.004372062627226114,-0.021899139508605003,0.09273818880319595,-0.04564400903573849,-0.1638661808474953,0.5107324704868803,0.06765851309602633,-0.02698800483730457,0.0009217226319857552,-0.16686803102493286,-0.24180759489536285,-0.0918449908494949,0.4368702806732635,1.4535127348978634,25.906183087036865,-0.13282289323725005,0.19951336026809807,0.04134962301671111,0.0032887260003917618,1
2.025420904159546,-0.004812352824956179,-0.023556966334581375,0.09780105203390121,-0.044185684616081605,-0.16914867196276395,0.5194652663054101,0.06552138966279397,-0.02969560492620449,-0.00011148234109814581,-0.22711485624313354,-0.269077867269516,-0.09823057800531385,0.4678316825469779,1.4791287247203897,25.903595481577476,-0.12909966814440543,0.2045918480368938,0.04368636048916247,0.0011995949998890865,1
2.035426616668701,-0.004812352824956179,-0.023556966334581375,0.09780105203390121,-0.044185684616081605,-0.16914867196276395,0.5194652663054101,0.06552138966279397,-0.02969560492620449,-0.00011148234109814581,-0.22711485624313354,-0.269077867269516,-0.09823057800531385,0.4926026935935353,1.504075810731099,25.901558823158126,-0.09371998354797058,0.2258776994609096,0.047993881213869945,0.0011840220004160074,1
2.0454304218292236,-0.005262953229248524,-0.025299450382590294,0.10289625078439713,-0.05139567335016355,-0.17370083936880512,0.5233348607641998,0.06258920529948409,-0.03213167996842925,-0.001445489319268578,-0.3015615940093994,-0.2535026967525482,-0.10994188487529752,0.5290899936094262,1.5245348606734022,25.899518962530454,-0.04842005806255854,0.22610579977807205,0.05538938114651622,0.0012176119998912327,1
2.0554354190826416,-0.005769979674369097,-0.02707183174788952,0.10802425444126129,-0.05371657344671362,-0.17821909417979184,0.5312361124235568,0.05878271941952429,-0.03456605739493179,-0.002742916911550264,-0.41383007168769836,-0.24633835256099704,-0.1212508603930473,0.5624207584987942,1.5374485164152174,25.898518015567884,0.01823641419136942,0.22969819920309445,0.062727590452008,0.0011837430001833127,1
2.065438747406006,-0.006322330795228481,-0.02889428660273552,0.11319198459386826,-0.058484366708607995,-0.17912508889254225,0.5368762596751285,0.05469275337454205,-0.03689042670026366,-0.004199161813924324,-0.4398724138736725,-0.2382178604602814,-0.1365978270769119,0.5992176669232969,1.544489439212742,25.898208769113293,0.04369916537755599,0.2327287756239704,0.07224101740737139,0.0012070680004399037,1
2.0754435062408447,-0.00688892463222146,-0.030710358172655106,0.11841817200183868,-0.0618045010381581,-0.17947098799367672,0.5436648717658705,0.04986037576032443,-0.03921310818492518,-0.005780694534132991,-0.5224262475967407,-0.23596261441707614,-0.1471792012453079,0.6353382860325226,1.5403700844054695,25.899307543907724,0.09864256097589674,0.23861380940682844,0.07979464933896213,0.0011939389996769023,1
2.0854403972625732,-0.0075147333554923534,-0.03255943953990936,0.12368269264698029,-0.06602404421886619,-0.1805380000658983,0.5490013353845593,0.0414101861901961,-0.042158900972681046,-0.008191121530976453,-0.5831553936004639,-0.193429708480835,-0.15866552293300626,0.6709638598975031,1.525770324879103,25.903413485688233,0.15362185140801599,0.22627941406141797,0.08875429274533247,0.0011538540002220543,1
2.095444440841675,-0.008173209615051746,-0.034395646303892136,0.12896627187728882,-0.07029772780767839,-0.18069189952184078,0.5527355661685214,0.03545678818562159,-0.04388059656753862,-0.010019592971144853,-0.6259308457374573,-0.1859085261821747,-0.1804055720567703,0.7070448603243792,1.5094065141968795,25.90694205416107,0.19250176458398893,0.22759835567708564,0.10182793029866856,0.0012030869993395754,1
2.1054365634918213,-0.008878049440681934,-0.03623979166150093,0.13427476584911346,-0.07536027692710122,-0.17875964999949662,0.5601028796187137,0.028727664351437365,-0.04561746034271463,-0.011883242519167059,-0.6815279126167297,-0.1579340845346451,-0.17826440930366513,0.7440300973433516,1.484460061354882,25.912006695991355,0.24004300821740981,0.21907629778153442,0.10417655604025067,0.001214818999869749,1
2.1154532432556152,-0.010406116023659706,-0.039883822202682495,0.14498518407344818,-0.08531743273855519,-0.1713744848434494,0.5697973967015187,0.021883085070712127,-0.046919486844237746,-0.013789061797016888,-0.689380943775177,-0.13306598365306857,-0.18621401488780973,0.791349396423318,1.4435340265760714,25.907382868985316,0.25534835036785236,0.20922782236324555,0.1088360084280384,0.0012309510002523893,1
2.12544322013855,-0.011230780743062496,-0.04163273796439171,0.15038740634918213,-0.08021540541393826,-0.1720845704747753,0.5763075344279416,0.011536957122687319,-0.04839482573930187,-0.016711223700402567,-0.7214136123657227,-0.10037887841463092,-0.207871675491333,0.823299966418543,1.428326358804599,25.905926222758772,0.2649142688811076,0.21087399621262373,0.11081815569439667,0.0014963169996917713,1
2.135469913482666,-0.012072817422449589,-0.0433795191347599,0.1558132916688919,-0.0921978163703589,-0.16346214713639873,0.5786336654192246,0.004291427257766767,-0.04889831914011111,-0.01881595840776029,-0.7347638607025146,-0.05378209426999094,-0.1948627382516861,0.8571756302944116,1.3707050313874758,25.897511666182776,0.3286313258363424,0.17688688350797463,0.11955191650392163,0.0012800430004062946,1
2.1454861164093018,-0.012072817422449589,-0.0433795191347599,0.1558132916688919,-0.0921978163703589,-0.16346214713639873,0.5786336654192246,0.004291427257766767,-0.04889831914011111,-0.01881595840776029,-0.7347638607025146,-0.05378209426999094,-0.1948627382516861,0.879625870133709,1.3411405439695352,25.894820928106057,0.33954253000821516,0.1769344278459419,0.12197588166889248,0.0017035119999491144,1
2.1554603576660156,-0.012989331968128681,-0.04502919688820839,0.1612810343503952,-0.09221480206140575,-0.1575489191057655,0.5857482550049724,-0.002792203151130934,-0.049358844499864496,-0.02068997080579127,-0.7256825566291809,-0.04169421643018725,-0.20676255226135254,0.8954676923259337,1.3030302293473268,25.889377803437277,0.3559579897311624,0.17218896668213818,0.13011068256152872,0.0015039979998618946,1
2.1654481887817383,-0.013917391188442707,-0.04663899913430214,0.16676878929138184,-0.09485729235235366,-0.15587975030837445,0.587090193992158,-0.010143790682622722,-0.04922843357831752,-0.023104658420770363,-0.7400660514831543,0.011485156603157493,-0.22740080952644348,0.9081501422405209,1.2673408329659848,25.883218785984063,0.3845199965859628,0.1454558428664057,0.14355053219115005,0.001486609999119537,1
2.1754448413848877,-0.014897316694259644,-0.04819323867559433,0.17225413024425507,-0.10275910742775969,-0.14201085291342777,0.5874959827017863,-0.017270740311694066,-0.04910091168642294,-0.025238056628171357,-0.7129703760147095,0.027918774634599658,-0.21361975371837616,0.9355059776818336,1.2090917082643524,25.875859839861317,0.39323095260844704,0.13702656037535363,0.14083791426414893,0.0014760650001335307,1
2.1854450702667236,-0.015898805111646652,-0.04965250939130783,0.17773360013961792,-0.09845702742055458,-0.14073860403700292,0.5903092024456599,-0.027244531197288868,-0.0484457739322397,-0.028685210834104247,-0.6751353740692139,0.055824082344770404,-0.23006807267665863,0.9400971274172613,1.1605794946574395,25.86984098188419,0.4032766667950247,0.12051171239415887,0.1526758239795941,0.0014244590001908364,1
2.1954572200775146,-0.01691635325551033,-0.05107120797038078,0.1832074373960495,-0.10633872513174747,-0.13197587381837972,0.5897607803013454,-0.03344141012513013,-0.04749724129733002,-0.031028913441216943,-0.6040365099906921,0.10232309252023694,-0.22649753093719482,0.9580957667506048,1.1118740006453627,25.862280291019697,0.3868638844837554,0.0948606993497329,0.15504719660184121,0.001400995000039984,1
2.205460548400879,-0.018008945509791374,-0.052396517246961594,0.18867555260658264,-0.11289455931998232,-0.11901312148893939,0.5907033084759968,-0.03891198274226371,-0.04652747569507554,-0.033185087090755516,-0.5318578481674194,0.13400618731975553,-0.20951277017593387,0.9832984948158672,1.0545600230309957,25.85380637101919,0.367769052852513,0.07627442072830334,0.15000536976547094,0.0009692150006230804,1
2.2157084941864014,-0.019102690741419792,-0.05361434444785118,0.19415028393268585,-0.10561951651346599,-0.11661532108790851,0.5950954555332167,-0.04382014589635119,-0.045218275850123835,-0.03550207718560161,-0.48587822914123535,0.15132419764995572,-0.21393963694572452,0.9806512005238169,1.0139657361960057,25.846231582487977,0.3589267172500581,0.06275165964728825,0.154557153185807,0.004812557000150264,1
2.2253661155700684,-0.02135671302676201,-0.05586184561252594,0.20510976016521454,-0.1167055990173573,-0.0942639900936073,0.5934975741675304,-0.04807626997842096,-0.043330561306862414,-0.03767558282154626,-0.4136291444301605,0.19569312036037442,-0.21959185600280764,1.0005961696024441,0.9420989671725707,25.830110392749656,0.3314089101886781,0.03848255886655606,0.15853672819199544,0.0014639840001109405,1
2.235456705093384,-0.02249724604189396,-0.056809261441230774,0.21058610081672668,-0.1110312515130506,-0.08800109144677791,0.5967462061795078,-0.052988482777341694,-0.04055673476889465,-0.04092085344914764,-0.3176487982273102,0.20942847430706021,-0.2048773914575577,1.0180831977967153,0.904586329860602,25.825249899081754,0.33668024359171916,0.0356000278991071,0.1606312050321466,0.0016148940003404277,1
2.245450258255005,-0.02364409528672695,-0.05768126621842384,0.21605081856250763,-0.11395513431563092,-0.08001915848823356,0.5933687090028089,-0.0554378710944321,-0.038144690840840934,-0.043019626010247336,-0.2417517602443695,0.2389329671859741,-0.19317926466465,1.0128532115727493,0.8566996555143461,25.81224390455021,0.27096637383148725,0.0016798583882212045,0.15348356368426538,0.001430043999789632,1
2.2554497718811035,-0.02364409528672695,-0.05768126621842384,0.21605081856250763,-0.11395513431563092,-0.08001915848823356,0.5933687090028089,-0.0554378710944321,-0.038144690840840934,-0.043019626010247336,-0.2417517602443695,0.2389329671859741,-0.19317926466465,1.0127098782272783,0.8300331588387986,25.80824502105552,0.2731722929840496,-0.0020549763459698908,0.15450847240170296,0.0014044859999557957,1
2.2654428482055664,-0.024807533249258995,-0.0584542341530323,0.2214997112751007,-0.11809337842767072,-0.0647798932986286,0.5922824144713825,-0.056872181821449264,-0.03600172715012251,-0.045074400788263524,-0.14832703769207,0.24593000113964078,-0.1929128170013428,1.0222949988427907,0.789066416135096,25.799948009401074,0.23250052291985926,-0.011473609366989029,0.15708043843057168,0.0013934520002294448,1
2.2754509449005127,-0.025970006361603737,-0.05908340960741043,0.22692596912384033,-0.11143363470947507,-0.05817811541614649,0.5919449327712147,-0.057582209582771604,-0.03352466613905358,-0.04694027165029668,-0.04932732135057449,0.26915115118026733,-0.16317240893840793,1.0104575039038666,0.7590293388386026,25.791324029235444,0.18560846467690206,-0.03103309024909928,0.14569873349659002,0.001398479999807023,1
2.285443067550659,-0.02709599956870079,-0.05963583290576935,0.23233400285243988,-0.11141284647791834,-0.05007182235378652,0.5885863303246379,-0.057657686048309564,-0.030844379346251838,-0.048798536095486345,0.029425809159874916,0.27053359150886536,-0.16400994360446933,1.0023328745688522,0.7323064676430104,25.78218626040559,0.1467933811924993,-0.039700357692232,0.14739917050398635,0.0014184519995978917,1
2.2954587936401367,-0.028240378946065903,-0.06009892001748085,0.23771962523460388,-0.11512731135927187,-0.036676877069613804,0.5863107441149246,-0.05666839988890482,-0.02822778112828539,-0.0505415182569382,0.11997586488723755,0.28073185682296753,-0.1546101123094559,1.0053222296195394,0.6985334474706659,25.772304356644433,0.09977402983400087,-0.0520242989057947,0.1452714495269099,0.0013929629994891002,1
2.305452823638916,-0.029387110844254494,-0.060418516397476196,0.2430732548236847,-0.10892923882350987,-0.030525104275418668,0.5843753219217295,-0.05419115859775081,-0.024376018605376526,-0.052769815824688315,0.19806095957756042,0.262814998626709,-0.12215676158666613,0.9914549310596491,0.677139470241061,25.76306785216088,0.05376383857646774,-0.05480600321743956,0.1326254630528429,0.0014132149999568355,1
2.315460681915283,-0.030474869534373283,-0.060679543763399124,0.24840955436229706,-0.10928749487338145,-0.020428413063013406,0.5793980952439716,-0.051557182295651316,-0.021434545236937108,-0.05421201142858845,0.29252469539642334,0.2759525775909424,-0.11783373355865481,0.9821500915081101,0.6562112148723727,25.75348686274139,-0.00030272538734919113,-0.06963373496382193,0.1312405802818246,0.0014258549999794923,1
2.325453281402588,-0.03159235790371895,-0.06083407998085022,0.25370943546295166,-0.10947414576539412,-0.011509091295091058,0.5756244657344861,-0.04832377432819346,-0.01913050007287742,-0.055197898587115546,0.329317182302475,0.26035556197166443,-0.09428869932889941,0.9791763998777225,0.6338984594629216,25.743784643385958,-0.027944759222251068,-0.068422625859957,0.12127564444516868,0.0015383560003101593,1
2.3355019092559814,-0.03373268246650696,-0.060886818915605545,0.26422932744026184,-0.10671021123137747,0.005389363615309443,0.5668544170429881,-0.044799604717010055,-0.016579120066954722,-0.0562287487237354,0.38397088646888733,0.24203968048095703,-0.07339885085821155,0.9728757712835766,0.5944927724987957,25.727397084075758,-0.05916209700619604,-0.06301675342576078,0.1110414744270078,0.0015734130001874291,1
2.3463611602783203,-0.03479250892996788,-0.060771506279706955,0.26944953203201294,-0.09795548823866616,0.00741509350024822,0.5662517545537369,-0.038088171155281625,-0.013110455282395517,-0.05713469164417395,0.45803266763687134,0.21504375338554382,-0.046951279044151334,0.9514148782951323,0.5847952515770751,25.716173391298316,-0.11105935691362069,-0.05853432051660549,0.09901908129204914,0.001247222000529291,1
2.3554365634918213,-0.03578780218958855,-0.060630809515714645,0.27465009689331055,-0.09943173109309233,0.016796048710207526,0.5608966945124044,-0.033379213956622245,-0.010847892104451695,-0.05774411597166873,0.4794137477874756,0.22109732031822205,-0.04254633560776713,0.9425300793130735,0.5680808960360836,25.706146649872167,-0.13789572009093237,-0.06909703257212625,0.09680223416873046,0.001158742999905371,1
2.365467071533203,-0.03578780218958855,-0.060630809515714645,0.27465009689331055,-0.09943173109309233,0.016796048710207526,0.5608966945124044,-0.033379213956622245,-0.010847892104451695,-0.05774411597166873,0.4794137477874756,0.22109732031822205,-0.04254633560776713,0.9398177373712477,0.5570884834808161,25.703086155012713,-0.1449109084513068,-0.0723538094244432,0.09710934372474099,0.0016408009996666806,1
2.375429391860962,-0.036795809864997864,-0.06038898974657059,0.2798193395137787,-0.0942425057381661,0.02010867006609979,0.5577183365767779,-0.02827507911351157,-0.00897274093068301,-0.057865690007956605,0.5160167217254639,0.18003436923027039,-0.008776657283306144,0.9308189274923311,0.5540378207039233,25.695765856562563,-0.17761949897673168,-0.05743543425446815,0.08155407268775129,0.0011375140002201078,1
2.385460138320923,-0.03773641958832741,-0.06009502708911896,0.28497880697250366,-0.09364619117414472,0.026992985428947083,0.5528679489035794,-0.02299529075463891,-0.007329259602345761,-0.05790443265415801,0.5183842778205872,0.16086646914482117,0.01168156322091816,0.9273625506195766,0.5453789102705034,25.687029730938594,-0.19388947068651,-0.05197922233873005,0.0706370335623078,0.0011174019991813111,1
2.3954577445983887,-0.03867494687438011,-0.05974847823381424,0.2900872230529785,-0.08839851619719055,0.030043311828013716,0.5506870746301278,-0.01784821980307605,-0.005716022883650584,-0.05757617121310554,0.5236102938652039,0.1613171100616455,0.030176110565662363,0.9146587016012577,0.5410699331200928,25.678111838909786,-0.21120938465316924,-0.056845931683481635,0.06059240758508467,0.001121662000514334,1
2.405470609664917,-0.03954625874757767,-0.0593499056994915,0.2951871156692505,-0.08135594422911063,0.03551101499949822,0.5462957619269545,-0.012468713607588278,-0.004162402852927016,-0.057236058012370084,0.5329688787460327,0.14122726023197174,0.05761313810944556,0.8941679877471975,0.5339673170292359,25.66903402020882,-0.2310766699509777,-0.05160436428502609,0.04648232143689417,0.0017676190000202041,1
2.4157540798187256,-0.04040991887450218,-0.058889877051115036,0.3002568781375885,-0.08204661308348,0.03845927872454484,0.5394947528796319,-0.00484623528305228,-0.0022515252914301342,-0.05596345391801405,0.5016443729400635,0.1250578910112381,0.09028071165084837,0.8855677353173627,0.5320238379848901,25.659908474747652,-0.23756781451513895,-0.04832056820245802,0.028395021562406496,0.0031051340001795324,1
2.4257164001464844,-0.04121342673897743,-0.058404162526130676,0.3053170144557953,-0.07756719735859971,0.03934075316406645,0.5375004410734708,5.668168506245408e-05,-0.0008999224956292018,-0.05500649516943579,0.4969700276851654,0.11337643116712572,0.1097603216767311,0.8723651337749944,0.5344468835182622,25.65090342640984,-0.24935324615721108,-0.04637391343962649,0.016547468728543388,0.0009153040000455803,1
2.435459613800049,-0.042019810527563095,-0.05788324773311615,0.3103299140930176,-0.07358973471484799,0.04074195400998988,0.532121419908236,0.004959582904529025,-0.00019250866616848938,-0.053579403972114026,0.4665824770927429,0.09569109231233598,0.1438976526260376,0.8594172867345207,0.5358198698940467,25.641893228080455,-0.24845191344294706,-0.03957065609402982,-0.0021899177557688568,0.0010961730004055426,1
2.445467710494995,-0.04348573833703995,-0.056772008538246155,0.32032424211502075,-0.06581560484852586,0.04645476469634646,0.5231989622756668,0.009439888156282272,0.0012342160655660628,-0.052201586341271256,0.4364809989929199,0.09942539781332017,0.15562066435813904,0.8515724649321423,0.5366548086429072,25.639036905003323,-0.24844052838451777,-0.039439424709815464,-0.0038139260387508997,0.0014134240000203135,1
2.4554555416107178,-0.04414030909538269,-0.0562133863568306,0.3252928555011749,-0.06258904940601383,0.04526956763230055,0.5181059837169727,0.015631356092225435,0.0021378949417418802,-0.04944076757220772,0.41470545530319214,0.08706704527139666,0.18840819597244263,0.8334549580213831,0.523609912420448,25.626444799123078,-0.24578506112365414,-0.045716100397184045,-0.011146357856784507,0.0013342330003069947,1
2.4654579162597656,-0.04478716477751732,-0.055606309324502945,0.33021318912506104,-0.0566194132437276,0.045653671134841915,0.5149112343650005,0.019515390917812958,0.0028730853854561644,-0.04718083882514357,0.36959344148635864,0.056179769337177304,0.21848827600479126,0.817747662714109,0.5238259814267556,25.616261679608257,-0.25284620773608235,-0.042171057915968965,-0.030462284458561983,0.0011264099994150456,1
2.4754250049591064,-0.04478716477751732,-0.055606309324502945,0.33021318912506104,-0.0566194132437276,0.045653671134841915,0.5149112343650005,0.019515390917812958,0.0028730853854561644,-0.04718083882514357,0.36959344148635864,0.056179769337177304,0.21848827600479126,0.7990512608505587,0.5221056810386092,25.607076050510912,-0.24173322923243412,-0.029137632077015786,-0.04894349659833641,0.001087374000235286,1
2.4854495525360107,-0.045367781072854996,-0.05504988506436348,0.3351370692253113,-0.05726767666048414,0.045186950671099124,0.5083596707670394,0.02285665716408003,0.0031982903271781105,-0.04498569169837152,0.34111738204956055,0.0693597421050072,0.23431064188480377,0.790443705911844,0.5225377941789311,25.598251662698583,-0.23708528260757475,-0.03615529523525765,-0.06063725226515951,0.001075779999155202,1
2.4954631328582764,-0.04594283923506737,-0.054439324885606766,0.3400353193283081,-0.05057688039551738,0.046777355811090895,0.5058396459290019,0.026190272494203803,0.003664963598574378,-0.04229124510311122,0.3142569363117218,0.0410949140787125,0.26469603180885315,0.7745277335196833,0.5184013621963339,25.5895519229662,-0.23306470791235598,-0.02394934843007475,-0.07912657908080481,0.0010817160000442527,1
2.5054566860198975,-0.0464610755443573,-0.05388227850198746,0.3449237644672394,-0.05023287199380771,0.04214913990479758,0.500129699852636,0.028856061658015797,0.0038638646977062763,-0.03956907346818639,0.25721973180770874,0.02369920909404758,0.283672034740448,0.7674450410448274,0.5230519392006137,25.58079258924435,-0.21285127751833596,-0.015599839118904649,-0.09291073419583437,0.001058251000358723,1
2.5154616832733154,-0.046963129192590714,-0.05331036448478699,0.3497897684574127,-0.04496839263144768,0.04347366432885341,0.49642696979749196,0.03255903597975829,0.003931358171212818,-0.03508187174372823,0.22888867557048798,0.0008637403952889517,0.3044983744621277,0.7557525253023303,0.5226608382352108,25.576465191371323,-0.20891917419606476,-0.004621827741362168,-0.10930167022864108,0.0010743840002760408,1
2.5254580974578857,-0.04742269590497017,-0.05275915563106537,0.35463467240333557,-0.04173757843612387,0.04094276358621052,0.4910669924607428,0.034411026362448194,0.00383471467291141,-0.03186116452872856,0.17012138664722443,-0.004809814970940311,0.33131319284439087,0.7441691552376902,0.5232400160745483,25.5758461537949,-0.1852934387150952,-0.00166429391540134,-0.12719074013766143,0.00104211999951076,1
2.5354716777801514,-0.04784173518419266,-0.05223395302891731,0.35943952202796936,-0.04024938475668976,0.039517293373773285,0.48586922893453477,0.03588398571162399,0.003628398415045808,-0.028522650989839526,0.1352248340845108,-0.017393479123711544,0.3394335210323334,0.7372986646964946,0.523464760132941,25.57627153052511,-0.17193279808440323,0.005118409462883918,-0.13658633983968285,0.001160347999757505,1
2.545478105545044,-0.0482538677752018,-0.05170822888612747,0.36421501636505127,-0.034187845625095394,0.03798035675604981,0.48216855541737563,0.03708284418763563,0.0029568254884186906,-0.025109830594074456,0.11038574576377869,-0.046723071485757786,0.34740695357322693,0.7249009596879202,0.5236379140553298,25.575122184321177,-0.16288114956529878,0.021183635072529176,-0.14528119469650255,0.0013889109995943727,1
2.555521011352539,-0.04895210266113281,-0.05077997222542763,0.373678982257843,-0.030196917903300483,0.03584088094824976,0.4729076923776904,0.03774306731019417,0.0025714488900381305,-0.0215321491882583,0.0489300861954689,-0.04711669683456416,0.36847952008247375,0.7173627514321919,0.523779408564105,25.574760035870085,-0.16278261426088367,0.02150535111779699,-0.146035739043608,0.001777253999534878,1
2.565463066101074,-0.049243200570344925,-0.05038394778966904,0.3783707916736603,-0.028149777920860194,0.027723425225271686,0.46612414729057056,0.03809791308806121,0.0010925051022261378,-0.016094182842621763,0.025265101343393326,-0.06455480307340618,0.36119386553764343,0.7077755795967503,0.5199246259525242,25.57494579422342,-0.13437149369058013,0.02228726443431151,-0.16031783570761393,0.0015727830004834686,1
2.575453758239746,-0.049243200570344925,-0.05038394778966904,0.3783707916736603,-0.028149777920860194,0.027723425225271686,0.46612414729057056,0.03809791308806121,0.0010925051022261378,-0.016094182842621763,0.025265101343393326,-0.06455480307340618,0.36119386553764343,0.7029055297543727,0.5320697606668872,25.577320328226882,-0.12383684334436298,0.03489434300665283,-0.16473758315349551,0.0012866759998360067,1
2.585447072982788,-0.05001869797706604,-0.0493694469332695,0.39222252368927,-0.020811842760645304,0.02236439839033381,0.4503000974675583,0.03643296793178985,-0.003047307711513181,-0.0026084420747696235,-0.07316529750823975,-0.12479557096958156,0.39233800768852234,0.6976871272322691,0.5309349305941733,25.57688732394058,-0.10550561978773504,0.053123040749550376,-0.17808731347787354,0.0013055310000709142,1
2.622520685195923,-0.05041760578751564,-0.04891572147607803,0.40126436948776245,-0.016140723685678173,0.014850109344270083,0.4388157129333388,0.033737451642291916,-0.006104140947428061,0.005456592616852607,-0.13403575122356415,-0.15210570394992823,0.4128293991088867,0.6965802842684552,0.5372032607880435,25.58389409719904,-0.036276889064325496,0.09336114606352325,-0.21021535718226425,0.0014845839996269206,1
2.6325924396514893,-0.05061575397849083,-0.04871425777673721,0.4057099223136902,-0.017392765698783754,0.01650975657491388,0.4329689443097493,0.03237878821264051,-0.008048510353323213,0.0094469048907726,-0.16231387853622437,-0.15799984335899347,0.3998105227947235,0.7042907441294161,0.5306088459800027,25.588232418296254,-0.015232679034183207,0.10419490594748149,-0.21507556361617314,0.001321103000009316,1
2.6426053047180176,-0.050753768533468246,-0.048594217747449875,0.410118043422699,-0.011773699407481873,0.007028860891533334,0.42722389100691116,0.03050527454443719,-0.009517016008839807,0.013303428608145484,-0.187428280711174,-0.16776821017265314,0.40134182572364807,0.7091272453662479,0.5263741946935456,25.58971001940706,-0.013005222328401544,0.10709134920198704,-0.2187401217799701,0.001213351000842522,1
2.652573585510254,-0.050753768533468246,-0.048594217747449875,0.410118043422699,-0.011773699407481873,0.007028860891533334,0.42722389100691116,0.03050527454443719,-0.009517016008839807,0.013303428608145484,-0.187428280711174,-0.16776821017265314,0.40134182572364807,0.7040388647218101,0.5391502672406977,25.591870165430223,0.0040660069091952526,0.115496839195159,-0.22446895949640636,0.001001128000098106,1
2.662583589553833,-0.051017556339502335,-0.0484432652592659,0.41876810789108276,-0.005826305768361524,0.0003393774981084961,0.4142065345889801,0.028500207866060112,-0.011601434427554125,0.017591358770934207,-0.185977041721344,-0.17443507909774775,0.4123401641845703,0.6938124614822796,0.5577565538121346,25.59830115974832,0.008912544458684077,0.1243094989005794,-0.23534093435905953,0.0009774549998837756,1
2.672581195831299,-0.05113591253757477,-0.0484190471470356,0.4230029881000519,-0.011576315586457844,0.007695879877721495,0.4063082337330917,0.025286232572489187,-0.014053931768192474,0.023208605365716117,-0.2229400873184204,-0.18016277253627772,0.3933597803115845,0.7068425191210267,0.5420947715720679,25.605371195947413,0.037341069321291435,0.13462072289808935,-0.23424852372070043,0.0009650940000938135,1
2.6825883388519287,-0.05121775344014168,-0.048420216888189316,0.4271886348724365,-0.002606769848384584,-0.0015976320557527296,0.40251123902276703,0.023200298867453117,-0.016427731063287432,0.02702976003588331,-0.22070573270320892,-0.18092371523380274,0.38198235630989075,0.6999025982690729,0.5502403283717133,25.60721670326783,0.0418336824786898,0.14112541166362388,-0.23346308219986298,0.0009841589999268763,1
2.6925902366638184,-0.05131487175822258,-0.04845679551362991,0.431317538022995,-0.012017870340820086,0.004507532065315514,0.3928485214338656,0.020958305552389866,-0.017955793251865693,0.03067245331033197,-0.21668319404125214,-0.17601133882999415,0.3858734369277954,0.7205501098353753,0.5363947605108729,25.614884459452483,0.0470150886600154,0.14397576673385618,-0.2396558898543952,0.001040934000229754,1
2.7025837898254395,-0.051385845988988876,-0.04850795492529869,0.43539831042289734,-0.0022232255979385226,-0.0032222108235931135,0.3898874819188442,0.01722188845457273,-0.021179285080064503,0.03579777006705864,-0.23502196371555328,-0.19276355206966397,0.33700641989707947,0.7192932143093858,0.5376489049388474,25.616214306279318,0.06624058683862072,0.1605589797321302,-0.2235276523608202,0.0009730550000313087,1
2.7125790119171143,-0.05146660655736923,-0.048594046384096146,0.43941307067871094,-0.009931816928275319,-0.00044169509729194363,0.3807132541624768,0.015090648953832275,-0.02289521971134789,0.039208667886187154,-0.215061753988266,-0.1821462661027908,0.33684518933296204,0.7394395703716977,0.528914112182218,25.623061767693653,0.06306543569907315,0.16123105131110563,-0.22619166239100733,0.0009604849992683739,1
2.7225935459136963,-0.05154033005237579,-0.04869022220373154,0.4433742165565491,-0.0037851182266741374,-0.002627190143698562,0.37680578226135786,0.01284508959356856,-0.02497083943728562,0.04228017075962498,-0.21683388948440552,-0.18630082905292508,0.31834933161735535,0.7426858605172729,0.524320392602973,25.625398384241866,0.06700518999431357,0.16579955321501605,-0.21898713715625454,0.0009852060002231156,1
2.7325875759124756,-0.051622938364744186,-0.04881253466010094,0.44728007912635803,-0.009362526927272798,-0.0017579251406587462,0.3687406480008739,0.010689916035223401,-0.026687037253922075,0.04522048352592778,-0.20339496433734894,-0.16727724671363828,0.2812678813934326,0.7599110050400855,0.516217681034756,25.63132655647726,0.06669790137367704,0.16233485843036802,-0.2046279582356458,0.0010049000002254616,1
2.7425789833068848,-0.05170493945479393,-0.04893256723880768,0.4511382281780243,-0.006718165880849573,3.8300590260163313e-05,0.3649623989837855,0.00887340835155026,-0.028416665725997436,0.047925364712809504,-0.18697644770145416,-0.16553412377834317,0.2716813385486603,0.767883534877724,0.5054661537152307,25.633353826363162,0.06444605082498991,0.1660805789113845,-0.2023616684744031,0.001153922999947099,1
2.7526113986968994,-0.05177075415849686,-0.049074120819568634,0.45493704080581665,-0.003278625878462023,-0.007554145874085218,0.3592603206278654,0.006649828989292672,-0.030055822804206933,0.050387390416271494,-0.19677969813346863,-0.15888625383377072,0.23887188732624057,0.7689407504800371,0.5120886445714954,25.636631105567517,0.07425009863274595,0.1673463425683356,-0.18995771716372056,0.0010703329999159905,1
2.7626497745513916,-0.05177075415849686,-0.049074120819568634,0.45493704080581665,-0.003278625878462023,-0.007554145874085218,0.3592603206278654,0.006649828989292672,-0.030055822804206933,0.050387390416271494,-0.19677969813346863,-0.15888625383377072,0.23887188732624057,0.7695554289045452,0.5167226795671164,25.63775325089633,0.07752710110872317,0.16961504775697206,-0.19089207920099355,0.0011515480000525713,1
2.7725789546966553,-0.0519169457256794,-0.049416691064834595,0.4623478949069977,-0.005004546197670762,-0.009127589189845752,0.3458602428070695,0.005074194807498156,-0.03159691773606754,0.05275048817852346,-0.15919657051563263,-0.1388430744409561,0.22033782303333285,0.776822216894385,0.5241169295906811,25.64577341517624,0.06325840218068057,0.16433621348763905,-0.18509095213442475,0.0009616729994377238,1
2.7825937271118164,-0.051987338811159134,-0.04962346330285072,0.46595698595046997,-0.011589465131562442,-0.0018694143109603317,0.336476147153771,0.0025392641356480894,-0.033583363984816206,0.055588554764614884,-0.16011089086532593,-0.1339466571807861,0.18522541224956515,0.7999051985257135,0.5067280543290313,25.655372614457168,0.07143597793544704,0.16807529884166794,-0.17158491120838804,0.0010939369994957815,1
2.7925705909729004,-0.052086059004068375,-0.04979235678911209,0.46950384974479675,-0.004522628817414408,-0.005726256430753988,0.33246597647011655,0.0011025976047727148,-0.034769832237161236,0.057319345404720945,-0.1479846090078354,-0.1291139721870422,0.1573508977890015,0.8006760748718046,0.5047537058600695,25.659418877128395,0.06917907864714642,0.16852313627087187,-0.1594178913111855,0.0009627900008126744,1
2.802802085876465,-0.052147939801216125,-0.05000365898013115,0.47299477458000183,-0.007662870336539851,-0.003415093370437215,0.32385194298160747,-4.85291138452304e-05,-0.03577712091037899,0.05842199767852563,-0.11272764950990677,-0.09300196915864943,0.1192140355706215,0.8078015086045812,0.4993336633312081,25.66706619294563,0.05497594091570635,0.15376265487388147,-0.14175828076789948,0.001073405000170169,1
2.812685012817383,-0.052253104746341705,-0.050200577825307846,0.4764140248298645,-0.011417816791761709,-0.001623442256771678,0.3167323767408794,-0.0018014106097590243,-0.03704548641468852,0.059911668334494905,-0.10877899825572968,-0.07029830664396285,0.09168238192796709,0.8220293967454405,0.48902589836032573,25.674080069823393,0.05787486842364191,0.14619096073739005,-0.12912914835994901,0.002405473000180791,1
2.8227970600128174,-0.05233529955148697,-0.05038972944021225,0.4797742962837219,-0.005639107659636821,-0.0035774337862603876,0.311858385758685,-0.002474793607576853,-0.03747669737566994,0.06028703891749165,-0.07572848349809647,-0.05842325463891029,0.049855336546897895,0.8179880873369931,0.4903710189155821,25.678605541321048,0.043114837664036176,0.14088569326838088,-0.10881904051770767,0.000789323999924818,1
2.8325860500335693,-0.05242925509810448,-0.050609976053237915,0.48306867480278015,-0.01364351652737865,-0.0015222561933907134,0.30282366273861916,-0.0030765666859697838,-0.037884554022051375,0.06068990035027566,-0.05850754678249359,-0.026664927601814267,0.025321599096059803,0.8325678108336947,0.48587385418416396,25.686895997882434,0.035321766638132995,0.12633337761426602,-0.09570664724092529,0.0009371610003654496,1
2.8425991535186768,-0.052546799182891846,-0.05078613758087158,0.48629918694496155,-0.007176607347956223,-0.0002959959774966002,0.29919049137920956,-0.0034679605537739633,-0.03804199899761995,0.060413443907919806,-0.04297386482357979,-0.019980872049927715,-0.017466137185692784,0.8416240140052447,0.4837102832445524,25.68959349094224,0.03603205337029485,0.1266168036348215,-0.09490834677526605,0.001221172999976261,1
2.8525984287261963,-0.05264317989349365,-0.05099751800298691,0.48947402834892273,-0.014773073625088385,-0.00045612047046642495,0.2890475690351595,-0.003624344234677057,-0.037631024223963916,0.060103282979946826,-0.010029161348938942,0.024072509258985512,-0.056773241609334946,0.8459205563974332,0.48424572898229384,25.69993269658025,0.013152338481218322,0.10129052496352434,-0.05579316237806482,0.000991769999927783,1
2.8625783920288086,-0.05277438089251518,-0.05118740722537041,0.4925720691680908,-0.010601613908462384,0.00017925436852404307,0.28449848287689294,-0.003698312607623766,-0.03763801611743656,0.05931892280438156,-0.012499986216425896,0.024098023772239675,-0.08938511461019516,0.8393988952386408,0.4844427154215537,25.705301301794997,0.014296695214649975,0.09989937821655806,-0.03657621369458724,0.000969983000686625,1
2.8728132247924805,-0.05277438089251518,-0.05118740722537041,0.4925720691680908,-0.010601613908462384,0.00017925436852404307,0.28449848287689294,-0.003698312607623766,-0.03763801611743656,0.05931892280438156,-0.012499986216425896,0.024098023772239675,-0.08938511461019516,0.8357687462592364,0.48499207296015956,25.70665431013119,0.014419890860719653,0.09990244165669816,-0.03428575353730634,0.0010602769998513395,1
2.8825886249542236,-0.0530211515724659,-0.051576267927885056,0.4985943138599396,-0.01610759943836506,-0.00021749851749626985,0.2706274985391945,-0.0035447405809181376,-0.03703699522607584,0.05821570004623311,0.019894558936357498,0.05627924576401709,-0.1150754913687706,0.8439578274155333,0.49032649834678704,25.71617649661505,-0.0021795206062507066,0.08266231362702738,-0.020656119534424203,0.0009533620004731347,1
2.892594575881958,-0.053181760013103485,-0.05173851177096367,0.5015064477920532,-0.014401239373372359,0.00437244400192236,0.2632848918415944,-0.002797412820834122,-0.03634164761239367,0.05600168753663759,0.043783240020275116,0.06591619551181792,-0.15977542102336884,0.842832985312075,0.4879666425372773,25.724548228920142,-0.016087211730106653,0.07534078293330738,0.004193359574004473,0.0009437960006835056,1
2.9025888442993164,-0.053302474319934845,-0.05193097144365311,0.5043688416481018,-0.015480476353932893,-0.0020991157044135296,0.2566112875266574,-0.0022965556619922722,-0.035448637010583095,0.05407094773698695,0.043442901223897934,0.0966522619128227,-0.19339744746685028,0.8415844490422264,0.5035686758901599,25.7318210498788,-0.018288329852740294,0.057465001169428404,0.024440008098825752,0.0009525940004095901,1
2.912590265274048,-0.05347776785492897,-0.05209629237651825,0.5071473717689514,-0.01637336410529412,0.0035521956323072835,0.25093668700483074,-0.0013968457982067584,-0.0342809615652917,0.05196284771093573,0.0783098116517067,0.08836191892623899,-0.22075091302394867,0.8411577935857377,0.5058123881986594,25.737499875226522,-0.03762204482181949,0.057949644098289954,0.04161029130559936,0.0009671899997556466,1
2.922588348388672,-0.053608737885951996,-0.052264340221881866,0.5098872184753418,-0.013471765930655783,0.0009555594830690933,0.24497430023067307,1.807541646403621e-05,-0.03252626640502987,0.047980255465057464,0.08779294043779373,0.12477568536996839,-0.26748889684677124,0.828025244686683,0.518838883697579,25.74341612370336,-0.04699179602135464,0.03447911697469525,0.06983824164584242,0.0009736140000313753,1
2.9325997829437256,-0.053780265152454376,-0.05243517458438873,0.5125386714935303,-0.018233834279843944,0.0015923267068993828,0.2384533881732823,0.001227627393235231,-0.03148039322120999,0.04508823315959498,0.10035106539726257,0.1326424032449722,-0.29300037026405334,0.8286828718645269,0.5296572121820453,25.749732434749962,-0.05676807232838438,0.027576472888705524,0.08774836253922627,0.0009521060001134174,1
2.9426052570343018,-0.0539243221282959,-0.052593447268009186,0.5151527523994446,-0.012149514906886065,0.004741551764435341,0.23301737008709303,0.002728581989218437,-0.02994946868252324,0.041744457451024175,0.12925364077091217,0.1382813900709152,-0.3246506452560425,0.8108859061542184,0.5363185739754395,25.755622917683844,-0.07318533549866447,0.021732492034682797,0.10550197285597616,0.0010127899995495682,1
2.9526309967041016,-0.05407030135393143,-0.052771132439374924,0.5177007913589478,-0.014818723570975932,-0.0010642331912542903,0.22485947606820944,0.002728581989218437,-0.02994946868252324,0.041744457451024175,0.12925364077091217,0.1382813900709152,-0.3246506452560425,0.8079950297903299,0.5538895811648178,25.76406124461951,-0.07604106152583137,0.019858588796040043,0.10974142748553263,0.0010768979991553351,1
2.962714195251465,-0.05424372851848602,-0.05293092504143715,0.520180344581604,-0.019260581808276233,0.006415351215057355,0.21798180041585907,0.005644762755308452,-0.026821497485954193,0.03458115723317157,0.14693836867809296,0.1642343252897262,-0.3903254568576813,0.8065673377941385,0.5648984645267022,25.766444506701514,-0.07606105935638488,0.019845360855712584,0.11010246698900814,0.0033829280000645667,1
2.9726192951202393,-0.054395828396081924,-0.053102560341358185,0.5226022601127625,-0.014062319332622681,-0.0046293522856545085,0.21331126984536083,0.007137170916470481,-0.025206396364224837,0.030400256206200016,0.1419348120689392,0.16542777419090265,-0.4235261082649231,0.7910749594634499,0.5941839595857887,25.775617271538614,-0.09314662749750346,-0.00527145327328667,0.16687691920264636,0.0010137680001207627,1
2.982593059539795,-0.054395828396081924,-0.053102560341358185,0.5226022601127625,-0.014062319332622681,-0.0046293522856545085,0.21331126984536083,0.007137170916470481,-0.025206396364224837,0.030400256206200016,0.1419348120689392,0.16542777419090265,-0.4235261082649231,0.7823009190402661,0.6119889717730551,25.778238065490836,-0.09548135085657142,-0.007867360771168182,0.1751536709847363,0.000981435000539932,1
2.992593765258789,-0.054686594754457474,-0.05343751981854439,0.5272815823554993,-0.009384050791538576,-0.006793314480039264,0.20187197619887942,0.008626146049472538,-0.02343922603679527,0.0261033745709498,0.13915346562862396,0.1692004650831222,-0.43894392251968384,0.7631067838270997,0.6333881856922627,25.787250951630437,-0.09853614425963786,-0.015280142349702167,0.1883096956667528,0.0009581809999872348,1
3.002591848373413,-0.054686594754457474,-0.05343751981854439,0.5272815823554993,-0.009384050791538576,-0.006793314480039264,0.20187197619887942,0.008626146049472538,-0.02343922603679527,0.0261033745709498,0.13915346562862396,0.1692004650831222,-0.43894392251968384,0.7514895069844605,0.6462809668312325,25.790095843702854,-0.09856451567164114,-0.015356862189040095,0.1894380528614943,0.0009962399999494664,1
3.0128445625305176,-0.054686594754457474,-0.05343751981854439,0.5272815823554993,-0.009384050791538576,-0.006793314480039264,0.20187197619887942,0.008626146049472538,-0.02343922603679527,0.0261033745709498,0.13915346562862396,0.1692004650831222,-0.43894392251968384,0.744446485571642,0.6540557525078528,25.79099114174165,-0.09853638770872014,-0.015333730452517088,0.18953256524467857,0.00233717599985539,1
3.022843837738037,-0.05507626011967659,-0.05401097983121872,0.5339083075523376,-0.014091311014158026,0.0005413500547788126,0.18482401967124296,0.014315333587268775,-0.017971545173592673,0.009103847709344581,0.15386801958084106,0.14831952750682825,-0.5029022693634033,0.7395158665165946,0.6616536748300555,25.803659820001734,-0.12129085331419684,-0.020273587323632228,0.24016736393623161,0.000813556000139215,1
3.0325863361358643,-0.0551963746547699,-0.05420614033937454,0.5360040068626404,-0.009974107467997246,-0.009323877617908123,0.1807044595075486,0.01651031574217665,-0.01600430335024372,0.001127728703151476,0.1459047794342041,0.11995280534029,-0.5426928400993347,0.7240335173046996,0.6957408021382265,25.809843433630625,-0.12503026942153017,-0.0120897341024505,0.2728646043602503,0.0009856959995886427,1
3.0425913333892822,-0.055304743349552155,-0.0544322207570076,0.5380479693412781,-0.015428791220874727,-0.001877736307821587,0.17338845129009503,0.018050682995313316,-0.01470277614621196,-0.00431454702385814,0.13620591163635254,0.11659162491559975,-0.5477792024612427,0.7241407580589658,0.7041556040101028,25.818046049734708,-0.12385576305768975,-0.013393259352084921,0.28463138251835385,0.0010152350005228072,1
3.05259108543396,-0.05542406067252159,-0.05461753159761429,0.5400435924530029,-0.007432614151188503,-0.01129887274087049,0.17005433139748402,0.019571034244906915,-0.013941696928584157,-0.009936490315016755,0.14870533347129822,0.0775711461901664,-0.5544884204864502,0.7060230829527996,0.7368935824312476,25.82206308819884,-0.13338061908054272,0.004190141374314844,0.291070293782877,0.0009934460003933054,1
3.0625903606414795,-0.055516794323921204,-0.054860107600688934,0.5419980883598328,-0.013768626742311682,-0.005759907945974312,0.16284415120130383,0.021139475144241082,-0.012777130048645446,-0.01567231609835984,0.13391785323619843,0.0882663652300834,-0.5771441459655762,0.7054380566987097,0.7487672214919029,25.829186449004,-0.12988956352310996,-0.0028625616191377936,0.30907589397123875,0.0009857650002231821,1
3.0725903511047363,-0.055607058107852936,-0.05508105829358101,0.5439094305038452,-0.006572498982163196,-0.01819102285829273,0.1617259979153867,0.022414076145543582,-0.012123130884866384,-0.021462626168754273,0.13601212203502655,0.05589384213089936,-0.5707078576087952,0.6881698503543434,0.7892192236803548,25.829446503078042,-0.1363149801141503,0.00993100956125512,0.31461562975430696,0.0009967289997803164,1
3.0825889110565186,-0.05568355694413185,-0.05535844340920448,0.5457649230957031,-0.00926266810884789,-0.01026594102330085,0.15453955528452937,0.024095226570943762,-0.01146845810885333,-0.027159723559131876,0.1390821933746338,0.04841057583689683,-0.575770378112793,0.6778957620624586,0.8139449477999909,25.82885876639654,-0.1380132796788055,0.009284231033354419,0.3197913040363874,0.0012496649997046916,1
3.09259033203125,-0.05568355694413185,-0.05535844340920448,0.5457649230957031,-0.00926266810884789,-0.01026594102330085,0.15453955528452937,0.024095226570943762,-0.01146845810885333,-0.027159723559131876,0.1390821933746338,0.04841057583689683,-0.575770378112793,0.6764517599145594,0.8173611640179044,25.834617418743733,-0.14364426137844913,0.011459692758936789,0.32950841355062027,0.000987021999208082,1
3.1025922298431396,-0.05580274388194084,-0.05592536926269531,0.5493223667144775,-0.008985207560586682,-0.017990913447459598,0.14307256039122362,0.024095226570943762,-0.01146845810885333,-0.027159723559131876,0.1390821933746338,0.04841057583689683,-0.575770378112793,0.6749967240016488,0.8399272444616581,25.84482940247162,-0.1444803487676132,0.011481939183908395,0.3303510751458822,0.0010136280006918241,1
3.1125924587249756,-0.055866725742816925,-0.056218866258859634,0.5510237812995911,-0.004372408262322088,-0.02482633866556197,0.1383433192630554,0.027204975430921152,-0.010595872331804923,-0.041684236299683874,0.12390726059675217,0.012521773576736379,-0.5748882293701172,0.6600863799101641,0.878872825581814,25.85061081552901,-0.1468184110248568,0.026681780715910975,0.3476372430059276,0.0009993820003728615,1
3.122588634490967,-0.05591270327568054,-0.056553591042757034,0.5526718497276306,-0.005096112899605532,-0.025871330941292563,0.13352198897087433,0.028223836658634482,-0.010345408330267425,-0.047397801530257855,0.09556892514228821,0.0013896588934584754,-0.5694398880004883,0.6513915399885155,0.9075065966666325,25.85556529224775,-0.13581195036931024,0.03208928183497284,0.3534749833145816,0.0010167010004806798,1
3.13259220123291,-0.055960047990083694,-0.05688529461622238,0.5542699098587036,-0.004683386134570398,-0.02879671014704894,0.1275115161926905,0.0290154531607425,-0.010099363019759,-0.05304100785733645,0.07932906597852707,-0.011195920407772134,-0.5661529302597046,0.643765034421551,0.9347131957088363,25.86135061928125,-0.13019060869094645,0.037823832876070926,0.35927193681261727,0.00098723099927156,1
3.1425983905792236,-0.05600184202194214,-0.05723928287625313,0.555811882019043,-0.001560514281980106,-0.03251994070533285,0.12321162210998741,0.03025818519558987,-0.010450618312094928,-0.061222101034025034,0.07228921353816986,-0.03271702677011497,-0.5410522222518921,0.6315654116446688,0.9646253403352651,25.86519573302212,-0.13068344938845067,0.049530249075733626,0.35791727091007763,0.0010215190004601027,1
3.152606248855591,-0.05603088438510895,-0.057603638619184494,0.557306170463562,-0.004009617121359098,-0.03187487655305546,0.1175818144989063,0.03074504225915531,-0.010571014486856711,-0.06659235590293777,0.041279520839452744,-0.040639284998178545,-0.5373740792274475,0.6290955298014935,0.9829707345770244,25.870490977386638,-0.11668792383262211,0.05450305491105061,0.36256469029581095,0.0011044809998566052,1
3.162616491317749,-0.05606711655855179,-0.0579705648124218,0.5587482452392578,0.000906685682145005,-0.03751947719481816,0.11310795698675072,0.03113844490358053,-0.011130496639250254,-0.07183298781715042,0.03520211949944496,-0.06399856507778175,-0.5226249098777771,0.6169611624775483,1.0085694828853942,25.87563548768817,-0.11472337271396325,0.06665374908933232,0.3581302638112224,0.001222149999193789,1
3.172689437866211,-0.05608287453651428,-0.05838144198060036,0.5601412057876587,-0.001765194624731533,-0.03639555394206712,0.10693588834817762,0.03155384965614161,-0.011446268710132212,-0.07678351710209608,0.009381295181810856,-0.0609498023986817,-0.4869924485683441,0.6148574015160159,1.0234902440590963,25.882025105419114,-0.10287592795507168,0.0670627340527495,0.3472607411995079,0.0011289229996691574,1
3.1826062202453613,-0.056103095412254333,-0.058770280331373215,0.5614705681800842,0.002710524788897414,-0.04190767223927531,0.1018587125623516,0.031454081887744234,-0.012219161068328876,-0.08162979300121931,-0.011105543002486229,-0.07813341170549398,-0.475083589553833,0.6037906719203397,1.0451711634367251,25.887087180864988,-0.09364191141143281,0.07686248677519943,0.34669168676487155,0.0009819939996305038,1
3.1929097175598145,-0.056104276329278946,-0.05920370668172836,0.5627555251121521,-0.0015851328270643514,-0.040744099966834556,0.09594535817135048,0.031373674603134116,-0.012693556041432963,-0.08620251634839882,-0.011517798528075218,-0.07654733955860143,-0.4493992328643799,0.606468171520251,1.0590720870630517,25.892751011495957,-0.09287388392757372,0.07848808211926679,0.3403557864534014,0.0009643260000302689,1
3.2025959491729736,-0.05614917352795601,-0.06007024645805359,0.5651670694351196,-0.002975217903506817,-0.047624107661780234,0.08669872565840209,0.030777469215351072,-0.014122722293939294,-0.09262583662127755,-0.04926379397511482,-0.09572164714336401,-0.4163881242275238,0.6078849462972649,1.0683990400199102,25.89300122861114,-0.09273274283857046,0.07916284562073111,0.3433416411717728,0.0008171179997589206,1
3.212711811065674,-0.05619054660201073,-0.06048590689897537,0.5662831664085388,0.0021455755492633985,-0.0475653450095159,0.08247295749083403,0.030422199259404703,-0.014856002443351723,-0.09645212387437185,-0.052271634340286255,-0.0955714732408524,-0.3865809142589569,0.6129450644664824,1.0908437374938946,25.898417340418014,-0.07323134769960787,0.09310851833308172,0.3340085776829402,0.001709935000690166,1
3.2228586673736572,-0.05618317052721977,-0.06096796691417694,0.5673635005950928,-0.00016014457837843722,-0.050853330831368046,0.07658062859348097,0.029741357299803095,-0.01592646565231126,-0.1001396655583302,-0.058371029794216156,-0.09740068018436436,-0.3477841913700104,0.6045973618009349,1.1047631120459975,25.902761118784827,-0.07025726706379322,0.09487140463732668,0.3224900397792895,0.0028848080000898335,1
3.2325868606567383,-0.05618317052721977,-0.06096796691417694,0.5673635005950928,-0.00016014457837843722,-0.050853330831368046,0.07658062859348097,0.029741357299803095,-0.01592646565231126,-0.1001396655583302,-0.058371029794216156,-0.09740068018436436,-0.3477841913700104,0.6052257111040794,1.1221224568329995,25.908671142162287,-0.06554278635050828,0.09911707443382302,0.30643327829032607,0.0007837379998818506,1
3.242598295211792,-0.05621825158596039,-0.06138155609369278,0.5683671832084656,0.003924166222718333,-0.04907401296793967,0.07249724107753482,0.029020476238351467,-0.01664124949223611,-0.10306216241051613,-0.08924703299999237,-0.12690129876136783,-0.3067837357521057,0.5998556685594228,1.125785398459673,25.913439828938415,-0.04808765811733734,0.11567027718015091,0.2877496347605112,0.0009447719994568615,1
3.2525930404663086,-0.05624907463788986,-0.061847276985645294,0.5693420767784119,-0.0015325856646360235,-0.05337501330527417,0.06662241352678744,0.02774326348020617,-0.018169663742813924,-0.10730284786495226,-0.07981570065021515,-0.10529884696006778,-0.2633088231086731,0.6081474572866209,1.1401397242675353,25.919685174893317,-0.04897972300886314,0.10994612655906819,0.2684955439617051,0.0009429570000065723,1
3.262589931488037,-0.056303106248378754,-0.06227175518870354,0.5702402591705322,0.0025557146771569006,-0.051224384458992384,0.0610451363007317,0.026666241528597645,-0.01945118017624825,-0.10945619010332353,-0.11245483160018921,-0.11757263541221621,-0.2168239653110504,0.6078300045815462,1.140121017908799,25.926715997733673,-0.029526502476275494,0.11929692329546321,0.2463839036912304,0.0009593679997124127,1
3.272590160369873,-0.05634421855211258,-0.06274791061878204,0.5711102485656738,-0.003616204066450489,-0.057371817583306506,0.05708108826984869,0.02569065565374551,-0.020392711002461095,-0.1114024243027969,-0.11055517941713333,-0.1033124849200249,-0.1879178136587143,0.6206226704944343,1.1550551159589049,25.93256695462241,-0.029158478930254236,0.11416597779133113,0.23170568834528504,0.0009444939996683388,1
3.2825920581817627,-0.05641757696866989,-0.06317286193370819,0.5719158053398132,0.0031717479251739513,-0.051601432470485854,0.05171918474498045,0.02480575335546442,-0.0218382781472517,-0.11284335694197711,-0.10334765166044235,-0.115649051964283,-0.1293181627988815,0.6186269818655502,1.15004842652985,25.939340710178936,-0.02939962525410395,0.12302026585625456,0.20399796148340568,0.0009508480006843456,1
3.292602300643921,-0.056496523320674896,-0.06361836940050125,0.5726779699325562,-0.005487466885728852,-0.05590681731283808,0.047428239012441004,0.02281810567281717,-0.023016518942111208,-0.1140539077851015,-0.12192098051309586,-0.09884552657604219,-0.06803469359874724,0.6373423727071227,1.1551010460718558,25.94491774686751,-0.01626477865838341,0.11919141230074808,0.17369562651063328,0.0009422589992027497,1
3.3025901317596436,-0.05661320313811302,-0.06402409821748734,0.5733745098114014,0.0007221721721606227,-0.053009357356526954,0.04323728743966496,0.022296699603247205,-0.023848921505583043,-0.11441721533750959,-0.1064586341381073,-0.11242258548736572,-0.03696707263588904,0.6485302284458733,1.1594663739914959,25.945757480654674,-0.013304573989078694,0.12069567793051734,0.171391723262307,0.0011762000003727735,1
3.3125927448272705,-0.05661320313811302,-0.06402409821748734,0.5733745098114014,0.0007221721721606227,-0.053009357356526954,0.04323728743966496,0.022296699603247205,-0.023848921505583043,-0.11441721533750959,-0.1064586341381073,-0.11242258548736572,-0.03696707263588904,0.6453581385604338,1.1558718808850494,25.949705670589616,-0.019084616830998647,0.12925129994379092,0.15686244279246925,0.0009573420002197963,1
3.322589874267578,-0.0568794310092926,-0.06481137126684189,0.5746241211891174,-0.0033712050341828423,-0.05181942878563744,0.0325455589684403,0.021272730700264475,-0.02435147659717929,-0.11458552821815093,-0.11509931832551956,-0.07739140093326569,-0.0004490667488425875,0.6526045528102534,1.152798119963737,25.961242252819833,-0.01157749752734238,0.11370440468328927,0.13861439107071166,0.0009789910000108648,1
3.3325912952423096,-0.05702545493841171,-0.06520496308803558,0.5751744508743286,-0.008849451078988574,-0.05491251489130093,0.02679327489715124,0.019445370081708546,-0.02591479301084121,-0.11400365755242214,-0.10413703322410583,-0.08932472020387648,0.0711287558078766,0.6746431656620738,1.1578543837486222,25.970555408414228,-0.011865947546543167,0.12417726509604332,0.10307813443320862,0.0009557370003676624,1
3.342616081237793,-0.057214874774217606,-0.06556303799152374,0.5756576061248779,-0.005476492795028173,-0.05145541579749214,0.022345008350744728,0.018451631631315468,-0.02672115914603479,-0.11289601515041303,-0.09171464294195175,-0.08779726922512053,0.10481812804937364,0.6843276208108726,1.152342972337964,25.97806646906885,-0.01466891703054185,0.12549028092522124,0.08353380262233116,0.0010220780004601693,1
3.3526134490966797,-0.05740924924612045,-0.06590427458286285,0.5760980248451233,-0.010663458811054098,-0.05123149589909894,0.017590153833124927,0.017345329556956557,-0.02749591438627874,-0.11161593274264092,-0.10501082986593246,-0.05842548608779906,0.13902060687541962,0.7029857020930085,1.1474996958542971,25.985280818074962,-0.004734534886812391,0.11345066821489505,0.06498816489153955,0.0009694239997770637,1
3.3626322746276855,-0.0576440691947937,-0.06622937321662903,0.5764806270599365,-0.009572061624417668,-0.05139031244372833,0.013405002495324631,0.016026665808232643,-0.028448515118715267,-0.10867221376431191,-0.07459113746881485,-0.06025815382599828,0.20813347399234772,0.7168168765790996,1.1449491873487552,25.99187031358184,-0.01564386765282473,0.11664454834269365,0.029114378914915306,0.0010743830007413635,1
3.372612714767456,-0.05788418650627136,-0.06652802973985672,0.5768226385116577,-0.011995743826174212,-0.049386031714528586,0.009588384839792363,0.01513002612035974,-0.028817655050493496,-0.10628919070792708,-0.07726121693849564,-0.03883276879787442,0.23849081993103027,0.732476299467978,1.1379518768761185,25.99794732310279,-0.011584464622770824,0.10719097922437756,0.010268803005890167,0.0010677489999579848,1
3.3826990127563477,-0.058154311031103134,-0.06682495027780533,0.5771154761314392,-0.015315707359525841,-0.051013912828643725,0.004379021820055887,0.014251031908755873,-0.02926337521003486,-0.103532998359813,-0.07494845241308212,-0.030867200344800914,0.27297738194465637,0.7517121550472997,1.1363050670065011,26.005906567772556,-0.011405996709751651,0.10391940975619253,-0.008628135829329142,0.0010923310001089703,1
3.392608404159546,-0.05845559015870094,-0.06707289069890976,0.577358067035675,-0.013360754163701105,-0.046175718132166546,0.00039324810681898385,0.013614121418248804,-0.029569808045684542,-0.10024839590576606,-0.04359421506524086,-0.01632408797740932,0.3479366600513458,0.7625953797588968,1.1252960183254017,26.012817636653757,-0.024037871504124682,0.0974862916555254,-0.047349054980983206,0.0009919100002662162,1
3.4025962352752686,-0.05875742435455322,-0.06733476370573044,0.5775566697120667,-0.018301233990603395,-0.05033062383152763,-0.005133398431103136,0.012889221704881937,-0.029426504124494546,-0.09653409563725424,-0.05800049379467964,0.008058466017246291,0.3717048466205597,0.769750053903509,1.1193203461917585,26.014703667786435,-0.023389289013700538,0.09772667842027377,-0.051543388346880034,0.0012072050003553159,1
3.4126949310302734,-0.059116803109645844,-0.06754585355520248,0.5776992440223694,-0.017687464245327512,-0.042713463246606034,-0.008962890166462106,0.012066527778174851,-0.029468148103060532,-0.09054001325983929,-0.031730279326438904,0.007272742222994616,0.4081556797027588,0.789216165716866,1.1053541682025974,26.026341219986747,-0.025435492885615106,0.08596561218956335,-0.08569640984751611,0.0023267709993888275,1
3.422839403152466,-0.059116803109645844,-0.06754585355520248,0.5776992440223694,-0.017687464245327512,-0.042713463246606034,-0.008962890166462106,0.012066527778174851,-0.029468148103060532,-0.09054001325983929,-0.031730279326438904,0.007272742222994616,0.4081556797027588,0.801751263365854,1.0975550207356874,26.029840693205152,-0.024352837334490958,0.08574922771285337,-0.09134059131536323,0.0007877879997977288,1
3.4325878620147705,-0.05985387787222862,-0.06792973726987839,0.5778313875198364,-0.019662361809814708,-0.03946073709620552,-0.019470227965054085,0.011649765974761195,-0.029282516543347903,-0.0857357278000852,-0.02522841840982437,0.034943234175443705,0.46765512228012085,0.817626449002025,1.0859983214759164,26.04360852178135,-0.0259330234364188,0.07161847169951825,-0.12438048436458571,0.0009523140006422182,1
3.4425899982452393,-0.06022680178284645,-0.06809394061565399,0.5778281092643738,-0.02275477155847483,-0.0433019959057909,-0.02370155972009432,0.011149033390830176,-0.029116004435912668,-0.08102812256025693,-0.02316553145647049,0.03702533617615706,0.49197930097579956,0.8368659300455459,1.0869184143203534,26.0531207857071,-0.025874451101192436,0.0700546199116733,-0.14420072027347558,0.0009902339998006937,1
3.452592372894287,-0.060655634850263596,-0.06821706146001816,0.5777548551559448,-0.022069625828657426,-0.03671266481014412,-0.02917126953779302,0.0109397272831262,-0.02864152315574353,-0.07585180963914206,0.004598447121679783,0.04690762981772429,0.5140705704689026,0.8504417419055134,1.0733595184505134,26.06315241489192,-0.0383471084837045,0.06375082738737817,-0.1625172652459203,0.0009602760001143906,1
3.4625959396362305,-0.061064813286066055,-0.06831742078065872,0.5776418447494507,-0.025182474572603256,-0.03776824824023235,-0.03389015805457518,0.010712431203692141,-0.02833721534859146,-0.07039118426754243,-0.007172859739512205,0.05663822218775756,0.5704609751701355,0.8685324814172286,1.0653454912774785,26.072396668277943,-0.03213343273968257,0.05809586448973375,-0.19718400663531632,0.0010592299995551002,1
3.4725751876831055,-0.061519306153059006,-0.0683886855840683,0.5774668455123901,-0.02498394450886913,-0.03308151632051665,-0.03865271450104112,0.010449865699730942,-0.027589571837110416,-0.06155529741342125,0.007184960879385471,0.05314203351736076,0.5839100480079651,0.8839025892447697,1.0482224782057,26.081737356293832,-0.03794045327834241,0.057645227574117254,-0.217180947315885,0.000997218000520661,1
3.4825751781463623,-0.06196771562099457,-0.06842149794101715,0.5772531032562256,-0.02677595992436391,-0.03123119270950785,-0.04156374195061218,0.010286071704502575,-0.02702238988482142,-0.05552994572230174,0.01371865812689066,0.06031711772084244,0.6017253398895264,0.8999844668024294,1.0324170046130559,26.08883916691304,-0.04069652877312781,0.05258072071818581,-0.23456230664279426,0.0010495919996174052,1
3.492574691772461,-0.06244003772735596,-0.06843668967485428,0.5769923329353333,-0.02612612583833026,-0.030338941048133283,-0.04558808734434546,0.010131196443833979,-0.0267442009916401,-0.0491065333678562,-0.003166941227391362,0.05605331808328636,0.6435322761535645,0.9096775247500097,1.0228264661524002,26.09109168035511,-0.0407674691173577,0.052429482069696665,-0.23605176933898203,0.0011856259998239693,1
3.5025734901428223,-0.0629156157374382,-0.06840255856513977,0.5766797661781311,-0.028961144354236024,-0.02492565643375716,-0.05020606528380824,0.00996207867754162,-0.026136096674819864,-0.04267072494337265,0.027506563812494278,0.05661526322364815,0.6429715752601624,0.9187050697138541,1.0111826828207342,26.097476811720284,-0.031828301257309066,0.05364457315352865,-0.2636042674722224,0.0011629999999058782,1
3.512573480606079,-0.06339626014232635,-0.06835892051458359,0.5763253569602966,-0.02588663807713397,-0.027656665029173973,-0.053554616895897356,0.009944708394487023,-0.025824782510619038,-0.03616751852793243,0.011708613485097885,0.05249232798814782,0.6570730209350586,0.9342998274687009,0.9922809958746522,26.105915107901545,-0.04593714716624065,0.05208047587385683,-0.2734935916289852,0.0011636990002443781,1
3.522573471069336,-0.06389497220516205,-0.06826990097761154,0.5759210586547852,-0.028007546438954922,-0.01886617764716129,-0.05846345424725377,0.009928512366447872,-0.025293154538462037,-0.029269452755935177,0.021221257746219635,0.056752376258373344,0.6910355091094971,0.9406686574877998,0.9832728084477989,26.113670608193342,-0.03856434068867146,0.05276794072659471,-0.28885974980652024,0.0011626510004134616,1
3.5325777530670166,-0.06389497220516205,-0.06826990097761154,0.5759210586547852,-0.028007546438954922,-0.01886617764716129,-0.05846345424725377,0.009928512366447872,-0.025293154538462037,-0.029269452755935177,0.021221257746219635,0.056752376258373344,0.6910355091094971,0.953312352546956,0.9560013109890638,26.123207671905426,-0.04228015986026756,0.04945781895569492,-0.314485149954175,0.0010021750003943453,1
3.542576789855957,-0.06539542973041534,-0.06787045300006866,0.5744441747665405,-0.029509775312738584,-0.017953881974556152,-0.0707136318247304,0.01015190109795805,-0.024414893688399886,-0.012334599385861011,0.028127290308475494,0.040050853043794715,0.680682361125946,0.9734991762444672,0.9245955878757579,26.13857506095298,-0.0522437383642831,0.05633018023654544,-0.31396447165850905,0.0010804579997056862,1
3.5525918006896973,-0.06539542973041534,-0.06787045300006866,0.5744441747665405,-0.029509775312738584,-0.017953881974556152,-0.0707136318247304,0.01015190109795805,-0.024414893688399886,-0.012334599385861011,0.028127290308475494,0.040050853043794715,0.680682361125946,0.9885411649901508,0.9127475582182525,26.149619852828064,-0.04659996717190625,0.05540137839397786,-0.33233440590013885,0.0010401640001873602,1
3.5625927448272705,-0.06592617183923721,-0.06767134368419647,0.5738502740859985,-0.03197891979409314,-0.006943600086443726,-0.0752831400847653,0.010502555253542045,-0.02391816329989238,-0.005502240364753774,0.05254976451396942,0.03159112110733994,0.6718057990074158,1.007560776508786,0.8802716014522739,26.160146262846226,-0.058546419837150296,0.05854265301954023,-0.3380367327421894,0.0010764779999590246,1
3.5725767612457275,-0.06641258299350739,-0.06747035682201385,0.573233425617218,-0.025454981257079644,-0.014868218453462397,-0.07736308872524801,0.010685330639274682,-0.02363829207986745,0.004395430954384327,0.03577329218387604,0.02747695706784733,0.6544653177261353,1.0088624622714812,0.8737635412586857,26.167612635271723,-0.051825810025035585,0.05903827860064313,-0.34239754832254743,0.0011206819999642903,1
3.5826849937438965,-0.06693259626626968,-0.06723713874816895,0.5725513100624084,-0.031661760018469445,-0.0018179730826265105,-0.08113712819097296,0.011055328815948506,-0.02336407027838394,0.007754247801170955,0.04458388313651085,0.04248348250985154,0.6530356407165527,1.0250549407022327,0.8393648091703176,26.176237915974138,-0.056006902572851194,0.05145820801609802,-0.34619687623099543,0.0011391870002626092,1
3.592587471008301,-0.06742052733898163,-0.0669865682721138,0.5718485116958618,-0.028782237322936603,-0.008322314359666676,-0.08647407591281685,0.01121752432855283,-0.023478409195969885,0.017409006612545852,0.054842401295900345,0.012694480828940946,0.638693630695343,1.0352503785412377,0.8312071203306366,26.18618669899839,-0.06184081953073127,0.06602854969970051,-0.34362375386048455,0.0011259190005148412,1
3.60258150100708,-0.06793851405382156,-0.06671679019927979,0.57109135389328,-0.031591404066343115,0.0013471554475214009,-0.09112337237043677,0.011613258552601646,-0.023862359666111388,0.02667842018315092,0.04250849783420563,-0.01160948164761059,0.6119236350059509,1.0552147780771057,0.7996577810803904,26.19664570464554,-0.05562801794304289,0.07927264227437891,-0.3424532923702372,0.0010423989997434546,1
3.6126859188079834,-0.06839311122894287,-0.06645001471042633,0.5702983140945435,-0.025797540268004397,-0.006510648868698215,-0.09070421756826819,0.01217705231584798,-0.023698329329771006,0.032640213193157575,0.06300240010023117,0.005023126024752928,0.5930339097976685,1.0561593689250799,0.7990765828571411,26.20126422736112,-0.0681344854614632,0.07100108975058311,-0.34336949034842157,0.001835492999816779,1
3.6228127479553223,-0.06887054443359375,-0.06615211069583893,0.5694442987442017,-0.030590753761501402,0.006591311203750649,-0.09726388759660981,0.012327116953140038,-0.024258895620302923,0.03812779235103392,0.04536764323711395,-0.027011657133698394,0.5574095249176025,1.0745481837602902,0.7641890887469851,26.212611825731095,-0.05906500567123435,0.08773956967496797,-0.333844980430214,0.0021498120004252996,1
3.6325738430023193,-0.06887054443359375,-0.06615211069583893,0.5694442987442017,-0.030590753761501402,0.006591311203750649,-0.09726388759660981,0.012327116953140038,-0.024258895620302923,0.03812779235103392,0.04536764323711395,-0.027011657133698394,0.5574095249176025,1.0866009007016626,0.7423595756516733,26.217221346186506,-0.05931027770924453,0.08880735383521095,-0.3374901311611492,0.0009997300003306009,1
3.6425697803497314,-0.06980585306882858,-0.0655151903629303,0.5676161050796509,-0.029409557240097445,0.008422595484977972,-0.10753716537074876,0.012435181544887097,-0.024113345069308956,0.040756736663426274,0.03669222816824913,-0.012667705304920607,0.5321195125579834,1.0944558203727779,0.7213418012719467,26.23578142037159,-0.0553237584313371,0.0810687708393797,-0.3291363849806545,0.0009044789994732128,1
3.652570962905884,-0.07021556794643402,-0.06520113348960876,0.5666384696960449,-0.0272507329942836,0.002654087050672594,-0.10966227954100768,0.012852895438978607,-0.024934090125556807,0.04854607575524339,0.05052470415830612,-0.028700534254312453,0.5028550624847412,1.102055561219576,0.7204055618747552,26.246237179309443,-0.06375309983304678,0.09112627235096529,-0.32411967607626524,0.0010134180001841742,1
3.6625781059265137,-0.07066558301448822,-0.06487032026052475,0.5656004548072815,-0.028542656460984715,0.011417363769671894,-0.11709365993522039,0.013115492793421168,-0.024966629320876343,0.05330810817717335,0.03611413761973381,-0.03812276571989054,0.4550306797027588,1.1127127764197065,0.6962917143853626,26.261219339587335,-0.05668529558801928,0.09603670914051594,-0.3070752909661713,0.0009657919999881415,1
3.672579050064087,-0.071063332259655,-0.06453709304332733,0.5645197629928589,-0.028256665348469608,0.006662390225846421,-0.12043162447756431,0.01336161983619899,-0.025824244168391353,0.05763067029838487,0.03854683041572571,-0.042837351560592596,0.4348560869693756,1.124561813204123,0.6906908455787419,26.272310966722856,-0.0589763448097869,0.10092421190264457,-0.3013822198154614,0.0009492409999438678,1
3.6825923919677734,-0.07146923989057541,-0.06421080231666565,0.5633825659751892,-0.025296440116329484,0.010783387377611536,-0.12475482378621987,0.01403561007362919,-0.02660005926162823,0.06360297261876457,0.04353776574134827,-0.046942200511693906,0.38675570487976074,1.1299061811425082,0.6772624295208739,26.283716651049872,-0.06309213474585441,0.10489862878027262,-0.2855820929671609,0.0009664909994171467,1
3.692589521408081,-0.07181078940629959,-0.0638836994767189,0.5622173547744751,-0.02634683770133246,0.010893506034759061,-0.12799942500941533,0.014094307545710283,-0.02658336462655919,0.06694984933437187,0.03161652013659477,-0.03454625979065891,0.33502310514450073,1.1365862610059805,0.6656166992957475,26.294112249408595,-0.057624918090461746,0.09873131260540068,-0.26403172681664366,0.0009465880002608174,1
3.7025909423828125,-0.07215756177902222,-0.06356843560934067,0.5609932541847229,-0.023599484645047252,0.01179432501678417,-0.1322561502896467,0.014540071279248057,-0.027401940600942254,0.06999719536717786,0.04868994280695915,-0.04900008440017697,0.30211424827575684,1.1392357362329055,0.6583067788352767,26.30387339564599,-0.06654099322072882,0.10678809568660294,-0.24794229907103618,0.0009661410003900528,1
3.7125906944274902,-0.07247477769851685,-0.06323805451393127,0.5597335696220398,-0.024659195630645156,0.014078557541938885,-0.13606581096214726,0.014540071279248057,-0.027401940600942254,0.06999719536717786,0.04868994280695915,-0.04900008440017697,0.30211424827575684,1.1415350908157869,0.6530469257556628,26.30842549612797,-0.06733530453109392,0.10804396299033285,-0.24904160651866233,0.0011998019999737153,1
3.722581386566162,-0.07276628911495209,-0.06293999403715134,0.5584285855293274,-0.02190270632764978,0.0113189826152051,-0.14023059608376487,0.015144521964360447,-0.028173766392761923,0.07467005301953211,0.040035709738731384,-0.04256206378340719,0.1906401365995407,1.143783268361,0.6494861793938408,26.323989995813147,-0.0642838734770608,0.10571172273828826,-0.19872201293972597,0.000954199000261724,1
3.732572555541992,-0.07303289324045181,-0.06264008581638336,0.5570807456970215,-0.021595127745831576,0.016402304213751898,-0.14553637803994274,0.015144521964360447,-0.028173766392761923,0.07467005301953211,0.040035709738731384,-0.04256206378340719,0.1906401365995407,1.1457521077757487,0.6465452553306856,26.330235495304837,-0.06506158078827748,0.10675298638072311,-0.19820401914417698,0.0011951940005019424,1
3.7425975799560547,-0.07303289324045181,-0.06264008581638336,0.5570807456970215,-0.021595127745831576,0.016402304213751898,-0.14553637803994274,0.015144521964360447,-0.028173766392761923,0.07467005301953211,0.040035709738731384,-0.04256206378340719,0.1906401365995407,1.146862287507826,0.6320989096182105,26.34137101455471,-0.06457048240223837,0.10670585806099143,-0.19816870102062584,0.0009686550001788419,1
3.752578020095825,-0.07347238063812256,-0.062110066413879395,0.5542405247688293,-0.01835738840868517,0.017706794782670995,-0.15293107928373112,0.015829536683463985,-0.028720797033654932,0.07746680481563617,0.024300655350089073,-0.01591910980641841,0.09905575215816498,1.141683057864754,0.6190541256476368,26.359257405535804,-0.059019898150152364,0.09453935367643923,-0.15861118550362552,0.0009619499996915692,1
3.7625863552093506,-0.07361551374197006,-0.061879534274339676,0.5527573823928833,-0.018484705915351396,0.011661843456458532,-0.15863253177258946,0.01640478037992299,-0.029103372021147322,0.07822415658085413,0.04353088513016701,-0.017240663990378376,0.03567226231098175,1.1421338819885316,0.627684318201424,26.374335502971196,-0.07084943638929299,0.09612253227424221,-0.12636533234431252,0.0009856940005192882,1
3.7725863456726074,-0.07378381490707397,-0.06163211539387703,0.5512135028839111,-0.015140377779142303,0.016918189902356908,-0.16139858961387343,0.016780327353479674,-0.029081425301821007,0.07821434442245945,0.02264152280986309,-0.007099206559360031,-0.027612334117293358,1.133563299557183,0.620110847411797,26.385255699340274,-0.06143953123141588,0.0905950382554598,-0.0939297211001005,0.001024940999741375,1
3.782602071762085,-0.0738755315542221,-0.06142957881093025,0.5496422648429871,-0.01652049427549747,0.011587901198897568,-0.1663621664209252,0.01696069355306795,-0.029285890707006157,0.07765146268407541,0.015029199421405792,-0.004721531178802258,-0.049965932965278625,1.1334809390153247,0.6270808774918515,26.39701296686488,-0.05861425131326091,0.0900819237766889,-0.07997319418169496,0.0011564360002012108,1
3.7925989627838135,-0.07400063425302505,-0.06121796742081642,0.5480017066001892,-0.012782556945351277,0.015756821253873177,-0.16994741559028603,0.017471715049508507,-0.02925512215843229,0.07596378327574183,0.030634254217147827,-0.0070817712694406666,-0.12931567430496216,1.1244871823529785,0.6256211870560228,26.407798365105997,-0.06753792530923085,0.09071913348074462,-0.03949264554348652,0.001089815000341332,1
3.8025832176208496,-0.07404264807701111,-0.0610581710934639,0.5463361144065857,-0.01282595844793825,0.010452629987924681,-0.1760254800316051,0.017498064653795886,-0.028700360983672457,0.07414422796577291,0.0049459016881883144,0.01893334835767744,-0.1818370372056961,1.1163074958259789,0.6352632182315144,26.421364847254647,-0.05570616735140364,0.0762141947505851,-0.009181261312803654,0.0010025239998867619,1
3.812823534011841,-0.07404938340187073,-0.060797784477472305,0.5428501963615417,-0.00985265451855099,0.012265917412231304,-0.18442277609588845,0.01791661851205717,-0.02880574648954015,0.07203371559960692,0.01802547462284565,-0.0010857711313292642,-0.21136118471622467,1.1066303351431557,0.640790157789236,26.440116941653223,-0.06246107947591274,0.08579886485304203,0.008122463599562042,0.002367900000535883,1
3.8226587772369385,-0.07401872426271439,-0.060699500143527985,0.5410412549972534,-0.00489616386352578,0.010037598259630893,-0.18693725764489677,0.018116354002804425,-0.028254062372248256,0.0676106572643902,0.004434199072420597,0.01810739003121849,-0.30916374921798706,1.1007704963585747,0.6434678809216161,26.447270427251283,-0.06310431280377213,0.08615847637052532,0.011324430556407142,0.0008134159998007817,1
3.832571268081665,-0.07401872426271439,-0.060699500143527985,0.5410412549972534,-0.00489616386352578,0.010037598259630893,-0.18693725764489677,0.018116354002804425,-0.028254062372248256,0.0676106572643902,0.004434199072420597,0.01810739003121849,-0.30916374921798706,1.081806740886798,0.6522353512548932,26.455690832405153,-0.05741455617049399,0.07453985342364844,0.0628450300226154,0.0009497999999439344,1
3.8425862789154053,-0.07393928617238998,-0.06062338501214981,0.5391945838928223,-0.005923222386849954,0.010858574237889789,-0.19188430904158132,0.018579612327249695,-0.02778668996426248,0.06229126756251757,0.018317745998501778,0.025057623162865594,-0.37885281443595886,1.0693982214109519,0.660258323119351,26.467300478741684,-0.0655582159389332,0.06962361314294213,0.10643149864622864,0.001021518999550608,1
3.8525805473327637,-0.07382560521364212,-0.06059059128165245,0.5373038053512573,-0.0031300337699198006,0.007742606351537739,-0.19562822579235864,0.018852021898091653,-0.02753597131562735,0.05813671951104116,-0.009114840067923069,0.019194066524505563,-0.43518346548080444,1.05452996798484,0.6727814362579595,26.478504633602437,-0.053292526453012266,0.07160686617865303,0.1416129804303371,0.001005248000183201,1
3.862576484680176,-0.07382560521364212,-0.06059059128165245,0.5373038053512573,-0.0031300337699198006,0.007742606351537739,-0.19562822579235864,0.018852021898091653,-0.02753597131562735,0.05813671951104116,-0.009114840067923069,0.019194066524505563,-0.43518346548080444,1.0455232056603898,0.6803532135714495,26.482052148236733,-0.05303178195382121,0.07165545043257933,0.14463584162892246,0.000973891999819898,1
3.8725712299346924,-0.07347235083580017,-0.06062337011098862,0.5334032773971558,-0.0005499542578440057,0.00340243972502391,-0.2031152248168918,0.018782687547846066,-0.026957576509260228,0.051014203442366846,0.005762085318565369,0.017326826229691446,-0.48961231112480164,1.0306050235356397,0.6996783488411322,26.497543242329666,-0.06067210100431654,0.07071159486064646,0.17909695613361198,0.0009492409999438678,1
3.882580518722534,-0.07325542718172073,-0.060666151344776154,0.531386137008667,0.006107116527916062,0.006129326197182475,-0.2071354388872543,0.01911124070478687,-0.026684594674131645,0.04594632406678212,-0.0027945232577621937,0.016741450875997477,-0.5259662866592407,1.003426524225609,0.7082128433956894,26.51032005592269,-0.05726743471092039,0.06965593950473133,0.20525110290388682,0.0010169800007133745,1
3.8925797939300537,-0.0729718878865242,-0.06078667193651199,0.5293376445770264,0.004711536223908805,-0.0005971388565238948,-0.20991295574160512,0.019164930813162062,-0.02639391561763116,0.04011962546164849,-0.013600513339042664,0.01155918277800076,-0.5784765481948853,0.9879708674952314,0.7306592480276035,26.520304429197388,-0.0527310058705886,0.07168493161145886,0.23919319201318973,0.0009996609996960615,1
3.902574062347412,-0.07267633080482483,-0.06091057136654854,0.5272498726844788,0.012031333772277891,0.0016941686505009832,-0.2124789356969236,0.019565685836671953,-0.026095924002680793,0.030947954782582165,0.010427499189972878,-0.0006983426283114418,-0.620703399181366,0.95847706677372,0.7465229884471467,26.529546528824874,-0.06554049328126488,0.07625870161682922,0.2730721315194388,0.0010377200005677878,1
3.9125921726226807,-0.07232960313558578,-0.061091046780347824,0.5251269340515137,0.008332805798652958,-0.003243499515370696,-0.21784259374053322,0.019728707409881974,-0.02570926108284688,0.024487835787675216,-0.007121427450329065,0.012563766911625782,-0.6492002606391907,0.9443103115435699,0.7691781710380158,26.54172621707076,-0.057885772447438345,0.06923466439985969,0.29717624674786974,0.0009953310000128113,1
3.9225919246673584,-0.07198142260313034,-0.06127120554447174,0.5229687094688416,0.015551700887651905,-0.0023253516050214685,-0.2211426645768009,0.019970792517405744,-0.02571608821667626,0.017527370076135806,-0.002068944275379181,-0.009785530157387342,-0.6965029835700989,0.9188186385069446,0.7850484006428543,26.55235283619713,-0.060725644132151,0.07960745890410262,0.32421341887990035,0.0010083899996971013,1
3.932591199874878,-0.0711623951792717,-0.061783239245414734,0.5185357332229614,0.021339010640603395,-0.009456724696462585,-0.22602161763531076,0.020348555548816094,-0.025384448531701853,0.010481017805107573,-0.00013038353063166142,-0.0006560291512870171,-0.7124108672142029,0.9025528637853757,0.794964492442309,26.555964045969382,-0.06096954475674233,0.07989583663588407,0.3322014675409215,0.001259091000065382,1
3.9426136016845703,-0.0711623951792717,-0.061783239245414734,0.5185357332229614,0.021339010640603395,-0.009456724696462585,-0.22602161763531076,0.020348555548816094,-0.025384448531701853,0.010481017805107573,-0.00013038353063166142,-0.0006560291512870171,-0.7124108672142029,0.8729371889677963,0.8232923683385196,26.568907811669146,-0.0636847657648555,0.07389453617237096,0.3489264920617093,0.0010210999998889747,1
3.9525887966156006,-0.07069540023803711,-0.06210212782025337,0.5162655711174011,0.016083220472801866,-0.013627738330474199,-0.23030118642284175,0.020382369243077125,-0.025210303783997023,-0.004304757260977343,-0.005924807395786047,-0.006833073217421865,-0.7735487222671509,0.8609965232895331,0.8552033382660382,26.58100998157716,-0.061426155132430986,0.07712429528356927,0.396968605049023,0.0009995910004363395,1
3.9626030921936035,-0.070247121155262,-0.062418244779109955,0.5139405727386475,0.02281970164927362,-0.015238377214002757,-0.23127707838556696,0.020697405791922474,-0.02552912550765063,-0.012029142869069531,-0.012399362400174141,-0.03239738196134576,-0.7644612789154053,0.8375365478834493,0.8816757375054528,26.589103023539284,-0.059331605132728386,0.09032462404038559,0.4061984928134261,0.0010616729996399954,1
3.9726004600524902,-0.06975532323122025,-0.06283315271139145,0.5116068124771118,0.018496101790242248,-0.019660720548155316,-0.23666092753185977,0.020697405791922474,-0.02552912550765063,-0.012029142869069531,-0.012399362400174141,-0.03239738196134576,-0.7644612789154053,0.8313963298935403,0.910038390896117,26.60109114583402,-0.05954882685866288,0.09100943341622574,0.40698777678125686,0.0010186549998252303,1
3.9826488494873047,-0.06926240026950836,-0.06322605907917023,0.509231448173523,0.026925581001318765,-0.019950607478016295,-0.23717077073457166,0.02084933380663534,-0.025434104889440867,-0.023397902631425715,-0.015262402594089508,-0.015663195401430224,-0.7780766487121582,0.8008474485385861,0.9320669607355787,26.608919337362646,-0.058388885211371276,0.08169145043100567,0.42725827429078606,0.0011334609998812084,1
3.9926059246063232,-0.06926240026950836,-0.06322605907917023,0.509231448173523,0.026925581001318765,-0.019950607478016295,-0.23717077073457166,0.02084933380663534,-0.025434104889440867,-0.023397902631425715,-0.015262402594089508,-0.015663195401430224,-0.7780766487121582,0.7823621363617059,0.9452965378973304,26.611398133455108,-0.05834220453955727,0.08163754665269965,0.4289921574921153,0.0010350659995310707,1
4.002611875534058,-0.0681847631931305,-0.06414830684661865,0.5044106841087341,0.030315608027464275,-0.026439240034722006,-0.2409382760365524,0.02113080114078203,-0.02560457488959056,-0.03905991236099515,-0.017387723550200462,-0.01444945111870775,-0.7687599062919617,0.7540623811597841,0.9759521842405176,26.623010828333207,-0.058703214870611906,0.08135024449165681,0.44379112368137,0.0011283630001344136,1
4.012685298919678,-0.06761624664068222,-0.06467857211828232,0.501961350440979,0.028654793342483956,-0.027436142742297925,-0.24651214480043743,0.021497868584045676,-0.025617428729609593,-0.05053036589112958,-0.0011043413542211056,-0.02749774791300306,-0.7599005103111267,0.7359472194514479,1.00427144215445,26.636541576185238,-0.06794699278245345,0.08815643115365959,0.45483129331769906,0.0026978619998772047,1
4.022800922393799,-0.06703931093215942,-0.06519582867622375,0.4994853138923645,0.033140752910915144,-0.0323939618506978,-0.24700061974163556,0.021724268807012503,-0.025775747688505657,-0.0582911975336442,-0.01430983655154705,-0.027208384126424883,-0.7684711813926697,0.7092761594351991,1.0352852090003246,26.644672626491378,-0.062569462531544,0.08836706054880189,0.46921628691189016,0.0008191429997168598,1
4.032567024230957,-0.06643065810203552,-0.06578270345926285,0.4969791769981384,0.029196600060985227,-0.032383977975550746,-0.25453159210823706,0.021726408777142936,-0.02556821167563239,-0.0656571670126036,-0.013401074334979057,-0.033891890197992415,-0.7253745198249817,0.6976128067384363,1.0586559971026466,26.659683397317096,-0.06282134444106563,0.09159299429664529,0.4591648602915559,0.0009956800004147226,1
4.042571544647217,-0.0658247321844101,-0.06635720282793045,0.49444711208343506,0.036600138871481676,-0.03821130849610005,-0.254261851317977,0.022241207840557387,-0.02591334346753449,-0.07290138534173884,-0.007368542719632387,-0.027650665491819472,-0.7240556478500366,0.6693332119726784,1.0894711713636485,26.667081053659757,-0.06697533773335515,0.08840292608247846,0.46060118557039514,0.0010840189997907146,1
4.052582502365112,-0.06521006673574448,-0.06697666645050049,0.4918811321258545,0.029334550961523143,-0.03571948391980197,-0.2591235339578552,0.022325684469377993,-0.025815398827953473,-0.07996231134160814,-0.0069954050704836845,-0.007267861627042378,-0.6899823546409607,0.6623119613797348,1.1076528393725016,26.678617882258937,-0.0675088274246286,0.0793699953371448,0.4534499551805099,0.0009810150004341267,1
4.062578201293945,-0.06461808830499649,-0.06760035455226898,0.4892885684967041,0.03755109036548885,-0.04458217679382953,-0.2572875618834038,0.022641034534018445,-0.02615562535180027,-0.08988095520677986,0.00914556160569191,-0.02986406348645695,-0.6526473164558411,0.6343467001322305,1.1436502202933463,26.683278902271105,-0.07712640340514446,0.09005671043929134,0.44506356643143385,0.0009884180008157273,1
4.072572946548462,-0.06461808830499649,-0.06760035455226898,0.4892885684967041,0.03755109036548885,-0.04458217679382953,-0.2572875618834038,0.022641034534018445,-0.02615562535180027,-0.08988095520677986,0.00914556160569191,-0.02986406348645695,-0.6526473164558411,0.615800783690476,1.166612872165643,26.685051044801014,-0.07751998827439806,0.0908420090581423,0.4513448614068686,0.0009900240002025384,1
4.082585573196411,-0.06341802328824997,-0.06895766407251358,0.48401394486427307,0.039840713196126705,-0.05068388949924957,-0.2618146240702096,0.02286594621401017,-0.026200042077323626,-0.09302105453661014,0.01819324679672718,-0.022223804146051483,-0.6347439289093018,0.5912917268112692,1.2015512437714533,26.697266409210094,-0.08308812031792707,0.08689008986521779,0.4461847947937265,0.0010305269997843425,1
4.092594146728516,-0.06280882656574249,-0.06967965513467789,0.48134535551071167,0.0340262690395103,-0.04899705931021374,-0.2661184668593365,0.023268566024149173,-0.026413079388734495,-0.10214160924606475,0.0033020232804119587,-0.04319170117378242,-0.5811033248901367,0.5868395662328125,1.224230565561817,26.70931840811369,-0.07692740968413801,0.09874809285637175,0.427981819030475,0.0010572729997875285,1
4.1025919914245605,-0.06221042945981026,-0.07039977610111237,0.4786498248577118,0.04124838860325272,-0.05497489495825913,-0.2667901515962523,0.02365351248958847,-0.026867451782918828,-0.10757228409152342,0.02708420157432556,-0.029943974688649243,-0.5425168871879578,0.5616355418396679,1.2567536501506669,26.717035184477744,-0.08992345011455144,0.09283050020396755,0.41186063062771017,0.0010340179997001542,1
4.1125922203063965,-0.0616249144077301,-0.07112427800893784,0.47592759132385254,0.033720359323404274,-0.05251586795655615,-0.27049902082668725,0.024021696798019132,-0.02677447450549586,-0.11282305486274069,0.01382601447403431,-0.045999214053154054,-0.5034103989601135,0.5609813691969949,1.2762614906517555,26.726977750910454,-0.08452052389338668,0.10147474622186507,0.3954612384401429,0.0010458899996592663,1
4.12259840965271,-0.061041656881570816,-0.0718659907579422,0.47319141030311584,0.04311047497956441,-0.060353144948539335,-0.27098372579262126,0.024570652794571934,-0.027350117582113587,-0.11964621058521496,0.023089349269866943,-0.04530571401119238,-0.4438224732875824,0.5335545906802621,1.30963064870924,26.733854626102012,-0.0911080068473211,0.10198333014779982,0.3705258216916092,0.001011882000057085,1
4.132591962814331,-0.06046896055340767,-0.07261918485164642,0.4704305827617645,0.03399990501069079,-0.05737188826709636,-0.2757098674835483,0.024994691920444012,-0.027394690720283332,-0.12347615121513877,0.03651052340865135,-0.03897035866975789,-0.3835553228855133,0.5345138187675578,1.3316602501749257,26.744675054508896,-0.09862717545165736,0.10000521567899226,0.34256309908201976,0.0010400950004623155,1
4.14259147644043,-0.059916507452726364,-0.07336331158876419,0.4676491320133209,0.04190720246359486,-0.060170073037409726,-0.274879783395608,0.025411586816861398,-0.02777308376093801,-0.12708326509037748,0.025194210931658745,-0.014519166201353116,-0.3508061170578003,0.5112136428534885,1.35256306943704,26.750488207950205,-0.0942000374845877,0.08815371475954069,0.3271369527481416,0.0011812969996753964,1
4.1525983810424805,-0.05888174846768379,-0.07481961697340012,0.4620128571987152,0.03985131535216674,-0.06273802349629289,-0.2799055874748216,0.025774799253644343,-0.027908813417730993,-0.1299027120277847,0.0354846753180027,-0.04368158802390102,-0.2800673842430115,0.4971444047342168,1.3651923068332028,26.752327515382717,-0.09409532376142916,0.08802772558551639,0.3258050477612398,0.0013031560001763864,1
4.162590980529785,-0.05841990187764168,-0.07554458826780319,0.4591592848300934,0.03208728502583895,-0.06048062462086616,-0.28596755858963185,0.02643859662920267,-0.028105814264163698,-0.13334247156984347,0.027083467692136765,-0.01684598438441756,-0.21791623532772064,0.5054998670706146,1.3882707223750381,26.775832171648197,-0.09705671152849853,0.09100229431450328,0.26652186525571947,0.0010496610002519446,1
4.172592639923096,-0.057970985770225525,-0.07626298815011978,0.4562892019748688,0.032982427694815616,-0.061416793315261224,-0.28320029383491635,0.026745961958529296,-0.028806263380600328,-0.1348338693246407,0.029369758442044258,-0.04776963219046595,-0.1517505794763565,0.5091723628520703,1.4036606364587079,26.78321819733369,-0.09797186502880187,0.09126550827779444,0.2620079254621643,0.0013399569998000516,1
4.182605028152466,-0.05757217854261398,-0.07696980237960815,0.45338770747184753,0.030747370809712272,-0.06465987846613547,-0.2895945906939312,0.02718055650801965,-0.028797197423052978,-0.13579350058772155,0.04222748428583145,-0.02459860034286977,-0.09546823054552078,0.5118036259360749,1.4187288597564292,26.785306324826763,-0.10024443068949364,0.10867388381424403,0.2312923965381526,0.0014999449995229952,1
4.192657709121704,-0.05757217854261398,-0.07696980237960815,0.45338770747184753,0.030747370809712272,-0.06465987846613547,-0.2895945906939312,0.02718055650801965,-0.028797197423052978,-0.13579350058772155,0.04222748428583145,-0.02459860034286977,-0.09546823054552078,0.5137655889399622,1.4417836423597326,26.796896191808226,-0.10788024809306312,0.09757008666768222,0.20274014394971124,0.0011586010004975833,1
4.202584981918335,-0.05718395113945007,-0.07768712192773819,0.4504743814468384,0.029890572707963782,-0.06415294815825089,-0.2880271077965306,0.02749745770388312,-0.02917529041647171,-0.1361366194129685,0.026093805208802223,-0.031545177102088935,-0.033878769725561135,0.5173995411941709,1.4570559411975268,26.801933898776927,-0.10081292332946125,0.10208616642968033,0.17153766452697977,0.0011101370000687893,1
4.212814092636108,-0.05684444680809975,-0.07838312536478043,0.44753098487854004,0.029125507892660295,-0.0656556414720536,-0.29286426301387863,0.02784872745712974,-0.029277615924510503,-0.13591004237346604,0.04077436402440071,-0.01822562515735626,0.034715767949819565,0.5193542666696931,1.4754870022420543,26.812670605917223,-0.10888237536072265,0.09587758845487604,0.13659758583237047,0.00261727500037523,1
4.222667455673218,-0.056521009653806686,-0.07906142622232437,0.4445672929286957,0.029011406078343672,-0.06416755883545736,-0.294736534415444,0.028130010758923074,-0.029606116543850813,-0.13525448927350103,0.030383586883544922,-0.025395339354872693,0.08410093933343887,0.5223869717108751,1.485953893972392,26.82176701924287,-0.10446282264293255,0.10035626951116372,0.11009543289023901,0.0008487509994665743,1
4.232589483261108,-0.05622011050581932,-0.07974373549222946,0.4415780007839203,0.025125367518955274,-0.06577795018804611,-0.2977329790208893,0.028346144045756194,-0.029999281986095028,-0.13296859020906693,0.024776212871074677,-0.01762285828590391,0.16760854423046112,0.533791314541329,1.4999117976813916,26.831514244039358,-0.10221876836464336,0.09806379098599546,0.06753685346539715,0.0010088789995279512,1
4.2425830364227295,-0.055939704179763794,-0.08039598166942596,0.4385581314563751,0.024460228251854888,-0.06382763357697296,-0.29858735208738757,0.028840914974658904,-0.03014893282648279,-0.1309341820654999,0.04058748483657837,-0.013599166646599744,0.21603737771511078,0.5430989243443404,1.5096670326875705,26.8389549197604,-0.11115010481847842,0.0965356971338828,0.04007181564552857,0.0010382790005678544,1
4.252578258514404,-0.055705726146698,-0.0810454785823822,0.43550625443458557,0.02215344650767054,-0.06647077929682906,-0.3026481569152861,0.02909250684176712,-0.03052971780503322,-0.1282510611214014,0.02006029710173607,-0.008256962522864307,0.28460660576820374,0.5549388439729891,1.523501562602695,26.846374210223697,-0.10196966336062993,0.09508961219140064,0.003799078751963378,0.001024382000650803,1
4.262598276138306,-0.05531147122383118,-0.08232664316892624,0.42932483553886414,0.018962610830334105,-0.06591351244529146,-0.3086735011687072,0.029146232990615584,-0.0306285502745256,-0.12487120292196696,0.030622150748968124,-0.009014963172376114,0.3455727994441986,0.5620955533625398,1.5318876809571034,26.848725466768855,-0.10177242785483197,0.09503460543844967,0.0006854053076030368,0.0012883499994131853,1
4.272572994232178,-0.05517005920410156,-0.08292903006076813,0.4262004792690277,0.019882278786282157,-0.06431908849074594,-0.30876439819133683,0.02935303890714236,-0.030994071710738424,-0.11886806221163804,0.017584750428795815,-0.0023889895528554418,0.40793952345848083,0.574671196856607,1.542667728563685,26.856434649673805,-0.10705315373617902,0.0959738765184426,-0.03034456181475473,0.0012976389998584636,1
4.2825822830200195,-0.05506868287920952,-0.0834987610578537,0.423042893409729,0.014464658896254484,-0.06475972340415968,-0.31347012527308304,0.02935593534562342,-0.031052285592188866,-0.11423361146475841,0.01781856082379818,0.010568109340965805,0.46179336309432983,0.584198177691736,1.5464195483891754,26.86250543912659,-0.10095116753746702,0.09358100722044171,-0.06613553069203722,0.0012878620000265073,1
4.292574882507324,-0.05506868287920952,-0.0834987610578537,0.423042893409729,0.014464658896254484,-0.06475972340415968,-0.31347012527308304,0.02935593534562342,-0.031052285592188866,-0.11423361146475841,0.01781856082379818,0.010568109340965805,0.46179336309432983,0.6035760571259272,1.5528751834519419,26.867834261573133,-0.10095966377811422,0.08771673330705926,-0.0974519970010457,0.0010873009996430483,1
4.302581548690796,-0.05501415580511093,-0.08403967320919037,0.41986820101737976,0.017387297114109492,-0.06425654123496667,-0.3138795495346137,0.029349714643442937,-0.03120227892917704,-0.10893888208264002,0.027882538735866547,0.0073740235529840634,0.5237857699394226,0.6126166081129596,1.5572759822626019,26.87324123890518,-0.10570066931913019,0.08929363443902642,-0.1326021584605288,0.0011139779999211896,1
4.312580823898315,-0.05499178543686867,-0.0845789909362793,0.4166664481163025,0.01037624483026715,-0.0638702510950136,-0.3186987936635942,0.029343637244168885,-0.031131310754972663,-0.10338187524453124,0.0008513010106980801,0.024154091253876755,0.5720285773277283,0.6355573585269556,1.5595896454527767,26.87850588818107,-0.09233314025434346,0.08126774308897197,-0.16186454035669343,0.00109582099958061,1
4.322572469711304,-0.055010195821523666,-0.08505164831876755,0.41344210505485535,0.012830799327153836,-0.06039494293771078,-0.3190089761952924,0.029206406013114083,-0.031157361794122096,-0.09719126352318552,0.009981000795960426,0.03244347497820862,0.6402613520622253,0.6478169962993476,1.5538755930217802,26.884094237404888,-0.09571666890496311,0.07682770480972229,-0.2010450327274534,0.0010836000001290813,1
4.33257794380188,-0.05505223944783211,-0.08554086089134216,0.41019344329833984,0.00624010634603653,-0.06174021562196732,-0.32236886028430867,0.0289633839870711,-0.030929223941692285,-0.09042723884102077,0.005217643920332193,0.04308710247278222,0.6867192983627319,0.6723277377892646,1.5545308924347094,26.88942702616691,-0.09288274939407033,0.07125832097140217,-0.23197783401410155,0.0010920499998974265,1
4.342583656311035,-0.05513859540224075,-0.08598369359970093,0.40692317485809326,0.009085096008995078,-0.06227933541129866,-0.323440104837728,0.028583235526822293,-0.030769612347029796,-0.08332868116016323,-0.016769660636782646,0.046218179166317076,0.7130398154258728,0.6840126756802056,1.5529980524313685,26.89519819903992,-0.08083808822107119,0.0686131965373017,-0.2543417506784112,0.0011421209992477088,1
4.3525776863098145,-0.05525748431682587,-0.08643009513616562,0.40363237261772156,0.0006386561872802505,-0.05818116247516419,-0.3254854083763751,0.02793046700990054,-0.030231534162912244,-0.07185724189898579,0.0017251810058951378,0.05462592840194712,0.7797058820724487,0.7155101046138134,1.543349534161771,26.90079268104602,-0.08753800475303213,0.0636474334165655,-0.3014445484960211,0.0010995919992637937,1
4.362573623657227,-0.05557269603013992,-0.08717092126607895,0.39700162410736084,0.00010108272170330635,-0.04919091159183544,-0.33085224042499045,0.0275300603074502,-0.030061927086629137,-0.06393734922545136,-0.030214713886380196,0.060561627149582006,0.8085759282112122,0.7410394615501726,1.5125796932322009,26.91093499826333,-0.07033883183168142,0.0600889242700603,-0.32224177655579594,0.0011050390003219945,1
4.372586488723755,-0.05576394498348236,-0.0874621570110321,0.3936529755592346,0.0006865717222430403,-0.05393318006268056,-0.330887854210647,0.026648717633290797,-0.029509403970561454,-0.051473588266247816,-0.026529084891080856,0.06080715730786334,0.8302222490310669,0.7569973843456174,1.495792331532297,26.913958193137475,-0.0696704395741411,0.059778999699641566,-0.33046205336383977,0.0012961029997313744,1
4.3826258182525635,-0.05599523335695267,-0.08777991682291031,0.3902909457683563,-0.003192600818885382,-0.046582115985186225,-0.3332182767113642,0.02609816199122772,-0.028898006248673003,-0.04276143214604344,-0.026636924594640732,0.07642687112092983,0.8653178215026855,0.7700308264367551,1.4925154062296317,26.918954401587563,-0.06948726487455202,0.05776263730747989,-0.35642805138394545,0.0013907259999541566,1
4.3925864696502686,-0.056248463690280914,-0.08802104741334915,0.38690412044525146,0.00014364968210958814,-0.052764027731710274,-0.3342773617084738,0.025448464654065805,-0.02850074027233296,-0.03397493315253053,-0.04367056488990784,0.07619909942150127,0.8752788305282593,0.7895993690498616,1.4716278545837107,26.92476629031944,-0.06722473516070272,0.048443165386491474,-0.3856966697701433,0.0016090939998321119,1
4.402662754058838,-0.056511279195547104,-0.08827225118875504,0.38350221514701843,-0.007955457095802252,-0.03916127147202762,-0.3388476670787643,0.02464555398452095,-0.02804218097676303,-0.025062661340334635,-0.03812600299715996,0.06548199057579052,0.8850588798522949,0.7974916380520043,1.4682968256084654,26.93075222721836,-0.05752464119450647,0.046641531864371776,-0.4035454996957857,0.0014766909998797928,1
4.412729024887085,-0.05680157616734505,-0.08844979852437973,0.38007378578186035,-0.0019521260354077709,-0.047588320924748594,-0.3373295368445547,0.02394634000342455,-0.027668155794021487,-0.015901855513823726,-0.04188491776585579,0.07531923055648815,0.908523678779602,0.8266538218561226,1.4323757526911953,26.936930379914223,-0.05642750445775497,0.051444113480620356,-0.420520356888323,0.00329158299973642,1
4.422813415527344,-0.05680157616734505,-0.08844979852437973,0.38007378578186035,-0.0019521260354077709,-0.047588320924748594,-0.3373295368445547,0.02394634000342455,-0.027668155794021487,-0.015901855513823726,-0.04188491776585579,0.07531923055648815,0.908523678779602,0.8337389889552128,1.4255732048384528,26.943092773446125,-0.053596785037060744,0.04470543031531212,-0.4440586600378652,0.0008951210002123844,1
4.432565212249756,-0.05710415914654732,-0.08862631022930145,0.3766300082206726,-0.010038518345942802,-0.0334042161695211,-0.34373912215241037,0.02323770050556906,-0.027067065348756802,-0.006872867414700945,-0.06040458008646965,0.06333161890506755,0.9021739363670349,0.8614113926696648,1.3834696659209842,26.94947507648845,-0.040887285341750824,0.049452772835188494,-0.45413258040906784,0.0008912800003599841,1
4.4425764083862305,-0.05741870775818825,-0.08874110877513885,0.37316247820854187,-0.007680734402201062,-0.04062283059491134,-0.34157067534889946,0.02221566559134347,-0.02680971122613629,0.002238448712651664,-0.04340926930308342,0.05927501618862163,0.9057841300964355,0.8777828130851681,1.370857724851613,26.95562349736821,-0.04701971460150822,0.050557073234787586,-0.46770006538769326,0.0010912119996646652,1
4.452577590942383,-0.05776769295334816,-0.08883995562791824,0.3696776032447815,-0.009936064347526882,-0.02876962524739273,-0.34543114901544664,0.020980208145391366,-0.02616051497600136,0.01593102138808966,-0.06843408942222595,0.0684640407562257,0.9131379127502441,0.8970744343553102,1.326033791058372,26.96236781772293,-0.0301348615142009,0.04396533051885801,-0.48897549637083804,0.0010696340004869853,1
4.462592363357544,-0.058085840195417404,-0.0889049619436264,0.3661794364452362,-0.007337772991427601,-0.03358653205184454,-0.3444324433633436,0.020033031687391567,-0.025628226785007424,0.024769228759897288,-0.055189721286296844,0.06834911555051815,0.8819074630737305,0.9062063877029505,1.306233420520884,26.968790158774834,-0.03436321676706354,0.04215224345302491,-0.48683849028889953,0.0011217290002605296,1
4.47259521484375,-0.05878530070185661,-0.08893794566392899,0.35915014147758484,-0.010663088183138865,-0.026127535034155047,-0.34728744633367575,0.019352663393187974,-0.025391366335051124,0.03370606790964592,-0.0557599700987339,0.04376741126179706,0.8798084259033203,0.9116773031731656,1.2942188621221027,26.970823948907697,-0.03450515157808258,0.042046726209628286,-0.4866522059247581,0.0013473600001816521,1
4.482598304748535,-0.05916092172265053,-0.0889057144522667,0.35561418533325195,-0.012558789283864863,-0.019467897293279295,-0.3489213586196481,0.017886376115186398,-0.024731069419188678,0.04655668355996401,-0.059598878026008606,0.06367336213588726,0.849986732006073,0.9306543086814518,1.2649399098675036,26.97984731707119,-0.03130110924731714,0.05389278233563208,-0.4965383700486979,0.0013186570004108944,1
4.492588520050049,-0.05950090289115906,-0.08885342627763748,0.35207560658454895,-0.013198955838630701,-0.018206897493095325,-0.3491796851681036,0.017270886656195916,-0.024640533384884478,0.05475814495568132,-0.039910390973091125,0.03788520023226748,0.8173013925552368,0.9482143425074305,1.2225093231584203,26.987427860159624,-0.024900798277122903,0.04225255073221475,-0.49898796576441024,0.0012984059994778363,1
4.502590894699097,-0.05987206846475601,-0.08877330273389816,0.3485127091407776,-0.011648206798126969,-0.013462477609408476,-0.34978619222222745,0.016457832915184767,-0.024265509249117745,0.06286002278638314,-0.05290849134325981,0.049665715545415975,0.8053898811340332,0.9668454379687998,1.1910939246115504,26.993962313291913,-0.032472268715633065,0.05475425198581223,-0.4938180853213241,0.0013836019998052507,1
4.512592315673828,-0.05987206846475601,-0.08877330273389816,0.3485127091407776,-0.011648206798126969,-0.013462477609408476,-0.34978619222222745,0.016457832915184767,-0.024265509249117745,0.06286002278638314,-0.05290849134325981,0.049665715545415975,0.8053898811340332,0.9760513071783483,1.1545522975247624,27.00063490135852,-0.023699652627150018,0.04760064296230043,-0.4976212466459645,0.0010830399996848428,1
4.522589206695557,-0.06020919606089592,-0.0886724516749382,0.34495192766189575,-0.01415259146503593,-0.010976232251514827,-0.3507749438527595,0.015758360438941743,-0.024238883428465474,0.07048480517309752,-0.048719372600317,0.025068610906601046,0.7692455649375916,0.9933397343887316,1.121721533422266,27.006934529500064,-0.02318580469522552,0.0599249980515374,-0.4902675757618229,0.0010995910006386111,1
4.532602787017822,-0.06056363508105278,-0.08854857087135315,0.34137389063835144,-0.009410348211845347,-0.00796088824665989,-0.3500659167887658,0.01526604134884435,-0.024118054823185187,0.07771420247211092,-0.031086206436157227,0.021099623292684642,0.7076246738433838,0.9961237371711567,1.0932864108658094,27.01333761541158,-0.030474065618372306,0.06127291183342534,-0.4694762904857674,0.00108304099921952,1
4.542601108551025,-0.060885488986968994,-0.08839147537946701,0.337791383266449,-0.014431649028524299,-0.005753162819148213,-0.3538869619636972,0.014612105950833953,-0.02412931452056899,0.08454733338063614,-0.04268674552440643,0.004223917145282114,0.6836786270141602,1.0142494762614898,1.0639163132549436,27.019550921375274,-0.022620195917238475,0.0701117422980298,-0.46458728087970996,0.0011127200004921178,1
4.552602052688599,-0.06122638285160065,-0.0882243737578392,0.3341895639896393,-0.011719687737704907,-0.0004336917514289139,-0.35549873115529657,0.013901162002009304,-0.024491937933786456,0.0939719051782979,-0.01929405704140663,-0.01496381033211939,0.6120436787605286,1.0253266447444764,1.0309073225127234,27.02582080468412,-0.0315186947430582,0.08064700545896801,-0.43902796239102604,0.0010720070004026638,1
4.562610626220703,-0.061543822288513184,-0.0880100354552269,0.33056652545928955,-0.015575262970637585,0.002328880238133619,-0.35868501662553925,0.01336585143969593,-0.02478345321165243,0.09946191300656837,-0.03923330828547478,-0.03331198915839188,0.546117901802063,1.0458166272819214,0.9975514372013108,27.032005712257742,-0.019982037443314053,0.09100216967823486,-0.4105068399720928,0.001142189000347571,1
4.572601318359375,-0.062144745141267776,-0.08751537650823593,0.32327452301979065,-0.011681677036858915,0.004621549432993491,-0.3599332571111477,0.012907852018866794,-0.025424705356528854,0.10461876513727741,-0.03213543817400932,-0.04529459774494165,0.5131592750549316,1.0581166526353882,0.977379954692576,27.033962868861217,-0.019996779127233556,0.09114499281182943,-0.40804523203856524,0.0014120240002739592,1
4.582623720169067,-0.06239670142531395,-0.08727101236581802,0.31960248947143555,-0.01255953789927422,0.015753820470739706,-0.3603565692904487,0.012405080053698114,-0.026435548636124295,0.11114671558326172,-0.018461791798472404,-0.06113010272383685,0.41447412967681885,1.0637534558494126,0.9562815983008559,27.04311762164247,-0.021902120885868286,0.09859524496173536,-0.39568683087691675,0.0012645369997699163,1
4.592570781707764,-0.06262478977441788,-0.08700397610664368,0.31591978669166565,-0.012102054284405467,0.010493878347000087,-0.36219194531519255,0.011986074362202448,-0.02727729543226154,0.11467965071604569,-0.03286914899945259,-0.07589487731456752,0.35718995332717896,1.0741265768037733,0.914773269107722,27.05025446591565,-0.02620997514798454,0.10953945840474856,-0.35254839382722364,0.0012377210005070083,1
4.602641344070435,-0.06283315271139145,-0.08673080056905746,0.3122248947620392,-0.01098085659619547,0.022193137561126498,-0.36326712369904457,0.011683545499109549,-0.02829350799174435,0.11778787134931079,-0.01130752544850111,-0.09675899147987362,0.31007495522499084,1.088309886825078,0.8702775252536021,27.060946804872657,-0.027521568088164403,0.13126621187868667,-0.3034050975354546,0.0011560160000954056,1
4.612690687179565,-0.06299439072608948,-0.08646007627248764,0.3085254430770874,-0.01181330142518994,0.017321128919227755,-0.3639183342415177,0.011390830723203127,-0.029401176312911392,0.12002346639956762,-0.015001891180872917,-0.10606919229030606,0.23020699620246887,1.09705188834148,0.8426843492506233,27.06425146332841,-0.027366686376192037,0.13298156365215363,-0.29992561142416907,0.0037617660000250908,1
4.6226396560668945,-0.06299439072608948,-0.08646007627248764,0.3085254430770874,-0.01181330142518994,0.017321128919227755,-0.3639183342415177,0.011390830723203127,-0.029401176312911392,0.12002346639956762,-0.015001891180872917,-0.10606919229030606,0.23020699620246887,1.1115254900271987,0.8341095315423087,27.06927505001166,-0.02534781138087877,0.14095471214256766,-0.2636039029836034,0.0008634149999124929,1
4.632569313049316,-0.06319331377744675,-0.08613394945859909,0.3048097491264343,-0.012385955383453245,0.03078500959688203,-0.3639798760270943,0.011153464911652478,-0.0305765291243274,0.12169131488672669,-0.021058695390820503,-0.11454119533300398,0.16654333472251895,1.1239860293135824,0.7950853829218488,27.075173203267894,-0.020382059262098528,0.14856570440501343,-0.23173178388833093,0.0010521750000407337,1
4.642581939697266,-0.06333115696907043,-0.08582616597414017,0.3011033236980438,-0.010783297568422372,0.026473528420026055,-0.3642007410266555,0.011098056793487743,-0.032013417936980204,0.12278584701391271,-0.003366719000041485,-0.14378796517848969,0.09071587026119234,1.1377706572773119,0.7821363053203785,27.080901085899175,-0.02949331683420363,0.16733662148544415,-0.1941090640879149,0.0010738930004663416,1
4.652582883834839,-0.06346852332353592,-0.08547316491603851,0.2973940074443817,-0.0077374574622146326,0.03228108601194381,-0.3645544648047612,0.01104321495911531,-0.033261925422083394,0.12320289981422583,-0.0127419363707304,-0.1379525512456894,0.026592157781124132,1.141986880687181,0.7596010119364823,27.08702699124982,-0.024596208129582783,0.16791210205556636,-0.16107937807610445,0.0010886269992624875,1
4.662590742111206,-0.06355702877044678,-0.08515813946723938,0.2936926484107971,-0.013158528413810593,0.030473018348929105,-0.3636374771501502,0.011114291104193263,-0.03521495200985969,0.12262473207740943,0.007043939083814621,-0.13011668622493744,-0.052996486425399766,1.163873884856352,0.7501540742629353,27.09255946876193,-0.03505410455204285,0.17020115940353997,-0.12051782822527386,0.001057342000422068,1
4.672583341598511,-0.06365514546632767,-0.08480533957481384,0.29000145196914673,-0.005882646939721652,0.033301692679029625,-0.3599038719927823,0.01125099316974909,-0.03684642656062165,0.12147401849768658,0.004367454443126917,-0.13525117933750155,-0.12434195727109908,1.166212258021621,0.7396344779696254,27.098570878310234,-0.03436058503826061,0.17667706980173103,-0.08282622835207692,0.0010491019993423834,1
4.682581663131714,-0.06369959563016891,-0.0844820961356163,0.2863432765007019,-0.010188276300092839,0.0344183633902081,-0.3593493401825696,0.011140735220287912,-0.03790660811150026,0.1195327787213647,0.0018243429949507117,-0.13616651296615603,-0.20052310824394223,1.1806931555837554,0.7287198299802743,27.104356293221272,-0.032909999790913046,0.18070721185860725,-0.04261901238750239,0.0010782219997054199,1
4.6925764083862305,-0.06369918584823608,-0.0838494747877121,0.27916133403778076,-0.008995796449473403,0.03712539425512563,-0.34803116317209515,0.011630477094426883,-0.039206231616172094,0.11692630147337812,0.020033715292811394,-0.11393849551677707,-0.2715438902378082,1.189453538206963,0.7221236475084615,27.106188870410556,-0.0329190398855871,0.1807152802014334,-0.03916124086743925,0.0012136980003560893,1
4.702577829360962,-0.063674196600914,-0.08352631330490112,0.275677353143692,-0.006088401332438501,0.04340807738840572,-0.3369795381799514,0.01196277765639131,-0.04061757016905654,0.11182281398091698,0.002845398150384426,-0.10455684363842015,-0.35324373841285706,1.1884231579097155,0.7023663789650476,27.11903274204794,-0.03530369447336895,0.17020817945158503,0.036481881942239884,0.0010305960004188819,1
4.71257472038269,-0.063674196600914,-0.08352631330490112,0.275677353143692,-0.006088401332438501,0.04340807738840572,-0.3369795381799514,0.01196277765639131,-0.04061757016905654,0.11182281398091698,0.002845398150384426,-0.10455684363842015,-0.35324373841285706,1.1875592756759734,0.6895804398104333,27.123032667058013,-0.03590143149911451,0.1719805468102974,0.044227406148894526,0.0010529430001042783,1
4.7225847244262695,-0.0635116770863533,-0.0828985944390297,0.2690921425819397,-0.003865768801410073,0.045539505700578714,-0.30954411627087436,0.01267319874536632,-0.04168352062612124,0.10264934710531337,0.023840639740228653,-0.03963482752442366,-0.5082655549049377,1.1844400358687122,0.6979770716125021,27.12802410977807,-0.039348831114917805,0.16597211163460807,0.08278912428835813,0.0012651650004045223,1
4.7325756549835205,-0.0635116770863533,-0.0828985944390297,0.2690921425819397,-0.003865768801410073,0.045539505700578714,-0.30954411627087436,0.01267319874536632,-0.04168352062612124,0.10264934710531337,0.023840639740228653,-0.03963482752442366,-0.5082655549049377,1.1743452581965326,0.6886112597948973,27.133591552887406,-0.048984493028467024,0.14222759380393907,0.12687463426377907,0.0010479149996172055,1
4.742585897445679,-0.06335923075675964,-0.08259264379739761,0.26604384183883667,0.0005677405035425118,0.03899762412623126,-0.2898144125842747,0.013286697807903813,-0.04190702996713913,0.09713066175140606,0.02273024618625641,-0.017861600965261525,-0.5424759984016418,1.1555637822120595,0.701378124201095,27.126437879876153,-0.051355564567869945,0.13127978707292984,0.15064885769211392,0.0010449820001667831,1
4.752594470977783,-0.06320396065711975,-0.08228281140327454,0.2631959915161133,0.0005334750946005242,0.04956194811402104,-0.26759117830475715,0.013782448404912717,-0.04126709436643283,0.09112863030997653,0.03440902382135391,0.02870525047183029,-0.628818690776825,1.1308996354214658,0.6881652623600215,27.100628190991927,-0.0577706335986302,0.10587343371454096,0.1983189653807373,0.0010460290004630224,1
4.762582778930664,-0.06296323239803314,-0.08197575807571411,0.26061931252479553,0.006737742530779248,0.043427225167808836,-0.23852984608053007,0.014338345867877411,-0.04067630623711116,0.08426494556393083,0.01686355657875538,0.0924130752682685,-0.6964771747589111,1.0894383886506744,0.6958293645160637,27.060204177422055,-0.05169596036786861,0.07151547946188481,0.24052458480802394,0.0010306659996786038,1
4.772583246231079,-0.06270353496074677,-0.08169819414615631,0.2583356499671936,0.0050030267909599736,0.047436975041311606,-0.20807856318630324,0.015090779567310086,-0.03817577749038836,0.0732704212771611,0.024031104519963264,0.16131599247455589,-0.7523475289344788,1.0458589580461382,0.6953802128300361,27.013272619221325,-0.05678060217363161,0.029506175701693484,0.2835660289001675,0.0009982629999285564,1
4.78258490562439,-0.062356799840927124,-0.0814283937215805,0.25638145208358765,0.01443737681857496,0.04793953937118612,-0.17499518379858292,0.01589522945418187,-0.0357371153863304,0.06516813971069091,0.03222207352519035,0.2311032712459563,-0.8126195073127747,0.9766399455350288,0.6989484736002919,26.96097929562658,-0.06312918957569949,-0.013910115032902404,0.325416048718815,0.001029688000016904,1
4.79259181022644,-0.06153831258416176,-0.0809212476015091,0.2533976137638092,0.021952861906524967,0.048505496184203974,-0.11714567246445427,0.01625824032961365,-0.032694158137866136,0.05673057468959142,0.0097647774964571,0.2914937734603881,-0.8562210202217102,0.935006535940434,0.7008473023790716,26.94437397476036,-0.06348696431145594,-0.01435364069505021,0.32900519762746144,0.0010712389994296245,1
4.802617073059082,-0.06103795766830444,-0.08072516322135925,0.25230830907821655,0.02179341951043371,0.04197490594520247,-0.09358547624446897,0.017355282177156983,-0.027152781786776714,0.043403395192525895,0.04212991148233414,0.378276765346527,-0.8993368744850159,0.8666624011829002,0.6987647603446783,26.87249912478904,-0.05285130970484801,-0.053766630941582835,0.3600065574458638,0.0013516879998860531,1
4.812702178955078,-0.06050896272063255,-0.08052291721105576,0.25146377086639404,0.02901355548986906,0.04475237453828032,-0.06784693880204769,0.01786352600215757,-0.022699059001226818,0.03394739415676984,0.021703751757740974,0.42287030816078175,-0.9525596499443054,0.7523455519125637,0.7151052186997346,26.793074310820447,-0.06137738607916816,-0.14319947054880555,0.4279312369372737,0.002409030000308121,1
4.8226988315582275,-0.05991238355636597,-0.0803966373205185,0.2508664131164551,0.02866225873954065,0.038772732170439576,-0.04432033735056671,0.018463328375013965,-0.017690351968931317,0.024104883849628056,0.01697140373289585,0.4643729329109191,-0.9905245900154115,0.6829705539095617,0.7240145477718374,26.767814853230117,-0.06262904425210855,-0.1504519914243876,0.44144637577690377,0.0010064330008390243,1
4.832577228546143,-0.05928102508187294,-0.08026652038097382,0.2505103349685669,0.03822247679186143,0.039901886255221876,-0.018507666717884893,0.018934772424076485,-0.012578690970304063,0.014216941421477003,0.04067595675587654,0.4896983206272124,-1.010988712310791,0.6162336316843141,0.7449057455434056,26.73204211890183,-0.06162492142280907,-0.18534995933401266,0.47239115811572474,0.0013204719998611836,1
4.842629909515381,-0.05928102508187294,-0.08026652038097382,0.2505103349685669,0.03822247679186143,0.039901886255221876,-0.018507666717884893,0.018934772424076485,-0.012578690970304063,0.014216941421477003,0.04067595675587654,0.4896983206272124,-1.010988712310791,0.5295502387955038,0.758798715563002,26.6899874379483,-0.07388414200114699,-0.21411502005434613,0.49670121945929774,0.0011455409994596266,1
4.852580785751343,-0.0585755929350853,-0.08021283894777298,0.2503984868526459,0.03651491549952512,0.03457615153234375,0.0030179865796866297,0.01936399946096401,-0.007094810783087269,0.003828075348269344,0.03141011670231819,0.529621660709381,-1.0366312265396118,0.45445192936803114,0.7800862988839541,26.65063277097914,-0.0702578454990618,-0.24963340107377718,0.523434000422277,0.0011082500004704343,1
4.862585783004761,-0.05782613530755043,-0.08014136552810669,0.2505209445953369,0.04949783163553845,0.03423589089165314,0.028999529812853794,0.020003914012860502,0.001010145085898806,-0.011736879207771,0.03282177820801735,0.5138326883316039,-1.0522668361663818,0.34874338838771735,0.7959346210209238,26.606432078354455,-0.07199542995488399,-0.26662800563325567,0.5496310837767392,0.001079759000276681,1
4.872586727142334,-0.056993771344423294,-0.08013518899679184,0.25086402893066406,0.05041053150492067,0.0341090559076941,0.04849079997767665,0.02026753636720313,0.006700412165044245,-0.022267785173045063,0.026720236986875534,0.5321419239044188,-1.0644408464431763,0.2581167803170346,0.8058152296246285,26.568194066681183,-0.06886317808454509,-0.29202658618291055,0.5646923247908291,0.0010530819999985397,1
4.882885694503784,-0.05609925836324692,-0.08012459427118301,0.2514084577560425,0.06302788874608785,0.027344012134694538,0.0698270872160104,0.02035500445740812,0.009317288357545639,-0.027608551643035106,0.017299294471740723,0.5234713554382323,-1.0794854164123535,0.16241500632645578,0.8248289368778795,26.528854722974277,-0.06496827862644701,-0.296524280775538,0.5725051679891442,0.0010419090003779274,1
4.892579793930054,-0.055134955793619156,-0.0801936462521553,0.2521326243877411,0.06313429045519899,0.029289334700826505,0.08388582613449501,0.020609306630890778,0.017432270504980085,-0.04354480603062516,0.028605837374925613,0.4846135973930358,-1.0650217533111572,0.07647981203969276,0.833914069617447,26.498172716088387,-0.07030560002142007,-0.300238657031139,0.5925409633624387,0.001053920000231301,1
4.902579307556152,-0.054104939103126526,-0.08023136854171753,0.25300517678260803,0.07574041945669173,0.024349003784125658,0.10013601924198481,0.020614941975739765,0.02213074905380319,-0.05414013822246533,-0.0055656409822404385,0.4672632813453673,-1.067793846130371,-0.0233023700526242,0.8454649868266274,26.466887530313638,-0.05347528314648982,-0.3057417667420499,0.6071745106603068,0.0010588089999146177,1
4.9125776290893555,-0.05183553323149681,-0.08043698966503143,0.25503426790237427,0.08506869586183154,0.021552634149696867,0.1142852079990439,0.020278042611435065,0.0267900373353962,-0.06461591595741734,-0.005009897984564304,0.4152570068836211,-1.0566030740737915,-0.0835897171085189,0.8521690685121575,26.456920902584816,-0.05319733879506312,-0.3056792891680047,0.6084527053443559,0.0012667709997913335,1
4.922584533691406,-0.050596993416547775,-0.08057726174592972,0.2561383545398712,0.10037876665681075,0.016573911530710327,0.11958277970494594,0.019714337864943143,0.03254855957173941,-0.07986856087038374,-0.020108560100197792,0.34438776969909657,-1.0163341760635376,-0.16193130398012687,0.8597768227867569,26.43334269653466,-0.052729389594625004,-0.29386450779130147,0.6212859283642791,0.0012776650000887457,1
4.932576656341553,-0.04928125441074371,-0.08074115216732025,0.25726956129074097,0.10028656597933829,0.01908916364295328,0.11995433999871809,0.01901900144463342,0.03578431859455744,-0.08994381525428397,-0.05176273360848427,0.2943493425846099,-1.00216805934906,-0.2641875696310703,0.869448006715099,26.41701603528035,-0.04414350847504106,-0.2759205724553191,0.6264539715392444,0.0012243830005900236,1
4.942578315734863,-0.04790283367037773,-0.0809125304222107,0.25841817259788513,0.11389797936490839,0.009932007335126298,0.12488931408188472,0.01830952876157843,0.03827192081030617,-0.09962692626950131,-0.04404415562748909,0.21736304461956013,-0.9787071347236633,-0.33823130123579026,0.864195485395063,26.40992707142278,-0.026180482003251102,-0.2594669381519458,0.6314242030875754,0.0013236159993539331,1
4.952571153640747,-0.04790283367037773,-0.0809125304222107,0.25841817259788513,0.11389797936490839,0.009932007335126298,0.12488931408188472,0.01830952876157843,0.03827192081030617,-0.09962692626950131,-0.04404415562748909,0.21736304461956013,-0.9787071347236633,-0.4243550448138683,0.8765682550454444,26.399197655179407,-0.029147566689422852,-0.22928833856599937,0.6290759565208052,0.0010305959995093872,1
4.962572336196899,-0.04646569490432739,-0.08114732801914215,0.2595614790916443,0.11616955015540657,0.011577566135419251,0.12166286948369118,0.017410263814266802,0.040442087093664814,-0.10902358479533447,-0.05580693855881691,0.17247208952903736,-0.9270558953285217,-0.49227144423093583,0.87552867933229,26.398178495440767,-0.02080013864129605,-0.21249125805227123,0.6108908596564685,0.0010838789994522813,1
4.97259259223938,-0.04496939852833748,-0.08135008066892624,0.2607092559337616,0.12189122308769552,0.010090207961268588,0.12217793594419317,0.016446715682159496,0.0416037014175652,-0.11795643922176025,-0.07378445565700531,0.08291681110858906,-0.8894868493080139,-0.5507594504674671,0.8713966722561065,26.395581309793194,-0.01018332502751001,-0.1712305946506798,0.5974189590730558,0.0010563639998508734,1
4.982578754425049,-0.04342908412218094,-0.08159216493368149,0.261832058429718,0.1347490846081469,0.003974376277115861,0.12313599153663705,0.01487848106995493,0.042169010910451554,-0.1306524477315918,-0.0748598650097847,-0.004713093861937624,-0.830032467842102,-0.6210268872832165,0.8728669456733353,26.391639838880597,-0.006367979922100817,-0.12967847617926967,0.5764910332176864,0.0010553870006333455,1
4.992572069168091,-0.041827160865068436,-0.08185849338769913,0.26295387744903564,0.13037069143771537,0.00794056515197984,0.11900611964526624,0.014370567044990956,0.04226889738855233,-0.13467319332347394,-0.08885355293750763,-0.05433174595236788,-0.7869153618812561,-0.6564202953674901,0.8630852111423991,26.394498104665946,0.0019686098498411866,-0.10385767438508553,0.556569471278612,0.001065792000190413,1
5.002580642700195,-0.04020867869257927,-0.08208902925252914,0.26404914259910583,0.1445603372216486,0.0010069561139919305,0.12212333798992603,0.012786721544597146,0.0403445490345784,-0.1457338208165937,-0.0734369084239006,-0.1620541065931321,-0.7149063944816589,-0.7069769822727333,0.8631844971469319,26.390045354588043,-0.0030623683024956537,-0.04570821465886469,0.5262965947778429,0.0010687249996408354,1
5.012723207473755,-0.03853928670287132,-0.08237248659133911,0.2651132047176361,0.14546595541685156,0.0033946101358278075,0.11895942636171213,0.011752419508996859,0.038639768250347206,-0.15242750854126497,-0.08824294060468674,-0.22169063985347756,-0.6569836735725403,-0.7379800588694627,0.8521915461688792,26.39176243595512,0.006831279083017922,-0.00996198614630419,0.49974398668806386,0.0025387109999428503,1
5.022822141647339,-0.035143524408340454,-0.08288679271936417,0.267157644033432,0.15862953655033996,-0.0027378391789798034,0.11694479020298951,0.010591487381121478,0.036082982909751316,-0.15856314901551505,-0.0898347869515419,-0.27351230382919317,-0.5889632701873779,-0.7568190431196097,0.8455350262019671,26.39231402176318,0.007226022835177632,-0.009301814642175894,0.49746295081389036,0.0012350669994702912,1
5.032891750335693,-0.033422112464904785,-0.08314351737499237,0.26811981201171875,0.1522720010312581,0.0015129031885926577,0.11169583300543609,0.008947768663131406,0.029598818496368473,-0.16877639800568822,-0.07663722336292267,-0.3620223999023438,-0.4551584124565124,-0.8045115529177622,0.8458915807276053,26.39242772620226,0.010030856645101246,0.022389675589926883,0.4682797204902184,0.0014808099995207158,1
5.042571306228638,-0.031686365604400635,-0.08339206129312515,0.26905545592308044,0.1629276126427992,-0.005341475732501023,0.11225546842446174,0.008947768663131406,0.029598818496368473,-0.16877639800568822,-0.07663722336292267,-0.3620223999023438,-0.4551584124565124,-0.8015798241001074,0.833290142889441,26.39961167787967,0.0073342484404834065,0.08632635013150573,0.4078193705887817,0.0010810149997269036,1
5.052587270736694,-0.029956968501210213,-0.08365998417139053,0.2699429392814636,0.15614885089685873,0.00011092415887481449,0.10636122441664904,0.0076828948841418665,0.02338678798657856,-0.17472241059322657,-0.0670824721455574,-0.4334280192852021,-0.34767323732376093,-0.8340712634224753,0.8367740478622812,26.39955746622818,0.007117386744396048,0.08621605021630242,0.4026613001873642,0.0012385580002955976,1
5.062572717666626,-0.029956968501210213,-0.08365998417139053,0.2699429392814636,0.15614885089685873,0.00011092415887481449,0.10636122441664904,0.0076828948841418665,0.02338678798657856,-0.17472241059322657,-0.0670824721455574,-0.4334280192852021,-0.34767323732376093,-0.8213992488038253,0.825218984662571,26.40746100249746,0.005432313410965328,0.14032639035990083,0.35458751525357657,0.0010064340003737016,1
5.0725696086883545,-0.0282575786113739,-0.0838623195886612,0.27078184485435486,0.16287246305191766,-0.006710577943279738,0.1069864996793308,0.0070597382916570695,0.018412442172573762,-0.1775277991250741,-0.062454693019390106,-0.48916018009185797,-0.29164850711822504,-0.8206705559074033,0.8285589660395387,26.40904724487819,0.0038514234928865108,0.18244406111206637,0.325503732951552,0.0009879979998004274,1
5.082573652267456,-0.02658761478960514,-0.08408922702074051,0.27157580852508545,0.15439403062219687,0.0001396032202731964,0.10053772487931749,0.006230977428689055,0.013575656881060993,-0.17986681571669783,-0.0732685923576355,-0.5172240138053894,-0.19193328917026514,-0.7897620438235105,0.8148031208941109,26.41777955159237,0.01206871163353261,0.21186959352635,0.27736130316238444,0.0010016160003942787,1
5.09256911277771,-0.02494165115058422,-0.08426391333341599,0.2723425030708313,0.1591899985973478,-0.004798878213301819,0.10184916829955193,0.005791025267207761,0.008035593953124476,-0.18106422906282482,-0.04550062119960785,-0.5368824601173401,-0.10377682000398629,-0.7735348267876286,0.8163847282490302,26.418908886412986,-0.0006458386672944065,0.2372847734944221,0.23241261759242005,0.001006364000204485,1
5.102565765380859,-0.0233614481985569,-0.08444775640964508,0.2730709910392761,0.14800697533929744,0.0002716047583383246,0.09749925859854987,0.005791025267207761,0.008035593953124476,-0.18106422906282482,-0.04550062119960785,-0.5368824601173401,-0.10377682000398629,-0.7431346894483963,0.8100866555078347,26.423827629813623,-0.00048126490509512907,0.2387374498461874,0.2285716057894051,0.001011600999845541,1
5.112570762634277,-0.02185005694627762,-0.08455753326416016,0.27376434206962585,0.15073083305622043,-0.005315872924402015,0.09690657265175569,0.004328798804519085,-0.005546728991327132,-0.18111762071607274,-0.04591241851449013,-0.545437753200531,0.08823420852422721,-0.6995025087907313,0.8137292951089572,26.427631515576916,0.0041635375324794565,0.28135604696551525,0.13819908247432194,0.001004338999337051,1
5.122570037841797,-0.020411306992173195,-0.08467935770750046,0.27442240715026855,0.14095827901855235,0.00156875686141122,0.09241227078366855,0.003975506665811146,-0.010943327970627248,-0.1795424249852311,-0.043901510536670685,-0.555571436882019,0.17443978786468511,-0.6371998769552921,0.8037929677286361,26.434287094330212,0.005175554721975551,0.3034441347010282,0.08922807006329056,0.001029688000016904,1
5.132564544677734,-0.019028497859835625,-0.08472232520580292,0.2750513553619385,0.14364491356758927,-0.004623131526256162,0.09453828656265573,0.0034346306255370607,-0.01674591621085142,-0.17716292191892435,-0.04961472004652023,-0.5440849661827087,0.26895549893379217,-0.5974547342409806,0.8088021516694719,26.43391991420881,0.009700342553280897,0.31402956031998197,0.03954166496063647,0.0009982639994632336,1
5.142590284347534,-0.016490289941430092,-0.08473966270685196,0.27621880173683167,0.1324810680040384,-0.0005689359001898344,0.0888945015877851,0.003031745520631457,-0.021915262976494265,-0.1739456233084704,-0.03893793374300003,-0.5418705344200134,0.3323348760604859,-0.5734750724742724,0.8117856257293845,26.433774559041122,0.009765717400192397,0.31410639388335126,0.035269042709394204,0.0012685869996857946,1
5.152575969696045,-0.0153388362377882,-0.08470842987298965,0.27675095200538635,0.12030167831518948,0.003665924039005136,0.08179979817369974,0.0020581353879012276,-0.029533725542635114,-0.16763965546751303,-0.04939986392855644,-0.48743018507957453,0.4576102495193482,-0.5265695107056428,0.8080594995966762,26.43974830359421,0.0064357460663947725,0.32870256566276546,0.0036160316994336347,0.0013072040001134155,1
5.162569999694824,-0.014276080764830112,-0.08463825285434723,0.2772490680217743,0.11686521744962204,0.006947448057647393,0.08089564024547087,0.0015060774592594584,-0.03452191581180841,-0.16241546129895257,-0.04109175130724907,-0.4698690474033355,0.5247387886047364,-0.45397458275209185,0.7983650429217922,26.450165883968083,0.01591125446678841,0.3245143058775902,-0.06090815871446891,0.0011730549995263573,1
5.1725685596466064,-0.014276080764830112,-0.08463825285434723,0.2772490680217743,0.11686521744962204,0.006947448057647393,0.08089564024547087,0.0015060774592594584,-0.03452191581180841,-0.16241546129895257,-0.04109175130724907,-0.4698690474033355,0.5247387886047364,-0.39082783173722285,0.785918420969231,26.454288008922752,0.01453726758957131,0.33005746492439464,-0.1004659506361148,0.0010054560007120017,1
5.182592868804932,-0.01330607384443283,-0.0845130980014801,0.2777167558670044,0.10928042240304017,0.004846933632072873,0.07757814965194658,0.0008527580519523958,-0.03886163602238568,-0.15657074537847615,-0.040496546775102615,-0.4273955821990966,0.5920313000679016,-0.3292216705281464,0.7844115761274679,26.459144351199573,0.016566124288610817,0.3217630917008599,-0.13824929532764282,0.0010340879998693708,1
5.192591190338135,-0.01330607384443283,-0.0845130980014801,0.2777167558670044,0.10928042240304017,0.004846933632072873,0.07757814965194658,0.0008527580519523958,-0.03886163602238568,-0.15657074537847615,-0.040496546775102615,-0.4273955821990966,0.5920313000679016,-0.29196627207154174,0.7833618923424355,26.460656323652223,0.01661999277868264,0.3214391786314621,-0.14149635351376993,0.0010072720006064628,1
5.2026002407073975,-0.011657118797302246,-0.08415371924638748,0.27856624126434326,0.09528720358002976,0.011562122907198392,0.07318789544510058,-0.0008363922573875193,-0.04626655400851876,-0.14241878322964263,-0.0344209261238575,-0.33201563358306874,0.7427625060081482,-0.22400903413854112,0.7687798556498939,26.465297235865236,0.0205577128530039,0.296121972348884,-0.21929542194656626,0.0010476349998498335,1
5.212870359420776,-0.01096009649336338,-0.08393532782793045,0.27897411584854126,0.08473200340048573,0.01368552677155698,0.07043243962792871,-0.0017315997842426434,-0.049285433378952526,-0.13452049127434318,-0.05038147047162056,-0.27365732192993153,0.821659505367279,-0.15462250944026437,0.7546123424228633,26.469236939091736,0.03194628719636375,0.2758748056256856,-0.26683770286473657,0.002524814000025799,1
5.222841262817383,-0.010395379737019539,-0.0836292952299118,0.2793550491333008,0.0794572605688952,0.016470826775206383,0.06988359259940621,-0.003448911114630082,-0.05258792029868298,-0.12104996976012572,-0.05580044165253639,-0.16259534657001484,0.913905918598175,-0.09817480562686762,0.7366184191149847,26.470552445670425,0.04068287522723141,0.22977606913791682,-0.32241854637245226,0.0008857620005073841,1
5.232605218887329,-0.009925377555191517,-0.08326857537031174,0.27971962094306946,0.0705920678328898,0.017762367472492147,0.06604739331929098,-0.004485235874729376,-0.053777685608476844,-0.11159094229130151,-0.042113013565540314,-0.10686793923377978,0.9643819332122803,-0.043387094363644976,0.7229967828679628,26.47475454015236,0.03754014609409192,0.2053180486690923,-0.35693899325115064,0.001236603000506875,1
5.24268913269043,-0.009305743500590324,-0.08241552114486694,0.2803666591644287,0.05380233745536259,0.026641934885729385,0.061155058566345184,-0.0056922023388090714,-0.05435782868093497,-0.1014690282397579,-0.0734313577413559,-0.046533059328794354,1.0142550468444824,-0.010242637157344886,0.7145723902004353,26.476090685078724,0.03763313288640506,0.20468872864076035,-0.3599059087514258,0.001438210999367584,1
5.252594232559204,-0.009134318679571152,-0.08192044496536255,0.2806645929813385,0.04394325612971894,0.029616169592192373,0.05840453508105639,-0.007784479949430878,-0.05418545696056398,-0.08537631672308166,-0.06828952580690384,0.05247914046049131,1.0845510959625244,0.04774984577330186,0.6841766951074331,26.480757541402497,0.05734526614305635,0.1776046933588047,-0.39013514843825786,0.0013201239999034442,1
5.262598991394043,-0.00909525528550148,-0.08134465664625168,0.2809279263019562,0.03692909331083014,0.03480571512930158,0.055236738141657804,-0.009195561481813552,-0.053160897745952784,-0.0742335995457255,-0.0818154439330101,0.09531961381435408,1.1146800518035889,0.10072720614366792,0.6547004013211214,26.4847740130742,0.06106063552317739,0.12814709558809603,-0.42234543314934475,0.001313000000664033,1
5.272590160369873,-0.00909525528550148,-0.08134465664625168,0.2809279263019562,0.03692909331083014,0.03480571512930158,0.055236738141657804,-0.009195561481813552,-0.053160897745952784,-0.0742335995457255,-0.0818154439330101,0.09531961381435408,1.1146800518035889,0.14617085772216384,0.6190951148939515,26.48928762327709,0.07224994206133235,0.1034532426006433,-0.43857426837047186,0.0010268249998262036,1
5.2825891971588135,-0.009149742312729359,-0.08068867027759552,0.2811715006828308,0.028921766186855446,0.03891322380629596,0.05176021166103777,-0.010867098028296773,-0.05160088080059344,-0.06265421367176804,-0.09815315157175064,0.17297822237014784,1.1573301553726196,0.184640301831905,0.5807177507255395,26.494396345058725,0.0850555381694091,0.060449658920261204,-0.454038870773234,0.0011745219999284018,1
5.292590141296387,-0.009267231449484825,-0.08002214133739471,0.2813950181007385,0.021020028673157918,0.04172366853955391,0.048683196365147244,-0.013248408321208771,-0.048036812788226246,-0.044928336083260856,-0.08737264573574066,0.24937003850936904,1.1802476644515991,0.21425139064632684,0.5436206972908771,26.499402110312037,0.08617692106407902,0.012196871692731627,-0.47684257794047363,0.0010495209999135113,1
5.302591323852539,-0.009516139514744282,-0.07924505323171616,0.2815854847431183,0.015005043629173074,0.04985631261780669,0.04614403469010587,-0.015107171776068018,-0.04533720896715909,-0.032833903144676935,-0.12022578716278076,0.28823152184486406,1.201127052307129,0.23930312158978087,0.4913739812009522,26.50372290950751,0.10816190425958384,-0.015426707417088691,-0.4935461382070467,0.0010511259997656452,1
5.312588453292847,-0.009809713810682297,-0.07842031121253967,0.2817683815956116,0.007632715978494672,0.053375017000929594,0.04370618600761508,-0.016913844742740825,-0.04157817857110491,-0.02069640869046374,-0.1190459355711937,0.34922072291374223,1.2256224155426025,0.25898729894843925,0.4432774318348743,26.507790690831992,0.1125029454918094,-0.05624797239642858,-0.5096748413435773,0.0010224959996776306,1
5.322590112686157,-0.010215284302830696,-0.07753276079893112,0.2819134593009949,-0.0021205915221948726,0.05922649059985839,0.04071488969776658,-0.01872498555531399,-0.037932840277282054,-0.00826511174073552,-0.11937788128852844,0.3708865344524385,1.2352821826934814,0.28512473461324284,0.3913541459464608,26.512331448249046,0.1180015127860532,-0.07724881589903627,-0.5261565951556044,0.0010500790003789007,1
5.332589149475098,-0.01069431472569704,-0.07653883099555969,0.2820277512073517,-0.0035104819440954053,0.06680045290034746,0.03711216124299812,-0.020547263198926302,-0.03384937928263465,0.003967746718608112,-0.13225719332695007,0.4197384417057039,1.2435858249664307,0.291917009551171,0.3310376334892777,26.51820115013349,0.12944260437046892,-0.11359880126195629,-0.5424271186672561,0.0010389760000180104,1
5.342608451843262,-0.011219622567296028,-0.0755346268415451,0.2821207642555237,-0.014300654845237976,0.06838250909541486,0.03176985661465213,-0.022053691414389842,-0.02931077599464249,0.016496533908820332,-0.1028992086648941,0.4183629751205446,1.2502130270004272,0.31190223125177574,0.2834036483120439,26.526399495729407,0.11916520976240805,-0.12516867998602127,-0.5589894705709267,0.001088277999770071,1
5.352611780166626,-0.012442043982446194,-0.07330493628978729,0.28223028779029846,-0.020889876575764018,0.08014953881107319,0.025811174747106667,-0.023373609350355817,-0.02509407324413493,0.028739974055485895,-0.09772518277168274,0.4336271584033968,1.224959135055542,0.3238511439948045,0.2545151996165735,26.52900996365632,0.11895585989337787,-0.125536607420367,-0.5604330748435439,0.0013744540001425776,1
5.362592697143555,-0.013142336159944534,-0.07210840284824371,0.28224045038223267,-0.022126168490085706,0.08684280508915655,0.02498566703876524,-0.02545379462547137,-0.018172763946729287,0.04690201610136624,-0.0769394263625145,0.42156627774238603,1.2166640758514404,0.3383297138099291,0.19515774881848347,26.536740371166733,0.12061946080099166,-0.1444728748557458,-0.5754209537576584,0.0013101369995638379,1
5.372605085372925,-0.013851922005414963,-0.0708722323179245,0.2822306156158447,-0.028449286123186358,0.09067288032960263,0.02183522453063097,-0.026097494922139308,-0.013790176574722146,0.05890264924673261,-0.04669763520359993,0.4239571094512941,1.209751009941101,0.3343238607352778,0.13230229226159168,26.54044788166717,0.1162647305038739,-0.15826955455164146,-0.5987453592471316,0.0012918410002384917,1
5.382591962814331,-0.013851922005414963,-0.0708722323179245,0.2822306156158447,-0.028449286123186358,0.09067288032960263,0.02183522453063097,-0.026097494922139308,-0.013790176574722146,0.05890264924673261,-0.04669763520359993,0.4239571094512941,1.209751009941101,0.33629858662147094,0.07849615851040585,26.545525567687022,0.10285420707050931,-0.17136261252487614,-0.61531380828177,0.0010458899996592663,1
5.392590284347534,-0.014609220437705517,-0.06959357857704163,0.2821926474571228,-0.028039956838303154,0.09710960080634891,0.018146967360605087,-0.02684329102980465,-0.009469480210447578,0.07040258597337656,-0.04666166752576828,0.41036000847816484,1.1580603122711182,0.3273733655538679,0.021723856576823,26.551742202327517,0.10504053987440246,-0.17726644679713235,-0.6307279514390971,0.0011004289999618777,1
5.402595281600952,-0.015377062372863293,-0.06826004385948181,0.2821313738822937,-0.03388274123431667,0.10075224924102608,0.014992883315370272,-0.026973104023805927,-0.0034017380055950674,0.08730553391271911,0.014512559399008751,0.38416045904159557,1.131220817565918,0.32232796250512874,-0.025314058668060017,26.557833273046374,0.07511427718752461,-0.18050924459832288,-0.651803150497156,0.0010597159998724237,1
5.412714242935181,-0.016169412061572075,-0.06690362095832825,0.28203752636909485,-0.03227042439497536,0.10457674402839795,0.010256738310832703,-0.02692133429461796,0.00015130481341740776,0.09798899046695864,0.032838866114616394,0.3483470678329469,1.0770344734191895,0.3102837533531912,-0.068258064205684,26.56571732483139,0.06584155725139003,-0.1730834767593312,-0.6627538356220657,0.0017940110001291032,1
5.422818183898926,-0.016972888261079788,-0.06549682468175888,0.2819175124168396,-0.03526164642285067,0.10808437298665746,0.008123399568418578,-0.026328638347346445,0.0034313448721636775,0.1080723296554198,0.05459083989262581,0.31522637605667125,1.016973614692688,0.30481983268529345,-0.1070689545490566,26.571006546188848,0.05364758372409019,-0.1653910780396348,-0.6561926107034933,0.0008692119999977876,1
5.432589769363403,-0.01776883192360401,-0.06408849358558655,0.28177115321159363,-0.03643644372741503,0.11101403031504446,0.005117835187210774,-0.025256351544812983,0.006395876935815448,0.11785489688036455,0.11736296117305756,0.27134498953819286,0.9628773927688599,0.3009600960085195,-0.13656692176816054,26.576619324833754,0.01994850251705304,-0.15139756905102345,-0.6365485355458709,0.0011770359997171909,1
5.4425740242004395,-0.018563635647296906,-0.06262734532356262,0.2815984785556793,-0.03524117463355635,0.11625980616094951,0.0011321130674066741,-0.02415951290482976,0.008949795586023157,0.1269509545226617,0.13090930879116058,0.23293377459049236,0.8877114653587341,0.29238602248564427,-0.16963197303507718,26.583454667812482,0.01037439246131502,-0.1396467836545098,-0.6054779433810626,0.0012539919998744153,1
5.452589273452759,-0.019357342272996902,-0.06115521490573883,0.281394898891449,-0.03770137036617508,0.1185146413070809,-0.002531901526504767,-0.022535645560652018,0.01110159274338951,0.1354025476056453,0.1737108826637268,0.19460171461105358,0.8240033984184265,0.29111668596350543,-0.19477852744694998,26.590476698070496,-0.015024125324066096,-0.12610770706848454,-0.5774977820983693,0.001138836999416526,1
5.462585687637329,-0.020884551107883453,-0.058132369071245193,0.280905544757843,-0.03746681464065456,0.12443824043197468,-0.01015183443501662,-0.020470345228143394,0.012777285004565542,0.1432379488793578,0.20138521492481232,0.14226871728897103,0.7628495097160339,0.288695583131974,-0.22192316208606025,26.60265184161322,-0.0309493568748439,-0.10255954296149149,-0.5495329950497485,0.0011139759999423404,1
5.472574710845947,-0.02159758470952511,-0.05659611150622368,0.28061941266059875,-0.030913504951240307,0.12811040778384514,-0.013783976703592434,-0.017158705064172164,0.01433826987746789,0.15370603226684976,0.2196723222732544,0.08700802177190789,0.678922176361084,0.27384032062339014,-0.24469781622413844,26.611332398586818,-0.04716217286888767,-0.08013533896813398,-0.5125721625854608,0.0010097160002260352,1
5.482577323913574,-0.022302323952317238,-0.05505172908306122,0.28029105067253113,-0.032501566500618924,0.1293878246545858,-0.017713058949561683,-0.014576159611620287,0.015037350826835993,0.15968257648121664,0.2705249488353729,0.038727134466171334,0.5940453410148621,0.2660132043165801,-0.2627497402983796,26.614058571967224,-0.05227509579592185,-0.0818127668748966,-0.5102745882024426,0.0012354149994280306,1
5.492569923400879,-0.022302323952317238,-0.05505172908306122,0.28029105067253113,-0.032501566500618924,0.1293878246545858,-0.017713058949561683,-0.014576159611620287,0.015037350826835993,0.15968257648121664,0.2705249488353729,0.038727134466171334,0.5940453410148621,0.2680385976949913,-0.27239428467640625,26.620325507618556,-0.08405274014874828,-0.05961416160029703,-0.4731091121472093,0.001079966999895987,1
5.5025763511657715,-0.022943997755646706,-0.05352284014225006,0.27992892265319824,-0.030747574422171575,0.13086086429184335,-0.022597115611533297,-0.01181172677725062,0.014911375894981926,0.1650239504343407,0.2756657600402832,0.004481873940676514,0.5195927619934082,0.26920762707116636,-0.27965281176216106,26.628829634882877,-0.09454759106472926,-0.042379218022015254,-0.43754578215605916,0.001052592999258195,1
5.512578964233398,-0.02354278787970543,-0.05202851817011833,0.2795329988002777,-0.027919874747893262,0.13127855978643022,-0.02641683442593303,-0.0073215503689842976,0.01415933555755533,0.17148674166977118,0.30714094638824463,-0.0641119703650474,0.40563318133354187,0.27270962913782865,-0.27463462038635666,26.63686903860861,-0.1223646353939821,-0.006394383736324595,-0.3840806756141427,0.00100929600012023,1
5.522578477859497,-0.02407304011285305,-0.05055567994713783,0.27910536527633667,-0.02920859336887998,0.13114312221976682,-0.033802635981152615,-0.004069915592127771,0.01331642210359929,0.1747493154057178,0.3140431344509125,-0.09191446006298061,0.3243100047111511,0.2835161725389804,-0.26808486384424807,26.649170614009567,-0.13535461164613455,0.010168883395710464,-0.34290872694202934,0.0009849250000115717,1
5.5325844287872314,-0.024588482454419136,-0.049093421548604965,0.27862748503685,-0.021494208044783063,0.1297505199544781,-0.0380893908432901,-0.0009001059183835203,0.011502616468986648,0.177278468266036,0.3054076135158539,-0.1544583886861801,0.2527684271335602,0.28528611848898544,-0.25543283654297405,26.658850690519422,-0.1399345335815089,0.045700423101299445,-0.3069482506995688,0.0009652310000092257,1
5.542576551437378,-0.02503635361790657,-0.04768149182200432,0.2781181037425995,-0.02810626262058872,0.12940909034244025,-0.04443133627677424,0.0022401300454872874,0.009687991871682566,0.17893235206006874,0.32647469639778137,-0.1861286014318466,0.1626498252153397,0.31053811922521496,-0.24416966470394774,26.67048056692111,-0.15916655684091405,0.06758264277361983,-0.2623797692201079,0.0010122289995706524,1
5.5525758266448975,-0.025481775403022766,-0.04626774787902832,0.27756354212760925,-0.017959684382148625,0.1281283501384195,-0.04598756512816167,0.00540409758654814,0.007101531642428771,0.17959439398960964,0.30520153045654297,-0.2625434696674347,0.04193370789289478,0.31934278683825623,-0.22832184999590074,26.676583530228132,-0.15769018537992766,0.11201208721953793,-0.20215749251970055,0.000964951999776531,1
5.562578916549683,-0.026145225390791893,-0.043622490018606186,0.27640828490257263,-0.01505519719876818,0.12253145839322718,-0.055327091276708165,0.008453943245159579,0.0046791283215865676,0.1795425513393405,0.3114568591117859,-0.27318644523620605,-0.037894044071435894,0.3295443902252972,-0.19896902092903265,26.691333532871784,-0.16600161331033697,0.12110233247879701,-0.15955673637876158,0.0010506369999347953,1
5.572571754455566,-0.02637621946632862,-0.042406268417835236,0.27581533789634705,-0.024617263793762084,0.12295121610553311,-0.06066277969425669,0.013174597573575308,-7.843713438759892e-06,0.17753607816478612,0.31209591031074524,-0.312806099653244,-0.15415696799755094,0.33578714687782246,-0.188006957754571,26.69599820587965,-0.17019102851273202,0.12456348636138355,-0.1558963039422711,0.0011736829992514686,1
5.582574844360352,-0.026555808261036873,-0.04123019054532051,0.2752041220664978,-0.013179229869109958,0.11543529446787004,-0.05867336670834956,0.015979173100201027,-0.003639889203759683,0.17530517742293883,0.2858608365058899,-0.3485198020935059,-0.2526069283485412,0.38002648004858475,-0.17565711830799788,26.704660415950908,-0.18404568679911038,0.15810706447420858,-0.10001859864868703,0.0012408620004862314,1
5.592569828033447,-0.026675129309296608,-0.04014674574136734,0.2745860517024994,-0.021901000411468193,0.11584533707702552,-0.06342480310324597,0.019119849143044654,-0.006903429439044206,0.17209668796137745,0.29616230726242065,-0.36421883106231695,-0.3068022727966308,0.39889029613906746,-0.1445884859059103,26.70532925806071,-0.18035347557117215,0.1854823928463829,-0.04795218132366185,0.0012305959999139304,1
5.602575778961182,-0.026675129309296608,-0.04014674574136734,0.2745860517024994,-0.021901000411468193,0.11584533707702552,-0.06342480310324597,0.019119849143044654,-0.006903429439044206,0.17209668796137745,0.29616230726242065,-0.36421883106231695,-0.3068022727966308,0.4418494100839524,-0.12294771781151315,26.71191800378045,-0.19440149126823172,0.2035363076740715,-0.01653235699694037,0.0010319210005036439,1
5.612694978713989,-0.026736723259091377,-0.03910861164331436,0.2739564776420593,-0.010101385654442338,0.1060735136978389,-0.06208165743998959,0.02195163655983068,-0.01100899179024406,0.1682110005202624,0.2665913701057434,-0.40018481016159063,-0.4095619618892669,0.46119646863900243,-0.08043044368704463,26.712581431680025,-0.18956740307421735,0.23218427481689205,0.036255612684650856,0.0017763420000846963,1
5.622827529907227,-0.02679373323917389,-0.03724518045783043,0.2726331949234009,-0.012835671271972207,0.0977149826776266,-0.0690020019900717,0.02679886595453196,-0.019060772277954996,0.1574830242713574,0.23023709654808044,-0.4445884227752686,-0.5738639831542969,0.49432261857093224,-0.06504815146957323,26.722010592339092,-0.18891188189564886,0.23350910665893837,0.040750690882723345,0.002663290000782581,1
5.632618188858032,-0.02679373323917389,-0.03724518045783043,0.2726331949234009,-0.012835671271972207,0.0977149826776266,-0.0690020019900717,0.02679886595453196,-0.019060772277954996,0.1574830242713574,0.23023709654808044,-0.4445884227752686,-0.5738639831542969,0.532246756988392,-0.020631311503199128,26.724759660663203,-0.18708052323838997,0.2777438610199023,0.12337072784221315,0.0008639039997433429,1
5.642579793930054,-0.02681140787899494,-0.03641281649470329,0.2719486951828003,-0.020092903346727666,0.09886117248019761,-0.07346912424221508,0.030134094876724138,-0.025125751132401675,0.1474738894550045,0.18104559183120728,-0.45453500747680675,-0.6931756734848021,0.5922083812634084,0.006054882725909962,26.7310805901312,-0.17289881879302113,0.30131847931696343,0.19115958655383578,0.001153641000200878,1
5.652568340301514,-0.026774628087878227,-0.03564297780394554,0.2712695300579071,-0.014215103452141725,0.08605992044281535,-0.07342813117208905,0.03199529024937853,-0.02941943357590837,0.13953909218017113,0.15858790278434753,-0.45120546221733104,-0.780060887336731,0.6325916134377566,0.055588008078501075,26.7328960398222,-0.1689095836918973,0.3117253035643418,0.24149788778607376,0.0010325510002076044,1
5.662654399871826,-0.026667099446058273,-0.03436748683452606,0.26987817883491516,-0.017076241176518295,0.07330019772004502,-0.07684954992071764,0.03371027082944833,-0.033630310073959,0.131271619504441,0.12641553580760956,-0.46337062120437633,-0.8234925270080565,0.6826819337769184,0.11604266725145497,26.73801659307046,-0.15702087601493608,0.3247773337255157,0.26943892724540053,0.001599174999682873,1
5.672610282897949,-0.026583213359117508,-0.033885613083839417,0.2691669762134552,-0.024560494439553167,0.07399650662759655,-0.08018955585540415,0.03549560475748681,-0.03972356747519479,0.11721312217072422,0.07130755484104156,-0.4536096453666688,-0.9567259550094603,0.748613053462273,0.14905982716459917,26.743347883963054,-0.13549815630814627,0.3358418437474538,0.34050483334016124,0.0011440739999670768,1
5.682574272155762,-0.026480812579393387,-0.03346462920308113,0.2684515416622162,-0.017281349976897963,0.058909516859019725,-0.07985411573116168,0.03659847427638008,-0.04380386238216172,0.10691709782592529,0.04870116710662842,-0.4352169632911683,-1.01961350440979,0.7862643132740289,0.2069626302896022,26.74439668385591,-0.1303905957496812,0.34065759314901345,0.383384191944514,0.0010558750000200234,1
5.692570209503174,-0.026480812579393387,-0.03346462920308113,0.2684515416622162,-0.017281349976897963,0.058909516859019725,-0.07985411573116168,0.03659847427638008,-0.04380386238216172,0.10691709782592529,0.04870116710662842,-0.4352169632911683,-1.01961350440979,0.807943772911377,0.2409881460956747,26.744737496329286,-0.13175719784345408,0.34609724823543675,0.38955860930126557,0.0011425369993958157,1
5.702570676803589,-0.02636893466114998,-0.033158257603645325,0.26771867275238037,-0.029685408158020614,0.06060103704623592,-0.08564423755964962,0.03712193208517656,-0.04722795441487149,0.09632697394335166,0.003947345074266195,-0.4053693115711213,-1.0430229902267456,0.8574494362177095,0.25371585349356834,26.751727388763673,-0.11123485640233201,0.34276840683920584,0.4083352164520471,0.0010563639998508734,1
5.712584495544434,-0.02636893466114998,-0.033158257603645325,0.26771867275238037,-0.029685408158020614,0.06060103704623592,-0.08564423755964962,0.03712193208517656,-0.04722795441487149,0.09632697394335166,0.003947345074266195,-0.4053693115711213,-1.0430229902267456,0.8873602240026638,0.26165885332385935,26.753924754013465,-0.11088292863801813,0.3423515684411404,0.409919176631419,0.0010349250005674548,1
5.722585678100586,-0.026094306260347366,-0.03280872851610184,0.2662304937839508,-0.03147121499738237,0.04545211811740953,-0.08873262997831322,0.037916498626179074,-0.053516092655034875,0.07307022161925181,-0.06001855805516243,-0.3245059847831728,-1.18047297000885,0.9243851184718598,0.30075887437279086,26.758277557253205,-0.0836313242070402,0.32138507019922313,0.4361620451884874,0.0010729829991760198,1
5.7325828075408936,-0.025947120040655136,-0.032762181013822556,0.26547154784202576,-0.02976612166564815,0.036662917728276144,-0.08852045238782126,0.037779519060942235,-0.05639982798856469,0.06116471605456608,-0.09753816574811935,-0.29479664564132707,-1.1996515989303589,0.9497352970710301,0.3431030114834648,26.759504822247404,-0.06539574842318233,0.31465545220116264,0.4527774782235954,0.0010505669997655787,1
5.742594242095947,-0.02580457739531994,-0.03281925991177559,0.26470088958740234,-0.03276625240559492,0.02878765967029098,-0.09041646873722277,0.03762190108015151,-0.05819166535709375,0.04860729851315648,-0.1022418960928917,-0.236394375562668,-1.2620961666107178,0.9722005711459648,0.3883643294972773,26.76234196933137,-0.06289179304865869,0.29110705088192573,0.4694751761552147,0.0011508469997352222,1
5.752593755722046,-0.02567523904144764,-0.032955463975667953,0.26392802596092224,-0.03673709146990687,0.025118658490944516,-0.09046379485993586,0.03762190108015151,-0.05819166535709375,0.04860729851315648,-0.1022418960928917,-0.236394375562668,-1.2620961666107178,0.9947573649186041,0.42446514628890597,26.76376312777945,-0.06323671723505762,0.2909760891850964,0.4708869098201092,0.0010382760001448332,1
5.762593507766724,-0.025545358657836914,-0.033161405473947525,0.26315632462501526,-0.037314496556602725,0.013198136549484613,-0.0903462545205468,0.03630656709377611,-0.06088201593385101,0.016145034908942257,-0.15906037390232086,-0.11803905665874496,-1.29203462600708,1.0047438564164601,0.47135800189303484,26.76433234272864,-0.031860999640111444,0.241148188385249,0.5104295251783199,0.0010664189994713524,1
5.772602319717407,-0.025456231087446213,-0.03347015008330345,0.2623782157897949,-0.04352893671033175,0.013164737314293564,-0.09096864614193151,0.035592711126967824,-0.06089313494302262,0.002741058248411754,-0.17612792551517487,-0.03875876218080537,-1.3479119539260864,1.0161164548665818,0.49997038573208186,26.766040024974036,-0.020381128282507384,0.2015630635899856,0.5301042940118916,0.0010336670002288884,1
5.782600402832031,-0.02529565431177616,-0.03429492190480232,0.2608404755592346,-0.049456972025847395,-0.001986771898148271,-0.09164740920560498,0.03447930039701674,-0.06022839307116046,-0.010743275103618721,-0.21167245507240295,0.016404580324888066,-1.3371121883392334,1.0271577521225768,0.5497368334398057,26.768681507605603,-0.0021309449935029874,0.17333184106721933,0.5371600610844876,0.0010433050001665833,1
5.792596101760864,-0.025249755010008812,-0.03482019156217575,0.26007401943206787,-0.0450097725906803,-0.01079530869204656,-0.0887464213879799,0.032533338275887225,-0.05833120626296129,-0.030527980210353522,-0.22094258666038513,0.10030508786439879,-1.3273065090179443,1.0048067125659972,0.5994583703562759,26.76776393384653,0.007393615639717547,0.12709438569334405,0.5567584153596532,0.0010491700004422455,1
5.802616357803345,-0.025219382718205452,-0.03540986031293869,0.25931626558303833,-0.051680672765721705,-0.01859964414172788,-0.08893401186710022,0.031091131107898295,-0.05595640066125451,-0.044002467352690644,-0.2387661635875702,0.17610667645931227,-1.340293288230896,0.991401850461458,0.6308919526952841,26.767439557617607,0.01017198768447044,0.12380580295307214,0.5745062035268457,0.0012677470003836788,1
5.812687397003174,-0.025244547054171562,-0.036069318652153015,0.2585635185241699,-0.053150735846091805,-0.01927392005360917,-0.08831312503240928,0.029289192633049854,-0.05341405354141049,-0.05701607723038915,-0.2629932463169098,0.21099697053432448,-1.3099963665008545,0.9802587616923906,0.6674145755565988,26.76867515828949,0.023758532190030202,0.08016590257521208,0.5924808801816447,0.0018120260001524002,1
5.822828054428101,-0.025242796167731285,-0.03676826134324074,0.2578257620334625,-0.05001079277304388,-0.030755314673274126,-0.08614518510712306,0.02764097675840116,-0.0503377176543367,-0.06980963397034579,-0.2481887936592102,0.2734947204589842,-1.2788981199264526,0.962607713984425,0.6886797209606719,26.770000578077315,0.041641169171686976,0.05514944416652856,0.6098057250952535,0.002866294999876118,1
5.83256983757019,-0.025242796167731285,-0.03676826134324074,0.2578257620334625,-0.05001079277304388,-0.030755314673274126,-0.08614518510712306,0.02764097675840116,-0.0503377176543367,-0.06980963397034579,-0.2481887936592102,0.2734947204589842,-1.2788981199264526,0.9238280763236386,0.728856427405864,26.76948938638303,0.03939030972221347,0.014312211324431251,0.6269874352139226,0.0008521019999534474,1
5.842588663101196,-0.025289226323366165,-0.037544071674346924,0.2570977807044983,-0.05670504613820314,-0.029156225680645277,-0.08560904164174764,0.025562301622527706,-0.0468842458625649,-0.08249352899208429,-0.28072625398635864,0.31706723570823653,-1.272574782371521,0.8975896423427588,0.7467245948631847,26.77034041018003,0.062450411470353004,-0.016901047698329022,0.643824444374023,0.0012587399996846216,1
5.852582693099976,-0.025341445580124855,-0.03833511844277382,0.2563812732696533,-0.048587560652933445,-0.0389509003573756,-0.08291591751337968,0.022493117138524532,-0.04142551132003769,-0.10093504647553608,-0.26999521255493164,0.3332218229770659,-1.216660976409912,0.8366747724135462,0.776067619283578,26.769877371339003,0.06627356930875256,-0.042173832138215545,0.6626362290395055,0.0011326909998388146,1
5.862611293792725,-0.02541935257613659,-0.03918447718024254,0.2556625306606293,-0.05784377834494233,-0.03877981293533672,-0.08521491319449909,0.020329558841812645,-0.03704023778422272,-0.11249308531635238,-0.274074524641037,0.39271515607833846,-1.174821376800537,0.7981587208426308,0.7941931000628549,26.77419752806703,0.0759047072502527,-0.08385382686827086,0.6717573074382246,0.0012511980003182543,1
5.872595310211182,-0.0255141481757164,-0.040057383477687836,0.25495073199272156,-0.04898699783668575,-0.044819949819383094,-0.08055399397075072,0.01797684047478265,-0.03281742721035252,-0.12408031255708707,-0.28519687056541443,0.41189542412757857,-1.1352719068527222,0.7337893504784303,0.8133751518744367,26.77206318276164,0.08837298354727026,-0.10717847905219235,0.6800244763069238,0.0011474260008981219,1
5.882594108581543,-0.025700807571411133,-0.04189363494515419,0.25357183814048767,-0.04804203744176998,-0.0493950044347678,-0.076436155003936,0.01570770366065455,-0.0282387213977513,-0.1348638189340723,-0.26907509565353394,0.4173851907253264,-1.0840688943862915,0.694914944027906,0.8247880793086763,26.7713452679755,0.08842176197197674,-0.1074685194258244,0.6807136221992036,0.0012905829998999252,1
5.892625570297241,-0.025700807571411133,-0.04189363494515419,0.25357183814048767,-0.04804203744176998,-0.0493950044347678,-0.076436155003936,0.01570770366065455,-0.0282387213977513,-0.1348638189340723,-0.26907509565353394,0.4173851907253264,-1.0840688943862915,0.6486079267805582,0.8453551127686673,26.768627294541687,0.08721036604398673,-0.1236555292376314,0.6872843777081871,0.0011231229991608416,1
5.9025819301605225,-0.025956012308597565,-0.043763529509305954,0.25225821137428284,-0.04331465924673009,-0.054897094610043023,-0.07291385556023905,0.010564562226562213,-0.01910762570804403,-0.15518232381274455,-0.284676194190979,0.4411399960517882,-0.9772825837135315,0.5695681451317436,0.8591004956736406,26.767207939310698,0.1107052655100401,-0.16282597412485728,0.66493662705055,0.0010368110006311326,1
5.912575960159302,-0.026085108518600464,-0.044696830213069916,0.2516319751739502,-0.04403370386716407,-0.05730652660165553,-0.07162528501034154,0.006789267581862379,-0.012137849442344972,-0.16884878243227064,-0.27966591715812683,0.4388881027698516,-0.8872023224830627,0.4948771226288179,0.8664336272519527,26.76725610784099,0.11404355869497305,-0.17345636206196138,0.6262800230539627,0.0010402320003777277,1
5.9225780963897705,-0.026085108518600464,-0.044696830213069916,0.2516319751739502,-0.04403370386716407,-0.05730652660165553,-0.07162528501034154,0.006789267581862379,-0.012137849442344972,-0.16884878243227064,-0.27966591715812683,0.4388881027698516,-0.8872023224830627,0.4505375938938698,0.8734096579182652,26.76718446941246,0.11954968740010005,-0.18281791086072569,0.6240634501997184,0.0010606929999994463,1
5.932584762573242,-0.026085108518600464,-0.044696830213069916,0.2516319751739502,-0.04403370386716407,-0.05730652660165553,-0.07162528501034154,0.006789267581862379,-0.012137849442344972,-0.16884878243227064,-0.27966591715812683,0.4388881027698516,-0.8872023224830627,0.42375262750950055,0.8775221742373329,26.767133546145242,0.11958588099438662,-0.18286214304987347,0.6238631577315022,0.0010382059999756166,1
5.942583322525024,-0.026283852756023407,-0.04656239226460457,0.2504471242427826,-0.038161181847188,-0.05886326654382363,-0.06709516795467341,0.001336335773385322,-0.003463095595866772,-0.18498950421675486,-0.26322871446609497,0.414291352033615,-0.7512969970703125,0.36202501674012755,0.8746115821847597,26.76461638916581,0.12736116796738578,-0.19700725842764427,0.5679412556406623,0.001207552000778378,1
5.9526097774505615,-0.026368768885731697,-0.047466177493333817,0.2498934119939804,-0.0295224801847897,-0.05551760166610374,-0.06201957164837592,-0.0012611814938190413,0.0005193643962564387,-0.19193850735450146,-0.2688545882701874,0.39327418804168696,-0.6722564101219177,0.2933263727253996,0.8569444406240604,26.75886942225239,0.1379602970497424,-0.19923809020035138,0.5294170532930867,0.0010389050003141165,1
5.962585926055908,-0.026470428332686424,-0.0483313724398613,0.24936409294605255,-0.029182054557333713,-0.05967219147138742,-0.05832952632088677,-0.003690717245870001,0.004637534137884813,-0.198359702372239,-0.2542632222175598,0.38854902982711786,-0.6128469109535217,0.234007484321723,0.8531340243806973,26.753684698994295,0.1375598548221125,-0.2092082453560493,0.5013754255109917,0.001229619999321585,1
5.972584962844849,-0.026553085073828697,-0.04917284846305847,0.2488592118024826,-0.022047008721494597,-0.05667863355138906,-0.05526938655123391,-0.007204470165137256,0.010018861170792981,-0.20643013800995913,-0.23302993178367615,0.3673450946807861,-0.5019019246101379,0.16540178316280638,0.8354579187893117,26.749454176636167,0.1373203043309402,-0.21546543137304378,0.45082037103981526,0.0010120189999724971,1
5.982583045959473,-0.02665749192237854,-0.04998180270195007,0.24837753176689148,-0.021644521289633144,-0.059388938577781276,-0.052121102699011816,-0.00947679693937964,0.01322808976617651,-0.21084412138663922,-0.23625589907169342,0.33528351783752436,-0.42675974965095526,0.11293211205094232,0.8267194611261678,26.74523274473923,0.14461412900122378,-0.20907691253672994,0.4133392666893626,0.001037717999679444,1
5.9925878047943115,-0.02673843689262867,-0.051547128707170486,0.247379332780838,-0.011991854127119197,-0.056090682402159614,-0.04547467074189964,-0.011798105816144933,0.016320668382916903,-0.21458864499230312,-0.2043544352054596,0.3099370598793029,-0.3623329401016236,0.051836794436967024,0.807683737477155,26.73697813561333,0.1324577696026905,-0.2022344150296961,0.3814005181768143,0.00111837500026013,1
6.0025858879089355,-0.026711702346801758,-0.052311647683382034,0.24676737189292908,-0.004837668296965976,-0.05378181840795621,-0.04140640788110575,-0.011798105816144933,0.016320668382916903,-0.21458864499230312,-0.2043544352054596,0.3099370598793029,-0.3623329401016236,-0.00043768755564627115,0.7927846740909998,26.729856859581563,0.13579292193794343,-0.20670543539884767,0.3789534048872848,0.0010403020005469443,1
6.012698173522949,-0.026711702346801758,-0.052311647683382034,0.24676737189292908,-0.004837668296965976,-0.05378181840795621,-0.04140640788110575,-0.011798105816144933,0.016320668382916903,-0.21458864499230312,-0.2043544352054596,0.3099370598793029,-0.3623329401016236,-0.032448532107974284,0.7854785586419909,26.72757199301381,0.13574913393153615,-0.20661148740403049,0.3787359164956281,0.0017391900000802707,1
6.02259087562561,-0.026555979624390602,-0.053769130259752274,0.24542488157749176,0.0044365676164055045,-0.05264009907665584,-0.0358590446539513,-0.01768614643921307,0.024005888518813023,-0.2212928279759172,-0.1254512369632721,0.17154623568058014,-0.08358355611562732,-0.06537857669652358,0.765739470511516,26.726021871812495,0.11164059627656614,-0.1608466687110166,0.2511056754422347,0.0011809449997599586,1
6.032578468322754,-0.026487352326512337,-0.05439899116754532,0.24481873214244843,0.004713382684310644,-0.048527821883676436,-0.03553883735350827,-0.018854310911911476,0.025484838594874493,-0.22145608343958756,-0.12168234586715698,0.11629995703697205,-0.002378050005063429,-0.10676504697323469,0.7564430840985387,26.721422077770555,0.11126873293710382,-0.16077567157336073,0.24015509300635943,0.0009691420000308426,1
6.042591571807861,-0.026487352326512337,-0.05439899116754532,0.24481873214244843,0.004713382684310644,-0.048527821883676436,-0.03553883735350827,-0.018854310911911476,0.025484838594874493,-0.22145608343958756,-0.12168234586715698,0.11629995703697205,-0.002378050005063429,-0.13051231124120033,0.7405943283269859,26.72034740018926,0.11225116289983021,-0.13747059820021715,0.20118575379490655,0.0011093670000263955,1
6.052617311477661,-0.026366982609033585,-0.05501220375299454,0.24423614144325256,0.01138437701793885,-0.04815192137741088,-0.03166450936608334,-0.01981494304851905,0.02599319941844458,-0.22068551969474415,-0.05516761168837547,0.04659049585461618,0.11124502122402191,-0.15498258354038688,0.7324353599675522,26.71570716384495,0.08120565579611838,-0.10445671664733261,0.14411713986461552,0.0010863910001717159,1
6.062725067138672,-0.026294687762856483,-0.05552280694246292,0.2437225729227066,0.013358185026478741,-0.044408146300491995,-0.028500106183566336,-0.020032561183563224,0.02642220712961807,-0.2191288109915388,-0.02315816842019558,0.01105233468115332,0.18131816387176514,-0.17029952396671616,0.7224378830822629,26.71080127568418,0.06533054000519944,-0.08743529345938264,0.10557226165836744,0.001793798999642604,1
6.072597503662109,-0.026199955493211746,-0.055953409522771835,0.24329279363155365,0.01893688884003773,-0.04329266039761887,-0.02204481697048168,-0.020109814460577802,0.025979796593189608,-0.21683986967963387,0.0026847990229725838,-0.05574743822216984,0.26037243008613586,-0.18331076822738693,0.7151910061976965,26.70162962418197,0.051882786314329174,-0.052936368786332275,0.06407499772145059,0.0009389739998368896,1
6.082571744918823,-0.026150191202759743,-0.056299082934856415,0.2429385632276535,0.019547506999242122,-0.039563880130782526,-0.017484681619012368,-0.019126838853609662,0.024764691268556405,-0.21178184947940526,0.08677096664905548,-0.09650705009698864,0.3737421929836273,-0.1813484597340347,0.7145490372039853,26.69326813237826,0.0070199100669009334,-0.028079717987078562,0.00483514636683683,0.0010372990000178106,1
6.092570066452026,-0.02607923559844494,-0.05657451972365379,0.24266549944877625,0.026099482920852842,-0.03795832375506738,-0.011978351514537296,-0.01815739599127264,0.02347055186306779,-0.2075966433634342,0.09623691439628601,-0.13945101201534266,0.42944973707199097,-0.18481850942418082,0.7125442054997628,26.68388882371271,-0.0013091115708056544,-0.002945292146251912,-0.028357876735328497,0.0011060850001740619,1
6.102575302124023,-0.026014097034931183,-0.05679934099316597,0.2424372136592865,0.02407307801560317,-0.03248223623902052,-0.008146006616633077,-0.016756959718014386,0.02150244101021892,-0.20258124037770298,0.134713813662529,-0.20933897793292994,0.5057826638221741,-0.16564161720040954,0.7088774267148297,26.676338327107118,-0.024561327621656855,0.03873848099896614,-0.0694182175976571,0.001008876999549102,1
6.112576246261597,-0.02587294578552246,-0.05705774948000908,0.2422153353691101,0.02718766872773573,-0.026813148357515186,0.0007419324047321837,-0.014799705843711486,0.01916929867229422,-0.1968226170583538,0.19760164618492126,-0.2446851432323455,0.6059260964393616,-0.15421462997083124,0.7065251791821905,26.67394084837988,-0.025066852779256407,0.039303863022553974,-0.07295058609330728,0.0011789209993366967,1
6.12257981300354,-0.025829922407865524,-0.05708273872733116,0.24221481382846832,0.03437333463080564,-0.029677062246362483,0.007511761478376394,-0.011538576427250202,0.015042861974597699,-0.18671682445838256,0.22546562552452087,-0.2816024720668792,0.6792371869087219,-0.13654363832068916,0.7209398733519484,26.653355451406043,-0.08017968924183677,0.08863513367826771,-0.16138198981038582,0.0010131369999726303,1
6.132572174072266,-0.02580326981842518,-0.05704005807638168,0.24228684604167938,0.02971106572784291,-0.022073237323434972,0.00928724091167012,-0.008943951626740443,0.012193060412098333,-0.17933888295480838,0.26662981510162354,-0.30645370483398426,0.7567319869995117,-0.09894489613175073,0.7259015799618228,26.644249776365665,-0.10916322639149012,0.11275438929049311,-0.20907942669453655,0.0010172570000577252,1
6.142571210861206,-0.025780029594898224,-0.05694425478577614,0.24242974817752838,0.0341471542936702,-0.022972304686513866,0.01593697442706838,-0.006124243549606501,0.008638611274264019,-0.17103039791793062,0.2751689851284027,-0.31989556550979603,0.8281263709068298,-0.07671672092498975,0.7282321554091562,26.64135182497365,-0.11324309060866722,0.11688399050684391,-0.213773710161485,0.0012715190005110344,1
6.152573585510254,-0.025780029594898224,-0.05694425478577614,0.24242974817752838,0.0341471542936702,-0.022972304686513866,0.01593697442706838,-0.006124243549606501,0.008638611274264019,-0.17103039791793062,0.2751689851284027,-0.31989556550979603,0.8281263709068298,-0.05861523029563296,0.7391133964339041,26.63171922314819,-0.1253459611409188,0.13394568342495383,-0.25162222487111785,0.0009952589998647454,1
6.162582159042358,-0.025780310854315758,-0.056804243475198746,0.24259860813617706,0.029677621569934236,-0.018764112758505837,0.02031758985033574,-0.003289783394673229,0.0054782015025125474,-0.16243336400878539,0.28251224756240845,-0.3471461534500121,0.8722885251045227,-0.020970160443649598,0.7465567776277525,26.622735561079146,-0.13675965218341035,0.15783949756886925,-0.27969592509617563,0.0010347850002290215,1
6.172574043273926,-0.02580292709171772,-0.05661328509449959,0.24283167719841003,0.03349951293992523,-0.017935426717723284,0.022562159227452392,-3.842943536946919e-05,0.0016614932609630984,-0.15319043571558266,0.3090485632419586,-0.3549242317676543,0.9534578323364258,0.0089612508108354,0.759250232999855,26.616344387824014,-0.15889680243831086,0.1732675925795542,-0.3246134758726924,0.0010519639999984065,1
6.182574510574341,-0.025851381942629814,-0.05635862424969673,0.2431134432554245,0.027280621115766925,-0.011660197967318799,0.023747246715660662,0.004136152361669421,-0.003803244387841964,-0.1382570494439581,0.2926410138607025,-0.3730666637420653,1.0182055234909058,0.06632532104679054,0.7645657915887997,26.611910232063927,-0.1619148072591541,0.19932512891070017,-0.3659854681872957,0.0010572719993433566,1
6.192573070526123,-0.025912126526236534,-0.05605374649167061,0.24344225227832794,0.035001899953575964,-0.013130267342570626,0.028879558674955782,0.007002414783009225,-0.0076766520293380935,-0.12802152371754705,0.30650556087493896,-0.34813249111175526,1.036017894744873,0.09558542413813384,0.7772283529993862,26.60334110512539,-0.17684011157077645,0.19800918618114083,-0.3834408767297757,0.0010328299995308043,1
6.202592134475708,-0.02612868696451187,-0.055300790816545486,0.24422132968902588,0.02977431364306151,-0.008113192748337026,0.032407999063585886,0.009666840533327115,-0.011480293597744051,-0.11722710771943623,0.2864092290401459,-0.36074429750442494,1.0913373231887817,0.11332271141745263,0.7847173015254673,26.600609605210916,-0.1770253684604479,0.19776168947960374,-0.38491728772272693,0.0013169809999453719,1
6.212709426879883,-0.026284893974661827,-0.054881028831005096,0.2446536272764206,0.019827378914988474,-0.004887394138989026,0.03329347446534024,0.013210153267403602,-0.016797018017580267,-0.10070757296417554,0.25557366013526917,-0.34054696559905995,1.1170555353164673,0.19704905146592722,0.7842023825847374,26.591535462928547,-0.1632097094424525,0.21468586574234352,-0.4038435964486196,0.0018635630003700498,1
6.222653865814209,-0.026481542736291885,-0.05443432182073593,0.24511469900608063,0.023669388024593455,-0.006380056246589392,0.03524572405392932,0.015309335026535642,-0.020432432905213016,-0.08935658691390991,0.23880939185619354,-0.3224675357341765,1.129879117012024,0.2473269123575418,0.7822229320842983,26.58864701175581,-0.16775914377872422,0.22234007330274483,-0.4095181327370399,0.0010467269994478556,1
6.232570171356201,-0.02670484595000744,-0.0539543554186821,0.24562177062034607,0.014989718764969902,-0.0011484624607346924,0.03702300042811167,0.01710311413470178,-0.023532034685733727,-0.07789620614760295,0.20158183574676514,-0.28633719682693465,1.1639236211776733,0.3120542464961787,0.7762124612524411,26.581014087924714,-0.14906881179288628,0.21078228374278535,-0.42429507290702173,0.0010310830002708826,1
6.242582559585571,-0.026969464495778084,-0.05344816669821739,0.24615734815597534,0.014580548647671398,-0.001247338491183253,0.040072366621328355,0.018526873550486656,-0.026831044511236968,-0.06625948513928925,0.18744425475597382,-0.2723447084426878,1.1628469228744507,0.3644423374629885,0.7727359397924514,26.57373528152575,-0.14592643871023242,0.21282089348423588,-0.43868630560900934,0.0010910710007010493,1
6.25263237953186,-0.026969464495778084,-0.05344816669821739,0.24615734815597534,0.014580548647671398,-0.001247338491183253,0.040072366621328355,0.018526873550486656,-0.026831044511236968,-0.06625948513928925,0.18744425475597382,-0.2723447084426878,1.1628469228744507,0.39632301391032987,0.7691406423175563,26.57143481515574,-0.1476966090655478,0.21734618440929238,-0.44939714974447775,0.0011603450002439786,1
6.262677907943726,-0.027624549344182014,-0.052398525178432465,0.24730700254440308,0.00641284695119753,0.0028645256395175185,0.041688799861134836,0.02031763304198142,-0.03201807117253397,-0.04297785502042961,0.09248656034469604,-0.20151968300342546,1.174012303352356,0.4399568430272672,0.7689012567897134,26.56798662211873,-0.13310044846813776,0.2091954758903418,-0.46429551604411057,0.0017888410002342425,1
6.272660255432129,-0.027624549344182014,-0.052398525178432465,0.24730700254440308,0.00641284695119753,0.0028645256395175185,0.041688799861134836,0.02031763304198142,-0.03201807117253397,-0.04297785502042961,0.09248656034469604,-0.20151968300342546,1.174012303352356,0.4782436571348827,0.7485836842607818,26.56551481379417,-0.10500468781039533,0.19701406571242736,-0.4799916033429289,0.0009987519997594063,1
6.282588720321655,-0.028025371953845024,-0.05184471234679222,0.2479059100151062,0.002265304486930431,0.0003482257729605213,0.04129571840430733,0.020707907485410182,-0.03413776432936677,-0.03161357054801561,0.07822176069021225,-0.1685785055160521,1.1419049501419067,0.5182518814772193,0.7387900525953409,26.56402545416214,-0.09876663505623473,0.18683734664630713,-0.4951619451246954,0.0010814329998538597,1
6.2925708293914795,-0.028454100713133812,-0.05127936229109764,0.24851267039775848,-0.004180898094773352,0.006531331614622989,0.04275281354282434,0.02070158322192306,-0.03608309760994732,-0.020320557867332667,0.023063557222485542,-0.14208184182643877,1.1280909776687622,0.5649554249999945,0.7100802133800641,26.560789963802364,-0.07064568518365108,0.17918321246841307,-0.5102580554998449,0.0010791979993882705,1
6.302576065063477,-0.028920680284500122,-0.05069933086633682,0.24913322925567627,-0.006395541780541591,0.0026861609901744714,0.043183643345000904,0.01971591260607264,-0.038238237488104065,-0.003456886983041585,-0.0213088970631361,-0.09865624457597719,1.124556303024292,0.6059083581507194,0.6898826943478668,26.55826023900001,-0.04584875292243504,0.16341771573765324,-0.5320774247797478,0.0010931650003840332,1
6.312575817108154,-0.02997734770178795,-0.0495305061340332,0.2503739595413208,-0.012773104157917572,0.004863704476297764,0.04290689524140861,0.018849275192594828,-0.039155153173042745,0.007301535364050871,-0.03854018822312355,-0.06322744488716113,1.067679762840271,0.6306240400743881,0.6776298911477179,26.557454062558755,-0.04535700819738731,0.1632181635436513,-0.5339529810279152,0.0012737540000671288,1
6.322569131851196,-0.030575761571526527,-0.04895593225955963,0.25097715854644775,-0.024008829204755982,0.012388021645459829,0.03963185471773926,0.01669629446715204,-0.04001152020489096,0.02302306766761708,-0.0963401198387146,-0.022555917501449457,1.0471994876861572,0.6660859944477019,0.6543067912204654,26.555852141440628,-0.034297500673636926,0.14854113975420244,-0.5471868651844688,0.0012605550000444055,1
6.332568407058716,-0.031189601868391037,-0.04833761230111122,0.25148025155067444,-0.019900588586531345,0.007236049316046977,0.040470875692495335,0.015286143054605184,-0.04052354929568747,0.03291648560140148,-0.10004303604364395,0.008525311946869016,0.9819400906562805,0.7095286359603592,0.6101788646160965,26.55710380544476,0.004239981332175659,0.11581269390295057,-0.5408127235789335,0.0010581790002106573,1
6.342575550079346,-0.031866662204265594,-0.04772769287228584,0.2518666386604309,-0.03300164668134697,0.016033909967600634,0.035941421821188264,0.015286143054605184,-0.04052354929568747,0.03291648560140148,-0.10004303604364395,0.008525311946869016,0.9819400906562805,0.7679332361493283,0.5597986993114079,26.562118627192927,0.00792647743437969,0.11731423707249795,-0.5483387139760397,0.0010583190005490906,1
6.3525426387786865,-0.03256893903017044,-0.04709598794579506,0.25224927067756653,-0.029213644796842977,0.012100989695821622,0.03630738693022534,0.011396370394824995,-0.0399218442679814,0.05150846871246184,-0.15699312090873718,0.06203496456146251,0.9054176211357117,0.804588471482693,0.5276838013645093,26.563697171172198,0.007838394171116425,0.11719559366112421,-0.5489729092288893,0.001225288999194163,1
6.362569570541382,-0.03256893903017044,-0.04709598794579506,0.25224927067756653,-0.029213644796842977,0.012100989695821622,0.03630738693022534,0.011396370394824995,-0.0399218442679814,0.05150846871246184,-0.15699312090873718,0.06203496456146251,0.9054176211357117,0.8170806132331504,0.4943957897553532,26.564025537031934,0.04599548081456424,0.08780724255469857,-0.5357215146519388,0.001049589999638556,1
6.3725669384002686,-0.033276546746492386,-0.0464913435280323,0.25261586904525757,-0.0386402979362765,0.01922238805963007,0.031482655562782076,0.009425043021795698,-0.039093041796565586,0.06007551120111776,-0.1603621393442154,0.08244899660348903,0.8580494523048401,0.8452103698346318,0.4461921811392448,26.569601616852868,0.05452407203110522,0.07581446549784983,-0.5227580252365286,0.001013905000036175,1
6.382567644119263,-0.0340169221162796,-0.04587075114250183,0.25296273827552795,-0.03790152470095115,0.01965775496181342,0.028855640298933043,0.007085814709221427,-0.03834985531917878,0.06802780596980051,-0.19858059287071228,0.11234256625175486,0.7792161107063293,0.8593590870712785,0.40135844367063195,26.57459744921985,0.0798300986464326,0.05825967013735481,-0.49434030810801904,0.0011164890001964523,1
6.39255690574646,-0.03474104404449463,-0.04526402801275253,0.2532922029495239,-0.042034968898788376,0.02134555182047205,0.026411678544193854,0.0036872771841935936,-0.036474949929710565,0.07908425530052776,-0.18942978978157043,0.1262812167406083,0.7202175855636597,0.8743197120321042,0.35510917421696825,26.579165144484968,0.08541612139463375,0.04622041151402516,-0.47760039281471334,0.000982550000117044,1
6.402557849884033,-0.03550264984369278,-0.04465862363576889,0.25359663367271423,-0.046266887553188335,0.028113472916132216,0.025615183524677718,0.0013624816271176066,-0.03522159730197183,0.08573072904596746,-0.20848995447158813,0.14654797315597543,0.6643747687339783,0.8896087681011211,0.29782416291272285,26.58145702593769,0.10196778912381069,0.032633249197219,-0.45770200777510445,0.0010437939999974333,1
6.412682771682739,-0.03624396398663521,-0.044043831527233124,0.2538938820362091,-0.04382716509805387,0.02582250324109354,0.024738255796985097,-0.0010743887315034506,-0.033529841691216866,0.09148424153055945,-0.21947048604488373,0.17004676163196572,0.5837031602859497,0.8897589655021341,0.25665881816847297,26.583436037574085,0.11400985002944652,0.01570796291910959,-0.42318775243753504,0.001732067999910214,1
6.422659635543823,-0.037026505917310715,-0.04342244192957878,0.25416892766952515,-0.051650397284499425,0.03502286996745642,0.022819021806605604,-0.003228086151421561,-0.031947462780244074,0.09694647721071714,-0.20683981478214264,0.1852885484695435,0.5203176140785217,0.9030025025906926,0.19955338983781268,26.586134062905863,0.11489066811862284,0.004180303113877936,-0.3951261138762453,0.0008301749994643615,1
6.432599782943726,-0.03854196518659592,-0.04220433905720711,0.2546750009059906,-0.05402713288550915,0.039061140008430716,0.018808700058682314,-0.0055388610728357435,-0.030034920847040514,0.10146027161269888,-0.2186359018087387,0.18460424244403845,0.44856005907058716,0.9124913536179491,0.14334564185666218,26.591591548166903,0.12450690783509992,0.0017753235736522352,-0.3608818182424522,0.0009929550005836063,1
6.4426429271698,-0.03927184268832207,-0.04160119220614433,0.25490811467170715,-0.046702586965119725,0.037438771605255064,0.020089689321380715,-0.008729851000605304,-0.02735920206710718,0.10719311554422006,-0.1885635405778885,0.1741973608732224,0.3645515739917755,0.9010492223576732,0.10099940734746027,26.592129539816177,0.12189417988239054,-0.003733309607775554,-0.32365785615681775,0.00099672600026679,1
6.4526262283325195,-0.04000713303685188,-0.04100263491272926,0.2551216185092926,-0.053966980800515985,0.041769690326163865,0.015976689610522718,-0.010598644395360957,-0.02530968867737915,0.11009954710592629,-0.17986565828323364,0.19254763424396518,0.29590022563934326,0.8941126820677479,0.0753951042833325,26.592285772989683,0.12173911516681957,-0.00380462633637079,-0.32045714204280484,0.001313209000727511,1
6.46261191368103,-0.04070805013179779,-0.04040589928627014,0.2553149461746216,-0.046601713215549505,0.0450664120045784,0.016079682690125326,-0.012394368075667739,-0.02374382807781039,0.11225984286385948,-0.16248555481433868,0.18229593336582187,0.1933293044567108,0.8801133030008101,0.028756081424573234,26.597314731086854,0.11750610773751366,-0.015717927107313012,-0.24257728374425042,0.0012696330004473566,1
6.472570419311523,-0.04070805013179779,-0.04040589928627014,0.2553149461746216,-0.046601713215549505,0.0450664120045784,0.016079682690125326,-0.012394368075667739,-0.02374382807781039,0.11225984286385948,-0.16248555481433868,0.18229593336582187,0.1933293044567108,0.8733423138560052,-0.0007968598505422482,26.598866170314903,0.11983406667539137,-0.018040113386056243,-0.23640790138206436,0.0010025920000771293,1
6.483413457870483,-0.042042892426252365,-0.03922152519226074,0.2556249797344208,-0.051499716986881335,0.049928937054166234,0.012620298176040481,-0.015093830139353503,-0.020323184588495025,0.11434955102584476,-0.13069197535514832,0.16191928088665009,0.04534081742167471,0.8731583078221243,-0.02229763975635998,26.603988536881953,0.10849691970024106,-0.01771363317400341,-0.21260388997143126,0.0012266850008018082,1
6.492613792419434,-0.042042892426252365,-0.03922152519226074,0.2556249797344208,-0.051499716986881335,0.049928937054166234,0.012620298176040481,-0.015093830139353503,-0.020323184588495025,0.11434955102584476,-0.13069197535514832,0.16191928088665009,0.04534081742167471,0.8756774858724166,-0.054975238958093,26.605107020808784,0.1123576844727148,-0.016934066670096896,-0.16574491431755992,0.000986179999927117,1
6.502607583999634,-0.04264227673411369,-0.03865884989500046,0.2557470500469208,-0.043800603701123604,0.046913541751373244,0.008730350031233064,-0.01614108778312895,-0.01863307282969462,0.11431880471727451,-0.09557229280471802,0.15793557465076447,-0.028965849429368994,0.8580190711580025,-0.0682534242322599,26.610577078152627,0.0976605997687963,-0.02034819284694291,-0.12680345505694426,0.0009672559999671648,1
6.512591600418091,-0.04320382699370384,-0.038139790296554565,0.2558456063270569,-0.047189433152281565,0.05602880192551823,0.008142543018424053,-0.01693887878410738,-0.016229569095271845,0.11296490160505757,-0.0584343746304512,0.15381525456905362,-0.1139015629887581,0.8478690887063012,-0.09876801687235785,26.613035748703904,0.08232999730143482,-0.0248684267032593,-0.08274458982955313,0.0009740989999045269,1
6.522591829299927,-0.04369276762008667,-0.03761281073093414,0.2559347450733185,-0.03822401571275703,0.04932300719548939,0.009245279158543365,-0.01736061849904802,-0.014587487068233873,0.11104617130777905,-0.03696148842573166,0.16391474008560178,-0.18484884500503543,0.8188165903259428,-0.1005439307296996,26.612915427716196,0.07184343941620282,-0.03539406871881344,-0.044433657067842296,0.0009767530000317493,1
6.532591104507446,-0.044528648257255554,-0.03664952889084816,0.25606346130371094,-0.033360262198633896,0.052969611691944814,0.008554955769586902,-0.017301335723728162,-0.013128575983369029,0.1085035572427211,0.002362515777349472,0.13921472430229184,-0.263456255197525,0.7882488194877001,-0.10598399360113545,26.613754395517898,0.05255199159574102,-0.02584894743017924,-0.003239991408355486,0.000962018999416614,1
6.5425920486450195,-0.04485894367098808,-0.03621263802051544,0.2561063766479492,-0.03657937438135443,0.06018553291290698,0.0052880495417569305,-0.01680918513894003,-0.010399965829786861,0.10114844291776848,0.04047103971242905,0.13836298882961268,-0.4190886616706848,0.7693659741603435,-0.12240482309889196,26.618226197247257,0.03339859161300008,-0.03109974262824551,0.07684315888747771,0.0010065019996545743,1
6.55259370803833,-0.04514410346746445,-0.03575761616230011,0.25613725185394287,-0.028267709686371496,0.05622492722503038,0.005486582373008529,-0.01680918513894003,-0.010399965829786861,0.10114844291776848,0.04047103971242905,0.13836298882961268,-0.4190886616706848,0.7413306970362304,-0.12355020669312049,26.619516773419843,0.03195770173791471,-0.03556187271229423,0.08551777389121813,0.0009665579991633422,1
6.562589168548584,-0.04539869725704193,-0.03531336039304733,0.2561635971069336,-0.030040119225912255,0.06133745962796164,0.004707312128366911,-0.015740362733376312,-0.008618728343509297,0.09371370978173754,0.07034856826066971,0.11748288571834557,-0.5195553302764893,0.7249581009931212,-0.12542044489410012,26.61990678924381,0.0319379340436279,-0.03553227927378495,0.08626629039127781,0.0012616009998964728,1
6.57259202003479,-0.04560660198330879,-0.034870695322752,0.2561870813369751,-0.022316068389098533,0.05800948665456542,0.005496627189988009,-0.014978455756307962,-0.007759580359194107,0.0879749196488464,0.062088802456855774,0.10548194497823708,-0.5767836570739746,0.7154821061114096,-0.13232172175832546,26.62110243049668,0.014685428660437969,-0.03026509192141815,0.13932802184159418,0.0012201199997434742,1
6.582579612731934,-0.04560660198330879,-0.034870695322752,0.2561870813369751,-0.022316068389098533,0.05800948665456542,0.005496627189988009,-0.014978455756307962,-0.007759580359194107,0.0879749196488464,0.062088802456855774,0.10548194497823708,-0.5767836570739746,0.691984514262224,-0.12604396087970973,26.6207339085204,0.015953506204953175,-0.027333615161856072,0.17561628266660415,0.0009696300003270153,1
6.592591047286987,-0.0457749180495739,-0.034440480172634125,0.2562132477760315,-0.022302374727685544,0.06043397988534327,0.006147678378225192,-0.013842680815272512,-0.006740265001056844,0.08165857108195462,0.10210458189249039,0.09178830683231345,-0.6335293650627136,0.676024633109544,-0.12081598564179208,26.619898922038804,-0.006793036718581294,-0.023585676487151628,0.2120399416043467,0.0010253569998894818,1
6.602599620819092,-0.045902471989393234,-0.03400874137878418,0.2562350332736969,-0.016383556507077818,0.06049388651279271,0.0053262650308261265,-0.012634682603988256,-0.006119594025603359,0.074696450229216,0.10173496603965759,0.0729968920350074,-0.7186828255653381,0.6531232524581219,-0.1131273419799067,26.620744504594988,-0.010482310139259949,-0.016474306487912326,0.26356044733245865,0.0010426750004626228,1
6.612711191177368,-0.045988213270902634,-0.03359817713499069,0.25624972581863403,-0.014557562234992197,0.05893461395497972,0.004416367428845628,-0.011418615623485895,-0.0053525671558007915,0.06703025984045086,0.1078525185585022,0.061758223921060465,-0.785813570022583,0.6343153832090227,-0.10018714299954767,26.622254546398374,-0.0171717818091256,-0.013189328021567394,0.3087840222122788,0.0017588820001037675,1
6.62272310256958,-0.04603918641805649,-0.03320612013339996,0.2562568783760071,-0.012002425621025716,0.0606142579766609,0.005539331519380751,-0.009281998997428875,-0.0046898996887283495,0.05466805386160045,0.1373281180858612,0.04585443809628476,-0.8391046524047852,0.6164580986884979,-0.08541361017857274,26.621451861184205,-0.0378894161917553,-0.007617524784461242,0.3526831077632877,0.0016776660004325095,1
6.6326024532318115,-0.04604938253760338,-0.0328199602663517,0.25626397132873535,-0.008711639008351141,0.0559975281115021,0.004744891515270462,-0.007898370164027835,-0.004348381432864645,0.04568113812219421,0.11427293717861176,0.034958619624376186,-0.9119560718536377,0.5985060807530064,-0.06294608055334502,26.622265818512847,-0.03126155897276251,-0.003189271660323948,0.4015313080361553,0.001043793000462756,1
6.642587661743164,-0.0459623858332634,-0.032512784004211426,0.25627923011779785,-0.004678709881880504,0.05539362877747869,0.005041102881798351,-0.0064834496264847274,-0.004118407881849695,0.03614782359703739,0.13282957673072815,0.018696006387472035,-0.9578014016151428,0.5786950671657637,-0.04078447410125394,26.622185137668467,-0.04451414088287685,0.0037207635789448454,0.43881601457525804,0.0010659989993655472,1
6.6526148319244385,-0.0456177294254303,-0.03200993686914444,0.2562900185585022,0.002588462893006055,0.05341843888675467,0.002048773203201754,-0.004983985253263157,-0.003985249914989275,0.026369297862853802,0.1352241039276123,0.014477385208010552,-0.9898021221160889,0.5492763534687273,-0.016444026013149586,26.62589352203664,-0.04832361870635046,0.005157419878825682,0.46093358265845374,0.0010539879995121737,1
6.662591457366943,-0.045311808586120605,-0.0318390317261219,0.25630050897598267,0.004589272664279847,0.047682803124067946,0.0008675962456644069,-0.002850767576130675,-0.003922634624104582,0.010738369317343288,0.12850511074066162,-0.008419398218393456,-1.0561318397521973,0.530598384146275,-0.0032115938612237976,26.62706099002512,-0.05034066761630226,0.0050275753795525485,0.47079744957107167,0.0014550389996657032,1
6.6726861000061035,-0.04493958130478859,-0.03172033280134201,0.25631505250930786,0.00943945068841572,0.048011060804264226,0.0012989976643566833,-0.0012343765347981872,-0.00405265524003573,-7.34475305241844e-05,0.14448080956935883,-0.01399692147970213,-1.0839039087295532,0.5039714027323575,0.03378672206851563,26.62832261618835,-0.06443931801818825,0.018450635021629823,0.5218789789592442,0.0011688629992931965,1
6.682600736618042,-0.04493958130478859,-0.03172033280134201,0.25631505250930786,0.00943945068841572,0.048011060804264226,0.0012989976643566833,-0.0012343765347981872,-0.00405265524003573,-7.34475305241844e-05,0.14448080956935883,-0.01399692147970213,-1.0839039087295532,0.48681479243325865,0.05550297977984931,26.62871780603222,-0.06665572986156205,0.018964143919517347,0.5350659990271907,0.00107102699985262,1
6.692598581314087,-0.0445103757083416,-0.031652528792619705,0.25634047389030457,0.01074406504288226,0.04032120108698834,0.0010856529694001466,0.0001083848604657156,-0.004112452527472055,-0.011065283490231614,0.116632379591465,-0.020928885787725584,-1.0971360206604004,0.47181561697860613,0.08930421305918756,26.629050476064386,-0.05759801888114626,0.022660670906669178,0.549544645140544,0.0010450500003571506,1
6.702598571777344,-0.04404675215482712,-0.03164195269346237,0.25636374950408936,0.015502778919566614,0.0382797419570819,0.0014018636584989667,0.0022526314148296755,-0.004454048761743046,-0.028110473639387568,0.13354575634002686,-0.035739365965128084,-1.1392284631729126,0.4512019973134028,0.12480772806847268,26.62865280632107,-0.07234008896214748,0.03042582124626706,0.5714857133902976,0.0010463059998073732,1
6.712591171264648,-0.04352719336748123,-0.03168344870209694,0.25639820098876953,0.01762633036845387,0.03290054195762565,0.0011938874560470892,0.0029906752853943175,-0.004600590240904978,-0.03378762423266579,0.1183878555893898,-0.039100706577301164,-1.1335605382919312,0.43150274859796145,0.16013124073487484,26.628699563085366,-0.06762426462196833,0.03270548109031279,0.5802615851005002,0.001175987000351597,1
6.722589731216431,-0.04294592887163162,-0.0317782498896122,0.25644466280937195,0.021505678198794755,0.030223645173915237,0.001574654386251397,0.004751781037842129,-0.005091193028745167,-0.050889388614436815,0.09785427898168564,-0.0484319664537908,-1.1465104818344116,0.4090085440073975,0.1932679674552717,26.628092177895713,-0.06283114822744662,0.03858162341356622,0.6017711424942781,0.0010393929997007945,1
6.73259162902832,-0.042331550270318985,-0.03191601485013962,0.2565024197101593,0.022255772873701878,0.025071291109923996,0.0018954919921852816,0.005945119994122283,-0.0056400894827581816,-0.06252542348277723,0.10571052879095078,-0.06769031286239638,-1.1602424383163452,0.39272937668887725,0.23119630310180328,26.627288725247247,-0.07078051110265118,0.04975601130049529,0.6177490732721189,0.0010455380006533233,1
6.742589712142944,-0.041685570031404495,-0.03211275488138199,0.25656935572624207,0.02607873278472258,0.021621916309671176,0.002503209302654985,0.007110882861328438,-0.006163280268727256,-0.0739552765806577,0.07930614799261093,-0.07861910015344634,-1.1340855360031128,0.37217872347978925,0.26441629031090047,26.626120257148266,-0.061563276678193495,0.05684723870965205,0.632989756817856,0.0010786390002976987,1
6.752591609954834,-0.04101371392607689,-0.03235629200935364,0.2566318213939667,0.025297392329625242,0.015136948468700319,0.0012941271256687317,0.00800026990799596,-0.0068812856746336415,-0.08525798000578488,0.08397520333528519,-0.08458492904901518,-1.1292285919189453,0.3588481626854421,0.30463278983456105,26.62699188754878,-0.06695916519780624,0.06202356359129114,0.6479394613367448,0.001022983000439126,1
6.762590408325195,-0.03960007056593895,-0.032998234033584595,0.2567606568336487,0.031360678403734805,0.004984036743115968,0.001458616021662888,0.009135243709274654,-0.007631907305100327,-0.09653068543605281,0.08524671196937561,-0.10038091987371459,-1.1148688793182373,0.3506378402168129,0.32888331942612725,26.627266540361,-0.06685285844456634,0.062199994948913186,0.6492230364098112,0.0013222170000517508,1
6.772591590881348,-0.03885969892144203,-0.03340267390012741,0.2568349838256836,0.03337732329354628,0.00115552371370178,0.0021982568029756885,0.010340796766949989,-0.008933297255006245,-0.11276320930679518,0.06247421354055405,-0.10247803479433072,-1.0650227069854736,0.3186629757975849,0.3845883944847375,26.6256717532272,-0.06484448606694394,0.07640949335806667,0.670905432969611,0.001030104999699688,1
6.782601356506348,-0.038112930953502655,-0.03385383263230324,0.25691911578178406,0.03141390897374808,-0.005763346156868829,0.0019768253156093947,0.01131659827798126,-0.009886630987375522,-0.12323701025949285,0.07593604177236557,-0.12051838636398328,-1.0448780059814453,0.2991087676927678,0.41817416732819757,26.62516820563142,-0.06446337726840938,0.07673992151508525,0.6727630026353285,0.0012991720004720264,1
6.792591333389282,-0.037365999072790146,-0.03433782979846001,0.25700896978378296,0.03451200194015474,-0.008242468606023614,0.0023632662061905067,0.012268367880208242,-0.010985515229168907,-0.13340121738514377,0.05608861520886421,-0.12194729596376432,-1.0188229084014893,0.2892784105595902,0.46118932984466243,26.62491427062126,-0.07496590538535755,0.08862436852979742,0.6785702200771868,0.0013093670004309388,1
6.802596569061279,-0.037365999072790146,-0.03433782979846001,0.25700896978378296,0.03451200194015474,-0.008242468606023614,0.0023632662061905067,0.012268367880208242,-0.010985515229168907,-0.13340121738514377,0.05608861520886421,-0.12194729596376432,-1.0188229084014893,0.273804198538386,0.49512196179706636,26.624153907912426,-0.06817162893082426,0.09272546934142643,0.6731099922266917,0.0010795469997901819,1
6.812710762023926,-0.03585274890065193,-0.0354175828397274,0.25721144676208496,0.03730511661088389,-0.017135266289724015,0.005122456703216909,0.014125732619159947,-0.01382024510174018,-0.15683503335300886,0.05848884582519531,-0.1369318962097169,-0.9021528363227844,0.26031668805176095,0.5305015363590537,26.62374620403554,-0.06582274590542392,0.10404864361737175,0.6483391574150188,0.001798825999685505,1
6.822874307632446,-0.03509245812892914,-0.036034706979990005,0.25732293725013733,0.03316013792310457,-0.02436725159171344,0.005408369498404235,0.014304004215862864,-0.014473458474280942,-0.16119190824367102,0.027643021196126938,-0.1419070214033128,-0.8573033213615417,0.24567096427467994,0.5664792732961571,26.61977361675257,-0.07550930886271073,0.10848949387814577,0.6270689446704809,0.0029300490004970925,1
6.832592487335205,-0.03509245812892914,-0.036034706979990005,0.25732293725013733,0.03316013792310457,-0.02436725159171344,0.005408369498404235,0.014304004215862864,-0.014473458474280942,-0.16119190824367102,0.027643021196126938,-0.1419070214033128,-0.8573033213615417,0.2415263615124671,0.6059800624379093,26.617860643529916,-0.06163276461669205,0.1135432905322959,0.6062896859370136,0.0008085950003078324,1
6.842600107192993,-0.03435404226183891,-0.036673665046691895,0.2574404180049896,0.036956276044856,-0.027186921655455942,0.006297667535206625,0.01520019541212303,-0.01626990840315168,-0.1730724062334854,0.03511551022529602,-0.14748354256153115,-0.7718523144721985,0.22936298256929816,0.6405421416735169,26.615887125711208,-0.0678965691538345,0.12119189008807241,0.5701434303410844,0.0010625069999150583,1
6.852621078491211,-0.03362145647406578,-0.03736070916056633,0.2575594186782837,0.03500804221853215,-0.033453882465076155,0.003669071721467862,0.015536176000877866,-0.017544939418853378,-0.1802947378806219,0.021274037659168243,-0.13867433369159707,-0.7192618250846863,0.22190863117625226,0.6786053301780429,26.618180990374047,-0.06247487451632086,0.12089024042526046,0.5458429481590693,0.0010521029998926679,1
6.862596035003662,-0.03214257210493088,-0.03884308040142059,0.25780072808265686,0.030455595959836962,-0.039705317960398286,0.0023825731995947017,0.015964654376326326,-0.018709454636537615,-0.18703211554240662,0.004985071253031492,-0.13997018337249764,-0.6342012286186218,0.22427163815189827,0.7198494366740337,26.619940879252837,-0.05548425532376126,0.12375847086993796,0.5065295613799082,0.0011616009996942012,1
6.872658967971802,-0.03141801431775093,-0.039624545723199844,0.25790950655937195,0.03664475262979578,-0.03998275133991696,0.0055681723224122424,0.01621260642110478,-0.020627522234772044,-0.195351867171766,0.014192507602274418,-0.1456116139888764,-0.5487719774246216,0.21042695843381606,0.748029385895076,26.616539564220318,-0.060742806407221475,0.13044687294288954,0.46696608905878934,0.0011164190000272356,1
6.88329291343689,-0.030703531578183174,-0.04046090692281723,0.2580081522464752,0.03375269392717898,-0.050347585657461114,0.001803515471645762,0.01642234858088587,-0.021596756480040558,-0.20039438279140365,-0.027430372312664986,-0.1375343799591065,-0.47257864475250244,0.20138727811507645,0.7893250895398436,26.61980769375412,-0.04163102877096664,0.13096474838121766,0.4304979295047896,0.001119769999604614,1
6.89259934425354,-0.030703531578183174,-0.04046090692281723,0.2580081522464752,0.03375269392717898,-0.050347585657461114,0.001803515471645762,0.01642234858088587,-0.021596756480040558,-0.20039438279140365,-0.027430372312664986,-0.1375343799591065,-0.47257864475250244,0.19371724950729438,0.8158908843580697,26.62085970134647,-0.0415211753193841,0.13222170156581137,0.42777052974482155,0.0010243789993182872,1
6.9025914669036865,-0.029984211549162865,-0.04132431373000145,0.2580971121788025,0.03473651651892022,-0.047918383783463546,0.0013615413355314108,0.0162859287635162,-0.0229235576031126,-0.204399733293525,-0.01393169816583395,-0.11640419811010365,-0.3914446532726288,0.18568764797037904,0.8296758413089756,26.621691815098483,-0.04705069982534582,0.12540904591178306,0.39142814846697227,0.0010335970000596717,1
6.912601709365845,-0.029283931478857994,-0.04221503064036369,0.2581652104854584,0.028496498265369933,-0.05279288516803667,-0.002339383616234139,0.01638018783559625,-0.023984072339370943,-0.20773920033240056,-0.02106626331806183,-0.122885674238205,-0.30661457777023315,0.19240743333059102,0.8546225088744334,26.62615525985761,-0.044451495329511814,0.13213540887838807,0.350107424250081,0.0009666269997978816,1
6.9226014614105225,-0.028601089492440224,-0.043108388781547546,0.25821661949157715,0.029625423175829908,-0.048024524040203326,-0.003411710728069656,0.016037810117496054,-0.02542901991616242,-0.2103038443381755,-0.04761858657002449,-0.13780324161052707,-0.22912622988224027,0.19811305650803793,0.8580032043927164,26.629017437911426,-0.02977604331751159,0.1438105981243012,0.3114142672896103,0.0009854130003077444,1
6.932599067687988,-0.027928749099373817,-0.0440407432615757,0.2582518458366394,0.02518649431160158,-0.057632848519739134,-0.004125027911517645,0.015498303959566417,-0.026288670968341865,-0.21215009428048326,-0.042144354432821274,-0.12497591972351076,-0.1513494700193405,0.20460886924893168,0.8858387360958437,26.630581935953554,-0.03134384516076507,0.14013103967195015,0.2725076651086082,0.0009435820002181572,1
6.942681789398193,-0.02729324996471405,-0.04495995491743088,0.2582709789276123,0.02552036393637628,-0.052050467538979114,-0.0057010008013709595,0.015131474006505385,-0.027414685041231568,-0.2130437817518671,-0.06336592137813568,-0.11615241318941118,-0.06446244567632674,0.21003067783391263,0.8900726801605455,26.63317200172817,-0.018894331606155217,0.13889785844800204,0.22881943762672913,0.0010300359999746433,1
6.952609300613403,-0.026651591062545776,-0.0459299236536026,0.2582761347293854,0.024048587110939178,-0.0628885334224787,-0.006205023296773244,0.01420513394910694,-0.02863462254031912,-0.21304244328751398,-0.06513947248458862,-0.11376937478780746,0.039225839078426375,0.2120026396775467,0.9180305249419323,26.634604938724934,-0.015931318354371744,0.14089351297504216,0.1764309552556349,0.0009552439996696194,1
6.9626030921936035,-0.026050053536891937,-0.046885885298252106,0.25826236605644226,0.023851980496712315,-0.05814304283344898,-0.007677556963384848,0.013611588309551337,-0.029849780626024724,-0.21201822341635612,-0.06347212195396423,-0.08307302743196486,0.12813402712345123,0.21450286798069967,0.9260771812195264,26.637019069667385,-0.013907202346485827,0.12906143610000015,0.12974517005684855,0.0009899509996103006,1
6.972584247589111,-0.025038398802280426,-0.04873010516166687,0.2581813931465149,0.017218480027841356,-0.05885724382015009,-0.012078815171194067,0.012813052835106031,-0.030434922544428478,-0.2101913129706352,-0.08853805810213089,-0.08926733583211896,0.22051145136356354,0.21604682018882898,0.9309481405953925,26.637784518727855,-0.013866126182670845,0.12884989083858336,0.12572951319655923,0.00118080500033102,1
6.982583522796631,-0.02465207688510418,-0.049590855836868286,0.2581077218055725,0.015403755515145742,-0.06583844875790847,-0.013834694407908268,0.011076992481935388,-0.03176139376602016,-0.2041544143176539,-0.08591406792402267,-0.0577006451785564,0.36814290285110474,0.2339035161170924,0.9531652179435365,26.645896189498817,0.0020866941766969783,0.11996284139427255,0.009488846260076733,0.0009599929999239976,1
6.992570877075195,-0.024462934583425522,-0.05032642185688019,0.2579936683177948,0.010487284125478363,-0.060606643583281244,-0.015683991845132847,0.011076992481935388,-0.03176139376602016,-0.2041544143176539,-0.08591406792402267,-0.0577006451785564,0.36814290285110474,0.24326797474930015,0.9686487968079704,26.648474615098035,0.004816957434801882,0.12157498385457682,-0.000991742438475749,0.0011637659999905736,1
7.002583742141724,-0.024332832545042038,-0.05100267007946968,0.2578763961791992,0.011058291788414077,-0.06397112456286436,-0.01706088706151095,0.009461528202511005,-0.032893976040162975,-0.19734414289264102,-0.0966426357626915,-0.025116633623838366,0.47420209646224976,0.2617503139964097,0.9735509916120514,26.65365009451783,0.013240554987734177,0.1071953784587066,-0.0543707721300426,0.0009862500000963337,1
7.012829780578613,-0.024335427209734917,-0.05159376189112663,0.2577228844165802,0.002816761000687214,-0.059800051157595395,-0.01953252777134808,0.008333805284669982,-0.03275293493878584,-0.192025992538142,-0.0889371931552887,-0.03108948096632951,0.5381371378898621,0.2722160537626931,0.9782204914592537,26.655288164256763,0.015671087105925123,0.1084267587788975,-0.059514645063591866,0.002574809000179812,1
7.022899150848389,-0.024350017309188843,-0.052169155329465866,0.2575688660144806,0.0021400088043004783,-0.057786818619929244,-0.020710851983416666,0.007030783597265611,-0.033331859163749034,-0.18605693085746777,-0.11758993566036224,-0.01919459924101822,0.6370707750320435,0.3069336322158577,0.9643407609679399,26.660743463166195,0.03216978643758934,0.10647765011936129,-0.14133968936361113,0.0007974219997777254,1
7.032561540603638,-0.024350017309188843,-0.052169155329465866,0.2575688660144806,0.0021400088043004783,-0.057786818619929244,-0.020710851983416666,0.007030783597265611,-0.033331859163749034,-0.18605693085746777,-0.11758993566036224,-0.01919459924101822,0.6370707750320435,0.3275755002218062,0.9574277120696213,26.66246387565653,0.034187463440099874,0.10716442940505352,-0.14885042663521988,0.0008074079996731598,1
7.042567253112793,-0.02446001023054123,-0.0526801273226738,0.25737717747688293,-0.0010939218810422878,-0.059508900868715416,-0.021621489966811902,0.005616466262948094,-0.033107279183043126,-0.1791442656705673,-0.10866215825080872,0.006449626758694735,0.7047049403190613,0.34664135640212423,0.9566619550347959,26.66446711436669,0.03387078446219513,0.09376875737001233,-0.18451813161324387,0.0010352030003559776,1
7.052577018737793,-0.024621358141303062,-0.05313359573483467,0.2571686804294586,-0.001321650347373524,-0.055074676778820296,-0.022705744974519135,0.003651252149654116,-0.032858022703742495,-0.1678622971157191,-0.1055588349699974,0.02869883924722681,0.7614863514900208,0.3624859714962132,0.94173293349297,26.666993553378873,0.038657295189577626,0.08152194127829004,-0.21963851687295236,0.0009986100003516185,1
7.062588691711426,-0.02484259381890297,-0.053530048578977585,0.25694209337234497,-0.006369082608313899,-0.055957604318922625,-0.024712929479506155,0.0020942755458075446,-0.03262708507226941,-0.15945822560150447,-0.10871440917253494,0.04424050077795993,0.8519421219825745,0.38537818245695826,0.9325239085249979,26.67060477363956,0.044816678039062974,0.07312985101214403,-0.26913511200836726,0.0010314319997632992,1
7.072580337524414,-0.02515849471092224,-0.05384009703993797,0.25669559836387634,-0.012390235017092022,-0.04476062933354321,-0.026579113714792074,0.0008718199992578946,-0.03206535499367513,-0.15051801584319024,-0.09810882806777954,0.04455021768808376,0.8979852199554443,0.41960879816279634,0.9013880985140142,26.674224618506322,0.04423238505091338,0.07187682335204897,-0.29928951447891095,0.00110028700055409,1
7.082652568817139,-0.02593620866537094,-0.05428190901875496,0.2561626434326172,-0.017418001244666248,-0.03756578613895692,-0.028412854347226468,-0.0005801411347414742,-0.031502088475634515,-0.14121640329097085,-0.1049593985080719,0.0670047625899316,0.939864456653595,0.4548398969335087,0.862370636878192,26.678310669810333,0.05035123925606134,0.06019260645897398,-0.32524604714711214,0.0017986869997912436,1
7.092609167098999,-0.02636422961950302,-0.054431360214948654,0.25588420033454895,-0.015319827792470948,-0.04239416502187105,-0.02770681864324203,-0.0025356157224787346,-0.03032412696288045,-0.1262416453139803,-0.08939988166093826,0.09948080778121961,1.0124480724334717,0.477765155984233,0.8401508509010439,26.679564943133983,0.05237408391099138,0.059085437961210005,-0.32823202086182246,0.0011885559997608652,1
7.102574825286865,-0.026844536885619164,-0.054533131420612335,0.2555922567844391,-0.02378448666507322,-0.032895289274324134,-0.029636601003746283,-0.003733725364142959,-0.029127282263337495,-0.11568602065519062,-0.08892511576414108,0.11589931696653379,1.06405508518219,0.5079533079023751,0.807527370749207,26.682490628612545,0.0536662111834852,0.028388152648416376,-0.39367800144285847,0.0010796870001286152,1
7.112572908401489,-0.02735084667801857,-0.05456758663058281,0.255303293466568,-0.016820125335171153,-0.03428929295801246,-0.02451867983291242,-0.005064954507857156,-0.028104664281330294,-0.1049218402954355,-0.09238089621067047,0.11665248125791562,1.072762370109558,0.5261655847563724,0.7877258706102132,26.683420289939313,0.05382836528387393,0.027745283230212255,-0.39930525280436024,0.0012479839997467934,1
7.122574090957642,-0.027897125110030174,-0.05454640835523605,0.2550138533115387,-0.024856574854378866,-0.026100447372191967,-0.029126748449189103,-0.005908268197261979,-0.02645912534076622,-0.0938697852328465,-0.04787963628768921,0.11857789009809508,1.1345796585083008,0.5227782276674222,0.7717481136879858,26.67824716811385,0.0591282215373959,0.02363309253466746,-0.40669374680403897,0.001255387000128394,1
7.132577180862427,-0.027897125110030174,-0.05454640835523605,0.2550138533115387,-0.024856574854378866,-0.026100447372191967,-0.029126748449189103,-0.005908268197261979,-0.02645912534076622,-0.0938697852328465,-0.04787963628768921,0.11857789009809508,1.1345796585083008,0.5415119586197001,0.7450828473522872,26.682421105776257,0.040130028209852536,0.01908284303776467,-0.4157992023307145,0.0010321999998268439,1
7.142579078674316,-0.02846822515130043,-0.054462552070617676,0.25472745299339294,-0.025887968036682255,-0.021511405671028758,-0.027398003274330982,-0.007008262392649289,-0.02551037581721305,-0.08223344243674324,-0.06295506656169891,0.14706414937973036,1.1449190378189087,0.5561171889773373,0.7117802811869935,26.68213222364667,0.050562236083653136,0.001942137348355695,-0.42821875082884003,0.0010606220002955524,1
7.152582168579102,-0.029056165367364883,-0.054335709661245346,0.2544381022453308,-0.027041645718463535,-0.02318442985804626,-0.026707395910174632,-0.007838115709057458,-0.024049573169772298,-0.07082950011795575,-0.04988698288798332,0.149341717362404,1.152388334274292,0.5682113598681906,0.6920597633709082,26.681707004118916,0.046312124503606986,-0.003412982140356422,-0.44310295938557087,0.0010469349999766564,1
7.162590503692627,-0.029672611504793167,-0.054155029356479645,0.2541543245315552,-0.02572906017758953,-0.01184990434361274,-0.025457961519458065,-0.008774630641310566,-0.02136145423829472,-0.05308020177274697,-0.020944762974977493,0.16792389750480666,1.1880381107330322,0.5712103861469059,0.6500338899757607,26.680594294036712,0.03524508146206673,-0.020313138452058833,-0.465905266511668,0.0010615999999572523,1
7.172581434249878,-0.0303080752491951,-0.05390141159296036,0.2538717985153198,-0.030202224847278386,-0.012328113285258447,-0.026029212469051405,-0.009180173440851647,-0.019676680490450238,-0.04120007167266726,-0.022902878001332283,0.16469736397266402,1.186214566230774,0.5839785666045932,0.62155571135968,26.681361739418968,0.036931915542896335,-0.023406849388131822,-0.48229311712542455,0.0010457480002514785,1
7.182592391967773,-0.0316445492208004,-0.0532204695045948,0.2533542215824127,-0.030282415409565694,-0.0053069832573103826,-0.02178595036764086,-0.009369147480140949,-0.018108207360073347,-0.029487502666132315,0.008519219234585762,0.17149786651134505,1.1713331937789917,0.5915985398540173,0.6043050109751351,26.681609132933602,0.036887858421608785,-0.023497528851187183,-0.48369627020854244,0.0012720069998977124,1
7.192572355270386,-0.03234240040183067,-0.0528096929192543,0.2531140446662903,-0.0345018766390003,0.009468404600074714,-0.01826536289612343,-0.009812960464427256,-0.015505698173085669,-0.011768341065347077,0.015920745208859444,0.1650529801845552,1.1782045364379883,0.5996948448443316,0.5751451856177656,26.677070400431873,0.022268297117524878,-0.030999437503994212,-0.498014237468233,0.0012229140002091299,1
7.202640533447266,-0.033038172870874405,-0.052326545119285583,0.2529117465019226,-0.03105120171799138,0.004814520461099984,-0.013981192439131866,-0.009693216014468042,-0.01410260742286118,-0.0003604662290390692,0.02986401505768299,0.15680041909217848,1.1398755311965942,0.6055975505005474,0.5267976533229175,26.666795871883107,0.0132264958404033,-0.032980214978880935,-0.5253098953861036,0.0011741010002879193,1
7.212789058685303,-0.033789705485105515,-0.05179747939109802,0.25272616744041443,-0.03937795385901426,0.019499078343576625,-0.014822227938231196,-0.00949314562788306,-0.012329589133705632,0.010926808500787644,0.04577155411243439,0.14578142762184157,1.1277841329574585,0.6283359832742244,0.4609809598351836,26.664639004847352,0.005973590399219168,-0.031159297203528433,-0.5414677251222497,0.0018339519992878195,1
7.222808599472046,-0.034526631236076355,-0.05120641365647316,0.25257888436317444,-0.0334933996508509,0.016350371651912,-0.010331661509940386,-0.009224353065129254,-0.011216336742624122,0.022190061844231224,0.04445989057421684,0.14360992610454573,1.1142531633377075,0.6437964950157758,0.41980177901596,26.663947355402396,0.00524421296606624,-0.03367989393335162,-0.5520461199658346,0.0030114740002318285,1
7.23256516456604,-0.034526631236076355,-0.05120641365647316,0.25257888436317444,-0.0334933996508509,0.016350371651912,-0.010331661509940386,-0.009224353065129254,-0.011216336742624122,0.022190061844231224,0.04445989057421684,0.14360992610454573,1.1142531633377075,0.6411925852951823,0.3980537215225604,26.658574211641373,0.004579267311657541,-0.036332416227038894,-0.5666136671780179,0.0010216559994660201,1
7.24257755279541,-0.035286903381347656,-0.05056732892990112,0.25245070457458496,-0.03884006668983207,0.026655029419797235,-0.008256514595532137,-0.008962758828833017,-0.009796453491281998,0.03292950042760312,0.07090053707361221,0.11475364118814481,1.0501247644424438,0.6539971656899373,0.35878580314931907,26.65435379893757,-0.008088026429380536,-0.025257363735561342,-0.5808942847180084,0.0009022410004035919,1
7.252593517303467,-0.03603014349937439,-0.04989088699221611,0.2523561418056488,-0.03383310513864827,0.023343158850934458,-0.004258761192256651,-0.008210242256058375,-0.008457940492405669,0.04832806523537769,0.05966256558895111,0.09681300073862088,1.0183473825454712,0.6529388317881591,0.3379043826458352,26.64836975331108,-0.005388961508930748,-0.020509480506319205,-0.5872774030381761,0.0010912789994108607,1
7.2626142501831055,-0.03681427985429764,-0.049160219728946686,0.2522687315940857,-0.03924372452445103,0.03702897913017712,-0.004268373458016533,-0.0076513266924891354,-0.007993662964751014,0.05824819550669469,0.06816405802965164,0.06905571371316922,0.9837759733200073,0.668146250873271,0.29010970162443006,26.646361679804254,-0.009573862139987703,-0.007262764862581447,-0.5836559366105329,0.001051614000061818,1
7.2725913524627686,-0.03756827488541603,-0.04837537184357643,0.2522306740283966,-0.03526440308136914,0.03442764977966483,0.0014513151414400852,-0.0069947285130749215,-0.007257318856479067,0.06727492487799847,0.08599330484867096,0.031422972679138295,0.9060132503509521,0.6732709512901669,0.26601946961911327,26.638760742330835,-0.02047682175190008,0.009353482632811277,-0.5578038501170611,0.0010768930005724542,1
7.282745599746704,-0.038352176547050476,-0.04754844307899475,0.2521989941596985,-0.03915014871266986,0.04237552724084279,0.002635613767847873,-0.00635468855403909,-0.007135411856421747,0.07613492582828263,0.06149845942854881,0.03848129510879527,0.8585445880889893,0.6864768447730014,0.22648849076299948,26.63483809193929,-0.009853461459666984,0.005919981947106465,-0.5440997896798397,0.0017597900005057454,1
7.29263710975647,-0.038352176547050476,-0.04754844307899475,0.2521989941596985,-0.03915014871266986,0.04237552724084279,0.002635613767847873,-0.00635468855403909,-0.007135411856421747,0.07613492582828263,0.06149845942854881,0.03848129510879527,0.8585445880889893,0.6943619767714965,0.2025916119663762,26.63360085219612,-0.009784609747876464,0.005884230379638734,-0.5429146926657282,0.000948192000578274,1
7.302586555480957,-0.04064071923494339,-0.04485532268881798,0.25227677822113037,-0.0336873755408604,0.04841842870768015,0.009422000491839784,-0.004697772507135323,-0.007281544040039556,0.09543267577342585,0.07531008869409561,-0.0023356883320956555,0.710014820098877,0.6990650170830947,0.18812477755441645,26.63321251908844,-0.009864001306577249,0.005853015425872271,-0.5428101386356373,0.0012807349994545802,1
7.312563896179199,-0.04141686484217644,-0.04388651251792908,0.25232449173927307,-0.035239473438983794,0.05554986341085982,0.009090558585717981,-0.0042308221610816155,-0.007219342143948815,0.10219084490985786,0.06959423422813416,-0.03092729300260536,0.6532114744186401,0.7076538786876299,0.13749051901469303,26.624689972240965,-0.017120831873104002,0.04045790317399974,-0.46891289409820164,0.0010023119994002627,1
7.3225696086883545,-0.042059242725372314,-0.04297930747270584,0.25240129232406616,-0.03316006430323443,0.05383524675682084,0.010854518046307897,-0.0035431412314577138,-0.007987172957444777,0.10812222416812345,0.08199457079172134,-0.04192040488123887,0.5838270783424377,0.7142039650001191,0.10430093147800121,26.621990583110545,-0.018253208417586077,0.04094287483145758,-0.46493603433917136,0.0012032209997414611,1
7.332578659057617,-0.042059242725372314,-0.04297930747270584,0.25240129232406616,-0.03316006430323443,0.05383524675682084,0.010854518046307897,-0.0035431412314577138,-0.007987172957444777,0.10812222416812345,0.08199457079172134,-0.04192040488123887,0.5838270783424377,0.7195164006656983,0.08657686489610318,26.6187460986207,-0.026502715615350312,0.04848322253659377,-0.4358480144831495,0.0010114599999724305,1
7.34260368347168,-0.04274594411253929,-0.042028654366731644,0.2524719536304474,-0.03499456550836044,0.061957265829140115,0.00934181265316906,-0.003058131285683885,-0.008432747563959175,0.11339084686842682,0.05426762253046036,-0.07118096947669977,0.5037596821784973,0.7312767299512656,0.05043349369739701,26.619324149274487,-0.013229397281620673,0.0644121751792513,-0.39919332466528407,0.001078848999895854,1
7.3525824546813965,-0.043301355093717575,-0.04113425686955452,0.25257304310798645,-0.033457235303623,0.05923073688126855,0.011968809124512616,-0.002583408230601325,-0.009581177113677342,0.11802400683742365,0.06143512204289436,-0.1070264652371406,0.44707638025283813,0.7441368115762315,0.03239069096117829,26.615928638882785,-0.01796051649592916,0.08580738899417892,-0.37242216736358275,0.0009995880000133184,1
7.362632989883423,-0.04382425174117088,-0.04026886820793152,0.252668559551239,-0.03193017448689269,0.06416461627621323,0.011957703169820227,-0.001746707848385487,-0.011204371418320758,0.12364685753507709,0.061312053352594376,-0.1158603802323341,0.3320223093032837,0.7544381840674724,0.00832677479769605,26.614504618314264,-0.020026127464676212,0.09493656717264495,-0.31977831336941465,0.0009657190003053984,1
7.372570037841797,-0.044298380613327026,-0.03940796107053757,0.2527835965156555,-0.03215231056762989,0.06139391255204476,0.011677982250489443,-0.0016050295533540648,-0.011784651314161287,0.1250238998446611,0.049291424453258514,-0.13631309568881986,0.28118541836738586,0.7670822259805041,-0.004615571936139066,26.614121140665713,-0.014685458880324513,0.10695647567615175,-0.2922927281752186,0.0010253569998894818,1
7.382582426071167,-0.04474388435482979,-0.03857748955488205,0.2528795003890991,-0.030288384657100535,0.06453757018936188,0.011026139403468912,-0.0006350038588962548,-0.013923601801774321,0.128479566678124,0.0763123482465744,-0.14898668229579923,0.19493465125560763,0.7786197507498386,-0.01784515159448951,26.61436914887639,-0.030520179513792805,0.11938579554198255,-0.2516878380357692,0.0009780800000953604,1
7.392572641372681,-0.045139558613300323,-0.03774641826748848,0.2529827654361725,-0.029611399134677155,0.06430948539697134,0.00956812036753545,-8.093684848287097e-05,-0.0151958236663301,0.12952590969102973,0.05486685037612915,-0.1535356342792511,0.08139610290527345,0.7896371420492947,-0.028866916070153636,26.615921512772605,-0.021976980779066548,0.12530679753063045,-0.19562467135940426,0.0009562220002408139,1
7.402608871459961,-0.04549625888466835,-0.03695085644721985,0.2530694901943207,-0.025605829748181444,0.06704448894290387,0.010128813780426252,0.00033151294140498777,-0.017200363183457856,0.13002206275417505,0.05162755399942398,-0.15892186760902405,0.019764453172683737,0.7940088573700365,-0.042933337926141416,26.61538426878038,-0.02129735518755805,0.13338738164427386,-0.16222650545036427,0.0010940720003418392,1
7.412813186645508,-0.046014364808797836,-0.03552655130624771,0.2532255947589874,-0.025070640703242063,0.0650853657392941,0.00750194064086721,0.0009404579562728443,-0.01875764914083744,0.1295917603275818,0.05026080459356308,-0.18201249837875366,-0.07023452222347257,0.8038481175142851,-0.04721006754453322,26.61797366441796,-0.021798693590977802,0.1472842440849739,-0.11696661913080017,0.0016799700006231433,1
7.4226555824279785,-0.04622453823685646,-0.03482729196548462,0.25329115986824036,-0.023216801030430202,0.06762208778593651,0.0067583839287142546,0.0016335431727925176,-0.021564551963844547,0.12757986952638944,0.03853599727153778,-0.17633850872516635,-0.16679291427135465,0.8141077167588956,-0.05959652792606851,26.619260140756033,-0.01892288188498335,0.1546087190681375,-0.0664078443574729,0.0007868069997130078,1
7.432572364807129,-0.04639207571744919,-0.03417842462658882,0.25333109498023987,-0.02312862901226493,0.06482387322127942,0.0059818397133429195,0.0020704291999624758,-0.02337168641165599,0.12522445155269546,0.04503209516406059,-0.18144300580024722,-0.23982116580009458,0.8274647299445969,-0.05899348241599967,26.620257481999783,-0.02326044634469028,0.15994490319457783,-0.026859484356718866,0.0009578290000717971,1
7.44257926940918,-0.04654080420732498,-0.03352724015712738,0.2533623278141022,-0.022701193119966056,0.0646539328495185,0.0018404567132941456,0.002535247316703959,-0.02514966892317405,0.12223765150824395,0.03762063384056091,-0.1858901381492615,-0.31534090638160706,0.8354886467259311,-0.060253512426611505,26.620575953478834,-0.023919094486320288,0.1624867044594791,-0.022888276264184968,0.001152940999418206,1
7.452579021453857,-0.04654080420732498,-0.03352724015712738,0.2533623278141022,-0.022701193119966056,0.0646539328495185,0.0018404567132941456,0.002535247316703959,-0.02514966892317405,0.12223765150824395,0.03762063384056091,-0.1858901381492615,-0.31534090638160706,0.8459555600463988,-0.0614103753056963,26.625442905022236,-0.021881599226138495,0.1697582454143637,0.014787849562355838,0.0009560830003465526,1
7.462628126144409,-0.046756014227867126,-0.0323646254837513,0.25334954261779785,-0.02109525906450049,0.06301559509868435,-0.0023210328043729274,0.003882576967540352,-0.029839207429868342,0.11122833696682743,0.04118117690086365,-0.18478561937808996,-0.5007349252700806,0.8607868259571817,-0.055049213974249014,26.629350019510678,-0.021287391466128437,0.17254726608390072,0.05882365178208468,0.0009979129999919678,1
7.472591876983643,-0.046756014227867126,-0.0323646254837513,0.25334954261779785,-0.02109525906450049,0.06301559509868435,-0.0023210328043729274,0.003882576967540352,-0.029839207429868342,0.11122833696682743,0.04118117690086365,-0.18478561937808996,-0.5007349252700806,0.8734214391990114,-0.05092448514287719,26.632604943232177,-0.028478167268642104,0.1825248077120982,0.11584711076873941,0.0010291980006513768,1
7.482822418212891,-0.04678333178162575,-0.03185379132628441,0.2533209025859833,-0.02095562287408178,0.058858230425687455,-0.0028026034580282914,0.004251084972802133,-0.03128503930174631,0.10570632957489146,0.016556452959775925,-0.16477839648723608,-0.5571277141571045,0.8844492007241164,-0.04053611228259026,26.634020782248637,-0.01812343963653592,0.17693765804463008,0.15072532135903144,0.0010926750001090113,1
7.492595434188843,-0.046811312437057495,-0.031350620090961456,0.25327855348587036,-0.020472476927380353,0.06142692614172978,-0.003811868416941407,0.004687736964027689,-0.03288052193337876,0.0993872883760405,0.02373148314654827,-0.16099677979946145,-0.6457781195640564,0.8941993022715462,-0.03809754772884495,26.635529713774293,-0.02292280966976732,0.179335852199999,0.1993656484384005,0.0010957470003631897,1
7.502669334411621,-0.04675048217177391,-0.030931469053030014,0.2532396912574768,-0.01937527417426023,0.054805312217011695,-0.0030638768965488765,0.005283775385200862,-0.033835733848925464,0.0922093384028928,0.02015095017850399,-0.1212264373898507,-0.7335847616195679,0.8979779934934607,-0.019320639023961233,26.635039527877773,-0.02391418857095942,0.16220635955497964,0.2507497038215213,0.0011351329994795378,1
7.512593746185303,-0.04662294313311577,-0.03014000691473484,0.25315606594085693,-0.018480441211430894,0.05301902418764584,-0.0027107857651449347,0.005733521634596173,-0.035137545600885556,0.0848487219232803,0.010622240602970123,-0.09153379499912272,-0.7682198286056519,0.8991498436989579,-0.00454889971368813,26.634415321139233,-0.02086944630153341,0.15079126572235202,0.2780458609267761,0.0010213049999947543,1
7.522584676742554,-0.046547308564186096,-0.029792018234729767,0.2531128227710724,-0.01877922017700074,0.05252672354620994,-0.0023137654749239107,0.006586761982678713,-0.0360619238220492,0.07231505922947479,0.02800503373146057,-0.08090972155332576,-0.874015212059021,0.8998582762144919,0.004379681128320977,26.63421618114873,-0.020831794606253076,0.15056531075071783,0.2803886448217035,0.0013382770002863253,1
7.532574653625488,-0.04642922058701515,-0.02947946824133396,0.25308671593666077,-0.017898621190119268,0.04895536967872887,-0.0025188347949013606,0.007107528529421536,-0.036717906507441,0.06302599982023072,0.009608733467757702,-0.05797097831964504,-0.9256153106689453,0.9025793954977339,0.017128631056933886,26.633551900323404,-0.03231747630905649,0.14785788274433348,0.34521380435945476,0.001236601000528026,1
7.542577505111694,-0.04631718620657921,-0.029204631224274635,0.2530599534511566,-0.017690338331437374,0.0463182441319719,-0.0012378212002722717,0.007651411982457557,-0.03710172096182607,0.05363533762653416,0.016690775752067566,-0.04196023195981991,-0.9527368545532227,0.9020984528967059,0.034207820621413004,26.633560414316822,-0.025341180131217125,0.13837521260498303,0.3862421072717497,0.0013153720001355396,1
7.552581548690796,-0.046198926866054535,-0.02894747257232666,0.2530439496040344,-0.01841731181636085,0.045139294124649426,-0.0007011701211027509,0.008330891416211017,-0.037134705545971425,0.04362748795724336,0.019582059234380722,-0.019561702385544902,-1.0187822580337524,0.9001026918559646,0.06141320001079512,26.631310537699513,-0.03323155646306819,0.12025162520612162,0.4488850862631348,0.0010491679995539016,1
7.562591552734375,-0.046198926866054535,-0.02894747257232666,0.2530439496040344,-0.01841731181636085,0.045139294124649426,-0.0007011701211027509,0.008330891416211017,-0.037134705545971425,0.04362748795724336,0.019582059234380722,-0.019561702385544902,-1.0187822580337524,0.8985626982888674,0.0770987004239128,26.630603570686937,-0.034321850590555744,0.12000587077288367,0.4624116256824762,0.0010310820007362054,1
7.5725932121276855,-0.04605933278799057,-0.028755035251379013,0.2530369758605957,-0.017924789485539445,0.037755057143550666,0.0004698781028010865,0.008821947677347897,-0.0369987502509308,0.033061593874076145,0.005135267972946167,0.0035413117147980824,-1.0588581562042236,0.8935306002554991,0.10557050847383974,26.628959782612654,-0.029166245982460422,0.108225746321725,0.4897154665662568,0.001042185000187601,1
7.582585334777832,-0.045945074409246445,-0.02856895886361599,0.253031462430954,-0.017980286856962697,0.03908828645690517,0.0004562720402121337,0.00997489679270469,-0.03650197785145037,0.016897660921395552,0.02414810098707676,0.022434465587138998,-1.082137942314148,0.8862714247481638,0.1279834980932746,26.628572662145398,-0.04148298554703403,0.09710523593286059,0.5117039837638656,0.0010597829996186192,1
7.59258246421814,-0.045780621469020844,-0.028463376685976982,0.2530403137207031,-0.016646200797891315,0.030705248933552594,0.0012007316020322494,0.010526890872200045,-0.035687281912886615,0.005477495928415177,0.014939715154469013,0.050253767520189147,-1.138188123703003,0.8726114711132685,0.1637730616249457,26.627673843449443,-0.03921821877489085,0.08084306132855841,0.5274497683643625,0.001064602000042214,1
7.602661848068237,-0.04565047845244408,-0.02836409956216812,0.25304916501045227,-0.0185872930866055,0.03242314235510704,0.0017340280678499074,0.011218949975753567,-0.035132326479226705,-0.0059818994213891585,0.028103230521082878,0.08251720666885362,-1.1652374267578125,0.8629468261347875,0.18696381130449982,26.626804009451167,-0.04714002406518538,0.06306648351570839,0.5427254808223906,0.0011703989994202857,1
7.612860441207886,-0.045464858412742615,-0.028337957337498665,0.25308725237846375,-0.01567798294753673,0.02272965013417254,0.004798236309718719,0.012091846864477507,-0.03377708041442595,-0.01771305396667744,0.03695780783891678,0.07468242943286882,-1.1552640199661255,0.8448015579452437,0.2290191633180522,26.62287719724153,-0.05513337918959607,0.06259614313703338,0.5582964833712762,0.0018546910005170503,1
7.622593641281128,-0.04508662223815918,-0.028452036902308464,0.2532012462615967,-0.01478166225136631,0.01660015435595307,0.009302901093882727,0.01308246633364396,-0.03198788037949862,-0.03547961018818446,0.01513925101608038,0.09966376423835739,-1.1942929029464722,0.8199885913137647,0.2736408787835424,26.616234254539187,-0.047285394776656775,0.04527570277653592,0.5811711348365245,0.0010587360002318746,1
7.632582902908325,-0.04488959535956383,-0.0286005437374115,0.253273069858551,-0.015285463036249768,0.012650141564174985,0.01056688647788184,0.013819936148340428,-0.03025050165507448,-0.04723915889044816,0.035149380564689636,0.13583788275718675,-1.1845272779464722,0.8049095568844802,0.3005371925454566,26.614122108092502,-0.04716221806843998,0.044972632205015926,0.5831343107393157,0.0012511949998952332,1
7.642586946487427,-0.04466046392917633,-0.028805438429117203,0.2533668279647827,-0.014339293346073046,0.008772820257007503,0.010998139148236436,0.014455063412557756,-0.02886039296229459,-0.05895397544478209,0.018722882494330406,0.14844720065593706,-1.171141505241394,0.7752642684057562,0.3455646266007908,26.61158680430953,-0.052576838440871555,0.011766597341051559,0.611816570847814,0.0010563620007815189,1
7.652583360671997,-0.04443669319152832,-0.029076166450977325,0.2534562051296234,-0.014633850193927288,0.0027799187183086913,0.01252992730774442,0.015113152700379828,-0.026889287913486548,-0.07071317552610257,0.01737758331000805,0.1609057784080504,-1.1797823905944824,0.7573111722472278,0.37263190480852265,26.610772245992212,-0.05283094142435136,0.01131685908431889,0.614271599018248,0.0012685840001722681,1
7.662586212158203,-0.04421163722872734,-0.02938229776918888,0.2535572648048401,-0.011828049116085282,-9.23890463113137e-05,0.013502329559283604,0.015744153363347557,-0.025156535124422952,-0.08217428135874671,0.02321077696979046,0.16111886501312242,-1.1428024768829346,0.7363182342293442,0.40810144027245077,26.608694633037256,-0.0541658368629202,-0.0004207113067968629,0.628761757109059,0.0010282189996360103,1
7.672582387924194,-0.04397089406847954,-0.029760101810097694,0.2536609470844269,-0.011200608802255088,-0.006767448860919517,0.01588632720841989,0.016304490685358886,-0.0224112613998817,-0.09892790940840213,-0.009557513520121574,0.15679904818534837,-1.1123836040496826,0.7085743721552603,0.44147749420257865,26.606950391956065,-0.05893818641979094,-0.005880968615778139,0.6439258463075213,0.0010939310004687286,1
7.682643413543701,-0.04397089406847954,-0.029760101810097694,0.2536609470844269,-0.011200608802255088,-0.006767448860919517,0.01588632720841989,0.016304490685358886,-0.0224112613998817,-0.09892790940840213,-0.009557513520121574,0.15679904818534837,-1.1123836040496826,0.6769769325638764,0.48011133029871167,26.603602710633307,-0.04476338848569047,-0.011329765200904255,0.6611963313777852,0.0011388350003471714,1
7.692591905593872,-0.043730344623327255,-0.030160684138536453,0.2537740468978882,-0.009406520211897404,-0.008472798283895341,0.01542641590368176,0.016423046255326756,-0.02143915218357506,-0.10432816207019746,0.00035999156534671783,0.1509986966848372,-1.0820609331130981,0.6487625459916491,0.5107265893621138,26.603079842146297,-0.04984986174007065,-0.011590085151964677,0.6665141186681629,0.0011518230003275676,1
7.702688694000244,-0.04347335174679756,-0.03062310814857483,0.253895103931427,-0.009736078812375473,-0.01589444464913776,0.01611232384594082,0.016860129115150446,-0.0188544865955822,-0.11996993044945503,-0.0025520813651382923,0.14903216063976274,-1.0352600812911987,0.6185310925190886,0.5518497674487861,26.6020636103271,-0.05013942321036905,-0.017821911815705496,0.6714299438937862,0.0013098549998176168,1
7.712575912475586,-0.04322359338402748,-0.03111223690211773,0.2540196478366852,-0.008286726203357409,-0.017621230148082992,0.016297642058414285,0.016724754719396273,-0.017273346090314945,-0.1298743904393742,-0.03287007287144661,0.14431753754615773,-0.9801133871078491,0.588903825171542,0.5804411746102272,26.601607978175057,-0.03474198082694104,-0.019928977992903125,0.6523309619312049,0.001078498000424588,1
7.722582101821899,-0.042957521975040436,-0.03164749592542648,0.2541501820087433,-0.004755247894231641,-0.024008756495380958,0.016657758498162478,0.016887327108749517,-0.015732050606496628,-0.13939729795026823,-0.015177466906607151,0.12331789731979359,-0.9430944919586182,0.554773532894826,0.6167350854440679,26.600913858671284,-0.04442942836974813,-0.014437368009578969,0.6382390027589191,0.0010797560007631546,1
7.732575178146362,-0.04271656647324562,-0.03219249099493027,0.25427788496017456,-0.005721963689579236,-0.02459120569904057,0.017009822684145283,0.01659202395697479,-0.014215856068733324,-0.1482797987199378,-0.04157271236181259,0.12369495630264271,-0.8836669921875,0.5283061521598432,0.6402825336608848,26.60031943391751,-0.03043201750623596,-0.018433924511731793,0.6134118976017694,0.0010477719997652457,1
7.742582559585571,-0.042189113795757294,-0.03339045122265816,0.2545427978038788,-0.0018780607632085818,-0.032938111544088836,0.02009439650994285,0.016100829784027937,-0.01229163035870684,-0.1606808695590316,-0.03748999908566475,0.10278787463903417,-0.8061678409576416,0.5122620828248634,0.6544954089286612,26.600126277594104,-0.030157741543097596,-0.01852544449879258,0.611279892011936,0.001257829000678612,1
7.752577304840088,-0.041921552270650864,-0.03402360901236534,0.2546840310096741,0.002512491241437643,-0.03851129862170806,0.02128841905523132,0.015971313994138203,-0.011190842160998749,-0.16824713151402237,-0.05262003839015961,0.08646585792303076,-0.7370122671127319,0.4811661824980599,0.685630714349224,26.596096825470564,-0.03169016539401362,-0.014095479445886076,0.5807316599347523,0.0012330380004641484,1
7.7625792026519775,-0.04166485369205475,-0.034663137048482895,0.2548151910305023,0.0038948604214504518,-0.04211661592013109,0.01852701604613903,0.015392087374645147,-0.010248147866378954,-0.17507965165207162,-0.07755544036626816,0.05703620240092269,-0.6811407208442688,0.4451232310074635,0.7167882095524516,26.593281561088496,-0.02438625920332175,-0.009340217930177572,0.5493103329981798,0.0011762640006054426,1
7.772566795349121,-0.041411448270082474,-0.0353180430829525,0.2549428939819336,0.001980473332694534,-0.044127237056012535,0.01909500735166108,0.014755150192926614,-0.0096450249528659,-0.18144037251896838,-0.06797415763139725,0.04419413581490509,-0.6132712364196777,0.41548249501047363,0.7424328607455967,26.59577085319161,-0.010854037627501532,0.0026824306323268484,0.5236759312410922,0.0011654399995677522,1
7.782578945159912,-0.041411448270082474,-0.0353180430829525,0.2549428939819336,0.001980473332694534,-0.044127237056012535,0.01909500735166108,0.014755150192926614,-0.0096450249528659,-0.18144037251896838,-0.06797415763139725,0.04419413581490509,-0.6132712364196777,0.3973113309892358,0.7653100008346408,26.59576168691629,-0.013753935997531094,0.00762547526979034,0.49270690523320393,0.0010178140000789426,1
7.792575120925903,-0.04117884114384651,-0.03597200661897659,0.2550576627254486,0.001812075244254214,-0.0452866777672691,0.017311137142894846,0.014099350357704044,-0.009147161063050468,-0.18697652989468905,-0.08811654150485992,0.04726746305823319,-0.5414563417434692,0.381703913730454,0.7810642912693501,26.597985081793944,-0.001860674358366168,0.004827654914984938,0.459025329990562,0.0010066409995488357,1
7.802662134170532,-0.040970329195261,-0.03661445528268814,0.2551555633544922,0.0051868383817176835,-0.04699139670150613,0.018445260811971544,0.012738570675397298,-0.00870038678819185,-0.19397798800306543,-0.09289485961198807,0.018950168043374963,-0.43870580196380615,0.3622007184740834,0.7914038923562121,26.59743515265856,0.004188361267486673,0.01713352406205378,0.41129880268928876,0.0011278709998805425,1
7.812671661376953,-0.040970329195261,-0.03661445528268814,0.2551555633544922,0.0051868383817176835,-0.04699139670150613,0.018445260811971544,0.012738570675397298,-0.00870038678819185,-0.19397798800306543,-0.09289485961198807,0.018950168043374963,-0.43870580196380615,0.35034625331825847,0.7976644190567345,26.597261440234643,0.004386527839623909,0.01738983615203561,0.4072000003195949,0.001819774000068719,1
7.822841167449951,-0.04056449607014656,-0.03793695196509361,0.2553202509880066,0.005105802861309875,-0.05034852772183773,0.015616270740172815,0.010966712858258454,-0.008418583372418187,-0.20066559220784796,-0.10998853296041489,-0.0013572509633377554,-0.2947230339050293,0.3388332222542117,0.8076850926015602,26.60077866069414,0.017438493467921572,0.02649251323057459,0.34252369743223215,0.002432278000014776,1
7.832572937011719,-0.04034782573580742,-0.038624633103609085,0.2553916871547699,0.0065642833473260635,-0.054057091472486926,0.014391443695180608,0.010017817182863542,-0.008407507630370237,-0.20289568445573902,-0.08689642697572708,-0.01722834259271624,-0.1914142370223999,0.32660008450476535,0.8233468195353292,26.603393981390596,0.008535051105573541,0.034131580018970535,0.2895936710389736,0.0007852700000512414,1
7.842584609985352,-0.04014558345079422,-0.039303917437791824,0.2554367184638977,0.0047060297945363365,-0.05059164762476382,0.01298977153408999,0.009192228698139182,-0.008650658980179138,-0.20433774222425516,-0.09687453508377075,-0.020164521411061304,-0.12898226082324982,0.32445275977188626,0.8251075974531273,26.606046804219947,0.01607918212863343,0.03660870218364878,0.25644754406546166,0.001041278000229795,1
7.852611303329468,-0.03973100706934929,-0.04068870097398758,0.25547367334365845,0.005127007588473668,-0.05415725708001146,0.008407558313831434,0.008188310022957612,-0.008934180785532764,-0.2050609631317699,-0.09892528504133224,-0.03794980421662331,-0.03728703781962394,0.3231370925549565,0.8262007159485265,26.60688665918522,0.016210184578174063,0.036651096006343635,0.25359942436718547,0.001303570000345644,1
7.862574338912964,-0.03952933847904205,-0.041395384818315506,0.25546640157699585,0.009215581425295613,-0.05772009501800571,0.008734385439128087,0.006994996571940693,-0.009649607707574503,-0.20446075775630312,-0.062127526849508286,-0.03767546266317367,0.0621783696115017,0.3111093874249099,0.843351474475173,26.612587678405028,0.003042278834572471,0.0463169273501122,0.1638185780713841,0.0009831070001382614,1
7.872581958770752,-0.03933824226260185,-0.04210048168897629,0.2554490268230438,0.006032125019649745,-0.05723322555948833,0.005614150290353653,0.0061840153601369074,-0.009985452670506767,-0.20330420275719652,-0.08188724517822266,-0.06763944029808043,0.1459570974111557,0.31437625728576546,0.8523562101988494,26.618359179451456,0.015310333129626737,0.06313933220732204,0.11627375411801885,0.0009691400000519934,1
7.882620096206665,-0.03913574293255806,-0.042818956077098846,0.25542891025543213,0.008418919079544847,-0.058031633515898934,0.005122148889043864,0.005507943376593438,-0.010967906576021313,-0.20115287353438926,-0.0546257346868515,-0.07510197162628171,0.22712737321853638,0.3140749570729037,0.8613893754906723,26.62083556779659,0.004179499448327316,0.06874595690085504,0.07317666614340938,0.0010389039998699445,1
7.89259672164917,-0.03913574293255806,-0.042818956077098846,0.25542891025543213,0.008418919079544847,-0.058031633515898934,0.005122148889043864,0.005507943376593438,-0.010967906576021313,-0.20115287353438926,-0.0546257346868515,-0.07510197162628171,0.22712737321853638,0.31295097976639363,0.8684582910675869,26.6216221512274,0.004951763315763955,0.07015713754912117,0.06930096277506835,0.001076542999726371,1
7.902740716934204,-0.03900511935353279,-0.04346729442477226,0.25539758801460266,0.006406118611023625,-0.058461789047123014,0.005363166788810143,0.005051307592650378,-0.011692115936164704,-0.19832953632752126,-0.04837065190076828,-0.08303510397672649,0.30965110659599304,0.31986837357945597,0.875945847972083,26.62159212597087,0.0031734295877609156,0.0763391268267244,0.028898143996147055,0.001086389999727544,1
7.912578105926514,-0.038888219743967056,-0.04409763589501381,0.2553611099720001,0.006880833377393557,-0.05653073642028903,0.0043906899926605325,0.004155259724893945,-0.013166535198282592,-0.19251131353327633,-0.054821744561195374,-0.09916954487562174,0.4037145674228668,0.3313192634179307,0.8743799327980883,26.622889460104492,0.009232012626661732,0.08857149862446312,-0.021504713148781093,0.0009818500002438668,1
7.922587871551514,-0.03884509578347206,-0.044664181768894196,0.2553296387195587,0.0036544301465384166,-0.060583919255387766,0.0018530990788807756,0.0036484020590981103,-0.014216521045747665,-0.1876542090845712,-0.037689510732889175,-0.10235386341810221,0.4796462655067444,0.3487823851850502,0.8857013417129742,26.62636274194222,0.001982074088015681,0.09357103428567128,-0.06378232326040614,0.0009609700000510202,1
7.932590007781982,-0.03885091841220856,-0.045188598334789276,0.2552916407585144,0.008433949646896182,-0.056993372817513224,0.002738668110699779,0.003168922388789408,-0.015331123420388337,-0.18205959596479193,-0.05109468102455139,-0.10541058331727975,0.5657447576522827,0.35570577396900693,0.8811795552526387,26.626530890578454,0.010534682938099237,0.09783444256041764,-0.11049514581171598,0.0009529389999443083,1
7.942617654800415,-0.03888451308012009,-0.04564793407917023,0.25524160265922546,0.0032176627566474457,-0.05764894931241934,0.0007286525181266203,0.0024238061054164817,-0.016410507570292943,-0.175869142235475,-0.03482183814048767,-0.10933123528957359,0.6397176384925842,0.37746819356483036,0.8824263141477505,26.629003444803374,0.004784286366816349,0.10343016467327469,-0.15218695713097513,0.0009958159998859628,1
7.952590465545654,-0.03905879706144333,-0.04644249007105827,0.25509119033813477,0.001201015324165164,-0.05541218430829076,-0.003890253859696887,0.0021742375814581827,-0.017819539083980374,-0.16894988501369168,-0.025786980986595154,-0.11300612986087791,0.7096351981163025,0.40382728715677635,0.8814203317530552,26.635477434830182,0.0013172898284194482,0.10957909471724463,-0.19189396779285472,0.0010009139996327576,1
7.9626076221466064,-0.03923100233078003,-0.04673812910914421,0.2549908757209778,0.0038972137436543808,-0.04806102067345863,-0.004215066785902972,0.0011482109656308914,-0.019467623312788618,-0.15718039999390632,-0.045051347464323044,-0.10933326184749594,0.7986112236976624,0.4258791794518165,0.85711868016047,26.6381347861855,0.013378842610178174,0.1099839970403803,-0.24175510720641802,0.0009972130001187907,1
7.972580909729004,-0.0394105538725853,-0.046991318464279175,0.2548929452896118,0.00013735979857667631,-0.05315744124077695,-0.008255168801904118,0.0009327681074156047,-0.020734327210405912,-0.14885585942137247,-0.020460287109017372,-0.1102667972445487,0.8489899635314941,0.4538449660376541,0.8578164458865127,26.64380014772058,0.003115000561990081,0.1167474852195332,-0.27463014338112945,0.0010210259997620597,1
7.982818603515625,-0.03963674232363701,-0.047213364392519,0.2547716796398163,-0.0016089993783273894,-0.04094907645964241,-0.010372260581369344,0.0004917965200585961,-0.022076014840196834,-0.1397069215929596,-0.014160709455609322,-0.11988827586174,0.9159206748008728,0.4875888998673647,0.8291650575884707,26.64813443456202,0.001874081497298697,0.12392114671008378,-0.31250854517595067,0.0020865360002062516,1
7.992567300796509,-0.03963674232363701,-0.047213364392519,0.2547716796398163,-0.0016089993783273894,-0.04094907645964241,-0.010372260581369344,0.0004917965200585961,-0.022076014840196834,-0.1397069215929596,-0.014160709455609322,-0.11988827586174,0.9159206748008728,0.5081363798179783,0.8123779546128114,26.649497719593143,0.0023636634713326537,0.12574916420781126,-0.31650773693702045,0.0008375750003324356,1
8.002652168273926,-0.0401943176984787,-0.047459717839956284,0.25451889634132385,-0.007960694177091084,-0.035257529387225275,-0.012561317546743469,-0.0003207271912466503,-0.025298276372714756,-0.11495018742438079,0.00857566948980093,-0.11742909252643573,1.0188021659851074,0.5303194773303407,0.8139917598028883,26.64704686683639,-0.0005140119659594643,0.12703470247527526,-0.3518407530887605,0.0011997980000160169,1
8.012702226638794,-0.04050930589437485,-0.04750101640820503,0.25439125299453735,-0.003568532734360095,-0.04132354996617607,-0.01101599541424796,-0.0005730383374884518,-0.026040255271781554,-0.1097569995877592,-0.0056807054206728935,-0.11639054864644992,1.0576088428497314,0.5701336205800559,0.7888172430534208,26.651527152706343,-0.005475003428819622,0.1345922195985124,-0.38276805946387477,0.0029472249998434563,1
8.022821426391602,-0.04050930589437485,-0.04750101640820503,0.25439125299453735,-0.003568532734360095,-0.04132354996617607,-0.01101599541424796,-0.0005730383374884518,-0.026040255271781554,-0.1097569995877592,-0.0056807054206728935,-0.11639054864644992,1.0576088428497314,0.5876784084709012,0.7835715377543929,26.65129786690566,0.0017094660628778902,0.13561985206661917,-0.40207823361125883,0.0008143909999489551,1
8.032570123672485,-0.040876418352127075,-0.047513242810964584,0.2542417347431183,-0.011746545400482736,-0.02934109043041664,-0.01458221581822808,-0.0009367247703551129,-0.027387470897175525,-0.09330817999566277,0.022488268092274666,-0.11123420298099504,1.1018967628479004,0.6299518247077329,0.7537024635665156,26.65520985418045,-0.009770492027361324,0.1381428163529433,-0.41583154582133275,0.0011073400000896072,1
8.042572736740112,-0.04168817028403282,-0.04732762649655342,0.25395819544792175,-0.013259416424183572,-0.023790614695790222,-0.014426684002076763,-0.0012433946814240926,-0.028353188114635053,-0.08230275571039813,0.00943004246801138,-0.08880423754453645,1.1143012046813965,0.6673146419004525,0.7183991928442165,26.65639007560913,-0.0021382409687015994,0.12977204621779864,-0.42807729944044265,0.0010535680003158632,1
8.052583694458008,-0.04211613908410072,-0.047147493809461594,0.2538190186023712,-0.013355178768210949,-0.01907986028932295,-0.012812256817908043,-0.001544896279474628,-0.029657234181773795,-0.059133535811171534,0.037071987986564636,-0.043140053749084334,1.159948468208313,0.697492571897441,0.6830185406511033,26.654694334197114,-0.014888329425322167,0.10912761300864138,-0.43835421979394823,0.0010320589999537333,1
8.062575340270996,-0.042573992162942886,-0.046918075531721115,0.2536880075931549,-0.01493960247405404,-0.018603324878347934,-0.011972286743961422,-0.001544896279474628,-0.029657234181773795,-0.059133535811171534,0.037071987986564636,-0.043140053749084334,1.159948468208313,0.7165092331783017,0.6611970144686992,26.6541428249155,-0.014580865016372182,0.11033726305800495,-0.45809539454997183,0.0012457480006560218,1
8.07258129119873,-0.04307142645120621,-0.04664260894060135,0.2535705268383026,-0.019357796761588466,-0.008994960160729447,-0.010322821373797106,-0.0018964784427240033,-0.030357204775204316,-0.04176068708571945,0.01986943557858467,-0.01692317798733697,1.1583666801452637,0.7335237287178459,0.6461840669737808,26.65300172873418,-0.014617559935333984,0.11047670536424031,-0.45979028115497506,0.00126334600008704,1
8.082605123519897,-0.043572597205638885,-0.04630528762936592,0.25348126888275146,-0.016091661530813955,-0.012468693764870972,-0.008313565527884221,-0.0019155340934307041,-0.03029786134454371,-0.030018856007189232,0.04025944322347641,0.015323075465858128,1.1829665899276733,0.7533405561178242,0.6145358575767818,26.648215937097895,-0.014889724086434703,0.08359656550728212,-0.48572131570995414,0.0011264740005572094,1
8.092598676681519,-0.04410616308450699,-0.04594685882329941,0.25340062379837036,-0.024141497885571857,-0.0013845241250441023,-0.009377002780924586,-0.002109131242642892,-0.029985192237451663,-0.01833855794786521,0.027470586821436882,0.02231678180396571,1.1562528610229492,0.7664789885507627,0.5946146687019731,26.646680599830002,-0.014747037656778433,0.08298041773146911,-0.49750254889823436,0.0014227750007194118,1
8.102722406387329,-0.044643811881542206,-0.045506060123443604,0.25333499908447266,-0.017172042261062014,-0.003068297159300652,-0.0064844349938872085,-0.0023297128051056326,-0.029920171614728375,-0.0068258354883456995,0.016194786876440048,0.06927514821290984,1.1453698873519897,0.796497028828118,0.5515253557974276,26.647303922210273,-0.0069273754805314666,0.0793756700886901,-0.5127284816115406,0.0025178940004479955,1
8.112613677978516,-0.044643811881542206,-0.045506060123443604,0.25333499908447266,-0.017172042261062014,-0.003068297159300652,-0.0064844349938872085,-0.0023297128051056326,-0.029920171614728375,-0.0068258354883456995,0.016194786876440048,0.06927514821290984,1.1453698873519897,0.7982747877818793,0.5229823691336836,26.644353618400903,-0.001272859765229688,0.055011398107164,-0.5280073645836293,0.0008723520004423335,1
8.12257194519043,-0.045204341411590576,-0.04505230113863945,0.25326764583587646,-0.026995664449657016,0.006078637654967851,-0.010156040121336167,-0.002678140144086516,-0.028612899710768858,0.010141412504878655,0.02088439092040062,0.09644865989685072,1.1261111497879028,0.8208772851522447,0.4779060049908397,26.647864944236613,-0.0018807052907208147,0.038405926185907456,-0.5499229997484706,0.001064462999238458,1
8.132584810256958,-0.04578020051121712,-0.04452170431613922,0.2532057762145996,-0.02020288444735412,0.006092176287137133,-0.006729057550164173,-0.00315967103753767,-0.0276866304828709,0.021012702004222117,-0.00901428796350956,0.12317609786987319,1.089800477027893,0.8174468907972513,0.4417434056534275,26.645290163630825,0.013910273056685189,0.021251741201307035,-0.565021398084226,0.0010544059996391297,1
8.142589092254639,-0.0463755801320076,-0.043968282639980316,0.25314170122146606,-0.028759589424890313,0.013335987891041462,-0.00865059162647599,-0.003475104121613448,-0.02643986988520597,0.03163811615491152,-8.710694964975119e-05,0.12021742761135114,1.0531854629516602,0.8349852318203022,0.3974110338323141,26.6467740835917,0.011345401149896742,0.019930852866465308,-0.5792084512217011,0.0010631349996401696,1
8.15259051322937,-0.04697602242231369,-0.04335625842213631,0.2530856132507324,-0.021618640071921495,0.015935879160507267,-0.005452753070491023,-0.003805965765014019,-0.025110952562505062,0.04199061044126706,-0.0008740671910345554,0.14380413293838515,1.0332894325256348,0.8261126639187967,0.35892524024655204,26.64383498861839,0.012325997032896623,0.003600081606913382,-0.586462516998428,0.0010469340004419792,1
8.162592649459839,-0.04822337254881859,-0.04200955107808113,0.2529568374156952,-0.026775894852538288,0.026678422254168433,-0.008495130684216501,-0.004206599672587519,-0.02353583110583024,0.05191397329565062,-0.007576370611786842,0.1545013487339021,0.9701642394065857,0.8285401872843725,0.30358545447514806,26.646884507482298,0.017132931118151593,-0.0038714853074265114,-0.5614614670964254,0.001048121000167157,1
8.172582626342773,-0.04886486008763313,-0.04126720130443573,0.25288334488868713,-0.02765040103848109,0.02545751625530476,-0.009410366437059042,-0.0043790298272425865,-0.02130659077142294,0.06569912869921701,0.017879456281661987,0.15131044387817394,0.9049747586250305,0.8321092751169413,0.26460229423656706,26.649314361557,0.005200857992858103,-0.010642421124727226,-0.5535155174640698,0.0010868090002986719,1
8.182599782943726,-0.0495070144534111,-0.04050557315349579,0.252809077501297,-0.02905144918692485,0.033423263541077705,-0.009870470513778118,-0.004687341140616752,-0.0197740345611086,0.07443873901894182,0.016516705974936485,0.1581731289625169,0.8485074639320374,0.8321886559260617,0.21770013312099923,26.65094832077492,0.0067008023854411665,-0.01647760456542853,-0.5298563348284445,0.0010366690003138501,1
8.192569255828857,-0.0495070144534111,-0.04050557315349579,0.252809077501297,-0.02905144918692485,0.033423263541077705,-0.009870470513778118,-0.004687341140616752,-0.0197740345611086,0.07443873901894182,0.016516705974936485,0.1581731289625169,0.8485074639320374,0.8336805863487563,0.18750583231960993,26.651444990268114,0.0069902346661480435,-0.018675438543420596,-0.534933289109238,0.0009986089999074466,1
8.20259141921997,-0.05016472190618515,-0.039686307311058044,0.25273266434669495,-0.02771960014234094,0.033107869311022116,-0.0095716603143867,-0.004591711953344291,-0.018312709166875774,0.0824029420353023,0.03755874186754227,0.148945838212967,0.7855532169342041,0.8307639435550113,0.1668525859340776,26.65153592214638,-0.0038160237973867825,-0.018295071475815338,-0.5154870703801832,0.0010592250000627246,1
8.212846517562866,-0.05152299627661705,-0.03796076402068138,0.2525906562805176,-0.027025269998482163,0.038206505984019784,-0.008375684832965179,-0.0036763358673641555,-0.015328924525327636,0.0999446744959287,0.05229407921433449,0.11084016412496575,0.6539981365203857,0.8414361715175708,0.13081511220194514,26.652410832614763,-0.013780004202514889,-0.017664646289107844,-0.49643177857774123,0.002995341000314511,1
8.22265362739563,-0.05152299627661705,-0.03796076402068138,0.2525906562805176,-0.027025269998482163,0.038206505984019784,-0.008375684832965179,-0.0036763358673641555,-0.015328924525327636,0.0999446744959287,0.05229407921433449,0.11084016412496575,0.6539981365203857,0.8326440599640016,0.11308268748708153,26.650868768123818,-0.013516365371926999,-0.008015185787507652,-0.46621999438948175,0.0008098510006675497,1
8.232570171356201,-0.052195705473423004,-0.03707142919301987,0.2525308430194855,-0.03406155901270575,0.047410998106995735,-0.008203812943137661,-0.003450874364528733,-0.014762881079913193,0.10293109862043481,0.08292897790670395,0.09585179388523109,0.590980052947998,0.8432153492482516,0.07854975812854903,26.650126603085504,-0.028317050602043706,-0.0012233764347373572,-0.43597895239224116,0.0010060120002890471,1
8.242581129074097,-0.05279475823044777,-0.036220818758010864,0.25247645378112793,-0.028826868899282227,0.043203632712736785,-0.006295792374269038,-0.002341260893842456,-0.013828463561232684,0.1111002544529871,0.07718362659215927,0.0685346424579621,0.5162413716316223,0.8404056869280909,0.06557419245639665,26.647781483354933,-0.029275536344714335,0.009185460017581061,-0.40357015916584293,0.00102486699961446,1
8.252576351165771,-0.05338820442557335,-0.0353800430893898,0.2524322271347046,-0.03445815367628976,0.05132358465202292,-0.006458360772205282,-0.0016423879488587367,-0.013327042699973646,0.11566605937693719,0.07773447781801224,0.03832215443253523,0.44658827781677246,0.8526506451896535,0.035088950706469446,26.647203129210514,-0.030515049150472935,0.023427252929731707,-0.3710585949051216,0.0009629950000089593,1
8.262575626373291,-0.05436855927109718,-0.03383899852633476,0.25237545371055603,-0.03193462709506705,0.05371088859545718,-0.004573231150685367,-0.0007998090301084559,-0.013361463323300349,0.11940685223843728,0.09477139264345169,0.021152919158339546,0.3679586946964264,0.858449301117456,0.00838529010305978,26.644752518061242,-0.04116041847591134,0.03204968897731445,-0.3337792849432814,0.0009583159999237978,1
8.272566318511963,-0.054772790521383286,-0.03311576694250107,0.25235721468925476,-0.022889092617755066,0.04729219150515589,-0.002055929743580548,0.0006509527964322359,-0.013917294215757714,0.12493751323664348,0.09157980978488922,-0.05539745464920995,0.20544344186782837,0.8530149859510903,0.009565937294515043,26.640768573510666,-0.04421834350681471,0.0710060078141585,-0.25787459157171244,0.000979544999609061,1
8.282594919204712,-0.05512244254350662,-0.03245939314365387,0.2523444890975952,-0.030646890464405652,0.055905483623347116,-0.0026339064388679894,0.0006509527964322359,-0.013917294215757714,0.12493751323664348,0.09157980978488922,-0.05539745464920995,0.20544344186782837,0.8659209990495732,-0.014552467298600205,26.640131825827186,-0.04338389895238871,0.07235807988432276,-0.2513805498009741,0.0009961650002878741,1
8.292577743530273,-0.055437806993722916,-0.03180856630206108,0.25233420729637146,-0.021237356667060524,0.04772283877772806,-0.0006337190309660711,0.001977332446225777,-0.014940135976093227,0.12714411771951672,0.08096788078546524,-0.0759385973215103,0.11412606388330461,0.8605617053012328,-0.007680133054867954,26.637394788910036,-0.04287684525856833,0.08458519948057068,-0.2093952880205846,0.0010635540002112975,1
8.302602291107178,-0.0557340532541275,-0.031191285699605942,0.25232934951782227,-0.027851269681206752,0.056483838111998995,-0.0026286633632734806,0.002790125860393289,-0.015619125622251762,0.1276213972087512,0.07400774210691452,-0.07902784645557404,0.05008502304553986,0.8727369487575827,-0.024475050367345777,26.638798545372204,-0.03978054369827578,0.08780370392298124,-0.1759614000252317,0.001259226000001945,1
8.312647342681885,-0.0557340532541275,-0.031191285699605942,0.25232934951782227,-0.027851269681206752,0.056483838111998995,-0.0026286633632734806,0.002790125860393289,-0.015619125622251762,0.1276213972087512,0.07400774210691452,-0.07902784645557404,0.05008502304553986,0.8805029745631535,-0.03625170467724463,26.639244566964596,-0.04089565843340046,0.08876490299484138,-0.17320626260573557,0.0011078990000896738,1
8.322584390640259,-0.05617136135697365,-0.03002096526324749,0.25233083963394165,-0.023363128505722884,0.055199686337344615,1.2760827620520898e-05,0.004736288760059715,-0.018542371619032494,0.12549316112468256,0.06396042555570602,-0.12480704486370088,-0.14554055035114286,0.8724247526216126,-0.017488417507890177,26.635080181328682,-0.05397642240572649,0.10606910946515008,-0.13191364490964216,0.0010787770006572828,1
8.332587718963623,-0.05617136135697365,-0.03002096526324749,0.25233083963394165,-0.023363128505722884,0.055199686337344615,1.2760827620520898e-05,0.004736288760059715,-0.018542371619032494,0.12549316112468256,0.06396042555570602,-0.12480704486370088,-0.14554055035114286,0.8848500584351618,-0.026268659211935684,26.63429549320621,-0.04202849923884709,0.11973852873826857,-0.07629626455021582,0.0009770310007297667,1
8.34257698059082,-0.056315675377845764,-0.02947995997965336,0.25234121084213257,-0.013803317814153051,0.0460286920527087,0.003183837277155673,0.0049002147358829795,-0.01928107960364933,0.1244907565806983,0.07121380418539047,-0.14024621248245242,-0.1991923004388809,0.8770272130919686,-0.008555907553283924,26.630106261853147,-0.04695156472546669,0.12893465771097437,-0.04569198940420292,0.0010250760005874326,1
8.352577686309814,-0.056445978581905365,-0.028962161391973495,0.2523578405380249,-0.022098575129676397,0.05441321043712073,0.0029796406088408753,0.006155892530514073,-0.021303483790431788,0.12037825475670827,0.06498569995164871,-0.15187038481235507,-0.3057817816734314,0.8965536151419984,-0.016551938289423883,26.62851825911087,-0.046888053854235806,0.14131603577918303,0.009555482067035354,0.0009634140005800873,1
8.36256718635559,-0.05653652176260948,-0.028452973812818527,0.25239506363868713,-0.010071421310923957,0.046583235188311645,0.004685927186348885,0.006689710930659398,-0.022915259955632372,0.11659454029027216,0.03191523253917694,-0.1367641836404801,-0.3837699890136719,0.8866998127689472,-0.002422323356399589,26.625853510838283,-0.03327700393571725,0.13750070448728852,0.05329565096567688,0.0009627159997762647,1
8.372567892074585,-0.05658966675400734,-0.02755805291235447,0.2524809241294861,-0.007504642494426843,0.045470829942172435,0.005760917919855486,0.007356284396782264,-0.024145257054670743,0.11235229272561931,0.04456602409482002,-0.15293353796005255,-0.4558465778827667,0.8802272993918236,0.010217271757500443,26.62340779333918,-0.041532478063732,0.1487178259553241,0.09359337991365588,0.0009500759997536079,1
8.382585763931274,-0.05655915290117264,-0.02717440389096737,0.2525227963924408,-0.0172146044342684,0.05072985561196035,0.0053830249158840346,0.008067583979682436,-0.026873786088912333,0.10146485239646452,0.015096206218004227,-0.13718150556087502,-0.6121454834938049,0.9041039673544947,0.005064155098487376,26.62236910287151,-0.029095415396034913,0.14986290631060067,0.17732794270002697,0.0010220039994237595,1
8.392589569091797,-0.05648580566048622,-0.026811422780156136,0.2525717616081238,-0.004105114996026162,0.042413167555474585,0.008668872559084802,0.008067583979682436,-0.026873786088912333,0.10146485239646452,0.015096206218004227,-0.13718150556087502,-0.6121454834938049,0.8897719991074874,0.02244149127013246,26.618262229679768,-0.029812459422100583,0.14857006872982298,0.18453283491627484,0.0009910680000757566,1
8.402682542800903,-0.05635629594326019,-0.026524286717176437,0.2526305019855499,-0.011360082010162137,0.045634563962187645,0.004819183147441989,0.008766353316022713,-0.028865928204636404,0.09138153641208024,0.024474753066897392,-0.13798777759075173,-0.6783638000488281,0.8810718370508727,0.03290715325769961,26.61696229837981,-0.029766994369026772,0.14859588652137123,0.18515047477768398,0.0013432349996946868,1
8.412977457046509,-0.0562070868909359,-0.026235174387693405,0.2526887059211731,-0.0020924490484646573,0.03972904756049381,0.00759048667249729,0.009086063922636445,-0.030236220525703406,0.08413181621406185,-0.0036282658111304045,-0.11286269873380671,-0.7577562928199768,0.8791157061131731,0.05054092666494856,26.617237403740244,-0.023920840251116945,0.14418611047978303,0.26443249770336696,0.0025020410002980498,1
8.422835350036621,-0.0560213141143322,-0.026019085198640823,0.2527564465999603,-0.007591813457628748,0.038314729899205445,0.00571406959128355,0.00956026399892318,-0.03097558243414822,0.07592294144591438,0.011242995038628578,-0.12592200934886943,-0.8210206627845764,0.877329530511837,0.06048861199817786,26.617338481605238,-0.024248338171487558,0.14594444413733096,0.2750674041693848,0.0010007049995692796,1
8.432571172714233,-0.0560213141143322,-0.026019085198640823,0.2527564465999603,-0.007591813457628748,0.038314729899205445,0.00571406959128355,0.00956026399892318,-0.03097558243414822,0.07592294144591438,0.011242995038628578,-0.12592200934886943,-0.8210206627845764,0.8917543170039467,0.07312159555602699,26.619215840451965,-0.0333465013165398,0.15510574831118856,0.3154841422761118,0.0009961659998225514,1
8.442570209503174,-0.055801138281822205,-0.02583928033709526,0.2528243064880371,-0.0016989985914058132,0.03631523621852322,0.007265139394388357,0.009937514526670466,-0.03209655655408428,0.06745888206477124,-0.0010715201497077942,-0.09111577272415172,-0.8655210733413696,0.8862816991459332,0.08784902052004319,26.617904684467174,-0.028743496270646804,0.1406699337046809,0.35009896542428753,0.0010366689994043554,1
8.452618837356567,-0.0555482916533947,-0.02571064420044422,0.2528982162475586,-0.0022226649926028537,0.030697254418919954,0.007075379179926994,0.010300753856477662,-0.03291855385210907,0.05359469645889314,0.004689448047429323,-0.06726509332656871,-0.9512475728988647,0.8838309887961767,0.11443279265214612,26.61744067501363,-0.033380377310366034,0.1309916522827387,0.4101277692637043,0.0011516839995238115,1
8.462570905685425,-0.05526737868785858,-0.02562914416193962,0.25297626852989197,-0.000623029471490077,0.03199071809223205,0.006971999080999853,0.010936039289438426,-0.033318348102382433,0.04359558276963904,0.01138503197580576,-0.05360408499836934,-1.007444143295288,0.8769626801040147,0.13253709738945768,26.61736524545971,-0.03858304900048221,0.12501786135087262,0.4537870581948121,0.0010396719999334891,1
8.472570180892944,-0.05497204139828682,-0.025569526478648186,0.25305575132369995,0.002505872748422969,0.023447770622073896,0.007976060770741743,0.011247631168483707,-0.03360763760060159,0.033326741410070415,-0.007196921855211258,-0.03404188156127942,-1.0296587944030762,0.8635954191881374,0.16477034167259463,26.616017453667503,-0.031159404849541137,0.11596344868062393,0.48041244951944195,0.0011140440001327079,1
8.482579708099365,-0.05464796721935272,-0.025582192465662956,0.25314024090766907,-5.3550068089820146e-05,0.025318145742791773,0.008714772783244984,0.011660594764113075,-0.03346064633890933,0.022628875812000793,0.004187979269772768,-0.023061476647853983,-1.0855557918548584,0.8578133785711313,0.1846622449293208,26.614552574792263,-0.037583387857921785,0.11011023736630814,0.5039203183718469,0.0010797550003189826,1
8.492586374282837,-0.05432663857936859,-0.0256008580327034,0.25322768092155457,0.005758294860965438,0.01683302969047493,0.010299927536900967,0.012205354297217141,-0.03361743590347066,0.011402383471205368,-0.0023722031619399786,-0.0057543651200832316,-1.1226683855056763,0.8379067870685288,0.21988848196783653,26.612150102544927,-0.036715118856258076,0.10147386155885749,0.5195718315470781,0.0011589450004976243,1
8.502602338790894,-0.05360432714223862,-0.025801878422498703,0.2534191906452179,0.008933974424043475,0.010316722092834029,0.010628405965256944,0.01261273606647384,-0.03306038368702513,0.0001824183498513321,-0.009565655142068863,0.032739419490098814,-1.130565881729126,0.8109369101740993,0.2594387083185961,26.610959025016328,-0.033974984059670366,0.08117729812473079,0.5254034916617899,0.0012566420000439393,1
8.51265025138855,-0.0532134510576725,-0.025998558849096298,0.2535208463668823,0.0028119357030419703,0.00820494626750117,0.009798814572169192,0.013426189510011177,-0.03199866799555906,-0.017344495591203213,0.011033846065402031,0.04608106985688195,-1.179274559020996,0.8000434867399189,0.29721270976682346,26.611375834051387,-0.04593047113834355,0.0724486460212168,0.5420659916352297,0.0011714450001818477,1
8.522588729858398,-0.05282847210764885,-0.02619713917374611,0.2536279261112213,0.010944726854992228,0.002232043507338948,0.012548107677241382,0.01387615902320416,-0.03119686205041594,-0.02912945108104381,-0.011468669399619102,0.08667255192995058,-1.1892160177230835,0.7650779265851775,0.3355060046911121,26.608433742936906,-0.03673775166141451,0.04893206580792071,0.5624625319749578,0.0010525200004849466,1
8.532572746276855,-0.05282847210764885,-0.02619713917374611,0.2536279261112213,0.010944726854992228,0.002232043507338948,0.012548107677241382,0.01387615902320416,-0.03119686205041594,-0.02912945108104381,-0.011468669399619102,0.08667255192995058,-1.1892160177230835,0.7431003728823953,0.35890392347840827,26.607504948195942,-0.03723479699564535,0.04740850524821883,0.5738082842595744,0.0010587350006971974,1
8.542589664459229,-0.05196818709373474,-0.02679406851530075,0.2538717985153198,0.014214407545826376,-0.005794044258836519,0.013835133095700796,0.014981128861534021,-0.02801233133569836,-0.058890112103303416,0.004125614650547504,0.10616541653871521,-1.2003545761108398,0.7328428046597876,0.3874017448797949,26.609070365508707,-0.04358277899578155,0.044928328475869375,0.5892020485859601,0.0010650900003383867,1
8.552571535110474,-0.05196818709373474,-0.02679406851530075,0.2538717985153198,0.014214407545826376,-0.005794044258836519,0.013835133095700796,0.014981128861534021,-0.02801233133569836,-0.058890112103303416,0.004125614650547504,0.10616541653871521,-1.2003545761108398,0.6959431697676101,0.4207255720533055,26.606254620463854,-0.04820423782715644,0.02836993420604788,0.6122574507515202,0.0010253549999106326,1
8.56258225440979,-0.05150129273533821,-0.02717331051826477,0.25400829315185547,0.009799589329098544,-0.011112779431264477,0.013192978693657374,0.015076132795615482,-0.027038029598469127,-0.064863457272899,-0.006917151156812906,0.12212996184825883,-1.1812621355056763,0.6755504318835446,0.45542588071839407,26.605938061277957,-0.04335246696063157,0.017961448223827642,0.6214775187155098,0.001040648999151017,1
8.572570323944092,-0.05103466659784317,-0.027587536722421646,0.25414949655532837,0.015091659452611757,-0.014158157674027911,0.014918246310899453,0.015760100668729127,-0.024876269740411683,-0.08230241023271656,0.0019711777567863464,0.13281007111072526,-1.166316032409668,0.6379185699127075,0.48979341745830557,26.60390712465852,-0.04944774807075029,0.005777893407425879,0.6434577452650067,0.0010372260003350675,1
8.582581281661987,-0.05053853988647461,-0.028060032054781914,0.25430142879486084,0.013973591775215552,-0.020610803782883543,0.015682976692523002,0.015948764553895156,-0.023059570918845917,-0.09398433807121753,-0.00924300029873848,0.1490925699472426,-1.1609373092651367,0.6049074583349909,0.5286372586541342,26.602260104802397,-0.04471650427489149,-0.00741669781344079,0.6569672406774923,0.0010859700005312334,1
8.592582702636719,-0.04954909533262253,-0.02915768139064312,0.25456708669662476,0.017266126181861276,-0.02888998025709337,0.015692928800899623,0.01622145303507505,-0.02139080232838575,-0.10522158381851954,-0.0090717151761055,0.14719785749912248,-1.1236554384231567,0.5636154279175508,0.576854903982622,26.60153932468609,-0.046155886187829245,-0.011821003365877191,0.6667464759505753,0.0010463040007380187,1
8.60267162322998,-0.049047861248254776,-0.02977089397609234,0.2546834349632263,0.018758330220759643,-0.03391693918310522,0.013040151433011725,0.016924375460614094,-0.01794598638559375,-0.12691187553965788,-0.006402329541742802,0.14487683773040758,-1.0627750158309937,0.5173269192219798,0.6235614186675782,26.604654651927092,-0.048690320153504815,-0.015814579505136955,0.6762605103422175,0.0011847830000988324,1
8.612877607345581,-0.04855240881443024,-0.030430590733885765,0.2547924518585205,0.02091162434180655,-0.039029117821175636,0.01416808365090259,0.016924375460614094,-0.01794598638559375,-0.12691187553965788,-0.006402329541742802,0.14487683773040758,-1.0627750158309937,0.4807239078283101,0.6648483916442816,26.604074848864098,-0.049916254309237504,-0.02079221408664746,0.682354334054307,0.0025581150002835784,1
8.622661352157593,-0.0480407290160656,-0.03113466128706932,0.25489094853401184,0.02111058689459999,-0.04324841123772594,0.012032100004216603,0.017377863660942516,-0.01555267644728442,-0.1421050722935009,0.029386315494775772,0.12766222655773152,-0.9812599420547485,0.44365671804345863,0.7096191263480781,26.606394850873688,-0.06930792989220678,-0.019320582649576246,0.6600708662007552,0.0008361780000996077,1
8.632572412490845,-0.04753701016306877,-0.03187061846256256,0.2549798786640167,0.023521218889601295,-0.048419587133304506,0.013212992840198739,0.017901744917455442,-0.014083833504565213,-0.1515790138995441,0.02957448735833168,0.13037796318531025,-0.9534986615180969,0.40537670847261487,0.7512590912414812,26.605560764961687,-0.07067357877890554,-0.022787515350434325,0.6489148224291583,0.0010324080003556446,1
8.642578601837158,-0.04753701016306877,-0.03187061846256256,0.2549798786640167,0.023521218889601295,-0.048419587133304506,0.013212992840198739,0.017901744917455442,-0.014083833504565213,-0.1515790138995441,0.02957448735833168,0.13037796318531025,-0.9534986615180969,0.3808871514408303,0.7777644755264194,26.60528603084827,-0.0712677753658771,-0.024786417030567262,0.6487270845008914,0.0010672550006347592,1
8.652580499649048,-0.04654226452112198,-0.03344948962330818,0.2551477253437042,0.027990712154061792,-0.055452462936725115,0.014599681711924882,0.019376160920537178,-0.010611469131697415,-0.1731735724716459,0.052643582224845886,0.109607271850109,-0.8118442893028259,0.35833035826762244,0.8106299212499363,26.604667109402484,-0.0754296877022311,-0.024254687223868095,0.6269233143335758,0.0010402989992144285,1
8.662577867507935,-0.04654226452112198,-0.03344948962330818,0.2551477253437042,0.027990712154061792,-0.055452462936725115,0.014599681711924882,0.019376160920537178,-0.010611469131697415,-0.1731735724716459,0.052643582224845886,0.109607271850109,-0.8118442893028259,0.3201492620269601,0.8418530412952178,26.602931092014785,-0.08754887983765078,-0.02474770757849588,0.5908148241712693,0.0009999359999710578,1
8.672570943832397,-0.04604046419262886,-0.03427470475435257,0.2552332878112793,0.026963148549846876,-0.06075852420944935,0.015217913184204315,0.019727514672549074,-0.009907116622164036,-0.17707948089423953,0.04359416663646698,0.11095628887414923,-0.7742241621017456,0.2911791747860268,0.8765175447366028,26.601368480686638,-0.08467733160371435,-0.027165973635611268,0.5719384914350603,0.0010032179998233914,1
8.682580947875977,-0.0455501414835453,-0.03511741757392883,0.2553269565105438,0.029754897630055295,-0.0634483247804637,0.016601013024012675,0.020687584081452215,-0.008070508297182588,-0.1877657987485617,0.06339871883392334,0.10329607874155036,-0.6933486461639404,0.2556415452515883,0.9106873302953762,26.598879378651237,-0.09736726822573515,-0.028881057946655825,0.5375430578083121,0.00104546699913044,1
8.692579984664917,-0.045071281492710114,-0.03597859665751457,0.2554187476634979,0.02769154159961424,-0.06752725053675022,0.017760311876179668,0.021402403391204583,-0.006946483258420066,-0.19392075010260879,0.06695756316184998,0.09661187231540673,-0.6070501804351807,0.22991025783409388,0.9472166064874181,26.596303152716974,-0.10183508249160529,-0.02841162119402824,0.4970674639311353,0.0010088750004797475,1
8.702587127685547,-0.044607218354940414,-0.03686344251036644,0.2555248439311981,0.032485017772859455,-0.07167221664681518,0.018883975069287122,0.022166850985309683,-0.005831805670783563,-0.19959742016965087,0.06890109181404114,0.09171910583972924,-0.5504291653633118,0.19440414564575706,0.982319685757,26.593783913733265,-0.10534924904059531,-0.029503233930334334,0.46977335858538244,0.0011032880001948797,1
8.712608814239502,-0.0436827577650547,-0.03869741037487984,0.25572413206100464,0.03388934470576643,-0.07634680756889486,0.017922351026900946,0.023110541547138652,-0.00477738813814943,-0.2044790478362919,0.09263427555561066,0.09374917298555369,-0.4614323675632477,0.15760773309253692,1.0252458654960268,26.59352683736822,-0.12025191583916763,-0.033652157384993935,0.42804517405480097,0.0011178839995409362,1
8.722621440887451,-0.043241340667009354,-0.039623916149139404,0.2558165192604065,0.03449628935986869,-0.08087928573167955,0.017179990251618888,0.0243813310785872,-0.0032314793864842706,-0.2104037117382691,0.06739313900470734,0.0857632607221603,-0.36734580993652344,0.12360457419447408,1.0661303310206098,26.59390930408082,-0.11214061899862204,-0.03386441980674559,0.3831762387752932,0.0010807319995365106,1
8.732592582702637,-0.042805660516023636,-0.040570564568042755,0.2559051811695099,0.03470776679499701,-0.08295071218708899,0.017037335462053604,0.025166716649522414,-0.00246073379277556,-0.21342275044308767,0.0827205628156662,0.0735736787319183,-0.3076450228691101,0.0982606724238284,1.1008479236369677,26.593802334511604,-0.12106337749665931,-0.02881432121016485,0.35252467946390176,0.0009789160003492725,1
8.742599487304688,-0.04242245852947235,-0.04150528833270073,0.2559872269630432,0.033411052547616386,-0.08452326899867907,0.01578354798472118,0.026082329478520183,-0.0015561552225684672,-0.21568810510353975,0.06756492704153061,0.06753665208816526,-0.20327982306480408,0.08152154890411181,1.123628988346,26.593747399207516,-0.12217849622994069,-0.029717781549008834,0.35012996778755745,0.0009735389994602883,1
8.752594232559204,-0.04201338440179825,-0.04247506707906723,0.2560758888721466,0.03655766106692968,-0.09186467592290856,0.017120722429302748,0.026614142262951113,-0.0009934664752817568,-0.21704342508777907,0.05443316698074341,0.05896588042378424,-0.10609663277864458,0.06873258193935432,1.1465188085048212,26.59491312394071,-0.11762915743416359,-0.028966045209778794,0.3020622946362276,0.0011970040004598559,1
8.762598752975464,-0.04201338440179825,-0.04247506707906723,0.2560758888721466,0.03655766106692968,-0.09186467592290856,0.017120722429302748,0.026614142262951113,-0.0009934664752817568,-0.21704342508777907,0.05443316698074341,0.05896588042378424,-0.10609663277864458,0.04690605517112598,1.1791988248828165,26.593197225792235,-0.11336654608029974,-0.02657611311303265,0.25301212316690724,0.0009558709998600534,1
8.772591829299927,-0.041657861322164536,-0.04342826455831528,0.2561483383178711,0.035459384126762195,-0.0892983899091295,0.01443485354519923,0.027171363639118873,-0.0001377084783356075,-0.21765574402264765,0.06529254466295242,0.05633247271180152,-0.04554329067468644,0.0329014657428343,1.2001677884238267,26.595725949744043,-0.12007418488082594,-0.027390610022623888,0.2206873355999306,0.000952729000346153,1
8.782604217529297,-0.041657861322164536,-0.04342826455831528,0.2561483383178711,0.035459384126762195,-0.0892983899091295,0.01443485354519923,0.027171363639118873,-0.0001377084783356075,-0.21765574402264765,0.06529254466295242,0.05633247271180152,-0.04554329067468644,0.024429389408632488,1.2128237715714683,26.596528089730636,-0.12011383407027952,-0.027358704201865456,0.21790565314419702,0.0009967240002879407,1
8.792592287063599,-0.04097648337483406,-0.0453653521835804,0.256271630525589,0.03423618942616043,-0.09246525999690786,0.010146176961541204,0.027634213846004396,0.0010349489586443106,-0.21561358729244695,0.011955324560403824,0.042834367603063604,0.1453995257616043,0.01577364189782099,1.2323011800020047,26.601756347284002,-0.09570270910664219,-0.023788257263358897,0.12712699184716514,0.0009676039999249042,1
8.802629947662354,-0.040630608797073364,-0.046357300132513046,0.2562939524650574,0.03741978293742592,-0.10349318338632334,0.007261617345858509,0.027766222564099774,0.001234897480332453,-0.21366081544469706,0.0035267136991024017,0.017188834026455907,0.23085063695907593,-0.0011414530266619614,1.27092562560123,26.606527447229507,-0.09278967411747199,-0.011955118775783695,0.07830746820586287,0.0011074080002799747,1
8.8128821849823,-0.040327224880456924,-0.04734868183732033,0.25627464056015015,0.033539673509598286,-0.09542322109544843,0.0032498557446216498,0.02753289314562446,0.001256861090729533,-0.21075037559039433,-0.025324683636426926,0.014812765643000641,0.31600290536880493,0.0011336259748047353,1.2787649135491392,26.613348915164167,-0.07705607667169806,-0.010098678922621554,0.032759622975872545,0.0013919770008214982,1
8.822885274887085,-0.03999431058764458,-0.048362549394369125,0.2562354505062103,0.03737126256021036,-0.10873559870449667,0.002174955049150111,0.027260859778921898,0.0010635531836262757,-0.20722522623076012,-0.014560481533408165,-0.018740469589829396,0.3890538811683655,-0.008869786468432648,1.3157329361219021,26.61645322338766,-0.08284772166187691,0.006585809365187467,-0.007123651972550431,0.0007738869999229792,1
8.832599401473999,-0.03936745598912239,-0.050432756543159485,0.25604963302612305,0.03754148425928728,-0.10966382137969755,-0.0035084469858670713,0.02713654732120796,0.00047672282448640857,-0.20265423550932482,-0.031193025410175323,-0.025171559303998888,0.4677432179450989,-0.014928614459228325,1.3380730679339448,26.61744404381584,-0.08284946216740156,0.00689285866849034,-0.01054833030346844,0.001192254999295983,1
8.842613935470581,-0.039078861474990845,-0.05147998034954071,0.2559272348880768,0.034551588123856704,-0.10125838277713656,-0.007198961324044294,0.026417245691742863,-1.2035710796443055e-05,-0.19479912212984019,-0.043077822774648666,-0.043764252215623786,0.5606771111488342,-0.018548579950161397,1.3600990308416117,26.624929952368163,-0.07438723766993605,0.011684716732179534,-0.04995754547549873,0.001297841999985394,1
8.852596759796143,-0.038778796792030334,-0.05249907821416855,0.2557958662509918,0.03676752461788516,-0.1069439200508406,-0.007409559445381717,0.026092043219245298,-0.001013868815720187,-0.1887105895213903,-0.04018319770693779,-0.06394594162702552,0.6469264030456543,-0.004427175965093674,1.369747316826977,26.632740290544152,-0.06706308551036647,0.0339766000677962,-0.14364323827520925,0.0010467940001035458,1
8.862594604492188,-0.038778796792030334,-0.05249907821416855,0.2557958662509918,0.03676752461788516,-0.1069439200508406,-0.007409559445381717,0.026092043219245298,-0.001013868815720187,-0.1887105895213903,-0.04018319770693779,-0.06394594162702552,0.6469264030456543,0.0027532207008599766,1.3778137449280514,26.63518124659079,-0.06656359380765156,0.03570802281346149,-0.15218467263697577,0.000993022999864479,1
8.87259030342102,-0.03818998113274574,-0.054567426443099976,0.2554788887500763,0.03484156832711392,-0.1056747508683258,-0.010477346227145145,0.02446713818955537,-0.0032956056367638986,-0.1706488960217789,-0.04294237866997719,-0.09060891717672338,0.7658424973487854,0.012129157037025625,1.3765999370240365,26.64084468353103,-0.054376976449938635,0.04404806252679096,-0.17616934312294488,0.0009924630003297352,1
8.882604360580444,-0.037919770926237106,-0.05562128126621246,0.2552989721298218,0.035997716264029034,-0.10838804446894605,-0.009957188118831081,0.024176239501713326,-0.004237832034601041,-0.16652750918151638,-0.051265884190797806,-0.11212440580129614,0.8294762969017029,0.032762770358026806,1.3828641180966703,26.642266908891227,-0.06011566053422949,0.05562759971674927,-0.21948844061211958,0.0013421169996945537,1
8.89261531829834,-0.037919770926237106,-0.05562128126621246,0.2552989721298218,0.035997716264029034,-0.10838804446894605,-0.009957188118831081,0.024176239501713326,-0.004237832034601041,-0.16652750918151638,-0.051265884190797806,-0.11212440580129614,0.8294762969017029,0.04712265650247888,1.3947276906811927,26.642280472868542,-0.05548137629306027,0.0689134686353804,-0.25505198839483695,0.0010108989999935147,1
8.902849435806274,-0.03765680640935898,-0.05665586143732071,0.25511786341667175,0.0323536791422715,-0.10694942652704148,-0.012731904361511998,0.023238502235810365,-0.006229938827258419,-0.15360391466908707,-0.07428460568189621,-0.1271645426750182,0.8774620294570923,0.07713972746113618,1.3990445255156514,26.64617419599717,-0.04103456593370024,0.08245321596406854,-0.28687525662765323,0.002722361000451201,1
8.912569999694824,-0.03741498291492462,-0.05769268423318863,0.2549304962158203,0.03257721907970018,-0.10755787816744819,-0.010513381276980508,0.02254718417693713,-0.007810872802588076,-0.14430047615920438,-0.04235054925084114,-0.13301065564155568,0.9421930313110352,0.10345020975548122,1.4075292076891275,26.644870380570797,-0.05451255056876318,0.09014694350400464,-0.3244480408313844,0.0009710949998407159,1
8.922580003738403,-0.03717581182718277,-0.058715276420116425,0.254752516746521,0.034118645281468796,-0.10669972738548249,-0.011449789574698272,0.021824587086922254,-0.009530936169522164,-0.13462867188722383,-0.07344623655080795,-0.14991356432437886,0.9815548062324524,0.1265772827459377,1.4089930596372418,26.64608426203392,-0.036927733241184715,0.10305483473836279,-0.35081599627895743,0.0011564309997993405,1
8.932580709457397,-0.03674725070595741,-0.06072297319769859,0.2544032335281372,0.02638431703629686,-0.10322415849774898,-0.011612293485554325,0.02092431040695031,-0.011380273433682309,-0.1245284012796759,-0.06382075697183609,-0.15838842093944538,1.0170944929122925,0.16996137230619918,1.4053708866331396,26.647135852069795,-0.03972506331807761,0.11108767809956743,-0.3738229155848511,0.001079265999578638,1
8.94256591796875,-0.036652255803346634,-0.0615788958966732,0.25424423813819885,0.029524129557037693,-0.1028384941401186,-0.009646259420135554,0.019800171211152406,-0.014235093614616279,-0.10886428965637718,-0.07453559339046478,-0.16041955351829515,1.0585495233535767,0.20357005409697193,1.4043491606398564,26.64541688125916,-0.029524608879035782,0.12225711187024038,-0.40198566529126484,0.0010995180000463733,1
8.952585935592651,-0.036539897322654724,-0.062405943870544434,0.25409847497940063,0.02718784082225835,-0.09874558452773322,-0.009949426194966198,0.018848059028838016,-0.01610244752378609,-0.09804032088465142,-0.09627696871757507,-0.16420449316501604,1.0953058004379272,0.22382087239096554,1.4036335348493458,26.64486517539483,-0.029453367913101432,0.12242804618909796,-0.4043971361097401,0.001152240999545029,1
8.962603569030762,-0.03650733828544617,-0.063148133456707,0.2539600431919098,0.026163301463463188,-0.0982413815318782,-0.01000679763384721,0.017589830733318657,-0.018000352774501405,-0.08699964018395301,-0.09045922011137009,-0.1588771045207976,1.1064447164535522,0.26644964383069925,1.3886202088536712,26.645857874349844,-0.01612967149511097,0.12993475946644267,-0.41655362679118474,0.0010539860004428192,1
8.97257924079895,-0.03650733828544617,-0.063148133456707,0.2539600431919098,0.026163301463463188,-0.0982413815318782,-0.01000679763384721,0.017589830733318657,-0.018000352774501405,-0.08699964018395301,-0.09045922011137009,-0.1588771045207976,1.1064447164535522,0.2916533610655775,1.38132518510201,26.646141068998787,-0.014204067078124983,0.13256929759966993,-0.42285010977011545,0.00106550900000002,1
8.982572555541992,-0.03650018945336342,-0.06380864232778549,0.25383615493774414,0.025049752494662375,-0.09332862517569655,-0.009701862145886489,0.016244283007744276,-0.019753651629379476,-0.07590087754689057,-0.12161554396152496,-0.15114194154739366,1.1226948499679565,0.3201621269619584,1.3608520468232315,26.646365275813974,0.005743233713368757,0.1335845627871295,-0.43659943614866903,0.001079685000149766,1
8.992591142654419,-0.0365566611289978,-0.06440906971693039,0.2537039518356323,0.020411873064658654,-0.08957765254506052,-0.009864188757147379,0.013806996044948505,-0.022242659377651908,-0.0589097199129327,-0.1245577484369278,-0.129178613424301,1.1304824352264404,0.3624577647030644,1.3339639589656929,26.647111856506445,0.015043629291534785,0.1301563681595658,-0.45842125395858485,0.0010459550003361073,1
9.00269627571106,-0.03663039579987526,-0.06493411213159561,0.25357839465141296,0.02119851479994296,-0.08764833212898093,-0.008515740751745255,0.012221304719096882,-0.023647163366122825,-0.04773144043053401,-0.13634270429611206,-0.12433186173439012,1.1217021942138672,0.39569704816521506,1.308322087644802,26.646145633027192,0.025895866410592615,0.13143068731030985,-0.4738755012994416,0.0011627859994405298,1
9.012903690338135,-0.036895375698804855,-0.06584625691175461,0.2533265948295593,0.015852866484279235,-0.07999964807013227,-0.009204203294302717,0.008558331995036639,-0.026193035033633905,-0.025370055940521663,-0.13441090285778046,-0.10670591890811906,1.1124335527420044,0.44132573442578743,1.2734722783215606,26.649603756193102,0.04087568093729591,0.1300019712498832,-0.4889372936220968,0.002976693000164232,1
9.022890329360962,-0.036895375698804855,-0.06584625691175461,0.2533265948295593,0.015852866484279235,-0.07999964807013227,-0.009204203294302717,0.008558331995036639,-0.026193035033633905,-0.025370055940521663,-0.13441090285778046,-0.10670591890811906,1.1124335527420044,0.4737005641853305,1.2448595115372059,26.648514826154486,0.03669647587480784,0.13034651316407153,-0.5036443858667742,0.0008509119998052483,1
9.03261947631836,-0.03729483485221863,-0.06655536592006683,0.2529335916042328,0.010612109629183056,-0.06831303984464417,-0.00947953109874946,0.006964908890577881,-0.027518051897408746,-0.014420839432853771,-0.13701093196868896,-0.09020128101110444,1.0804929733276367,0.5147322296021949,1.1972593715403392,26.64904793945145,0.04355559352592367,0.1263106932184255,-0.5182088875339774,0.0010336649993405445,1
9.042621850967407,-0.037525687366724014,-0.06686022132635117,0.25265243649482727,0.001652092932359994,-0.06370715796608058,-0.013030461048281712,0.00437805334201391,-0.028990908616057354,0.0014275965151919756,-0.1332014501094818,-0.08616843819618213,1.05442214012146,0.5718322609091621,1.1480707385033038,26.65392731215852,0.046140351845278295,0.1274057406104719,-0.5258162134108527,0.0010267510006087832,1
9.052598476409912,-0.037809163331985474,-0.06707166880369186,0.25222325325012207,0.0028929308732365466,-0.05931838600981543,-0.012701996610729845,0.002938656908519466,-0.030043101149234808,0.011731237101186398,-0.1146484836935997,-0.07535165548324572,1.0104862451553345,0.6110853282337863,1.1057326189530217,26.655652490624906,0.04501118884448136,0.12680958140807683,-0.5346184553919874,0.00110712900004728,1
9.062591075897217,-0.038116879761219025,-0.067255899310112,0.25168246030807495,-0.0047872443987689505,-0.05270718037964847,-0.014755233186946878,0.0013136998931790878,-0.030889446175161872,0.0215148485765968,-0.12402506172657013,-0.0666706711053847,0.9712446928024292,0.6346699231173,1.0800048971830059,26.65619323519607,0.04485589625268289,0.12664590245555565,-0.5353631329186851,0.0013583169993580668,1
9.07258915901184,-0.038116879761219025,-0.067255899310112,0.25168246030807495,-0.0047872443987689505,-0.05270718037964847,-0.014755233186946878,0.0013136998931790878,-0.030889446175161872,0.0215148485765968,-0.12402506172657013,-0.0666706711053847,0.9712446928024292,0.6731729085084762,1.042091529075836,26.659426582792015,0.054709781747285136,0.12541328751111375,-0.5289216796861895,0.0010383429998910287,1
9.082592487335205,-0.03882026672363281,-0.0674387589097023,0.250442236661911,-0.00927974730565198,-0.04109653833402865,-0.019818235204974288,-0.0019034147472605234,-0.0327026090627367,0.04432134378270858,-0.0844791904091835,-0.05934043601155271,0.8675593733787537,0.703670043238604,1.005213353797823,26.663655631986945,0.04346765679629485,0.12712438240361404,-0.5245077100169719,0.0010683719992812257,1
9.092593669891357,-0.03882026672363281,-0.0674387589097023,0.250442236661911,-0.00927974730565198,-0.04109653833402865,-0.019818235204974288,-0.0019034147472605234,-0.0327026090627367,0.04432134378270858,-0.0844791904091835,-0.05934043601155271,0.8675593733787537,0.7404749621926326,0.9597985490136617,26.669340952209996,0.04529104021757656,0.12761734740809136,-0.5069938783305705,0.0009849210000538733,1
9.102601766586304,-0.03882026672363281,-0.0674387589097023,0.250442236661911,-0.00927974730565198,-0.04109653833402865,-0.019818235204974288,-0.0019034147472605234,-0.0327026090627367,0.04432134378270858,-0.0844791904091835,-0.05934043601155271,0.8675593733787537,0.7625981839595185,0.9322430608935468,26.67113967917316,0.04516746281852591,0.12750462036527674,-0.5054771982177094,0.0010539869999774965,1
9.11259412765503,-0.039596591144800186,-0.06745802611112595,0.24930767714977264,-0.014890458955594326,-0.029816905177051024,-0.022177437379854635,-0.004028444842912204,-0.03415031331568574,0.06028150144982369,-0.057773053646087646,-0.06035271659493437,0.7587260603904724,0.8004763583180495,0.8816196498960561,26.675582915231704,0.03908057845792934,0.13297947685331604,-0.4736578478439232,0.0010155079999094596,1
9.122663736343384,-0.039999134838581085,-0.06742536276578903,0.2487725019454956,-0.022948924276508034,-0.028367901317460087,-0.02435593124675954,-0.005217171623036254,-0.034564845072923234,0.06745391306738968,-0.08238808810710907,-0.05204677209258071,0.680906355381012,0.8459054571194595,0.8387293434687918,26.680064908473717,0.05439343310012191,0.13073000570838791,-0.44316101394115603,0.0011428840007283725,1
9.1327543258667,-0.04045599326491356,-0.06730318814516068,0.24823051691055298,-0.02104941534260397,-0.019677469746346668,-0.021851701755130622,-0.0060865999179609,-0.03548646417621537,0.07392615745935327,-0.06050512567162514,-0.04805829003453247,0.6436141729354858,0.873575763479355,0.7904000197098305,26.6789250382428,0.04700085254454514,0.13127591873251873,-0.43087406946506773,0.001966073000403412,1
9.14259648323059,-0.0408770777285099,-0.06718793511390686,0.24774044752120972,-0.028168477108896056,-0.01850133762605081,-0.025041779506376052,-0.006958226380009425,-0.03560042630874216,0.07992242264283478,-0.052529994398355484,-0.042591989040374686,0.5602935552597046,0.9096357209280193,0.7533019714118603,26.682771777901458,0.04525387250002831,0.12957799676929016,-0.3980032663305427,0.0009576869997545145,1
9.152603149414062,-0.04181252419948578,-0.06680748611688614,0.2468109279870987,-0.03266233180351498,-0.00692804898390826,-0.028030364001519575,-0.00821845351719741,-0.03652658013283139,0.08751032920455426,-0.061196714639663696,-0.051313955336809096,0.4887411594390869,0.9470880945999871,0.69587810330871,26.688398544768454,0.052489389919908674,0.13567824344426113,-0.364682733175924,0.0010809420000441605,1
9.162580013275146,-0.04230267181992531,-0.06657306104898453,0.24632367491722107,-0.03160330281597711,-0.0029615096088322773,-0.027647435657964625,-0.008856038609617922,-0.036966858693300964,0.09188510122172078,-0.03461100161075592,-0.046852566301822614,0.4022868275642395,0.9710875508245909,0.6504364258074433,26.690152973030933,0.042120965561803864,0.13545282911213855,-0.3283157461752547,0.0010425339996800176,1
9.172575950622559,-0.04281327873468399,-0.06625069677829742,0.2458285391330719,-0.034291598858208865,0.004681040661782771,-0.030690264083133755,-0.009243621106755473,-0.03727567829901357,0.09546463708016573,-0.03332517668604851,-0.029433097690343815,0.33048558235168457,0.9922997973657408,0.6017233187499557,26.69481244829256,0.04313543003985993,0.12797914392259788,-0.2949249236291078,0.0009946280006261077,1
9.182573795318604,-0.043336834758520126,-0.06592035293579102,0.24531346559524536,-0.038834962894848384,0.007554492822179679,-0.032410010903224006,-0.009719937110153065,-0.037577272267860895,0.09832633008912373,-0.017894359305500984,-0.03254945948719975,0.2609196901321411,1.018748506422255,0.5624940235966607,26.698666540716957,0.03685866046563899,0.1307476289942796,-0.2621678685201664,0.000990229000308318,1
9.192572116851807,-0.043336834758520126,-0.06592035293579102,0.24531346559524536,-0.038834962894848384,0.007554492822179679,-0.032410010903224006,-0.009719937110153065,-0.037577272267860895,0.09832633008912373,-0.017894359305500984,-0.03254945948719975,0.2609196901321411,1.0358080234660791,0.537907968821132,26.69985469653358,0.03729686167114061,0.13111392061421417,-0.2606388729549903,0.000960271000622015,1
9.20263385772705,-0.0438966304063797,-0.06549417972564697,0.24479010701179504,-0.03744827954577874,0.013042543661024896,-0.032272849365754794,-0.009850760255580848,-0.03783074856173796,0.10061893290208301,-0.0007918181363493204,-0.015915673226118063,0.19612829387187958,1.0434392365079739,0.5096323403048257,26.700615986077324,0.029395394873104826,0.12339745907688948,-0.23168442871060974,0.0011002159999407013,1
9.212893724441528,-0.0450390987098217,-0.06457538157701492,0.2437490075826645,-0.041691366660572236,0.023490806644673283,-0.032595578734851624,-0.009468660345362867,-0.03788355589488113,0.1029250673520834,0.052624598145484924,0.02438650839030743,0.01574219204485416,1.057689811251846,0.48610841332058696,26.70389145386832,0.020514294996461967,0.11089254258469187,-0.18723910263596455,0.0032152409994523623,1
9.222684383392334,-0.0450390987098217,-0.06457538157701492,0.2437490075826645,-0.041691366660572236,0.023490806644673283,-0.032595578734851624,-0.009468660345362867,-0.03788355589488113,0.1029250673520834,0.052624598145484924,0.02438650839030743,0.01574219204485416,1.0648778550318507,0.45546403390569296,26.703131480250306,0.0018417431913005655,0.10337701937831224,-0.14218644302001382,0.0007978389994605095,1
9.232567548751831,-0.04562302678823471,-0.06405504792928696,0.24324119091033936,-0.043983191300243335,0.02463588469227283,-0.031227098861942554,-0.0089190272601547,-0.03743615109479581,0.10265495341724584,0.05061272904276848,0.027324739843606945,-0.034967053681612015,1.0744923536725137,0.43324618993918174,26.70171015512369,0.0008750429889438186,0.10064356579327025,-0.11436284397406196,0.0009676730005594436,1
9.242579936981201,-0.04624034836888313,-0.06349903345108032,0.24273625016212463,-0.04798625788951615,0.028326185167445284,-0.031632326641013675,-0.008266440456418778,-0.0371269287450775,0.10166657335558016,0.08248450607061386,0.045028377324342714,-0.1312337964773178,1.087998881780339,0.41371641000550563,26.70214095394446,-0.01677322676266354,0.09113348164056234,-0.06614563178804779,0.000984503000836412,1
9.252573490142822,-0.04685886949300766,-0.06288529187440872,0.2422434538602829,-0.04396076503962493,0.03460014231189755,-0.0289259143479472,-0.0065510961710524285,-0.03636821781140087,0.09872585995342176,0.10948457568883896,0.0590078569948673,-0.2124870866537094,1.083354676673579,0.3949596871497131,26.69971092085493,-0.03512043532093238,0.08116460274394062,-0.021939885635887862,0.000978357000349206,1
9.262573003768921,-0.048136308789253235,-0.0615818090736866,0.24128997325897217,-0.048023328244384156,0.04327492406064457,-0.026492722371755473,-0.0059781468574056085,-0.03604433576677213,0.09744686104688904,0.10932803153991699,0.07646548002958295,-0.27285856008529663,1.0806075307010707,0.3835355561514131,26.69894271786717,-0.03548080536773257,0.08104139841900661,-0.01813973807305145,0.001264950999939174,1
9.272573471069336,-0.048622261732816696,-0.0610557422041893,0.24094372987747192,-0.049917843180847146,0.038601100468353924,-0.02504357880916579,-0.003997847718483882,-0.03500271272969391,0.09246875500039886,0.14208167791366577,0.06701815873384472,-0.37638548016548157,1.090620809846248,0.37355132823186205,26.695232473512455,-0.056175643934012545,0.07485383195396059,0.06217691448329254,0.0009915560003719293,1
9.282578945159912,-0.0491502583026886,-0.06048377975821495,0.24061013758182526,-0.04903826860030972,0.04790187258042504,-0.0213793348383189,-0.0023595723929683565,-0.034126629761911165,0.08836275954134987,0.13735124468803406,0.10245624184608454,-0.443549245595932,1.0877757442148368,0.3503037983649647,26.69017372377993,-0.05866202603140088,0.05402154284400512,0.10442694370603126,0.0009947689995897235,1
9.292584419250488,-0.04954440891742706,-0.059999749064445496,0.2403862178325653,-0.04749832726072111,0.04422561006376671,-0.019069837692591095,-0.0009265910555695811,-0.03310586904151602,0.08353333615354552,0.14688239991664886,0.09965474158525461,-0.49971047043800354,1.0874106820283576,0.33455829736823794,26.68854290733645,-0.061076143141917345,0.05245211232120835,0.10992689248376439,0.0011672549999275361,1
9.302597045898438,-0.04954440891742706,-0.059999749064445496,0.2403862178325653,-0.04749832726072111,0.04422561006376671,-0.019069837692591095,-0.0009265910555695811,-0.03310586904151602,0.08353333615354552,0.14688239991664886,0.09965474158525461,-0.49971047043800354,1.0820512067902723,0.33889806064717126,26.685618573306908,-0.07046698825382416,0.05062907866818264,0.14156539794902895,0.0010168349999730708,1
9.312576293945312,-0.04989585652947426,-0.059541113674640656,0.24024806916713715,-0.047590158915092266,0.050411906051838554,-0.016663586736643986,0.0010202798322520579,-0.0317721353663023,0.07818056431323495,0.17934416234493256,0.12046799808740609,-0.5608183741569519,1.0721780652842738,0.3364335156791663,26.68211793240721,-0.09173152425208803,0.036124907286475647,0.17937983089439163,0.0010282880002705497,1
9.322643041610718,-0.05017055198550224,-0.0591253899037838,0.24019023776054382,-0.045448388866996564,0.04710282389676592,-0.013172150573387172,0.0037552968747718296,-0.029966373523548473,0.06885069960583179,0.16051431000232697,0.12773099541664115,-0.6495934128761292,1.0550625084288183,0.35132950554993353,26.677093033939794,-0.091099864065566,0.026819510934844328,0.23556536658846094,0.001146933999734756,1
9.332582473754883,-0.05041193217039108,-0.058755118399858475,0.24019598960876465,-0.04397174719425304,0.04910944771213521,-0.0101972734680259,0.0057982624635344315,-0.028570455953582208,0.06198652528955151,0.18900826573371887,0.13958047330379478,-0.7055296897888184,1.0353478499863784,0.36574209987208317,26.67205717620436,-0.11085284592474084,0.016368952402515832,0.27498771329036775,0.0015960989994709962,1
9.342590570449829,-0.050595972687006,-0.05841410160064697,0.2402711808681488,-0.04062746469761401,0.048121020155715004,-0.005256264018316902,0.008020265788959868,-0.027135066440012068,0.054528284384431025,0.19322839379310608,0.14040096104145042,-0.7497440576553345,1.0106936558111486,0.3853597988625157,26.66451816967287,-0.11976324664075928,0.011353023688955664,0.30816329856206925,0.0011081769998781965,1
9.352572917938232,-0.05086468532681465,-0.05779171362519264,0.2405502051115036,-0.03661927591928098,0.04720414420906105,0.0009369990788742582,0.01011861694023608,-0.02551624259674945,0.0465753812598555,0.18885666131973267,0.14855743944644917,-0.8203476667404175,0.9803352500159085,0.40577258448102577,26.654471358024622,-0.12376728976587878,0.002184482084999566,0.35376643103564204,0.0010788469999170047,1
9.362597703933716,-0.05091536417603493,-0.057543981820344925,0.2407653033733368,-0.03517191861246201,0.04385163631596514,0.002091547002551328,0.013518465221047382,-0.023121897863457974,0.033864357672459544,0.21035243570804596,0.14280439913272847,-0.8554555177688599,0.9503594079092579,0.44122184565027406,26.649722448822196,-0.1445014815278167,-0.002237966680863325,0.38960453712098697,0.0010053129999505472,1
9.372581958770752,-0.05093914642930031,-0.057328902184963226,0.24102459847927094,-0.03236611566345344,0.04339531804222124,0.004311436786370454,0.015699569358450738,-0.02149643081665209,0.02491369238240182,0.18218179047107697,0.13981388509273518,-0.9026393890380859,0.9192960993913961,0.47055510741366957,26.645347703867387,-0.13414448376341728,-0.0031122680856335867,0.4183521048532963,0.0010779390004245215,1
9.38258147239685,-0.05089700222015381,-0.057181842625141144,0.24131931364536285,-0.029387252417326048,0.0349405743077169,0.0068378020084237864,0.017706678003360565,-0.019768478718854787,0.01538374387924879,0.19365215301513672,0.13838899135589589,-0.9559172987937927,0.887035147227377,0.5164522387985899,26.640471900003245,-0.1490088533031075,-0.01008626290838039,0.4646829549953669,0.0010844329999599722,1
9.392581224441528,-0.05084054172039032,-0.057078465819358826,0.24163052439689636,-0.027516992773517768,0.03480149804529132,0.008689993998360745,0.020242063011484568,-0.018175339544642455,0.005849839752381403,0.20608460903167725,0.13210698962211598,-0.9697439074516296,0.8674117877765549,0.5440209352395914,26.63890995749506,-0.14914091127213616,-0.009986096895837186,0.46865287213795587,0.0013666280001416453,1
9.402670860290527,-0.05084054172039032,-0.057078465819358826,0.24163052439689636,-0.027516992773517768,0.03480149804529132,0.008689993998360745,0.020242063011484568,-0.018175339544642455,0.005849839752381403,0.20608460903167725,0.13210698962211598,-0.9697439074516296,0.8448886947302023,0.5721117069166941,26.63575247447339,-0.16247577814872063,-0.011649072489176158,0.4870552241531521,0.001223051000124542,1
9.412821531295776,-0.05058359354734421,-0.0570085309445858,0.24233943223953247,-0.020301625113738155,0.02663733251660875,0.01348950716122748,0.025332153493034415,-0.014454600422325381,-0.019507504891690175,0.1961965411901474,0.10993666201829898,-1.025897741317749,0.8135132399368535,0.6077897434948764,26.63072881500075,-0.15866792381225234,-0.008529815262067472,0.5215001979212905,0.003329418000248552,1
9.422812461853027,-0.05058359354734421,-0.0570085309445858,0.24233943223953247,-0.020301625113738155,0.02663733251660875,0.01348950716122748,0.025332153493034415,-0.014454600422325381,-0.019507504891690175,0.1961965411901474,0.10993666201829898,-1.025897741317749,0.7799217719668918,0.6501169677577269,26.626202343621333,-0.17292830060063027,-0.011554448125465501,0.548695718900855,0.0010229110002910602,1
9.432565450668335,-0.05039335414767265,-0.05705159902572632,0.2427244633436203,-0.017047962107855363,0.021903000784074974,0.01523382501568816,0.027429092476762396,-0.013186367275892064,-0.02996324959732366,0.17937736213207245,0.09727517515420901,-1.0451347827911377,0.745959331427249,0.6937842660270259,26.621938084044658,-0.17128524965457764,-0.00883714118029572,0.5727319212182256,0.0008451860003333422,1
9.442574739456177,-0.05015973746776581,-0.057148564606904984,0.24313202500343323,-0.009602623966735738,0.01809549331099795,0.016807654892227308,0.029278168958278172,-0.011958459641328467,-0.040540744454189426,0.17288531363010406,0.08967254310846316,-1.0644092559814453,0.7015046348669678,0.7358858721455779,26.618014561048817,-0.17356156985215399,-0.008990701438984693,0.588600753264437,0.0010873660003198893,1
9.452566146850586,-0.049890391528606415,-0.05729883164167404,0.24355117976665497,-0.012004701417943629,0.014534905553287803,0.016323603691232296,0.03141671581333361,-0.010938102448727616,-0.05123102051328354,0.17090578377246857,0.07557553052902209,-1.0689477920532227,0.6742491696191427,0.7789607227221826,26.616442674758318,-0.17912034708355415,-0.0043524597446796395,0.6029266696151409,0.0010885530000450672,1
9.462593078613281,-0.04958941042423248,-0.05750533565878868,0.2439870536327362,-0.00415682838603954,0.007264306760794173,0.017305808146536157,0.032924484900463735,-0.009755237248529447,-0.061758413640760956,0.13896462321281433,0.06646651774644839,-1.0590612888336182,0.6319937166321581,0.8250740675705859,26.61396002385433,-0.1682925283703917,-0.0033893355607920155,0.6169257306491288,0.0010596419997455087,1
9.472576141357422,-0.04925798252224922,-0.05777060240507126,0.24443067610263824,-0.008390447096819624,0.0053762234793870494,0.017128160235388212,0.03521676452746769,-0.008633265461164275,-0.0775460332230069,0.13262063264846802,0.030842065811157098,-1.0513978004455566,0.6101326362601003,0.8685352760089773,26.612356009456285,-0.17208348943743465,0.011957155241988126,0.6372623839390044,0.0010717240002122708,1
9.482602834701538,-0.04845450073480606,-0.05848826840519905,0.2453431636095047,-0.001499832900442065,-0.004908941732883675,0.017923440764641033,0.03636608538618491,-0.007669979511961689,-0.08803467076990312,0.09802188724279404,0.02514244243502604,-1.043466567993164,0.5700364837042385,0.9218101686954252,26.60935287390589,-0.1590777091441964,0.012099850967950776,0.6495643002839926,0.0010597119999147253,1
9.49259066581726,-0.0480220802128315,-0.05889343097805977,0.24581097066402435,0.009134757235823531,-0.01336300289739492,0.021762523773149262,0.03714449390438057,-0.007489299976052521,-0.09803933325203973,0.06155478581786156,0.0010961806401609136,-1.0114119052886963,0.5173826660580733,0.9718928529925409,26.602776539461054,-0.14293705921931663,0.023300825440893798,0.6395756106817159,0.001051122999342624,1
9.502609491348267,-0.04753721505403519,-0.05941005051136017,0.2462908923625946,0.00572239858966819,-0.017310770387270843,0.018611915325698905,0.037839080570191364,-0.0069207955746781735,-0.10815305637855221,0.04986962676048279,-0.018597917631268623,-0.9986276626586914,0.48713922249020486,1.0164161860149874,26.60365287867043,-0.13946742190340178,0.0328235455474888,0.6412804222193275,0.001056359999893175,1
9.512593746185303,-0.04702753573656082,-0.059933170676231384,0.24676091969013214,0.015844761921910238,-0.0219162221694998,0.02092195291934555,0.03823778865102412,-0.0068694247275771225,-0.1177124876077742,0.0008923595305532217,-0.024453785270452614,-0.9489676356315613,0.4397299440889263,1.0506415078072624,26.600477632777658,-0.11696021367708985,0.0346449310719659,0.62494500098187,0.0010620860002745758,1
9.522655487060547,-0.04702753573656082,-0.059933170676231384,0.24676091969013214,0.015844761921910238,-0.0219162221694998,0.02092195291934555,0.03823778865102412,-0.0068694247275771225,-0.1177124876077742,0.0008923595305532217,-0.024453785270452614,-0.9489676356315613,0.4096567179879243,1.072286553734155,26.59946972161791,-0.11701764676328523,0.03453319392480126,0.6258578256363176,0.0011729110001397203,1
9.532588005065918,-0.046480461955070496,-0.06054399535059929,0.2472367286682129,0.01190615032983572,-0.026760198386648195,0.018267894060627364,0.03807435570846307,-0.006551210533649154,-0.1272196168571993,-0.022327881306409836,-0.0388271100819112,-0.9310349225997925,0.3937489816930952,1.0984610761165374,26.601660333179215,-0.10574320982205389,0.04152099798505765,0.6236116104547702,0.0015789870003573014,1
9.54259729385376,-0.04591744393110275,-0.06118234246969223,0.24770914018154144,0.018379002925568676,-0.031117398219822855,0.01947099345534238,0.03780186621583237,-0.006828797024163169,-0.1406359764608518,-0.05876260995864868,-0.04673602432012569,-0.8821948766708374,0.3624984017067664,1.121618259447183,26.60032604427415,-0.08712742880329641,0.0461614182138954,0.6076987640223116,0.0012748669996653916,1
9.552570104598999,-0.04532788693904877,-0.06188444420695305,0.2481757402420044,0.01873558456030772,-0.03709344625480397,0.01883559835589762,0.0368692960774637,-0.007059651677443046,-0.14892999133501306,-0.10279531031847,-0.06341297924518595,-0.8319243788719177,0.33743277507873515,1.1455144439162537,26.60018284133491,-0.06309639354945296,0.055431515406580735,0.5867197930974901,0.0010164149998672656,1
9.562582969665527,-0.04408280551433563,-0.06342782825231552,0.24910098314285278,0.02539689166867185,-0.04546987697896487,0.019625445611450857,0.03592800648671979,-0.0072002693805135465,-0.15704064582515764,-0.11633855849504471,-0.065663903951645,-0.7964087724685669,0.29569788150832527,1.1785274983295195,26.598038962871907,-0.053951367277626935,0.05636010494856596,0.5721794878152627,0.0010130640002898872,1
9.572592973709106,-0.04339497908949852,-0.0642814040184021,0.24957434833049774,0.026642490882723583,-0.0512730177904259,0.01928223681278929,0.03373988489054147,-0.00776932781280415,-0.1681640562000517,-0.17362119257450104,-0.06973047554492959,-0.7256148457527161,0.26016635619921513,1.202884039768872,26.597719827420903,-0.019620906982700935,0.06020005840149737,0.5430652984541741,0.0010128539997822372,1
9.582593202590942,-0.04271663725376129,-0.0651511624455452,0.2500343918800354,0.029911820397726552,-0.05122384400406453,0.0189251397615201,0.03197889159689016,-0.008013897331992759,-0.1747731612964709,-0.18150746822357178,-0.06169988587498673,-0.6656134724617004,0.22560341301867493,1.2135093101540406,26.598025045886875,-0.009757295009851327,0.05649316392821671,0.5156149080655752,0.0010152280001420877,1
9.592590808868408,-0.041983503848314285,-0.06607290357351303,0.25051596760749817,0.02980008346796398,-0.058244922103275455,0.021673748016835366,0.030278962771467022,-0.008788107693414648,-0.18104391182620994,-0.19594959914684296,-0.07785083353519447,-0.6166321039199829,0.20204318602140686,1.2305150121875534,26.59438714513355,-0.0007987297821829761,0.0655331876921831,0.4927453904119035,0.0009971409999707248,1
9.602678060531616,-0.0413675531744957,-0.06694812327623367,0.25097090005874634,0.03306069995046866,-0.055722154549980744,0.021536108134636994,0.027978055681273428,-0.00905292318598283,-0.1863907256684474,-0.24345146119594574,-0.054912842810154024,-0.5204672813415527,0.1855540113711535,1.2428201141936117,26.593230651712748,0.001786562182487894,0.06680189964214225,0.49130148445515365,0.0015142530000957777,1
9.612851619720459,-0.04069499671459198,-0.06788180023431778,0.2514480650424957,0.03386111130740853,-0.06625437759622686,0.02392228314676339,0.02580219500301384,-0.009700359884865062,-0.19129549589229278,-0.23655501008033752,-0.07349602878093725,-0.4442717134952545,0.15741155721114664,1.2535188659609715,26.590124023784302,0.03141304658997131,0.06556749994395122,0.4148809698824091,0.0024777349999567377,1
9.622639656066895,-0.04069499671459198,-0.06788180023431778,0.2514480650424957,0.03386111130740853,-0.06625437759622686,0.02392228314676339,0.02580219500301384,-0.009700359884865062,-0.19129549589229278,-0.23655501008033752,-0.07349602878093725,-0.4442717134952545,0.13832169283197784,1.262186755816665,26.589131634270313,0.034906226820295295,0.06643414185302196,0.4087072889678948,0.0008328250005433802,1
9.632577180862427,-0.04011635109782219,-0.06878934800624847,0.2518889904022217,0.03653688670387885,-0.06133702053621998,0.021122716318797457,0.023155662482023054,-0.009829276898274841,-0.195205699071189,-0.2776279151439667,-0.03712334856390958,-0.39023643732070923,0.11565151517516112,1.2468134468569956,26.59274328905375,0.06411014735540702,0.04835113008985467,0.38476661165082204,0.0010309400004189229,1
9.642603397369385,-0.039539236575365067,-0.06967996060848236,0.2523162364959717,0.03522633948126144,-0.06668663103198963,0.020683437466296375,0.019132982742854132,-0.010300783289273863,-0.20032521737949072,-0.282279908657074,-0.049755230545997654,-0.28978222608566284,0.10050489223149905,1.2407303807577845,26.594823438025575,0.07779948429955799,0.055170166147509914,0.33801428811885764,0.000977658000010706,1
9.652622699737549,-0.039050955325365067,-0.07053204625844955,0.25269776582717896,0.03591252857960278,-0.06060716512401915,0.020112309602384373,0.01637418207197694,-0.010882138471312253,-0.20253541787712948,-0.28080055117607117,-0.03980263695120814,-0.22996464371681213,0.09019774498530622,1.2179194201740584,26.596527289673713,0.08608383675373,0.05164684269476795,0.30702189471096625,0.0010290549998899223,1
9.662603616714478,-0.038555532693862915,-0.07137588411569595,0.25305941700935364,0.03706888963218461,-0.06884489162842747,0.01803363863467279,0.013495078486942536,-0.010964555036535817,-0.20431387015340396,-0.29390913248062134,-0.023287210613489172,-0.16006416082382202,0.07328626462924413,1.2152792435843685,26.59987057584732,0.10049420271697994,0.04290305468062833,0.27245481239936964,0.0009701859999040607,1
9.672592401504517,-0.038100715726614,-0.07220841199159622,0.25338685512542725,0.03481602384431943,-0.059634714916354414,0.015156245807054883,0.010741475823602631,-0.011369322236226331,-0.20512559439788802,-0.2665306031703949,-0.03130817040801049,-0.05557167530059814,0.07230997020879734,1.1912007698165554,26.604723364718215,0.09597531945717727,0.04784464183224535,0.2208423488475889,0.0009588029997757985,1
9.682602167129517,-0.03727393224835396,-0.07376768440008163,0.2539452910423279,0.034796559169903915,-0.0600694840657288,0.010504050159938135,0.008195510528040906,-0.011506850624796616,-0.20537616012461601,-0.2603370249271393,-0.0430016815662384,0.012572917155921464,0.06877241834692331,1.1761408254431098,26.611915853262712,0.10001530141705246,0.05369638622026423,0.18456585293369943,0.0009939290002876078,1
9.692590236663818,-0.036893900483846664,-0.0744827464222908,0.25417855381965637,0.03574786484076689,-0.06113353100223665,0.009465384326477685,0.004366728587383406,-0.012364484448799562,-0.20409607652500794,-0.24756669998168945,-0.05430653318762778,0.09712838381528854,0.06667172416476115,1.1610494832506864,26.61607045838445,0.10476300661977213,0.06118331073352676,0.14117305828337756,0.0009606889998394763,1
9.702601432800293,-0.03657163307070732,-0.075159952044487,0.2543686330318451,0.03290280332898715,-0.056927856032428316,0.006299823521162841,0.002063989480663775,-0.012723195278918631,-0.20230270092910585,-0.22567716240882874,-0.04361642524600027,0.1745101809501648,0.07336784666886244,1.1412489127360461,26.621475988228656,0.1011980787536658,0.056979267227459586,0.10030755089104099,0.0009753529993759003,1
9.712611675262451,-0.03626924753189087,-0.07578721642494202,0.2545422613620758,0.03355070117043945,-0.05606413672900662,0.0056853918698888985,-0.00044674463121952,-0.01317589813453468,-0.19968132816428907,-0.2368001639842987,-0.03527787700295445,0.2674272954463959,0.07739540942131387,1.1292584153780825,26.62318254063136,0.10106638913982584,0.0568801291823975,0.09679255942916642,0.0011006340000676573,1
9.722630023956299,-0.03598357364535332,-0.07637444883584976,0.2546788454055786,0.03270247556274013,-0.05261883150551163,0.003524130455998957,-0.0033074060637980907,-0.01380755901205255,-0.1945511736642258,-0.19101381301879883,-0.04344881698489185,0.35455387830734253,0.07943646635696286,1.1133749794844383,26.624882806494607,0.11412034825489131,0.053527604105243855,0.05165039812301922,0.0012649500004044967,1
9.732602596282959,-0.035737570375204086,-0.07689277082681656,0.2548045516014099,0.031529146869319055,-0.04683899523427874,0.004257238025171438,-0.004344414779014372,-0.01410971420341145,-0.1925202023878292,-0.18496821820735931,-0.046824634075164746,0.4174843430519104,0.08808713521855985,1.0939697598083573,26.628364073098336,0.10030590215433353,0.05913356556540511,0.004444931372201269,0.0013990289999128436,1
9.742657899856567,-0.035737570375204086,-0.07689277082681656,0.2548045516014099,0.031529146869319055,-0.04683899523427874,0.004257238025171438,-0.004344414779014372,-0.01410971420341145,-0.1925202023878292,-0.18496821820735931,-0.046824634075164746,0.4174843430519104,0.09950587290315763,1.0689366730125978,26.628551512764616,0.1005994420124436,0.061759739789124586,-0.030103844444165355,0.0010754940003607771,1
9.752578735351562,-0.03549954667687416,-0.07737714052200317,0.2549210786819458,0.03619357168429008,-0.05030005070051146,0.004327549158472409,-0.00633393660993109,-0.014424001015047594,-0.187731624114571,-0.17493347823619843,-0.044501829892396864,0.5049753189086914,0.09637301806357138,1.0562106520918624,26.628881064317948,0.10121264357548485,0.06071717282295044,-0.07639228308524229,0.0010019600003943196,1
9.762577056884766,-0.0352884903550148,-0.07782497256994247,0.25502970814704895,0.027468051153095332,-0.039657220588055216,0.0006207432041441431,-0.00844232810970702,-0.015193736277644199,-0.17925292486933664,-0.1158551350235939,-0.06064635515213006,0.5838424563407898,0.12551037699336762,1.0285109891294077,26.633373077983073,0.07900163018340454,0.07189361898103006,-0.12144140330769884,0.0011259829998380155,1
9.772571802139282,-0.0352884903550148,-0.07782497256994247,0.25502970814704895,0.027468051153095332,-0.039657220588055216,0.0006207432041441431,-0.00844232810970702,-0.015193736277644199,-0.17925292486933664,-0.1158551350235939,-0.06064635515213006,0.5838424563407898,0.14301202828912404,1.011619393644264,26.63479597118708,0.0784988067620469,0.07188198584551123,-0.1253004809871634,0.000993860000562563,1
9.782575368881226,-0.03493687883019447,-0.07852992415428162,0.25520962476730347,0.026203749318849456,-0.032801702874651416,6.034547490844506e-05,-0.010607645347061823,-0.015781757761589077,-0.165914529225053,-0.08275604248046875,-0.03627508133649817,0.7230947613716125,0.16311145813020594,0.9849964145031933,26.63590429486938,0.06926438704887927,0.06148365950489859,-0.19734687667309037,0.0010434409996378236,1
9.79257082939148,-0.034685175865888596,-0.07893631607294083,0.2553456723690033,0.02695470457678298,-0.02391440452052124,-0.0005795162319072564,-0.011325625328486577,-0.016267292908636932,-0.15836918420739288,-0.03560623154044151,-0.037969261407852076,0.7751671075820923,0.18042087102763302,0.9517313868979589,26.63673558676305,0.04877295822592668,0.06363814719428439,-0.231570212702656,0.0010025189994848915,1
9.802589178085327,-0.034619856625795364,-0.07902112603187561,0.255392849445343,0.029174318223098718,-0.01912833046775356,-0.00203000723644835,-0.011947284304338446,-0.016248142203184823,-0.14593551752236378,-0.027330178767442703,-0.012572111561894313,0.8498624563217163,0.18991121230534505,0.9186120886443905,26.63875189795928,0.046616080121399374,0.050734298420362436,-0.27552505589231674,0.001164739999694575,1
9.812838792800903,-0.03453126177191734,-0.07905571907758713,0.25543302297592163,0.028049685064736606,-0.013819983222481414,-0.0016152181207908882,-0.012083909496955592,-0.016172096223477705,-0.13687986574573063,0.020092669874429703,0.010531360283494107,0.9126914143562317,0.2007838574715824,0.890511270372107,26.638625075343757,0.023997357685956067,0.039206895265581077,-0.31311150068462823,0.0026704029996835743,1
9.82280969619751,-0.034491751343011856,-0.07904145121574402,0.25546368956565857,0.025008527265420584,-0.009835504641778143,-0.0017712947541769712,-0.011878600270732953,-0.015977621128445918,-0.12751604735206667,0.025538397952914238,0.019018754363060112,0.9376623630523682,0.21747726738532905,0.8659500233576114,26.638564630226654,0.0209225489252562,0.034791287514071914,-0.33179770278076526,0.0008737469997868175,1
9.832566261291504,-0.034449782222509384,-0.0789499431848526,0.2554864287376404,0.02930617142980637,-0.0028030245941971484,-0.0028160714692789853,-0.011824093067716923,-0.015574154708168919,-0.1177205750437138,0.05469796061515808,0.04391909763216985,1.0057826042175293,0.21970393799079688,0.8359096454679027,26.63969774270651,0.006708638223522825,0.021311696418121077,-0.37070486331624564,0.0008609680007793941,1
9.842594623565674,-0.034414805471897125,-0.07883752137422562,0.2554950416088104,0.022929536173080294,-0.0006098093546307532,-0.005461980573086732,-0.011234645839431678,-0.014923335115387903,-0.10746653331523293,0.08204373717308044,0.0551748797297479,1.0326851606369019,0.22095796681468266,0.8174730028272966,26.64006197251995,0.006382878941170187,0.020386519575218563,-0.3764330260313953,0.0014106210001045838,1
9.852589845657349,-0.034414805471897125,-0.07883752137422562,0.2554950416088104,0.022929536173080294,-0.0006098093546307532,-0.005461980573086732,-0.011234645839431678,-0.014923335115387903,-0.10746653331523293,0.08204373717308044,0.0551748797297479,1.0326851606369019,0.23734390001331715,0.8060967086900913,26.64314747664249,-0.0089038732981561,0.01386856841771312,-0.3961337977097355,0.0011055220002162969,1
9.862573146820068,-0.03443002700805664,-0.07861655950546265,0.2554892301559448,0.02375489108452191,0.011075816869767713,-0.005529648142124577,-0.01065625772177281,-0.014363324639868225,-0.09688840683079647,0.08240871876478195,0.08204760402441037,1.0566682815551758,0.24737432136908064,0.7724590409375091,26.643994253246362,-0.010054599558741809,-0.001187450557523874,-0.41222541039699384,0.001200703999529651,1
9.872579574584961,-0.03441159427165985,-0.07839082181453705,0.25549158453941345,0.022808207267564218,0.006719700275995695,-0.004780648712221001,-0.0094251297512713,-0.012660467425045674,-0.08064341905809247,0.10392826795578003,0.10144647210836424,1.1130857467651367,0.25273604230346963,0.766018897365934,26.643233127717696,-0.025092534599339883,-0.015583499742758373,-0.42971598744145806,0.0010415550004836405,1
9.88258957862854,-0.0344509519636631,-0.07808766514062881,0.2554675340652466,0.0219505319693064,0.01867740760286376,-0.0032698826226130644,-0.008566736639685768,-0.011868365235887968,-0.06923093662362634,0.11908353865146637,0.10675946623086943,1.1237493753433228,0.2606050629737048,0.7367551859044719,26.64088853424348,-0.03425544975956506,-0.02042871817575788,-0.4450737696838254,0.001065927000126976,1
9.892590999603271,-0.03452492505311966,-0.07727420330047607,0.25542062520980835,0.019796189052145807,0.02992873629562504,-0.007629974280550163,-0.007424673246606339,-0.010508108496619872,-0.05818785933615045,0.12505140900611877,0.10539210587739958,1.1231589317321777,0.2712558243048842,0.6931896918870212,26.645329328297002,-0.0397989212178149,-0.0233181771485731,-0.45980599993507876,0.0010375740002928069,1
9.902585744857788,-0.03456413745880127,-0.07675306499004364,0.25541141629219055,0.024913784270024383,0.028137182676746426,-0.005912092506132708,-0.005684211550285312,-0.008936936196788814,-0.04084258719805334,0.13509126007556915,0.1413815021514894,1.147361397743225,0.26216052229247294,0.6731234138203306,26.644568845144892,-0.05071668082891513,-0.04609651948692024,-0.48213458664330694,0.0010412760002509458,1
9.912569046020508,-0.03464175760746002,-0.07616781443357468,0.2553867995738983,0.02137540850734215,0.03443596504924661,-0.004515314010135957,-0.004711884072967187,-0.0071055315422974274,-0.029438409843724145,0.11918387562036514,0.15186484158039107,1.1377674341201782,0.26180261111603703,0.6449383847773983,26.64257386714517,-0.045454402797628815,-0.056646367325610056,-0.49791144034150625,0.001131568999880983,1
9.922605514526367,-0.03469754010438919,-0.07552503049373627,0.2553723156452179,0.02265845427783602,0.037778541431353875,-0.0047460370692226205,-0.0033036721950847614,-0.006150294273926438,-0.01816999173362488,0.14317157864570618,0.1386957168579103,1.1284520626068115,0.2615146609923691,0.6279284727904201,26.641946363136896,-0.045368464720905555,-0.05679304902309757,-0.49925844416697196,0.0012794049998774426,1
9.932592391967773,-0.034812863916158676,-0.07482437044382095,0.2553459703922272,0.01894724555890023,0.045981965956680415,-0.0053874752485186484,-0.0017694829497982845,-0.004226594548564222,-0.0011624669309200364,0.11218133568763733,0.12758062779903426,1.1334792375564575,0.2596790607254356,0.6127155955334922,26.64187929554514,-0.06109486402477432,-0.05279373292480044,-0.5130348478099626,0.0019346460003362154,1
9.942659378051758,-0.034812863916158676,-0.07482437044382095,0.2553459703922272,0.01894724555890023,0.045981965956680415,-0.0053874752485186484,-0.0017694829497982845,-0.004226594548564222,-0.0011624669309200364,0.11218133568763733,0.12758062779903426,1.1334792375564575,0.26636823981352153,0.5819636889755069,26.642615278387673,-0.04994828951695605,-0.05252616575196808,-0.5348851579024361,0.0012497959996835561,1
9.952584505081177,-0.03496621176600456,-0.07328889518976212,0.25528860092163086,0.019943250248171385,0.053825177286866435,-0.00690852384660118,-2.857676902667805e-05,-0.0021153220733682865,0.020465390277356388,0.09896013885736465,0.088402457535267,1.071454644203186,0.25708273915047275,0.5578057229858573,26.64221550091417,-0.043306233525746994,-0.047112454608970976,-0.5433361173894524,0.001146024999798101,1
9.96258282661438,-0.03496621176600456,-0.07328889518976212,0.25528860092163086,0.019943250248171385,0.053825177286866435,-0.00690852384660118,-2.857676902667805e-05,-0.0021153220733682865,0.020465390277356388,0.09896013885736465,0.088402457535267,1.071454644203186,0.26377537123194184,0.5262957861204217,26.644604885319097,-0.04746645091608102,-0.038893098048345426,-0.563725398587378,0.0011187210002390202,1
9.972572803497314,-0.03503001481294632,-0.07245420664548874,0.2552572786808014,0.022787069856423366,0.05479670690331761,-0.004916468167826288,0.0006314084981955403,-0.0012862241420670273,0.030817079254799484,0.06866881251335144,0.08638645708560956,1.0449481010437012,0.2606533510689133,0.49988284115933845,26.64298223573516,-0.034618084669224905,-0.04065695178644924,-0.576991940749179,0.0010882730002776952,1
9.98256540298462,-0.03512009605765343,-0.07157252728939056,0.25521722435951233,0.01842457028377186,0.06273892529481842,-0.006546472188715885,0.0013197053067459663,-0.0008328928590226603,0.04089276091013039,0.06915359944105148,0.04922880977392209,0.995029628276825,0.271652214236949,0.46277202089452524,26.644475733766676,-0.035511322000343466,-0.022954610305761815,-0.5669427212041817,0.0010863880006581894,1
9.992565870285034,-0.035165052860975266,-0.07066061347723007,0.25518929958343506,0.024443857127149797,0.062327466994655814,-0.003955118813421619,0.0020193470295568616,-0.0003533172045688815,0.05042840485293887,0.07266027480363846,0.05118368938565266,0.9577308893203735,0.26400712220674033,0.4396208429067191,26.64177281281175,-0.03967876722285614,-0.025636886636030396,-0.5601583380553595,0.001029613999889989,1
10.002588033676147,-0.035241201519966125,-0.0687730684876442,0.25514352321624756,0.02563756871284762,0.06794977939828593,-0.002494209670926284,0.002356769798468772,-0.00032825861607710394,0.059870270369673406,0.055337537080049515,0.014996209181845301,0.9203332662582397,0.2600773950049718,0.40355676168108495,26.639173347075282,-0.031132846901534235,-0.007999699197022394,-0.5534909312735578,0.0011865979995491216,1
10.01280689239502,-0.03527646139264107,-0.06781245768070221,0.2551192343235016,0.01840522832476571,0.0740444661308036,-0.003075760996337486,0.00341956172519442,-0.0005981280853317728,0.07277164341271858,0.07560262829065323,-0.033387929201125995,0.8420627117156982,0.27958256579380175,0.36646567921413087,26.638993344435264,-0.04310707442857509,0.01799245750297819,-0.5318679346967292,0.0026055990001623286,1
10.022828102111816,-0.03528730943799019,-0.0668211281299591,0.25511154532432556,0.023866237805416655,0.07292702801642331,-0.00041705711928837,0.003915372121651384,-0.0015503200233206726,0.08073483613261345,0.054027073085308075,-0.055497713387012385,0.786049485206604,0.28428324493543206,0.3421277788098314,26.6356087239311,-0.03417026681969473,0.031364730369248556,-0.5134035844446939,0.000833174999570474,1
10.03257155418396,-0.035318780690431595,-0.06582015007734299,0.25509878993034363,0.017748105485817366,0.07940451814786531,-0.0004254204250936772,0.004463619262144558,-0.0020998632806610296,0.08812938787416069,0.06123485788702965,-0.08727918565273277,0.7351068258285522,0.2870162021816915,0.32742403359366185,26.63453791677914,-0.03421116156702077,0.031639895218958214,-0.5118215847061983,0.001242045000253711,1
10.042563438415527,-0.035307567566633224,-0.06481491774320602,0.25510692596435547,0.02403161174887003,0.07796197416998589,0.0027967093876900407,0.0051980034012264476,-0.0034855113743530453,0.09482193262768757,0.06665021926164627,-0.12181479483842841,0.6454747915267944,0.3062980754671661,0.2998818541231528,26.634167300909102,-0.03827595633975601,0.04958141251410063,-0.4957193577581721,0.0011229100000491599,1
10.052573919296265,-0.03530900552868843,-0.06381680071353912,0.25511434674263,0.017155477649858017,0.08305588366525586,0.001898499214064384,0.005738962474524545,-0.0055405651253126464,0.10375521129743603,0.0434686541557312,-0.13743852078914634,0.5833342671394348,0.3111624291715137,0.28578958072043015,26.629950488492305,-0.04308766855572893,0.07036515999820708,-0.45799469347016364,0.0012190699999337085,1
10.062562227249146,-0.035281263291835785,-0.06279920786619186,0.25513955950737,0.023297190635444512,0.08029542864076615,0.003207420466815447,0.005900040425320441,-0.006444161883401023,0.10637044051181554,0.050919435918331146,-0.17441129684448237,0.527524471282959,0.33645164562538077,0.25849608306557836,26.629574569869508,-0.032572545093440784,0.08480886688835096,-0.4322127917564697,0.001204125999720418,1
10.072568893432617,-0.035281263291835785,-0.06279920786619186,0.25513955950737,0.023297190635444512,0.08029542864076615,0.003207420466815447,0.005900040425320441,-0.006444161883401023,0.10637044051181554,0.050919435918331146,-0.17441129684448237,0.527524471282959,0.3439688839239199,0.24656413647232975,26.6277471204076,-0.0366053552819996,0.10550252295868463,-0.4055044228371153,0.0010086640004374203,1
10.082600116729736,-0.03525649011135101,-0.061799436807632446,0.2551676332950592,0.018242950371889485,0.08602715300309761,0.0034753466832381894,0.006410928468713273,-0.009112900642477051,0.11321629670611388,0.03910887613892555,-0.18390254676342005,0.43877193331718445,0.3672958580829151,0.2206909229636101,26.62661923191019,-0.031693911119356676,0.11851787665401356,-0.36599519557276305,0.001011037999887776,1
10.092592239379883,-0.035193901509046555,-0.06080508604645729,0.25520652532577515,0.02104702490470423,0.08431614953906927,0.00571695676473518,0.006434202189017579,-0.011176967177676023,0.11686830281454297,0.014566341415047646,-0.2033750563859939,0.3647310137748718,0.3828042766959554,0.2031456156972019,26.623332498025214,-0.019661014689370315,0.133961464151111,-0.33023717939922675,0.000946791999922425,1
10.102598667144775,-0.0351642444729805,-0.059803806245326996,0.25524455308914185,0.0160108582692037,0.08909162877268109,0.0041709327958311445,0.006622580361719255,-0.013474585491829227,0.11992287832927806,0.020185111090540886,-0.23992682993412015,0.29227408766746527,0.4121756298954566,0.17706022401383814,26.623908573436456,-0.022054576671602287,0.15946391508238622,-0.2951638381086056,0.0009697670002424275,1
10.11258602142334,-0.035058241337537766,-0.05777324363589287,0.25534024834632874,0.015291665011469837,0.08896985657032191,0.0056565418405171595,0.0065167103654490965,-0.015721970925016482,0.12195444516088783,-0.009642119519412518,-0.2511892318725586,0.20619951188564303,0.4378922887001132,0.14985002410346954,26.62198157417492,-0.007112722293028865,0.17184573420928898,-0.2531075407354593,0.000994347999949241,1
10.12258243560791,-0.03500901535153389,-0.056750256568193436,0.25540125370025635,0.0187759783571213,0.08874166021429236,0.009512071555064287,0.006272591315900744,-0.019810900593407066,0.12395293753867254,-0.016248583793640137,-0.2668956518173218,0.11067276448011401,0.45856341733187855,0.12932404094329805,26.616271272829874,-0.0030947217802532985,0.19125185099284214,-0.2060014463994744,0.0010367360000600456,1
10.132709980010986,-0.03498370200395584,-0.05571852624416351,0.25546571612358093,0.014318923956345198,0.09077202540441408,0.009401221861801149,0.00602652946610549,-0.022177731537746048,0.12425050352233225,-0.02105407416820526,-0.2505314350128174,0.03522893786430362,0.4856525520804213,0.10570584267753999,26.614247501289363,-6.212301092677194e-05,0.1905566297905834,-0.16676765770249494,0.0011852010002257884,1
10.14259147644043,-0.034962546080350876,-0.054678626358509064,0.2555406391620636,0.014412539133433593,0.09219069794133039,0.009745417295337415,0.005481274696601091,-0.024883090691472542,0.12378841177880506,-0.04534721374511719,-0.25440698862075806,-0.0651283338665962,0.5093643865297884,0.08037407589882238,26.61285986354554,0.013430052870065979,0.20015407185472525,-0.11605904634177432,0.0009486779999861028,1
10.152569055557251,-0.03494154289364815,-0.05363546311855316,0.25562337040901184,0.013137332967223093,0.09085635103553877,0.009990262874728205,0.0051127888525357434,-0.027475638668679636,0.1224841512110264,-0.03679804876446724,-0.25929853320121765,-0.1393209099769592,0.5353546089872496,0.0658458353912759,26.611686862928227,0.009560456844895282,0.20673749960187993,-0.07638994833191373,0.0009754239999892889,1
10.16257095336914,-0.03495868667960167,-0.052579544484615326,0.2557087242603302,0.00875244562978566,0.0954723358168656,0.009343023415457393,0.004524032890297569,-0.029993714486328038,0.12061714278152547,-0.07114079594612122,-0.2469262629747391,-0.21720907092094419,0.5658373743799884,0.03648660431058991,26.611654118859942,0.028045460183106143,0.2083598316456315,-0.03542487656460272,0.0009751450006660889,1
10.172561883926392,-0.03495868667960167,-0.052579544484615326,0.2557087242603302,0.00875244562978566,0.0954723358168656,0.009343023415457393,0.004524032890297569,-0.029993714486328038,0.12061714278152547,-0.07114079594612122,-0.2469262629747391,-0.21720907092094419,0.5837146949844879,0.016446769551668124,26.611648622004996,0.029085540396032148,0.21172312636316115,-0.03146250791710737,0.0009460940000280971,1
10.182571172714233,-0.03495801240205765,-0.05151234567165375,0.2557975649833679,0.01261327128133462,0.09118973470729104,0.010513754631095364,0.003967403664993707,-0.03250865543334225,0.11778671108603866,-0.07000751048326492,-0.24381230771541598,-0.30952450633049006,0.5936941326697288,0.009767822196896704,26.609934591110203,0.02925650439947364,0.21713394207714842,0.014000475515216049,0.0009740959994815057,1
10.192565679550171,-0.03500426933169365,-0.05044982209801674,0.255879282951355,0.0017091768687390954,0.09825858472526595,0.008763602943508997,0.002910062129413582,-0.03580795812063364,0.1122462920176206,-0.08188042789697647,-0.2342005372047425,-0.400135725736618,0.6319294552650667,-0.020945868349685898,26.610654639457977,0.03855442473973609,0.22300289066666154,0.06394896193886138,0.001064389999555715,1
10.202650308609009,-0.035042908042669296,-0.0493600107729435,0.25596675276756287,0.011001907996219832,0.09366619588142457,0.012026540016333076,0.002020065461384668,-0.037702643218457954,0.10747822344122104,-0.10275840759277344,-0.1939054280519486,-0.46479418873786926,0.6366060794285076,-0.034992545482416704,26.606961094417557,0.05062497382750294,0.20759513750545516,0.10162173620527365,0.0011062200001106248,1
10.212859392166138,-0.03505731374025345,-0.047303084284067154,0.2561105191707611,0.0071962268683933225,0.09749757498846252,0.011529207238015699,0.001282361125925835,-0.0393128190847043,0.10228608907731163,-0.08986807614564896,-0.1591897904872895,-0.5668532848358154,0.6484546905048665,-0.06176736136343276,26.605935903753583,0.046521587099404176,0.19494445475810257,0.15608571608834135,0.0024986150001495844,1
10.222648859024048,-0.03500733524560928,-0.046343956142663956,0.256173700094223,-0.00141701251678001,0.09847871957886939,0.007873538879953382,-5.315003021078013e-05,-0.04110303880107491,0.09277929159039244,-0.12372157722711563,-0.11047846823930749,-0.6414790153503418,0.6764212288853987,-0.09161996415349802,26.609412546116154,0.06681471354321405,0.17665629519136383,0.20312415617405993,0.0008207439996112953,1
10.232570886611938,-0.034900933504104614,-0.04546274617314339,0.2562122046947479,-0.0010937536495000957,0.10062122342247624,0.0084497984418364,-0.0008975397310360123,-0.04217720770933209,0.08589326347022741,-0.1187710240483284,-0.08132595568895348,-0.7077759504318237,0.6924858260592743,-0.11891215197235402,26.609659992750245,0.06695430126568719,0.16473126776867034,0.244261534586301,0.0010032869995484361,1
10.242576360702515,-0.03472217172384262,-0.044649869203567505,0.2562475800514221,0.0015380428990990783,0.09663107246133566,0.009459840133631586,-0.0017128118808513726,-0.04245422818579536,0.07807257948558277,-0.1160280704498291,-0.04200723767280588,-0.779262900352478,0.6935593441593986,-0.12997946490661752,26.608598646953062,0.06730283735235003,0.14553623530751714,0.29047640192889573,0.0010148789997401764,1
10.252630949020386,-0.034518152475357056,-0.043922308832407,0.25626781582832336,-0.007515913739820472,0.09842769057276153,0.00741284527439568,-0.002698546734505314,-0.04242657803350136,0.06972791905021225,-0.13716797530651093,0.008005352690815822,-0.8435177206993103,0.6943049485692833,-0.13668562362657666,26.6082588183503,0.06716486630748217,0.14519357653496573,0.29443926745943116,0.0012559409997265902,1
10.262576341629028,-0.0343153141438961,-0.04319213703274727,0.25627943873405457,-0.0008446065472053246,0.09894425421547252,0.010336076833773104,-0.0034758713502149874,-0.04206923503896487,0.06098051187911979,-0.11849559098482132,0.06063294783234585,-0.8992011547088623,0.6886197740530007,-0.15358056012678925,26.60711011790305,0.07285352322582309,0.09379673993108519,0.3646896967754749,0.001050144000146247,1
10.272568941116333,-0.03402414545416832,-0.04254903644323349,0.2563169300556183,-0.00664752995467879,0.09343242637790725,0.009787697228686115,-0.004327265548280224,-0.041186941808719624,0.05120127737133595,-0.13452747464179993,0.08501458168029773,-0.9748448133468628,0.6848899646368023,-0.16541905315111405,26.60674535880884,0.07367029894709508,0.09241091236743779,0.37783355421249615,0.0011789160007538158,1
10.282575130462646,-0.03402414545416832,-0.04254903644323349,0.2563169300556183,-0.00664752995467879,0.09343242637790725,0.009787697228686115,-0.004327265548280224,-0.041186941808719624,0.05120127737133595,-0.13452747464179993,0.08501458168029773,-0.9748448133468628,0.6909479715191481,-0.16555943347487115,26.607135801231482,0.08367754743535928,0.07849089975603349,0.42630604525951266,0.001098189000003913,1
10.29258394241333,-0.03375987708568573,-0.04193107411265373,0.25632917881011963,-0.0033013091285544315,0.09256671368512026,0.013503187306959055,-0.005556005616798032,-0.03917496578356294,0.03646379790010368,-0.13541318476200104,0.13949005305767048,-0.9982865452766418,0.6750415546981361,-0.1673476295956789,26.603198579089437,0.08831997543065255,0.0450219481167732,0.4593726365769723,0.0011326169997118996,1
10.302575588226318,-0.0334552526473999,-0.04133249446749687,0.2563556432723999,-0.005410885719499194,0.09445255993758872,0.01259829375573334,-0.006242902791941507,-0.03703443393821937,0.025925962732685992,-0.11708814650774002,0.19295521080493913,-1.057816505432129,0.6581165943904587,-0.1741477800123918,26.603305248937758,0.08192744503532619,0.011786837158962664,0.4979778352680446,0.001098399000511563,1
10.312570571899414,-0.03314599022269249,-0.0407906174659729,0.2563668191432953,-0.004574127209617311,0.08800122141914776,0.013272278860698317,-0.007133871266476355,-0.03484709150077059,0.014979597832212477,-0.12965621054172516,0.23884516954421983,-1.0923144817352295,0.6345128777061022,-0.16798666239087842,26.602922561313328,0.09047007292962986,-0.01778309305006225,0.5145628307609679,0.001028636000228289,1
10.322582244873047,-0.03251226246356964,-0.03974241390824318,0.2563871145248413,-0.0036302914845608983,0.08384755254285214,0.012120718085260704,-0.007737402668277937,-0.03227004288566926,0.004033250746908301,-0.10868890583515167,0.27144962549209584,-1.1001722812652588,0.6050828268917743,-0.157546791752697,26.604658648763436,0.08212614024702442,-0.042181938008608116,0.5293134221789055,0.0011069880001741694,1
10.332574367523193,-0.03220973536372185,-0.03925459459424019,0.25637286901474,-0.005073303364833097,0.08804829418558899,0.010313145821719001,-0.008994287227290787,-0.026764539324487746,-0.018669240337216397,-0.10181272029876709,0.3035378158092497,-1.145077109336853,0.5705888303111909,-0.16301125015553938,26.608030161953014,0.08372429269312157,-0.07415079356820614,0.5581275407748371,0.0011405780005588895,1
10.342617273330688,-0.03185499086976051,-0.038806185126304626,0.25636565685272217,-0.001925086493525091,0.08176100999049919,0.010291505609560169,-0.008994287227290787,-0.026764539324487746,-0.018669240337216397,-0.10181272029876709,0.3035378158092497,-1.145077109336853,0.5408380405704494,-0.15411253895577637,26.609289492754595,0.08285369104736702,-0.07494438806056843,0.5606045475410716,0.0011865280002893996,1
10.35335111618042,-0.03150790557265282,-0.03839762881398201,0.2563416361808777,-0.0036902539422265113,0.07875619828706855,0.007978446781331049,-0.009527246896835262,-0.02196433439145906,-0.03598022359968356,-0.06832767277956009,0.3120435178279875,-1.1416358947753906,0.5101951019906766,-0.13980579364656762,26.61308680079833,0.06841852462955583,-0.09299639451106002,0.5818711501877176,0.0012465139998312225,1
10.362608194351196,-0.031155794858932495,-0.03800010308623314,0.2563067078590393,0.0012189151382607933,0.0819850638504693,0.010329607866336151,-0.010033183627677023,-0.01876636744873883,-0.047422120039077864,-0.06329195946455002,0.3199710845947264,-1.1521248817443848,0.4693196553834146,-0.1396188183719591,26.611816277184943,0.06706662903875805,-0.10240788896027031,0.5882414781770483,0.0015677440005674725,1
10.372580289840698,-0.03078184835612774,-0.03761615976691246,0.2562633156776428,-0.00020030870716595284,0.07457543909369813,0.00854883896998085,-0.010204050099714035,-0.015444405849073028,-0.05928617814666248,-0.045872174203395844,0.31947422027587874,-1.1597459316253662,0.4442760048364712,-0.14055322930335332,26.611388040870175,0.06787406772398293,-0.1068038344950288,0.5981121649240799,0.0013291960003698478,1
10.382575035095215,-0.03041604347527027,-0.03726351633667946,0.2562052607536316,-0.0004906177429401133,0.07961203155704108,0.006277453949747736,-0.010099780565993033,-0.010835386626909749,-0.07638031975487669,-0.011115336790680885,0.31649655103683455,-1.1352843046188354,0.40666806531450556,-0.12973141290451623,26.617085800584213,0.04302989598747527,-0.12189364092323562,0.6202207561437663,0.00106020100065507,1
10.392573833465576,-0.03041604347527027,-0.03726351633667946,0.2562052607536316,-0.0004906177429401133,0.07961203155704108,0.006277453949747736,-0.010099780565993033,-0.010835386626909749,-0.07638031975487669,-0.011115336790680885,0.31649655103683455,-1.1352843046188354,0.38373043026613324,-0.12430577599006183,26.61886302634618,0.04265629561372794,-0.12817227925378324,0.6360196404748498,0.001063411999894015,1
10.402647256851196,-0.030014822259545326,-0.03691055253148079,0.2561395764350891,0.006649892303390092,0.07004760200100013,0.008091457136274318,-0.010060155829410888,-0.009554322341635224,-0.08217902686561196,-0.011221378110349178,0.2899478971958159,-1.1373049020767212,0.3485867854558922,-0.10137547588045566,26.61752072499233,0.041495334397572074,-0.11944007215285361,0.6444278325679577,0.0012620170000445796,1
10.412833452224731,-0.029166698455810547,-0.036311209201812744,0.2559763193130493,0.011613247600052364,0.06441237018546621,0.009947555091183485,-0.009033028890988781,-0.002799813832315312,-0.10989104481632994,0.035622041672468185,0.2440034151077269,-1.0801366567611694,0.3199957540334426,-0.09130007928368794,26.6209895454697,0.018532716349719765,-0.12025914576184624,0.6611326571983697,0.0019597860000430956,1
10.422601461410522,-0.029166698455810547,-0.036311209201812744,0.2559763193130493,0.011613247600052364,0.06441237018546621,0.009947555091183485,-0.009033028890988781,-0.002799813832315312,-0.10989104481632994,0.035622041672468185,0.2440034151077269,-1.0801366567611694,0.2771187897587134,-0.06258635674127598,26.616560765619468,0.014879768162174544,-0.11642193929997592,0.6699780802135572,0.0010544750002736691,1
10.432613134384155,-0.028703590855002403,-0.03608513996005058,0.2558864951133728,0.008289684783500314,0.06619271614647584,0.004862059291483321,-0.00837964425985005,-0.00037282334593546906,-0.12053125037734835,0.05225064605474472,0.22900226712226854,-1.059773325920105,0.2511150197986593,-0.04524667362846249,26.62160681748474,0.005060999930093344,-0.11553112756327154,0.6775826244591092,0.0008686490000400227,1
10.442569255828857,-0.02767869643867016,-0.03566734492778778,0.2557115852832794,0.016187469187893027,0.05836950965317907,0.0035692171253805115,-0.007617127205580054,0.0016364369398118583,-0.130852286245545,0.08243074268102646,0.19478195905685414,-1.006428599357605,0.20764952266052455,-0.015825709051717332,26.62509270364413,-0.013172576491278365,-0.10518593447730314,0.665759168905829,0.0010683010004868265,1
10.452570676803589,-0.027104048058390617,-0.03548796847462654,0.2556164562702179,0.02500180901880352,0.058321031711295906,0.006399547106696454,-0.00624630322118902,0.004452417199964032,-0.14542177852901084,0.0819067731499672,0.1685335338115691,-0.9632582068443298,0.15226831332469262,0.002997474438801405,26.6228129171964,-0.01703048562603358,-0.1005635501172138,0.6516505830400804,0.0010591529999146587,1
10.462573051452637,-0.026504933834075928,-0.03537540137767792,0.2555265426635742,0.020441435319469937,0.05157696735972649,0.004703819655477049,-0.005191324854482815,0.006012455070841138,-0.15469251091413216,0.10590699315071106,0.1476498246192931,-0.9227343797683716,0.12103119558256645,0.03616956296133153,26.62434432424023,-0.03284629443643416,-0.09414481828146505,0.6359043220686121,0.001076472000022477,1
10.47257924079895,-0.025889014825224876,-0.035265084356069565,0.25543689727783203,0.02954820215467,0.050681326230539656,0.005981129105242701,-0.0039488646859653365,0.007171162378096341,-0.16321561423390785,0.10928363353013992,0.11691808700561512,-0.8527100682258606,0.10202377828717119,0.056087162147306795,26.624818205841915,-0.03292253585888047,-0.09381020500408478,0.6345422588338755,0.0013659980004376848,1
10.482595205307007,-0.02522602118551731,-0.03524579852819443,0.2553560733795166,0.027583800837940195,0.041750531186460396,0.004672267909623069,-0.002998591478249768,0.008198939214073775,-0.17138645539910513,0.12909241020679474,0.07570112496614446,-0.7904632091522217,0.06573866356551417,0.09613301402485355,26.62510197188592,-0.05138616029545741,-0.06352734139747818,0.5797835583165872,0.0010191380006290274,1
10.492578983306885,-0.02522602118551731,-0.03524579852819443,0.2553560733795166,0.027583800837940195,0.041750531186460396,0.004672267909623069,-0.002998591478249768,0.008198939214073775,-0.17138645539910513,0.12909241020679474,0.07570112496614446,-0.7904632091522217,0.0422128720185731,0.11977778007384324,26.625172849538284,-0.05256370930460664,-0.06423159536669283,0.5757322769188883,0.0010150179996344377,1
10.502569675445557,-0.023812653496861458,-0.03528669476509094,0.2551840841770172,0.03535690505053028,0.03363905880119899,0.0038524745165752932,0.0009672524069666011,0.009205132693814733,-0.1890014909858273,0.15172259509563446,0.01177958864718668,-0.6297270655632019,0.027939111175631304,0.13401224465743575,26.62518900876662,-0.0525037234428422,-0.0641606621130983,0.5753859495834811,0.0012745860003633425,1
10.51259708404541,-0.023812653496861458,-0.03528669476509094,0.2551840841770172,0.03535690505053028,0.03363905880119899,0.0038524745165752932,0.0009672524069666011,0.009205132693814733,-0.1890014909858273,0.15172259509563446,0.01177958864718668,-0.6297270655632019,-0.005926304189644065,0.17127525502372182,26.626130379711768,-0.07693818689936481,-0.03571765793557999,0.5084776618679286,0.0010305209998477949,1
10.522582054138184,-0.023093802854418755,-0.03535249084234238,0.25508958101272583,0.036163381752951425,0.03571359499552087,0.0045463703740113584,0.0026941015022146075,0.008706821397432396,-0.19484905589646928,0.18404337763786316,-0.041641388088464806,-0.5900039672851562,-0.024451575286896336,0.19656515485809123,26.625594628974206,-0.09872681200474598,-0.006889720403720542,0.48691631577680267,0.0010416939994684071,1
10.532577276229858,-0.021584369242191315,-0.03568178042769432,0.25488221645355225,0.037790857068217644,0.024172438677249608,0.002416013050810632,0.0046876379203566465,0.008340498076289116,-0.20006042237801314,0.19152046740055084,-0.09193819016218191,-0.490695059299469,-0.045860323812330225,0.24389752848934224,26.628068705447834,-0.11024433217365087,0.019767231142518812,0.44100377287916626,0.0010858980003831675,1
10.542607069015503,-0.02080279402434826,-0.03592253103852272,0.25476643443107605,0.0417896547286705,0.014515499216472801,0.0012488570013831752,0.008867393166517079,0.006019450783535163,-0.20807511643429422,0.224239781498909,-0.1456392407417298,-0.34001997113227844,-0.06450119367948928,0.30831391978511735,26.6300416754158,-0.1402364655082457,0.053817738060998675,0.3702586865619876,0.001222351000251365,1
10.552611827850342,-0.020158156752586365,-0.03606287017464638,0.25464797019958496,0.04132714890851133,0.01711303848248132,-0.0002982634463586825,0.011109172453799054,0.00445218995381591,-0.21090650195970095,0.21086283028125763,-0.16805484890937808,-0.24699214100837705,-0.0696998659220022,0.347217379309268,26.632617061925313,-0.1403389173765299,0.0707504989377071,0.32191793157540727,0.0011782869996750378,1
10.562563180923462,-0.019487734884023666,-0.03624226525425911,0.2545282542705536,0.041492324380332735,0.007555411355574743,0.0006225978634829013,0.011109172453799054,0.00445218995381591,-0.21090650195970095,0.21086283028125763,-0.16805484890937808,-0.24699214100837705,-0.08082283750788188,0.3922467225376295,26.632278813843044,-0.1410572367762833,0.07080592453630112,0.31775098493729687,0.001021791999846755,1
10.572688102722168,-0.018925851210951805,-0.03637286648154259,0.25442567467689514,0.04155047608918814,0.0072844598800983675,0.00011518107857596536,0.014337255238018543,0.0018000815604852782,-0.21367367493125844,0.22286628186702728,-0.1979186534881592,-0.14605590701103208,-0.0794654452447292,0.4310497980963723,26.63267777709941,-0.15667400831419517,0.09389976524221577,0.2714014322893261,0.0010385519999545068,1
10.582583904266357,-0.01842692121863365,-0.03646765649318695,0.2543245255947113,0.04079579537850905,-0.0011225347757352,-0.0020614806582567253,0.016506760328760972,-0.0002108827645330713,-0.21464804235333945,0.2170449048280716,-0.2167101800441742,-0.0603738725185394,-0.07873913884864786,0.45445843116204043,26.632795009590865,-0.15672437855624471,0.09431094249224722,0.267411528904341,0.001245256999936828,1
10.592573404312134,-0.018006742000579834,-0.03656138852238655,0.25422465801239014,0.039284307234185536,-0.003993275016858408,-0.001516045649444862,0.018535903935168907,-0.002491872656227745,-0.21468165777833104,0.2000712752342224,-0.2257394641637802,0.029425518587231664,-0.07482532013101109,0.4940274658120136,26.635302817058175,-0.1610774503052514,0.10977731910040439,0.22736190507600942,0.0012816389998988598,1
10.602654457092285,-0.017631927505135536,-0.036667026579380035,0.25412458181381226,0.03600719928376437,-0.01057516354815601,-0.003487725742434935,0.0217750157502703,-0.0062196128903306835,-0.21334311256105032,0.20839864015579224,-0.24640923738479611,0.11759994924068454,-0.046328842817085075,0.5576367543980577,26.637320732799193,-0.16859024804319556,0.1382082263284874,0.1399285192150289,0.0012090129994248855,1
10.612852811813354,-0.017277400940656662,-0.03679746389389038,0.25401341915130615,0.03719326510152396,-0.010588822164593904,-0.005199301526414689,0.022498906367932392,-0.007534962001195744,-0.21239919227793047,0.188457652926445,-0.26133960485458374,0.19321422278881076,-0.03055778621641001,0.5956706600899553,26.637943805842447,-0.17296877838148522,0.14372901835631613,0.1322950910525581,0.001864253000348981,1
10.622579097747803,-0.017277400940656662,-0.03679746389389038,0.25401341915130615,0.03719326510152396,-0.010588822164593904,-0.005199301526414689,0.022498906367932392,-0.007534962001195744,-0.21239919227793047,0.188457652926445,-0.26133960485458374,0.19321422278881076,-0.019336899972610132,0.6188778036847233,26.640341762627962,-0.16510304150650457,0.1550401333070974,0.09572628115783,0.0009805209992919117,1
10.632582187652588,-0.01699548400938511,-0.036900997161865234,0.2538849413394928,0.030612259764309504,-0.015459699153938116,-0.0077359885935339365,0.02518886568084122,-0.011660901455376571,-0.2087341791129007,0.17822402715682983,-0.2763212621212005,0.29110646247863775,0.01392617583526189,0.6548746900475432,26.64378203742398,-0.16805842919305986,0.17553540617269758,0.044882449300710385,0.0007921120004539262,1
10.642625093460083,-0.016758494079113007,-0.03702801465988159,0.2537514269351959,0.032866567189120115,-0.0201806521594534,-0.007110815963140848,0.026773604747670987,-0.014622968535094927,-0.2051783580632307,0.17662851512432098,-0.28207302093505854,0.36846974492073065,0.036348786573643016,0.6913136591331823,26.643927201175135,-0.17196243939316194,0.18710940112016677,0.0025125274512552767,0.001583245999427163,1
10.652574300765991,-0.016426630318164825,-0.03728967159986496,0.25344768166542053,0.02812977775845561,-0.026552715304638888,-0.009009906136203191,0.028226642469950658,-0.017721910736459456,-0.2010372371771818,0.13407336175441742,-0.28210404515266413,0.4438441693782807,0.06697399081365944,0.7315092290278464,26.646160374368055,-0.15542412642285883,0.19662143013191746,-0.03850818329045451,0.0008395979994020308,1
10.662570238113403,-0.016330311074852943,-0.0374608114361763,0.2532910704612732,0.017571244375991234,-0.028917985042821007,-0.01319765765326973,0.030360355131296313,-0.023765503600703397,-0.1906072821326381,0.09694697707891464,-0.27943465113639826,0.5989223718643188,0.12955592709146924,0.7700846387912254,26.651308110300356,-0.14238595949064972,0.2139496401849598,-0.1198631395030262,0.0010281470003974391,1
10.672573804855347,-0.016297807916998863,-0.03762074559926987,0.2531273066997528,0.01951390317115845,-0.03215731308540182,-0.010285967030830713,0.030360355131296313,-0.023765503600703397,-0.1906072821326381,0.09694697707891464,-0.27943465113639826,0.5989223718643188,0.16119880678221002,0.8002162098224658,26.649497910057246,-0.1424078914238738,0.21384701290841218,-0.12685962897133846,0.0010166940000999602,1
10.68257451057434,-0.016331149265170097,-0.037777286022901535,0.25297075510025024,0.010167259751136422,-0.03398704900875683,-0.011890545483746847,0.03118239332769379,-0.028440266780954904,-0.1809336718149277,0.06960838288068771,-0.2695614099502563,0.6754286289215088,0.21780697342943672,0.8268999426800732,26.650327621085225,-0.12979854801048527,0.21660214785991433,-0.1672578357131166,0.0010113859998455155,1
10.692615747451782,-0.01644614338874817,-0.03792937472462654,0.25281980633735657,0.009233509708526403,-0.03816496585734929,-0.010094680882164815,0.031536986597022754,-0.03160312749127536,-0.17379377926925788,0.04191955551505089,-0.26234838366508473,0.7518935799598694,0.2635035126076105,0.8520268246629443,26.648149738420575,-0.1176475554279494,0.22839200956958347,-0.21086670374758587,0.0010902280000664177,1
10.702595949172974,-0.016620665788650513,-0.03809183090925217,0.2526765763759613,0.004015654522557165,-0.03917353598261133,-0.011117729488100414,0.031109657296418014,-0.034276780120362726,-0.16581571159215747,-0.0006435755640268326,-0.24565669894218434,0.8154199719429016,0.3124131726400284,0.8663114236928449,26.648571934168814,-0.09543146201606541,0.22437635098366995,-0.24766940155679137,0.0010105490000569262,1
10.712571144104004,-0.016872256994247437,-0.03823382407426834,0.252532035112381,-0.0030299613899208277,-0.03960410117416919,-0.010606343092469129,0.030735081475241177,-0.036951816238226076,-0.15747043891427914,-0.03127136081457138,-0.2214456945657729,0.8639897108078003,0.34201295690049405,0.8753850049749291,26.64867998658847,-0.09430582063473995,0.22795864768482815,-0.2514900726273381,0.0012573370004247408,1
10.722577333450317,-0.016872256994247437,-0.03823382407426834,0.252532035112381,-0.0030299613899208277,-0.03960410117416919,-0.010606343092469129,0.030735081475241177,-0.036951816238226076,-0.15747043891427914,-0.03127136081457138,-0.2214456945657729,0.8639897108078003,0.38517213033281167,0.8806787390915131,26.64777509767435,-0.07765997456811263,0.22393385039422473,-0.27866526885575177,0.0010347799998271512,1
10.73256778717041,-0.017176298424601555,-0.038375675678253174,0.25239893794059753,-0.002729797152871151,-0.042470015428838194,-0.009974613980907302,0.02915039517069351,-0.040688537012125714,-0.14403319287586802,-0.06793324649333954,-0.20341019332408894,0.9158989787101746,0.42454262227904327,0.8820033580954029,26.64675989581786,-0.05418412704635714,0.22497454849699622,-0.31188370767193313,0.0010828250005943119,1
10.742580890655518,-0.01753881387412548,-0.03852364420890808,0.25226739048957825,-0.012082328070769926,-0.043204862229030215,-0.009987633044275962,0.027573814298051946,-0.04262964300838101,-0.13414930870550634,-0.11972929537296295,-0.16901364922523487,0.9900388717651367,0.476695846779463,0.8777572482681285,26.646227925475408,-0.02327916464835947,0.2137755679036608,-0.35435688365590823,0.001167042999441037,1
10.753788232803345,-0.017967626452445984,-0.03865007311105728,0.25214818120002747,-0.015048959250512983,-0.042077242867785296,-0.009057659041883692,0.027573814298051946,-0.04262964300838101,-0.13414930870550634,-0.11972929537296295,-0.16901364922523487,0.9900388717651367,0.5169294269928143,0.8741182828964994,26.644860455930996,-0.022651036067576444,0.2139752828221339,-0.35802179755957797,0.0012441389999366947,1
10.762576341629028,-0.019014855846762657,-0.03888273239135742,0.2519248127937317,-0.028452463821273498,-0.038877714068668356,-0.007536264363977555,0.02246200416023747,-0.046704280329198156,-0.1082386213569877,-0.18044914305210114,-0.09826126694679248,1.0749881267547607,0.590103333850927,0.8453175725852793,26.6424964419729,0.023020402541770457,0.19044300306065218,-0.40148691943031184,0.0011243760000070324,1
10.772568225860596,-0.019608136266469955,-0.03899308666586876,0.25182491540908813,-0.025421534467007203,-0.048425226912467687,-0.006566638508262244,0.01997652542038031,-0.0479281549219146,-0.09734122996466521,-0.18760216236114502,-0.07511104643344865,1.095759630203247,0.6322231719648886,0.8400267473560636,26.64085530680903,0.033833464824012234,0.18139141753773205,-0.4128936317641641,0.0010553809997873032,1
10.78257417678833,-0.02027536742389202,-0.03907834365963936,0.2517228126525879,-0.039656750926007615,-0.03644272675349902,-0.0070957006633366945,0.01748985865411523,-0.04844475244453461,-0.08625411043415454,-0.19297775626182556,-0.03763819485902773,1.1024682521820068,0.6951268298936587,0.8023488182972255,26.64077330496789,0.04144477561730786,0.16456200261799211,-0.4183124766366252,0.0010495850001461804,1
10.79257082939148,-0.020993005484342575,-0.03912752494215965,0.2516443133354187,-0.03656698806802277,-0.04321262568768015,-0.004075433030286072,0.014451682974457647,-0.049221137537106774,-0.07486851196885835,-0.23339100182056427,-0.008459571748971799,1.1514713764190674,0.7301063570898103,0.7799001330804326,26.637586142955087,0.06896445589428271,0.15057856808308978,-0.42882641679921646,0.0010534960001677973,1
10.802641868591309,-0.021761465817689896,-0.03917579725384712,0.25158339738845825,-0.04670591314505172,-0.03516644929315808,-0.002882847989352196,0.014451682974457647,-0.049221137537106774,-0.07486851196885835,-0.23339100182056427,-0.008459571748971799,1.1514713764190674,0.7785324672253378,0.7502480784516384,26.63457052717618,0.07438449939764474,0.15241442387209103,-0.43880752031418446,0.0011854089998450945,1
10.81284499168396,-0.02256670966744423,-0.039169736206531525,0.2515503466129303,-0.04608020184303604,-0.03480787205697977,0.0010763288325278896,0.008585100667885648,-0.04908988971198314,-0.05175631775661094,-0.24226324260234833,0.049872148782014986,1.14647376537323,0.8091723890589957,0.7075909240578844,26.62965473479526,0.08738371647036969,0.1227694254671911,-0.44884515876646486,0.002720890000091458,1
10.82282543182373,-0.023431045934557915,-0.03914659097790718,0.2515440881252289,-0.05368587760573803,-0.03522051104983104,0.0017740461488446608,0.004125993638941505,-0.04810318781976042,-0.03439334091418278,-0.23881275951862335,0.08209812641143813,1.1587567329406738,0.8295320279054653,0.6826412013882497,26.62802522593828,0.09579480457027158,0.12172767134303439,-0.46851350156693733,0.002090650000354799,1
10.832558155059814,-0.023431045934557915,-0.03914659097790718,0.2515440881252289,-0.05368587760573803,-0.03522051104983104,0.0017740461488446608,0.004125993638941505,-0.04810318781976042,-0.03439334091418278,-0.23881275951862335,0.08209812641143813,1.1587567329406738,0.8610234496535152,0.652270678519254,26.62687991960794,0.106652368971334,0.10330016605958707,-0.49121680819343855,0.0008718609997231397,1
10.8426034450531,-0.024348601698875427,-0.03908536210656166,0.25156351923942566,-0.05918206282106982,-0.025968847663550725,0.005640316012437993,0.0011981132956204732,-0.04720073419763926,-0.02288539782371979,-0.24016325175762177,0.10524523258209242,1.1388367414474487,0.8943270979903506,0.6010353185652302,26.621863205834916,0.11663886702221833,0.08928422205406275,-0.5071247600251491,0.0011204649999854155,1
10.852591037750244,-0.02529740519821644,-0.038963813334703445,0.2516079843044281,-0.05677679935286451,-0.028658701004402168,0.007262634658611878,-0.0019478753556345652,-0.04610509796319073,-0.011668858641215252,-0.2516074478626251,0.13327160477638259,1.1218023300170898,0.9091115942686184,0.5623764066081738,26.61886247580468,0.13091485162506977,0.07150274841123182,-0.5220740210131825,0.0011439990003054845,1
10.862595081329346,-0.026288915425539017,-0.03883581981062889,0.2516680359840393,-0.06919351222993791,-0.017752295353277155,0.006971710020424059,-0.004928205401126373,-0.04458071302771893,-0.0003505737626161576,-0.229980006814003,0.16719566285610213,1.1184874773025513,0.945279449933598,0.5034246903007968,26.61796884768178,0.12967676163576541,0.05130013914108715,-0.537037794642426,0.0010769600003186497,1
10.872597694396973,-0.028380418196320534,-0.03842153400182724,0.25184088945388794,-0.07281360775697655,-0.0140426596755432,0.010677273327935508,-0.007818569636650174,-0.04311396944766788,0.010488052353294197,-0.24342851340770721,0.16305150091648116,1.0828189849853516,0.9815163165177878,0.44422520080359845,26.613016102701803,0.14493946179575473,0.04901699149669018,-0.5515102153758319,0.001040576999912446,1
10.882599115371704,-0.029467418789863586,-0.038166891783475876,0.25192371010780334,-0.07217603180184085,-0.010384581361052646,0.013384447872030072,-0.012062712666486064,-0.04014461842369732,0.026347395552778874,-0.23021721839904785,0.1940705925226213,1.043171763420105,0.9966984756507776,0.3825651650634352,26.608841102062847,0.15049171460750624,0.025079496836380936,-0.5700233053315403,0.0010911350000242237,1
10.89259934425354,-0.030562574043869972,-0.03786453977227211,0.2520238757133484,-0.07600328327042592,-0.00670980726876625,0.012005789940575537,-0.014524059692141211,-0.038080679638056836,0.036432794495049325,-0.20143602788448334,0.20811080932617199,1.0045807361602783,1.0128754453741404,0.32731283928073795,26.60930525587687,0.14347451787766108,0.012400966755698566,-0.5656997209398632,0.0010305910000170115,1
10.902604579925537,-0.03168930858373642,-0.03754427284002304,0.2521120309829712,-0.08166184280557472,0.0021353574896195164,0.01355937002567103,-0.017116683945482603,-0.0357870805986189,0.046036318284215394,-0.20147745311260223,0.22876313328742992,0.9536794424057007,1.0285929636751556,0.2612970496134659,26.607620237710897,0.14774329225794666,-0.0008919898208137097,-0.5453017319664437,0.0010310090001439676,1
10.912591695785522,-0.03279949352145195,-0.03716530650854111,0.2521892786026001,-0.07515482609864922,0.0028577614480155677,0.014404891710458539,-0.020175723337599205,-0.03201605419754472,0.05941596324318388,-0.16655559837818146,0.2448062151670457,0.8845558762550354,1.015945032217505,0.20875191934013182,26.60698455933855,0.1382288756974357,-0.018112465704215444,-0.5242153166452,0.0010376440004620235,1
10.922597408294678,-0.03389158099889755,-0.03680163621902466,0.2522464096546173,-0.08298744269788143,0.010046134167363538,0.01200698193933944,-0.021175012620819444,-0.030487544061187588,0.06371862949936746,-0.152762308716774,0.2552180290222169,0.8443765044212341,1.0112398341791242,0.17636086393738698,26.60670612182245,0.1421123685103508,-0.02375282917109949,-0.5332955704670705,0.001070674000402505,1
10.93260645866394,-0.03499220311641693,-0.03636615723371506,0.25227734446525574,-0.07659116392491354,0.014241115881286395,0.012838001259782192,-0.0236200743845707,-0.02665343588254654,0.07560809229579224,-0.1236032173037529,0.2673771381378175,0.7659938335418701,1.024653296437459,0.1342074066281941,26.609299368581215,0.13869776756019797,-0.032456385615666945,-0.5204387147342979,0.0012768200003847596,1
10.942622661590576,-0.03499220311641693,-0.03636615723371506,0.25227734446525574,-0.07659116392491354,0.014241115881286395,0.012838001259782192,-0.0236200743845707,-0.02665343588254654,0.07560809229579224,-0.1236032173037529,0.2673771381378175,0.7659938335418701,1.0100053797553825,0.08964210278070793,26.60991061820282,0.1311915346759897,-0.04995441197854052,-0.496968687369659,0.0010830350001924671,1
10.952612400054932,-0.03605686500668526,-0.03591747209429741,0.25228556990623474,-0.08133146178889562,0.018307618241198684,0.008986806294262413,-0.024770180394091845,-0.02394397372115975,0.08287528320430892,-0.08654304593801498,0.25627663731575023,0.725940465927124,1.0090075363561466,0.04762541599048117,26.61498382626513,0.11646347374125503,-0.051692354319877905,-0.484962434918265,0.001190996000332234,1
10.962621212005615,-0.037116795778274536,-0.035451240837574005,0.2522718608379364,-0.07817061260383731,0.022848080301684965,0.008443144903059129,-0.02558607354459319,-0.02143765244075979,0.08948442203668128,-0.0668741762638092,0.2450463920831681,0.6504616737365723,0.998212820039018,0.007469573630858824,26.617614830947343,0.10917267442878291,-0.0534466725075941,-0.4550076258199386,0.000960966999627999,1
10.972583532333374,-0.0381619855761528,-0.03491344302892685,0.25224539637565613,-0.07672158642199017,0.028132387963749755,0.006892295906894248,-0.026229307304765026,-0.017652915663063595,0.09821292727510356,-0.008969537913799286,0.23676846921443948,0.5749724507331848,0.9809500764925858,-0.03066852213737018,26.62089433429153,0.08260535601337507,-0.059938100818864685,-0.4244325753760003,0.0010652979999576928,1
10.982592344284058,-0.0401482954621315,-0.03377923741936684,0.25214308500289917,-0.07256355927726105,0.0374061082944352,0.005234401849599377,-0.026268728294169374,-0.01648399270669465,0.10093809463149395,0.009345822967588902,0.22801475226879125,0.52556312084198,0.9639632031915303,-0.07882347707673808,26.623967578922464,0.0741488675122058,-0.05935809764177675,-0.40054258539188425,0.0010301709999112063,1
10.992591142654419,-0.041056230664253235,-0.03320086747407913,0.25206491351127625,-0.0738999327439617,0.038779831254565855,0.001846149279215201,-0.02607437049535699,-0.013148929251241448,0.10780042261728706,0.02700638212263584,0.21199852228164678,0.44979360699653625,0.9513013062369217,-0.11420365247915068,26.62966904745452,0.06480656755661082,-0.06061987436432159,-0.36735540632856456,0.0010037740003099316,1
11.002625703811646,-0.04195575416088104,-0.03256512060761452,0.25196394324302673,-0.06886820502701137,0.04612342627867584,-0.00028075065563646815,-0.025352848460391986,-0.01110859190979685,0.11156159583953418,0.08381753414869308,0.19725395739078527,0.36362242698669434,0.9288605570456487,-0.14774544246893664,26.63441308344472,0.035152534167610855,-0.05946180360670445,-0.32648472845073256,0.0010911360004683957,1
11.012993812561035,-0.042772725224494934,-0.031937260180711746,0.25184866786003113,-0.0682788422672693,0.047730992499600736,-0.0027757731564498744,-0.024662766060923325,-0.00926837387014734,0.11465775732346462,0.08149866759777069,0.18133787810802462,0.3090396225452423,0.910461015913385,-0.17185718350863674,26.639389233821397,0.034991499720154286,-0.054363215641078044,-0.29862636708490103,0.0012935810000271886,1
11.022602558135986,-0.043576277792453766,-0.031264886260032654,0.2517060339450836,-0.0622945504424356,0.051619331999695046,-0.0054887133336875595,-0.023557285177500997,-0.007615601798788951,0.11704872250189524,0.12309972941875458,0.15783885121345523,0.21185867488384244,0.8866991905146886,-0.19190534551263005,26.644665861737028,0.010697034403416794,-0.05026695491975388,-0.2529159294547723,0.0008016100000531878,1
11.032589197158813,-0.044295940548181534,-0.03059074841439724,0.2515542507171631,-0.06118013034228124,0.05442927686595588,-0.0072337898412149215,-0.022115739146146396,-0.006198091750858836,0.11871994521392093,0.1603604108095169,0.13133493065834048,0.1505189538002014,0.8680750616821247,-0.20389415162505373,26.648869015772235,-0.009895487021006753,-0.039218728600823594,-0.22086995811947688,0.0009544029999233317,1
11.042590856552124,-0.044295940548181534,-0.03059074841439724,0.2515542507171631,-0.06118013034228124,0.05442927686595588,-0.0072337898412149215,-0.022115739146146396,-0.006198091750858836,0.11871994521392093,0.1603604108095169,0.13133493065834048,0.1505189538002014,0.8584364410501759,-0.21317127700300995,26.650170530677407,-0.012283428965031104,-0.04090723984051921,-0.2185376864063987,0.0009695569997347775,1
11.052604675292969,-0.04500100016593933,-0.029909105971455574,0.25138145685195923,-0.05653241351025383,0.05475510939930465,-0.008245303457663538,-0.01965285385548432,-0.00445975000699006,0.11984056772433282,0.1676914244890213,0.1083231121301651,0.05526407435536383,0.8413022856313501,-0.21307304122317103,26.652401107247663,-0.022937479147684976,-0.03503468779654905,-0.1743625252976115,0.0009650179999880493,1
11.062601804733276,-0.045632071793079376,-0.029214994981884956,0.25120216608047485,-0.05472616952114527,0.06035319609140286,-0.010087720302467802,-0.01747792298248152,-0.0032844732950305655,0.11963425802379257,0.2215060144662857,0.09188122302293777,-0.03143623471260072,0.8255196134215393,-0.21647633385647788,26.655757720259597,-0.05540075462026024,-0.030424881634714317,-0.1297611324276799,0.0009794030002012732,1
11.072601318359375,-0.046198561787605286,-0.028547435998916626,0.25100335478782654,-0.051358398840749275,0.05711923456720529,-0.011417510112296038,-0.015164582868300691,-0.002609546419983122,0.1187349360745995,0.22855938971042633,0.07873376458883284,-0.11302946507930757,0.8104375316617712,-0.20496090058006228,26.658945053101004,-0.06639273227610301,-0.026155486901412915,-0.08707498873597881,0.0009488159994361922,1
11.082601070404053,-0.046707745641469955,-0.027875594794750214,0.2508013844490051,-0.048677028046220906,0.06347434149565477,-0.01174387439475184,-0.012832087710660911,-0.0019010252043956122,0.1170554736442635,0.23865783214569092,0.05985362082719801,-0.17882739007472992,0.794955327008262,-0.20588245224186802,26.66068255754213,-0.07758941049644118,-0.019183608330653915,-0.05146315847644621,0.0009525179993943311,1
11.092601537704468,-0.04712893068790436,-0.027234559878706932,0.2505844533443451,-0.042094111802896905,0.056143585280987625,-0.012460082802107485,-0.008798023691378276,-0.0013311859389202318,0.11339206564442161,0.26622870564460754,0.04433302208781239,-0.2622201144695282,0.7738471270016954,-0.1743589684368671,26.66271135496804,-0.10388074522246711,-0.013851718872292206,-0.0069088663921517135,0.0009439979994567693,1
11.102604389190674,-0.047838930040597916,-0.025917500257492065,0.25011664628982544,-0.03413613150242131,0.056335546007792614,-0.016174362979945043,-0.007615197148998387,-0.001289038455678071,0.11170996690362944,0.26047417521476746,0.026954103261232334,-0.3342496156692505,0.7467676236566235,-0.15574927985713932,26.668465324429626,-0.10471376784296466,-0.005956534957121007,0.0317907108469724,0.0009737469999890891,1
11.112601518630981,-0.04812658578157425,-0.025279350578784943,0.24987877905368805,-0.03072238911158346,0.06654088193023004,-0.014642214407224297,-0.0036814343244837566,-0.001134669780999964,0.10569372656609044,0.26458534598350525,0.002604991896077937,-0.4353444278240204,0.7226333637630934,-0.15296658611649705,26.668772728996153,-0.11169461430129,0.005427665800851239,0.08494296179558092,0.0009595010005796212,1
11.122599840164185,-0.04834989830851555,-0.024643730372190475,0.2496495544910431,-0.023730293379492513,0.05810995378068094,-0.015150212689822392,-0.0010113023108480057,-0.0011817464107770626,0.10086740629461755,0.2535662353038788,-0.01920975558459765,-0.5012094378471375,0.6973048218237324,-0.12451966445882007,26.669820233169293,-0.11672495054662306,0.015634801011467914,0.12381659934313483,0.0009567079996486427,1
11.132613897323608,-0.048533253371715546,-0.024016382172703743,0.24943514168262482,-0.022423493023052944,0.06511534739422015,-0.012690545988156072,0.0014484090681357031,-0.001374049790098919,0.09541111067392549,0.24441224336624146,-0.035724956542253564,-0.5823332667350769,0.6805068928515314,-0.11732900095891839,26.66740014905733,-0.11895071488711902,0.024104549570931222,0.16855550213592624,0.0010253529999317834,1
11.142606735229492,-0.04866388812661171,-0.023412233218550682,0.24923816323280334,-0.015736494802138394,0.05325785259525987,-0.011695097176930087,0.004071291954199641,-0.001896665955253507,0.0891092744734161,0.2567230761051178,-0.06492529064416894,-0.6425715088844299,0.6625823469839596,-0.07605132436264199,26.665535494295664,-0.13373585537376664,0.03915690235576812,0.20526170053230014,0.0010578250003163703,1
11.152587175369263,-0.04866388812661171,-0.023412233218550682,0.24923816323280334,-0.015736494802138394,0.05325785259525987,-0.011695097176930087,0.004071291954199641,-0.001896665955253507,0.0891092744734161,0.2567230761051178,-0.06492529064416894,-0.6425715088844299,0.6517127152506312,-0.05298404604759024,26.664932716815034,-0.13739594489081508,0.04018828123317141,0.21125382456375888,0.0011611079999056528,1
11.162654161453247,-0.04874543100595474,-0.022837664932012558,0.24906648695468903,-0.012950955772758115,0.06134634817542727,-0.007775284756278522,0.006448292205003092,-0.00243818750776148,0.08252330404297492,0.22557620704174042,-0.08251406997442254,-0.6867639422416687,0.6409745096752364,-0.05327786992740032,26.66012745738266,-0.12821889341397086,0.05016501445619709,0.23908507711044846,0.0009529359995212872,1
11.172564268112183,-0.04879453778266907,-0.022281093522906303,0.24893157184123993,-0.008819826276512344,0.04989265643895514,-0.0049849976355486976,0.009841291756773174,-0.0037085022058493955,0.07114677038206985,0.22582769393920898,-0.10269108414649973,-0.781684160232544,0.633274133761272,-0.015403471048313036,26.655059399832528,-0.13945995505693276,0.06348238669430328,0.2998236196029682,0.0010773089998110663,1
11.182579517364502,-0.04879019781947136,-0.021770011633634567,0.24882923066616058,-0.005670316565771818,0.055676259094092476,-0.0011064180779920055,0.012308547308561124,-0.004666285467961995,0.06285758951111875,0.20675736665725708,-0.1134592592716218,-0.8383263945579529,0.6245167079380284,0.0003067240178101817,26.648769871787735,-0.13683226358091696,0.07152287080293868,0.34165740928678257,0.0010375040001235902,1
11.192593097686768,-0.04868030175566673,-0.02084214985370636,0.2487151026725769,3.865714439587853e-05,0.047169100479907564,0.003488773086380594,0.014050893845527046,-0.005845245567941415,0.05427735667427225,0.17620794475078583,-0.12332677096128475,-0.8736737370491028,0.6112545834145484,0.030527243270328196,26.64100033469922,-0.12769167602321416,0.07957980031414993,0.37224649817061334,0.001042812000378035,1
11.202644109725952,-0.04857897013425827,-0.020428134128451347,0.24869878590106964,0.003998646383526271,0.03898666054235079,0.005548185723913436,0.016938794448156713,-0.007398547438003167,0.0403112331920612,0.1792748123407364,-0.13025429844856273,-0.9439676403999329,0.5999432075080781,0.07835783535227721,26.63564534123335,-0.13846488438584886,0.0871845940899395,0.42479393305050717,0.0011840829993161606,1
11.212900161743164,-0.04843154922127724,-0.02007378451526165,0.24870194494724274,0.007647531987090334,0.03884093091142115,0.007842175694398773,0.01859718464176785,-0.008651787168179492,0.030713437621392004,0.14733506739139557,-0.1360941380262376,-0.9591086506843567,0.5883148567331581,0.11029124347499049,26.630967048797295,-0.12769068139245426,0.09379270661434448,0.44804942344894344,0.0021660699994754395,1
11.22260308265686,-0.048267967998981476,-0.01974833756685257,0.24872367084026337,0.009215746019683169,0.031807888298533996,0.009196751804364337,0.020159786929810686,-0.009819735375053984,0.02074912244025784,0.13489358127117157,-0.1493481993675233,-1.0024516582489014,0.582438888819675,0.15103253945340506,26.62742850768018,-0.12453522137546355,0.10228335208686559,0.4743464729328912,0.0008685790007803007,1
11.232585430145264,-0.04805530235171318,-0.019489645957946777,0.2487722784280777,0.013915427014334942,0.02917078881373352,0.012692793312001316,0.022330541585038333,-0.011760021488556038,0.00502981872371322,0.11876843124628067,-0.1486933827400209,-1.049620270729065,0.572812881713379,0.18856774149808228,26.621635229497567,-0.1223283139673049,0.10641333975195354,0.5119681185468647,0.001050144000146247,1
11.242598295211792,-0.047699205577373505,-0.01935296505689621,0.24886535108089447,0.013771351413106174,0.024664783839318482,0.012868141790033148,0.022330541585038333,-0.011760021488556038,0.00502981872371322,0.11876843124628067,-0.1486933827400209,-1.049620270729065,0.5657729695338202,0.22039110765464487,26.619368232630837,-0.12566346704483103,0.10904140020383014,0.5280019218908971,0.0010284950003551785,1
11.25257921218872,-0.047699205577373505,-0.01935296505689621,0.24886535108089447,0.013771351413106174,0.024664783839318482,0.012868141790033148,0.022330541585038333,-0.011760021488556038,0.00502981872371322,0.11876843124628067,-0.1486933827400209,-1.049620270729065,0.5605627455192904,0.2392703271065885,26.618660796347903,-0.12557670985378955,0.10912256377525184,0.5293783722569549,0.0010313590000805561,1
11.262600898742676,-0.04684992507100105,-0.01932106539607048,0.2490890622138977,0.018055310467203267,0.014697201572078135,0.011728292313405872,0.025488257950928794,-0.014844750011291818,-0.027202511273169083,0.06534357368946075,-0.13942261040210738,-1.085569977760315,0.5500973919992818,0.27357170505793316,26.615026349597976,-0.12114397209396727,0.11595433926504782,0.5553329306366782,0.0012965129999429337,1
11.272581577301025,-0.04684992507100105,-0.01932106539607048,0.2490890622138977,0.018055310467203267,0.014697201572078135,0.011728292313405872,0.025488257950928794,-0.014844750011291818,-0.027202511273169083,0.06534357368946075,-0.13942261040210738,-1.085569977760315,0.5444518864092152,0.3039936562287067,26.61772175206658,-0.10940850533758413,0.11385750409231611,0.5708137878016745,0.0010301020001861616,1
11.282601356506348,-0.04684992507100105,-0.01932106539607048,0.2490890622138977,0.018055310467203267,0.014697201572078135,0.011728292313405872,0.025488257950928794,-0.014844750011291818,-0.027202511273169083,0.06534357368946075,-0.13942261040210738,-1.085569977760315,0.5409523758516807,0.3223989995477627,26.618576513104646,-0.10912943242483081,0.11373106391182895,0.5721370421373975,0.0011442780005381792,1
11.292600870132446,-0.04529294744133949,-0.01983073353767395,0.24944201111793518,0.022959774355171027,-0.005222603227422391,0.010352972897395472,0.02695193533249407,-0.016788225139414692,-0.04888721178433242,0.04214515537023544,-0.12575033307075514,-1.0886290073394775,0.5219291204972036,0.38613539870995306,26.61934007927386,-0.10394857714388937,0.11243314539131778,0.5985702840734188,0.001039110000419896,1
11.302606105804443,-0.0446903258562088,-0.0201580747961998,0.24956534802913666,0.025849552800392913,-0.00923307897452328,0.010984471073617365,0.027295292741490673,-0.017929540169603797,-0.06512832344098296,-0.007832305505871773,-0.1121071055531503,-1.074628233909607,0.5008790452676085,0.4331287008436825,26.618537620255687,-0.08031506880235335,0.10921210066560813,0.6205234815898968,0.001055869999618153,1
11.31260895729065,-0.04407697170972824,-0.020569078624248505,0.24969564378261566,0.02698497819186174,-0.01644983928327306,0.010647879920166543,0.02761066677465207,-0.01843100471017589,-0.07562658007977419,-0.004512575455009937,-0.08361324667930616,-1.0461336374282837,0.47909264101814314,0.48189910648702067,26.61830591086613,-0.08274396852170583,0.09622301651690779,0.6346623198322893,0.0010388310001872014,1
11.322608232498169,-0.04341219365596771,-0.02105710841715336,0.24982626736164093,0.029261072955060773,-0.020989746036285437,0.009516252202626568,0.027621949154663206,-0.01890390561355959,-0.08614354302372895,-0.04294315725564957,-0.0721080005168916,-1.0513168573379517,0.455718479505015,0.5207759534177776,26.6194230164906,-0.0641104385599296,0.09187407929453346,0.648933134407227,0.00105929199980892,1
11.332601070404053,-0.04274814575910568,-0.02160755731165409,0.24995188415050507,0.0282256058869606,-0.027231831504770293,0.007807775836816549,0.02716554071748911,-0.01914488645443102,-0.09628421768417761,-0.06548737734556198,-0.06153374537825597,-1.0070202350616455,0.4378834639216892,0.5583805432059178,26.62160688220645,-0.05169824794035773,0.0874661509940189,0.6404153331824254,0.0010625730001265765,1
11.342617273330688,-0.04206470772624016,-0.022218964993953705,0.2500734329223633,0.030217880058104142,-0.03144749654954142,0.007557498734030786,0.02665094806513979,-0.019396181281273517,-0.10603360381630456,-0.0761822834610939,-0.052877333015203594,-0.9690861105918884,0.42700738444908615,0.5810955785677225,26.6223058150288,-0.05140782399335713,0.08733493357040914,0.6396764228987456,0.0012708839994957088,1
11.352664470672607,-0.04138190299272537,-0.022887200117111206,0.25018125772476196,0.030593241990811038,-0.03794416076620764,0.006854470781482374,0.025338045346023907,-0.019527377694997572,-0.12037578112179048,-0.12762102484703064,-0.0345023386180402,-0.9508765339851379,0.40050187410318855,0.6141726359627011,26.623561440281804,-0.015901910997563266,0.07528405752613804,0.6296585529434845,0.001107825999497436,1
11.362599611282349,-0.04068537801504135,-0.023599905893206596,0.2502838671207428,0.03147485794674709,-0.04082311356629522,0.005427098791110213,0.024694537840556308,-0.019538511252546797,-0.12479775977906238,-0.1416773796081543,-0.03708678483963024,-0.8963654041290283,0.3844471349626418,0.6342032814930756,26.623963884753724,-0.015319508769110314,0.0748695440837435,0.628784247081267,0.001453986000342411,1
11.372669458389282,-0.04068537801504135,-0.023599905893206596,0.2502838671207428,0.03147485794674709,-0.04082311356629522,0.005427098791110213,0.024694537840556308,-0.019538511252546797,-0.12479775977906238,-0.1416773796081543,-0.03708678483963024,-0.8963654041290283,0.36822414091271455,0.6522247160148978,26.62579966168223,-0.006693527712044029,0.07619075599026859,0.6059745948069479,0.0011652980001599644,1
11.382588148117065,-0.039992593228816986,-0.024372898042201996,0.2503795325756073,0.03228268718966647,-0.04666590350102489,0.0054403026243799515,0.022877537011229965,-0.019507979347686444,-0.13778023228015668,-0.15688833594322205,-0.021468998864293203,-0.851511538028717,0.34729419417117485,0.6728255519643906,26.626465992608306,0.006058575249512392,0.06826921963460919,0.5903645957705412,0.0010544739998294972,1
11.392573356628418,-0.03930972144007683,-0.025175172835588455,0.2504636347293854,0.03100812541909202,-0.04760380133397362,0.003518825352581204,0.02122880130916993,-0.01949265403101963,-0.14580483493140184,-0.19069264829158783,-0.02229310572147379,-0.7906718254089355,0.33247354915576993,0.6830901350803381,26.629214740308957,0.02772836327311904,0.06869884908710679,0.5643222553980367,0.001063900999724865,1
11.402661085128784,-0.03863407298922539,-0.026013175025582314,0.250530481338501,0.03287751593405154,-0.05556318167205773,0.003308136711212716,0.01951667443044869,-0.019285705810917264,-0.1532481669350365,-0.19023732841014862,-0.020560070872306914,-0.7357476353645325,0.31079515807876645,0.7048953161611379,26.630454737824518,0.0322120272012493,0.06673723561430214,0.5399248663286744,0.0011468619995866902,1
11.412855625152588,-0.037298500537872314,-0.02779172733426094,0.2506222128868103,0.03655038623642716,-0.06550156394026177,0.002558983567922998,0.017532690039625543,-0.019160508623620842,-0.16006196171175047,-0.21512193977832794,-0.014544961974024856,-0.673551082611084,0.2765521601757678,0.7375452713377815,26.63200229562011,0.04963001360299939,0.06278376970235149,0.5119411345982778,0.002526965000470227,1
11.422836780548096,-0.036658138036727905,-0.02872343920171261,0.2506404221057892,0.030252141440510028,-0.06111023292979952,-0.001808320472845497,0.01463851191945631,-0.019128522212216836,-0.16933072316505182,-0.21820291876792908,-0.011748896911740378,-0.6023375391960144,0.2661198246006865,0.7443189152954738,26.638264840041195,0.06040983839331368,0.06162851261643329,0.48058888118005827,0.0008335920001627528,1
11.432573318481445,-0.0360189713537693,-0.029658159241080284,0.25063687562942505,0.03559428937127717,-0.06830618638905803,-0.003249977286017164,0.012564450482164258,-0.019266763730819925,-0.17453406196993448,-0.2185775488615036,-0.015329270623624389,-0.5218738913536072,0.24125724100599805,0.7596135580178804,26.6424417466743,0.0662386913399831,0.06288575828543809,0.442670274407322,0.000988201999462035,1
11.442575931549072,-0.03540586307644844,-0.03062761202454567,0.2506113648414612,0.030073810476708165,-0.0659754424907349,-0.007270941509896912,0.010343632934346036,-0.019281083373336116,-0.1792380274647658,-0.230262890458107,-0.013190823607146795,-0.4527267813682556,0.22619475205718875,0.768844585125877,26.643768420423175,0.06638831523564087,0.06296737401995027,0.4394091422736982,0.0012493760004872456,1
11.452600240707397,-0.034785930067300797,-0.03157113865017891,0.25056955218315125,0.03652127100028403,-0.06966636324544112,-0.006566904487195156,0.007420742141597714,-0.019662323889005684,-0.18480822749264014,-0.21085074543952942,-0.030162828043103263,-0.3563597798347473,0.21030143806066565,0.7665451716154098,26.649228805790223,0.07342487906366255,0.07014347335748827,0.36598229679828187,0.0010434399991936516,1
11.46258020401001,-0.034173134714365005,-0.0325634591281414,0.2505088448524475,0.028389017490875326,-0.06766953336380684,-0.010375365606042132,0.005230365665191972,-0.019854042174894282,-0.18735407669286852,-0.22072680294513702,-0.01625076867640022,-0.2696453630924225,0.19876879929436383,0.7674542880105103,26.65096243347817,0.07758424236667386,0.07085229383812341,0.36014176094040956,0.0011875049995069276,1
11.472578287124634,-0.03355902433395386,-0.033512797206640244,0.25043731927871704,0.03451619534993158,-0.06899157964223053,-0.0065724099517455135,0.003374840195795148,-0.020293286234800423,-0.18957020636302468,-0.20338532328605652,-0.0492287948727608,-0.20898321270942688,0.20686061287477522,0.7628914161260888,26.656474859577905,0.08926771002485974,0.06497439710662758,0.3201890057810039,0.0011720020002030651,1
11.482566595077515,-0.03355902433395386,-0.033512797206640244,0.25043731927871704,0.03451619534993158,-0.06899157964223053,-0.0065724099517455135,0.003374840195795148,-0.020293286234800423,-0.18957020636302468,-0.20338532328605652,-0.0492287948727608,-0.20898321270942688,0.19792899126730606,0.7596532723519897,26.654035712701763,0.08584434940726145,0.08158135336575505,0.28936276043978576,0.0009863850000328966,1
11.49257755279541,-0.03296635299921036,-0.03449171036481857,0.2503553330898285,0.027808946966831213,-0.06854842675787443,-0.00940881288448604,0.0014664461027389386,-0.020693288322023218,-0.19075249218272639,-0.18360787630081177,-0.046192254871130004,-0.12688997387886047,0.20570203961306638,0.7589798477494419,26.656963893706457,0.0816629700592673,0.08181219307061624,0.2488033466648776,0.0009728380000524339,1
11.502600908279419,-0.03239941969513893,-0.03542051091790199,0.2502638101577759,0.03343466645385006,-0.06749808797635988,-0.009744554744812058,-0.0002852287735959358,-0.02129353431856318,-0.19115767857153765,-0.18158988654613495,-0.030895410105586052,-0.013150341808795925,0.19596656334196574,0.7517275434074537,26.658835675549156,0.08623054197881617,0.07503057003962058,0.19218505862666002,0.0009756310000739177,1
11.512594223022461,-0.03179849311709404,-0.03640645742416382,0.2501815855503082,0.027425571872470758,-0.06991688174064348,-0.012833771274388873,-0.0018528155998174256,-0.021339863294005834,-0.1907920875905953,-0.1550554782152176,-0.06014821305871009,0.048272464424371726,0.20272995032547725,0.7564502673289506,26.663403779454224,0.07711115014805318,0.08990021013239763,0.15833115954180976,0.0009699750007712282,1
11.522592067718506,-0.030664250254631042,-0.038324180990457535,0.2500108480453491,0.02687192160433546,-0.06946153244819236,-0.010737197367022921,-0.003072466881360647,-0.022204966196138987,-0.1896721569202029,-0.1238839253783226,-0.040275283157825456,0.1356608271598816,0.20356667291524055,0.7644445184107329,26.66263780655192,0.06540134935822825,0.08245608872041013,0.11393929931646314,0.001006217999929504,1
11.532590389251709,-0.03012038767337799,-0.039272457361221313,0.24993456900119781,0.02902567882703926,-0.0678033607295107,-0.008094617117102637,-0.00489074098483977,-0.022886029157170196,-0.18626970125375664,-0.10570445656776428,-0.07122769206762311,0.25412485003471375,0.20345179540370806,0.7639176235148016,26.659510100259208,0.061662566226333794,0.09923358849606898,0.052929216334730765,0.0009558689998812042,1
11.542590379714966,-0.029568452388048172,-0.040218252688646317,0.2498827427625656,0.025188403886591115,-0.06653361056239587,-0.007542593312663264,-0.005625957321379271,-0.023396122354392368,-0.1831548817540427,-0.06998609751462936,-0.051228944212198216,0.3219388723373413,0.2105686727391329,0.7667048279211178,26.657850086341266,0.04632811780005651,0.0912779056596416,0.014417207325685522,0.0010120150000147987,1
11.552605867385864,-0.02903694100677967,-0.04115767776966095,0.24984125792980194,0.02594247038058007,-0.06728626057146372,-0.0051874108187357935,-0.006401944384490488,-0.02389428544890082,-0.179299339403018,-0.07233953475952148,-0.05924404039978976,0.39356729388237,0.21489584554059063,0.7683304665525102,26.657326145405506,0.04609457398833332,0.09107650979992121,0.011107724279547681,0.001252727000064624,1
11.56264853477478,-0.028530728071928024,-0.042054638266563416,0.24982494115829468,0.023517552702013663,-0.06045606789716099,-0.0035108498339350477,-0.006986300366511156,-0.024735878660184785,-0.17182192855657563,-0.014947677962481976,-0.05922718346118921,0.5150633454322815,0.22896365081260406,0.7615998064245576,26.652195570997314,0.022846503138706,0.09793978849988488,-0.08455545259976249,0.0010698360001697438,1
11.572604417800903,-0.028007978573441505,-0.04295923933386803,0.24955207109451294,0.025133968976116153,-0.06733935386508358,-0.0018235000664912524,-0.006986300366511156,-0.024735878660184785,-0.17182192855657563,-0.014947677962481976,-0.05922718346118921,0.5150633454322815,0.23578758176592815,0.7593722056141399,26.65059873595519,0.023209902646657492,0.09903305842773946,-0.09338566287657019,0.0013494449995050672,1
11.58259892463684,-0.028007978573441505,-0.04295923933386803,0.24955207109451294,0.025133968976116153,-0.06733935386508358,-0.0018235000664912524,-0.006986300366511156,-0.024735878660184785,-0.17182192855657563,-0.014947677962481976,-0.05922718346118921,0.5150633454322815,0.23070418986099,0.77637335875411,26.648523497889823,0.02250880787193132,0.09871306462526311,-0.09413691001287176,0.0009986760005631368,1
11.592658519744873,-0.027055272832512856,-0.044699229300022125,0.24882516264915466,0.026355728734770392,-0.0660942798003465,-0.0005255658718456079,-0.006701305066200813,-0.026239451657236845,-0.1526697285418681,0.06640592962503433,-0.06277187168598165,0.7515048980712891,0.25142492983826764,0.7713733019636977,26.648539141509172,0.007708662585498601,0.10310477020261771,-0.16021529612395352,0.0011896679998244508,1
11.602648973464966,-0.0265936441719532,-0.045567698776721954,0.24823948740959167,0.016956722062801643,-0.054688505901257234,-0.005270159773379281,-0.006144054913723718,-0.02666196284232214,-0.1446215200504728,0.07139367610216141,-0.07937844097614279,0.7924365401268005,0.24534444028390212,0.7947771822872532,26.646862406284775,-0.018232362445233102,0.10507299848370978,-0.2199208224877653,0.0012009809997834964,1
11.612831830978394,-0.0265936441719532,-0.045567698776721954,0.24823948740959167,0.016956722062801643,-0.054688505901257234,-0.005270159773379281,-0.006144054913723718,-0.02666196284232214,-0.1446215200504728,0.07139367610216141,-0.07937844097614279,0.7924365401268005,0.2704664077754117,0.7912545821710432,26.652298396670645,-0.021664864411013007,0.11571211766448965,-0.24813509791539434,0.0026302449996364885,1
11.622672319412231,-0.025901097804307938,-0.0470200814306736,0.2471759021282196,0.016181662545654993,-0.05415951091195347,-0.004841498086070546,-0.005363022040552057,-0.02734710472572255,-0.13652457873129586,0.10442432016134262,-0.05003077164292325,0.8256333470344543,0.2861096302226165,0.7988704586897499,26.654525113605725,-0.04033687152299896,0.10348200362790609,-0.27000902556373435,0.0008458130005237763,1
11.632568359375,-0.02581971138715744,-0.04749554023146629,0.24677740037441254,0.015461357406522887,-0.053105715640287404,-0.0016407608146946598,-0.003713045372949253,-0.02807139088714683,-0.12252751632142456,0.14200198650360107,-0.0605247989296912,0.9472998380661011,0.30519470588391356,0.8110177483823119,26.651275261871756,-0.06355061578826601,0.11103903778512665,-0.3371340265825202,0.001047419999849808,1
11.642590045928955,-0.02580990642309189,-0.047875773161649704,0.2464609146118164,0.01525599701931892,-0.051307227447665846,-0.0018593922783114946,-0.002564596641045025,-0.028450566540274558,-0.11296881662872238,0.14745722711086273,-0.04719522222876537,0.9655959606170654,0.3206490200816429,0.8194065192120961,26.65061400327624,-0.06981569002078716,0.10569066901512746,-0.35763440239351946,0.0010731180000220775,1
11.652581930160522,-0.025868194177746773,-0.04819173738360405,0.24620506167411804,0.011819720127185166,-0.04646425697052667,-0.00015864706375591525,-0.0011284641802626894,-0.028967022682434784,-0.10267251918068387,0.18305762112140656,-0.04690548032522189,1.0251425504684448,0.34420775663280745,0.8225906894850797,26.64807512171249,-0.09106164809795557,0.10769632234889909,-0.39390882469999955,0.0010987460000251303,1
11.662618398666382,-0.02599097415804863,-0.0484025776386261,0.2460019439458847,0.012523934548745261,-0.044680431629829154,0.00024514051033589076,0.0004282427749751072,-0.02926190224909453,-0.09186056603656922,0.18282340466976166,-0.04177133738994585,1.0824565887451172,0.3615734682842953,0.8252288458611811,26.64671114698812,-0.0956228760860792,0.10600391861010348,-0.4161527625787409,0.0011127820007459377,1
