time_s,pos_x_m,pos_y_m,pos_z_m,vel_vx_m/s,vel_vy_m/s,vel_vz_m/s,att_roll_rad,att_pitch_rad,att_yaw_rad,ang_vel_p_rad/s,ang_vel_q_rad/s,ang_vel_r_rad/s,control_Fx_N,control_Fy_N,control_Fz_N,control_tau_x_Nm,control_tau_y_Nm,control_tau_z_Nm,solve_time_s,solve_success
0.002794504165649414,0.02162904478609562,-0.015693416818976402,0.4801344573497772,-0.012598380607587339,0.017498305177979685,0.04564880570472758,-0.006912847693322455,-0.06235644732750956,-0.05891475935779189,0.38917237520217896,-0.11844862252473833,-0.12502527236938474,0.14475301200585095,0.06259857986108756,25.891451539075778,-0.175140160229556,0.24054272059006637,0.08276268495653759,0.0008495279980706982,1
0.012841463088989258,0.02162904478609562,-0.015693416818976402,0.4801344573497772,-0.012598380607587339,0.017498305177979685,0.04564880570472758,-0.006912847693322455,-0.06235644732750956,-0.05891475935779189,0.38917237520217896,-0.11844862252473833,-0.12502527236938474,0.1575500397534865,0.07143449043142461,25.891511114428962,-0.17512023151298234,0.24048992899795796,0.08284131190356131,0.00259789399933652,1
0.022823572158813477,0.02162904478609562,-0.015693416818976402,0.4801344573497772,-0.012598380607587339,0.017498305177979685,0.04564880570472758,-0.006912847693322455,-0.06235644732750956,-0.05891475935779189,0.38917237520217896,-0.11844862252473833,-0.12502527236938474,0.16527026154449714,0.0767808627305144,25.891472194747774,-0.1751010740778892,0.24046102154705312,0.08285022806040786,0.0008346499998879153,1
0.033067941665649414,0.02029658854007721,-0.014788692817091942,0.48323652148246765,-0.02942681697732542,0.005756160321213717,0.047757103945743,0.011146889636646673,-0.06130734975195029,-0.06350206664454472,0.46708914637565613,0.1421588808298111,-0.11019203066825868,0.19406204507246322,0.13098093832506158,25.88150686368295,-0.24990340939160305,0.14354312961518134,0.08231301131639572,0.0019013970013475046,1
0.04270625114440918,0.02029658854007721,-0.014788692817091942,0.48323652148246765,-0.02942681697732542,0.005756160321213717,0.047757103945743,0.011146889636646673,-0.06130734975195029,-0.06350206664454472,0.46708914637565613,0.1421588808298111,-0.11019203066825868,0.2023534711104593,0.1800655570111181,25.87189137156812,-0.26740784161979836,0.10740235068792625,0.08088957484020327,0.0008495269976265263,1
0.05282402038574219,0.019930193200707436,-0.014729432761669159,0.48385581374168396,-0.04246733712376955,0.004652184453611372,0.04767123234941087,0.018247532022263258,-0.0578535917327212,-0.0651466144883659,0.46730056405067444,0.24490149319171903,-0.11827211081981662,0.22286039576928982,0.22760539765682378,25.867526874692828,-0.2881495825493258,0.046978140797253924,0.08402335637053668,0.002526442000089446,1
0.06282281875610352,0.019930193200707436,-0.014729432761669159,0.48385581374168396,-0.04246733712376955,0.004652184453611372,0.04767123234941087,0.018247532022263258,-0.0578535917327212,-0.0651466144883659,0.46730056405067444,0.24490149319171903,-0.11827211081981662,0.2353957531777278,0.2562741018511906,25.8667398471262,-0.2884581335647896,0.04590058064003091,0.08449502124235414,0.0008389809991058428,1
0.07281756401062012,0.019930193200707436,-0.014729432761669159,0.48385581374168396,-0.04246733712376955,0.004652184453611372,0.04767123234941087,0.018247532022263258,-0.0578535917327212,-0.0651466144883659,0.46730056405067444,0.24490149319171903,-0.11827211081981662,0.24295132274104708,0.2735983824332156,25.866536176597517,-0.28840415168894934,0.04585510857524929,0.08455224014913335,0.0025354520003020298,1
0.08254718780517578,0.019930193200707436,-0.014729432761669159,0.48385581374168396,-0.04246733712376955,0.004652184453611372,0.04767123234941087,0.018247532022263258,-0.0578535917327212,-0.0651466144883659,0.46730056405067444,0.24490149319171903,-0.11827211081981662,0.2475024883581347,0.2840679819817364,25.86645340591977,-0.28836715229440435,0.045838014766179026,0.0845579084556199,0.0008516929992765654,1
0.0928187370300293,0.0181744322180748,-0.014593786559998989,0.4865073561668396,-0.04905606490393594,-0.013119537128583773,0.058688491137215616,0.0362551764007879,-0.04165004138036377,-0.0695041544199837,0.396468847990036,0.5205374956130981,-0.12389995157718665,0.20973356992810144,0.3556055104110315,25.827223408632037,-0.30604223835861166,-0.13714264653580943,0.08845496303292415,0.0027412859999458306,1
0.10281872749328613,0.017653830349445343,-0.014646011404693127,0.4872063994407654,-0.05457922064440832,-0.0016327585821107335,0.059449140046216625,0.04180043941836464,-0.03332876924254746,-0.0708629019698721,0.358940452337265,0.5767487287521362,-0.1091404855251313,0.18749829806636645,0.39879207595969557,25.82120196484757,-0.3064215148695847,-0.14024520077818034,0.08916567195473332,0.0010418120000394993,1
0.1129312515258789,0.017653830349445343,-0.014646011404693127,0.4872063994407654,-0.05457922064440832,-0.0016327585821107335,0.059449140046216625,0.04180043941836464,-0.03332876924254746,-0.0708629019698721,0.358940452337265,0.5767487287521362,-0.1091404855251313,0.17061380335475484,0.4060537646024867,25.816079965256915,-0.3024742282060741,-0.19124015597045782,0.08548025973202486,0.0016203400009544566,1
0.12267470359802246,0.017653830349445343,-0.014646011404693127,0.4872063994407654,-0.05457922064440832,-0.0016327585821107335,0.059449140046216625,0.04180043941836464,-0.03332876924254746,-0.0708629019698721,0.358940452337265,0.5767487287521362,-0.1091404855251313,0.16055812076734408,0.41044794288635694,25.815288730490924,-0.3024584738466748,-0.19210298815963428,0.08510234699514889,0.0010017200002039317,1
0.13269972801208496,0.017653830349445343,-0.014646011404693127,0.4872063994407654,-0.05457922064440832,-0.0016327585821107335,0.059449140046216625,0.04180043941836464,-0.03332876924254746,-0.0708629019698721,0.358940452337265,0.5767487287521362,-0.1091404855251313,0.15448280454874772,0.4130998609409818,25.815151942387168,-0.3024510899057895,-0.1920999391721082,0.08505565981154405,0.0018256149996886961,1
0.1425495147705078,0.015911195427179337,-0.015300898812711239,0.49012503027915955,-0.04188325273516858,-0.026229044426377038,0.06617712962823392,0.050057926011763954,-0.013164378335505322,-0.07341837257193307,0.21500137448310852,0.7144814729690552,-0.12726543843746194,0.15080975711393485,0.41469976440969697,25.81511990541603,-0.30244596949374636,-0.1920888977355086,0.08504910324900287,0.0025962179970520083,1
0.15266776084899902,0.015530028380453587,-0.015647459775209427,0.4908433258533478,-0.04472761233098119,-0.041378125546303775,0.06423956152673423,0.0527655936340663,0.0017934267272621263,-0.07514828857870182,0.0729595348238945,0.750365674495697,-0.11809808015823374,0.05106863561663211,0.5015043048160484,25.789758892475145,-0.19558454714198836,-0.3793326979409727,0.09013373575321523,0.0020528909990389366,1
0.16272568702697754,0.015167604200541973,-0.01602999120950699,0.4915502965450287,-0.040701121121404664,-0.02759298682226133,0.060339380034900775,0.0527655936340663,0.0017934267272621263,-0.07514828857870182,0.0729595348238945,0.750365674495697,-0.11809808015823374,-0.014309724065082921,0.5251782361940386,25.793797609958865,-0.19267557476016364,-0.38279759595535245,0.09106867340659487,0.0017119059994001873,1
0.17267704010009766,0.015167604200541973,-0.01602999120950699,0.4915502965450287,-0.040701121121404664,-0.02759298682226133,0.060339380034900775,0.0527655936340663,0.0017934267272621263,-0.07514828857870182,0.0729595348238945,0.750365674495697,-0.11809808015823374,-0.05382361018741686,0.5394187473026462,25.794162779729955,-0.19258884694708087,-0.38274456667365553,0.09118334100922677,0.0016250890002993401,1
0.18260955810546875,0.015167604200541973,-0.01602999120950699,0.4915502965450287,-0.040701121121404664,-0.02759298682226133,0.060339380034900775,0.0527655936340663,0.0017934267272621263,-0.07514828857870182,0.0729595348238945,0.750365674495697,-0.11809808015823374,-0.07770771975294183,0.5479871174556402,25.794075817061,-0.19256066382914003,-0.3826736076709571,0.09119215287711502,0.0008729259971005376,1
0.19255685806274414,0.015167604200541973,-0.01602999120950699,0.4915502965450287,-0.040701121121404664,-0.02759298682226133,0.060339380034900775,0.0527655936340663,0.0017934267272621263,-0.07514828857870182,0.0729595348238945,0.750365674495697,-0.11809808015823374,-0.09214402560371188,0.5531434293057323,25.793977705063885,-0.19254402211215985,-0.382630058838851,0.09118995817030698,0.001541134999570204,1
0.20272541046142578,0.014209884218871593,-0.01781267486512661,0.49423447251319885,-0.027475031115842458,-0.04842687771298663,0.055414747429671986,0.0486730070447674,0.03800834977784273,-0.07887076339834964,-0.20150668919086456,0.6700599789619446,-0.1039573550224305,-0.18853281279974485,0.5810824253904873,25.798436828369667,-0.04686863219282317,-0.4466680755758946,0.08913893562728384,0.002117848001944367,1
0.21278142929077148,0.014088678173720837,-0.01828218437731266,0.4948916733264923,-0.017494486783177828,-0.046861246306909354,0.052035134163272066,0.047208852687861125,0.04092489214345951,-0.07928284594876667,-0.25533944368362427,0.6042693257331848,-0.09782202541828162,-0.2696005468318473,0.5889938526345525,25.805061222487552,-0.013672659738817414,-0.42411209495925717,0.08746017686581298,0.0008558830013498664,1
0.2226274013519287,0.01402267161756754,-0.018833644688129425,0.4955175518989563,-0.015029038713160107,-0.05835892274351633,0.04967429085439024,0.04296201639426123,0.04899161759711035,-0.08037825026743839,-0.28939709067344666,0.4923800826072693,-0.1004099845886231,-0.33377220609412706,0.6107899274557659,25.81152928294964,0.008743861663784599,-0.3800370317337024,0.08820046161811458,0.0015085869999893475,1
0.23263859748840332,0.01402267161756754,-0.018833644688129425,0.4955175518989563,-0.015029038713160107,-0.05835892274351633,0.04967429085439024,0.04296201639426123,0.04899161759711035,-0.08037825026743839,-0.28939709067344666,0.4923800826072693,-0.1004099845886231,-0.3711981022150482,0.6254988539908848,25.8103640601194,0.01513407177875378,-0.3902409877391861,0.08878192862032251,0.0012651059987547342,1
0.24267578125,0.01402267161756754,-0.018833644688129425,0.4955175518989563,-0.015029038713160107,-0.05835892274351633,0.04967429085439024,0.04296201639426123,0.04899161759711035,-0.08037825026743839,-0.28939709067344666,0.4923800826072693,-0.1004099845886231,-0.39376785220181293,0.6343750518744639,25.810039052171426,0.01525491288733253,-0.39035106462331265,0.088845551065691,0.0013929929991718382,1
0.2526559829711914,0.01402267161756754,-0.018833644688129425,0.4955175518989563,-0.015029038713160107,-0.05835892274351633,0.04967429085439024,0.04296201639426123,0.04899161759711035,-0.08037825026743839,-0.28939709067344666,0.4923800826072693,-0.1004099845886231,-0.40739438150963136,0.6397212398242698,25.80989967814824,0.015274673018429028,-0.3903090739522492,0.08885065539269042,0.0012863399970228784,1
0.26267218589782715,0.01402267161756754,-0.018833644688129425,0.4955175518989563,-0.015029038713160107,-0.05835892274351633,0.04967429085439024,0.04296201639426123,0.04899161759711035,-0.08037825026743839,-0.28939709067344666,0.4923800826072693,-0.1004099845886231,-0.41562161541879306,0.6429409319866295,25.80982398003763,0.015285845149902734,-0.3902818254683397,0.08884969654831427,0.0012703450011031236,1
0.27277135848999023,0.014944448135793209,-0.02260766737163067,0.49857252836227417,0.02174505891654919,-0.07285814025440943,0.033050458430494,0.019479014042438347,0.05957131917328651,-0.0850052027437247,-0.47504928708076477,-0.06440234184265138,-0.09292662143707274,-0.49057499321002707,0.6177289084605044,25.837316809469765,0.15969388675670135,-0.19745403487023705,0.08770795554962214,0.003043226999579929,1
0.28308963775634766,0.014944448135793209,-0.02260766737163067,0.49857252836227417,0.02174505891654919,-0.07285814025440943,0.033050458430494,0.019479014042438347,0.05957131917328651,-0.0850052027437247,-0.47504928708076477,-0.06440234184265138,-0.09292662143707274,-0.5395958333710844,0.6168230283681178,25.845921198360873,0.17459925110912491,-0.1432813697011422,0.08863181007620494,0.0009800679981708527,1
0.29259467124938965,0.015351859852671623,-0.023307090625166893,0.4989806115627289,0.030143582579147322,-0.07300517002074527,0.03289686477816447,0.01447215251783085,0.0578824137399061,-0.08557046049029848,-0.5039591193199158,-0.19638299942016602,-0.07817366719245908,-0.5762649487906463,0.6059344133778165,25.846125081247187,0.20321466357376197,-0.07244729727112735,0.08446062203381814,0.0027461049976409413,1
0.3026313781738281,0.015351859852671623,-0.023307090625166893,0.4989806115627289,0.030143582579147322,-0.07300517002074527,0.03289686477816447,0.01447215251783085,0.0578824137399061,-0.08557046049029848,-0.5039591193199158,-0.19638299942016602,-0.07817366719245908,-0.5986017973821117,0.5994232432307016,25.84607853511028,0.20372665822966537,-0.07115164319806759,0.08406685080970684,0.0008785840000200551,1
0.31287145614624023,0.015351859852671623,-0.023307090625166893,0.4989806115627289,0.030143582579147322,-0.07300517002074527,0.03289686477816447,0.01447215251783085,0.0578824137399061,-0.08557046049029848,-0.5039591193199158,-0.19638299942016602,-0.07817366719245908,-0.6120945971111905,0.595483735454312,25.846025850689408,0.20372234478564208,-0.07108046000190518,0.08401671087109341,0.0012975149984413292,1
0.3226661682128906,0.015351859852671623,-0.023307090625166893,0.4989806115627289,0.030143582579147322,-0.07300517002074527,0.03289686477816447,0.01447215251783085,0.0578824137399061,-0.08557046049029848,-0.5039591193199158,-0.19638299942016602,-0.07817366719245908,-0.620243190314147,0.5930993922514854,25.845990391606772,0.20371379067977627,-0.07104959842486919,0.0840082909561606,0.0017929269997694064,1
0.3336191177368164,0.01720612309873104,-0.025759628042578697,0.500459611415863,0.04710054357680757,-0.06728772848470432,0.027876391912243007,-0.007752290181898935,0.03638287741465751,-0.08840276712549056,-0.4496806561946869,-0.6574041247367859,-0.05014318972825996,-0.5927260594137279,0.5450263916475747,25.8583669013108,0.23405060425092855,0.20922099682649087,0.07585760744497352,0.0026120019974769093,1
0.3425326347351074,0.017780331894755363,-0.026288986206054688,0.5008045434951782,0.0435115058009097,-0.06251052792372556,0.027573239018046435,-0.012216359769357421,0.02942167927377959,-0.08877543398567456,-0.4474887251853943,-0.7197954654693604,-0.038175854831933885,-0.5788570273035776,0.5179748012106569,25.85901411189204,0.24092797825413864,0.22290881724264808,0.07537130270223556,0.0008542069990653545,1
0.35271167755126953,0.017780331894755363,-0.026288986206054688,0.5008045434951782,0.0435115058009097,-0.06251052792372556,0.027573239018046435,-0.012216359769357421,0.02942167927377959,-0.08877543398567456,-0.4474887251853943,-0.7197954654693604,-0.038175854831933885,-0.5455342405351826,0.4850501834402115,25.86000560252581,0.25305427959501403,0.27434210722262053,0.07174323357894992,0.0025983829982578754,1
0.36264896392822266,0.017780331894755363,-0.026288986206054688,0.5008045434951782,0.0435115058009097,-0.06251052792372556,0.027573239018046435,-0.012216359769357421,0.02942167927377959,-0.08877543398567456,-0.4474887251853943,-0.7197954654693604,-0.038175854831933885,-0.5255249626787228,0.4651879248181038,25.86003642640625,0.2532078449243932,0.27515825029503954,0.07135538239105428,0.0008649629999126773,1
0.3727133274078369,0.017780331894755363,-0.026288986206054688,0.5008045434951782,0.0435115058009097,-0.06251052792372556,0.027573239018046435,-0.012216359769357421,0.02942167927377959,-0.08877543398567456,-0.4474887251853943,-0.7197954654693604,-0.038175854831933885,-0.5134291146515154,0.45318551572971166,25.859974195034855,0.2531646577394902,0.275126688123065,0.07130820691184614,0.0027350000018486753,1
0.38262104988098145,0.020015103742480278,-0.028057124465703964,0.5021754503250122,0.048671878341918065,-0.04506647632529234,0.030053239429192757,-0.02403490141227893,0.004496232836379566,-0.08940229156353796,-0.37117183208465576,-0.8868827819824219,-0.022818909958004844,-0.5061158476159061,0.445932322670975,25.859924645694573,0.25313591552533676,0.2750985260150934,0.07130217441044301,0.0014633279970439617,1
0.39267587661743164,0.02107454463839531,-0.028669117018580437,0.5031557679176331,0.05566013198123592,-0.035912283068397985,0.036001581878563164,-0.03185950086629896,-0.01810805602886889,-0.08909071211962027,-0.28411245346069336,-0.8776566982269287,0.0013290187343956116,-0.4328660940623366,0.38864221120301473,25.84334024082933,0.2357540488317641,0.47526611555373177,0.06746879034319393,0.0034882809995906428,1
0.4026327133178711,0.02107454463839531,-0.028669117018580437,0.5031557679176331,0.05566013198123592,-0.035912283068397985,0.036001581878563164,-0.03185950086629896,-0.01810805602886889,-0.08909071211962027,-0.28411245346069336,-0.8776566982269287,0.0013290187343956116,-0.393186877856024,0.33105916746486846,25.834895704803085,0.23109804347830004,0.4910641309614151,0.05897970433879758,0.0008748809996177442,1
0.41274452209472656,0.02107454463839531,-0.028669117018580437,0.5031557679176331,0.05566013198123592,-0.035912283068397985,0.036001581878563164,-0.03185950086629896,-0.01810805602886889,-0.08909071211962027,-0.28411245346069336,-0.8776566982269287,0.0013290187343956116,-0.3692877140562639,0.29625787762420724,25.83335731169679,0.23090063886130865,0.4912539087985698,0.057965064355851977,0.002650556998560205,1
0.42262768745422363,0.02107454463839531,-0.028669117018580437,0.5031557679176331,0.05566013198123592,-0.035912283068397985,0.036001581878563164,-0.03185950086629896,-0.01810805602886889,-0.08909071211962027,-0.28411245346069336,-0.8776566982269287,0.0013290187343956116,-0.3548637077325612,0.2752363255723177,25.83295793654068,0.2308202258784752,0.491204458481476,0.057839813970433446,0.0008964629996626172,1
0.4326133728027344,0.02107454463839531,-0.028669117018580437,0.5031557679176331,0.05566013198123592,-0.035912283068397985,0.036001581878563164,-0.03185950086629896,-0.01810805602886889,-0.08909071211962027,-0.28411245346069336,-0.8776566982269287,0.0013290187343956116,-0.3461572867431624,0.26253915286784296,25.83279536208714,0.23077215207697427,0.49117163389788726,0.05782388082223549,0.0027387020018068142,1
0.44261956214904785,0.022865580394864082,-0.029272520914673805,0.5058990716934204,0.03796598661621988,-0.012160877766812591,0.05065498517532436,-0.0395659650296154,-0.05407634146856699,-0.08759373980072782,-0.08101598918437958,-0.7276904582977295,0.011148000136017888,-0.28377189575486067,0.24924979666467798,25.795524221805604,0.187499330513109,0.5162319037641788,0.053563544444802935,0.0011483260022941977,1
0.45260190963745117,0.023225847631692886,-0.029257388785481453,0.5066653490066528,0.0403878423574967,-0.011054596946292251,0.05811660763842073,-0.04008288947712613,-0.06050996379683227,-0.08726943441829249,-0.0395100899040699,-0.6177416443824768,0.016008427366614418,-0.22174163955305023,0.2071100082490362,25.7832064216259,0.15414252171803947,0.5202829480046075,0.05393579035803578,0.0031111860007513314,1
0.46263647079467773,0.023225847631692886,-0.029257388785481453,0.5066653490066528,0.0403878423574967,-0.011054596946292251,0.05811660763842073,-0.04008288947712613,-0.06050996379683227,-0.08726943441829249,-0.0395100899040699,-0.6177416443824768,0.016008427366614418,-0.1945372166254893,0.18419099360497646,25.759290669789372,0.13472730901507218,0.48318139543946415,0.052433844341111174,0.0008597249980084598,1
0.47274327278137207,0.023225847631692886,-0.029257388785481453,0.5066653490066528,0.0403878423574967,-0.011054596946292251,0.05811660763842073,-0.04008288947712613,-0.06050996379683227,-0.08726943441829249,-0.0395100899040699,-0.6177416443824768,0.016008427366614418,-0.17798702215870502,0.17025154791660432,25.75558405401586,0.13436682961164578,0.4824852536502123,0.05229029760798893,0.00277760500102886,1
0.4826362133026123,0.023225847631692886,-0.029257388785481453,0.5066653490066528,0.0403878423574967,-0.011054596946292251,0.05811660763842073,-0.04008288947712613,-0.06050996379683227,-0.08726943441829249,-0.0395100899040699,-0.6177416443824768,0.016008427366614418,-0.1680002357348851,0.16182851042496887,25.754932260451117,0.13433529516991308,0.4824426412470238,0.05227340222609839,0.0008604930008004885,1
0.492628812789917,0.023225847631692886,-0.029257388785481453,0.5066653490066528,0.0403878423574967,-0.011054596946292251,0.05811660763842073,-0.04008288947712613,-0.06050996379683227,-0.08726943441829249,-0.0395100899040699,-0.6177416443824768,0.016008427366614418,-0.1619785473651965,0.15674307649722746,25.754774045789325,0.1343192206440987,0.4824233944193085,0.052271393667357134,0.0028123179981776047,1
0.5028407573699951,0.024115944281220436,-0.028654076159000397,0.5107832551002502,0.012393740626870063,0.0028821023865506306,0.06759636853087254,-0.03569510407230547,-0.07723753710214787,-0.08468354137877654,0.19973573088645935,-0.18902364373207092,0.0651282221078873,-0.11475391615340119,0.15635264572419488,25.7128035803107,0.005439504651756105,0.3182751243640479,0.03604633140341895,0.000915042997803539,1
0.5125932693481445,0.024067338556051254,-0.02844122238457203,0.5116174221038818,0.007531927170955439,0.009884720077945266,0.06511197239629167,-0.033184220795484,-0.07798000401491567,-0.08409762136786769,0.25241994857788086,-0.06297820061445235,0.06674602627754213,-0.08107847349404823,0.14727102310334486,25.7086047719831,-0.02897528922841161,0.25514519913110933,0.033394815911254774,0.0026765389993670397,1
0.522639274597168,0.023954451084136963,-0.028219521045684814,0.512444257736206,0.0011684632443889394,0.010253816183565079,0.06645189220347943,-0.030400645234319956,-0.07768311088838509,-0.08330137245752045,0.30777835845947266,0.07200928777456285,0.08520515263080596,-0.05866051191577443,0.1504736521982913,25.70002070045146,-0.06458489307886871,0.1863640114887667,0.027024838994051753,0.000849457999720471,1
0.5342705249786377,0.023954451084136963,-0.028219521045684814,0.512444257736206,0.0011684632443889394,0.010253816183565079,0.06645189220347943,-0.030400645234319956,-0.07768311088838509,-0.08330137245752045,0.30777835845947266,0.07200928777456285,0.08520515263080596,-0.04491439605336632,0.15230126720920573,25.698697509490184,-0.06513232147387031,0.18510930475225426,0.026317156156851762,0.0018275000002176967,1
0.5426876544952393,0.023954451084136963,-0.028219521045684814,0.512444257736206,0.0011684632443889394,0.010253816183565079,0.06645189220347943,-0.030400645234319956,-0.07768311088838509,-0.08330137245752045,0.30777835845947266,0.07200928777456285,0.08520515263080596,-0.03660861676813645,0.15339927187370267,25.698461284254076,-0.06513834684076557,0.1850656868511064,0.026231270272656704,0.0008529510014341213,1
0.5527734756469727,0.023954451084136963,-0.028219521045684814,0.512444257736206,0.0011684632443889394,0.010253816183565079,0.06645189220347943,-0.030400645234319956,-0.07768311088838509,-0.08330137245752045,0.30777835845947266,0.07200928777456285,0.08520515263080596,-0.03159460662927989,0.1540611881263915,25.698401927328504,-0.06513672107638012,0.1850517968519454,0.02622061366083292,0.002463231998262927,1
0.5628666877746582,0.02300817333161831,-0.027028651908040047,0.5156694054603577,-0.01618621504812291,0.023687055423664068,0.05751941719787752,-0.012220550016052822,-0.06294480373439937,-0.07896069991159438,0.4694063067436218,0.5184088945388794,0.1243005841970443,-0.0368770419301594,0.16167840002710876,25.707718172190614,-0.18896134460457942,-0.06964305703195428,0.01194746722635656,0.0008384920001844876,1
0.5727944374084473,0.022353488951921463,-0.026556404307484627,0.5172814130783081,-0.03055459642411141,0.01900035535663625,0.05151952416886881,-0.007639831721330648,-0.057515190498477864,-0.07772594300108082,0.4754828214645386,0.5853562355041504,0.131822183728218,-0.038626926096291724,0.16487335424327929,25.70662824892526,-0.19720484517323153,-0.08146485699922826,0.009943024693399785,0.003176141999574611,1
0.5828688144683838,0.022353488951921463,-0.026556404307484627,0.5172814130783081,-0.03055459642411141,0.01900035535663625,0.05151952416886881,-0.007639831721330648,-0.057515190498477864,-0.07772594300108082,0.4754828214645386,0.5853562355041504,0.131822183728218,-0.015835898922061973,0.1852208097993879,25.71544729620037,-0.2139997354722434,-0.12886423252989268,0.006585366223493148,0.0008433809998678043,1
0.5927700996398926,0.022353488951921463,-0.026556404307484627,0.5172814130783081,-0.03055459642411141,0.01900035535663625,0.05151952416886881,-0.007639831721330648,-0.057515190498477864,-0.07772594300108082,0.4754828214645386,0.5853562355041504,0.131822183728218,-0.001980904869236884,0.1974813216433302,25.716724976280968,-0.21419935650924196,-0.12974797170130162,0.006225665549348725,0.0025383159991179127,1
0.602879524230957,0.022353488951921463,-0.026556404307484627,0.5172814130783081,-0.03055459642411141,0.01900035535663625,0.05151952416886881,-0.007639831721330648,-0.057515190498477864,-0.07772594300108082,0.4754828214645386,0.5853562355041504,0.131822183728218,0.006391662139719187,0.20488428451623233,25.716893622999628,-0.2141803916939439,-0.12978740267961097,0.00618209474992269,0.0009301990030508023,1
0.6127972602844238,0.022353488951921463,-0.026556404307484627,0.5172814130783081,-0.03055459642411141,0.01900035535663625,0.05151952416886881,-0.007639831721330648,-0.057515190498477864,-0.07772594300108082,0.4754828214645386,0.5853562355041504,0.131822183728218,0.011452987473761281,0.20935359797083233,25.71690605166035,-0.21416684482176884,-0.12980244259104473,0.006176500969838659,0.0025209240011463407,1
0.6228220462799072,0.02060021460056305,-0.0255048256367445,0.5201845765113831,-0.035742670293615254,0.021630253661670325,0.04532568528615673,0.012568252745241981,-0.02573915895549428,-0.07087547043842246,0.4124850332736969,0.7876951694488525,0.16131018102169029,0.014513049019145042,0.2120516716274114,25.716900302956724,-0.21415860715064036,-0.12981137560979752,0.006175660836523339,0.0014989480005169753,1
0.6327338218688965,0.02014154940843582,-0.025340765714645386,0.520878255367279,-0.036055721245401365,0.021586505929654005,0.04407167430643365,0.016367496329164233,-0.017922723022430365,-0.06892889424826754,0.38103023171424866,0.7868115901947021,0.16993264853954307,-0.03402794686960174,0.23233298938690378,25.723571369025528,-0.23710264975092785,-0.34127047376493447,-0.010919548884962098,0.002671230999112595,1
0.6431357860565186,0.01969088800251484,-0.02519073337316513,0.5215599536895752,-0.03411054234250631,0.018664246499888865,0.042074076832302174,0.020093313024341697,-0.010142213491159513,-0.06722285133538852,0.3635867238044739,0.7861708998680115,0.17370043694972984,-0.07717139141622648,0.2548773279586636,25.72760114422252,-0.239792872711026,-0.36676618267024735,-0.014923653269354943,0.0009072889988601673,1
0.6527705192565918,0.01969088800251484,-0.02519073337316513,0.5215599536895752,-0.03411054234250631,0.018664246499888865,0.042074076832302174,0.020093313024341697,-0.010142213491159513,-0.06722285133538852,0.3635867238044739,0.7861708998680115,0.17370043694972984,-0.1031780034497392,0.26852111625296815,25.72805197847876,-0.23976538580243534,-0.36713413673092093,-0.01538999428469552,0.002592445998743642,1
0.662792444229126,0.01969088800251484,-0.02519073337316513,0.5215599536895752,-0.03411054234250631,0.018664246499888865,0.042074076832302174,0.020093313024341697,-0.010142213491159513,-0.06722285133538852,0.3635867238044739,0.7861708998680115,0.17370043694972984,-0.1188869901707118,0.27678191939074137,25.728030493057382,-0.23973995215908683,-0.36709158738548797,-0.015448005293571614,0.0008766280006966554,1
0.6727874279022217,0.01969088800251484,-0.02519073337316513,0.5215599536895752,-0.03411054234250631,0.018664246499888865,0.042074076832302174,0.020093313024341697,-0.010142213491159513,-0.06722285133538852,0.3635867238044739,0.7861708998680115,0.17370043694972984,-0.12837569376213867,0.2817836659803229,25.727973906897063,-0.23972461338078407,-0.36706121515228524,-0.015455865360444288,0.002628137001011055,1
0.682823657989502,0.018055686727166176,-0.024843312799930573,0.5248899459838867,-0.02460243176755391,0.01375151890823036,0.05063002930892637,0.03076999902231492,0.02255505206476549,-0.057850075378317545,0.13369278609752655,0.6514055132865906,0.19276063144206992,-0.1341070467995954,0.284812129084781,25.727933234209143,-0.23971531715200442,-0.3670427857791268,-0.015457273857209809,0.0013627509979414754,1
0.6928226947784424,0.017862504348158836,-0.024840600788593292,0.5255907773971558,-0.014065404238260856,0.008352124038754136,0.05298985546746645,0.03217844250387447,0.031332501194960116,-0.05463776377497265,0.05672742426395416,0.5735982656478882,0.19356839358806602,-0.18755525327057382,0.28953113403829805,25.69545142393807,-0.158133115265517,-0.3933508629019495,-0.026711439634316575,0.0026553069983492605,1
0.7026185989379883,0.017862504348158836,-0.024840600788593292,0.5255907773971558,-0.014065404238260856,0.008352124038754136,0.05298985546746645,0.03217844250387447,0.031332501194960116,-0.05463776377497265,0.05672742426395416,0.5735982656478882,0.19356839358806602,-0.24857380003429402,0.29878125454028553,25.682552439483512,-0.12345065100903961,-0.3807080314188148,-0.029986340535441598,0.0009212590011884458,1
0.7128257751464844,0.017862504348158836,-0.024840600788593292,0.5255907773971558,-0.014065404238260856,0.008352124038754136,0.05298985546746645,0.03217844250387447,0.031332501194960116,-0.05463776377497265,0.05672742426395416,0.5735982656478882,0.19356839358806602,-0.28546233601794135,0.30450048873058017,25.68042700587205,-0.12289447569676132,-0.38033103629279735,-0.030321105017150397,0.0031194280018098652,1
0.7228384017944336,0.017862504348158836,-0.024840600788593292,0.5255907773971558,-0.014065404238260856,0.008352124038754136,0.05298985546746645,0.03217844250387447,0.031332501194960116,-0.05463776377497265,0.05672742426395416,0.5735982656478882,0.19356839358806602,-0.3077392486623644,0.3079783659290356,25.679982265967343,-0.1228775878113484,-0.38026148045616465,-0.030362836878476695,0.0009086869977181777,1
0.7330496311187744,0.017862504348158836,-0.024840600788593292,0.5255907773971558,-0.014065404238260856,0.008352124038754136,0.05298985546746645,0.03217844250387447,0.031332501194960116,-0.05463776377497265,0.05672742426395416,0.5735982656478882,0.19356839358806602,-0.32119126385460756,0.31009091677607986,25.67983805150846,-0.12287233988722589,-0.3802228144138446,-0.030368936204296156,0.001004445002763532,1
0.7426116466522217,0.017768867313861847,-0.025349972769618034,0.5286381244659424,-0.0009704622426934954,0.008820211458552581,0.06442390382873102,0.02898577844823702,0.04624115132335094,-0.04622494839932312,-0.19977091252803802,0.21196711063385013,0.20563572645187375,-0.32931422597413235,0.3113738528247128,25.6797693894846,-0.12286923571303893,-0.3801995533874766,-0.030370277116039138,0.0019571340017137118,1
0.7527914047241211,0.017845813184976578,-0.02544025145471096,0.5294263958930969,-0.0026116501578866192,0.0035091696793207836,0.06407512724384727,0.025542420611053274,0.04786857248077503,-0.04323910692606159,-0.2512442171573639,0.0693565830588341,0.19593077898025513,-0.3359837336601157,0.2888256915396691,25.641989392247584,0.04766727259813194,-0.1769794343542217,-0.037818997482685746,0.0025735179988259915,1
0.762779712677002,0.017958883196115494,-0.025534315034747124,0.5302062630653381,0.008703670690688966,-0.00015725588513299595,0.06413952257343852,0.0225762406054848,0.047533649734999184,-0.04128004764184867,-0.30050864815711975,-0.02006784453988073,0.20073702931404114,-0.35940815563662615,0.27551091192322236,25.635199243575613,0.07851467887574923,-0.1292143872930886,-0.04030282033745613,0.0025142890008282848,1
0.7725992202758789,0.017958883196115494,-0.025534315034747124,0.5302062630653381,0.008703670690688966,-0.00015725588513299595,0.06413952257343852,0.0225762406054848,0.047533649734999184,-0.04128004764184867,-0.30050864815711975,-0.02006784453988073,0.20073702931404114,-0.37389029985312056,0.26808984881535003,25.633461145941453,0.08305538276217395,-0.12787421907512456,-0.04137773827167,0.00080384900138597,1
0.7827861309051514,0.017958883196115494,-0.025534315034747124,0.5302062630653381,0.008703670690688966,-0.00015725588513299595,0.06413952257343852,0.0225762406054848,0.047533649734999184,-0.04128004764184867,-0.30050864815711975,-0.02006784453988073,0.20073702931404114,-0.38265298640926954,0.263628120887291,25.633175533485755,0.08311595535655837,-0.1278231966246908,-0.04151065239150506,0.002432569999655243,1
0.7927708625793457,0.017958883196115494,-0.025534315034747124,0.5302062630653381,0.008703670690688966,-0.00015725588513299595,0.06413952257343852,0.0225762406054848,0.047533649734999184,-0.04128004764184867,-0.30050864815711975,-0.02006784453988073,0.20073702931404114,-0.387950528568739,0.2609383231714212,25.633116294599457,0.08311006323979399,-0.1278097578113947,-0.041527651102711116,0.0008088080030574929,1
0.8027546405792236,0.019392497837543488,-0.026478584855794907,0.5338824391365051,0.02421726288728359,-0.0047668009257267364,0.045575387760777145,0.00802597457354981,0.03712645959406968,-0.03361190462729802,-0.4101031720638275,-0.42941972613334656,0.19665679335594183,-0.37194272504041004,0.25458842722794534,25.652893258879118,0.15332930754864638,0.03433235166025614,-0.03851811768450847,0.0031265529978554696,1
0.8126184940338135,0.019392497837543488,-0.026478584855794907,0.5338824391365051,0.02421726288728359,-0.0047668009257267364,0.045575387760777145,0.00802597457354981,0.03712645959406968,-0.03361190462729802,-0.4101031720638275,-0.42941972613334656,0.19665679335594183,-0.3843867000516762,0.24471111246218555,25.67931177974702,0.1798671525371725,0.10657217793833791,-0.044633671829798716,0.0008515529989381321,1
0.8228263854980469,0.0197652205824852,-0.026637213304638863,0.534592866897583,0.025329962503349273,-0.0029843059486663382,0.04065061723836618,0.0017226666675580482,0.030232991912377383,-0.03101974604028257,-0.4335601031780243,-0.5116527676582336,0.18259629607200628,-0.3811720016517198,0.2252244080077701,25.695873367313915,0.21033693293316183,0.16817064038683263,-0.04264169718288409,0.0031485540021094494,1
0.8325943946838379,0.0197652205824852,-0.026637213304638863,0.534592866897583,0.025329962503349273,-0.0029843059486663382,0.04065061723836618,0.0017226666675580482,0.030232991912377383,-0.03101974604028257,-0.4335601031780243,-0.5116527676582336,0.18259629607200628,-0.37934436581028746,0.2134892093608321,25.698295920151946,0.21070337583894155,0.1692838137429591,-0.04234916361529307,0.0008477820010739379,1
0.8427927494049072,0.0197652205824852,-0.026637213304638863,0.534592866897583,0.025329962503349273,-0.0029843059486663382,0.04065061723836618,0.0017226666675580482,0.030232991912377383,-0.03101974604028257,-0.4335601031780243,-0.5116527676582336,0.18259629607200628,-0.3782427130815401,0.2063932111924223,25.69863746791002,0.2106858847087925,0.1692999633299267,-0.04231274033445394,0.002545019997342024,1
0.8527653217315674,0.0197652205824852,-0.026637213304638863,0.534592866897583,0.025329962503349273,-0.0029843059486663382,0.04065061723836618,0.0017226666675580482,0.030232991912377383,-0.03101974604028257,-0.4335601031780243,-0.5116527676582336,0.18259629607200628,-0.3775805243121916,0.20210321936546732,25.698677504486728,0.210672457075624,0.16929791977455663,-0.04230870921339662,0.0008342319997609593,1
0.8626308441162109,0.021343959495425224,-0.02707991935312748,0.5369183421134949,0.03675778582838052,-0.006303402124049304,0.02689287811452459,-0.015940608711451087,0.0011936371787513167,-0.023926318475151476,-0.35397225618362427,-0.7098431587219238,0.15522477030754098,-0.34551774184862866,0.18510884184439824,25.737543649603847,0.19800001739452353,0.3096216575941788,-0.03550327377834899,0.002542227000958519,1
0.8726892471313477,0.021741775795817375,-0.02721870131790638,0.5374264121055603,0.02526975609018321,0.002187410363959263,0.021562650804308008,-0.019453649754223257,-0.006278894242035538,-0.02206290551357748,-0.3519226312637329,-0.7527960538864136,0.14330077171325692,-0.33374813816980403,0.17817325673468581,25.74101523784471,0.22240194741367558,0.3517443224004671,-0.03738756133607314,0.0009954339984687977,1
0.8826503753662109,0.022082777693867683,-0.02722160518169403,0.5379127860069275,0.028915286052657828,0.008568364193523133,0.025020303218525438,-0.022710056663411304,-0.013964866763628514,-0.020757429825520646,-0.30395129323005676,-0.7374246716499329,0.12762701511383065,-0.28598660071707177,0.14960961011617052,25.75582861328284,0.2328763784216627,0.3963031269316336,-0.035130160363406944,0.0029633929989358876,1
0.8925564289093018,0.022082777693867683,-0.02722160518169403,0.5379127860069275,0.028915286052657828,0.008568364193523133,0.025020303218525438,-0.022710056663411304,-0.013964866763628514,-0.020757429825520646,-0.30395129323005676,-0.7374246716499329,0.12762701511383065,-0.25630858083659486,0.11716725883683828,25.74921869448869,0.21930591294319124,0.41085797322892187,-0.030854039867329444,0.0008702720006112941,1
0.9027867317199707,0.022082777693867683,-0.02722160518169403,0.5379127860069275,0.028915286052657828,0.008568364193523133,0.025020303218525438,-0.022710056663411304,-0.013964866763628514,-0.020757429825520646,-0.30395129323005676,-0.7374246716499329,0.12762701511383065,-0.2384393264991377,0.09751668785932799,25.748080165247465,0.21900136948368512,0.4110331205140652,-0.030273928861046424,0.002668296998308506,1
0.9126732349395752,0.022082777693867683,-0.02722160518169403,0.5379127860069275,0.028915286052657828,0.008568364193523133,0.025020303218525438,-0.022710056663411304,-0.013964866763628514,-0.020757429825520646,-0.30395129323005676,-0.7374246716499329,0.12762701511383065,-0.2276566905087527,0.0856360920639519,25.747816156635196,0.21895415342090488,0.41099704320937025,-0.03020234576656303,0.0008850089980114717,1
0.9228780269622803,0.022082777693867683,-0.02722160518169403,0.5379127860069275,0.028915286052657828,0.008568364193523133,0.025020303218525438,-0.022710056663411304,-0.013964866763628514,-0.020757429825520646,-0.30395129323005676,-0.7374246716499329,0.12762701511383065,-0.2211495499849662,0.07845382434014658,25.747719542945116,0.21892803957954635,0.41097299274662163,-0.030193983887329322,0.0035865529971488286,1
0.9333288669586182,0.02346271462738514,-0.02680147811770439,0.5413526296615601,0.023571228374185082,0.021269347679897514,0.04728426043007812,-0.03221245327228095,-0.04381967701159439,-0.015116432102067368,-0.1261342614889145,-0.5810121297836304,0.09318143129348762,-0.21722254757743392,0.07411192843495432,25.747670512948314,0.2189123070212691,0.4109584506982929,-0.030193236097398535,0.0018439140003465582,1
0.9426028728485107,0.023671912029385567,-0.02658098377287388,0.5422331690788269,0.021509745969765046,0.030060108833591795,0.04958544671380511,-0.03308263133425893,-0.04904275385470269,-0.014201285726155977,-0.07822977751493454,-0.5417054891586304,0.07413809001445777,-0.1772237695400095,0.03057591527131119,25.682797444177478,0.13913614182994305,0.413456329046621,-0.017678755636002547,0.0008871739992173389,1
0.9527771472930908,0.023835722357034683,-0.02633303962647915,0.5431485176086426,0.018274929289604825,0.024425512232124146,0.05600746721233997,-0.03329383493810578,-0.054162039639382265,-0.013255463764573427,-0.0016589327715337276,-0.4746270179748535,0.08030269294977194,-0.14862300933242226,0.02396709164397952,25.655568644547472,0.09993622701180026,0.3945837769140277,-0.018352815838548874,0.002564647002145648,1
0.96282958984375,0.023835722357034683,-0.02633303962647915,0.5431485176086426,0.018274929289604825,0.024425512232124146,0.05600746721233997,-0.03329383493810578,-0.054162039639382265,-0.013255463764573427,-0.0016589327715337276,-0.4746270179748535,0.08030269294977194,-0.13125570839697887,0.019834022232581,25.65141505467551,0.09930400340845102,0.3941841070949849,-0.01837172938790784,0.0025276290034526028,1
0.9727399349212646,0.023835722357034683,-0.02633303962647915,0.5431485176086426,0.018274929289604825,0.024425512232124146,0.05600746721233997,-0.03329383493810578,-0.054162039639382265,-0.013255463764573427,-0.0016589327715337276,-0.4746270179748535,0.08030269294977194,-0.1207653263218322,0.017329100426242073,25.650725759888026,0.09928723894852938,0.39414853849064835,-0.018373847921743278,0.0008324849986820482,1
0.9827768802642822,0.023835722357034683,-0.02633303962647915,0.5431485176086426,0.018274929289604825,0.024425512232124146,0.05600746721233997,-0.03329383493810578,-0.054162039639382265,-0.013255463764573427,-0.0016589327715337276,-0.4746270179748535,0.08030269294977194,-0.11443339178683122,0.015815555095710712,25.650579298056837,0.09928290830150954,0.39413083952312955,-0.01837459523610029,0.0026155650011787657,1
0.9939019680023193,0.02383931539952755,-0.02526603639125824,0.547118604183197,-0.004501349358827768,0.03359669450127654,0.07149838654007579,-0.02799581850618793,-0.06649811911399661,-0.0100332864084125,0.23353596031665802,-0.1060219556093216,0.055994860827922835,-0.08266930808630274,0.020556075000013597,25.604589552264766,-0.028740783931197944,0.2450012131314541,-0.01263401070320825,0.0008505059995513875,1
1.002760410308838,0.023702504113316536,-0.024880046024918556,0.548148512840271,-0.002442958561894297,0.04070990564087287,0.0717777831028102,-0.025271717125140203,-0.06716691080235737,-0.009714713385492235,0.2859029173851013,-0.02794592268764972,0.04459473118185997,-0.06298899205788339,0.022120029832690007,25.59736878640066,-0.033664819878847785,0.24434745686455978,-0.011963651716599313,0.0029728219997195993,1
1.0128045082092285,0.023702504113316536,-0.024880046024918556,0.548148512840271,-0.002442958561894297,0.04070990564087287,0.0717777831028102,-0.025271717125140203,-0.06716691080235737,-0.009714713385492235,0.2859029173851013,-0.02794592268764972,0.04459473118185997,-0.06086919406909405,0.012134419811026198,25.59409646535341,-0.06682133961885561,0.20711251419722093,-0.00861294709508236,0.0008003559996723197,1
1.0226173400878906,0.023702504113316536,-0.024880046024918556,0.548148512840271,-0.002442958561894297,0.04070990564087287,0.0717777831028102,-0.025271717125140203,-0.06716691080235737,-0.009714713385492235,0.2859029173851013,-0.02794592268764972,0.04459473118185997,-0.059492475189512194,0.0060232881784142035,25.593612112459653,-0.06735480257894598,0.2064472525757143,-0.008157160187447072,0.002773135001916671,1
1.0327918529510498,0.023702504113316536,-0.024880046024918556,0.548148512840271,-0.002442958561894297,0.04070990564087287,0.0717777831028102,-0.025271717125140203,-0.06716691080235737,-0.009714713385492235,0.2859029173851013,-0.02794592268764972,0.04459473118185997,-0.05865957177281477,0.0023281387779310442,25.593536112526305,-0.06737075048540082,0.20643342720954286,-0.008100019477507572,0.0007926039979793131,1
1.042618989944458,0.022854479029774666,-0.023267818614840508,0.5520662069320679,-0.01611539390370152,0.03398075338467137,0.06768783164955224,-0.012984725350999593,-0.0627453115854193,-0.00860848502217193,0.40033936500549316,0.23185226321220398,0.01671067997813222,-0.0581574815542869,9.494169138492834e-05,25.593522241086056,-0.06737577104526515,0.20643201924704976,-0.008092813857143543,0.003181520001817262,1
1.0528230667114258,0.022505631670355797,-0.022925695404410362,0.5529950857162476,-0.02878112376552644,0.03870319209990552,0.06446264664867452,-0.008756648543249757,-0.05963843211621489,-0.008440544142124917,0.4258159101009369,0.30336445569992065,0.020687779411673508,-0.02322610591945628,0.023705207666948083,25.604900528457186,-0.18407357857731727,0.022659360233070747,-0.00181872150332138,0.0008325560011144262,1
1.0626177787780762,0.022115342319011688,-0.02254200167953968,0.5538749098777771,-0.02984860210753893,0.04110377287591961,0.0630086881310503,-0.0018847075049879258,-0.054272546452386106,-0.008290274300588152,0.45575445890426636,0.37741121649742126,0.010420412756502581,-0.008794181593912945,0.040508681188996136,25.60910467812489,-0.22021350058968037,-0.03256573661539496,0.0020752051339238786,0.00248034400283359,1
1.072803258895874,0.022115342319011688,-0.02254200167953968,0.5538749098777771,-0.02984860210753893,0.04110377287591961,0.0630086881310503,-0.0018847075049879258,-0.054272546452386106,-0.008290274300588152,0.45575445890426636,0.37741121649742126,0.010420412756502581,3.0492428335183314e-05,0.05059105886688916,25.609694358445843,-0.22076815830936236,-0.03355387459150957,0.0025986235523095466,0.0008347209986823145,1
1.0827670097351074,0.022115342319011688,-0.02254200167953968,0.5538749098777771,-0.02984860210753893,0.04110377287591961,0.0630086881310503,-0.0018847075049879258,-0.054272546452386106,-0.008290274300588152,0.45575445890426636,0.37741121649742126,0.010420412756502581,0.005359702088217068,0.05668333552157208,25.609758525492182,-0.22076229616605555,-0.03358377998857465,0.0026631439242747086,0.002479506001691334,1
1.092881441116333,0.022115342319011688,-0.02254200167953968,0.5538749098777771,-0.02984860210753893,0.04110377287591961,0.0630086881310503,-0.0018847075049879258,-0.054272546452386106,-0.008290274300588152,0.45575445890426636,0.37741121649742126,0.010420412756502581,0.008577926044905008,0.06036493457403282,25.609753937466035,-0.2207535000398186,-0.03359185331592431,0.0026706199610658176,0.0008381430016015656,1
1.1028010845184326,0.020082702860236168,-0.02080216445028782,0.5577816367149353,-0.04005395253335286,0.038190722449867286,0.04895748567759835,0.01602199446606445,-0.033464861165149795,-0.0087531734327988,0.42274048924446106,0.5613200664520264,-0.0332587659358979,-0.015963438115433243,0.09795446432460293,25.626774542729212,-0.25464080656320515,-0.15357160042790777,0.010222712055333644,0.0032378860014432576,1
1.1126408576965332,0.020082702860236168,-0.02080216445028782,0.5577816367149353,-0.04005395253335286,0.038190722449867286,0.04895748567759835,0.01602199446606445,-0.033464861165149795,-0.0087531734327988,0.42274048924446106,0.5613200664520264,-0.0332587659358979,-0.00594241048251507,0.1044879956718589,25.644994532082492,-0.2566792097517868,-0.18509751423419787,0.016846708443887283,0.0008902480003598612,1
1.122781753540039,0.019677868112921715,-0.020564230158925056,0.5584787726402283,-0.029501691473295788,0.03001301175744423,0.04836084693558947,0.02237553342182297,-0.024565653537671484,-0.009733026086051755,0.41930148005485535,0.6454352140426636,-0.06429474055767068,-0.040113045202259764,0.13366724787263584,25.64894049456084,-0.2740158509344659,-0.2539014430922404,0.027580520637386932,0.0027815869980258867,1
1.1327064037322998,0.019677868112921715,-0.020564230158925056,0.5584787726402283,-0.029501691473295788,0.03001301175744423,0.04836084693558947,0.02237553342182297,-0.024565653537671484,-0.009733026086051755,0.41930148005485535,0.6454352140426636,-0.06429474055767068,-0.060627737849361665,0.15124565148701957,25.649414891489762,-0.27428053708209366,-0.25503633138278164,0.028971095069767746,0.0010103810018335935,1
1.1426472663879395,0.019677868112921715,-0.020564230158925056,0.5584787726402283,-0.029501691473295788,0.03001301175744423,0.04836084693558947,0.02237553342182297,-0.024565653537671484,-0.009733026086051755,0.41930148005485535,0.6454352140426636,-0.06429474055767068,-0.07303249758328575,0.16186006227564304,25.649418272424693,-0.2742549670643559,-0.25502269492378077,0.02914269595163006,0.0025286069976573344,1
1.152780532836914,0.019677868112921715,-0.020564230158925056,0.5584787726402283,-0.029501691473295788,0.03001301175744423,0.04836084693558947,0.02237553342182297,-0.024565653537671484,-0.009733026086051755,0.41930148005485535,0.6454352140426636,-0.06429474055767068,-0.08053421484274079,0.16826981522495701,25.64937830598153,-0.27423655265177865,-0.25500238040728374,0.029163372423981267,0.0008368859998881817,1
1.162858486175537,0.018184561282396317,-0.019789140671491623,0.5610644221305847,-0.03520397464014987,0.026909641741471722,0.04674098282169385,0.034896828628928844,0.001531257980078582,-0.011681923932878924,0.2227831929922104,0.6471524238586426,-0.09970551729202279,-0.09841849277078996,0.17685696661851769,25.652188885435407,-0.2131428473007953,-0.3294190133631053,0.040773618821536656,0.0024852330025169067,1
1.1728508472442627,0.017924092710018158,-0.019621342420578003,0.5617284178733826,-0.023464564206744403,0.027158636535882352,0.05187458176851287,0.03693487707277088,0.007267948877351493,-0.01254181944561017,0.19354555010795593,0.6052634119987488,-0.08857883512973792,-0.13829711719379237,0.1788723549633369,25.638681590747577,-0.2034804026181076,-0.3271716378900612,0.03951867066953811,0.0008470829998259433,1
1.182816982269287,0.017924092710018158,-0.019621342420578003,0.5617284178733826,-0.023464564206744403,0.027158636535882352,0.05187458176851287,0.03693487707277088,0.007267948877351493,-0.01254181944561017,0.19354555010795593,0.6052634119987488,-0.08857883512973792,-0.1623873782466737,0.1801123774058588,25.63657818443425,-0.20331855646496078,-0.3270754848601014,0.03938379650251888,0.0025154770009976346,1
1.1929054260253906,0.017924092710018158,-0.019621342420578003,0.5617284178733826,-0.023464564206744403,0.027158636535882352,0.05187458176851287,0.03693487707277088,0.007267948877351493,-0.01254181944561017,0.19354555010795593,0.6052634119987488,-0.08857883512973792,-0.176943295350298,0.18085132538737125,25.636205278084603,-0.20331328020205788,-0.3270356858366729,0.039366816921224304,0.0008513440006936435,1
1.2028098106384277,0.017924092710018158,-0.019621342420578003,0.5617284178733826,-0.023464564206744403,0.027158636535882352,0.05187458176851287,0.03693487707277088,0.007267948877351493,-0.01254181944561017,0.19354555010795593,0.6052634119987488,-0.08857883512973792,-0.18573916093170537,0.18128973515492672,25.636113159774553,-0.2033115984874406,-0.3270119738707811,0.039364299539886724,0.0028007239998260047,1
1.2136199474334717,0.017404748126864433,-0.019673973321914673,0.5638508200645447,-0.019147774081178053,0.005573006656236787,0.05988103156248155,0.039699869291415,0.026781394210092735,-0.015501080640107023,0.015215931460261345,0.4781954884529114,-0.1060084998607636,-0.21075092216951608,0.21734070507654787,25.612948316477695,-0.12481319915513096,-0.319293985208439,0.046267209966971715,0.0008565120006096549,1
1.222809076309204,0.017263682559132576,-0.019811740145087242,0.5661554336547852,0.00016542435718028397,0.003698024383354875,0.06730294972738986,0.03728186513089282,0.03595135110386494,-0.01840882858831394,-0.13467267155647278,0.3205709457397461,-0.12859815359115603,-0.2433629719297031,0.2321886257024951,25.59170633312934,-0.08018891776587966,-0.29209331496948143,0.05500521942489479,0.0033503360027680174,1
1.2328484058380127,0.017263682559132576,-0.019811740145087242,0.5661554336547852,0.00016542435718028397,0.003698024383354875,0.06730294972738986,0.03728186513089282,0.03595135110386494,-0.01840882858831394,-0.13467267155647278,0.3205709457397461,-0.12859815359115603,-0.2847761110737867,0.23519332629792813,25.583924893421784,-0.041633041173092494,-0.26769979078810124,0.05682819389682148,0.0008354189994861372,1
1.2429497241973877,0.017263682559132576,-0.019811740145087242,0.5661554336547852,0.00016542435718028397,0.003698024383354875,0.06730294972738986,0.03728186513089282,0.03595135110386494,-0.01840882858831394,-0.13467267155647278,0.3205709457397461,-0.12859815359115603,-0.3098534989392397,0.23707986242737875,25.582662060600175,-0.04097695983958816,-0.2672593083270996,0.05711016032792137,0.0026365880003140774,1
1.2528061866760254,0.017263682559132576,-0.019811740145087242,0.5661554336547852,0.00016542435718028397,0.003698024383354875,0.06730294972738986,0.03728186513089282,0.03595135110386494,-0.01840882858831394,-0.13467267155647278,0.3205709457397461,-0.12859815359115603,-0.3250036426163601,0.2382042890862509,25.582407224539672,-0.040962585617760776,-0.2672192810478164,0.05714490235526047,0.0008579780005675275,1
1.2628202438354492,0.017263682559132576,-0.019811740145087242,0.5661554336547852,0.00016542435718028397,0.003698024383354875,0.06730294972738986,0.03728186513089282,0.03595135110386494,-0.01840882858831394,-0.13467267155647278,0.3205709457397461,-0.12859815359115603,-0.334155152232647,0.23887216092386804,25.58232861020163,-0.040960301023083824,-0.26719876842052065,0.05714862093856377,0.003113561000645859,1
1.2740201950073242,0.017941802740097046,-0.020691663026809692,0.5692647099494934,0.0027812799360660773,-0.001995613624250162,0.05871075390906675,0.026074732014182533,0.04261396811267293,-0.023844677407776516,-0.3781266510486603,0.03759950026869772,-0.1618928611278534,-0.3377376041173709,0.22717009105637387,25.602276457408145,0.11082130854193706,-0.145062064663178,0.07019910993782726,0.000822497000626754,1
1.2828364372253418,0.018145103007555008,-0.02080761082470417,0.5699526071548462,0.012841662524638961,-0.008711899733565667,0.05772089953262627,0.021953182543974936,0.04176859123858989,-0.025608825440842864,-0.39873218536376953,-0.06466311961412431,-0.15330761671066284,-0.35609408121540653,0.2295692439906519,25.60697106476368,0.13462874835154112,-0.09062606835529913,0.07025127775142222,0.00251051699888194,1
1.2926690578460693,0.018495285883545876,-0.02102963626384735,0.5705910325050354,0.022329499988520372,-0.009713481217856342,0.053573626998370885,0.017561540630317563,0.040936201152746765,-0.02745997849825521,-0.4642949104309082,-0.14050133526325229,-0.1672631353139877,-0.38560053860779303,0.22411816143313404,25.617959791336194,0.17994186398788573,-0.05037266058185912,0.07559360754021471,0.0008646839996799827,1
1.3026258945465088,0.018495285883545876,-0.02102963626384735,0.5705910325050354,0.022329499988520372,-0.009713481217856342,0.053573626998370885,0.017561540630317563,0.040936201152746765,-0.02745997849825521,-0.4642949104309082,-0.14050133526325229,-0.1672631353139877,-0.4034789342888798,0.22088357901360606,25.619547855106333,0.18072601448981296,-0.04968626188200622,0.07629907303450793,0.0009204210000461899,1
1.312769889831543,0.018495285883545876,-0.02102963626384735,0.5705910325050354,0.022329499988520372,-0.009713481217856342,0.053573626998370885,0.017561540630317563,0.040936201152746765,-0.02745997849825521,-0.4642949104309082,-0.14050133526325229,-0.1672631353139877,-0.41427495449559454,0.21891510474739487,25.61975875545583,0.1807349718892269,-0.0496479449984352,0.07638593165692018,0.0027163510021637194,1
1.3228495121002197,0.018495285883545876,-0.02102963626384735,0.5705910325050354,0.022329499988520372,-0.009713481217856342,0.053573626998370885,0.017561540630317563,0.040936201152746765,-0.02745997849825521,-0.4642949104309082,-0.14050133526325229,-0.1672631353139877,-0.4207955667392899,0.21771775740143812,25.619775197439246,0.1807324665556025,-0.04963079274572769,0.07639619802276114,0.0010383190019638278,1
1.3329296112060547,0.02010495960712433,-0.02204917185008526,0.5726525187492371,0.025571636866608863,-0.010146902888324861,0.03350902719969638,-0.00031885229098849166,0.03135761406782045,-0.03369651846757149,-0.5280004143714905,-0.37152326107025146,-0.18409889936447138,-0.4281507961310675,0.2293156026599562,25.634856059256553,0.20137042279761067,-0.00473962733672733,0.07721731837373166,0.0012137710000388324,1
1.3427495956420898,0.020990315824747086,-0.022333890199661255,0.5733999013900757,0.032397679951526294,-0.019514784343082684,0.02809868747762696,-0.013761419903509431,0.018959415878915475,-0.03831310722430947,-0.5416959524154663,-0.5463076829910278,-0.19026525318622584,-0.42543318916313616,0.18330110325306348,25.683901786791466,0.28456546132377053,0.172989164441369,0.08802648813222709,0.003075705000810558,1
1.3527851104736328,0.020990315824747086,-0.022333890199661255,0.5733999013900757,0.032397679951526294,-0.019514784343082684,0.02809868747762696,-0.013761419903509431,0.018959415878915475,-0.03831310722430947,-0.5416959524154663,-0.5463076829910278,-0.19026525318622584,-0.4108532496703463,0.1756914783444134,25.697832411820308,0.3091768717452231,0.21799610145904774,0.0907138413284703,0.000846104998345254,1
1.3627605438232422,0.020990315824747086,-0.022333890199661255,0.5733999013900757,0.032397679951526294,-0.019514784343082684,0.02809868747762696,-0.013761419903509431,0.018959415878915475,-0.03831310722430947,-0.5416959524154663,-0.5463076829910278,-0.19026525318622584,-0.40210691249128533,0.17116153300875958,25.699857672029065,0.30963665215832376,0.2187138582387727,0.0910906987030211,0.0025419470002816524,1
1.372765064239502,0.020990315824747086,-0.022333890199661255,0.5733999013900757,0.032397679951526294,-0.019514784343082684,0.02809868747762696,-0.013761419903509431,0.018959415878915475,-0.03831310722430947,-0.5416959524154663,-0.5463076829910278,-0.19026525318622584,-0.396813540685623,0.16843056842600942,25.700136905511748,0.3096357441897247,0.21870853155440953,0.09113735305711547,0.0009070100022654515,1
1.3828253746032715,0.02227907069027424,-0.02276601269841194,0.574408233165741,0.03413233532198505,-0.007206731967745643,0.028038196274403165,-0.029017132484252972,-0.0007436352546412728,-0.043770527524506164,-0.49378740787506104,-0.7042897939682007,-0.19942979514598838,-0.39361126032349597,0.1667838278569602,25.7001656440942,0.3096300136168053,0.21869811392913935,0.09114288346215162,0.003883745001076022,1
1.3925962448120117,0.022690247744321823,-0.022798867896199226,0.5747661590576172,0.03612470997933597,-0.006661468199856229,0.031699262572298305,-0.03358900777696627,-0.008140284942809828,-0.0454796262819781,-0.4427419900894165,-0.7241081595420837,-0.1925986409187316,-0.3553448846635236,0.11723953291906553,25.69459295983085,0.31820747136357924,0.38413601456943636,0.09570013129427446,0.0008389810027438216,1
1.4030210971832275,0.023114211857318878,-0.022859981283545494,0.5751636624336243,0.03866713855803504,-0.0023482049081161725,0.03658328588623014,-0.03798971952921226,-0.01545550305382104,-0.047182131952810735,-0.4305405616760254,-0.7364299893379211,-0.19769455492496482,-0.32976949832944036,0.07374515170532187,25.68176742386656,0.32536537597708326,0.41362207288295544,0.0990336903616494,0.0024897029979911167,1
1.4127421379089355,0.023114211857318878,-0.022859981283545494,0.5751636624336243,0.03866713855803504,-0.0023482049081161725,0.03658328588623014,-0.03798971952921226,-0.01545550305382104,-0.047182131952810735,-0.4305405616760254,-0.7364299893379211,-0.19769455492496482,-0.31437784490025816,0.04750747368514891,25.67964520411094,0.3254498711603657,0.41407690922370627,0.09947083639956958,0.0008343720000993926,1
1.422846794128418,0.023114211857318878,-0.022859981283545494,0.5751636624336243,0.03866713855803504,-0.0023482049081161725,0.03658328588623014,-0.03798971952921226,-0.01545550305382104,-0.047182131952810735,-0.4305405616760254,-0.7364299893379211,-0.19769455492496482,-0.3050693179598563,0.03167462182679942,25.67920108238823,0.325401251966492,0.414056444452478,0.09952361296653299,0.002510167996661039,1
1.432816743850708,0.023114211857318878,-0.022859981283545494,0.5751636624336243,0.03866713855803504,-0.0023482049081161725,0.03658328588623014,-0.03798971952921226,-0.01545550305382104,-0.047182131952810735,-0.4305405616760254,-0.7364299893379211,-0.19769455492496482,-0.29943838006467616,0.022121336549507126,25.679057165180332,0.3253698557258197,0.41403912344488336,0.09952926635786771,0.0008412860006501433,1
1.4428808689117432,0.02448093332350254,-0.022144008427858353,0.5789762735366821,0.02704848143212386,0.016110496766246457,0.057659387626905555,-0.05321562889819065,-0.051517373936713184,-0.05522125750937201,-0.17734307050704956,-0.6659817099571228,-0.1734968423843383,-0.29603199920900275,0.0163572193146893,25.678988685455426,0.3253508868184077,0.4140285704853121,0.09952944998753352,0.0044904200003657024,1
1.4528286457061768,0.02448093332350254,-0.022144008427858353,0.5789762735366821,0.02704848143212386,0.016110496766246457,0.057659387626905555,-0.05321562889819065,-0.051517373936713184,-0.05522125750937201,-0.17734307050704956,-0.6659817099571228,-0.1734968423843383,-0.23964947325580194,-0.022721125763824068,25.626306222857856,0.24481740941730584,0.4817231277314028,0.09701236042970852,0.0008511339983670041,1
1.4628257751464844,0.02468065917491913,-0.021948443725705147,0.5798439979553223,0.019332105202229607,0.011195882304465062,0.06427379698534427,-0.05454514421659029,-0.05819235776766263,-0.056428705167371085,-0.11912340670824051,-0.628192126750946,-0.17142978310585014,-0.18878945766534372,-0.028850571809680557,25.601029981500126,0.21790793626303723,0.48343254722288265,0.09703719385499861,0.0025752639994607307,1
1.4728221893310547,0.02468065917491913,-0.021948443725705147,0.5798439979553223,0.019332105202229607,0.011195882304465062,0.06427379698534427,-0.05454514421659029,-0.05819235776766263,-0.056428705167371085,-0.11912340670824051,-0.628192126750946,-0.17142978310585014,-0.15805535905644807,-0.03261362646575151,25.597030383699316,0.21746393681865428,0.4834279787690994,0.09709587690629273,0.0008504359975631814,1
1.4867241382598877,0.02468065917491913,-0.021948443725705147,0.5798439979553223,0.019332105202229607,0.011195882304465062,0.06427379698534427,-0.05454514421659029,-0.05819235776766263,-0.056428705167371085,-0.11912340670824051,-0.628192126750946,-0.17142978310585014,-0.1395031918220015,-0.03485453695535663,25.5962852254372,0.21744929038123734,0.4833842036671038,0.09710201371989094,0.0009925700032908935,1
1.492532730102539,0.02468065917491913,-0.021948443725705147,0.5798439979553223,0.019332105202229607,0.011195882304465062,0.06427379698534427,-0.05454514421659029,-0.05819235776766263,-0.056428705167371085,-0.11912340670824051,-0.628192126750946,-0.17142978310585014,-0.12830787090535842,-0.03618303312953987,25.59608323308738,0.21744451822971633,0.4833567397655459,0.09710154926289637,0.000865243000589544,1
1.503201961517334,0.024585558101534843,-0.02042294107377529,0.5835729837417603,0.0027351318880683728,0.03451933019686767,0.07606921319865265,-0.051337947948845386,-0.07872120161892227,-0.061502468304146074,0.22069962322711945,-0.37668412923812866,-0.13717187941074366,-0.08699670367110608,-0.0596254588298341,25.56166448850643,0.042443018758838075,0.4167501790251641,0.08999449696006821,0.003291177999926731,1
1.5126664638519287,0.024450935423374176,-0.019916264340281487,0.5845324993133545,-0.0010594174949306717,0.040731121400301384,0.075021989311563,-0.04689441002990957,-0.08320538814717127,-0.06317522661162034,0.31951913237571716,-0.2414069026708603,-0.11265026777982709,-0.0570897567557901,-0.07875352341889362,25.5574860896807,-0.021092182491930567,0.3611995163494792,0.08289977157950465,0.0008842410024954006,1
1.5227689743041992,0.024450935423374176,-0.019916264340281487,0.5845324993133545,-0.0010594174949306717,0.040731121400301384,0.075021989311563,-0.04689441002990957,-0.08320538814717127,-0.06317522661162034,0.31951913237571716,-0.2414069026708603,-0.11265026777982709,-0.038917267321680264,-0.09043197567343883,25.556739280068125,-0.02221772501768313,0.3602590056758293,0.0821479002271807,0.0038208139994821977,1
1.533444881439209,0.024450935423374176,-0.019916264340281487,0.5845324993133545,-0.0010594174949306717,0.040731121400301384,0.075021989311563,-0.04689441002990957,-0.08320538814717127,-0.06317522661162034,0.31951913237571716,-0.2414069026708603,-0.11265026777982709,-0.027954380284774503,-0.09747351510790242,25.55654172929419,-0.022252831715924494,0.3602216505286336,0.08205690994014657,0.0011037639997084625,1
1.5426294803619385,0.024450935423374176,-0.019916264340281487,0.5845324993133545,-0.0010594174949306717,0.040731121400301384,0.075021989311563,-0.04689441002990957,-0.08320538814717127,-0.06317522661162034,0.31951913237571716,-0.2414069026708603,-0.11265026777982709,-0.021343101053968024,-0.10171686091596872,25.55645993329858,-0.02226256105573284,0.36020751274366297,0.08204545598060418,0.0008948569993663114,1
1.55381441116333,0.022787228226661682,-0.017350604757666588,0.5891125798225403,-0.036159429939519906,0.04633899454317828,0.06623025932747073,-0.023341574863786185,-0.0848658651180374,-0.06724098267027978,0.6489102840423584,0.12850627303123474,-0.07158855348825456,0.021969361978795416,-0.07286846052391782,25.555131002804547,-0.1938172669424759,0.23189710130318236,0.07203547912746891,0.0030527259987138677,1
1.5625300407409668,0.022787228226661682,-0.017350604757666588,0.5891125798225403,-0.036159429939519906,0.04633899454317828,0.06623025932747073,-0.023341574863786185,-0.0848658651180374,-0.06724098267027978,0.6489102840423584,0.12850627303123474,-0.07158855348825456,0.07670905694422812,-0.05933052324840822,25.571528168766342,-0.2537951813576466,0.18150805254161806,0.07097143530093382,0.0008832619969325606,1
1.5727338790893555,0.022259514778852463,-0.016861118376255035,0.5899385809898376,-0.041076314027894315,0.039586946931671765,0.06569354922711976,-0.016767683539437694,-0.08305851660170882,-0.06796657805228179,0.6712369918823242,0.20512709021568298,-0.06305720657110217,0.11470931463671324,-0.02861509840236956,25.574111505631404,-0.2850487359404187,0.13802191372445277,0.06860572243284441,0.0025848320001387037,1
1.582820177078247,0.022259514778852463,-0.016861118376255035,0.5899385809898376,-0.041076314027894315,0.039586946931671765,0.06569354922711976,-0.016767683539437694,-0.08305851660170882,-0.06796657805228179,0.6712369918823242,0.20512709021568298,-0.06305720657110217,0.13770694563359062,-0.010101948914414804,25.574347743446108,-0.28555337236838013,0.13722919377125,0.06839997686805525,0.0008231259998865426,1
1.592756986618042,0.022259514778852463,-0.016861118376255035,0.5899385809898376,-0.041076314027894315,0.039586946931671765,0.06569354922711976,-0.016767683539437694,-0.08305851660170882,-0.06796657805228179,0.6712369918823242,0.20512709021568298,-0.06305720657110217,0.15157602230152178,0.00109304675018939,25.574290212651416,-0.2855385577798689,0.1371847119895589,0.06837333462469548,0.002759375998721225,1
1.6026313304901123,0.022259514778852463,-0.016861118376255035,0.5899385809898376,-0.041076314027894315,0.039586946931671765,0.06569354922711976,-0.016767683539437694,-0.08305851660170882,-0.06796657805228179,0.6712369918823242,0.20512709021568298,-0.06305720657110217,0.15994015503413408,0.007862887318176952,25.57422574729939,-0.2855239394633557,0.13716525218855724,0.06836836368276987,0.0008508540013281163,1
1.6132564544677734,0.01971391960978508,-0.014884311705827713,0.5929479002952576,-0.05115244538896357,0.045478649510739856,0.05746258787913206,0.012765292065496592,-0.06680791384207652,-0.06937374759235171,0.7595181465148926,0.5451929569244385,-0.0073878606781364155,0.16222728773505285,0.029842654426304474,25.592756276145373,-0.41220372966011043,-0.07656912240808161,0.05171324159923654,0.0026188470001216047,1
1.622650146484375,0.0190744586288929,-0.014562328346073627,0.5936560034751892,-0.059170741746853245,0.0316235316452513,0.055860448143674316,0.02373534455942483,-0.05738765143060309,-0.06928865440216869,0.7102252244949341,0.6249884366989136,-0.008372460491955357,0.16469871938725353,0.08511681613687538,25.59909091677925,-0.4074247560616673,-0.13286326780297764,0.05006032335695948,0.0008781639990047552,1
1.6327600479125977,0.0190744586288929,-0.014562328346073627,0.5936560034751892,-0.059170741746853245,0.0316235316452513,0.055860448143674316,0.02373534455942483,-0.05738765143060309,-0.06928865440216869,0.7102252244949341,0.6249884366989136,-0.008372460491955357,0.16896555883470268,0.11646358859640993,25.5998466057646,-0.422564576225458,-0.1467976410977362,0.04990343138097238,0.0025680700018710922,1
1.6427505016326904,0.0190744586288929,-0.014562328346073627,0.5936560034751892,-0.059170741746853245,0.0316235316452513,0.055860448143674316,0.02373534455942483,-0.05738765143060309,-0.06928865440216869,0.7102252244949341,0.6249884366989136,-0.008372460491955357,0.171556038366261,0.13536540755677723,25.599850383593438,-0.422768065174458,-0.14704571970011157,0.04988095615357241,0.0008844500007398892,1
1.6527762413024902,0.0190744586288929,-0.014562328346073627,0.5936560034751892,-0.059170741746853245,0.0316235316452513,0.055860448143674316,0.02373534455942483,-0.05738765143060309,-0.06928865440216869,0.7102252244949341,0.6249884366989136,-0.008372460491955357,0.173112756828559,0.14678222055763346,25.59978583142786,-0.4227435033928186,-0.1470540922462458,0.04987631333856748,0.0027208909996261355,1
1.6628286838531494,0.016219107434153557,-0.013446072116494179,0.5964455008506775,-0.07240697740007418,0.031026661556047115,0.059350814601344684,0.04524099803090076,-0.03158001254023679,-0.06790681968599488,0.5172265768051147,0.8022682666778564,0.032356452196836374,0.17404824583633413,0.15367835339954034,25.59973693437728,-0.42272622667427723,-0.14705668591395776,0.04987458944455582,0.001316583002335392,1
1.6727449893951416,0.014911798760294914,-0.013223213143646717,0.597953736782074,-0.06019747633766253,0.007313626836773746,0.06940142061576685,0.05373695512471022,-0.01565214608266885,-0.06650907240973547,0.3835112750530243,0.8054969310760498,0.031087117269635103,0.1528908995960747,0.167382392756321,25.578860716055125,-0.37683111382495427,-0.32823837659445365,0.03610149519902466,0.0033992279968515504,1
1.682884693145752,0.014911798760294914,-0.013223213143646717,0.597953736782074,-0.06019747633766253,0.007313626836773746,0.06940142061576685,0.05373695512471022,-0.01565214608266885,-0.06650907240973547,0.3835112750530243,0.8054969310760498,0.031087117269635103,0.11796443213054161,0.21754806317034156,25.560326752067507,-0.34865241249036555,-0.3576749503872129,0.034251757041711656,0.0009159510009340011,1
1.6927273273468018,0.014911798760294914,-0.013223213143646717,0.597953736782074,-0.06019747633766253,0.007313626836773746,0.06940142061576685,0.05373695512471022,-0.01565214608266885,-0.06650907240973547,0.3835112750530243,0.8054969310760498,0.031087117269635103,0.09697633426420564,0.24793083618834144,25.557327586436426,-0.3481309201058378,-0.35813910749966366,0.034148995590624155,0.0027458950025902595,1
1.7025325298309326,0.014911798760294914,-0.013223213143646717,0.597953736782074,-0.06019747633766253,0.007313626836773746,0.06940142061576685,0.05373695512471022,-0.01565214608266885,-0.06650907240973547,0.3835112750530243,0.8054969310760498,0.031087117269635103,0.08430368005913133,0.2662780293978517,25.556730432023134,-0.3480838799492146,-0.3581210473331644,0.03413510503237293,0.0009095950008486398,1
1.7128801345825195,0.014911798760294914,-0.013223213143646717,0.597953736782074,-0.06019747633766253,0.007313626836773746,0.06940142061576685,0.05373695512471022,-0.01565214608266885,-0.06650907240973547,0.3835112750530243,0.8054969310760498,0.031087117269635103,0.07664776273432716,0.2773537865736758,25.556549865847046,-0.3480599293924658,-0.35810502256176524,0.03413137677272067,0.0029076569990138523,1
1.7228879928588867,0.012786349281668663,-0.013550590723752975,0.6016882658004761,-0.050813060054023446,0.004425819772649326,0.07824716730567349,0.05867833422919766,0.019572360269086708,-0.06182947031184716,-0.062384579330682755,0.7307261824607849,0.06878935545682899,0.03330301921897147,0.25684072027517096,25.532774941726153,-0.14234253293231208,-0.42098865741535096,0.019727158119084,0.000840726999740582,1
1.733870267868042,0.01241774670779705,-0.01374734379351139,0.6027264595031738,-0.04994912810233761,-0.008603437882111186,0.07435335968165756,0.05723039590786838,0.0269077992550244,-0.06057077486802509,-0.18475623428821564,0.6998381614685059,0.07005862146615974,-0.00012228994895970707,0.26715757627060405,25.538462516042024,-0.07575929669650872,-0.4274803998868822,0.017358763479493534,0.0012431750001269393,1
1.742628574371338,0.01241774670779705,-0.01374734379351139,0.6027264595031738,-0.04994912810233761,-0.008603437882111186,0.07435335968165756,0.05723039590786838,0.0269077992550244,-0.06057077486802509,-0.18475623428821564,0.6998381614685059,0.07005862146615974,-0.020294530832962804,0.2734898953481665,25.5391741967674,-0.07466879031525174,-0.4275208476680115,0.017230632765743603,0.0008959049991972279,1
1.7527351379394531,0.01241774670779705,-0.01374734379351139,0.6027264595031738,-0.04994912810233761,-0.008603437882111186,0.07435335968165756,0.05723039590786838,0.0269077992550244,-0.06057077486802509,-0.18475623428821564,0.6998381614685059,0.07005862146615974,-0.03247462523047415,0.27730724835548554,25.539197506623328,-0.07464368674156979,-0.42749752672916347,0.017215990163733954,0.0026569830006337725,1
1.7627546787261963,0.01241774670779705,-0.01374734379351139,0.6027264595031738,-0.04994912810233761,-0.008603437882111186,0.07435335968165756,0.05723039590786838,0.0269077992550244,-0.06057077486802509,-0.18475623428821564,0.6998381614685059,0.07005862146615974,-0.039829094304421,0.27960883124491653,25.539151267672764,-0.07463879464836808,-0.42748291285160434,0.01721327523938316,0.0008719479992578272,1
1.773866891860962,0.01170981302857399,-0.015557725913822651,0.607415497303009,-0.02349992641082344,-0.03075255653524319,0.06184150276863898,0.03902028901002197,0.049923672283599174,-0.055691427678632,-0.5650119781494141,0.3627200126647949,0.08601167052984234,-0.10614543362810157,0.29334163950059744,25.568284362977845,0.1553963380213536,-0.32249240209541613,0.009713344852429352,0.0025433440023334697,1
1.7825300693511963,0.01170981302857399,-0.015557725913822651,0.607415497303009,-0.02349992641082344,-0.03075255653524319,0.06184150276863898,0.03902028901002197,0.049923672283599174,-0.055691427678632,-0.5650119781494141,0.3627200126647949,0.08601167052984234,-0.14597573921407012,0.30370350919342726,25.57239273764489,0.1664966406122697,-0.32551874084019305,0.008841273550728536,0.0008695730030012783,1
1.7927353382110596,0.01174822635948658,-0.016067545861005783,0.6082245111465454,-0.02349828916754633,-0.030172413280112047,0.05791951717228825,0.03277006577987063,0.05279949668132344,-0.05464033066272078,-0.6291658878326416,0.2636564075946808,0.09726726263761518,-0.1673511314903618,0.3007672951488468,25.5828688178655,0.21616175425842812,-0.2844626747416559,0.004552400809275587,0.002602364002086688,1
1.8027620315551758,0.01174822635948658,-0.016067545861005783,0.6082245111465454,-0.02349828916754633,-0.030172413280112047,0.05791951717228825,0.03277006577987063,0.05279949668132344,-0.05464033066272078,-0.6291658878326416,0.2636564075946808,0.09726726263761518,-0.18032502783769683,0.2990604484374042,25.584357531819595,0.21693730782926016,-0.2836794151745539,0.004176810427214621,0.0008642649991088547,1
1.812767505645752,0.01174822635948658,-0.016067545861005783,0.6082245111465454,-0.02349828916754633,-0.030172413280112047,0.05791951717228825,0.03277006577987063,0.05279949668132344,-0.05464033066272078,-0.6291658878326416,0.2636564075946808,0.09726726263761518,-0.1881564403622225,0.29802658962321055,25.58453676547699,0.2169469575661286,-0.28364684919337285,0.004132384473012679,0.0025740060009411536,1
1.8227953910827637,0.01174822635948658,-0.016067545861005783,0.6082245111465454,-0.02349828916754633,-0.030172413280112047,0.05791951717228825,0.03277006577987063,0.05279949668132344,-0.05464033066272078,-0.6291658878326416,0.2636564075946808,0.09726726263761518,-0.19288460152590722,0.29740197905106797,25.584538230770043,0.21694551600102246,-0.28363512503737814,0.004126415843473344,0.0008347209986823145,1
1.8328502178192139,0.012455708347260952,-0.017661700025200844,0.61094731092453,-0.0026357716435540233,-0.030320499092840292,0.0392687730486072,-0.0012703181114077644,0.05154621304544316,-0.05085275995967109,-0.8189812898635864,-0.24325674772262573,0.0812175199389458,-0.21503588036147014,0.2509542553860304,25.63255142836599,0.40817738120950187,-0.030482116533601222,0.005840697767474537,0.0027134170013596304,1
1.8427512645721436,0.01275193877518177,-0.018051734194159508,0.6114977598190308,0.009888300657498225,-0.038565576092536365,0.036442190395625886,-0.009680403890988565,0.048256290704644655,-0.050161938412999874,-0.8336644172668457,-0.36030349135398865,0.0852625966072083,-0.24788266246018142,0.23069702350285143,25.64691796308341,0.44172227964547045,0.04035574529558082,0.004815125615426357,0.0008679670027049724,1
1.85276198387146,0.01275193877518177,-0.018051734194159508,0.6114977598190308,0.009888300657498225,-0.038565576092536365,0.036442190395625886,-0.009680403890988565,0.048256290704644655,-0.050161938412999874,-0.8336644172668457,-0.36030349135398865,0.0852625966072083,-0.2678405430507794,0.2185249820725823,25.648957071545578,0.44219013089754555,0.04167373016985151,0.004879352311940775,0.0027072019984188955,1
1.8628184795379639,0.01275193877518177,-0.018051734194159508,0.6114977598190308,0.009888300657498225,-0.038565576092536365,0.036442190395625886,-0.009680403890988565,0.048256290704644655,-0.050161938412999874,-0.8336644172668457,-0.36030349135398865,0.0852625966072083,-0.27989375711499104,0.21117824077958053,25.64920467305324,0.44217438995565084,0.04173247972375911,0.004889792306936254,0.0008632870012661442,1
1.8727803230285645,0.01275193877518177,-0.018051734194159508,0.6114977598190308,0.009888300657498225,-0.038565576092536365,0.036442190395625886,-0.009680403890988565,0.048256290704644655,-0.050161938412999874,-0.8336644172668457,-0.36030349135398865,0.0852625966072083,-0.2871751326235422,0.2067446391924761,25.649208331388817,0.44216047340995274,0.0417548640218764,0.0048905238719465375,0.0008771170032559894,1
1.882843017578125,0.014881502836942673,-0.01949547789990902,0.613830029964447,0.030818115847005934,-0.029861235969875496,0.034471832297768616,-0.045686222483146466,0.020430300356785835,-0.04619595415748101,-0.740609347820282,-0.77568519115448,0.04806218296289454,-0.29157436083441074,0.20406924765235737,25.64918891888815,0.44215201399900583,0.04176815001158644,0.00489024136912424,0.003540735000569839,1
1.8927927017211914,0.014881502836942673,-0.01949547789990902,0.613830029964447,0.030818115847005934,-0.029861235969875496,0.034471832297768616,-0.045686222483146466,0.020430300356785835,-0.04619595415748101,-0.740609347820282,-0.77568519115448,0.04806218296289454,-0.2835764487302819,0.1476086316446229,25.657935285001997,0.5008502843427064,0.325458398848633,0.012966278713262024,0.0008781650030869059,1
1.9027352333068848,0.015789009630680084,-0.019815655425190926,0.6147825121879578,0.025891788303880763,-0.004241826469749146,0.036642991007232575,-0.05893252607310684,0.003256082907470148,-0.043962859189544456,-0.6383488774299622,-0.9178483486175537,0.047599732875824086,-0.2472807145090774,0.09356622795668049,25.661654796876963,0.4987405846951231,0.379807913501901,0.011979439454530715,0.0027096459998574574,1
1.9125335216522217,0.015789009630680084,-0.019815655425190926,0.6147825121879578,0.025891788303880763,-0.004241826469749146,0.036642991007232575,-0.05893252607310684,0.003256082907470148,-0.043962859189544456,-0.6383488774299622,-0.9178483486175537,0.047599732875824086,-0.21448638327655312,0.016293366360733294,25.65512704744992,0.4915837860088426,0.45147618407187584,0.013238177902154312,0.0009409550002601463,1
1.9227805137634277,0.015789009630680084,-0.019815655425190926,0.6147825121879578,0.025891788303880763,-0.004241826469749146,0.036642991007232575,-0.05893252607310684,0.003256082907470148,-0.043962859189544456,-0.6383488774299622,-0.9178483486175537,0.047599732875824086,-0.1948754849771913,-0.030353298426103674,25.65369712770939,0.49130095863089623,0.45265883079175995,0.01359032351110093,0.002775859000394121,1
1.9325721263885498,0.015789009630680084,-0.019815655425190926,0.6147825121879578,0.025891788303880763,-0.004241826469749146,0.036642991007232575,-0.05893252607310684,0.003256082907470148,-0.043962859189544456,-0.6383488774299622,-0.9178483486175537,0.047599732875824086,-0.18304472564627103,-0.05849794777028814,25.65320992123789,0.4912083742035364,0.45264243938675636,0.013635241227203448,0.0009369740000693128,1
1.9428565502166748,0.015789009630680084,-0.019815655425190926,0.6147825121879578,0.025891788303880763,-0.004241826469749146,0.036642991007232575,-0.05893252607310684,0.003256082907470148,-0.043962859189544456,-0.6383488774299622,-0.9178483486175537,0.047599732875824086,-0.1759049177106141,-0.07547824237311171,25.652971726293966,0.49115419228860807,0.45262000667437574,0.013639651525964292,0.0027570709971769247,1
1.9538564682006836,0.017436930909752846,-0.019246064126491547,0.6168795228004456,0.02081320050405351,0.007106680178745119,0.04240540788844344,-0.07776633171630776,-0.04135426603227055,-0.038767462141920284,-0.21849438548088074,-1.0226205587387085,0.033028159290552264,-0.10337339133026821,-0.10131816992989118,25.642467373787138,0.33908573759348437,0.6321802672331955,0.015138337178924844,0.0010517289993003942,1
1.9625928401947021,0.017674341797828674,-0.018858129158616066,0.6174004673957825,0.02175914854066871,0.0209684766106307,0.043025869791993236,-0.07934440121805597,-0.051831496614005435,-0.03771173052508381,-0.14712809026241302,-1.0254900455474854,0.023335555568337565,-0.04731729835555972,-0.14610862264272062,25.63931436574201,0.30491171577637655,0.6519620777412642,0.018905219751639772,0.002806660999340238,1
1.9727165699005127,0.017674341797828674,-0.018858129158616066,0.6174004673957825,0.02175914854066871,0.0209684766106307,0.043025869791993236,-0.07934440121805597,-0.051831496614005435,-0.03771173052508381,-0.14712809026241302,-1.0254900455474854,0.023335555568337565,-0.015415037106110502,-0.17383784016064158,25.63827128736199,0.30649322017151426,0.666613585350117,0.018999677227041274,0.0009131570004683454,1
1.9827699661254883,0.018181314691901207,-0.017902055755257607,0.6184734106063843,0.021508097597874996,0.032732185085692374,0.043242361333906375,-0.07971396371722017,-0.06141432103677502,-0.03670895479634728,0.021252386271953583,-0.9991570711135864,0.035946555435657626,0.012687512251285619,-0.20868481470680875,25.636635555536007,0.22545311708252888,0.6808420290338705,0.014762919297715517,0.0028343900012259837,1
1.992798089981079,0.018181314691901207,-0.017902055755257607,0.6184734106063843,0.021508097597874996,0.032732185085692374,0.043242361333906375,-0.07971396371722017,-0.06141432103677502,-0.03670895479634728,0.021252386271953583,-0.9991570711135864,0.035946555435657626,0.0295719036976601,-0.22985913535355634,25.636122432139512,0.22407857331599174,0.6810217002249048,0.014526525155185979,0.0008929709983931389,1
2.0028250217437744,0.018181314691901207,-0.017902055755257607,0.6184734106063843,0.021508097597874996,0.032732185085692374,0.043242361333906375,-0.07971396371722017,-0.06141432103677502,-0.03670895479634728,0.021252386271953583,-0.9991570711135864,0.035946555435657626,0.0397323033386999,-0.2426166721166989,25.63587825104602,0.2240178793498693,0.6809937804179245,0.014501688118512584,0.002816299002006417,1
2.0127620697021484,0.018181314691901207,-0.017902055755257607,0.6184734106063843,0.021508097597874996,0.032732185085692374,0.043242361333906375,-0.07971396371722017,-0.06141432103677502,-0.03670895479634728,0.021252386271953583,-0.9991570711135864,0.035946555435657626,0.04584662001712626,-0.25030108667756357,25.63574077553506,0.22399379069883865,0.6809747229246333,0.014498485987591627,0.0008885710012691561,1
2.022714853286743,0.01821053959429264,-0.015578653663396835,0.6205763816833496,-0.0018064204871427675,0.04751341069904832,0.0478696522278086,-0.06716621401123524,-0.09985826400291486,-0.0323134244659018,0.5395303964614868,-0.687973141670227,0.022518457844853484,0.12247221888156326,-0.23833089779965447,25.622541723117926,-0.06728778927106746,0.628690094882713,0.01656432601004833,0.0025162450001516845,1
2.0328187942504883,0.017984405159950256,-0.014821382239460945,0.6211022734642029,-0.007635863180934927,0.05258375050587359,0.04577435156578561,-0.0607976603619349,-0.10575635380158799,-0.03174090484929781,0.6677327156066895,-0.5972946882247925,0.016556315124034954,0.18586568737604806,-0.22986770161672057,25.62457986582241,-0.15319206898319448,0.5941406866233498,0.01915403444707406,0.0009264269974664785,1
2.042811155319214,0.017984405159950256,-0.014821382239460945,0.6211022734642029,-0.007635863180934927,0.05258375050587359,0.04577435156578561,-0.0607976603619349,-0.10575635380158799,-0.03174090484929781,0.6677327156066895,-0.5972946882247925,0.016556315124034954,0.22409687584378177,-0.2248542120904256,25.624488137281247,-0.15456387876996464,0.5934163027621054,0.01973031228362651,0.002560386998084141,1
2.052840232849121,0.017984405159950256,-0.014821382239460945,0.6211022734642029,-0.007635863180934927,0.05258375050587359,0.04577435156578561,-0.0607976603619349,-0.10575635380158799,-0.03174090484929781,0.6677327156066895,-0.5972946882247925,0.016556315124034954,0.24710938602999857,-0.22178053235380848,25.624228973216347,-0.1545784489039369,0.5933363636669464,0.019800755056359625,0.0008211700005631428,1
2.0628113746643066,0.017984405159950256,-0.014821382239460945,0.6211022734642029,-0.007635863180934927,0.05258375050587359,0.04577435156578561,-0.0607976603619349,-0.10575635380158799,-0.03174090484929781,0.6677327156066895,-0.5972946882247925,0.016556315124034954,0.2609614466977764,-0.21989587861912505,25.624042562331258,-0.15457437115633388,0.5932948281485882,0.019806540701196328,0.0025509569968562573,1
2.072840929031372,0.017984405159950256,-0.014821382239460945,0.6211022734642029,-0.007635863180934927,0.05258375050587359,0.04577435156578561,-0.0607976603619349,-0.10575635380158799,-0.03174090484929781,0.6677327156066895,-0.5972946882247925,0.016556315124034954,0.269299647795595,-0.21874072560173682,25.623925840472175,-0.1545716984080821,0.5932699949971454,0.019805469926117928,0.00084037800115766,1
2.08284592628479,0.015694353729486465,-0.011218154802918434,0.6239756345748901,-0.043644771094023385,0.05712260683570822,0.056025240414840236,-0.010573326163426433,-0.1171732993003678,-0.029241280375803758,1.098169207572937,0.16905692219734192,0.032794490456581095,0.306213104792972,-0.15002081120503297,25.590800978284435,-0.4700231148046998,0.23652769170475652,0.01247928604395171,0.002963953000289621,1
2.092561960220337,0.015010780654847622,-0.010523606091737747,0.6246116757392883,-0.04987956216526791,0.05767324568802991,0.05590708918684808,0.0008613427926769113,-0.114356359430551,-0.02888954939980115,1.153143048286438,0.33583348989486694,0.04588863253593441,0.3310994689433618,-0.11235537304386062,25.585508334863906,-0.4898717499859984,0.2297514411436189,0.01252377851866649,0.0011679519993776921,1
2.10282301902771,0.015010780654847622,-0.010523606091737747,0.6246116757392883,-0.04987956216526791,0.05767324568802991,0.05590708918684808,0.0008613427926769113,-0.114356359430551,-0.02888954939980115,1.153143048286438,0.33583348989486694,0.04588863253593441,0.3469301813882344,-0.08164630422908861,25.58358662729248,-0.5224955630823174,0.14194969148874803,0.0077520138583689014,0.002852410001651151,1
2.112544059753418,0.015010780654847622,-0.010523606091737747,0.6246116757392883,-0.04987956216526791,0.05767324568802991,0.05590708918684808,0.0008613427926769113,-0.114356359430551,-0.02888954939980115,1.153143048286438,0.33583348989486694,0.04588863253593441,0.3566588456104706,-0.06316631880837285,25.583147158780655,-0.5229694292893007,0.14037873602216208,0.00748892045618231,0.000920490001590224,1
2.1228575706481934,0.015010780654847622,-0.010523606091737747,0.6246116757392883,-0.04987956216526791,0.05767324568802991,0.05590708918684808,0.0008613427926769113,-0.114356359430551,-0.02888954939980115,1.153143048286438,0.33583348989486694,0.04588863253593441,0.362511431728317,-0.05200468755641776,25.582980367776635,-0.522950346017758,0.140336107406859,0.007458932948367245,0.0027445679988886695,1
2.132841110229492,0.015010780654847622,-0.010523606091737747,0.6246116757392883,-0.04987956216526791,0.05767324568802991,0.05590708918684808,0.0008613427926769113,-0.114356359430551,-0.02888954939980115,1.153143048286438,0.33583348989486694,0.04588863253593441,0.36602937076888803,-0.045262358138088175,25.58289420135516,-0.5229338552025309,0.14032632310712745,0.007453220838125358,0.0009310370005550794,1
2.142835855484009,0.009932893328368664,-0.008304336108267307,0.6303724050521851,-0.07684347081016944,0.021757043570648903,0.06472739528276152,0.06979800720984208,-0.06782043500999535,-0.02341525989413107,1.1051901578903198,1.113110065460205,0.0655991286039351,0.3497005097765942,0.08019627058894854,25.563319977625042,-0.6756969289456973,-0.23293036682279233,-0.000880051009677551,0.005874054997548228,1
2.153759002685547,0.009932893328368664,-0.008304336108267307,0.6303724050521851,-0.07684347081016944,0.021757043570648903,0.06472739528276152,0.06979800720984208,-0.06782043500999535,-0.02341525989413107,1.1051901578903198,1.113110065460205,0.0655991286039351,0.32941264028308587,0.17268115951020968,25.5547620729643,-0.7258496242052878,-0.32723954631725627,-0.0033681640859063553,0.0010245589983242098,1
2.1628541946411133,0.009932893328368664,-0.008304336108267307,0.6303724050521851,-0.07684347081016944,0.021757043570648903,0.06472739528276152,0.06979800720984208,-0.06782043500999535,-0.02341525989413107,1.1051901578903198,1.113110065460205,0.0655991286039351,0.31732409894553,0.22834354760493578,25.552875901775284,-0.7264961817049832,-0.3288826953654705,-0.0035170280654739285,0.0029381790009210818,1
2.1728177070617676,0.009932893328368664,-0.008304336108267307,0.6303724050521851,-0.07684347081016944,0.021757043570648903,0.06472739528276152,0.06979800720984208,-0.06782043500999535,-0.02341525989413107,1.1051901578903198,1.113110065460205,0.0655991286039351,0.3099810504979392,0.2618987690476593,25.552228796510583,-0.7264311616770407,-0.328897369941467,-0.0035402500837004814,0.0009027490013977513,1
2.182864189147949,0.009932893328368664,-0.008304336108267307,0.6303724050521851,-0.07684347081016944,0.021757043570648903,0.06472739528276152,0.06979800720984208,-0.06782043500999535,-0.02341525989413107,1.1051901578903198,1.113110065460205,0.0655991286039351,0.3055153855962738,0.28212704838596425,25.551911385826106,-0.7263851768726878,-0.3288889492625877,-0.0035481234924927075,0.002772645999357337,1
2.1939728260040283,0.005707376170903444,-0.009275070391595364,0.6356234550476074,-0.06766445960740157,-0.02314691545060365,0.07816520270343974,0.10584554652166744,-0.015020728973241138,-0.015912912834130655,0.72212153673172,1.4232929944992065,0.05228214338421804,0.2568708426959705,0.364041618674103,25.535567133811064,-0.6883288443122625,-0.4396667420073655,-0.003822181737592021,0.001250927998626139,1
2.2027478218078613,0.00500339362770319,-0.009816154837608337,0.6370363831520081,-0.0693646669144267,-0.033034995542799483,0.07844284907419057,0.11676656291824816,0.014087740392640935,-0.011443524642032354,0.4202134609222412,1.5086723566055298,0.06963181495666486,0.21790650761401503,0.44740586599080173,25.515019793888893,-0.6593019181937073,-0.4814466239947874,-0.004612402795420797,0.003023739998752717,1
2.2127845287323,0.00500339362770319,-0.009816154837608337,0.6370363831520081,-0.0693646669144267,-0.033034995542799483,0.07844284907419057,0.11676656291824816,0.014087740392640935,-0.011443524642032354,0.4202134609222412,1.5086723566055298,0.06963181495666486,0.1775968178174076,0.5102419258581226,25.512116026714555,-0.5317267104738378,-0.5646270424413651,-0.012803860344291835,0.0009321539982920513,1
2.222825765609741,0.00500339362770319,-0.009816154837608337,0.6370363831520081,-0.0693646669144267,-0.033034995542799483,0.07844284907419057,0.11676656291824816,0.014087740392640935,-0.011443524642032354,0.4202134609222412,1.5086723566055298,0.06963181495666486,0.15346340163691008,0.5482671116975905,25.511135230896734,-0.5295402338925567,-0.5659594261020151,-0.013204761324041359,0.0028833510004915297,1
2.232818365097046,0.00500339362770319,-0.009816154837608337,0.6370363831520081,-0.0693646669144267,-0.033034995542799483,0.07844284907419057,0.11676656291824816,0.014087740392640935,-0.011443524642032354,0.4202134609222412,1.5086723566055298,0.06963181495666486,0.13891833755664376,0.5711216931853456,25.510649387926858,-0.5294586299017665,-0.5659537618350288,-0.013250272957958494,0.0008949969997047447,1
2.2428243160247803,0.00355415977537632,-0.012144810520112514,0.6412796378135681,-0.035683404537514944,-0.06801474127292802,0.08606995617892738,0.12220302748345091,0.050122250820346714,-0.005506667966638901,0.06140674278140068,1.4386012554168701,0.06623274087905866,0.130150332342444,0.5848549948753987,25.51037246475501,-0.5294300434737181,-0.5659368665483866,-0.013259566520141116,0.003462996999587631,1
2.25285005569458,0.0033444566652178764,-0.01316748559474945,0.6426805257797241,-0.03231083937004904,-0.07704654414577548,0.08528560334557017,0.12151087398824378,0.06394393399159348,-0.003399911059391858,-0.15279066562652588,1.3698440790176392,0.0444247126579283,0.010869578902366298,0.6598368956429692,25.488830553201677,-0.2593203844175167,-0.7108045380120956,-0.00975956523261989,0.0008931810007197782,1
2.2628273963928223,0.0032660732977092266,-0.014278636313974857,0.6440542936325073,-0.02052206453667296,-0.0867833285446718,0.08502008628650574,0.11720811490081351,0.08350454731944357,-0.00023373282641570015,-0.34763476252555847,1.2968661785125732,0.043958451598882516,-0.10189123058939728,0.714598873264078,25.485185488045165,-0.15122071448277646,-0.7695014431074104,-0.009663725269233472,0.0031224310005200095,1
2.272836685180664,0.0032660732977092266,-0.014278636313974857,0.6440542936325073,-0.02052206453667296,-0.0867833285446718,0.08502008628650574,0.11720811490081351,0.08350454731944357,-0.00023373282641570015,-0.34763476252555847,1.2968661785125732,0.043958451598882516,-0.16960448673786913,0.74753049986752,25.48365429844336,-0.1493957842856301,-0.7703651870181841,-0.00938898197957865,0.0008938790015236009,1
2.2828176021575928,0.0032660732977092266,-0.014278636313974857,0.6440542936325073,-0.02052206453667296,-0.0867833285446718,0.08502008628650574,0.11720811490081351,0.08350454731944357,-0.00023373282641570015,-0.34763476252555847,1.2968661785125732,0.043958451598882516,-0.2103318381347059,0.7672083011808263,25.482833063409707,-0.14932844151746505,-0.7703078868609019,-0.009364239184531595,0.0029126859990356024,1
2.29280948638916,0.0032660732977092266,-0.014278636313974857,0.6440542936325073,-0.02052206453667296,-0.0867833285446718,0.08502008628650574,0.11720811490081351,0.08350454731944357,-0.00023373282641570015,-0.34763476252555847,1.2968661785125732,0.043958451598882516,-0.23482909244493977,0.7789630263183872,25.482354404609207,-0.14930491288623998,-0.7702642161879263,-0.009369345837090322,0.0008866850002959836,1
2.302629232406616,0.004256570246070623,-0.019244978204369545,0.6490612626075745,0.022437974692755384,-0.10973896823206558,0.06882977505212566,0.08701580163832512,0.12623914752927945,0.005516099810222386,-1.0409787893295288,0.9002553820610046,0.025432782247662433,-0.36361947028615027,0.7982097327870454,25.507173363678792,0.1705848982474647,-0.8146423041774511,-0.001602004692551489,0.0035127270020893775,1
2.3129165172576904,0.004832548089325428,-0.02051633410155773,0.6501396298408508,0.032539501861276986,-0.11593497548144631,0.06109818058297261,0.06974510362354636,0.13753435085441534,0.006453207296897467,-1.2239443063735962,0.7001814842224121,-0.00804754719138154,-0.4720887085189417,0.8075969805737995,25.524071917662052,0.25900655020217855,-0.7889312353009733,-0.0032542202193208986,0.0009123189993260894,1
2.3228278160095215,0.004832548089325428,-0.02051633410155773,0.6501396298408508,0.032539501861276986,-0.11593497548144631,0.06109818058297261,0.06974510362354636,0.13753435085441534,0.006453207296897467,-1.2239443063735962,0.7001814842224121,-0.00804754719138154,-0.5691310328953089,0.8219944976804304,25.54600607946685,0.31188629227007236,-0.7092627586084682,0.005496941687568717,0.0032473150022269692,1
2.3329031467437744,0.004832548089325428,-0.02051633410155773,0.6501396298408508,0.032539501861276986,-0.11593497548144631,0.06109818058297261,0.06974510362354636,0.13753435085441534,0.006453207296897467,-1.2239443063735962,0.7001814842224121,-0.00804754719138154,-0.6274062113588362,0.8304684678917391,25.548498545539463,0.3127628907356497,-0.7077264032020455,0.007040617358297295,0.0009307580003223848,1
2.3431437015533447,0.004832548089325428,-0.02051633410155773,0.6501396298408508,0.032539501861276986,-0.11593497548144631,0.06109818058297261,0.06974510362354636,0.13753435085441534,0.006453207296897467,-1.2239443063735962,0.7001814842224121,-0.00804754719138154,-0.6623649342518853,0.8354577911227672,25.548397822500345,0.3127877033411878,-0.7076134499477799,0.007227676685834238,0.004074003001733217,1
2.35335373878479,0.008521054871380329,-0.02566824108362198,0.6535418033599854,0.08685568763788133,-0.13040071727450817,0.029597215289210718,0.026640849670389155,0.1504342959676359,0.006675051984248004,-1.554194450378418,0.23266743123531342,-0.034793388098478345,-0.6833451365381962,0.8384035003271557,25.548100005905734,0.31279563719094766,-0.7075603711727368,0.00724416951105638,0.0010526380028750282,1
2.362752676010132,0.009774943813681602,-0.02697022631764412,0.6541621685028076,0.10014597343659097,-0.13016989824642242,0.022270231423514652,0.01045927333234431,0.15124281955982788,0.0062301074821484725,-1.61532461643219,0.020524725317955014,-0.04169739410281181,-0.8884537292443053,0.8477385237346486,25.644396739996864,0.48093282296534,-0.3989040247839207,0.014469758774951704,0.000932085000385996,1
2.3728861808776855,0.011138302274048328,-0.028110690414905548,0.6546993851661682,0.11674340094889063,-0.1266814171301941,0.017179693820986663,-0.00554577706813264,0.150484481296707,0.0058812721341752194,-1.6072739362716675,-0.14718584716320038,-0.04721260815858839,-1.0482314494847418,0.8296680252442576,25.67072114504231,0.5299788650882786,-0.31024066517434246,0.017874143954285902,0.0028943869983777404,1
2.38289213180542,0.011138302274048328,-0.028110690414905548,0.6546993851661682,0.11674340094889063,-0.1266814171301941,0.017179693820986663,-0.00554577706813264,0.150484481296707,0.0058812721341752194,-1.6072739362716675,-0.14718584716320038,-0.04721260815858839,-1.1441717120327388,0.818825065702369,25.673623658499178,0.5307627674958304,-0.30837880834383624,0.01858904429452475,0.0008881520006980281,1
2.3928210735321045,0.011138302274048328,-0.028110690414905548,0.6546993851661682,0.11674340094889063,-0.1266814171301941,0.017179693820986663,-0.00554577706813264,0.150484481296707,0.0058812721341752194,-1.6072739362716675,-0.14718584716320038,-0.04721260815858839,-1.2017752864759157,0.8122795278780108,25.673448752632304,0.5307486707632312,-0.3081436514183418,0.018662343745371252,0.0028040069992130157,1
2.402867078781128,0.011138302274048328,-0.028110690414905548,0.6546993851661682,0.11674340094889063,-0.1266814171301941,0.017179693820986663,-0.00554577706813264,0.150484481296707,0.0058812721341752194,-1.6072739362716675,-0.14718584716320038,-0.04721260815858839,-1.2363770578040487,0.8083310757565543,25.67305880873514,0.5307331454759131,-0.3080172697166388,0.01865926540582413,0.000903866999578895,1
2.4128804206848145,0.019539635628461838,-0.03232686594128609,0.6565357446670532,0.17393444479932874,-0.10028350342737162,0.0006205389363532567,-0.0848336786404631,0.11859450735844312,0.0026160723089541094,-1.4965265989303589,-0.971786379814148,-0.13906766474246968,-1.3153111584788175,0.6212382789489184,25.728890978410224,0.6511982980339559,0.1440115058096994,0.04674595304155177,0.002799257999868132,1
2.422764778137207,0.019539635628461838,-0.03232686594128609,0.6565357446670532,0.17393444479932874,-0.10028350342737162,0.0006205389363532567,-0.0848336786404631,0.11859450735844312,0.0026160723089541094,-1.4965265989303589,-0.971786379814148,-0.13906766474246968,-1.3824328104677739,0.5296727117539827,25.734185969339205,0.763405753112568,0.16012548078497246,0.05209768200549998,0.002848289001121884,1
2.43279767036438,0.02136295661330223,-0.03279612213373184,0.6568151116371155,0.1814976483577445,-0.08447380356447791,-0.00046228321922870444,-0.0987758180685896,0.10732425972673587,0.0023232539646436123,-1.4002918004989624,-1.1135073900222778,-0.1410470753908156,-1.426011156750641,0.41636741139871036,25.740762203444184,0.7994157847323996,0.21880399634206033,0.05323440455706385,0.0008961840030679014,1
2.442819833755493,0.02136295661330223,-0.03279612213373184,0.6568151116371155,0.1814976483577445,-0.08447380356447791,-0.00046228321922870444,-0.0987758180685896,0.10732425972673587,0.0023232539646436123,-1.4002918004989624,-1.1135073900222778,-0.1410470753908156,-1.4520452971843811,0.3483312922738998,25.74082451856524,0.7997842740778058,0.21988651524026537,0.05340004227034868,0.0027873840008396655,1
2.4528355598449707,0.02136295661330223,-0.03279612213373184,0.6568151116371155,0.1814976483577445,-0.08447380356447791,-0.00046228321922870444,-0.0987758180685896,0.10732425972673587,0.0023232539646436123,-1.4002918004989624,-1.1135073900222778,-0.1410470753908156,-1.4675510684975381,0.30740523055270913,25.740295182336205,0.7996194497033845,0.21997105633062225,0.05339384874865148,0.000898070000403095,1
2.462815046310425,0.02136295661330223,-0.03279612213373184,0.6568151116371155,0.1814976483577445,-0.08447380356447791,-0.00046228321922870444,-0.0987758180685896,0.10732425972673587,0.0023232539646436123,-1.4002918004989624,-1.1135073900222778,-0.1410470753908156,-1.476788770245433,0.2827836476255068,25.739892875615006,0.7995138133346886,0.22001244940395795,0.053376564621162914,0.00284528600241174,1
2.4742517471313477,0.028936145827174187,-0.03303974121809006,0.6579587459564209,0.20909376442918037,-0.03266538673107549,0.0006484551291325419,-0.14488370501411252,0.05165848379163851,0.0021317295506499967,-0.9232605695724487,-1.5331318378448486,-0.19504420459270458,-1.4941474001592656,0.07628142097924501,25.753983840172967,0.8291002147532762,0.3622135169672374,0.0693523026028475,0.0009256590019504074,1
2.4828109741210938,0.0308015625923872,-0.03268842026591301,0.6582455039024353,0.21379990876469374,-0.027049308583930273,0.001346886175183552,-0.15647192288981904,0.02827925503119344,0.0025970894764291153,-0.7216736674308777,-1.5460699796676636,-0.21168020367622356,-1.486955088904558,-0.06819115431864958,25.759049923559818,0.7492014921883179,0.4316901717731082,0.07557503624091497,0.0027712490009434987,1
2.4928064346313477,0.03261787071824074,-0.032229822129011154,0.6585347056388855,0.21136178076598827,-0.010165729485509808,0.00024104885444465836,-0.16241169419771495,0.012633595707088219,0.0028184881851878174,-0.5770044922828674,-1.5602989196777344,-0.22643324732780437,-1.4602748177809852,-0.1981336119053296,25.763846397314012,0.6874858458524948,0.47838628973153735,0.08074901665625697,0.0008982100007415283,1
2.502852201461792,0.03261787071824074,-0.032229822129011154,0.6585347056388855,0.21136178076598827,-0.010165729485509808,0.00024104885444465836,-0.16241169419771495,0.012633595707088219,0.0028184881851878174,-0.5770044922828674,-1.5602989196777344,-0.22643324732780437,-1.444121649996899,-0.276013105711176,25.763333841964222,0.6862141647758594,0.4792179935524234,0.0816678461075634,0.0028081279997422826,1
2.5128366947174072,0.03261787071824074,-0.032229822129011154,0.6585347056388855,0.21136178076598827,-0.010165729485509808,0.00024104885444465836,-0.16241169419771495,0.012633595707088219,0.0028184881851878174,-0.5770044922828674,-1.5602989196777344,-0.22643324732780437,-1.4342787859811428,-0.3226321013914032,25.762518467486267,0.6859800996700999,0.47918922791940904,0.0817549959836912,0.0009330629982287064,1
2.5228357315063477,0.03261787071824074,-0.032229822129011154,0.6585347056388855,0.21136178076598827,-0.010165729485509808,0.00024104885444465836,-0.16241169419771495,0.012633595707088219,0.0028184881851878174,-0.5770044922828674,-1.5602989196777344,-0.22643324732780437,-1.4282821666990235,-0.350541191743488,25.761954125896953,0.6858480979410878,0.4791625750454884,0.0817470824909535,0.0029139430007489864,1
2.5325794219970703,0.03261787071824074,-0.032229822129011154,0.6585347056388855,0.21136178076598827,-0.010165729485509808,0.00024104885444465836,-0.16241169419771495,0.012633595707088219,0.0028184881851878174,-0.5770044922828674,-1.5602989196777344,-0.22643324732780437,-1.424629531967807,-0.3672497250035752,25.761604589077695,0.6857693427201588,0.47914633665375833,0.08173488027128897,0.0009339010030089412,1
2.5428173542022705,0.04135426506400108,-0.026276197284460068,0.6604715585708618,0.1830143630330239,0.0756617859420058,0.015515447594661268,-0.1607381108603887,-0.06747085078628423,0.00321663045161813,0.45101889967918396,-1.3042258024215698,-0.24438670277595503,-1.319123607081127,-0.470064286226618,25.72883786093247,0.2686761020770663,0.6710874626661574,0.08147836698064334,0.0037454509983945172,1
2.552654981613159,0.04135426506400108,-0.026276197284460068,0.6604715585708618,0.1830143630330239,0.0756617859420058,0.015515447594661268,-0.1607381108603887,-0.06747085078628423,0.00321663045161813,0.45101889967918396,-1.3042258024215698,-0.24438670277595503,-1.2134678878628609,-0.5599130514187075,25.720803436594636,0.17334683964307707,0.7135586487213023,0.08861438220483887,0.0016230629989877343,1
2.562781810760498,0.0422811359167099,-0.02482057921588421,0.6608444452285767,0.17323675744307251,0.08714064969928635,0.018719274560510542,-0.15390191215712612,-0.07948891138150893,0.0027662602399618486,0.7372874021530151,-1.1482878923416138,-0.23019164800643907,-1.1167382827299508,-0.6082789166116425,25.709634194517786,0.01930403381603385,0.7483685753133477,0.08627505247970665,0.002806660999340238,1
2.5727248191833496,0.0422811359167099,-0.02482057921588421,0.6608444452285767,0.17323675744307251,0.08714064969928635,0.018719274560510542,-0.15390191215712612,-0.07948891138150893,0.0027662602399618486,0.7372874021530151,-1.1482878923416138,-0.23019164800643907,-1.0585733628825937,-0.6374307202098174,25.707127538106814,0.016763025717049875,0.7490465757656322,0.08639042739695262,0.0009103619995585177,1
2.5828182697296143,0.0422811359167099,-0.02482057921588421,0.6608444452285767,0.17323675744307251,0.08714064969928635,0.018719274560510542,-0.15390191215712612,-0.07948891138150893,0.0027662602399618486,0.7372874021530151,-1.1482878923416138,-0.23019164800643907,-1.0235486905894886,-0.6547417755143957,25.70623931428732,0.016646964383690843,0.7489281290603099,0.08638780059100393,0.003156725000735605,1
2.5928993225097656,0.0422811359167099,-0.02482057921588421,0.6608444452285767,0.17323675744307251,0.08714064969928635,0.018719274560510542,-0.15390191215712612,-0.07948891138150893,0.0027662602399618486,0.7372874021530151,-1.1482878923416138,-0.23019164800643907,-1.002458108730705,-0.6650094902233044,25.705797646473336,0.016599496753069168,0.7488450443273005,0.08637409556630893,0.0009019809986057226,1
2.602815866470337,0.04416699707508087,-0.01845044270157814,0.6624892354011536,0.11795457434443914,0.12254094347032227,0.027851574231508226,-0.10051652227755481,-0.1193688818477181,-0.0014168295050702717,1.4905436038970947,-0.5796249508857727,-0.19111351668834678,-0.8597479422888812,-0.6658871050535322,25.680169573909996,-0.2297648725639887,0.6043884418271467,0.07560368188662893,0.0027747409985749982,1
2.6128082275390625,0.04414141923189163,-0.01678444631397724,0.6629514098167419,0.10030730775868518,0.13104346419099883,0.026979513653863297,-0.0845560094408806,-0.12449707767106277,-0.002847041786351312,1.592389464378357,-0.4881194829940796,-0.19304138422012324,-0.7316980256493545,-0.6671600727113647,25.67686693597306,-0.2569366435347402,0.5653000904222367,0.0758009327356297,0.0009028189997479785,1
2.622823476791382,0.04414141923189163,-0.01678444631397724,0.6629514098167419,0.10030730775868518,0.13104346419099883,0.026979513653863297,-0.0845560094408806,-0.12449707767106277,-0.002847041786351312,1.592389464378357,-0.4881194829940796,-0.19304138422012324,-0.6546433282134082,-0.6726139961409346,25.6754372206058,-0.27081650701983995,0.5664842797990929,0.07644174761951467,0.0027866150012414437,1
2.6328201293945312,0.04414141923189163,-0.01678444631397724,0.6629514098167419,0.10030730775868518,0.13104346419099883,0.026979513653863297,-0.0845560094408806,-0.12449707767106277,-0.002847041786351312,1.592389464378357,-0.4881194829940796,-0.19304138422012324,-0.608317152848164,-0.6757365631633533,25.67469001987368,-0.2710557033200029,0.5663591643665331,0.07651303103452688,0.0009092449981835671,1
2.642819881439209,0.04414141923189163,-0.01678444631397724,0.6629514098167419,0.10030730775868518,0.13104346419099883,0.026979513653863297,-0.0845560094408806,-0.12449707767106277,-0.002847041786351312,1.592389464378357,-0.4881194829940796,-0.19304138422012324,-0.5804631351911097,-0.6775003356768611,25.674257876619162,-0.27107053276826387,0.5662569719278508,0.0765100652790327,0.0028540860002976842,1
2.6528639793395996,0.04414141923189163,-0.01678444631397724,0.6629514098167419,0.10030730775868518,0.13104346419099883,0.026979513653863297,-0.0845560094408806,-0.12449707767106277,-0.002847041786351312,1.592389464378357,-0.4881194829940796,-0.19304138422012324,-0.5637157530579632,-0.6784917156923016,25.67400055693414,-0.27107724607850636,0.566194999042801,0.07650260320874973,0.0008966040004452225,1
2.6628329753875732,0.041777919977903366,-0.009702908806502819,0.6654361486434937,0.03223731723854086,0.13045980034975715,0.033567585249794425,-0.0019835687354419207,-0.12748295259625486,-0.01044131403320403,1.9241605997085571,0.2209815680980682,-0.1666952967643738,-0.44850643936727164,-0.6005323657343504,25.65204179496201,-0.5065747462583909,0.22314631278105307,0.06928404365816689,0.0027263390002190135,1
2.6728672981262207,0.040864475071430206,-0.008562113158404827,0.6659383177757263,0.021747743169309896,0.11878371970260114,0.035911188232731074,0.01758578970088287,-0.12414822060657738,-0.012021168165381013,1.9475058317184448,0.3965824842453003,-0.1639638394117356,-0.371574150588476,-0.5087083715066624,25.64153994517305,-0.5675979596188089,0.12420774076900513,0.06908824392197557,0.0009592540009180084,1
2.682670831680298,0.040864475071430206,-0.008562113158404827,0.6659383177757263,0.021747743169309896,0.11878371970260114,0.035911188232731074,0.01758578970088287,-0.12414822060657738,-0.012021168165381013,1.9475058317184448,0.3965824842453003,-0.1639638394117356,-0.3251117860799751,-0.45338869459656495,25.63930494983413,-0.5685705267175896,0.12240412657121354,0.0693560740482695,0.0029114990029484034,1
2.6928019523620605,0.040864475071430206,-0.008562113158404827,0.6659383177757263,0.021747743169309896,0.11878371970260114,0.035911188232731074,0.01758578970088287,-0.12414822060657738,-0.012021168165381013,1.9475058317184448,0.3965824842453003,-0.1639638394117356,-0.2972229378270632,-0.4199694875551049,25.638553777591063,-0.5684858180372306,0.12227919592165372,0.0693861366148066,0.0009071500026038848,1
2.7026422023773193,0.040864475071430206,-0.008562113158404827,0.6659383177757263,0.021747743169309896,0.11878371970260114,0.035911188232731074,0.01758578970088287,-0.12414822060657738,-0.012021168165381013,1.9475058317184448,0.3965824842453003,-0.1639638394117356,-0.2804905327763153,-0.3997782645528079,25.638189347540408,-0.5684225500063902,0.12222003391859385,0.06938529185089332,0.0028487069976108614,1
2.713369607925415,0.03652070090174675,-0.0058218324556946754,0.6679922938346863,-0.024395929867098723,0.0737947893137809,0.0366362598126939,0.10278670035583959,-0.09084893592474241,-0.01746338579691642,1.7875608205795288,0.9731462597846985,-0.1749367266893388,-0.23972150621068233,-0.18478072980367485,25.638624870647067,-0.7516542685895268,-0.2145827264826435,0.07514720165035682,0.0009068710023711901,1
2.722630739212036,0.03395850956439972,-0.005659641232341528,0.6694269180297852,-0.03839823234444616,0.05715221533547415,0.03941506151632986,0.12015932745437574,-0.0802795286301734,-0.017859979215505195,1.7009726762771606,1.0519208908081055,-0.16041992604732527,-0.19359288912460845,-0.004467190144824107,25.629449914407527,-0.8353050452117435,-0.2840384728707949,0.07319800456401475,0.0029276330024003983,1
2.7326676845550537,0.03275773301720619,-0.005920533090829849,0.6701633334159851,-0.04516134435053418,0.03535415919956615,0.04001965019983103,0.14419206687219877,-0.06332397700994585,-0.01832527763787306,1.5582600831985474,1.1551425457000732,-0.1716098487377168,-0.15902687088489612,0.10290425240486008,25.626457573185213,-0.8438228765771989,-0.2969057628117669,0.07285980513703097,0.001034687000355916,1
2.7427730560302734,0.03275773301720619,-0.005920533090829849,0.6701633334159851,-0.04516134435053418,0.03535415919956615,0.04001965019983103,0.14419206687219877,-0.06332397700994585,-0.01832527763787306,1.5582600831985474,1.1551425457000732,-0.1716098487377168,-0.13752599014803032,0.25073924420834104,25.626177956945778,-0.8881643015700392,-0.3450479305727291,0.0766654536875813,0.0031299049987865146,1
2.7528305053710938,0.03275773301720619,-0.005920533090829849,0.6701633334159851,-0.04516134435053418,0.03535415919956615,0.04001965019983103,0.14419206687219877,-0.06332397700994585,-0.01832527763787306,1.5582600831985474,1.1551425457000732,-0.1716098487377168,-0.12479808460824328,0.3392290017828612,25.624725293835684,-0.8886554771934415,-0.34586365116789186,0.07712482615237348,0.0015493069986405317,1
2.762718677520752,0.03275773301720619,-0.005920533090829849,0.6701633334159851,-0.04516134435053418,0.03535415919956615,0.04001965019983103,0.14419206687219877,-0.06332397700994585,-0.01832527763787306,1.5582600831985474,1.1551425457000732,-0.1716098487377168,-0.11731687113804606,0.3922699863128863,25.623671027780173,-0.88848726628467,-0.3459087992948359,0.0771796035379575,0.0009545749999233522,1
2.7728195190429688,0.03275773301720619,-0.005920533090829849,0.6701633334159851,-0.04516134435053418,0.03535415919956615,0.04001965019983103,0.14419206687219877,-0.06332397700994585,-0.01832527763787306,1.5582600831985474,1.1551425457000732,-0.1716098487377168,-0.11292184514322398,0.424064944089561,25.62301169556417,-0.8883790179551367,-0.34592875256766464,0.0771855557727164,0.002307127000676701,1
2.7825982570648193,0.028271902352571487,-0.009287017397582531,0.6731711626052856,-0.06544215997420745,-0.03068222052753408,0.05374755962314408,0.19286309888449749,-0.014068679167031917,-0.016456480307300847,0.9402469396591187,1.26426100730896,-0.17835946381092088,-0.10536427391233424,0.642664452473668,25.588364450726296,-0.9204612598129807,-0.4859258462246887,0.07775244364310385,0.000920490001590224,1
2.79268479347229,0.02732726000249386,-0.010613935068249702,0.6739811301231384,-0.06801615660289774,-0.046438817644281996,0.05625197958952209,0.2041810020044661,0.004699641740056659,-0.01526400881633938,0.7175893187522888,1.2339882850646973,-0.16426010429859175,-0.11078883127609167,0.8064338510012363,25.572901715566204,-0.8304262014507379,-0.541912487233169,0.07273518616946258,0.0021554939994530287,1
2.8027069568634033,0.02651529759168625,-0.01216681394726038,0.674828827381134,-0.06901109972652412,-0.06971519568560333,0.061415856675914586,0.20685606096545373,0.010670438175895303,-0.014953475204319666,0.5197733044624329,1.1938365697860718,-0.1764057725667955,-0.11433007071658444,0.9390268514548928,25.550201604642517,-0.7369869432638022,-0.5599608527227046,0.07589541173434901,0.0009248210008081514,1
2.81266450881958,0.02651529759168625,-0.01216681394726038,0.674828827381134,-0.06901109972652412,-0.06971519568560333,0.061415856675914586,0.20685606096545373,0.010670438175895303,-0.014953475204319666,0.5197733044624329,1.1938365697860718,-0.1764057725667955,-0.11637455177663378,1.018505026839207,25.545439506006762,-0.7352694133244035,-0.5603952744602554,0.07667810083287019,0.00191194400031236,1
2.82269549369812,0.02651529759168625,-0.01216681394726038,0.674828827381134,-0.06901109972652412,-0.06971519568560333,0.061415856675914586,0.20685606096545373,0.010670438175895303,-0.014953475204319666,0.5197733044624329,1.1938365697860718,-0.1764057725667955,-0.11759670015632698,1.065924907626483,25.54388663250132,-0.7351074370973137,-0.5604006670864589,0.07678001980040322,0.0020122409987379797,1
2.8328232765197754,0.02651529759168625,-0.01216681394726038,0.674828827381134,-0.06901109972652412,-0.06971519568560333,0.061415856675914586,0.20685606096545373,0.010670438175895303,-0.014953475204319666,0.5197733044624329,1.1938365697860718,-0.1764057725667955,-0.11833040462419961,1.0942014763723296,25.543151831286583,-0.7350254806265731,-0.56039900584303,0.07679215299296002,0.001884074998088181,1
2.842674493789673,0.024063043296337128,-0.022471120581030846,0.679689347743988,-0.04949009043633677,-0.16795402868137305,0.08097533604135877,0.20818014176319277,0.058295460864658644,-0.01325418374273779,-0.4364785850048065,0.8533480167388916,-0.19096146523952495,-0.118771275700421,1.1110607014103515,25.542742121347395,-0.7349770969642152,-0.5603980048467739,0.07679334112699164,0.002904165001382353,1
2.852663993835449,0.024063043296337128,-0.022471120581030846,0.679689347743988,-0.04949009043633677,-0.16795402868137305,0.08097533604135877,0.20818014176319277,0.058295460864658644,-0.01325418374273779,-0.4364785850048065,0.8533480167388916,-0.19096146523952495,-0.17374005993316982,1.2659805602717695,25.46812386760466,-0.2713627176710806,-0.5997106487374658,0.07976792007805944,0.0008729260007385164,1
2.862677574157715,0.02399528957903385,-0.024975664913654327,0.6807087659835815,-0.04544259604473538,-0.1844745435519866,0.08131163326612799,0.19871733351055632,0.07016551033531115,-0.013557147228598687,-0.7084702253341675,0.712134063243866,-0.18342399597167977,-0.21325147758981047,1.3764999384035828,25.449457725012024,-0.11532261923553583,-0.5636350526114582,0.07877791103435383,0.0008544160009478219,1
2.8728268146514893,0.02399528957903385,-0.024975664913654327,0.6807087659835815,-0.04544259604473538,-0.1844745435519866,0.08131163326612799,0.19871733351055632,0.07016551033531115,-0.013557147228598687,-0.7084702253341675,0.712134063243866,-0.18342399597167977,-0.2370566226969985,1.443139249241495,25.44584186927376,-0.11261756284700228,-0.5632215373074325,0.079158118788812,0.0008477119990857318,1
2.8828125,0.02399528957903385,-0.024975664913654327,0.6807087659835815,-0.04544259604473538,-0.1844745435519866,0.08131163326612799,0.19871733351055632,0.07016551033531115,-0.013557147228598687,-0.7084702253341675,0.712134063243866,-0.18342399597167977,-0.2513397521631094,1.4830239829025946,25.44477821720621,-0.11250242539162447,-0.5631942907208672,0.07920527165766277,0.00084617500033346,1
2.8927931785583496,0.02399528957903385,-0.024975664913654327,0.6807087659835815,-0.04544259604473538,-0.1844745435519866,0.08131163326612799,0.19871733351055632,0.07016551033531115,-0.013557147228598687,-0.7084702253341675,0.712134063243866,-0.18342399597167977,-0.2599064595418628,1.506877346613168,25.444304602078653,-0.11245880030241776,-0.5631798686201832,0.0792068173626853,0.0008396099983656313,1
2.9028050899505615,0.024959003552794456,-0.03542160987854004,0.6845808029174805,-0.025967812178099372,-0.22794727986062627,0.0645305809885889,0.15295330967294873,0.08658363527407786,-0.018273209000583712,-1.3976103067398071,0.1374523192644119,-0.18482509255409243,-0.2982662076018123,1.620490408532206,25.47630569983825,0.1231323514475813,-0.32255395849450164,0.07905204868058177,0.0009039370015671011,1
2.9128048419952393,0.02547222375869751,-0.038057465106248856,0.6853621006011963,-0.02299755112020593,-0.24087444022928792,0.056589315653935074,0.1298080744389054,0.08704658153018974,-0.020980192690735144,-1.5696183443069458,-0.056236427277326605,-0.1838989555835724,-0.32496001095312055,1.7179604609476895,25.501510976806205,0.16307699125123087,-0.22342575443558554,0.08024610268120438,0.0009241919979103841,1
2.9228029251098633,0.02547222375869751,-0.038057465106248856,0.6853621006011963,-0.02299755112020593,-0.24087444022928792,0.056589315653935074,0.1298080744389054,0.08704658153018974,-0.020980192690735144,-1.5696183443069458,-0.056236427277326605,-0.1838989555835724,-0.34109871297696553,1.7765081852597555,25.504992813912008,0.16399633108873216,-0.22172568531671358,0.0808498708929708,0.0008966730019892566,1
2.932795763015747,0.02547222375869751,-0.038057465106248856,0.6853621006011963,-0.02299755112020593,-0.24087444022928792,0.056589315653935074,0.1298080744389054,0.08704658153018974,-0.020980192690735144,-1.5696183443069458,-0.056236427277326605,-0.1838989555835724,-0.3508003336368076,1.8117420819925933,25.505349637138792,0.16408350082834258,-0.2216768197657792,0.08092863410021726,0.0009165089977614116,1
2.9428157806396484,0.02547222375869751,-0.038057465106248856,0.6853621006011963,-0.02299755112020593,-0.24087444022928792,0.056589315653935074,0.1298080744389054,0.08704658153018974,-0.020980192690735144,-1.5696183443069458,-0.056236427277326605,-0.1838989555835724,-0.3566402598203472,1.8329630701101463,25.505306686482236,0.16412826902214292,-0.2216642330759289,0.08093654676825753,0.0009121789989876561,1
2.9538321495056152,0.029170187190175056,-0.05070200189948082,0.6878636479377747,0.006708966829198196,-0.26482164862576435,0.012337733536720645,0.06071594908231681,0.07220186161973885,-0.029125719712287612,-1.7803754806518555,-0.6286019682884216,-0.1586468666791915,-0.39582262355839176,1.8982802791498838,25.582873635030474,0.2703876174861866,0.024819152935277422,0.07628433089590968,0.0012460389989428222,1
2.9626121520996094,0.029170187190175056,-0.05070200189948082,0.6878636479377747,0.006708966829198196,-0.26482164862576435,0.012337733536720645,0.06071594908231681,0.07220186161973885,-0.029125719712287612,-1.7803754806518555,-0.6286019682884216,-0.1586468666791915,-0.44887490419052495,1.9536662685183797,25.641506040502133,0.3228805855766043,0.10605175563859477,0.07525282545272653,0.001057527002558345,1
2.9725794792175293,0.03011203370988369,-0.052974388003349304,0.6880923509597778,0.016121153180230396,-0.26671311266311853,0.005850180743527525,0.03304648068222349,0.06120587637827635,-0.03217588504141977,-1.8376446962356567,-0.7780474424362183,-0.17372323572635642,-0.48768489062165343,1.9671816279047556,25.67640316665846,0.4032254154188135,0.2123066889501606,0.0811406431744525,0.001486376000684686,1
2.982767343521118,0.03011203370988369,-0.052974388003349304,0.6880923509597778,0.016121153180230396,-0.26671311266311853,0.005850180743527525,0.03304648068222349,0.06120587637827635,-0.03217588504141977,-1.8376446962356567,-0.7780474424362183,-0.17372323572635642,-0.5111929661571313,1.9753638527803676,25.681583879009196,0.40469234399415394,0.21413495130539023,0.08206907469489688,0.0028758080006809905,1
2.992783546447754,0.03011203370988369,-0.052974388003349304,0.6880923509597778,0.016121153180230396,-0.26671311266311853,0.005850180743527525,0.03304648068222349,0.06120587637827635,-0.03217588504141977,-1.8376446962356567,-0.7780474424362183,-0.17372323572635642,-0.5253795020624731,1.980276685981832,25.682373655041633,0.4047329767502867,0.2142155693565882,0.08217602951762583,0.0009029590000864118,1
3.002815008163452,0.03011203370988369,-0.052974388003349304,0.6880923509597778,0.016121153180230396,-0.26671311266311853,0.005850180743527525,0.03304648068222349,0.06120587637827635,-0.03217588504141977,-1.8376446962356567,-0.7780474424362183,-0.17372323572635642,-0.5339519723717705,1.9832351864569846,25.682504347454458,0.4047447751680161,0.2142472530137621,0.08218289914684242,0.002775580000161426,1
3.0139732360839844,0.034172553569078445,-0.06058160588145256,0.6886472105979919,0.031365405606377385,-0.2449580580112316,0.0019291634288285504,-0.047918020482024204,0.015773849271992546,-0.038979299586174854,-1.7411450147628784,-1.1340328454971313,-0.16412515938282,-0.5136875970147655,1.8477538438113068,25.7305348227811,0.6402888835251759,0.476764896550392,0.0830295039109498,0.0009100139977817889,1
3.0227715969085693,0.035166364163160324,-0.061998896300792694,0.6887912750244141,0.02650603051458461,-0.2322795391136313,0.006771467297198863,-0.0566524232664003,0.009859261907489536,-0.03931329887142221,-1.7288100719451904,-1.1827270984649658,-0.15737725794315324,-0.4852588654459891,1.7328888434360785,25.72829061364731,0.6702737306045187,0.4983259377717725,0.08148446019139445,0.003073259998927824,1
3.0326988697052,0.03607967495918274,-0.0631355419754982,0.6889829635620117,0.032568587927204996,-0.2170016317858922,0.0133400354360859,-0.08164539424664152,-0.008743899449470405,-0.04043630429257661,-1.6493325233459473,-1.2257146835327148,-0.16550225019454942,-0.45939210774912964,1.5980929577772955,25.72348934289167,0.7440521505139265,0.5514881560683531,0.08452944478627825,0.0008904560017981566,1
3.0427498817443848,0.03607967495918274,-0.0631355419754982,0.6889829635620117,0.032568587927204996,-0.2170016317858922,0.0133400354360859,-0.08164539424664152,-0.008743899449470405,-0.04043630429257661,-1.6493325233459473,-1.2257146835327148,-0.16550225019454942,-0.44387929737300047,1.517122342884263,25.721687323517767,0.7449766537111603,0.5522407680334309,0.08482918657246859,0.0027836820008815266,1
3.0528202056884766,0.03607967495918274,-0.0631355419754982,0.6889829635620117,0.032568587927204996,-0.2170016317858922,0.0133400354360859,-0.08164539424664152,-0.008743899449470405,-0.04043630429257661,-1.6493325233459473,-1.2257146835327148,-0.16550225019454942,-0.4345005192044106,1.4683724522568118,25.720793588908993,0.7447858041381203,0.5522145072112034,0.08486645999669665,0.0008871739992173389,1
3.062549114227295,0.03607967495918274,-0.0631355419754982,0.6889829635620117,0.032568587927204996,-0.2170016317858922,0.0133400354360859,-0.08164539424664152,-0.008743899449470405,-0.04043630429257661,-1.6493325233459473,-1.2257146835327148,-0.16550225019454942,-0.42882887535053227,1.4390202801938137,25.720284152227006,0.7446583811576934,0.5521914861750261,0.08487231371267615,0.0027190050022909418,1
3.0739259719848633,0.039967428892850876,-0.06546920537948608,0.6907966732978821,0.029851283163250142,-0.1347790951345553,0.04142701790979431,-0.14722049460391462,-0.06262010309981658,-0.04117758181906428,-1.2889806032180786,-1.1335370540618896,-0.1585636883974074,-0.36086679936628296,1.1654155957441725,25.681092365440684,0.8782285170413541,0.6837170056123996,0.08343413560830043,0.0008956950005085673,1
3.0827457904815674,0.040558379143476486,-0.06521108746528625,0.6912996172904968,0.022261317778136877,-0.1133471652499642,0.04531197258538405,-0.15885524536273987,-0.07334886050964418,-0.041089874782147096,-1.1687391996383667,-1.076756238937378,-0.1531683802604674,-0.32441599474069055,1.0020159409986948,25.67189141775832,0.8834909394428272,0.7094877634258242,0.08298538358660301,0.0035401759996602777,1
3.0928523540496826,0.040558379143476486,-0.06521108746528625,0.6912996172904968,0.022261317778136877,-0.1133471652499642,0.04531197258538405,-0.15885524536273987,-0.07334886050964418,-0.041089874782147096,-1.1687391996383667,-1.076756238937378,-0.1531683802604674,-0.27391917410907196,0.8414109321343661,25.663404012374173,0.9040673644295769,0.7416432287899791,0.08123119741831082,0.0009401169991178904,1
3.1028220653533936,0.040558379143476486,-0.06521108746528625,0.6912996172904968,0.022261317778136877,-0.1133471652499642,0.04531197258538405,-0.15885524536273987,-0.07334886050964418,-0.041089874782147096,-1.1687391996383667,-1.076756238937378,-0.1531683802604674,-0.24394977804283596,0.7455229312740994,25.660152192579364,0.9040519654800517,0.7420395955650346,0.08107228276950365,0.0027888509976037312,1
3.1128158569335938,0.040558379143476486,-0.06521108746528625,0.6912996172904968,0.022261317778136877,-0.1133471652499642,0.04531197258538405,-0.15885524536273987,-0.07334886050964418,-0.041089874782147096,-1.1687391996383667,-1.076756238937378,-0.1531683802604674,-0.2261217514084202,0.6882479107733506,25.65849484488046,0.9038227908621603,0.7419717865193621,0.08106033060943876,0.0008933210010582116,1
3.122814178466797,0.04159340634942055,-0.06296471506357193,0.6931451559066772,-4.7923665874861084e-05,-0.0577426942758524,0.06540079550107003,-0.18429134093094035,-0.10028539922342095,-0.04081528591605865,-0.5687982439994812,-0.7142830491065979,-0.13655129075050346,-0.21551668148137762,0.654037908369799,25.657548013875537,0.9036827221946274,0.7419266908194062,0.08106304221355426,0.0036101609985053074,1
3.132524251937866,0.04172253981232643,-0.061835840344429016,0.6938936114311218,0.0004872063368416218,-0.036763112913528594,0.07352396103492724,-0.19074395817250256,-0.11027679252521105,-0.04132516459970281,-0.3886944055557251,-0.631449818611145,-0.15463970601558677,-0.1725781013140641,0.5056339384925378,25.580595448726733,0.6338404783223464,0.6221891513299067,0.08203374524660904,0.000877255999512272,1
3.142822742462158,0.04173693433403969,-0.06051253899931908,0.6946813464164734,-0.005252354564882061,-0.013306773053712532,0.07720310985950517,-0.19264340889939824,-0.11544688403568637,-0.04182060895837836,-0.1201057955622673,-0.46504074335098267,-0.14794005453586573,-0.1447600304675925,0.3864300523867276,25.550263549461494,0.5009280107661639,0.5466315779988954,0.08101469624791373,0.0008578390006732661,1
3.1528122425079346,0.04173693433403969,-0.06051253899931908,0.6946813464164734,-0.005252354564882061,-0.013306773053712532,0.07720310985950517,-0.19264340889939824,-0.11544688403568637,-0.04182060895837836,-0.1201057955622673,-0.46504074335098267,-0.14794005453586573,-0.12807071145857782,0.31461286787922493,25.54465228151479,0.4984850064719481,0.545468168124395,0.08108939347762467,0.0008715289986866992,1
3.162628650665283,0.04173693433403969,-0.06051253899931908,0.6946813464164734,-0.005252354564882061,-0.013306773053712532,0.07720310985950517,-0.19264340889939824,-0.11544688403568637,-0.04182060895837836,-0.1201057955622673,-0.46504074335098267,-0.14794005453586573,-0.11824016990157477,0.27168137794267083,25.54310711617095,0.49832387299198555,0.5454162446815906,0.08110829834916759,0.0011466500000096858,1
3.1728708744049072,0.04173693433403969,-0.06051253899931908,0.6946813464164734,-0.005252354564882061,-0.013306773053712532,0.07720310985950517,-0.19264340889939824,-0.11544688403568637,-0.04182060895837836,-0.1201057955622673,-0.46504074335098267,-0.14794005453586573,-0.11246366607718941,0.2460397357034427,25.54245305827398,0.4982493615997933,0.5453947046401745,0.0811146206968602,0.0017617759986023884,1
3.182645559310913,0.04054033383727074,-0.05331855267286301,0.6979408264160156,-0.034645680383427496,0.06485434637266276,0.08172599953432211,-0.1772018533101707,-0.12069103311776352,-0.04608150267877065,0.7780330777168274,0.20294338464736938,-0.10837922245264056,-0.10907227024705023,0.23072730099858618,25.54210303874191,0.49820530913447475,0.545382139054317,0.08111776728841295,0.0009945260026142932,1
3.19281005859375,0.03929951786994934,-0.0491170659661293,0.699550449848175,-0.057305850097649796,0.10335475277276114,0.07067043944946487,-0.16247351906356267,-0.11583263732576077,-0.048541086473945505,1.057984709739685,0.4071618616580963,-0.10835490375757223,-0.0508582214299838,0.04987901026028427,25.500972633715715,0.0394792248949713,0.22220105096961246,0.07108001196552283,0.002612002001114888,1
3.202845811843872,0.03929951786994934,-0.0491170659661293,0.699550449848175,-0.057305850097649796,0.10335475277276114,0.07067043944946487,-0.16247351906356267,-0.11583263732576077,-0.048541086473945505,1.057984709739685,0.4071618616580963,-0.10835490375757223,-0.0021437918051680355,-0.06350426725452786,25.497837235629227,-0.1234072792749685,0.10636666513759262,0.07157201355008946,0.0009309670022048522,1
3.2127883434295654,0.03929951786994934,-0.0491170659661293,0.699550449848175,-0.057305850097649796,0.10335475277276114,0.07067043944946487,-0.16247351906356267,-0.11583263732576077,-0.048541086473945505,1.057984709739685,0.4071618616580963,-0.10835490375757223,0.02731317077920389,-0.13201399128723768,25.496903737587346,-0.12632137545914443,0.1044611477406761,0.07188815402894137,0.0027565820018935483,1
3.2228193283081055,0.03929951786994934,-0.0491170659661293,0.699550449848175,-0.057305850097649796,0.10335475277276114,0.07067043944946487,-0.16247351906356267,-0.11583263732576077,-0.048541086473945505,1.057984709739685,0.4071618616580963,-0.10835490375757223,0.04496605077686579,-0.1731826845430079,25.496439493548632,-0.1264550541712128,0.10439260072986527,0.07193486906964296,0.0009242619998985901,1
3.2328150272369385,0.03929951786994934,-0.0491170659661293,0.699550449848175,-0.057305850097649796,0.10335475277276114,0.07067043944946487,-0.16247351906356267,-0.11583263732576077,-0.048541086473945505,1.057984709739685,0.4071618616580963,-0.10835490375757223,0.05554160423453724,-0.19791700037065096,25.4961743166175,-0.12650802741697634,0.10436880146175531,0.07194325320138852,0.0027532299973245244,1
3.2428340911865234,0.035986315459012985,-0.04041849076747894,0.702229380607605,-0.07983498235042501,0.1512088185247854,0.05173327635891522,-0.09224738218121109,-0.08065469638877332,-0.0559070816318572,1.8409303426742554,1.055462121963501,-0.03192136436700834,0.06187697666701395,-0.2127773213496458,25.49601711918661,-0.12653936850496844,0.10435486978401165,0.07194584633458219,0.0016076979991339613,1
3.253351926803589,0.03501031920313835,-0.03833004832267761,0.7027737498283386,-0.0843204110123594,0.15743915745102333,0.049535706452329416,-0.07229894498291811,-0.06894086013356926,-0.0569448125770422,1.9854464530944824,1.1659390926361084,-0.008141829632222795,0.07691699768948124,-0.31872798534224467,25.5307018455135,-0.2984204993318852,-0.32066696771421,0.04251638997836658,0.0029226039987406693,1
3.2628705501556396,0.03405822068452835,-0.03638104349374771,0.7033113241195679,-0.0859959114056428,0.15859472867816082,0.05139180808233353,-0.051282050348842034,-0.05605132729173867,-0.057731075565289114,2.1429357528686523,1.3408751487731934,0.006726301740854815,0.08260186937071613,-0.3738729146386536,25.532318375099152,-0.3616128482380645,-0.36402176104630335,0.036268543187834415,0.0009112709994951729,1
3.272789478302002,0.03405822068452835,-0.03638104349374771,0.7033113241195679,-0.0859959114056428,0.15859472867816082,0.05139180808233353,-0.051282050348842034,-0.05605132729173867,-0.057731075565289114,2.1429357528686523,1.3408751487731934,0.006726301740854815,0.08611358492470862,-0.4073267452738621,25.532649743453764,-0.36272452651734316,-0.364780344994054,0.03543532354828784,0.0028770649987563957,1
3.282949447631836,0.03405822068452835,-0.03638104349374771,0.7033113241195679,-0.0859959114056428,0.15859472867816082,0.05139180808233353,-0.051282050348842034,-0.05605132729173867,-0.057731075565289114,2.1429357528686523,1.3408751487731934,0.006726301740854815,0.08823139273738445,-0.4275499917891122,25.5327541871135,-0.3627880271656395,-0.3647975955953048,0.03533496476864259,0.0009337610026705079,1
3.2928268909454346,0.03405822068452835,-0.03638104349374771,0.7033113241195679,-0.0859959114056428,0.15859472867816082,0.05139180808233353,-0.051282050348842034,-0.05605132729173867,-0.057731075565289114,2.1429357528686523,1.3408751487731934,0.006726301740854815,0.08950823514055119,-0.43977440990213945,25.532803110642465,-0.362816001575776,-0.36480069240633733,0.03532449471377982,0.0027046870018239133,1
3.3028171062469482,0.030624212697148323,-0.029937302693724632,0.7056789398193359,-0.06829175210611393,0.15732198983597911,0.06338514454514929,0.028005415043315995,-0.005214708758893405,-0.05667630054160133,2.314936876296997,1.545785903930664,0.07113821059465389,0.09027812137353282,-0.44716379369112347,25.532830573235564,-0.36283268542619557,-0.3648024791990259,0.0353243537036701,0.001322380001511192,1
3.3127212524414062,0.02947354130446911,-0.027612822130322456,0.7072667479515076,-0.06407004576365995,0.141881555265815,0.07230909192199411,0.07467092407792997,0.02631624951003353,-0.05271367940791505,2.326052188873291,1.5936095714569092,0.12564884126186351,0.006225494775536675,-0.39518325881761457,25.51955755579126,-0.6583521348059157,-0.5529590421450254,0.010790877896361954,0.0032029629983298946,1
3.3228189945220947,0.02947354130446911,-0.027612822130322456,0.7072667479515076,-0.06407004576365995,0.141881555265815,0.07230909192199411,0.07467092407792997,0.02631624951003353,-0.05271367940791505,2.326052188873291,1.5936095714569092,0.12564884126186351,-0.06058204339892473,-0.32174805227420755,25.501721049374623,-0.7313462181248483,-0.600642586759993,-0.005900969345750386,0.000929221001570113,1
3.332772970199585,0.02947354130446911,-0.027612822130322456,0.7072667479515076,-0.06407004576365995,0.141881555265815,0.07230909192199411,0.07467092407792997,0.02631624951003353,-0.05271367940791505,2.326052188873291,1.5936095714569092,0.12564884126186351,-0.10069969968529305,-0.2776508276004433,25.49823941901285,-0.7323871642478852,-0.6014622329289673,-0.008041996400123385,0.002766779998637503,1
3.3427042961120605,0.02947354130446911,-0.027612822130322456,0.7072667479515076,-0.06407004576365995,0.141881555265815,0.07230909192199411,0.07467092407792997,0.02631624951003353,-0.05271367940791505,2.326052188873291,1.5936095714569092,0.12564884126186351,-0.12485918529711988,-0.25109899045028117,25.49723873011251,-0.7323462897001743,-0.6014278173819162,-0.00830326196957159,0.002978829998028232,1
3.3528006076812744,0.02947354130446911,-0.027612822130322456,0.7072667479515076,-0.06407004576365995,0.141881555265815,0.07230909192199411,0.07467092407792997,0.02631624951003353,-0.05271367940791505,2.326052188873291,1.5936095714569092,0.12564884126186351,-0.13941055448151182,-0.2351123289893089,25.496799251907227,-0.7323111825929771,-0.6013970412382509,-0.008333625273862218,0.000897161997272633,1
3.362818479537964,0.028561921790242195,-0.025882845744490623,0.711347758769989,-0.023035410110279767,0.09851926983038066,0.09166381843466265,0.1739280359232258,0.09407654045799951,-0.03663428555751436,2.030324697494507,1.4409375190734863,0.21394197642803175,-0.2918386348115045,-0.06435311594077245,25.479346030786903,-0.9281574258012041,-0.7796306476672765,-0.041982045101368784,0.0028285920016060118,1
3.3729000091552734,0.028706038370728493,-0.02609880641102791,0.7124624848365784,-0.01445156807341462,0.07707686595205579,0.09392734708448792,0.19412447485567252,0.10742856164855219,-0.03192675766282482,1.9344896078109741,1.3580279350280762,0.21039460599422438,-0.3811837607795643,0.03633033115569219,25.473573512468032,-0.933584204693994,-0.7970056606049102,-0.048056643413456876,0.0012234790010552388,1
3.382868528366089,0.028706038370728493,-0.02609880641102791,0.7124624848365784,-0.01445156807341462,0.07707686595205579,0.09392734708448792,0.19412447485567252,0.10742856164855219,-0.03192675766282482,1.9344896078109741,1.3580279350280762,0.21039460599422438,-0.4681064017575197,0.16269172484882516,25.470440109635124,-0.9684428463920278,-0.8265359604576206,-0.05017483070702178,0.0025017869993462227,1
3.3927197456359863,0.028706038370728493,-0.02609880641102791,0.7124624848365784,-0.01445156807341462,0.07707686595205579,0.09392734708448792,0.19412447485567252,0.10742856164855219,-0.03192675766282482,1.9344896078109741,1.3580279350280762,0.21039460599422438,-0.5195761030944815,0.2375361657757341,25.467806851657166,-0.9687485808868729,-0.8269613859730758,-0.05044530234472746,0.0009171380006591789,1
3.4028565883636475,0.028706038370728493,-0.02609880641102791,0.7124624848365784,-0.01445156807341462,0.07707686595205579,0.09392734708448792,0.19412447485567252,0.10742856164855219,-0.03192675766282482,1.9344896078109741,1.3580279350280762,0.21039460599422438,-0.5500977175695817,0.28192047986381585,25.466143975536994,-0.9686372505204623,-0.826892684440158,-0.05047329711121854,0.002823354003339773,1
3.4128339290618896,0.028706038370728493,-0.02609880641102791,0.7124624848365784,-0.01445156807341462,0.07707686595205579,0.09392734708448792,0.19412447485567252,0.10742856164855219,-0.03192675766282482,1.9344896078109741,1.3580279350280762,0.21039460599422438,-0.5681981515592542,0.30824280528352976,25.465142867846282,-0.9685678874604271,-0.8268462918936411,-0.05047374262795352,0.001037550999171799,1
3.422809362411499,0.0330536775290966,-0.032556306570768356,0.7197422981262207,0.06587054641433376,-0.04895361644022439,0.11180506514836223,0.280543053317146,0.1598275324257834,-0.005152104890136844,1.0800033807754517,0.7161768078804016,0.25684744119644154,-0.7750504848560023,0.5926226759732276,25.424342840912857,-1.0722424128042232,-0.8901067579335253,-0.07245439799772012,0.0031194280018098652,1
3.432910442352295,0.0330536775290966,-0.032556306570768356,0.7197422981262207,0.06587054641433376,-0.04895361644022439,0.11180506514836223,0.280543053317146,0.1598275324257834,-0.005152104890136844,1.0800033807754517,0.7161768078804016,0.25684744119644154,-0.9139500314387856,0.8427470943557649,25.408480677551836,-1.1112821805447561,-0.7681418836697881,-0.08273235318053272,0.0008940189982240554,1
3.4428188800811768,0.0330536775290966,-0.032556306570768356,0.7197422981262207,0.06587054641433376,-0.04895361644022439,0.11180506514836223,0.280543053317146,0.1598275324257834,-0.005152104890136844,1.0800033807754517,0.7161768078804016,0.25684744119644154,-0.9949275470066645,0.9889361963740576,25.40124286160197,-1.1118027926740295,-0.7659925501522936,-0.08445939023307891,0.0027607730007730424,1
3.452824592590332,0.0330536775290966,-0.032556306570768356,0.7197422981262207,0.06587054641433376,-0.04895361644022439,0.11180506514836223,0.280543053317146,0.1598275324257834,-0.005152104890136844,1.0800033807754517,0.7161768078804016,0.25684744119644154,-1.0419911853749966,1.074399853273451,25.397317355700423,-1.1115949948590593,-0.7658337982857916,-0.08466489284800749,0.0009039369979291223,1
3.4629197120666504,0.0330536775290966,-0.032556306570768356,0.7197422981262207,0.06587054641433376,-0.04895361644022439,0.11180506514836223,0.280543053317146,0.1598275324257834,-0.005152104890136844,1.0800033807754517,0.7161768078804016,0.25684744119644154,-1.0693347252237198,1.124362234867784,25.39507065701211,-1.1114667883541562,-0.7657585624635053,-0.08468148775691384,0.003071095001359936,1
3.4735169410705566,0.039209384471178055,-0.04233286902308464,0.7245962023735046,0.12401870823402354,-0.1474149124434101,0.10609265521689587,0.30720485251090324,0.1691745184581288,0.010332779427514538,0.0863243043422699,-0.06198925152420994,0.27395695447921753,-1.1848496005787956,1.3501385532271664,25.362479715657226,-0.6796455017013487,-0.39584782273596353,-0.09906937497405403,0.0008417740027653053,1
3.4827399253845215,0.042876120656728745,-0.048542849719524384,0.7267245054244995,0.15790310506984145,-0.20612332246173826,0.08119161274723082,0.3072226094006125,0.1665008965817769,0.012198395374338755,-0.11688077449798584,-0.21991632878780362,0.27932214736938477,-1.253190584285357,1.4838110718820796,25.354232263381363,-0.6732651924124338,-0.38877669557804023,-0.10085165972353215,0.003143734000332188,1
3.492819309234619,0.042876120656728745,-0.048542849719524384,0.7267245054244995,0.15790310506984145,-0.20612332246173826,0.08119161274723082,0.3072226094006125,0.1665008965817769,0.012198395374338755,-0.11688077449798584,-0.21991632878780362,0.27932214736938477,-1.402357669398562,1.7598453495271618,25.386345550584632,-0.5797966471148333,-0.30869351734542466,-0.10418624131899985,0.000830320997920353,1
3.502822160720825,0.04482196271419525,-0.0518815815448761,0.7276126146316528,0.160682723316824,-0.22296399049998214,0.07271665801954734,0.2992962559871004,0.15633965428655383,0.014808655110243318,-0.593978226184845,-0.6152271032333374,0.2717388272285462,-1.468355502961157,1.9433198131455836,25.39384032772007,-0.3321842388785835,-0.0912340788453064,-0.10543296260450785,0.002533077000407502,1
3.512819766998291,0.04482196271419525,-0.0518815815448761,0.7276126146316528,0.160682723316824,-0.22296399049998214,0.07271665801954734,0.2992962559871004,0.15633965428655383,0.014808655110243318,-0.593978226184845,-0.6152271032333374,0.2717388272285462,-1.507045119432405,2.0519226368399166,25.39284958969563,-0.32846668524295175,-0.08703200953012807,-0.10548067184268668,0.0008479909993184265,1
3.522825241088867,0.04482196271419525,-0.0518815815448761,0.7276126146316528,0.160682723316824,-0.22296399049998214,0.07271665801954734,0.2992962559871004,0.15633965428655383,0.014808655110243318,-0.593978226184845,-0.6152271032333374,0.2717388272285462,-1.5294793717982929,2.116012038052307,25.391414494394752,-0.3282911321965955,-0.08689901297421442,-0.10546037628023319,0.002621920000819955,1
3.532815456390381,0.04482196271419525,-0.0518815815448761,0.7276126146316528,0.160682723316824,-0.22296399049998214,0.07271665801954734,0.2992962559871004,0.15633965428655383,0.014808655110243318,-0.593978226184845,-0.6152271032333374,0.2717388272285462,-1.5424833040548882,2.1538466054989134,25.390441972870676,-0.3282152464447172,-0.08686368833017784,-0.10544483380343557,0.0008551850005460437,1
3.542818784713745,0.05493158847093582,-0.07006031274795532,0.7298213839530945,0.1973077199721846,-0.3330516796314509,-0.009812127605676268,0.24489963599676612,0.10421198826786915,0.01295081314605584,-1.4597305059432983,-1.2736586332321167,0.22944958508014696,-1.665421075725922,2.5063370199246533,25.51518381868621,-0.0071640843267630205,0.1814328976521829,-0.10239659226279109,0.0033303599993814714,1
3.552555561065674,0.05493158847093582,-0.07006031274795532,0.7298213839530945,0.1973077199721846,-0.3330516796314509,-0.009812127605676268,0.24489963599676612,0.10421198826786915,0.01295081314605584,-1.4597305059432983,-1.2736586332321167,0.22944958508014696,-1.7402890705487783,2.8094400883277437,25.58324977494123,-0.006487848783493946,0.22312050693714622,-0.09471575415225383,0.0009767859992280137,1
3.562819719314575,0.05493158847093582,-0.07006031274795532,0.7298213839530945,0.1973077199721846,-0.3330516796314509,-0.009812127605676268,0.24489963599676612,0.10421198826786915,0.01295081314605584,-1.4597305059432983,-1.2736586332321167,0.22944958508014696,-1.7837176631292584,2.9891599583181767,25.591185101725596,-0.006490013008152888,0.2239715430166538,-0.09347693421331742,0.0032971840009849984,1
3.5728163719177246,0.05493158847093582,-0.07006031274795532,0.7298213839530945,0.1973077199721846,-0.3330516796314509,-0.009812127605676268,0.24489963599676612,0.10421198826786915,0.01295081314605584,-1.4597305059432983,-1.2736586332321167,0.22944958508014696,-1.809132766131876,3.09629153145584,25.591088204642354,-0.006490423717455087,0.22407924482186173,-0.0932737510643849,0.0009630259992263746,1
3.5830698013305664,0.060711123049259186,-0.08142824470996857,0.7291792035102844,0.2184426335204626,-0.37622547045168414,-0.045522813989944864,0.1918762916345873,0.05898086774482092,0.009478856967051641,-1.9312485456466675,-1.5970515012741089,0.20456227660179158,-1.824041087330256,3.1602371117849715,25.59031515061106,-0.00649050435619458,0.2241372324379877,-0.09322010899484011,0.0038132699992274866,1
3.5930070877075195,0.06411970406770706,-0.08874690532684326,0.7282339930534363,0.21885035936595024,-0.3992329839280487,-0.06115653595356387,0.17159380030986293,0.04213203835688217,0.008334292095822704,-2.0620036125183105,-1.6952731609344482,0.19059450924396534,-1.864004626463753,3.3456960541072465,25.697979873046727,0.04304645171738105,0.3396213392966265,-0.08396337488469507,0.0010361540007579606,1
3.6026101112365723,0.06566808372735977,-0.09227606654167175,0.7276571393013,0.22101175791264155,-0.40229505192769005,-0.0642678185610278,0.13891781948084292,0.016310064106088262,0.0072092077053556025,-2.223160743713379,-1.744889259338379,0.18763874471187614,-1.8808906991222063,3.534279576059256,25.763017674414034,0.07482808189299511,0.3900700823012904,-0.0776989145444359,0.002431802000501193,1
3.6127870082855225,0.06566808372735977,-0.09227606654167175,0.7276571393013,0.22101175791264155,-0.40229505192769005,-0.0642678185610278,0.13891781948084292,0.016310064106088262,0.0072092077053556025,-2.223160743713379,-1.744889259338379,0.18763874471187614,-1.8560578865144826,3.6209053916625686,25.804181006770467,0.1299217323877111,0.46503763539114107,-0.07535875732766904,0.0030921889992896467,1
3.62261962890625,0.06566808372735977,-0.09227606654167175,0.7276571393013,0.22101175791264155,-0.40229505192769005,-0.0642678185610278,0.13891781948084292,0.016310064106088262,0.0072092077053556025,-2.223160743713379,-1.744889259338379,0.18763874471187614,-1.8410181830645296,3.672727205697702,25.809960987551662,0.13087322568750517,0.46632014020861445,-0.0748667445848229,0.0009883099992293864,1
3.6326255798339844,0.06566808372735977,-0.09227606654167175,0.7276571393013,0.22101175791264155,-0.40229505192769005,-0.0642678185610278,0.13891781948084292,0.016310064106088262,0.0072092077053556025,-2.223160743713379,-1.744889259338379,0.18763874471187614,-1.8318571765967706,3.703874051979005,25.81065432355925,0.13103173170426555,0.4662960170023936,-0.0747673434250408,0.0032149760008906014,1
3.6426382064819336,0.06566808372735977,-0.09227606654167175,0.7276571393013,0.22101175791264155,-0.40229505192769005,-0.0642678185610278,0.13891781948084292,0.016310064106088262,0.0072092077053556025,-2.223160743713379,-1.744889259338379,0.18763874471187614,-1.8262855821138821,3.722624661269269,25.81065924522017,0.13112649198524612,0.46626847331028626,-0.07473385646375413,0.0009391389976372011,1
3.6526002883911133,0.07083559036254883,-0.10489484667778015,0.7254478931427002,0.19698265213500304,-0.4027425645634316,-0.05138405056151257,0.04075762938183258,-0.055501709698205115,0.006648457477984593,-2.6025445461273193,-1.7732292413711548,0.11260349303483985,-1.6521871325766004,3.6089307833121413,25.860838871505877,0.3705028327759639,0.6738282447914815,-0.05198710915904508,0.00281127099879086,1
3.6626346111297607,0.07178785651922226,-0.10770749300718307,0.7250047922134399,0.18227124267703437,-0.38983014212743256,-0.04539017998794394,0.0009225128540473193,-0.0813602069386059,0.00799944600181357,-2.671839952468872,-1.7083632946014404,0.12203683704137823,-1.4648879642366541,3.4470120956866066,25.8865126654023,0.49203965386557647,0.7529617601600247,-0.05243610343364031,0.0009424920026503969,1
3.672600746154785,0.07178785651922226,-0.10770749300718307,0.7250047922134399,0.18227124267703437,-0.38983014212743256,-0.04539017998794394,0.0009225128540473193,-0.0813602069386059,0.00799944600181357,-2.671839952468872,-1.7083632946014404,0.12203683704137823,-1.3526251605277122,3.3493057129476504,25.88831438924022,0.49325020446665685,0.753765809377141,-0.05247847244016234,0.0008947870010160841,1
3.6827855110168457,0.07178785651922226,-0.10770749300718307,0.7250047922134399,0.18227124267703437,-0.38983014212743256,-0.04539017998794394,0.0009225128540473193,-0.0813602069386059,0.00799944600181357,-2.671839952468872,-1.7083632946014404,0.12203683704137823,-1.2851502768108174,3.2901953288313828,25.8874427218333,0.4929038383743399,0.7533760268807965,-0.052417019944083654,0.0027865449992532376,1
3.692819833755493,0.07178785651922226,-0.10770749300718307,0.7250047922134399,0.18227124267703437,-0.38983014212743256,-0.04539017998794394,0.0009225128540473193,-0.0813602069386059,0.00799944600181357,-2.671839952468872,-1.7083632946014404,0.12203683704137823,-1.244587875409948,3.2544374759325736,25.886627840092586,0.4926819197846747,0.753127272424033,-0.05236936943019918,0.0009049850013980176,1
3.702627420425415,0.07523306459188461,-0.11945753544569016,0.7238089442253113,0.12477939572623704,-0.31289479096979245,-0.010270646757869387,-0.10718428758490939,-0.14096056177243454,0.013832281009105607,-2.6399450302124023,-1.3153942823410034,0.024732060730457466,-1.0758268056962197,3.023563862468382,25.900681426601118,0.7330354715972525,0.8553601886680534,-0.03178455322963711,0.003613722998125013,1
3.7126219272613525,0.07532393932342529,-0.12097860872745514,0.7237701416015625,0.10962823742862367,-0.28996229123876865,-0.0030657769029549054,-0.15911460688893575,-0.1633677452482165,0.01676402577182623,-2.507920265197754,-0.9981176853179932,-0.013633684255182622,-0.8965221098610007,2.7644277361593,25.882392130256314,0.8014938632446139,0.8828912011765582,-0.022102860593439994,0.0010643019995768555,1
3.7227652072906494,0.07532393932342529,-0.12097860872745514,0.7237701416015625,0.10962823742862367,-0.28996229123876865,-0.0030657769029549054,-0.15911460688893575,-0.1633677452482165,0.01676402577182623,-2.507920265197754,-0.9981176853179932,-0.013633684255182622,-0.707566060502588,2.45060610335607,25.897756084248606,0.8971019696951756,0.9003205440231705,-0.010099424149135578,0.0029110099967510905,1
3.732633590698242,0.07532393932342529,-0.12097860872745514,0.7237701416015625,0.10962823742862367,-0.28996229123876865,-0.0030657769029549054,-0.15911460688893575,-0.1633677452482165,0.01676402577182623,-2.507920265197754,-0.9981176853179932,-0.013633684255182622,-0.5966173125735599,2.2642859165921805,25.89494734374787,0.8973517047627286,0.8997771759981877,-0.008778191765340908,0.0008925520014599897,1
3.7427728176116943,0.07532393932342529,-0.12097860872745514,0.7237701416015625,0.10962823742862367,-0.28996229123876865,-0.0030657769029549054,-0.15911460688893575,-0.1633677452482165,0.01676402577182623,-2.507920265197754,-0.9981176853179932,-0.013633684255182622,-0.5313559432824283,2.153403078213495,25.89155536695189,0.8966105438586677,0.8993057874184115,-0.008567710761802134,0.003116703999694437,1
3.7525362968444824,0.07532393932342529,-0.12097860872745514,0.7237701416015625,0.10962823742862367,-0.28996229123876865,-0.0030657769029549054,-0.15911460688893575,-0.1633677452482165,0.01676402577182623,-2.507920265197754,-0.9981176853179932,-0.013633684255182622,-0.49296468973798374,2.0873965530957106,25.889287131357747,0.8961598864896674,0.899028636071509,-0.008511175487209838,0.0009169280019705184,1
3.7628443241119385,0.07401487231254578,-0.12341630458831787,0.7243340015411377,0.041164043912603976,-0.1673329766124561,0.026797057922481892,-0.23943593110625105,-0.18759984247776096,0.019317535920289064,-2.048185348510742,-0.41637319326400757,-0.09116928279399866,-0.3438848445509215,1.6544424949274927,25.840024960090002,1.033371195476627,0.6596411020760745,0.013379834043388071,0.002994405000208644,1
3.7726268768310547,0.07319517433643341,-0.12306250631809235,0.7245970964431763,0.016139485675501903,-0.13141670684363502,0.02409295625167333,-0.267802675160818,-0.19133745992040163,0.018581036523070082,-1.864030122756958,-0.17442207038402557,-0.110755480825901,-0.19979882783861352,1.2466460853745023,25.837570949456012,1.0783652192089446,0.545077538572273,0.020840734708669078,0.0009149029974651057,1
3.7828760147094727,0.07319517433643341,-0.12306250631809235,0.7245970964431763,0.016139485675501903,-0.13141670684363502,0.02409295625167333,-0.267802675160818,-0.19133745992040163,0.018581036523070082,-1.864030122756958,-0.17442207038402557,-0.110755480825901,-0.11727213436687567,1.0073554677888854,25.83035031401793,1.077458545399226,0.5424790375424995,0.02144373526010838,0.0019561549997888505,1
3.792818069458008,0.07319517433643341,-0.12306250631809235,0.7245970964431763,0.016139485675501903,-0.13141670684363502,0.02409295625167333,-0.267802675160818,-0.19133745992040163,0.018581036523070082,-1.864030122756958,-0.17442207038402557,-0.110755480825901,-0.07018140441681632,0.8667978444253484,25.825251933766836,1.0765375249067808,0.5420720317016782,0.021554086308843465,0.0030987540012574755,1
3.80263352394104,0.07319517433643341,-0.12306250631809235,0.7245970964431763,0.016139485675501903,-0.13141670684363502,0.02409295625167333,-0.267802675160818,-0.19133745992040163,0.018581036523070082,-1.864030122756958,-0.17442207038402557,-0.110755480825901,-0.0433439247957038,0.7842123672787082,25.822139073287786,1.0759975630768015,0.5418586701899377,0.021592823384398413,0.0009582769998814911,1
3.812793254852295,0.06710013747215271,-0.11561570316553116,0.725949227809906,-0.06193573404068774,0.049272325304101465,0.022343090732810385,-0.32407343428317503,-0.1769357320624647,0.006864593523936868,-0.9019793272018433,0.7333828806877136,-0.16408652067184457,0.059174922514940345,0.31099833263843357,25.79527257124678,1.149837698250898,0.2086575526650381,0.030686729536303695,0.0033805089988163672,1
3.822643280029297,0.06710013747215271,-0.11561570316553116,0.725949227809906,-0.06193573404068774,0.049272325304101465,0.022343090732810385,-0.32407343428317503,-0.1769357320624647,0.006864593523936868,-0.9019793272018433,0.7333828806877136,-0.16408652067184457,0.12767578726172318,-0.06487689671729063,25.773404960650883,1.0991870800496073,0.06526512562048678,0.04039275622419083,0.0009040769982675556,1
3.832763671875,0.06561259180307388,-0.11318271607160568,0.726195752620697,-0.06937564162945344,0.08861280235343459,0.024716145926091043,-0.3304292081341602,-0.1687666568536974,0.0024376212416861165,-0.7114624977111816,0.9153139591217041,-0.1542872190475465,0.15166273124631713,-0.36124814255382526,25.74314952862827,1.0153494539147236,-0.0433567402436658,0.040402807987972925,0.0026421059992571827,1
3.842625379562378,0.06561259180307388,-0.11318271607160568,0.726195752620697,-0.06937564162945344,0.08861280235343459,0.024716145926091043,-0.3304292081341602,-0.1687666568536974,0.0024376212416861165,-0.7114624977111816,0.9153139591217041,-0.1542872190475465,0.1639943464185568,-0.5351995476293958,25.734091310658094,1.0128969882018202,-0.04514622731610415,0.03993688453759149,0.000986564002232626,1
3.85260272026062,0.06561259180307388,-0.11318271607160568,0.726195752620697,-0.06937564162945344,0.08861280235343459,0.024716145926091043,-0.3304292081341602,-0.1687666568536974,0.0024376212416861165,-0.7114624977111816,0.9153139591217041,-0.1542872190475465,0.16990078581043955,-0.6369941218673397,25.730040801563327,1.0123005608910174,-0.04526083122195824,0.03990784301555876,0.002782215000479482,1
3.8626036643981934,0.06561259180307388,-0.11318271607160568,0.726195752620697,-0.06937564162945344,0.08861280235343459,0.024716145926091043,-0.3304292081341602,-0.1687666568536974,0.0024376212416861165,-0.7114624977111816,0.9153139591217041,-0.1542872190475465,0.17255193033253524,-0.6965484258544761,25.727862175480045,1.0119711465002832,-0.04531136471208457,0.03992647524205168,0.0009427010008948855,1
3.8727669715881348,0.05977390706539154,-0.10061507672071457,0.7271249890327454,-0.1044891832862058,0.23517571351527772,0.022739735768553457,-0.325623095353226,-0.11315132681815632,-0.023520792987063555,0.5100864171981812,1.6140642166137695,-0.11537203192710896,0.1673081923890608,-0.9510821549312192,25.658310588695468,0.41743229633471757,-0.21420751794843237,0.04731705450161523,0.002948655997897731,1
3.8827731609344482,0.05838023126125336,-0.09696521610021591,0.7274015545845032,-0.1044698727604051,0.2655940055686629,0.03242098729710432,-0.3217663399320472,-0.10517573133024305,-0.026714315059298332,0.7476522922515869,1.7546058893203735,-0.09747516363859197,0.14892506206605347,-1.123260797565635,25.608032167434466,0.2861132120332459,-0.23335128642292804,0.04348504168492772,0.0012013380001008045,1
3.8928170204162598,0.05703160911798477,-0.09301958978176117,0.727728545665741,-0.1028049279375526,0.30309802288428733,0.03297572647079963,-0.30607154395964464,-0.07907214831837983,-0.03639264872331616,1.0950729846954346,1.8875235319137573,-0.06085786223411583,0.10820739770812465,-1.2708265024435237,25.580087703257878,-0.0016736270673832765,-0.2976737324318353,0.037260171171521306,0.003338463000545744,1
3.9026665687561035,0.05703160911798477,-0.09301958978176117,0.727728545665741,-0.1028049279375526,0.30309802288428733,0.03297572647079963,-0.30607154395964464,-0.07907214831837983,-0.03639264872331616,1.0950729846954346,1.8875235319137573,-0.06085786223411583,0.08352194286749096,-1.359252942461661,25.5745816978846,-0.0016771953310570915,-0.29849096531910724,0.03566124214750732,0.0009946659993147478,1
3.9126222133636475,0.05703160911798477,-0.09301958978176117,0.727728545665741,-0.1028049279375526,0.30309802288428733,0.03297572647079963,-0.30607154395964464,-0.07907214831837983,-0.03639264872331616,1.0950729846954346,1.8875235319137573,-0.06085786223411583,0.06837972195366893,-1.4117261110786599,25.572912381097236,-0.0016775861550743225,-0.2984736489452724,0.03550514530462606,0.002061413000774337,1
3.9226648807525635,0.05703160911798477,-0.09301958978176117,0.727728545665741,-0.1028049279375526,0.30309802288428733,0.03297572647079963,-0.30607154395964464,-0.07907214831837983,-0.03639264872331616,1.0950729846954346,1.8875235319137573,-0.06085786223411583,0.05908266377513279,-1.4428314285250479,25.572158959498246,-0.0016775848343770694,-0.2984567210246235,0.03550735849354228,0.002056312998320209,1
3.932891607284546,0.050985801964998245,-0.07053730636835098,0.729792594909668,-0.08570728507037581,0.42802378524150975,0.051111648083043644,-0.22355866587055706,0.008061444965798525,-0.060309913149601435,2.287095308303833,2.044886350631714,0.0435923002660272,-0.04238226535645231,-1.6452635483351514,25.494885803609034,0.0012456293950517732,-0.48193098606441753,0.01094622154426014,0.0010518000017327722,1
3.9426865577697754,0.05000797286629677,-0.06544537842273712,0.7303088903427124,-0.08072144243911028,0.44250246949199734,0.05409529630043978,-0.19909938908728986,0.027879919141069465,-0.06386995489148761,2.4576213359832764,2.0149309635162354,0.06586735695600485,-0.10980266957370424,-1.8133658406779827,25.47308592219258,-0.03123508837472789,-0.5820564869513805,0.008087058524732226,0.0016959820022748318,1
3.9527275562286377,0.05000797286629677,-0.06544537842273712,0.7303088903427124,-0.08072144243911028,0.44250246949199734,0.05409529630043978,-0.19909938908728986,0.027879919141069465,-0.06386995489148761,2.4576213359832764,2.0149309635162354,0.06586735695600485,-0.14474973485653103,-1.9259110389006915,25.46802547546237,-0.0351838497309581,-0.6111139141514141,0.009916863984466083,0.0009664489989518188,1
