time_s,pos_x_m,pos_y_m,pos_z_m,vel_vx_m/s,vel_vy_m/s,vel_vz_m/s,att_roll_rad,att_pitch_rad,att_yaw_rad,ang_vel_p_rad/s,ang_vel_q_rad/s,ang_vel_r_rad/s,control_Fx_N,control_Fy_N,control_Fz_N,control_tau_x_Nm,control_tau_y_Nm,control_tau_z_Nm,solve_time_s,solve_success
0.000591278076171875,-5.888942541787401e-05,0.0007637999369762838,0.0003559405158739537,0.00012502867320837615,0.001575233530903205,0.002518020570434389,0.10466744954790874,0.00034352160159167866,0.0020394275624293634,-0.009135720320045948,-0.0011478819651529193,-0.0003569445689208804,-0.0046320440793116615,1.1906394677021948,26.58368061031913,-0.152385579601651,-0.0009215775110777262,3.949512839694153e-05,0.0013113120003254153,1
0.010602235794067383,-5.705053990823217e-05,0.0007728401105850935,0.0003680168301798403,0.00014722562608522613,0.0014547449181533184,0.00259628474603041,0.10473932605943981,0.0003174594516046625,0.0020319156109938064,0.008970201946794987,-0.0021463907323777676,0.00021304178517311839,-0.004591609900621687,1.1905931740951838,26.582702907419506,-0.15738720234999334,0.00011139927227019042,-2.2460441884924022e-05,0.0011578449993976392,1
0.020597457885742188,-5.705053990823217e-05,0.0007728401105850935,0.0003680168301798403,0.00014722562608522613,0.0014547449181533184,0.00259628474603041,0.10473932605943981,0.0003174594516046625,0.0020319156109938064,0.008970201946794987,-0.0021463907323777676,0.00021304178517311839,-0.00457099592021292,1.1904967639785935,26.582292944272897,-0.1580564589835503,0.00026250179241134856,-2.375016005430061e-05,0.0010622589979902841,1
0.030887603759765625,-5.705053990823217e-05,0.0007728401105850935,0.0003680168301798403,0.00014722562608522613,0.0014547449181533184,0.00259628474603041,0.10473932605943981,0.0003174594516046625,0.0020319156109938064,0.008970201946794987,-0.0021463907323777676,0.00021304178517311839,-0.0045548350934596585,1.190410824736792,26.582128203738787,-0.15814237688793276,0.0002828957050981362,-2.2949310138304002e-05,0.0011897529984707944,1
0.040607452392578125,-5.171508382773027e-05,0.0007898016483522952,0.000392171205021441,0.00029602131694723884,0.0015607383175517456,0.002562028119101879,0.10457717209624917,0.00028809040947752607,0.0020175985524133466,-0.0013913039583712816,-0.0030257669277489185,0.0011352965375408535,-0.004567837624718213,1.1895098846032055,26.58206492633311,-0.15472201038920558,0.0005995726915057917,-0.00031524055454948326,0.0009043940008268692,1
0.05059075355529785,-4.8584406613372266e-05,0.00079922447912395,0.00040485241333954036,0.0001398921885546727,0.0015775478606496896,0.002725026108247207,0.10459756037375323,0.0002631862783464278,0.002016467685126422,-0.004299310501664877,-0.000736052868887782,0.0008412065217271448,-0.004550383651781384,1.1885216305702386,26.581470425363065,-0.15340656944408848,-3.820605251031244e-05,-0.0002742597985933437,0.0010496219983906485,1
0.06059455871582031,-4.471561624086462e-05,0.0008089843904599547,0.00041963908006437123,0.00039062966238839953,0.00159536208238708,0.0027503808997201445,0.10459756037375323,0.0002631862783464278,0.002016467685126422,-0.004299310501664877,-0.000736052868887782,0.0008412065217271448,-0.004712030698452687,1.1876415947474976,26.581157059994034,-0.1532392471865682,-0.00013424685145458043,-0.00027061172990372874,0.0010707780020311475,1
0.07059884071350098,-4.165475911577232e-05,0.0008171852678060532,0.00043376468238420784,0.0002245419162200556,0.001519639945713863,0.002795916530969694,0.10453091673336035,0.0002609233863668514,0.0020365951017620176,0.006899659521877766,-0.0013116687769070266,0.001655728789046407,-0.004704284118634154,1.1873509045186605,26.580983660476235,-0.15660992091895715,4.7229666162814396e-05,-0.0005490214352730735,0.001074271000106819,1
0.08059525489807129,-3.807221582974307e-05,0.0008245579083450139,0.0004489916027523577,0.00023212406088676666,0.0015149718439979557,0.002919596151666161,0.10440272648171289,0.00028168913019976927,0.0020325921404564795,-0.011546255089342594,0.001864327467046678,-0.0005037687951698901,-0.004898345758707291,1.185867166650884,26.580283354043925,-0.1511448224609491,-0.0009642417170124434,0.00010796325945019167,0.0010666599991964176,1
0.09059262275695801,-2.8016051146551035e-05,0.0008351635769940913,0.00048004870768636465,0.00022265857827143438,0.0013583062285664946,0.003024009304616643,0.104392368830728,0.00028066903902423945,0.0020397958432623042,0.006182766519486904,-0.00033465190790593613,0.0009154395083896816,-0.00494479117959134,1.1855501804280795,26.579831009725222,-0.15594684574857248,-0.0004017738036091033,-0.00023976454613742256,0.0010732230002759025,1
0.10059833526611328,-2.5388537324033678e-05,0.0008411745657213032,0.0004955418407917023,1.4953433361876248e-05,0.0017081080944083506,0.003007866686283297,0.10447873950803377,0.0002948726630944698,0.0020289068622738604,0.0021697424817830324,0.001957413274794817,-0.0005769379204139116,-0.0049875875500950476,1.1848975954122658,26.579678612658043,-0.15537490082584582,-0.0010575423665011275,0.000184412432698154,0.0011001739985658787,1
0.11060261726379395,-2.3795615561539307e-05,0.0008475130889564753,0.0005105349700897932,-2.6248751955671565e-05,0.001405302437718375,0.003036707405838015,0.10436574515661201,0.0003243633274800928,0.002029158471503756,-0.010256229899823666,0.0013534888857975602,-0.00034889380913227813,-0.005002424840748992,1.1837384586210387,26.57937691352196,-0.15139408099537333,-0.000985929680321905,0.00019015316779177316,0.0010313999955542386,1
0.12060308456420898,-2.233218947367277e-05,0.0008503191056661308,0.0005256363074295223,1.5504567238998596e-05,0.0011784953390761193,0.003088909904339132,0.10447373397737403,0.0002875252166463227,0.0020112179083229265,0.012352959252893925,-0.0032927747815847397,-0.0011097741080448027,-0.004773345881125603,1.1841874150993663,26.579323567136694,-0.15795966027523506,0.000491705465591085,0.0004459970998342873,0.001073781997547485,1
0.1307077407836914,-2.233218947367277e-05,0.0008503191056661308,0.0005256363074295223,1.5504567238998596e-05,0.0011784953390761193,0.003088909904339132,0.10447373397737403,0.0002875252166463227,0.0020112179083229265,0.012352959252893925,-0.0032927747815847397,-0.0011097741080448027,-0.004592835862290342,1.1844921446639642,26.57927995125413,-0.158844428303548,0.0007082329807742984,0.0005118706527504353,0.0012548979939310811,1
0.14087557792663574,-2.1840320187038742e-05,0.000854706100653857,0.0005551576032303274,-0.00031367404167588855,0.0014276594988296227,0.002884406377911111,0.10441374748598209,0.00031019463537607095,0.0020017551448288096,-8.409260772168636e-06,0.0005202550673857331,-0.0001240790006704629,-0.004612170284661298,1.1837253998960398,26.578910665281974,-0.15336048516820067,-0.0007608235783444584,0.00032444749818160996,0.0031933470017975196,1
0.15058398246765137,-2.1840320187038742e-05,0.000854706100653857,0.0005551576032303274,-0.00031367404167588855,0.0014276594988296227,0.002884406377911111,0.10441374748598209,0.00031019463537607095,0.0020017551448288096,-8.409260772168636e-06,0.0005202550673857331,-0.0001240790006704629,-0.004413340271434934,1.1834014246773599,26.57972177287004,-0.1543366966592484,-0.0006673259579169162,0.00016041555471951489,0.0008510519983246922,1
0.16059422492980957,-2.3143082216847688e-05,0.0008582489681430161,0.0005696694133803248,-0.0001733955870755274,0.0012997055324600454,0.0030637616497917546,0.10451530686397925,0.0002887657759576001,0.0019935649468942884,0.003937648609280586,-0.0011160502908751369,-0.00011967116734012948,-0.004229384013337524,1.1834064493417409,26.57947579258669,-0.1558211857706547,-0.00012011798807237369,0.0001344726543392177,0.0010781109958770685,1
0.1705930233001709,-2.2118440028862096e-05,0.0008583051967434585,0.0005851872847415507,-0.00013814849080795707,0.0011585940361442948,0.0030900021087644463,0.10446992606575867,0.0002935514638293668,0.002002078474507396,-0.005411672871559858,0.0006710853194817902,0.0010278774425387383,-0.0041902404803443065,1.1829487913421914,26.57917535091156,-0.15305419928152086,-0.0006060685377674993,-0.0002483446215029404,0.0010837670051841997,1
0.1805875301361084,-2.1500882212421857e-05,0.0008606298360973597,0.000600242055952549,-3.615438262586862e-05,0.0013790407476325281,0.0029429090293544326,0.1046099773063296,0.0002775428613928099,0.0019975542037067306,0.013360824435949326,-0.0017769740661606193,-0.0002781275543384252,-0.004088370224698353,1.1836596521657716,26.57978642908902,-0.15870724378602513,0.00010231092767200073,0.00010811809894087891,0.001049484002578538,1
0.1905956268310547,-1.9619919839897193e-05,0.0008619221625849605,0.0006141930352896452,-0.00021733301409727408,0.0013873661892309774,0.0028603726620333295,0.10458234584836434,0.0002823118133563618,0.0020108819372399722,-0.0012574115535244346,0.00022030365653336067,0.0014978516846895218,-0.003977657105376702,1.1834785817502087,26.580148871419848,-0.15485590081051137,-0.0004149612246911002,-0.0004107568407240648,0.001082927999959793,1
0.2006213665008545,-1.9324977984069847e-05,0.0008625708869658411,0.0006395932286977768,-0.00024618342291108573,0.001270043299660396,0.002872824907337477,0.10456088632875282,0.0002922206932782778,0.0020157011758885623,0.004303844645619392,-3.1740637496113303e-06,0.00038694724207744,-0.003860743422251317,1.1836823445181461,26.58031067731758,-0.1560750321722871,-0.00043095517071616056,-0.00014850141954797356,0.001035101005982142,1
0.21061420440673828,-1.8712857126956806e-05,0.0008631906239315867,0.0006521346513181925,-3.5553956083697804e-05,0.001432793421668747,0.002913003332908126,0.10470189685277198,0.00028407663897667135,0.0020116728421148977,0.011035745963454247,4.654405347537256e-05,0.0005360579816624522,-0.0038995546114485758,1.1842437427248633,26.58032139562854,-0.15842851476710565,-0.0004525244075784234,-0.00014916729378068336,0.001036776004184503,1
0.22059369087219238,-1.806625550671015e-05,0.0008631695527583361,0.0006628914270550013,-0.0001362410257861643,0.0014386428460986184,0.002746603221548398,0.10465197691454886,0.00030091730979631137,0.002029427050861621,-0.008774944581091404,0.002136232098564506,0.0018490690272301433,-0.003983034814692571,1.1837460342432489,26.58068631547177,-0.15259889015932615,-0.0011092836508904964,-0.0005826193937979062,0.0010860700058401562,1
0.23061513900756836,-1.806625550671015e-05,0.0008631695527583361,0.0006628914270550013,-0.0001362410257861643,0.0014386428460986184,0.002746603221548398,0.10465197691454886,0.00030091730979631137,0.002029427050861621,-0.008774944581091404,0.002136232098564506,0.0018490690272301433,-0.004048077570163215,1.1833820703395836,26.58086258380058,-0.15183303228642184,-0.0012058388438625112,-0.0006751872054164534,0.0010871179983951151,1
0.2406597137451172,-1.806625550671015e-05,0.0008631695527583361,0.0006628914270550013,-0.0001362410257861643,0.0014386428460986184,0.002746603221548398,0.10465197691454886,0.00030091730979631137,0.002029427050861621,-0.008774944581091404,0.002136232098564506,0.0018490690272301433,-0.004103918194737347,1.18307144814608,26.58094508354549,-0.15173581603983288,-0.0012189897434843227,-0.0006931961676535939,0.0011626650011749007,1
0.2506871223449707,-1.5918845747364685e-05,0.000862671819049865,0.0006887866766192019,7.004644293043507e-06,0.001705679085796335,0.0031123170751456227,0.10472675229489337,0.00030409144731669,0.002049866845775128,-0.0024206237867474556,0.0011971865314990284,0.0012650941498577593,-0.004219383603124198,1.182796285954425,26.579794469253855,-0.1537764743024208,-0.0009403799912737141,-0.0005158498806418049,0.0011917800002265722,1
0.26061081886291504,-1.5510591765632853e-05,0.0008663326734676957,0.0007021602359600365,-5.8900852279182675e-05,0.0018893665445753045,0.0030056021617128384,0.10466703973691649,0.00031678512540578296,0.002049000197594353,-0.0030979178845882416,0.00020829428103752434,-3.722606925293806e-05,-0.004252698958299031,1.1823603147507173,26.5796877132869,-0.15374539347373237,-0.0006152407450207771,-5.31477321693459e-05,0.0011165820033056661,1
0.27059221267700195,-1.454688208468724e-05,0.0008689869428053498,0.0007149252924136817,2.6211598978248393e-05,0.0016801206871751874,0.0029750620125323698,0.10477188548530192,0.00029561781728082437,0.002041666155779165,0.01043267734348774,-0.0016983518144115806,4.105057450942716e-05,-0.00422614624622028,1.182970972761705,26.57989130041762,-0.158084612773156,5.153324169858821e-05,1.580821753339601e-05,0.0010804150006151758,1
0.2805900573730469,-1.3684034456673544e-05,0.0008707434171810746,0.0007280385470949113,-0.0001270216307849901,0.0017029540569311675,0.0030191994759680004,0.10465164534298355,0.00030965718626863037,0.002039338568541993,-0.01208712998777628,0.0008612973615527153,0.0001241200661752372,-0.004244813188072757,1.1821051335311559,26.579566054364822,-0.15149189548173042,-0.0006712999985349139,5.944030168968075e-06,0.0011019200028385967,1
0.29059290885925293,-1.4938239473849535e-05,0.0008735150913707912,0.0007409921381622553,-0.0003388690823772132,0.0019179841706210598,0.0031142416680360824,0.10471228032655588,0.0002887036768517426,0.0020372400960630976,0.004188790917396545,-0.0019775708205997944,0.00041663963929750047,-0.003931995277866782,1.18211485695005,26.579311764553534,-0.15577252112716009,0.00015635050449484226,-9.510518731000668e-05,0.0011105770026915707,1
0.30059313774108887,-1.810406865843106e-05,0.0008784393430687487,0.0007539318758063018,-0.00043831678360658116,0.002000570968415521,0.0029858965589339,0.10472103678384226,0.00030323517269348343,0.0020206151255282023,-0.0009210367570631206,0.00093886541435495,-0.001568668172694743,-0.003759489446771653,1.181849119528224,26.579594516556746,-0.15474457078518647,-0.0006728644767503484,0.0005496056275095685,0.001089072997274343,1
0.310596227645874,-2.296467573614791e-05,0.0008837818168103695,0.0007640112889930606,-0.0006092051046526651,0.0021068078666851577,0.0027904410559125912,0.10463253175257714,0.00028635325434489545,0.00201878451018489,-0.0035742230247706175,-0.0020393216982483864,0.000778947083745152,-0.00329503088443925,1.1814089650072244,26.580364913434703,-0.1536738451950839,0.0001909649046885225,-0.0001009516217526362,0.0011039439996238798,1
0.32059311866760254,-3.458805804257281e-05,0.000896613288205117,0.0007826244691386819,-0.0005877864897419439,0.002110450050421993,0.002877990956194504,0.10468652607283158,0.0002783855412729075,0.0020141572370380167,0.007930164225399494,-0.0016549183055758476,-9.720097295939902e-05,-0.002898740874995409,1.1810263618806316,26.58069219814512,-0.1535376139387162,0.00030639489084820725,-0.00021741260276047413,0.0013152239989722148,1
0.3306739330291748,-4.051208816235885e-05,0.0009028088534250855,0.0007905836100690067,-0.000530015269966415,0.0021611212065182515,0.002822670635111246,0.10463228192729446,0.00028933017995669275,0.0020167457202040495,-0.011208061128854752,0.0014002476818859577,0.0007676825625821946,-0.0025620302227864684,1.1812610473604779,26.580647335924958,-0.157160394597854,0.00020495788713936053,5.0034532069676474e-05,0.0014744860018254258,1
0.3408818244934082,-4.642630665330216e-05,0.0009095032000914216,0.0007971828454174101,-0.0005351064613740314,0.002171700553068781,0.0027503082771745896,0.1045764309109285,0.00026965956830604654,0.0020304767595558104,-0.0004998494405299425,-0.0017488255398347972,0.0017941244877874853,-0.002267842081851077,1.180865812979078,26.580965654242945,-0.15488587191665512,0.00023339804652352923,-0.0005225499233830096,0.0026819759950740263,1
0.35066986083984375,-4.642630665330216e-05,0.0009095032000914216,0.0007971828454174101,-0.0005351064613740314,0.002171700553068781,0.0027503082771745896,0.1045764309109285,0.00026965956830604654,0.0020304767595558104,-0.0004998494405299425,-0.0017488255398347972,0.0017941244877874853,-0.0020072562006579566,1.1805425198265314,26.581111678434823,-0.1545717109237168,0.000244315860691918,-0.0006354945497803042,0.0008511920023011044,1
0.360593318939209,-5.226786743151024e-05,0.0009168372489511967,0.000804558047093451,-0.0006195949394941339,0.002208409552931169,0.002877024033328733,0.10458658359383666,0.0002571717830530673,0.0020357336518870284,-0.0007363801123574376,-0.0007521386723965405,0.0010311547666788101,-0.001742592665590242,1.1801463410305042,26.580739696146797,-0.1544678410776544,-5.235242409088809e-05,-0.0004108740780648328,0.0010552090025157668,1
0.3705923557281494,-5.9128527936991304e-05,0.0009238708880729973,0.0008109590853564441,-0.0006206532709987781,0.0021432351525768416,0.002782623767169557,0.10445965461957396,0.00026082474224553565,0.0020332005156507016,-0.010999246500432491,0.00036935196840204304,0.00038001561188139016,-0.001557713345439492,1.1792112577636518,26.580805186421966,-0.15110732826953965,-0.00045272535690207957,-0.0001562626255695624,0.0010691730058169924,1
0.3806116580963135,-6.604860391234979e-05,0.0009304254199378192,0.0008168743806891143,-0.0005858025396989256,0.0020575339460709046,0.002837245118413859,0.10454651943424009,0.0002575157935220673,0.002040218196474264,0.008400493301451206,-0.00041730923112481827,0.0004318554420024157,-0.0013635032372733573,1.1795423147963568,26.580864139669746,-0.15681730561018836,-0.0002574177396643517,-0.00013181119529897297,0.001103525995858945,1
0.3905966281890869,-7.176278450060636e-05,0.000936016149353236,0.0008237621514126658,-0.0004519190697285535,0.002052433325260485,0.0029848299441771237,0.10454651943424009,0.0002575157935220673,0.002040218196474264,0.008400493301451206,-0.00041730923112481827,0.0004318554420024157,-0.0012836489735334566,1.1796579761711683,26.580357526157304,-0.15754348900546844,-0.00023620114025421968,-0.00012543135198291044,0.0010848129968508147,1
0.4005873203277588,-7.558349898317829e-05,0.0009415215463377535,0.0008320769411511719,-0.0003054998817210624,0.002048640252569025,0.0030436327374155675,0.10443371533356505,0.0002559318200918703,0.0020334464865636726,-0.002281787572428584,-0.0010888718534260988,0.0006995757576078178,-0.0012782566506862223,1.1790207322441788,26.57982674092714,-0.15417103631242593,-2.4772920864985474e-05,-0.0002068380910227909,0.001059539004927501,1
0.4106149673461914,-7.942582305986434e-05,0.000948132888879627,0.0008392194285988808,-0.00030587482641650205,0.002101931922818815,0.003033385631197683,0.10445328774148432,0.0002561164301457808,0.002037004838587375,-0.0028041591867804527,0.000786204356700182,0.00035665323957800854,-0.0013620496616727094,1.1784776550277207,26.5796646831384,-0.15360308731660888,-0.0005855644136186035,-0.000112026755701015,0.0010113620010088198,1
0.4208500385284424,-8.26135219540447e-05,0.0009542788029648364,0.0008480452816002071,-0.00023002491814855345,0.0020051228124610574,0.0031413349915288147,0.10439471811291945,0.00026050011255529526,0.002030470578748389,-0.009402429684996605,0.0010074181482195854,-0.00042507186299189936,-0.0014974331606248542,1.177590863908628,26.579158601481303,-0.15140782011808598,-0.0007441348499371483,0.00016164765878396586,0.0010903990041697398,1
0.43061304092407227,-8.980611892184243e-05,0.0009634545422159135,0.000863493129145354,-0.0003427859919940093,0.0018677326108594654,0.002896555701897441,0.10450361806177177,0.0002554081058572244,0.0020261726558250537,0.010974829085171223,-0.0009369421750307083,0.00010027215466834616,-0.0016141143585032402,1.1768520694768716,26.57897305566357,-0.1511292380702331,-0.0007651123993591444,0.0002120847588950202,0.001123843998357188,1
0.440659761428833,-9.404285083292052e-05,0.0009666896658018231,0.0008672896074131131,-0.0003802983555827485,0.0017995783143516092,0.00280493823722226,0.10441927281450125,0.00027025306727690435,0.0020260891061059105,-0.010066449642181396,0.0017319128382951021,-0.00016415177378803513,-0.0016441953455548861,1.1765617398909594,26.58005838355652,-0.15097214486527796,-0.000993391108352084,0.0001382087982732471,0.0011548439942998812,1
0.4507019519805908,-9.876208787318319e-05,0.0009701092494651675,0.0008705366053618491,-0.0003895741828740227,0.001842651638136026,0.0027163347661705744,0.10442225367857283,0.00026982924345020365,0.0020255610793049605,-0.0016921976348385215,0.000286804890492931,3.612440195865926e-05,-0.0015843517903504742,1.176738062742072,26.580902289364257,-0.15351806120907682,-0.0005763066732813641,5.789805048974283e-05,0.0011496779989101924,1
0.4605903625488281,-9.876208787318319e-05,0.0009701092494651675,0.0008705366053618491,-0.0003895741828740227,0.001842651638136026,0.0027163347661705744,0.10442225367857283,0.00026982924345020365,0.0020255610793049605,-0.0016921976348385215,0.000286804890492931,3.612440195865926e-05,-0.0015341971443157546,1.1768446491888365,26.581241273944027,-0.1538440734468983,-0.0005197253575786183,4.583140235611856e-05,0.001057652996678371,1
0.47058796882629395,-0.0001033837252180092,0.000973993563093245,0.0008730491390451789,-0.0004512006126681755,0.0018090612613134707,0.0028036313658665163,0.10453306871800594,0.0002641522908204408,0.002025960129686144,0.007291116751730442,-0.00017638588906265787,0.0006386769819073379,-0.0014082174720454665,1.177498084161524,26.581177100033695,-0.15681879879550759,-0.00035352000080229493,-0.00015339673618347907,0.0010790880041895434,1
0.4805898666381836,-0.00010898702021222562,0.000977981835603714,0.0008759437478147447,-0.0005977060067334664,0.0019274579348534672,0.00294109879047975,0.10443826393056144,0.0002814058070508274,0.002032077602050819,-0.010088599286973476,0.0016728938790038228,0.0003714719205163417,-0.0013012872737212988,1.1768527134265818,26.58048354090661,-0.15167110547952484,-0.0009292685030372045,-0.00010723885593679646,0.0018151449985452928,1
0.4906349182128906,-0.00011593012459343299,0.0009825570741668344,0.0008796009351499379,-0.0006493527910113632,0.0019690903996536576,0.003106927516238433,0.10455973594774948,0.00025917364181893277,0.0020365088488034644,0.012548374012112617,-0.001795904361642897,0.0012700916267931464,-0.0009531502249075802,1.177522559534243,26.57989075873088,-0.15819552448055046,0.00011527213056682203,-0.0003968400342987007,0.0010604459966998547,1
0.5005879402160645,-0.0001239331904798746,0.0009868631605058908,0.0008843365358188748,-0.000761160918298354,0.001962559028669855,0.0031979999235425,0.10456965944962215,0.0002598331627505779,0.0020377268909208546,0.0009074907284229994,0.0005595010006800295,0.00097986264154315,-0.0006845783763612068,1.1774099364419788,26.579192220596934,-0.15542648605224446,-0.00048007391483200173,-0.00035213388734241485,0.001049484002578538,1
0.5105881690979004,-0.00013253532233648002,0.000990012544207275,0.0008899167296476662,-0.000805888732621309,0.001831501573588876,0.003278231264112962,0.10448872313205504,0.0002656416045874188,0.002037678175270674,-0.004661325830966234,-0.00011995629756711425,-8.351431461051105e-05,-0.00037662091227766447,1.1770010461156868,26.578570374769694,-0.15324117902524723,-0.00036116268325097803,1.2706838110290069e-06,0.0010580720045254566,1
0.5205926895141602,-0.0001429447584087029,0.0009947599610313773,0.0008956872043199837,-0.0008960234701628501,0.0018761655958993702,0.0032220333962183823,0.10461608880569662,0.0002533164591342896,0.002033933456347725,0.00844553392380476,-0.0011901876423507929,-0.00017578678671270595,3.8990512541255346e-05,1.177515314586387,26.578670561569794,-0.15719800770204553,8.965118939306747e-06,0.00010114751340181925,0.0010827890000655316,1
0.5306727886199951,-0.0001638763933442533,0.0010033687576651573,0.0009059416479431093,-0.0010564011754602915,0.001976264871617084,0.0031381866439585326,0.10452251070610963,0.00027896655252845903,0.0020405761988917526,-0.008683531545102596,0.002310207113623619,0.0007584890117868778,0.00032672090969864325,1.176900195262911,26.578809187426867,-0.15230111130910573,-0.001047756856427648,-0.0001864906824419514,0.0012619500048458576,1
0.5407159328460693,-0.00017556094098836184,0.0010087803239002824,0.0009111732360906899,-0.0010036652674609463,0.001912299198794347,0.003208608131397729,0.10456416980917504,0.0002713993768974632,0.0020379936263270615,0.008432859554886818,-0.001768817543052137,0.0002031156618613752,0.0007813803976001242,1.1773278767245805,26.578818818443867,-0.15698642931832316,7.533461411562145e-05,-6.520062468673982e-05,0.002156361995730549,1
0.5508396625518799,-0.0001888355182018131,0.0010133464820683002,0.0009164777584373951,-0.0011955831435182583,0.0019466589089042598,0.0031153974315569627,0.10462765229730664,0.000268421561229637,0.0020385248600027772,0.00027168961241841316,0.0009437076514586806,0.00023217828129418183,0.001172992036140492,1.1776373927708508,26.578807063186414,-0.1576023608520721,0.00023041244717351487,-3.3726340608806556e-05,0.001074690000677947,1
0.5605809688568115,-0.00020180331193841994,0.0010186332510784268,0.0009199082851409912,-0.0011074548822579487,0.002136223453961811,0.0030186942500597435,0.104556281099903,0.00027840963891634374,0.002047137390963627,-0.008312197402119637,0.0012248870916664603,0.0011176686966791747,0.0015441260062374817,1.177617388736833,26.57904882568083,-0.15523131348226046,-0.0005869863483803569,-3.9093413109447536e-05,0.0012298319998080842,1
0.5705888271331787,-0.00020180331193841994,0.0010186332510784268,0.0009199082851409912,-0.0011074548822579487,0.002136223453961811,0.0030186942500597435,0.104556281099903,0.00027840963891634374,0.002047137390963627,-0.008312197402119637,0.0012248870916664603,0.0011176686966791747,0.0018086991132714252,1.1770178236463682,26.579409321858837,-0.15216474027397903,-0.0007972786928718703,-0.00034007709026344753,0.0010406869987491518,1
0.5805838108062744,-0.00021540853776969016,0.0010241513373330235,0.0009238041238859296,-0.0013638780219759265,0.002153008707128651,0.0031633062774708808,0.10467423654150743,0.0002697825282336197,0.0020379297128512164,0.0105998944491148,-0.0010592014295980334,-0.0005584346363320946,0.0023621744209433517,1.177524347555353,26.579276309684822,-0.15779523714860527,-0.00010143734618360968,0.00015722155699794948,0.0010841149996849708,1
0.5905821323394775,-0.00022929844271857291,0.0010295913089066744,0.0009283644030801952,-0.0011712805136913779,0.002145401181229,0.0030665244105671633,0.10460919369485477,0.0002778720175991012,0.002035217780643084,-0.008916842751204967,0.0016722623258829117,-0.0004054025048390033,0.0025775598270769465,1.1768949640579016,26.579335653714434,-0.1523728360115304,-0.0008786089263075452,0.00020541528759949362,0.001046550998580642,1
0.6005864143371582,-0.00024178664898499846,0.0010357596911489964,0.0009318824158981442,-0.0011757921893832493,0.002226264440845073,0.0031121105472120816,0.10465059387211761,0.00027561660991448633,0.002023290357676455,0.007023314014077187,-0.001303436467424035,-0.0003243234823457895,0.0029422073046853864,1.1771696814178532,26.579395552272544,-0.15667894085069337,-4.907876678560694e-05,0.00019171295681025903,0.0010571649982011877,1
0.6108205318450928,-0.0002542919828556478,0.0010429208632558584,0.0009351667831651866,-0.0012839344565234707,0.0023207631634663104,0.003146024437832112,0.10465339951998187,0.0002847304524449257,0.0020116976496824535,0.001652394188567996,0.0003618710325099527,-0.0008838415378704667,0.0032513535659862316,1.1769922283274556,26.57924086915444,-0.15556093427925308,-0.00046944715271801245,0.00038325847291298095,0.0010462019999977201,1
0.6205852031707764,-0.0002684923238120973,0.0010518707567825913,0.0009380041738040745,-0.001232558279534282,0.00234257171254758,0.0029954798691681217,0.10465339951998187,0.0002847304524449257,0.0020116976496824535,0.001652394188567996,0.0003618710325099527,-0.0008838415378704667,0.003509771250706478,1.1769245017146848,26.579709552162218,-0.15542058047660923,-0.0005285666663649999,0.00041676599502415095,0.0010825100034708157,1
0.6306018829345703,-0.00028233954799361527,0.001062878523953259,0.0009400180424563587,-0.001267026877305982,0.00257453436448162,0.002865657695095839,0.10465339951998187,0.0002847304524449257,0.0020116976496824535,0.001652394188567996,0.0003618710325099527,-0.0008838415378704667,0.003779939759552049,1.1767644901797067,26.580367345384147,-0.15539634724779272,-0.000535542916791715,0.0004226864970769229,0.0011380169962649234,1
0.6406071186065674,-0.00029660644941031933,0.001073088962584734,0.0009396530222147703,-0.0013965874677281257,0.0025182201080861636,0.0026729041694123173,0.10457447144801923,0.0002698714585251949,0.0020117487827553404,-0.011814169585704803,0.0006665956461802124,-0.0006295929197221995,0.004136315862476556,1.1759828241019223,26.581166355052215,-0.1511155103629149,-0.0006062246567659018,0.0003396235362763516,0.0011883580009452999,1
0.6507112979888916,-0.00032898117206059396,0.0010941177606582642,0.0009370050975121558,-0.0015735952185833963,0.002538697078314247,0.002643855536250382,0.1045338859932472,0.000252628334874494,0.002007631493294859,0.0011042654514312744,-0.0011990009807050228,0.0003173402801621707,0.0044497020347271325,1.1753423814822743,26.581518995528327,-0.15056959149598384,-0.0006168365388760582,0.00032373563073267016,0.0014735090007889085,1
0.6605911254882812,-0.0003456339763943106,0.0011040533427149057,0.0009353078785352409,-0.001742981490854874,0.0025710991917045887,0.0026150976889337554,0.10454345508714002,0.0002471978543114872,0.0020004275575029595,0.0023386848624795675,-0.0008473299676552415,-0.00014995440142229189,0.005012035625359039,1.1753425080387492,26.581905278713684,-0.15445671930733998,1.1860634562824634e-06,1.31905464557499e-05,0.001059469002939295,1
0.6705846786499023,-0.00036265511880628765,0.0011140686692669988,0.0009330572793260217,-0.0018011028883140098,0.002655508428125424,0.002595202562861613,0.10440920942320098,0.0002574177181582371,0.002001444334564617,-0.014022978022694588,0.0007840538746677339,0.0001462940708734094,0.00563058608913279,1.175344384643821,26.582171409225193,-0.15534833767595507,-1.5761408165808495e-05,0.00011580082685307723,0.0012914850012748502,1
0.6805858612060547,-0.00036265511880628765,0.0011140686692669988,0.0009330572793260217,-0.0018011028883140098,0.002655508428125424,0.002595202562861613,0.10440920942320098,0.0002574177181582371,0.002001444334564617,-0.014022978022694588,0.0007840538746677339,0.0001462940708734094,0.006145816334368374,1.1742621896386836,26.58217950585401,-0.1502041246872705,-0.0005387427008568963,3.701446352493295e-05,0.001075456995749846,1
0.6905875205993652,-0.00038023636443540454,0.0011245288187637925,0.0009309608140029013,-0.0017423867254763266,0.0027540609699153035,0.0026807773825559267,0.10444869995722561,0.00022516641296510542,0.0020056742196210564,0.0062629180029034615,-0.0035343565978109837,0.0015470195794478063,0.006843077427144375,1.1743075490981847,26.582130101305424,-0.15589153189570307,0.0007904993976345975,-0.00044133350682393555,0.0010466919993632473,1
0.7005946636199951,-0.0003957595909014344,0.0011341571807861328,0.0009290915913879871,-0.001757814200084584,0.0025851938096771174,0.0026712357334823526,0.10440229457901173,0.00020886832996280802,0.002014775290736015,-0.008950946852564812,-0.0006040752632543444,0.00117060961201787,0.007351731816023421,1.173565777354155,26.581966907617687,-0.15184156054944195,7.096363830692138e-05,-0.0004044937188970225,0.0010614230050123297,1
0.7106151580810547,-0.00041174987563863397,0.0011415970511734486,0.0009269511792808771,-0.0017859635414833477,0.0025536287138146784,0.002670404305723313,0.10428179306993979,0.00020738891532268156,0.0020196592144809955,-0.009441632777452469,-0.0009050015360116958,0.0005505594890564681,0.007863199911603237,1.1727854141112857,26.58191069966806,-0.15101563166357165,6.586728871904936e-05,-0.00020269952064695576,0.0010556979977991432,1
0.7206122875213623,-0.0004284301830921322,0.0011491075856611133,0.0009255248005501926,-0.0019219851821569848,0.002468386184904046,0.0028226338439079003,0.10431539946433288,0.0001770851141116303,0.0020219653507953517,-9.01990570127964e-05,-0.0016821675235405564,0.0005382126546464863,0.008512627120439558,1.1725800144968157,26.581469267462882,-0.15385830519366037,0.00035267068616113027,-0.00016278685577314597,0.0010313300008419901,1
0.7306077480316162,-0.0004437881289049983,0.001154842902906239,0.0009262508829124272,-0.0018017127880463222,0.00234143921803965,0.0029453013776552885,0.10417729686784316,0.00018035189871667967,0.0020172204289741202,-0.013630194589495659,9.69182583503425e-05,-7.506384281441571e-05,0.008921585081512588,1.1715016256227748,26.580707799906584,-0.1498400400602525,-0.00017881027452185425,5.0611214718593105e-05,0.0010776919953059405,1
0.7407124042510986,-0.00045793948811478913,0.0011600698344409466,0.0009261870291084051,-0.0016646137232272185,0.0024484709966103584,0.0028522452596446025,0.10421021428951649,0.0001657357056386033,0.0020007629055602827,0.004419264383614063,-0.0015330926980823278,-0.000744182616472244,0.009304449136106887,1.171543478295437,26.580936011765626,-0.15497240747630173,0.0002688030371694728,0.0003155253204237446,0.0016916299937292933,1
0.7505903244018555,-0.00048333071754314005,0.0011698621092364192,0.0009247164707630873,-0.0016961048823679655,0.002239045912698217,0.0026713786700034493,0.10419573942554461,0.00016829683676489182,0.001997349437024898,-0.008016616106033325,0.001901431242004037,-0.00048383651301264785,0.009508387159877455,1.1711311627670746,26.58151080183708,-0.15176700182996597,-0.0007448181441156157,0.0002823383535411605,0.0010677780010155402,1
0.7606308460235596,-0.0004970169975422323,0.0011721872724592686,0.0009233245509676635,-0.0018618205797829106,0.0020890943434448226,0.0027211110758132637,0.10409691760858086,0.00017835872984806045,0.001980978483119067,-0.004254416562616825,-0.000360206060577184,-0.0005752920405939221,0.009715659607415777,1.1707977103078584,26.581764279831216,-0.15135156410658537,-0.0008838923532384379,0.00027051309323183117,0.001344270000117831,1
0.770592451095581,-0.000510033976752311,0.0011723664356395602,0.0009211755823343992,-0.0016748079797278522,0.0018483231539779621,0.0026442576201532704,0.10417626141906666,0.00017981142358136637,0.001976000987193416,0.008551159873604774,-0.0002667418448254466,-7.187121082097289e-05,0.010130411412277886,1.170622047734424,26.58172526101975,-0.15234137890634122,-0.00020224166012260266,0.0003076767915818981,0.0012656510007218458,1
0.7805852890014648,-0.000510033976752311,0.0011723664356395602,0.0009211755823343992,-0.0016748079797278522,0.0018483231539779621,0.0026442576201532704,0.10417626141906666,0.00017981142358136637,0.001976000987193416,0.008551159873604774,-0.0002667418448254466,-7.187121082097289e-05,0.010364271749543462,1.1714293099329056,26.58210342286481,-0.15655802979069242,-0.00014491934027505073,0.00015787431463995934,0.0010513689994695596,1
0.7905855178833008,-0.0005228762165643275,0.001170612988062203,0.0009181335335597396,-0.0017464429839407695,0.0017118238512583788,0.0025296285807331655,0.10404738517175804,0.00019720955704505272,0.001972161821911733,-0.012539930641651154,0.0014792555011808872,-0.0005861752433702352,0.010527226582186626,1.1710143752575048,26.582408622787742,-0.15038678076588877,-0.0007072802456460184,0.00029966088517670476,0.0010873970022657886,1
0.8006112575531006,-0.000536017760168761,0.0011677187867462635,0.000913678202778101,-0.001708408003065827,0.0015187304933019655,0.0025604565403985527,0.1040889904804354,0.00018690569016888148,0.00196319038456938,0.009753262624144554,-0.001775454729795456,-0.0005365025135688482,0.01083891274548426,1.1720155470010067,26.58266984020039,-0.1565796753895918,0.0002476638263946788,0.0003135515204940113,0.000983293000899721,1
0.810603141784668,-0.0005484021967276931,0.0011623157188296318,0.0009096337016671896,-0.0016399598682393314,0.0013581774795315394,0.002592433259164958,0.10414650235075484,0.00017278796088637804,0.0019570608041696858,-0.001169387949630618,-0.001115505932830274,-5.931622581556426e-05,0.011058274559883764,1.1724503628285865,26.58252885845778,-0.1540599613554216,0.0001896608592632951,0.00016969328224194567,0.0009913930043694563,1
0.8206048011779785,-0.0005599556607194245,0.0011562755098566413,0.0009056644630618393,-0.0016047918471737998,0.0012905123666203631,0.0025552378593676015,0.10405180315856555,0.00017261225455778018,0.0019519742107920734,-0.006528081372380257,-0.00038150246837176377,0.000595434510614723,0.011208884100634066,1.1725421228865505,26.582540249115826,-0.15195265080457637,-4.520960170064151e-05,-6.975217447273424e-05,0.0010604460039758123,1
0.8306145668029785,-0.000571897835470736,0.0011492054909467697,0.000900901504792273,-0.001701477449407305,0.0011942975648781043,0.0025581675597649628,0.10418833009736161,0.00015543004025975193,0.0019513503168608892,0.010782096534967422,-0.0009522776817902923,-0.00022336328402161587,0.011478851688008619,1.1737842797886449,26.58272481147176,-0.1572392628599222,0.0001218919606571221,0.00015144659411281167,0.0010794379995786585,1
0.8406116962432861,-0.0005833457689732313,0.0011391874868422747,0.0008960304548963904,-0.0016851027030734495,0.0009376169106763143,0.0025068656565071716,0.10409953432938535,0.0001795666447375055,0.0019496420481459609,-0.007583386264741421,0.002059302292764187,2.903016866184746e-05,0.01153945897906397,1.1739884406162546,26.58274803675991,-0.1521060830715681,-0.0008285598415191113,0.0001110407050806539,0.0011374590030754916,1
0.8517773151397705,-0.0005944963195361197,0.0011271284893155098,0.0008896674844436347,-0.0017309798858964097,0.0008617524320583476,0.0023203315203978894,0.10411471967419939,0.00017266988072917044,0.001962958978746432,0.0027376068755984306,-0.0008221486350521443,0.0016014650464057922,0.011805172582163743,1.1749584241518451,26.583520189734454,-0.15467999859086082,-3.486572927800975e-05,-0.0004232134932105699,0.0011446509961388074,1
0.8606126308441162,-0.0006166783859953284,0.0011040144599974155,0.0008737061871215701,-0.001814650138947504,0.0009553528809255833,0.0023145452239587585,0.10417233577592722,0.00017747339050933064,0.0019539322995498765,-0.00020335614681243896,0.0008891181787475942,-0.0006954748532734812,0.012028119194818502,1.1757618764599533,26.583819301685228,-0.15500675413765844,7.144885329079563e-05,-0.0005184006135391592,0.0012609730038093403,1
0.8705880641937256,-0.0006280044326558709,0.0010909714037552476,0.0008659505401737988,-0.001769403461467563,0.0008082211938441225,0.002288314291562491,0.10413401846317383,0.00017716515980525926,0.0019596506039145645,-0.0051743951626122,0.0002436256909277291,0.0006772164488211274,0.012216158980089244,1.1763629667366298,26.58393770930407,-0.15420681267110578,-0.0004676218642442418,0.00022034296366694583,0.0012892500017187558,1
0.8806087970733643,-0.0006371251656673849,0.0010770699009299278,0.0008575827814638615,-0.0014990821946682866,0.0007565314201077203,0.0022345345960422254,0.1042808940373634,0.0001552221099263562,0.001960889498866525,0.014276080764830112,-0.0022524988744407892,0.0007109759608283642,0.012406676992501258,1.1767343112798347,26.584016119599447,-0.15251630610856892,-0.0003303829767583678,-9.642916651569027e-05,0.0013321209989953786,1
0.8905930519104004,-0.0006371251656673849,0.0010770699009299278,0.0008575827814638615,-0.0014990821946682866,0.0007565314201077203,0.0022345345960422254,0.1042808940373634,0.0001552221099263562,0.001960889498866525,0.014276080764830112,-0.0022524988744407892,0.0007109759608283642,0.012541781444339761,1.1783512424132065,26.58444401849098,-0.1585333044235774,0.0004879001249382658,-0.00016497219091550147,0.0010327269992558286,1
0.9005837440490723,-0.0006451993831433356,0.0010632072808220983,0.0008491079206578434,-0.0014447387075317585,0.0008127776010054439,0.002105965747328566,0.10424206931240754,0.0001858652861113086,0.001954379906331738,-0.0025336965918540955,0.002223014598712325,-0.000430460961069912,0.012359716602836534,1.178852380113304,26.584863791036767,-0.15403114295316492,-0.000851501878570565,0.00020211962915036612,0.00103286599915009,1
0.9105873107910156,-0.0006533382693305612,0.001049052574671805,0.0008387851994484663,-0.0015623311046477093,0.0007305885094555776,0.001997664803288297,0.10425437934534099,0.00018176251916157682,0.0019462332691957407,0.008103172294795513,-0.0011320582125335932,0.00021099558216519667,0.01248104039246706,1.1800365796007197,26.58552450550407,-0.15677793188394673,3.177146525667324e-05,5.9920424901957676e-05,0.001020928000798449,1
0.9205870628356934,-0.0006604967638850212,0.0010343960020691156,0.0008272712002508342,-0.0014735327569402078,0.0008277615082075364,0.0018498225963565864,0.1043787653792978,0.00017290720831608652,0.001956001599461299,0.005302915815263987,-0.0002795569307636468,0.0011661003809422255,0.012496858748462032,1.1811164735445807,26.586278737703275,-0.15642061033115784,-0.00010128113460062139,-0.00028029348025613985,0.0010061940047307871,1
0.9306223392486572,-0.000667504093144089,0.0010222961427643895,0.0008154816459864378,-0.0015570977703089997,0.001328247012450341,0.002137137113881983,0.10428059346614837,0.00018730425014190644,0.001954798195548335,-0.011518136598169804,0.0010843913769349456,-0.00041854969458654534,0.012490453744630753,1.1805496261352235,26.585431763203566,-0.15099760834965198,-0.0005723867712586371,0.00017356363773907396,0.0011869630034198053,1
0.9407515525817871,-0.0006745713180862367,0.0010146115673705935,0.0008032966288737953,-0.00161460426167801,0.0015044433552985825,0.0017703038157671097,0.10430421929285094,0.00017130174973578605,0.001956414168095222,0.00580665422603488,-0.0020242156460881233,0.0006171514978632333,0.012716177471301143,1.1811552490024095,26.58656772968851,-0.15571571953888974,0.0003671532871910194,-8.29009210625497e-05,0.00364229800470639,1
0.9509279727935791,-0.0006829679477959871,0.0010075995232909918,0.0007881222409196198,-0.0017973228824220682,0.00156663508985152,0.0014774192876175216,0.10418237148666742,0.0001874386173033038,0.001942720604604542,-0.014046057127416134,0.001176524208858609,-0.0011543505825102331,0.012862046309732002,1.1805978333121903,26.587829129729215,-0.14999860599869963,-0.0005333581487630649,0.00046179359011469566,0.0008248689991887659,1
0.9606099128723145,-0.0006921601016074419,0.0010016324231401086,0.0007728567579761147,-0.0017788488187362712,0.001841096074788523,0.0017725787042836812,0.10400538998519382,0.00017731022009437325,0.0019256238992402253,-0.017564794048666954,-0.0017996474634855988,-0.0010703734587877987,0.013158248287066023,1.1793541981339155,26.5873131335407,-0.14792726686735283,0.00028990745519693684,0.0005405526284772461,0.0008710199981578626,1
0.9706132411956787,-0.0006985904183238745,0.0009987802477553487,0.0007631088956259191,-0.0012127108639891193,0.0019266301450430268,0.0025713434498041373,0.10381184562920298,0.00017076736161181216,0.0018912409938889319,-0.01591430976986885,-0.0007407320663332942,-0.0022728582844138145,0.01296629202144494,1.177531129680481,26.584362444599215,-0.14790333607337394,5.0077350970767384e-05,0.0009758462028774861,0.0009927899955073372,1
0.980614185333252,-0.0006996404263190925,0.0009968836093321443,0.0007404917269013822,-0.0012226082623872023,0.002678861119830114,0.0013478224102369625,0.1034794242774777,0.00022691695221244146,0.0018603412851452283,-0.033815350383520126,0.004958238918334246,-0.0034222037065774207,0.012801020471708098,1.1759835457033634,26.58318337128905,-0.14790525522415338,1.8461410928333365e-05,0.0010557871246350146,0.0012676059996010736,1
0.9906446933746338,-0.0007009824621491134,0.001006123493425548,0.000722496013622731,-0.0009882069436535931,0.003840251334561847,0.0012206813060743175,0.10328621321841025,0.00027445910408063767,0.0018290893625270144,-0.02004813589155674,0.00432195607572794,-0.0030780679080635314,0.012304961418832165,1.17353029882628,26.586803883017005,-0.14191265765023886,-0.001849599707852683,0.0014653415162752467,0.0012164970030426048,1
1.00058913230896,-0.0007009824621491134,0.001006123493425548,0.000722496013622731,-0.0009882069436535931,0.003840251334561847,0.0012206813060743175,0.10328621321841025,0.00027445910408063767,0.0018290893625270144,-0.02004813589155674,0.00432195607572794,-0.0030780679080635314,0.01168898089183098,1.1710507765752998,26.588951646179055,-0.14512855703751135,-0.0019716686649505237,0.001434661537429574,0.0010151319947908632,1
1.0105957984924316,-0.000701643992215395,0.001020690891891718,0.0007087926496751606,-0.0013431190748819527,0.0035400022617047633,0.0020739243104567155,0.10289705439030516,0.00034340071376881554,0.0017744124581478005,-0.04553678259253502,0.006415389478206634,-0.005768452305346728,0.011200451181846373,1.1666258166094357,26.586606501476215,-0.13711413564565217,-0.002734986183022929,0.002336318545965485,0.0010228129976894706,1
1.0205936431884766,-0.0007020861376076937,0.0010355331469327211,0.0006983113707974553,-0.0010313291571215043,0.004021639924736588,0.0018753439858398182,0.10238469259881366,0.0004024589630935438,0.0017376571051648249,-0.0467352457344532,0.004547618329524993,-0.0044515514746308335,0.010566860371425534,1.16185377298214,26.586386254859082,-0.13503972260175193,-0.002332437116538811,0.002091779888038887,0.0010012369966716506,1
1.030613660812378,-0.0007034156005829573,0.001056739129126072,0.0006863117450848222,-0.001528707914504694,0.004740582329241413,0.0018655183612115004,0.10198847516045806,0.00044732673532221767,0.0016874353262230635,-0.046890128403902054,0.0026725020725280038,-0.0054514361545443535,0.010386274423065184,1.156591626185784,26.58640013076405,-0.13418813063740592,-0.0017364226106059161,0.0024049033231550816,0.0010107330017490312,1
1.0406055450439453,-0.0007072808803059161,0.0010860527399927378,0.0006734487251378596,-0.0016082747612811512,0.005774318691396503,0.00155380046795886,0.10091389952357854,0.00046376475660458993,0.0015969101220756343,-0.07773761451244354,-0.0012284541735425598,-0.0055089774541556835,0.010444649100338292,1.1483279162159403,26.58722745069254,-0.12306913788013724,-0.0004499152785788791,0.002534592551332388,0.0010296539985574782,1
1.0505704879760742,-0.0007128697470761836,0.0011239965679123998,0.0006597209721803665,-0.001821614103396195,0.006239892914777262,0.0018148419916158695,0.10026260365946138,0.00040758239179927713,0.001556103026949529,-0.06525290012359619,-0.006476241629570723,-0.0031109894625842563,0.010980249793023474,1.1403551005167871,26.586881287435567,-0.12465965302306788,0.0014642135250510454,0.0018012549346906044,0.00113424700248288,1
1.0606179237365723,-0.0007188767194747925,0.001166525180451572,0.0006496339337900281,-0.0018176216407124206,0.006927163318822805,0.002108285262290302,0.09946133727013029,0.00036194592946525717,0.001503673453840726,-0.08316683024168015,-0.005227371584624053,-0.00462859310209751,0.011432266339537698,1.1305889727913045,26.585622362331225,-0.118232933912294,0.001381722546381535,0.002218734397401858,0.0012252240048837848,1
1.0708296298980713,-0.0007356961723417044,0.0012726371642202139,0.0006290333694778383,-0.0022177628718381814,0.007986301539898103,0.0011498510962662783,0.09798900342908867,0.0002507371503650546,0.0014142638771179605,-0.09808216243982315,-0.009254450909793377,-0.0044795097783207885,0.012490576782642156,1.1189559017169455,26.588377308393913,-0.11084293021642115,0.00279309958901295,0.0022862629596779186,0.0011112060019513592,1
1.0805954933166504,-0.0007433939608745277,0.0013364000478759408,0.0006096225115470588,-0.0018077318098726522,0.008893288661316733,0.0011916731588703286,0.09753834889590962,0.000195434257377336,0.0013909848406590264,-0.09347444772720337,-0.011626183055341244,-0.004061226733028887,0.013401063065241919,1.1088338885420979,26.589660450109548,-0.1099213128575563,0.0029814981432611087,0.002314261871563877,0.0012716569981421344,1
1.0905888080596924,-0.0007496176403947175,0.00140902039129287,0.000597363687120378,-0.0020925949797969364,0.009891320941589322,0.0021171227925550254,0.09579816857821344,0.00010719444762496977,0.0012832324511293791,-0.1223539412021637,-0.0051574595272541055,-0.0064925048500299445,0.014128370873022926,1.093471260046099,26.586659609303258,-0.10006563918564043,0.0018569799113152534,0.0030269472780392772,0.0009943260010913946,1
1.1005842685699463,-0.0007567601860500872,0.001494241994805634,0.0005938409012742341,-0.0022628200251772358,0.011036145473299749,0.002813014756712915,0.09462370246587914,2.5826567494391384e-05,0.001230504686574374,-0.11571196466684341,-0.00918108131736517,-0.004278207197785377,0.014782102719954658,1.080203964148605,26.585645609080803,-0.09808976896094729,0.0017395544060112799,0.003180380493885921,0.0013012620038352907,1
1.110581636428833,-0.0007567601860500872,0.001494241994805634,0.0005938409012742341,-0.0022628200251772358,0.011036145473299749,0.002813014756712915,0.09462370246587914,2.5826567494391384e-05,0.001230504686574374,-0.11571196466684341,-0.00918108131736517,-0.004278207197785377,0.015803577500530696,1.0659240037320223,26.582997037145677,-0.09832490087849148,0.00311158989690414,0.00249438206995587,0.0010223249992122874,1
1.12060546875,-0.0007683661533519626,0.0015885736793279648,0.0005894429050385952,-0.00245724711654777,0.011380513184412596,0.0017543457911019813,0.09333905953448207,-5.3854821556509336e-05,0.0011745792534028077,-0.14043283462524414,-0.008909830823540688,-0.00520277302712202,0.0169361309533821,1.0506280002586506,26.58546671756914,-0.08902781477638745,0.003316570708410812,0.0027283066768902754,0.0010206489969277754,1
1.1306672096252441,-0.0007783819455653429,0.001684988266788423,0.0005763248191215098,-0.0023108471666984645,0.01147070524705571,0.0014801803208929225,0.09181630541901731,-0.00015585972311793483,0.0011055087176576883,-0.1512116938829422,-0.012161485850811005,-0.005525707732886074,0.018137874769218413,1.0345510942175487,26.587436341470617,-0.08252182184170723,0.004485942155131236,0.002902397385172676,0.001172301999758929,1
1.1409094333648682,-0.0007885879604145885,0.001785554108209908,0.0005674035637639463,-0.0023145722234984675,0.012171841208185983,0.0022332338471744537,0.09041058721807183,-0.00027944180273031805,0.001045904984883439,-0.14246445894241333,-0.013197354972362518,-0.004345300141721962,0.019422306023121873,1.0178746578215891,26.58582829478115,-0.08254732077902326,0.00513712434716552,0.0025883924957943076,0.0010209989995928481,1
1.1508681774139404,-0.0007992244209162891,0.001896406407468021,0.00056849280372262,-0.002516146051674546,0.013290462062128295,0.0032494704521486284,0.08785671833187436,-0.0004619916764432297,0.0009234278468945867,-0.1805214136838913,-0.013358357362449171,-0.0075869550928473455,0.02095644531077002,0.9962541182719775,26.581402240373517,-0.06735476499799797,0.005499829388711327,0.003683286736538241,0.0025965189997805282,1
1.1606009006500244,-0.00081200385466218,0.002015877515077591,0.0005725769442506135,-0.002566439100862151,0.013974280071725829,0.0025903907277347103,0.08610035574637198,-0.0006352336756529908,0.0008419195669051582,-0.17744208872318268,-0.017918352037668228,-0.006690519396215675,0.02282286586643463,0.9749047410946307,26.5820869532926,-0.06408866411090056,0.007207448216966373,0.0036038294538115277,0.0008507040038239211,1
1.1706111431121826,-0.0008237608708441257,0.002143092453479767,0.000567277951631695,-0.002555930988343308,0.014766115674940641,0.0017507288221678954,0.08326204546954141,-0.0008417214308371612,0.0007303136389045228,-0.19681522250175476,-0.013416175730526447,-0.00620748335495591,0.024532473594011634,0.9509069831089624,26.585239394655456,-0.05395166865311056,0.006302165994604612,0.003556081782394819,0.0009932090033544227,1
1.1806046962738037,-0.0008442181861028075,0.0024264908861368895,0.0005648399237543344,-0.002532714512691985,0.01665837130376174,0.0032715502171938677,0.08113031680207516,-0.0009531852118098705,0.0006422916761987807,-0.21466121077537537,-0.011905144900083544,-0.007717421278357504,0.02611805995352598,0.9236684200599461,26.581317513774465,-0.045181913956421446,0.005788742738612438,0.004038529395652041,0.0009946759964805096,1
1.1906101703643799,-0.0008552608778700233,0.002578440820798278,0.0005719278124161065,-0.0024589158121415167,0.016998071239034986,0.002998984580680919,0.07902959221378225,-0.0010943545952519784,0.000561254918095333,-0.21058106422424316,-0.01498072873800993,-0.006637528073042629,0.02752603245409494,0.8998628937518505,26.579990842876867,-0.04319791118263268,0.005762640168678657,0.004144156052562639,0.0012189420012873597,1
1.200606346130371,-0.0008644821355119348,0.002735992893576622,0.000576217076741159,-0.0022713108937934766,0.017806613779251818,0.0029931058623994798,0.07663943839476373,-0.0012074073223455883,0.00046870097009277245,-0.23824511468410492,-0.01255084201693535,-0.00814077816903591,0.028994579006893617,0.8704003843662989,26.58030418740297,-0.030756482342328917,0.006234228634254876,0.0043605294125992535,0.0009898580028675497,1
1.2106075286865234,-0.0008722436032257974,0.002904484048485756,0.0005841045640408993,-0.002222381067245164,0.01926246470080027,0.003314563615608767,0.07415766118800793,-0.0013389714406977227,0.0003605320133983625,-0.24985253810882568,-0.01411118730902672,-0.009380502626299856,0.03028027915222842,0.8447207490028027,26.580706850382555,-0.028195943133811605,0.006341192090075905,0.004438646025090948,0.0012312309991102666,1
1.220594882965088,-0.0008722436032257974,0.002904484048485756,0.0005841045640408993,-0.002222381067245164,0.01926246470080027,0.003314563615608767,0.07415766118800793,-0.0013389714406977227,0.0003605320133983625,-0.24985253810882568,-0.01411118730902672,-0.009380502626299856,0.03164020887894164,0.8167256262662957,26.579838339533723,-0.020994241512359207,0.007005237141090753,0.004911467238619815,0.0010464829974807799,1
1.2305972576141357,-0.0008812727755866945,0.003086525248363614,0.000592113530728966,-0.0024332329644095752,0.0202833395144593,0.002762702237456215,0.07159864165045704,-0.001466125505843241,0.00023149016318280147,-0.2640317678451538,-0.01331098284572363,-0.011097189038991926,0.03313501062262683,0.7872223011998007,26.58148328924617,-0.012332512854251737,0.007006471268286869,0.005655220407927862,0.001037127003655769,1
1.2405977249145508,-0.0008890031022019684,0.003278495045378804,0.0005932558560743928,-0.0019868556415014067,0.021371323603594828,0.001963217834967712,0.068698819550292,-0.0015563622870571336,0.00011739870354121607,-0.29219138622283936,-0.009260901249945165,-0.00987353269010782,0.0340832865572703,0.75524827959998,26.584944371202333,0.0013001508576484713,0.005850371109848705,0.0054942976647584,0.0011053429989260621,1
1.2505950927734375,-0.0008905620779842138,0.0034831527154892683,0.0005897485534660518,-0.00125587591929234,0.02271293102393334,0.0018749522243973458,0.06444431659248329,-0.0016566722376540888,-8.586998774129384e-05,-0.2821792662143707,-0.007241990417242052,-0.014030880294740198,0.034452199203992985,0.7205468219120502,26.586893756951756,0.005516769101792486,0.0051326147806283655,0.006909669307268979,0.001120563996664714,1
1.2606654167175293,-0.0008841858943924308,0.003703265218064189,0.0005934378132224083,-0.0006262224051273178,0.024029325691974752,0.003191050619111991,0.06126396656307831,-0.001612476162874632,-0.00025990469226488955,-0.316220223903656,0.002973465248942373,-0.017371129244565964,0.03375634356064771,0.682251053632198,26.583126955034093,0.02079947387870345,0.0017425255012943198,0.008447670079920632,0.0015998880044207908,1
1.2706115245819092,-0.0008735440205782652,0.003934028558433056,0.0006096603465266526,-0.00045672600392406546,0.025013545525750892,0.004067078244624637,0.06126396656307831,-0.001612476162874632,-0.00025990469226488955,-0.316220223903656,0.002973465248942373,-0.017371129244565964,0.0330480869008955,0.6475812598175552,26.578803506295053,0.02272568362056795,0.0012693333239816766,0.008633712334019045,0.0011193770042154938,1
1.2816505432128906,-0.0008618130232207477,0.0041756159625947475,0.0006371376803144813,-1.664654620823897e-05,0.025850998208527227,0.005178022325967198,0.05463472024831706,-0.0012951652622579246,-0.0006795493060014479,-0.3343105614185333,0.019764885306358334,-0.0236895214766264,0.03084157504522964,0.6056886175029799,26.573195569632507,0.03727172318185884,-0.004503844105743166,0.011131472694112366,0.001144653004303109,1
1.290592908859253,-0.0008403346291743219,0.004422720521688461,0.0006694283802062273,0.0009751217469479395,0.02562635761166541,0.0045441386055646215,0.04904479741081724,-0.0008159460581316225,-0.0010863960410993911,-0.3790828287601471,0.03157771006226539,-0.030372139066457752,0.027002296832844542,0.5591695592760183,26.573139330178467,0.06026847899913583,-0.00967196895431296,0.013965342732399088,0.001010524996672757,1
1.3006083965301514,-0.0007853750139474869,0.004931115545332432,0.0007009909022599459,0.001121460696042814,0.027073634777344435,0.002171307442522666,0.04524837301656515,-0.0005245291686555298,-0.0013874728731946284,-0.3809717297554016,0.028022743761539456,-0.031364500522613525,0.02332276158252171,0.5123243690657165,26.581617897517365,0.06709207106504335,-0.009535667564976731,0.01470962630337651,0.001010175998089835,1
1.3106122016906738,-0.0007588055450469255,0.0052024913020431995,0.0007047299295663834,0.0009306250771706101,0.02837241067363574,0.0020149982338260883,0.04122259374007653,-0.00022407318972872403,-0.0017302248540254084,-0.4018075466156006,0.028128392994403836,-0.03500920161604881,0.019752282066874943,0.4631249091869622,26.585791527643575,0.07958537636202422,-0.00993756608862304,0.01623005711444149,0.001021417003357783,1
1.3205902576446533,-0.0007345016347244382,0.005490520503371954,0.0007179533131420612,0.00029762106716630624,0.03026713989670307,0.003869051812538114,0.03716668646011145,8.857906879500277e-05,-0.002142313030346177,-0.4070681035518646,0.029857994988560673,-0.042109031230211265,0.01662212442777641,0.4200626204259064,26.587629011431453,0.08281882724076364,-0.010120531181169378,0.016663801989954263,0.0012383530047372915,1
1.330697774887085,-0.0007345016347244382,0.005490520503371954,0.0007179533131420612,0.00029762106716630624,0.03026713989670307,0.003869051812538114,0.03716668646011145,8.857906879500277e-05,-0.002142313030346177,-0.4070681035518646,0.029857994988560673,-0.042109031230211265,0.013785485405371427,0.37414882916224446,26.58208149126679,0.09019663645381912,-0.011097831562232607,0.01932467548912914,0.0012235500034876168,1
1.34088134765625,-0.0007004144717939198,0.006107734516263008,0.0008053395431488752,-0.00012069473148676182,0.03157520293526949,0.007054514279420026,0.029213776032179783,0.0004957052022520614,-0.003060956440115614,-0.41107726097106934,0.014347366057336323,-0.05147891491651535,0.01167493530222751,0.3279113985823507,26.573416386451026,0.09030152728679244,-0.008543018043105614,0.02054158298126856,0.001036568995914422,1
1.3508319854736328,-0.0006911902455613017,0.006419099867343903,0.0008619673317298293,-0.0010533877645818965,0.030569987371266993,0.0058227167479870156,0.02321667837442476,0.0006164456554147435,-0.0038753384837000304,-0.39582133293151855,0.004680375102907412,-0.05501514673233032,0.009891678440436662,0.2797498568181037,26.56543860187721,0.10273332319767957,-0.006556025735566972,0.023518091279266986,0.0020737659942824394,1
1.3605740070343018,-0.0006911902455613017,0.006419099867343903,0.0008619673317298293,-0.0010533877645818965,0.030569987371266993,0.0058227167479870156,0.02321667837442476,0.0006164456554147435,-0.0038753384837000304,-0.39582133293151855,0.004680375102907412,-0.05501514673233032,0.00927518239211243,0.23048696291430903,26.566662287755104,0.10732978867496787,-0.0033881938991785327,0.02566646548802168,0.000880726998730097,1
1.3705854415893555,-0.0006904545589350164,0.006719008553773165,0.00089389702770859,-0.0019289243461489691,0.02941032126404974,0.0026548761108968694,0.01917180442034505,0.000579816053007054,-0.004479413566682577,-0.40283599495887756,-0.005028969608247287,-0.059656087309122086,0.00984660430684203,0.18206149219289988,26.57831060127993,0.11526516481404935,0.0001554497741132221,0.027920043921488103,0.0011097419992438518,1
1.3806004524230957,-0.0006990948459133506,0.007015167735517025,0.00090613221982494,-0.0024209243665458914,0.029087763279328126,0.0013423146580595195,0.015031762708005658,0.0004441314602980917,-0.005126589687104222,-0.41504380106925964,-0.014832173474133023,-0.0644211620092392,0.011355079584196237,0.1331052538758949,26.58774707033536,0.12540752179200787,0.0038888968745356724,0.030266687126998246,0.001055210996128153,1
1.390608787536621,-0.0007120787049643695,0.007315527182072401,0.0009175888262689114,-0.002958870938554901,0.03006790950882306,0.0019285527818310936,0.009140062111839597,3.817024115226886e-05,-0.0061971724672575945,-0.39038899540901184,-0.02947096899151803,-0.07264113426208496,0.014369444222529403,0.08187562226330714,26.5897294674484,0.12674288334180334,0.009493565258449802,0.03391910303431505,0.001008990002446808,1
1.4006071090698242,-0.0007562448154203594,0.00793258473277092,0.0009902650490403175,-0.004146869749760378,0.029420936480433868,0.00435517123725665,0.005154066152598169,-0.00028616027372230235,-0.006968154391820747,-0.3978782892227173,-0.03330566734075547,-0.07682665437459946,0.01850720156134196,0.030782774743462915,26.582127081235107,0.13265352380315312,0.01178348269797545,0.03626149070819316,0.000991184999293182,1
1.4106125831604004,-0.0007892181165516376,0.008242461830377579,0.0010370139498263597,-0.0045994315077871484,0.030293388294907592,0.004028245344915734,0.0014636796026206156,-0.0006815191778200003,-0.007743064919298881,-0.3700396418571472,-0.03967583924531937,-0.07736725360155106,0.02339876674011868,-0.01907118407581332,26.58018075328888,0.1296855246972917,0.014588058767135287,0.037268664899214786,0.0010199509997619316,1
1.4206042289733887,-0.0008249927777796984,0.008553375490009785,0.0010725592728704214,-0.004875929558223189,0.029459755868134093,0.002100518205483513,-0.002233811132029029,-0.0011121370570070788,-0.008573145609206634,-0.3671799898147583,-0.043494261801242835,-0.08246937394142151,0.028745380965431423,-0.06781141490798792,26.586133843107405,0.13315464568232702,0.016730516073331196,0.039626516557856886,0.0009941169992089272,1
1.4306035041809082,-0.0008249927777796984,0.008553375490009785,0.0010725592728704214,-0.004875929558223189,0.029459755868134093,0.002100518205483513,-0.002233811132029029,-0.0011121370570070788,-0.008573145609206634,-0.3671799898147583,-0.043494261801242835,-0.08246937394142151,0.033424636502738816,-0.11059599835001836,26.58841363353034,0.13509931330294367,0.01719873111589542,0.04045144544182954,0.001075947999197524,1
1.4406061172485352,-0.0008589262724854052,0.008860181085765362,0.0010938813211396337,-0.004405406752129392,0.029157020154445483,0.0008756402415746927,-0.006028131552175964,-0.0015454849356539846,-0.009417518531464886,-0.37422388792037964,-0.045241851359605796,-0.08493354171514511,0.03798716666853248,-0.154115608268299,26.59363893439237,0.14242775645054062,0.0183705024995915,0.04188533992867751,0.0010376860009273514,1
1.4506049156188965,-0.0008887873264029622,0.009161927737295628,0.001104632276110351,-0.004291230325792607,0.027982620525425297,2.9535274926000356e-06,-0.00947734982498094,-0.0020018925625979733,-0.01026372033664913,-0.34003734588623047,-0.04346369206905366,-0.08472156524658203,0.04255003528577483,-0.19513977224352674,26.598767827532726,0.13716677596568014,0.01855034898279928,0.0425502413791758,0.0010323099995730445,1
1.4606144428253174,-0.0009196154423989356,0.009463073685765266,0.0011171330697834492,-0.004380355096093702,0.028444804255703494,0.0005850215929907529,-0.012928224670330835,-0.002428205219710211,-0.011112127850716025,-0.34611621499061584,-0.040325898677110686,-0.08551236242055893,0.04715038923685278,-0.23711608646247043,26.59881648403393,0.14285428270495257,0.018193842363452038,0.04348209097259437,0.0013695469970116392,1
1.470679759979248,-0.0009481570450589061,0.009763076901435852,0.0011422582902014256,-0.00364090057235051,0.027033708995627837,0.002021700104010149,-0.0179784045960818,-0.0030039939145924954,-0.01238625882449007,-0.3316711187362671,-0.03662939742207528,-0.08490684628486633,0.05136556186669336,-0.2796481269438253,26.593845504466294,0.14559506798595254,0.01772357064079619,0.044175353738864276,0.0011129530030302703,1
1.4807064533233643,-0.0009661777876317501,0.010051787830889225,0.0011832498712465167,-0.002753032545940892,0.025916237399442394,0.002847858142419974,-0.02109246354044414,-0.003236259391565355,-0.013206897193813294,-0.31071341037750244,-0.02070060744881631,-0.08161135017871857,0.05403645729051414,-0.3198527697318991,26.58882156458322,0.1434154343521193,0.012953796226607603,0.043827651212047854,0.001576636997924652,1
1.4906232357025146,-0.0009804479777812958,0.010332970879971981,0.001227512606419623,-0.0023436473874046283,0.024768350651839927,0.002105615751528531,-0.024183593387706814,-0.003366370088863313,-0.013970990407597306,-0.30654144287109375,-0.010254886001348504,-0.0763382762670517,0.05588732355334688,-0.3590422089982006,26.589289267050663,0.14577985756983783,0.009228505941703113,0.04245648601210098,0.0010165299972868524,1
1.5006093978881836,-0.0009892998496070504,0.010603816248476505,0.001265638624317944,-0.0017227717561437237,0.02344284207044256,0.0010022570421466274,-0.02819186436277832,-0.0034737604946477596,-0.015067654252559404,-0.2590058743953705,-0.003530768211930999,-0.07167001813650131,0.05701049012816354,-0.3964726884445761,26.59317953166193,0.13647551116695317,0.006738168862500083,0.04124833186618634,0.0010737830016296357,1
1.510594367980957,-0.0009903298923745751,0.010865394957363605,0.0013017358724027872,-0.0009192604942355848,0.022026905789810654,0.0007971915226049316,-0.0308422962810333,-0.0034083356267551324,-0.015719920633238793,-0.26340702176094055,0.00849666539579629,-0.06481736153364182,0.05678762501730187,-0.43280105873983765,26.59542023047022,0.14001678777302187,0.0025717758704903474,0.039206734755241,0.0010510220017749816,1
1.5205943584442139,-0.0009705602424219251,0.011348040774464607,0.0013859934406355023,0.000549680925437589,0.017343627291671843,0.0016406850888186567,-0.033115987808785,-0.0033107916312973273,-0.016323108392739094,-0.2296440601348877,0.012271286919713013,-0.060032136738300323,0.056646750571248926,-0.46459347629662473,26.59611942860719,0.14038411308676338,0.001997606010034786,0.03873635591684963,0.0011725810036296025,1
1.530688762664795,-0.0009569981484673917,0.01155198272317648,0.0014417283236980438,-6.56505749932557e-05,0.015130228367508065,0.0015178543420037841,-0.03501860645135224,-0.003180032498401708,-0.01689261296230482,-0.18658217787742615,0.016407014802098267,-0.05459727346897125,0.055115077385009315,-0.49055710940001823,26.593711478567702,0.12095817929441191,-0.0008441965880956791,0.03582579178507843,0.0011958320028497837,1
1.5408775806427002,-0.0009442538139410317,0.011735397391021252,0.0014956253580749035,0.00036594585705562906,0.012975986118829521,0.0011997095444573427,-0.03688693713459035,-0.003020764405655907,-0.017370063196555208,-0.18266312777996063,0.017755558714270585,-0.046248070895671844,0.053172299826522905,-0.5148652522058662,26.59378290844189,0.11960098274571425,-0.001814211143834728,0.03279081712817514,0.0036303640008554794,1
1.5505943298339844,-0.0009442538139410317,0.011735397391021252,0.0014956253580749035,0.00036594585705562906,0.012975986118829521,0.0011997095444573427,-0.03688693713459035,-0.003020764405655907,-0.017370063196555208,-0.18266312777996063,0.017755558714270585,-0.046248070895671844,0.051480224701219324,-0.536252158500112,26.593661221379726,0.12018168018269587,-0.0020036756301097824,0.03239117062410234,0.0013168310033506714,1
1.5605993270874023,-0.0009295516647398472,0.01189771294593811,0.0015521426685154438,0.00017870012075579464,0.009989185262459049,0.0009717230585508961,-0.0383432029603723,-0.002855677671386392,-0.017804378142082022,-0.1260318011045456,0.018894918262958523,-0.03947806358337402,0.049794603983144656,-0.552511849150243,26.594190299116093,0.10445007713360054,-0.00261563682226453,0.030386669056893873,0.0012597879976965487,1
1.570601224899292,-0.0009177051251754165,0.012035252526402473,0.0016150057781487703,-0.00023722608545530954,0.006994126367154312,0.0010982603825589073,-0.0394328907131789,-0.0026781791009331535,-0.01816686581949556,-0.10173813998699188,0.018025673925876614,-0.03358396515250206,0.04835414760471117,-0.565366569624413,26.59387578127028,0.09619036701641337,-0.0026299166539289613,0.028263213760000645,0.001256924995686859,1
1.5806047916412354,-0.0009060670854523778,0.012149980291724205,0.0016850086394697428,-0.00015941948782586718,0.004717831966958929,0.0010093133826796254,-0.040298616859222314,-0.002532020853940331,-0.018473856821735968,-0.07131445407867432,0.013696056790649887,-0.026683280244469643,0.046988116883616385,-0.5750776484946155,26.593941471551567,0.08672362636188598,-0.001477550812564674,0.02576746142232733,0.0012853420048486441,1
1.5906054973602295,-0.0008938926039263606,0.0122511126101017,0.0017617493867874146,1.9652871743076404e-05,0.0022750173261275666,0.0012199347775997528,-0.04086087948576678,-0.00241764623861096,-0.018752982267978613,-0.024807004258036613,0.007763282395899294,-0.015560511499643328,0.04570635967617037,-0.5806273582068151,26.5930830578901,0.07171177108157764,0.00035592800917780927,0.021815736647816216,0.001257832998817321,1
1.6005885601043701,-0.0008805057732388377,0.012330676428973675,0.0018468330381438136,-0.00016100435479084955,-0.0011768484251217784,0.001118942979173741,-0.04097067024586254,-0.0023134930677759513,-0.018899014279898818,-0.005332999397069216,0.010370616801083086,-0.013380831107497217,0.044351999784686076,-0.582569541235325,26.59305098956783,0.06375818162077498,-0.00034128605891555917,0.020436928880275332,0.0008795399990049191,1
1.610628604888916,-0.0008726651431061327,0.012381174601614475,0.001930682105012238,-0.0009139743673073751,-0.0037038917619743998,0.0009902160462409398,-0.04024516584340532,-0.002276027075091669,-0.018925508883828712,0.061714932322502136,0.0009298071963712574,0.001265845028683543,0.04404713306581986,-0.578405161602405,26.593316255398058,0.04088321188117607,0.0024492414138776357,0.015415563158147495,0.0010688960028346628,1
1.620598316192627,-0.0008679543389007449,0.012422176077961922,0.0021071077790111303,-0.0005581704551715562,-0.008602334180744102,0.0005323262203820494,-0.03948024467284572,-0.0022842719406552803,-0.018888636163501005,0.08023937791585922,-0.0006647845730185503,0.00402440782636404,0.04351138465415085,-0.5696698406946428,26.595043674588762,0.03136131456823872,0.003309872917686527,0.013537996988204968,0.0010221150005236268,1
1.630594253540039,-0.0008663078770041466,0.012417688965797424,0.0022029310930520296,-0.0009254135691664495,-0.011049170045942074,0.0010247781243715355,-0.038503168352804984,-0.00229406155798495,-0.01882109135262633,0.09901317954063416,-0.001446223002858459,0.006328904535621405,0.043297350754371126,-0.557962743235498,26.594046383981976,0.023047885506481132,0.0036873039068887393,0.012398258365924295,0.0010476009992999025,1
1.6405847072601318,-0.0008664551423862576,0.01239886786788702,0.0023030650336295366,-0.0006162541151657785,-0.0132535751897042,0.001061124038036309,-0.03703095964044811,-0.0023210465837584238,-0.018673629936215796,0.14904338121414185,-0.003491901792585848,0.014688397757709026,0.042976175373925236,-0.5416968654732102,26.59347628015157,0.004678934525964785,0.004357123960974505,0.009398437110972806,0.0010417349985800683,1
1.6506097316741943,-0.0008664834895171225,0.012369845993816853,0.002408152911812067,-0.0007309343624434897,-0.01443532480761595,0.001133186822858387,-0.03550246639821708,-0.0023091682962830262,-0.01849981956479807,0.15860001742839813,-0.0002658744051586816,0.01696956530213356,0.042687517639444575,-0.5277002721448689,26.59331603488574,0.001729561790663723,0.004454547665244651,0.008767842259208378,0.001121820998378098,1
1.6606099605560303,-0.0008664834895171225,0.012369845993816853,0.002408152911812067,-0.0007309343624434897,-0.01443532480761595,0.001133186822858387,-0.03550246639821708,-0.0023091682962830262,-0.01849981956479807,0.15860001742839813,-0.0002658744051586816,0.01696956530213356,0.042322277142036804,-0.511919561246577,26.593036383841373,-0.0036375121721671823,0.0034427975491152715,0.00778752277731003,0.0014626889969804324,1
1.670593500137329,-0.0008650248637422919,0.012331418693065643,0.0025135811883956194,-0.00012016395968041906,-0.015293271276933949,0.0011666262668387783,-0.033730459052315975,-0.0023179628214022863,-0.018316206693487214,0.18817979097366333,-0.000477203138871116,0.01978888548910618,0.04158074945536857,-0.4935388389886191,26.592817973496746,-0.015831394808370234,0.003349891439055929,0.006593384962701134,0.0019552789963199757,1
1.6816341876983643,-0.0008586003095842898,0.012290660291910172,0.0026229668874293566,0.0006611198569608574,-0.016740811985925443,0.0013725194494805673,-0.0317275348833892,-0.002260457808166638,-0.01809285731602861,0.20318351686000824,0.007101968862116339,0.022435449063777924,0.03989108075594325,-0.4728728960711682,26.592077640850935,-0.024693944393533618,0.0008516028517691863,0.005330787163999488,0.0011563129955902696,1
1.6905956268310547,-0.0008452769834548235,0.012234700843691826,0.0027346727438271046,0.0012255703007217251,-0.01814116350988567,0.0015131613991882249,-0.028611601380340357,-0.0020498810094062847,-0.01775828446972838,0.21842744946479797,0.014327186159789566,0.022359440103173252,0.03734900085561915,-0.4485884164126337,26.59139137463872,-0.03466038909097359,-0.0020316852204579857,0.004925924181454459,0.0008810070066829212,1
1.7006042003631592,-0.000827063515316695,0.012183125130832195,0.002850905992090702,0.0022676021222924744,-0.017999652772582416,0.0018386744349042927,-0.026196820478615823,-0.0018520069250325122,-0.01758222386860009,0.24488788843154907,0.020411666482687,0.018618000671267506,0.03381146165131847,-0.4227058709273881,26.590051418415666,-0.04726289872726469,-0.004602922657681205,0.005986201416922591,0.0010109440045198426,1
1.7106590270996094,-0.0007999643567018211,0.012133139185607433,0.002970563480630517,0.0026960482375931196,-0.017814688384592048,0.001996221716453343,-0.02396088247273509,-0.0015519507260552956,-0.017348389020543475,0.2263394445180893,0.031091302633285526,0.023435233160853382,0.02945276284402858,-0.39791386811123997,26.58905460768045,-0.045992176949913206,-0.008708540644728084,0.004417937345434202,0.001055210996128153,1
1.7205920219421387,-0.0007699839188717306,0.012092763558030128,0.0030937097035348415,0.0033633419991884747,-0.018538480625255944,0.0020743836947963927,-0.020332643032674458,-0.0010008574331368258,-0.017139800806319716,0.25115132331848145,0.036850858479738235,0.013174856081604952,0.024098932117901886,-0.3692322000183453,26.588522973770402,-0.05827447081586612,-0.011744754177995946,0.0074267938893365516,0.0010934729943983257,1
1.7307074069976807,-0.0007021438213996589,0.012037417851388454,0.003347709309309721,0.003055681242148187,-0.01764023303984168,0.002097846008341015,-0.01783460987402563,-0.0005669674787918133,-0.016975187526700797,0.2547066807746887,0.043579671531915665,0.01692006550729274,0.01866586852197357,-0.3410330083531369,26.588282728974036,-0.06305989616729465,-0.014637853792681534,0.006716659887705907,0.0012747299988404848,1
1.740889549255371,-0.0006762241246178746,0.012037927284836769,0.003481305902823806,0.00298721619563233,-0.01689076796223849,0.0026643055312156982,-0.015510213529569494,-0.00014646587819244772,-0.016840184955178028,0.23548850417137146,0.04264981672167778,0.014365633018314833,0.013381878330108614,-0.31442465750435444,26.586281180200647,-0.0607535382444469,-0.015255589272008778,0.007362714958454422,0.0010168100052396767,1
1.7505831718444824,-0.0006762241246178746,0.012037927284836769,0.003481305902823806,0.00298721619563233,-0.01689076796223849,0.0026643055312156982,-0.015510213529569494,-0.00014646587819244772,-0.016840184955178028,0.23548850417137146,0.04264981672167778,0.014365633018314833,0.008752433934142621,-0.29113736541763335,26.58546931941069,-0.06140472870975946,-0.015505497242111777,0.007455170946982778,0.0008660649982630275,1
1.7606232166290283,-0.0006507545476779342,0.01204345840960741,0.0036189169622957706,0.002660732684749259,-0.016701512039018637,0.002928161086807042,-0.013015571903525647,0.0002642160824550821,-0.016762216960545917,0.254604309797287,0.041891809552907944,0.006231792271137232,0.004355127519509779,-0.2663899729414941,26.584307017858304,-0.07064811334728957,-0.01578089026174483,0.010119272554120368,0.0012644650050788186,1
1.7706079483032227,-0.0006296528736129403,0.012061706744134426,0.003760012099519372,0.002628122440407879,-0.016047984362146002,0.003051420451055339,-0.010637162751419016,0.0006797691432494091,-0.016673797635112564,0.23642678558826447,0.04113030433654785,0.011305894702672953,-5.281394040405809e-05,-0.24277387197762773,26.583460781802607,-0.06923713280402663,-0.016122008235665473,0.008866386148716423,0.0011133720036013983,1
1.780594825744629,-0.0006112811388447881,0.012096620164811611,0.0039025298319756985,0.001965659671878966,-0.014932588674100971,0.0030292337753600684,-0.008307553930331668,0.00104052733817106,-0.016575786315074392,0.23827309906482697,0.032539792358875275,0.008541196584701535,-0.0035510941326186147,-0.2194911102882504,26.58325930286575,-0.07260505214135773,-0.013896328385815788,0.009559745631338793,0.0011539389961399138,1
1.7905917167663574,-0.0006037622224539518,0.012151571922004223,0.004045880865305662,0.0012174054350343696,-0.0137608321383892,0.00321293063216166,-0.005925726788793995,0.0012814819716542303,-0.01653026189529161,0.23423239588737488,0.023134687915444374,0.003221340710297224,-0.005993626750762283,-0.19682331749342416,26.58259814771204,-0.07482480641560209,-0.010904862805449866,0.011415408663254734,0.0010942419976345263,1
1.8005902767181396,-0.0006010966026224196,0.012216254137456417,0.00419197604060173,0.0008489783249321246,-0.013179429807051153,0.0035003728742167544,-0.0028297326765862607,0.0015921200487190035,-0.016493341956909546,0.20567859709262848,0.018556363880634308,0.00310775847174227,-0.008124855287334896,-0.17442820040863946,26.581392618713124,-0.07024772015966935,-0.009437036192807407,0.011726098989686132,0.0011585460015339777,1
1.8105921745300293,-0.0006051913951523602,0.012294438667595387,0.004340645391494036,0.00022093961983511473,-0.012207229621711137,0.0038509613368268077,-0.0006876268673399188,0.0016909541444101173,-0.01644967715813772,0.21800045669078827,0.009710537269711494,0.0033073243685066687,-0.009257052514230122,-0.15190670726972502,26.579753932656644,-0.07621933652996513,-0.006567703301827541,0.011743402079252941,0.0011551259958650917,1
1.820620059967041,-0.0006147728418000042,0.012387299910187721,0.004491191823035479,-0.0002793996350734791,-0.010339434258565379,0.0038898335761975533,0.0012197003952296726,0.0017286334311745755,-0.01647291085645408,0.19133521616458893,0.0038946061395108695,-0.002440651878714562,-0.009662766705027519,-0.13225404816812455,26.57893401927708,-0.07109874932853422,-0.004358973012268984,0.01361149072744014,0.0011395550027373247,1
1.830604076385498,-0.0006314342026598752,0.012505496852099895,0.0046409424394369125,-0.0009138016641648097,-0.008393324911566413,0.004029232542303445,0.0036914888004448976,0.0016802802059516786,-0.0164605201992174,0.16727380454540253,-0.005011345259845257,0.0013826182112097747,-0.00904855534168605,-0.1141477883601204,26.578140407168796,-0.0661118092402741,-0.001181561700356598,0.012724448276457323,0.0011296410011709668,1
1.8405964374542236,-0.000680668861605227,0.012797171249985695,0.004944377578794956,-0.0018128294065888626,-0.004740241914673687,0.004511903970375058,0.005286775383263276,0.001609508929785175,-0.01646462219945022,0.16014619171619415,-0.006635667756199837,-0.00044546203571371653,-0.007637401268366243,-0.09908785711791317,26.576108453410345,-0.06449242174823894,-0.00013510267210513935,0.013116000744380204,0.0010833490014192648,1
1.850597620010376,-0.0007121529197320342,0.01297528576105833,0.005097247660160065,-0.0020174875417321558,-0.0020897409412092135,0.005005158017240566,0.00650434952472434,0.0015389773763141434,-0.01648151845384893,0.12374082207679749,-0.007460868451744318,-0.00219237757846713,-0.0063818268153079385,-0.08608785393589147,26.575252915472678,-0.06493860869553451,3.396738511929844e-05,0.013175946848185972,0.0012504319965955801,1
1.8606078624725342,-0.0007434552535414696,0.013179087080061436,0.005251666996628046,-0.0017950322943541181,0.0002045267027743178,0.0050242873840475755,0.007631823331168963,0.0014386399180610354,-0.016455861864811183,0.1155254915356636,-0.009669438004493713,0.002341760089620949,-0.004771951402768583,-0.07742617393746322,26.57305556021208,-0.05352401064296104,0.001200867922153956,0.012304300728701272,0.0011082049968536012,1
1.8706016540527344,-0.0007434552535414696,0.013179087080061436,0.005251666996628046,-0.0017950322943541181,0.0002045267027743178,0.0050242873840475755,0.007631823331168963,0.0014386399180610354,-0.016455861864811183,0.1155254915356636,-0.009669438004493713,0.002341760089620949,-0.003356514461665788,-0.069849054971738,26.572151165948608,-0.052530354982487884,0.0013998790189723603,0.012108007853528866,0.0011619679935392924,1
1.8806486129760742,-0.0007716893451288342,0.013397377915680408,0.0054024155251681805,-0.001506252330287977,0.001968862488676748,0.00542816193793188,0.007631823331168963,0.0014386399180610354,-0.016455861864811183,0.1155254915356636,-0.009669438004493713,0.002341760089620949,-0.0022574730191144707,-0.06478080656629158,26.57032429812817,-0.052314574154928586,0.0014152265242453413,0.012068066873632776,0.0011348080006428063,1
1.8906562328338623,-0.0007962510571815073,0.013633244670927525,0.005555860232561827,-0.0010657968234138585,0.0038243685849870036,0.005761964712204515,0.00897274566639572,0.001403906197225524,-0.01646631040705593,0.04942060634493828,0.0026848758570849895,4.4193904614075686e-05,-0.002087586370872424,-0.06325294854613707,26.568286915127175,-0.03344192361164776,-0.002397271771947731,0.012790502312090989,0.0012229220010340214,1
1.9007089138031006,-0.0008177211275324225,0.013885289430618286,0.005707157775759697,-0.0007982131176404106,0.0067596333088059506,0.006254471840299311,0.009415249873514941,0.001435764671644968,-0.016434760712519036,0.03899502381682396,0.005692954175174236,0.003171507501974701,-0.002199306169676803,-0.06403213400975429,26.565715835632055,-0.02825209262682109,-0.003901978762567717,0.01189809357828442,0.0011858470024890266,1
1.9105939865112305,-0.0008347276016138494,0.014164986088871956,0.005860400386154652,-0.0003047110406172513,0.009282245296983863,0.006301395600885005,0.009442609212857,0.0015368193936478036,-0.016414033922893978,-0.011468471959233284,0.013210168108344078,0.0011716443113982662,-0.003074454178916756,-0.0692011455431346,26.564356810586574,-0.011861679576475798,-0.006592483546573049,0.01236121822493309,0.0011129529957543127,1
1.9205965995788574,-0.0008492735214531422,0.014460806734859943,0.006004884839057922,-0.0003827165287708054,0.011908927930897498,0.006181875246875522,0.009028575750908985,0.0017826162556735525,-0.016390805639989292,-0.025165895000100136,0.017130618914961815,0.0011534694349393227,-0.0042307466448221216,-0.07704225842700635,26.56415935024469,-0.0048754048001029395,-0.00849477829711845,0.012450359483135233,0.0011540080013219267,1
1.9306221008300781,-0.000863178342115134,0.014775128103792667,0.006141515914350748,-0.000141340462930287,0.014197580515224434,0.006247732790841821,0.008595470352313672,0.00197053637137401,-0.016364153431621897,-0.04452303424477577,0.01929446868598461,0.0026581145357340553,-0.005709421656986664,-0.08743499608265043,26.563770374914547,0.0026727265742843877,-0.009674390777077059,0.011957234426007103,0.001262441001017578,1
1.9409332275390625,-0.000874741526786238,0.01510298065841198,0.006270384881645441,-0.00016749745395038066,0.0161690004130893,0.006299488722121462,0.0073448725579585705,0.0022373688826329285,-0.01635973033005378,-0.08557628840208054,0.016463184729218483,-0.0012957530561834593,-0.007164839445360149,-0.10202183694475463,26.563277644964607,0.01807889812556967,-0.009285921424740757,0.01313428631743629,0.0012215260067023337,1
1.950599193572998,-0.0009018646669574082,0.015791358426213264,0.0065172091126441956,-0.0008631744010354912,0.01855647936088266,0.006206968349291906,0.006451075105659232,0.002369462602004546,-0.016383967253160936,-0.08727583289146423,0.013340980745851994,-0.002786036580801012,-0.00844614798139327,-0.11462800046319502,26.563089130227958,0.02002006505745374,-0.009231536155463637,0.013379338025166505,0.0010984300024574623,1
1.9606165885925293,-0.0009225562098436058,0.0161435604095459,0.006633928511291742,-0.001231743780788607,0.019640278068579185,0.006180543470352541,0.005237684292437095,0.0024755316023084006,-0.016405751433136384,-0.12123782187700272,0.010684570297598839,-0.002241170965135099,-0.009028360326657306,-0.12962990888433445,26.563242548499126,0.022049388079453412,-0.008392601523527044,0.013920078173598362,0.0013185079951654188,1
1.9706010818481445,-0.000948392495047301,0.01649213768541813,0.006741165649145842,-0.0019807885369180853,0.02078575268392059,0.006129769609162344,0.004001094370277514,0.0024867885320816185,-0.016425951401713768,-0.11850599944591522,-0.0032150498591363434,-0.004182445351034403,-0.009258599111431077,-0.1473272153987465,26.563259273878217,0.03445903003012374,-0.007562606779075542,0.013843801358565125,0.0012598579996847548,1
1.980588436126709,-0.0009823847794905305,0.01684795506298542,0.006846379488706589,-0.002652323979124796,0.021514847878431855,0.00604972896266546,0.0027373381264328422,0.0023975933267861294,-0.016502564976563328,-0.12759263813495636,-0.009734992869198324,-0.007517238613218068,-0.008228542113237723,-0.1655898393328545,26.563378758969417,0.036832216722255506,-0.0030937876984375003,0.01444176990774506,0.0013754809988313355,1
1.9905860424041748,-0.0009823847794905305,0.01684795506298542,0.006846379488706589,-0.002652323979124796,0.021514847878431855,0.00604972896266546,0.0027373381264328422,0.0023975933267861294,-0.016502564976563328,-0.12759263813495636,-0.009734992869198324,-0.007517238613218068,-0.0063965771604809875,-0.18478095470012318,26.56361413778212,0.04161277941701684,-0.0003127404754421155,0.015709941757905806,0.001111627003410831,1
2.00059175491333,-0.0010203338460996747,0.017192253842949867,0.006943864747881889,-0.0030458108436599253,0.02139463648293982,0.005765838083627678,0.0011830542974915481,0.002254546485097375,-0.016539651733569638,-0.1536358892917633,-0.017827026546001434,-0.004013270139694211,-0.0039013218013008023,-0.2053484651743735,26.564573288647576,0.05230774820586394,0.002803649651121241,0.014824560857221024,0.0011538690014276654,1
2.010651111602783,-0.0010610311292111874,0.017520418390631676,0.007032040506601334,-0.003308751580886075,0.021420594310500942,0.005480713211194704,-0.0002239333850262426,0.002000852267279196,-0.016614457442179376,-0.13483893871307373,-0.029301099479198456,-0.008010992780327793,-0.0005919433543595358,-0.2248082641806265,26.565907217146574,0.049654806102793284,0.007134855113767385,0.015965088429830698,0.0011344590020598844,1
2.0206010341644287,-0.001103738322854042,0.017834194004535675,0.007109813392162323,-0.004354500196870693,0.021975733343054537,0.00525126559471234,-0.00246740299201198,0.001502083878311744,-0.016762266521213043,-0.16051261126995087,-0.03767203912138939,-0.01119248010218143,0.0041875619234734264,-0.24710020513033448,26.567114755674428,0.060215787760371155,0.011025687838563088,0.01734579188289655,0.0011607120031840168,1
2.0305981636047363,-0.001155767240561545,0.01814030297100544,0.007178130093961954,-0.005105153126938728,0.022601677122166805,0.005166334551293684,-0.004038065546621894,0.0010456527478623912,-0.016819442871727652,-0.153126522898674,-0.04660186916589737,-0.005486969836056226,0.01002285614843951,-0.26924225670289365,26.567824973986056,0.0613180779759822,0.014962725757223513,0.01573776414457697,0.0011220300002605654,1
2.040600299835205,-0.0012084944173693657,0.018429648131132126,0.0072380369529128075,-0.005140469349506775,0.02188530007289868,0.005004746355099917,-0.005447347421692061,0.00057194378351344,-0.016934150017541505,-0.14321628212928772,-0.046108778566122055,-0.012037250213325018,0.015841097759147632,-0.29004851236163504,26.568604388651718,0.0601757868203213,0.015933118619625743,0.017677845871888552,0.0011886400025105104,1
2.050595760345459,-0.001262405188754201,0.0187015812844038,0.007290309760719538,-0.005465266260283209,0.021546294924077284,0.00460050952143183,-0.007014918177137286,0.0001226437814985104,-0.017024357569437765,-0.15843380987644196,-0.04416470229625702,-0.008622289635241026,0.021782013018873208,-0.3113841526164323,26.570231041988144,0.06676137082460308,0.016051659918099048,0.01702566454576905,0.0011676230060402304,1
2.060635805130005,-0.0013554227771237493,0.01920301839709282,0.00737735303118825,-0.004268716985775317,0.02148999274824444,0.004459321479881207,-0.009150195141700568,-0.000565664355081541,-0.01712745994565834,-0.13724331557750702,-0.04626088589429855,-0.007144669070839876,0.027303921116781222,-0.33243715421823283,26.57129089475383,0.06287588203646595,0.017262174554155033,0.01637529475719693,0.0010671499985619448,1
2.0706515312194824,-0.0013931836001574993,0.01943093352019787,0.007412840612232685,-0.0036594250567460775,0.020520310853149933,0.004507625466785578,-0.010658138338002221,-0.0009511599988742958,-0.017203694822225835,-0.15046456456184387,-0.039105162024497986,-0.007949553430080409,0.03197484502123551,-0.35347410657030737,26.571460620205897,0.06866661193203981,0.015786764094538202,0.016650499046694016,0.0010489990017958917,1
2.0806384086608887,-0.0013931836001574993,0.01943093352019787,0.007412840612232685,-0.0036594250567460775,0.020520310853149933,0.004507625466785578,-0.010658138338002221,-0.0009511599988742958,-0.017203694822225835,-0.15046456456184387,-0.039105162024497986,-0.007949553430080409,0.036104683016735736,-0.37195334037062644,26.571476462931404,0.07001573560647364,0.01574023024959972,0.016692980824718363,0.0011253129996475764,1
2.09065842628479,-0.0014276646543294191,0.019637472927570343,0.0074418396688997746,-0.003701997178258282,0.019747866332061097,0.0041986452096951675,-0.012096444808349816,-0.0012582495259549908,-0.017279453379281495,-0.1392504721879959,-0.030405119061470032,-0.006902453955262896,0.039822876182688004,-0.3893957524988186,26.572487161175765,0.06853999423176835,0.013400041573448157,0.016428348404194704,0.001234234994626604,1
2.100706100463867,-0.0014570563798770308,0.019824987277388573,0.007463368587195873,-0.0028171525210095327,0.01948634721704663,0.0039015165429614283,-0.013324458001288786,-0.0015122070123205766,-0.017308502037952422,-0.12847933173179626,-0.020409855991601944,-0.003461553948000071,0.04240166715538639,-0.406041320050051,26.573864795908804,0.0665853050899276,0.010243949952646244,0.015283487186230172,0.001193878000776749,1
2.110612154006958,-0.0014760707272216678,0.019992617890238762,0.007476865313947201,-0.0015798267687810075,0.018345208849605558,0.003637593432919742,-0.014733723917835118,-0.001627907674695006,-0.017354382870374163,-0.14391836524009705,-0.00877568032592535,-0.005791160278022288,0.04344577183255693,-0.4228416244728908,26.575269129818434,0.07291128511787219,0.0062750016668935305,0.015885778647924637,0.001135088001319673,1
2.1206133365631104,-0.0014849782455712557,0.020144887268543243,0.00748624000698328,-0.0010302286752099682,0.017022809015468775,0.003373066421925453,-0.01600361379599402,-0.0016712658191462282,-0.017415132817505175,-0.1181572750210762,-0.0007207342423498638,-0.006024533417075872,0.043697901274592874,-0.43736786586809445,26.57670872878425,0.067317916141758,0.003237944029573924,0.016088396605090365,0.0011497509985929355,1
2.1306822299957275,-0.0014897973742336035,0.020270448178052902,0.0074875555001199245,-0.0006960618122867356,0.015777833761153874,0.002811951556172184,-0.01600361379599402,-0.0016712658191462282,-0.017415132817505175,-0.1181572750210762,-0.0007207342423498638,-0.006024533417075872,0.043716847080775945,-0.44951630849489477,26.579219189225313,0.06652977787232961,0.0028144818983859006,0.016097158022817016,0.0012188749969936907,1
2.140887975692749,-0.0014771957648918033,0.02046205662190914,0.007473162841051817,0.00048259031490997296,0.013309175148454465,0.0022621236288663076,-0.01870056410336618,-0.0013765891519170737,-0.017499800023707657,-0.10661595314741135,0.018071606755256653,-0.00527793122455478,0.04173820339129084,-0.46311366923967656,26.580953575717995,0.06635013689605351,-0.0035514506008918483,0.015970687483924956,0.0038186790043255314,1
2.1508986949920654,-0.0014771957648918033,0.02046205662190914,0.007473162841051817,0.00048259031490997296,0.013309175148454465,0.0022621236288663076,-0.01870056410336618,-0.0013765891519170737,-0.017499800023707657,-0.10661595314741135,0.018071606755256653,-0.00527793122455478,0.03988141057675911,-0.473963278101454,26.582766738166285,0.06623617448449776,-0.00442064588416663,0.015893604670240053,0.0008463760023005307,1
2.160593271255493,-0.0014661219902336597,0.02051839418709278,0.00745855737477541,0.0005819211586692876,0.011261412876704503,0.0019207122707308268,-0.02065445046691039,-0.0007588370955926571,-0.01761290521170844,-0.07947029173374176,0.0276076328009367,-0.0033013375941664015,0.03681696205704128,-0.483628849533743,26.584656839270583,0.060272609436898744,-0.008341342763122248,0.015336347503556665,0.0010714810050558299,1
2.1705920696258545,-0.0014353629667311907,0.020560206845402718,0.007412244100123644,0.0004860925299753402,0.008045632392712061,0.0013770848692426006,-0.021087436521312064,-0.0005268782501386404,-0.01768511266294892,-0.044222358614206314,0.022841893136501312,-0.006735196802765134,0.03417897080002629,-0.4921770316433923,26.585396583425652,0.05949000015001837,-0.008865865893561257,0.015194138758261318,0.0013236770028015599,1
2.1806223392486572,-0.0014194417744874954,0.020548732951283455,0.007381895091384649,0.000316859716651271,0.006262072361829642,0.0012327064772898197,-0.021452973460407865,-0.0003016291564730267,-0.017725065543054974,-0.03848299756646156,0.022196641191840172,-0.003990535624325278,0.03155210799270014,-0.4954429451093145,26.58812947542628,0.04735649581401541,-0.007746783092955869,0.015453102184977323,0.0010491379944141954,1
2.1905884742736816,-0.0014063253765925765,0.020513026043772697,0.007346740923821926,-0.00018904012672955447,0.0040434985435012175,0.0006651249641351143,-0.021755952403787138,-0.00010305930104825833,-0.017760507274652504,-0.02076578512787819,0.016516339033842087,-0.004313402809202673,0.029230484000152393,-0.49843642003116134,26.589234419949943,0.04595605105461877,-0.007683299540297796,0.015496457348063384,0.001304684999922756,1
2.2006027698516846,-0.0014063253765925765,0.020513026043772697,0.007346740923821926,-0.00018904012672955447,0.0040434985435012175,0.0006651249641351143,-0.021755952403787138,-0.00010305930104825833,-0.017760507274652504,-0.02076578512787819,0.016516339033842087,-0.004313402809202673,0.027499270990363325,-0.49910547673114064,26.59168320684686,0.040584503244385034,-0.0061397314511818755,0.015631434305030435,0.0011361360011505894,1
2.2105906009674072,-0.0013961837394163013,0.020454496145248413,0.007305716164410114,-0.0004461213527912249,0.0024460710121796347,0.00010757768044464836,-0.021635079950335978,-6.697892640517011e-07,-0.017827028316573124,0.015797888860106468,0.008014264516532421,-0.006629647221416236,0.026376947620926475,-0.49669079678718003,26.594662550653524,0.028325974936956155,-0.003399084510805702,0.016456661713120484,0.001064358999428805,1
2.220595121383667,-0.0013875782024115324,0.020378367975354195,0.007260012440383434,-0.0007182990070391747,0.0005477130196279636,-6.0944062922660597e-05,-0.021501708071782755,6.371377502700781e-05,-0.01787904658346795,0.009403251111507416,0.00390928192064166,-0.0037636274937540297,0.025617513912389357,-0.49339127009954487,26.596507483845432,0.028498733830425338,-0.0018147578239009698,0.01568777084017673,0.0011721629998646677,1
2.230595588684082,-0.0013840490719303489,0.02027880772948265,0.007212325930595398,-0.0015498482408736268,-0.0013371804939335682,-2.8382955348789407e-05,-0.021255232273486246,6.894887720987342e-05,-0.01790301307444908,0.032813359051942825,-0.004513104911893606,-0.0023634266108274456,0.02589256080719866,-0.4875280330303281,26.597200079870362,0.02086165630664288,0.0010519623975784364,0.015101848415369564,0.0010622650006553158,1
2.2405900955200195,-0.0013875315198674798,0.020162414759397507,0.007164767477661371,-0.0022632752097556867,-0.0029262406738751723,-0.00023385700273293006,-0.020366779944429148,-8.527513352341032e-05,-0.01794938136409785,0.05790340527892113,-0.011374657973647118,-0.003159518353641032,0.02714496321685821,-0.4787344666323515,26.59828277691195,0.010877755876417986,0.0038108353813556,0.015274438943606961,0.001154498997493647,1
2.2505929470062256,-0.0013959427597001195,0.020032310858368874,0.0071136425249278545,-0.0024508293754405054,-0.004429698454668906,-0.0007495963906070729,-0.019743237885604614,-0.00019916374216810695,-0.01795025073098433,0.06275966763496399,-0.01306428387761116,0.00021399182151071887,0.02857391052372946,-0.4688296441695292,26.600597849958884,0.007232247763692745,0.004860680537159087,0.014199085217249064,0.001190037997730542,1
2.2605953216552734,-0.0014029009034857154,0.019893135875463486,0.007059234194457531,-0.0019208192842104105,-0.0052844411690316576,-0.0009677180187857491,-0.01886348429827711,-0.0003709648564038659,-0.017940296381750542,0.0888795405626297,-0.016977012157440186,0.001037859474308791,0.029865037600032195,-0.45690860208424405,26.602397260153115,-0.002512551513530194,0.0064224847901445505,0.013717008850407249,0.001120076994993724,1
2.270603895187378,-0.0014048315351828933,0.019742563366889954,0.007004276383668184,-0.0014771308110236127,-0.0065646697759877345,-0.0008083833324150512,-0.017549671234870612,-0.0005659589300806012,-0.017936192806049522,0.0828329399228096,-0.01336555927991867,0.0007218943210318701,0.03075009852612117,-0.44383967323419704,26.602675366593147,-0.0036347754336812843,0.005744493939225626,0.013720841339325746,0.0011225209964322858,1
2.280648946762085,-0.0014092664932832122,0.0193934328854084,0.0068940771743655205,-0.0009069883550041619,-0.008347278460702413,-0.001047557902757815,-0.016488798729684007,-0.0006751828910696034,-0.017864446423484726,0.10154689103364944,-0.011513864621520042,0.006594207137823107,0.031166752992164645,-0.42844852060639654,26.60375487556818,-0.010569070229726876,0.005130793942777081,0.011784180278898021,0.00109913000051165,1
2.290611743927002,-0.0014020930975675583,0.019207026809453964,0.006835568696260452,-0.000449756648400265,-0.008904174902577014,-0.0011594519990696468,-0.015319588409037799,-0.0007300117231006098,-0.017820923768254726,0.10782789438962936,-0.0034896167926490303,0.0048403190448880196,0.03153659588337427,-0.4148565641771202,26.604215204230087,-0.011883778342742438,0.005093008169148107,0.011404038578272928,0.001387283999065403,1
2.3007636070251465,-0.0013919832417741418,0.01901346817612648,0.0067746941931545734,0.0001243252370597848,-0.009650839495269231,-0.0012196923862908856,-0.014367804431235864,-0.0007111241678341429,-0.017735948682600977,0.09286238998174667,0.001953630708158017,0.008235888555645943,0.030482190342029827,-0.3989895642807508,26.6051578955804,-0.011759096559686407,0.0008938027899569375,0.010716890909135303,0.0011671359970932826,1
2.310600996017456,-0.0013919832417741418,0.01901346817612648,0.0067746941931545734,0.0001243252370597848,-0.009650839495269231,-0.0012196923862908856,-0.014367804431235864,-0.0007111241678341429,-0.017735948682600977,0.09286238998174667,0.001953630708158017,0.008235888555645943,0.029603139754108214,-0.3849867540719722,26.60556054170835,-0.012120696843653684,0.0003193055688494264,0.010593152530687064,0.000912147996132262,1
2.3205971717834473,-0.0013776347041130066,0.018813559785485268,0.006712248548865318,0.00030291407645563793,-0.009751769716420177,-0.0015757698437524528,-0.01321691665470004,-0.0006666416184057944,-0.017657846675307898,0.11784874647855759,0.005489413160830737,0.008639086037874222,0.02845154127811942,-0.36955353493293625,26.607080660659218,-0.0214129046141077,-0.0009313821689671367,0.010389124090609608,0.0011431879975134507,1
2.3307034969329834,-0.001357662957161665,0.01861022412776947,0.006648321636021137,0.0012454151741607715,-0.010064194913078375,-0.001575050168237962,-0.011550814252337283,-0.0004387670867904703,-0.01751446489242614,0.1023198664188385,0.016925187781453133,0.00937278103083372,0.025862937752308864,-0.35398440648442164,26.607795684639573,-0.01995302657115341,-0.005004195653477176,0.009992753330107641,0.0012093789991922677,1
2.340888261795044,-0.001301578595302999,0.01822274923324585,0.00651213526725769,0.0014678875499582035,-0.010354667900874671,-0.0018322862478669176,-0.009401977673356487,4.6326867047419285e-05,-0.01734186346836042,0.10672219842672348,0.025367284193634987,0.010814133100211617,0.022831414621589687,-0.3395786290081849,26.60941627348534,-0.019016309311100692,-0.007717337442507394,0.010837656651017432,0.001942015005624853,1
2.3508102893829346,-0.001301578595302999,0.01822274923324585,0.00651213526725769,0.0014678875499582035,-0.010354667900874671,-0.0018322862478669176,-0.009401977673356487,4.6326867047419285e-05,-0.01734186346836042,0.10672219842672348,0.025367284193634987,0.010814133100211617,0.01965895907084289,-0.3236497519081034,26.609822188754887,-0.023792913493592898,-0.009191983174185374,0.00955243858033598,0.0008674630007590167,1
2.360628128051758,-0.001274973270483315,0.0180292259901762,0.006442797835916281,0.0014934849423417571,-0.010471618735110056,-0.0019755233061528265,-0.008502041916826464,0.0003405350189127354,-0.01725547300333785,0.08740063011646271,0.02920694649219513,0.008044131100177761,0.01622486528443563,-0.30902881252912917,26.61053373574561,-0.019567311677490425,-0.010960166158081536,0.010142438743868287,0.001115259001380764,1
2.3706002235412598,-0.0012446047039702535,0.017842644825577736,0.006374678574502468,0.0018876771144373228,-0.010175258854212804,-0.0019311453187901419,-0.0075079137585634115,0.000613439162729712,-0.017193998501893848,0.099591925740242,0.02724415995180607,0.006030668970197436,0.012610976095960971,-0.2941035816447813,26.61076011127335,-0.024082162623036016,-0.010945141452649665,0.010917792733035676,0.0011505889997351915,1
2.380612850189209,-0.0012100840685889125,0.01766599528491497,0.006308569107204676,0.0018732442817982796,-0.00966857932932071,-0.0019123988400551904,-0.006205795972671346,0.0010359383355171836,-0.017083178871094784,0.07536779344081879,0.026246452704072,0.007903906516730782,0.008839791239180496,-0.28047223834765145,26.610834795364447,-0.018809731298982217,-0.011167945511943824,0.01036055324279716,0.001112397003453225,1
2.3906021118164062,-0.001154206576757133,0.017332354560494423,0.006182618904858828,0.001045155319592894,-0.009474769237812299,-0.0019277697369686625,-0.005439894501144238,0.0012334807352227806,-0.01701738090537086,0.07376992702484131,0.01959264650940895,0.006825536023825404,0.0055362881693597765,-0.268460657018353,26.610869299624753,-0.018107369913371474,-0.011188960580648237,0.010269255813734333,0.001239331999386195,1
2.4005916118621826,-0.0011282000923529267,0.01717865839600563,0.006121870130300522,0.0006631076583504519,-0.009125535377533895,-0.0018122872544338044,-0.004552244952052753,0.00138305094532587,-0.016992457303605324,0.0876360684633255,0.014444645494222641,0.0025967021938413364,0.003472998445613469,-0.2547301346976412,26.610684695506276,-0.023590301629625936,-0.007828432879670307,0.011985361271598289,0.001064288997440599,1
2.41064190864563,-0.0011071271728724241,0.017034415155649185,0.006063986103981733,0.00016017436069575548,-0.008698430844999324,-0.001667374157137342,-0.003961313462665039,0.0015087145263996682,-0.01695342587335169,0.052452076226472855,0.010211835615336895,0.0034511683043092476,0.001974773525325448,-0.24369212718530683,26.610087346389,-0.014238882876143524,-0.006190700656121484,0.011973973711591831,0.0010804179983097129,1
2.420588493347168,-0.0011071271728724241,0.017034415155649185,0.006063986103981733,0.00016017436069575548,-0.008698430844999324,-0.001667374157137342,-0.003961313462665039,0.0015087145263996682,-0.01695342587335169,0.052452076226472855,0.010211835615336895,0.0034511683043092476,0.0006293597954177522,-0.23383222240242452,26.609847916758127,-0.013276353785751453,-0.006018258379143156,0.011956246582111323,0.0010450889967614785,1
2.430600166320801,-0.0010913917794823647,0.016898754984140396,0.006007551681250334,-0.00043559785203055323,-0.008502590469914076,-0.0019089354887271662,-0.00338121883657605,0.0015434982076580894,-0.01694157495549442,0.06248828023672104,-0.0007869745604693891,-0.0006077460711821913,0.00033153796303514525,-0.22381660059983,26.610646672605142,-0.01701196270562438,-0.002571199046788221,0.013295630904747188,0.0011525439986144193,1
2.440601110458374,-0.00107757025398314,0.016770144924521446,0.005951046012341976,-0.00037263995156840173,-0.008055940270303203,-0.0018817975640056984,-0.0027425531050857543,0.0015114122931971785,-0.01696041780489166,0.05411100015044212,-0.0038186502642929554,-0.0017504413845017548,0.00015972524562275333,-0.2147070289008667,26.610905101783867,-0.015696433365176062,-0.0011105522623754654,0.013918593705296729,0.0011666479986160994,1
2.4505999088287354,-0.0010624435963109136,0.01665376126766205,0.005895604379475117,-0.0002906051797699662,-0.00719909695910472,-0.001859899494089871,-0.002380929734015602,0.0014760853445592304,-0.016960688929437584,0.0325399674475193,-0.005924945697188377,0.0006598815089091666,7.097012396290493e-05,-0.20767243844632144,26.610931112087044,-0.00926259593479977,-0.00020560802377148405,0.01324633264956808,0.0011525439986144193,1
2.460646867752075,-0.001047299592755735,0.016549544408917427,0.005840276833623648,-0.0003455114562699592,-0.006402694154328404,-0.0020267800420481754,-0.0017900688111396335,0.0013109771728267994,-0.01698564015430115,0.03784557804465294,-0.014063088223338127,-0.0040058107115328295,0.0006413713378946375,-0.2007525757839187,26.611570927166095,-0.010824696394658717,0.0026840953982876538,0.014660717467405262,0.0011380910000298172,1
2.470601797103882,-0.0010329904034733772,0.01645633764564991,0.005785842426121235,-0.0004508078635719537,-0.005683569237194089,-0.0018677831387396433,-0.0016517015577992566,0.0011698385139751188,-0.017010888687198022,0.009501022286713123,-0.014785058796405792,-0.0017243275651708228,0.0014081156596377545,-0.19624918481627004,26.61125443724057,-0.002371288087166837,0.003495449468144172,0.014199687291462976,0.001166019996162504,1
2.480593681335449,-0.0010176798095926642,0.016370907425880432,0.0057348222471773624,-0.00015860465663095928,-0.005015901289690535,-0.0014992806814126934,-0.0015570961917457105,0.0010188888496682758,-0.017001103824138664,0.010775352828204632,-0.015644632279872894,0.0012770523317158242,0.002107370084558446,-0.1923677581580744,26.609862024947002,-0.0017779718270001933,0.00405704726956578,0.013113796052260762,0.0011066010047215968,1
2.490621566772461,-0.000978680793195963,0.016231879591941833,0.005639167502522469,0.00014666291925488867,-0.002935506869024111,-0.0014728198294450298,-0.0015535254240095497,0.0008596333617014729,-0.017007722989122787,-0.005778314545750618,-0.009110082872211933,-0.0009014786919578899,0.0024114601033898625,-0.1911401758194033,26.60920713509722,0.0035194880074297962,0.0022209848615535,0.013626063773986077,0.0011253129996475764,1
2.500821113586426,-0.0009577256860211492,0.016179094091057777,0.00559249660000205,0.0004970285779255131,-0.0020782526125527577,-0.0014752955173176108,-0.0018450235104690016,0.0008068158054927999,-0.01699296439390352,-0.029835354536771774,-0.00519882095977664,0.0011562258005142218,0.002288365464234014,-0.19203706773801105,26.608923705208102,0.012077418046015411,0.0008753777398057474,0.013046399506984323,0.0010724590028985403,1
2.5106537342071533,-0.0009299625526182353,0.01613595150411129,0.005546091124415398,0.0014181245329850261,-0.0012168571146243866,-0.0014990484340594219,-0.0020558116515112523,0.0007598154503560828,-0.016953045890915508,-0.021339047700166702,-0.005149725824594497,0.004117697477340699,0.0015914666123680921,-0.19322660284502896,26.608910438551224,0.010751675203120512,0.0006827505139759926,0.011952752935052931,0.001332334999460727,1
2.5206830501556396,-0.0009299625526182353,0.01613595150411129,0.005546091124415398,0.0014181245329850261,-0.0012168571146243866,-0.0014990484340594219,-0.0020558116515112523,0.0007598154503560828,-0.016953045890915508,-0.021339047700166702,-0.005149725824594497,0.004117697477340699,0.000964196777023879,-0.19425936743151997,26.608903957828293,0.010670075966954988,0.0006771819226036391,0.011731511825490839,0.0011880130041390657,1
2.5306761264801025,-0.0008959709666669369,0.016104931011795998,0.005500688683241606,0.0016971962759256744,8.71047509731174e-05,-0.0014868278522698164,-0.0024989814876499317,0.0008097559807080934,-0.01694451470496139,-0.05337546765804291,0.00726026576012373,0.0005456280778162173,-0.0004844182035601707,-0.19823809485049806,26.608822719684824,0.021235885771953796,-0.0032750453816430495,0.012866569317750442,0.0013093630041112192,1
2.540889263153076,-0.0008228128426708281,0.01607448048889637,0.005411467980593443,0.0021698100042482076,0.001325303452538384,-0.001575484406729565,-0.0035765910343155127,0.0009658503458767065,-0.016897279388331743,-0.05569889396429062,0.009410958737134933,0.0017579001141712059,-0.001985174723991753,-0.2030400264259965,26.608980584547993,0.023885040403668956,-0.0038201297344371034,0.012206490604569692,0.001233815994055476,1
2.550809621810913,-0.0007822293555364013,0.016068557277321815,0.00536759477108717,0.002378070031503525,0.001622429577463554,-0.0016151547910076714,-0.004741323458661295,0.0011510952457798318,-0.01690437133332834,-0.08083996921777725,0.01269820798188448,-0.0012658884515985862,-0.0037690612669207726,-0.2083118337149191,26.609157669092458,0.025092185050982124,-0.0047762091076608325,0.012523221092269454,0.0021128000007593073,1
2.5605826377868652,-0.0007822293555364013,0.016068557277321815,0.00536759477108717,0.002378070031503525,0.001622429577463554,-0.0016151547910076714,-0.004741323458661295,0.0011510952457798318,-0.01690437133332834,-0.08083996921777725,0.01269820798188448,-0.0012658884515985862,-0.005946978532128885,-0.21602048792654785,26.609333245228317,0.03458154156035277,-0.0061785432387663685,0.013570606194799491,0.0009857400000328198,1
2.570586681365967,-0.0007431344129145145,0.016065189614892006,0.005325589329004288,0.002293150872741228,0.0019351439539035387,-0.001414676546447138,-0.005423247402418951,0.0012495811102799514,-0.016901169157996332,-0.06843937933444977,0.010034708306193352,0.00017362000653520105,-0.00784103311219721,-0.22327582844941754,26.6087059348907,0.03283810163535615,-0.005661584861452594,0.013293637337538288,0.0010724589956225827,1
2.580599784851074,-0.0007068339036777616,0.01606607437133789,0.005286153871566057,0.001995059433013025,0.002069896547181635,-0.0013331491520480864,-0.006250071693152837,0.0013418202457704531,-0.016911182390829893,-0.08690371364355087,0.008315091952681541,-0.0020204349420964727,-0.00939070130807796,-0.23183370225898628,26.60814225640388,0.039421556668773575,-0.005157745767637428,0.013955927131805669,0.0011407440033508465,1
2.5906217098236084,-0.000651769048999995,0.01608104817569256,0.005220380146056414,0.0015576545847153778,0.00210641417657204,-0.0015262532979029256,-0.007160136851017462,0.0013711736020307619,-0.016941850664764058,-0.08433520793914795,-0.00024052243679761927,-0.003396552288904786,-0.01014670713674018,-0.24050814702143403,26.60858139368475,0.0406431398463038,-0.0024364979096600306,0.014532429474189708,0.0010948019989882596,1
2.600616693496704,-0.000628727488219738,0.01608905754983425,0.005188448820263147,0.0010015578043586623,0.0020150728492275014,-0.0014997974522301114,-0.007861318121642036,0.0013493563650546214,-0.016994278376849525,-0.06927750259637833,-0.0030815284699201593,-0.005922251846641302,-0.010305450317735991,-0.24833812747471473,26.608661757947058,0.03702664227175206,-0.0011359940391632716,0.015508289678313051,0.0011029710003640503,1
2.6105949878692627,-0.0006191449356265366,0.016107702627778053,0.005157662555575371,-0.0012499029933395914,0.0019713072116668185,-0.0015435090778750892,-0.009138102647853863,0.00128688094168794,-0.017099934609379197,-0.08882708102464676,-0.006350799929350615,-0.0052784839645028106,-0.008603678581448998,-0.2580263539982556,26.608822477590717,0.04374061999309155,0.00020601134150299112,0.015504281779519145,0.0010355929989600554,1
2.620588541030884,-0.0006069513619877398,0.01611393131315708,0.005137195810675621,0.0018467082408549457,0.00023183354693492083,0.00010177288648175131,-0.0099371020116239,0.0010909611353948634,-0.01721937982788546,-0.07753206044435501,-0.018980225548148155,-0.013128763996064661,-0.00846917401070356,-0.26574876359811445,26.603133175523237,0.04226242692942853,0.004410205387178876,0.018097251546680185,0.0010547940037213266,1
2.630596399307251,-0.0006069513619877398,0.01611393131315708,0.005137195810675621,0.0018467082408549457,0.00023183354693492083,0.00010177288648175131,-0.0099371020116239,0.0010909611353948634,-0.01721937982788546,-0.07753206044435501,-0.018980225548148155,-0.013128763996064661,-0.008417657366206675,-0.272533992952617,26.6007977915486,0.042403408322241064,0.005064239489301546,0.018660927031696816,0.0011476569998194464,1
2.6406090259552,-0.0006249769940041006,0.016151726245880127,0.00504599092528224,-0.003986352118812307,0.0026934933846154384,-0.00633336324537033,-0.011283943704210486,0.0005494750993575437,-0.0174535744444535,-0.07099051028490067,-0.026545222848653793,-0.011823407374322411,-0.0038447471714086025,-0.28224199146769924,26.610291659055253,0.04249918692130941,0.006630106768831294,0.019089992266130295,0.0014247779981815256,1
2.6506030559539795,-0.0006249769940041006,0.016151726245880127,0.00504599092528224,-0.003986352118812307,0.0026934933846154384,-0.00633336324537033,-0.011283943704210486,0.0005494750993575437,-0.0174535744444535,-0.07099051028490067,-0.026545222848653793,-0.011823407374322411,0.0009803115571595201,-0.2908319458652272,26.626150641786232,0.04222948665787132,0.008643148578074918,0.018547088749708746,0.0010871909980778582,1
2.6605985164642334,-0.0006249769940041006,0.016151726245880127,0.00504599092528224,-0.003986352118812307,0.0026934933846154384,-0.00633336324537033,-0.011283943704210486,0.0005494750993575437,-0.0174535744444535,-0.07099051028490067,-0.026545222848653793,-0.011823407374322411,0.005187347000969936,-0.29834551541616383,26.632603447799152,0.04217845183071374,0.008906132628629557,0.01845657608374172,0.0010317519991076551,1
2.670595645904541,-0.0006249769940041006,0.016151726245880127,0.00504599092528224,-0.003986352118812307,0.0026934933846154384,-0.00633336324537033,-0.011283943704210486,0.0005494750993575437,-0.0174535744444535,-0.07099051028490067,-0.026545222848653793,-0.011823407374322411,0.008873684211184198,-0.30492854945935016,26.635220825107655,0.04215644295977745,0.00893295867243425,0.018440917614033683,0.0011281759943813086,1
2.6805977821350098,-0.0006249769940041006,0.016151726245880127,0.00504599092528224,-0.003986352118812307,0.0026934933846154384,-0.00633336324537033,-0.011283943704210486,0.0005494750993575437,-0.0174535744444535,-0.07099051028490067,-0.026545222848653793,-0.011823407374322411,0.012106084596690148,-0.3107018132197453,26.636275276554905,0.04213986301197676,0.00892880087771777,0.01843798392047169,0.001056190005328972,1
2.69059419631958,-0.0006064812769182026,0.016092032194137573,0.004995723720639944,-0.0003935664690506324,0.0008147417123623054,0.00041507021346521417,-0.011888870112359395,0.00026848534635615096,-0.01767338306002708,-0.05225317180156708,-0.030691131949424747,-0.02138644084334373,0.012946890306697406,-0.3138620840141044,26.613159987656996,0.03703692078193021,0.01044357150350451,0.021660960116182057,0.0010665939989848994,1
2.7005958557128906,-0.0006066143978387117,0.016107166185975075,0.004999125376343727,-0.0009969571766557752,0.006302929952043429,0.0022151833342813235,-0.01446562066799384,-0.0006600501820606119,-0.01835091666116684,-0.08613474667072296,-0.021021813154220585,-0.025001065805554386,0.01504838201106445,-0.32582729181641285,26.597376828460245,0.05048736507169565,0.008873615592723106,0.023901528483759583,0.0011459809975349344,1
2.710618734359741,-0.000614814052823931,0.016131941229104996,0.0050280350260436535,0.0002931700320405928,0.007390573165230974,0.005547220803891858,-0.015442224406212901,-0.000801603693837194,-0.018609970366254558,-0.09415072947740555,-0.007887686602771286,-0.030585547909140587,0.015581720201644559,-0.338459670698565,26.579255914827176,0.055997480220737236,0.004673200198369252,0.026301860304629894,0.0012439400015864521,1
2.7206151485443115,-0.0006049599032849073,0.016161004081368446,0.0050881654024124146,0.00338031491507508,0.0010546312164267724,0.010609371584802407,-0.017597339737875917,-0.0007463376308236569,-0.019078722844781293,-0.15931688249111176,0.0032880976796150173,-0.02743268385529518,0.013166147743283061,-0.35058850535630537,26.554236712226224,0.07948244630538633,0.0004342379191436931,0.02600848390403956,0.0012218070041853935,1
2.730630874633789,-0.0005466323927976191,0.016221312806010246,0.005203607492148876,0.004170100684067494,0.014309275903449345,0.013099503689867781,-0.01861319073338974,-0.00075763210010793,-0.019250301954163884,-0.20536568760871887,0.026945177465677258,-0.021526223048567775,0.009526651812028442,-0.3738599749702717,26.535194940441908,0.09858449699474654,-0.007549363428230618,0.0241910517810046,0.0012287889985600486,1
2.740861415863037,-0.00045321998186409473,0.016536714509129524,0.005738551262766123,0.0019819171295600334,0.020808812349626542,0.03955138467958396,-0.0222977820159711,-0.0003210257957135809,-0.019792914923786764,-0.26049837470054626,0.028040228411555287,-0.03914216160774231,0.007390182043904113,-0.40269178115654325,26.434952204794683,0.12147480769030726,-0.009279772082847422,0.029579397925646525,0.002440890995785594,1
2.750650644302368,-0.00039503350853919983,0.016776155680418015,0.006260226480662823,0.01198366566740477,0.027246935362105866,0.06364386525106688,-0.025581744222642477,0.0001919397031140413,-0.020135125220085648,-0.33932241797447205,0.07945901900529861,-0.024771783500909816,0.005504073053466772,-0.4281231712395204,26.393895830008272,0.125942361773151,-0.00972366199405345,0.03082700759135593,0.001100387002225034,1
2.7606167793273926,-0.0003019946161657572,0.017044471576809883,0.007014859467744827,0.006501528001917025,0.028087217468713174,0.08846624936779626,-0.029410755068806527,0.0014759090079330406,-0.02031391405965266,-0.3810473084449768,0.1276373714208603,-0.016221234574913996,-0.00617762133613899,-0.4590074210519427,26.292969214460932,0.15539288904504492,-0.026830426448613456,0.0269416292596891,0.0013507670009857975,1
2.7705960273742676,-0.0003019946161657572,0.017044471576809883,0.007014859467744827,0.006501528001917025,0.028087217468713174,0.08846624936779626,-0.029410755068806527,0.0014759090079330406,-0.02031391405965266,-0.3810473084449768,0.1276373714208603,-0.016221234574913996,-0.015588833224712495,-0.48806757584632776,26.16507197387487,0.1769422851902889,-0.04563209474050345,0.023690342197242534,0.0011078579991590232,1
2.780590295791626,-0.0002309277915628627,0.017321020364761353,0.008008354343473911,0.004863921154260435,0.02705004835988651,0.11264402412649754,-0.03347396892882548,0.003151360082528143,-0.020679240291762824,-0.4176233112812042,0.1809035837650299,-0.021223131567239782,-0.025810054741261634,-0.5134350858130199,26.02850298861859,0.19607703592204503,-0.06689671963235866,0.02510567329499423,0.0011068109961342998,1
2.7906062602996826,-0.00021610644762404263,0.017600418999791145,0.009260519407689571,0.0012440593365101906,0.030411828822391317,0.13870589422538052,-0.040329800791556014,0.006643056821163729,-0.020878214818250918,-0.46591615676879883,0.23855778574943542,-0.0076804473064840135,-0.03594977714121206,-0.5395078873608767,25.88225626166103,0.2222159344066783,-0.09200795881215611,0.021173146149943225,0.0011203570029465482,1
2.8006012439727783,-0.00017218454740941525,0.01791788451373577,0.010826915502548218,0.008504913291886311,0.03141664745797668,0.17560799412821373,-0.04473446793671565,0.009259989186453765,-0.021209905923091465,-0.4436647891998291,0.2923662066459656,-0.021141223609447514,-0.05130123789714196,-0.5552945776752145,25.693742818249625,0.22398666371026063,-0.11574141998380393,0.02554741980021867,0.0011095329973613843,1
2.810606002807617,-8.118875120999292e-05,0.01825735904276371,0.012770078144967556,0.007971948218211834,0.037162270965437116,0.21166044461289032,-0.049259482219408124,0.012641799758680516,-0.02143025919252528,-0.4516705274581909,0.31562790274620056,-0.0023056413047016053,-0.06362204417450065,-0.5656676687758819,25.49113897931806,0.2323150798198383,-0.13026031338762434,0.019797148920064532,0.0011290140027995221,1
2.8206069469451904,-2.2600230295211077e-05,0.01864045113325119,0.015061169862747192,0.005839097081597609,0.037715700193094025,0.24750487493769135,-0.049259482219408124,0.012641799758680516,-0.02143025919252528,-0.4516705274581909,0.31562790274620056,-0.0023056413047016053,-0.06981629467915934,-0.5652469908494925,25.282670265639215,0.23307478075029217,-0.13203760900512068,0.018405909580050436,0.001158547995146364,1
2.8306186199188232,5.076017259852961e-05,0.01904197596013546,0.017720399424433708,0.008470049074173428,0.04493390224440983,0.28289282280235895,-0.059456805194323614,0.020826997128131186,-0.021907395444724642,-0.382922500371933,0.34589922428131104,-0.0004997818032280035,-0.07425893253206767,-0.5570984262209321,25.07529262250267,0.22441756874997404,-0.15174847880329587,0.018809195015109085,0.0011306199958198704,1
2.8405983448028564,0.00016781997692305595,0.019508183002471924,0.020733408629894257,0.014014068838617819,0.046283451648228606,0.31875359977934264,-0.06308383833578546,0.024284355625558973,-0.021935370976388757,-0.36153003573417664,0.35026198625564575,0.013951537199318366,-0.07655472709036662,-0.5378536565225757,24.865741117363257,0.2207837137772379,-0.15998815879940045,0.01357440620257883,0.0011373230008757673,1
2.850602626800537,0.0004271513898856938,0.02055058814585209,0.027721691876649857,0.020029376951245195,0.06082878966803135,0.38077077194498465,-0.06475874796932812,0.02596466045392587,-0.022009098332008037,-0.33523425459861755,0.34162992238998413,-0.004625745583325666,-0.07923483169650292,-0.5230075643906119,24.78031886241531,0.22036038111101194,-0.16116280319951543,0.012247651614884822,0.0013485330055118538,1
2.8605966567993164,0.0004271513898856938,0.02055058814585209,0.027721691876649857,0.020029376951245195,0.06082878966803135,0.38077077194498465,-0.06475874796932812,0.02596466045392587,-0.022009098332008037,-0.33523425459861755,0.34162992238998413,-0.004625745583325666,-0.07446908066861271,-0.4953042105971623,24.527482966130997,0.2137753174998131,-0.16041511658441557,0.018233473532634607,0.001138718995207455,1
2.870598077774048,0.0004271513898856938,0.02055058814585209,0.027721691876649857,0.020029376951245195,0.06082878966803135,0.38077077194498465,-0.06475874796932812,0.02596466045392587,-0.022009098332008037,-0.33523425459861755,0.34162992238998413,-0.004625745583325666,-0.07127897576373284,-0.47355757467536935,24.42452415004661,0.21297554581656283,-0.16035994147737506,0.019188950040724025,0.001110302000597585,1
2.8806028366088867,0.000888575566932559,0.021661363542079926,0.03583095595240593,0.018030900447153872,0.0634757690223376,0.4259939781946572,-0.06475874796932812,0.02596466045392587,-0.022009098332008037,-0.33523425459861755,0.34162992238998413,-0.004625745583325666,-0.05988998477641468,-0.43973352850997954,24.22292838366306,0.21228186923367004,-0.1599415926795531,0.01935543483017574,0.001155266996647697,1
2.890613555908203,0.0011318258475512266,0.02232496440410614,0.04023485630750656,0.033727604013289586,0.062855196342523,0.4548577357069048,-0.07511425461449406,0.03814233489032359,-0.02333966019306244,-0.1591951698064804,0.28867343068122864,-0.02376765571534637,-0.043071232088096906,-0.3855182656799239,24.041314846697222,0.1695515159117726,-0.15811732544447513,0.027354416850931332,0.001093683997169137,1
2.900603771209717,0.0014654503902420402,0.022952476516366005,0.044886503368616104,0.02903334499660069,0.06614816310875793,0.473144709782242,-0.07647542099464788,0.04119892255634028,-0.023587485716740186,-0.11411652714014053,0.2533245086669922,-0.020323324948549302,-0.01743156999602663,-0.33218276394866747,23.903126689646687,0.15144427000108324,-0.15007979106522418,0.02704776143725564,0.001124825001170393,1
2.9106104373931885,0.0021377361845225096,0.024340134114027023,0.05472398176789284,0.043790772203005715,0.07030083930253661,0.5045168401164806,-0.07709153995342932,0.04377181410984843,-0.024171346520210246,-0.016831763088703156,0.17818541824817657,-0.02256518602371218,0.005326434348463714,-0.2758547451311136,23.749759027604657,0.11928744784221933,-0.12871199428894653,0.028118201155463166,0.0012714490003418177,1
2.92067813873291,0.002551146550104022,0.025076985359191895,0.05982934683561325,0.03937330939332086,0.07403322994015536,0.5155015570533826,-0.07682655196556354,0.045662600921425156,-0.024520354414682366,0.03351001441478729,0.1727224588394165,-0.025535458698868772,0.024017147774054178,-0.22864576816285417,23.68795180777419,0.11508657927269936,-0.125777378702552,0.02782925894848642,0.0010864920041058213,1
2.930687665939331,0.0029701795428991318,0.025843769311904907,0.06503764539957047,0.04755864481461353,0.07804126556062842,0.5262771837742203,-0.07581902301541765,0.04687834896776133,-0.024635225260519533,0.11891312897205353,0.1293179988861084,-0.01649220474064352,0.045284916413978075,-0.19062179249813954,23.661431701205622,0.09869548575644449,-0.12571129865615546,0.029102759555871636,0.001553180001792498,1
2.9408316612243652,0.0034495226573199034,0.026674730703234673,0.0703178122639656,0.05126812851526043,0.08363341764457385,0.5325407975408621,-0.07433203520966458,0.04824958245459188,-0.025019900027669184,0.16983014345169067,0.10939843207597733,-0.01605171896517278,0.05968051224305773,-0.16573627048974493,23.645261657755682,0.05235943534626193,-0.10881097711946283,0.026798057722414788,0.0027340010055922903,1
2.9508261680603027,0.003986097406595945,0.027498317882418633,0.07566135376691818,0.05646209889131813,0.0760697436900279,0.5380955334964257,-0.07265718963144518,0.04892853517664575,-0.02524062439446917,0.17947880923748016,0.07562602311372757,-0.02734851837158204,0.0717356916186071,-0.14512621472067644,23.639149536597213,0.04572546518055687,-0.10703845176179783,0.025896791866496485,0.0019408289954299107,1
2.9605770111083984,0.003986097406595945,0.027498317882418633,0.07566135376691818,0.05646209889131813,0.0760697436900279,0.5380955334964257,-0.07265718963144518,0.04892853517664575,-0.02524062439446917,0.17947880923748016,0.07562602311372757,-0.02734851837158204,0.07953135195361694,-0.12462796526403803,23.63481752761744,0.03962044805136417,-0.09714637866188927,0.029676700992914293,0.0008711629998288117,1
2.9705798625946045,0.0045042382553219795,0.02832420915365219,0.08104947209358215,0.05087346309967405,0.08581619835446698,0.5399419065626648,-0.07265718963144518,0.04892853517664575,-0.02524062439446917,0.17947880923748016,0.07562602311372757,-0.02734851837158204,0.08987189930209682,-0.11461333807780058,23.631512193193373,0.03911357868641037,-0.09560384179380585,0.030154079494893793,0.0010524200042709708,1
2.9805915355682373,0.005041372962296009,0.029250219464302063,0.08646789938211441,0.061425593082736575,0.09016285128678637,0.5459524987924255,-0.06629329372330428,0.05023217722530715,-0.025784369472090507,0.285552442073822,0.022523941472172734,-0.025834534317255024,0.09404548897273865,-0.1155210614681444,23.625815527159194,-0.0011037926801167608,-0.0807225986339842,0.03047872995866057,0.0010571680031716824,1
2.990586042404175,0.00571077223867178,0.030126025900244713,0.09192050993442535,0.07060584410921562,0.07876761986849276,0.550374090722729,-0.06334521804315996,0.050643555518475214,-0.0259535876778183,0.30567988753318787,-0.026146842166781425,-0.008252916857600209,0.09177543014050688,-0.11292776983188738,23.621108870108788,-0.016360062548616612,-0.06442586713156029,0.024900481570091806,0.001072527993528638,1
3.0005998611450195,0.006939784158021212,0.03206031769514084,0.10273949801921844,0.07036091044275786,0.09663305083437623,0.545031009646726,-0.05986633724730561,0.05029751924381687,-0.025805188866277362,0.3441496193408966,-0.050443921238183975,-0.007782624568790191,0.08902602460140938,-0.12934564731547418,23.614475058736417,-0.03365884972837466,-0.054236448260730985,0.023370861757700624,0.001089494995540008,1
3.0105931758880615,0.0076788137666881084,0.033016182482242584,0.10812360048294067,0.07590552010189618,0.08395637133945395,0.5443888295425188,-0.05486633645634287,0.049439431874219064,-0.026358476237456685,0.33852019906044006,-0.06657347828149796,-0.027372082695364945,0.08088187829851629,-0.14258790426232607,23.609541177948596,-0.0402716155088086,-0.046888740744279386,0.029786873414300502,0.0010862130002351478,1
3.020585775375366,0.008368742652237415,0.033993322402238846,0.11345211416482925,0.06623713326005011,0.09987385910178627,0.5385265933201824,-0.0511329256451627,0.049007726154221665,-0.026218259777159858,0.36927589774131775,-0.09930124878883362,-0.001162394182756531,0.08039008890837629,-0.1707148642524755,23.604842989942693,-0.0545339950478311,-0.03510957958790328,0.02239730345253352,0.001074692998372484,1
3.0305888652801514,0.009084286168217659,0.035094670951366425,0.11872147023677826,0.08108934175773841,0.1001888302838986,0.5367831582231878,-0.04751905292018854,0.047396374800831254,-0.026236320634601018,0.36275923252105713,-0.1167023703455925,-0.025598434731364236,0.06682756179302905,-0.20212625894020195,23.6003995447298,-0.058331552763957184,-0.026516168869196735,0.029019531298905273,0.0010637999948812649,1
3.0405869483947754,0.009930983185768127,0.036103010177612305,0.12396924197673798,0.08465017552426381,0.08799912909877368,0.5354881877047771,-0.04390151016430277,0.046574845070343596,-0.02656338127132818,0.36219534277915955,-0.11787378042936325,-0.01754713989794253,0.054847987302372676,-0.2297218334973938,23.598437702316154,-0.058693649517527514,-0.02542013112392244,0.03001321099283272,0.001131877004809212,1
3.050597667694092,0.010716411285102367,0.037129662930965424,0.1291375756263733,0.07423243217186615,0.10369110304632542,0.5257806172754973,-0.03992692472646775,0.04558202065160666,-0.026410527618861313,0.3899869918823242,-0.11959563195705414,-0.028440352529287324,0.03961272647175658,-0.25120025429846254,23.595834080502016,-0.06312931662426582,-0.02420305916586219,0.02772238461012008,0.0013280050043249503,1
3.060584306716919,0.010716411285102367,0.037129662930965424,0.1291375756263733,0.07423243217186615,0.10369110304632542,0.5257806172754973,-0.03992692472646775,0.04558202065160666,-0.026410527618861313,0.3899869918823242,-0.11959563195705414,-0.028440352529287324,0.031896449616577276,-0.2868983914334962,23.592747183237144,-0.07627341025697315,-0.021991682595917914,0.030695066898627908,0.001110861005145125,1
3.0705928802490234,0.011498319916427135,0.03828928619623184,0.13424468040466309,0.08678559208361027,0.10654094066771119,0.5248397588910855,-0.036265283415903404,0.04349900082472402,-0.026337683834724235,0.36198362708091736,-0.13120734691619873,-0.012050367891788467,0.012859426291630272,-0.32744802428017483,23.589362831066712,-0.07342871683570995,-0.016203910558911114,0.02622555276994141,0.0011029730012523942,1
3.080589771270752,0.012430627830326557,0.03933890908956528,0.1393267959356308,0.09567117273889679,0.0868351327903918,0.5223153819626987,-0.030799573208298625,0.041698559077131936,-0.026626682362389964,0.3805767297744751,-0.14134779572486877,0.008584714494645613,-0.013785512797222073,-0.3570607345319835,23.58631629720176,-0.0857774928368137,-0.01068086439051184,0.018589966931485048,0.0011741900016204454,1
3.090594530105591,0.013316918164491653,0.040327198803424835,0.14432331919670105,0.08287973874400117,0.09887141071977223,0.5097337956278746,-0.027105543675410626,0.039808484234135744,-0.026229616480986095,0.3605683743953705,-0.19685183465480804,0.002293712925165916,-0.030025257590590264,-0.39804704791807827,23.583256225812782,-0.08498861361238465,0.009927794198606482,0.01974478239917869,0.001068201003363356,1
3.1005918979644775,0.014179999008774757,0.04143937677145004,0.14924272894859314,0.09308430925891424,0.10285366481158101,0.5091827500827472,-0.023781403856147243,0.03749545834365753,-0.026446366962120216,0.33989444375038147,-0.180973619222641,-0.009064315818250157,-0.056045181511880815,-0.44332809342643764,23.58046795230514,-0.0820140201709567,0.010146090020616434,0.023042626660228605,0.001224810999701731,1
3.110642194747925,0.016115926206111908,0.04345172271132469,0.15889835357666016,0.08820002630575689,0.09410369432425346,0.4939269420669486,-0.020156922997374593,0.03629989521408605,-0.026387044744133448,0.361928254365921,-0.20719443261623383,0.018132505938410783,-0.0801983677946465,-0.4842195304256579,23.597870658384142,-0.09291083458692984,0.019531526924298638,0.014804685245935938,0.0011149109996040352,1
3.120626449584961,0.017002888023853302,0.04452793672680855,0.16360461711883545,0.09177517263904572,0.10293820528571955,0.4867749211094761,-0.015043419612622788,0.032970742288263466,-0.0259133745038862,0.337166428565979,-0.20668925344944,-0.00024147983640429826,-0.11050680446949211,-0.5355856756489823,23.62880988938047,-0.09211650740581229,0.024383450851602824,0.0190686022493942,0.0012472239977796562,1
3.130737066268921,0.018022123724222183,0.045574773102998734,0.16826219856739044,0.10789704497401267,0.08957482898592647,0.48361122561341285,-0.011680166388884139,0.03091646253524649,-0.02615320486539119,0.33431950211524963,-0.22338655591011047,0.008389777503907708,-0.15206601125398664,-0.5763709624097411,23.651267245858456,-0.09393624484917981,0.031046725741644906,0.017088696799473887,0.0011457729997346178,1
3.1406588554382324,0.019057054072618484,0.04650219902396202,0.17283156514167786,0.09920507215835399,0.08539126830813891,0.4735627465449473,-0.008361909262408762,0.029731545255014424,-0.02608511765738042,0.32174670696258545,-0.19043412804603577,0.014652816578745865,-0.18765157649516928,-0.6150224334280083,23.69483155400569,-0.09425488033810372,0.023476844765616907,0.014309330347991785,0.0020003899990115315,1
3.150820732116699,0.02003653347492218,0.0474838986992836,0.17730717360973358,0.09937910902205027,0.09658598149630775,0.46289086304316446,-0.0053046847570139555,0.02719773858000485,-0.025796866499096183,0.3117867708206177,-0.22138391435146332,0.004977993667125729,-0.2236437676365182,-0.6622137088463327,23.748905021675803,-0.09444488809360813,0.03434219428179711,0.017486470782534007,0.0012105670029995963,1
3.16058349609375,0.021058345213532448,0.048486705869436264,0.18170617520809174,0.1042884376599146,0.0860872564896622,0.45660841439382854,-0.0020676974873654608,0.02503833129890154,-0.025763577061770793,0.32471612095832825,-0.20840245485305786,0.012278110720217254,-0.25571597270065544,-0.7042405582594388,23.77100444560381,-0.0956020977094856,0.036762317809255776,0.017683579475801493,0.0011200790031580254,1
3.1705853939056396,0.021058345213532448,0.048486705869436264,0.18170617520809174,0.1042884376599146,0.0860872564896622,0.45660841439382854,-0.0020676974873654608,0.02503833129890154,-0.025763577061770793,0.32471612095832825,-0.20840245485305786,0.012278110720217254,-0.29245006579475763,-0.7383038682305784,23.801469969938502,-0.10383039246916395,0.03523257829249562,0.01505392760805346,0.0011158199995406903,1
3.180584192276001,0.022084545344114304,0.0493539422750473,0.18602772057056427,0.10032457265869789,0.07635115046500499,0.4476627108474259,0.0008627648810404231,0.023208071711963374,-0.025758912475934537,0.30008620023727417,-0.20939777791500092,0.0020281209144741553,-0.3263094281758758,-0.7660181976432247,23.844432544462865,-0.10099048766432692,0.03749418198424475,0.018277030470156677,0.0011558269980014302,1
3.190594434738159,0.02309446595609188,0.05025951564311981,0.19025489687919617,0.10241466039663787,0.08948171127520683,0.4385586380587921,0.005159053678742254,0.020130627493673448,-0.025609413888378896,0.2812177538871765,-0.1996389776468277,0.007636615075171018,-0.36294179628309453,-0.8055073469633122,23.893601371833665,-0.09946186801911594,0.03818241872450083,0.016875966941375352,0.001131459001044277,1
3.200605869293213,0.024153362959623337,0.05120357871055603,0.1944045126438141,0.10996159273308587,0.081310830312466,0.43028619869462414,0.007825326049364367,0.018341830756249955,-0.025520250387738752,0.2713005542755127,-0.16790266335010529,0.0147863617166877,-0.40534293212026407,-0.8381180382401153,23.942025126223918,-0.09959648187902234,0.0300919302549508,0.01394002426632638,0.0011610639994614758,1
3.2105960845947266,0.025225380435585976,0.05201438069343567,0.19846545159816742,0.10200508699129597,0.06991664307883126,0.42223256824505634,0.010268444598430904,0.016967290375338173,-0.025463748078856874,0.23789554834365845,-0.16727900505065918,0.011718541383743307,-0.4402966067009273,-0.8621782391738907,23.98919749990236,-0.09256087687424137,0.030558954218340793,0.014708830021901842,0.001161551997938659,1
3.2205896377563477,0.02724817954003811,0.053710874170064926,0.20629942417144775,0.11018218108617234,0.0745386703923282,0.40499991177635614,0.012450153824439258,0.01498145971141085,-0.0253457690044816,0.21018314361572266,-0.18358467519283295,0.0009806868620217072,-0.48201790606493194,-0.8903727927642024,24.06688099814545,-0.08565656225166525,0.03770439461698559,0.018410185858463744,0.0011286659937468357,1
3.2306041717529297,0.028349699452519417,0.05444251000881195,0.21010980010032654,0.10617228665964755,0.05993567314566663,0.3955705463288104,0.015062525742225219,0.013133194451871777,-0.02557809008046341,0.16706812381744385,-0.1336955428123474,-0.006864494644105418,-0.5208518676856212,-0.9080584305766088,24.1307209336866,-0.0750535702267731,0.025357278633906164,0.021436780689972325,0.0010957109989249147,1
3.2405941486358643,0.029339173808693886,0.05517863109707832,0.2138107717037201,0.094583392778716,0.0735103329997137,0.3840753436081912,0.016657129935793158,0.012151680592685121,-0.025215724959040564,0.15470613539218903,-0.08670257776975632,0.012190746143460284,-0.5503821955807596,-0.934409078997667,24.196349402309416,-0.07147002499877758,0.010489882314155256,0.015455905722952813,0.0011602960003074259,1
3.250593662261963,0.03034897893667221,0.055967118591070175,0.21743781864643097,0.10949074497184291,0.06486687028193983,0.3801673054666005,0.017898239568468366,0.010570142483503187,-0.02529966824188845,0.13283319771289825,-0.11745927482843399,0.012372053228318705,-0.576005260707151,-0.9576488744928549,24.223215703261864,-0.07089691297764175,0.008387009581895201,0.014493938900337445,0.0013550280054914765,1
3.2606213092803955,0.03144212067127228,0.056545890867710114,0.2209731936454773,0.10761085177330101,0.048498030255292646,0.37103930114208944,0.018662015741264693,0.010354688218650043,-0.025494231687350766,0.06643086671829224,-0.07053881138563156,0.02510488778352738,-0.6110105518576687,-0.974337715452792,24.247091498357698,-0.06583267895546539,0.01900710017040519,0.014471477122602126,0.0012422670042724349,1
3.2706143856048584,0.0324363149702549,0.05709988996386528,0.22439128160476685,0.09604510683471754,0.05910563060683061,0.35921943188036437,0.019407823650296585,0.010150969441752089,-0.025134294618909703,0.07071433216333389,-0.059168893843889236,-0.007482573855668299,-0.6442144558403536,-0.9794414876061529,24.28682520496803,-0.0462463876222423,0.00608068680173866,0.010237036610724932,0.0011900400058948435,1
3.280583143234253,0.0324363149702549,0.05709988996386528,0.22439128160476685,0.09604510683471754,0.05910563060683061,0.35921943188036437,0.019407823650296585,0.010150969441752089,-0.025134294618909703,0.07071433216333389,-0.059168893843889236,-0.007482573855668299,-0.6670938756742212,-0.9909748194381094,24.343750244489847,-0.045721190946993874,0.0013865967467150452,0.01982118565843327,0.000997401999484282,1
3.290581226348877,0.033427655696868896,0.0576990507543087,0.22771574556827545,0.1071761255843489,0.056602413527258304,0.35530468822065975,0.01994164664075848,0.00930167214118427,-0.02521113628593108,0.045209165662527084,0.002241935348138213,-0.000823797250632197,-0.6988959753743379,-1.00111540043402,24.379314770316256,-0.03846614251914379,-0.017812452594213844,0.01940870781509057,0.0010119949947693385,1
3.3006112575531006,0.03446551784873009,0.05815613269805908,0.23098982870578766,0.10273684582527631,0.038015812150210423,0.3472688495934839,0.019788060863671575,0.009908334277125785,-0.02519077570617112,-0.02329537272453308,0.024927202612161636,0.0024528915528207987,-0.7259092293381372,-0.9983406004949783,24.419718446883948,-0.016901476987354214,-0.02811720378617258,0.018245185085948107,0.001108627999201417,1
3.310584306716919,0.035411536693573,0.05852019786834717,0.23414628207683563,0.09618754738273717,0.04239571724530699,0.3364618122312199,0.019656426349684786,0.010004495081785691,-0.025167877572134234,-0.018592797219753265,0.047464605420827866,0.003217696910724038,-0.7472435595001657,-0.997900634944039,24.47301697413377,-0.01545930988067062,-0.03645701815157432,0.017810506794343907,0.0010566810015006922,1
3.320592164993286,0.03637855499982834,0.05890372395515442,0.2372182160615921,0.1050098541576588,0.038157045158118,0.3287095129153102,0.019143745947333368,0.010457599328321798,-0.02522542321315635,-0.04708341881632805,0.06524825096130371,0.00012838933616875803,-0.7743068206686312,-0.9951487534815978,24.520201142249174,-0.006072280723542021,-0.04401529389853557,0.018694548792725835,0.0011248259979765862,1
3.3306117057800293,0.03820817917585373,0.05937110260128975,0.24305807054042816,0.08913793452867523,0.030207165698778,0.3067703842625901,0.018556443299890812,0.01136582734341518,-0.02499336241916339,-0.06741243600845337,0.05558979883790016,0.0082204146310687,-0.7900443318902708,-0.9854650668073868,24.613840624112523,0.0014530964710585204,-0.04254024658380688,0.016051671082723106,0.0023210100043797866,1
3.3408474922180176,0.03908427059650421,0.05958031490445137,0.24582667648792267,0.09933486598901403,0.020416015429457843,0.2975126206443048,0.01678468045779713,0.012770537531887616,-0.02494830464649933,-0.10616682469844818,0.08520133793354034,0.010461712256073941,-0.8136366851343956,-0.9704985754603908,24.682196980440708,0.016137308518511397,-0.05365168742431409,0.014797240344633613,0.0009074709960259497,1
3.3509342670440674,0.0399957075715065,0.059630028903484344,0.2485024780035019,0.09453460589900792,0.004366753772086056,0.28722357744725385,0.01678468045779713,0.012770537531887616,-0.02494830464649933,-0.10616682469844818,0.08520133793354034,0.010461712256073941,-0.8329903905696951,-0.9449358343225553,24.745097116602548,0.01728904765688806,-0.055017286515597195,0.014526532427896479,0.0022158589999889955,1
3.3605852127075195,0.040789030492305756,0.05966324359178543,0.25105711817741394,0.08326912710070948,0.017425381939825332,0.2734594642200642,0.015442126564384484,0.014773347758593847,-0.024570338995800967,-0.09858760237693787,0.09767188876867294,0.0208686739206314,-0.8498181862926236,-0.9226942293198719,24.77068829590533,0.017436988952271314,-0.05525051603632326,0.014479303809390597,0.0012824139994336292,1
3.3705828189849854,0.04159221798181534,0.05972118303179741,0.2535255551338196,0.09586031046566329,0.005092850023795319,0.2676688728701809,0.014121164325104019,0.015315528407962908,-0.024459941946544106,-0.12496710568666458,0.1459353268146515,0.008736602962017042,-0.8586562264334614,-0.9107006374532959,24.828004138495107,0.016957726730670742,-0.061169807701495535,0.010985502927723479,0.001168675000371877,1
3.3805882930755615,0.04241950437426567,0.05960122123360634,0.2559170424938202,0.0845184625146429,-0.010742726867020765,0.2555799781883654,0.012933270216937576,0.01706315329624486,-0.02456142423434038,-0.12552344799041748,0.13948604464530945,0.02021802403032778,-0.8786320683933874,-0.8921230637560738,24.869833588192826,0.026219652004714454,-0.07818744551059785,0.014195618879325302,0.0010666650050552562,1
3.3905820846557617,0.04241950437426567,0.05960122123360634,0.2559170424938202,0.0845184625146429,-0.010742726867020765,0.2555799781883654,0.012933270216937576,0.01706315329624486,-0.02456142423434038,-0.12552344799041748,0.13948604464530945,0.02021802403032778,-0.8900987461483278,-0.8631734051355727,24.927941337693746,0.02828862281910008,-0.08020899834779023,0.010986638407828445,0.000986578997981269,1
3.4005815982818604,0.04310767352581024,0.059457529336214066,0.258184015750885,0.07828948676916933,-0.0011990367162198064,0.24380482722760632,0.011941550259019884,0.018094186868373274,-0.0240472279347288,-0.10181599110364914,0.13879407942295074,0.011503042653202993,-0.8976275180084663,-0.8427813163717771,24.992064723538054,0.022580590702113247,-0.08132670452607063,0.013074920873759823,0.0010088529961649328,1
3.4105823040008545,0.043853629380464554,0.05930192023515701,0.26038679480552673,0.09280094514593329,-0.01744119276038586,0.24125902349694167,0.010259933615386352,0.01950504421101762,-0.02424190350956401,-0.11365912854671478,0.14063790440559387,0.009620469994842989,-0.9161016836681891,-0.8138764117738492,25.02563861264712,0.02701595406395029,-0.08435268727139691,0.014015676095041583,0.0010200239994446747,1
3.420584201812744,0.044613681733608246,0.05898430570960045,0.2625163793563843,0.07892043904575333,-0.022494131856463446,0.2256711124625145,0.009318041846438252,0.021200542745933415,-0.0237405455595896,-0.10177802294492722,0.14606140553951263,0.014511520043015463,-0.9257775436035217,-0.7830300547529475,25.092893517643503,0.024651451335473046,-0.0880350345580155,0.012425854492497664,0.0010099700011778623,1
3.430614948272705,0.04590817913413048,0.05832529440522194,0.2664772570133209,0.08130331376259882,-0.039210256599513674,0.21361362911008902,0.008226487397044568,0.02141318823421079,-0.023536317438860976,-0.10725080966949463,0.12535332143306732,0.012476147152483448,-0.9386768035705095,-0.7431076373107038,25.160943784216045,0.026636676431869077,-0.08244065879692533,0.01246928550443554,0.0009999160029110499,1
3.4406087398529053,0.04651623219251633,0.05785900726914406,0.26836174726486206,0.064447880153093,-0.033891182675283134,0.2010751513927732,0.006972158265911688,0.023451268868559527,-0.023336137933306134,-0.08487692475318909,0.11293640732765198,0.02120915241539477,-0.9403161371525162,-0.7100004099111326,25.23187517124236,0.021529785290647765,-0.07972045851343611,0.009686793682237557,0.0010059900014312007,1
3.4506077766418457,0.047069430351257324,0.057442713528871536,0.27015531063079834,0.0738445743340685,-0.040176179213175504,0.19591400030519593,0.005999775463382928,0.023747393932243455,-0.02294468761857038,-0.08965657651424408,0.08079970628023148,0.033470924943685525,-0.9488020446812302,-0.6764076159179148,25.27807708154057,0.023278855332338533,-0.0700262870181231,0.004775107057692132,0.0010018710017902777,1
3.4606070518493652,0.04770294949412346,0.05686988681554794,0.27191823720932007,0.07273373794794229,-0.059201471857841186,0.1885137555187391,0.004977846335740388,0.024710369628910822,-0.022929570976220504,-0.10703755915164948,0.06544562429189682,0.016272038221359246,-0.9573571115624846,-0.6333727128349845,25.321864753693216,0.029387480166659437,-0.06511796303643182,0.009434454126740651,0.001012203996651806,1
3.4706058502197266,0.04822901636362076,0.05626191198825836,0.2735714018344879,0.05961680468339028,-0.048053156946523415,0.17555156320270102,0.004418117157042989,0.025811654836296327,-0.02233975409863964,-0.0656837522983551,0.10288442671298981,0.030042067170143114,-0.9647462636632541,-0.5956298718891194,25.33971441441845,0.03016696604087007,-0.0644639764975118,0.010396237880032503,0.001208333000249695,1
3.480605363845825,0.04876890033483505,0.05567190796136856,0.27516648173332214,0.07238376904061301,-0.06126478700676016,0.17471897589301305,0.003654164673204008,0.025817681605269538,-0.02200907570538524,-0.06400842219591141,0.10336676239967346,0.03702234476804732,-0.9662484347717406,-0.5677507969799268,25.391826776264388,0.01840676623530659,-0.0769350237996068,0.006015475964533966,0.0012929570002597757,1
3.4906067848205566,0.04933663085103035,0.054932620376348495,0.2767026424407959,0.06136729586548695,-0.0684872270858798,0.1627783625080277,0.003079494962782814,0.027171668170389296,-0.021897578742231083,-0.07445067167282104,0.05549350380897523,0.03523378819227218,-0.9774771322555442,-0.5335965307350218,25.415261357191618,0.01687968900152055,-0.07929036662499371,0.0025191618652371326,0.0012333300037425943,1
3.500606060028076,0.04933663085103035,0.054932620376348495,0.2767026424407959,0.06136729586548695,-0.0684872270858798,0.1627783625080277,0.003079494962782814,0.027171668170389296,-0.021897578742231083,-0.07445067167282104,0.05549350380897523,0.03523378819227218,-0.9809148628183574,-0.4977956972072319,25.466028015231103,0.0202421807478419,-0.06595107417476755,0.002234604615406224,0.0010015220032073557,1
3.510605812072754,0.04980051517486572,0.05420980229973793,0.2781272530555725,0.0608480127196187,-0.06625167290082318,0.1553221641934036,0.002664838638913647,0.02769533172473926,-0.021332082986844192,-0.035283684730529785,0.07313676923513412,0.022948870435357083,-0.9863323207268063,-0.4655795646488784,25.51236259534506,0.00908043066066298,-0.07031132364802671,0.006105320334402611,0.0010107380003319122,1
3.5206081867218018,0.05032864958047867,0.053376246243715286,0.2795155942440033,0.06399107753373873,-0.08533541133115433,0.1514566687329051,0.0021145631327788017,0.028842460209091314,-0.02103801636334479,-0.03619952127337456,0.05119417235255242,0.046543650329113,-0.9945166124594982,-0.42291141888923345,25.544153104739696,0.00787382238680387,-0.06562891950634635,-0.0011727806599311236,0.0010605210045468993,1
3.5307207107543945,0.05076006427407265,0.052482884377241135,0.28081491589546204,0.048165932401623694,-0.07767108088429166,0.13881576054318803,0.001961801837079946,0.02928679668867895,-0.020475160251889335,-0.018004130572080612,0.03246492892503739,0.02978161163628101,-0.992550015263771,-0.38882019814464036,25.6010908425623,0.0024570125520553395,-0.059127664196923,0.0026787788984703785,0.0011838260033982806,1
3.540975570678711,0.051176734268665314,0.05161164328455925,0.28204798698425293,0.06137442616639784,-0.08790902813252319,0.13749407206168665,0.0018979394966187613,0.02944076501273063,-0.020359711305958594,-0.0011930929031223059,0.06508706510066986,0.025718808174133294,-1.0024670204665391,-0.3500642870512223,25.628312011932348,-0.003726439234302897,-0.0691493512425412,0.004680640288819938,0.0026410730060888454,1
3.5510427951812744,0.051638949662446976,0.0505949892103672,0.283240407705307,0.05109960214286798,-0.09727968276212548,0.12778364120996819,0.0017970015704733555,0.030572398194615324,-0.019893962544893284,-0.008327430114150047,0.0603746622800827,0.022609723731875413,-1.0066711366976386,-0.3081506644795997,25.672891383021597,-0.0025796623651970817,-0.07009989912156646,0.005764428309351075,0.0017662079990259372,1
3.5606226921081543,0.052418652921915054,0.04853392392396927,0.2854119539260864,0.05445416660434792,-0.1090703831657816,0.1188251746493118,0.0018941291131291393,0.030195050792436007,-0.019518958666746578,0.020043838769197464,0.033934634178876884,0.033755753189325326,-1.0141774562874977,-0.2588611257707292,25.721808833343623,-0.01186927056538569,-0.061625700949920995,0.002149820841538143,0.0008460290046059527,1
3.5705809593200684,0.05277872830629349,0.04739638417959213,0.28641319274902344,0.04202846442528402,-0.10153322670678666,0.10807359213060426,0.0022119120328918385,0.031221073318783876,-0.019158837105647475,0.0017456031637266278,0.026096457615494735,0.04374757409095764,-1.014602398223685,-0.2198066591762145,25.778978808144455,-0.007608076256579555,-0.05887244586320765,-0.002010824231762463,0.0010107380003319122,1
3.580604076385498,0.053500592708587646,0.04499736428260803,0.28827181458473206,0.041401155325099984,-0.11938328300122336,0.09864246093694745,0.002605016416596939,0.03135394788112,-0.01867916243173795,0.025329645723104477,-0.001720803440548475,0.03748970851302147,-1.01473381459627,-0.1855542612803045,25.802295894247035,-0.0070373022664352355,-0.0585093749764422,-0.002785058995344032,0.001260001998161897,1
3.611872673034668,0.0541345439851284,0.04248359054327011,0.2899895906448364,0.044237799973928,-0.13323046277073056,0.08782246691803684,0.003299721847266568,0.03140697599629805,-0.017750257599001618,0.03247591853141785,0.01619735546410084,0.041508689522743225,-1.0197249594395266,-0.13826887001056093,25.86506177317198,-0.01455861982197882,-0.05511382752986123,0.001382684918462898,0.0011129559934488498,1
3.621933937072754,0.0541345439851284,0.04248359054327011,0.2899895906448364,0.044237799973928,-0.13323046277073056,0.08782246691803684,0.003299721847266568,0.03140697599629805,-0.017750257599001618,0.03247591853141785,0.01619735546410084,0.041508689522743225,-1.0264245487135435,-0.08227171381476579,25.906931967409072,-0.020139146482772353,-0.055250974544823396,-0.0022490369267173225,0.0010315440013073385,1
3.631964921951294,0.05438850447535515,0.041168197989463806,0.2908064126968384,0.031214078900398023,-0.12275763604690461,0.07778622948797063,0.003423544737442885,0.03116719073987051,-0.0171952150495982,0.01085885614156723,0.002302795182913547,0.0440717376768589,-1.0241340858389179,-0.03937786870534239,25.958962102252627,-0.013948114595585419,-0.05013155497269778,-0.004043127886996932,0.001108627999201417,1
3.641965389251709,0.05465374514460564,0.03989582136273384,0.2916566729545593,0.041989106695666245,-0.1359714270907522,0.07937806822054468,0.003649787996717002,0.030797253918332324,-0.016997568657513895,0.02479277364909649,-0.047553867101669305,0.04656889662146569,-1.0274037806090652,0.01010229483184099,25.974411358824327,-0.018254447500525902,-0.03379368888849121,-0.00530384216613377,0.0010370599993621,1
3.6519577503204346,0.054926835000514984,0.03853655979037285,0.2925310432910919,0.029511636116795414,-0.1345523000124307,0.06799969070144872,0.004072204448818173,0.030996040128972613,-0.01636606226218218,0.028362298384308815,-0.009485461749136444,0.033533867448568344,-1.025801533370932,0.05522378171908388,26.020109774149628,-0.02039815996233407,-0.0432623502897828,-0.0016845597669066948,0.0010065489987027831,1
3.6619656085968018,0.05545461177825928,0.03584812954068184,0.29426679015159607,0.0302998366830598,-0.14679043006298034,0.06115865311582897,0.004108466030646518,0.030047328115711203,-0.016151590832786056,0.008889983408153057,-0.05585543438792228,0.03767255693674088,-1.0238548567658103,0.10650968689914897,26.06230694678256,-0.01516174953692197,-0.028873814708626405,-0.002405366668194027,0.00105325900221942,1
3.671967029571533,0.05563440918922424,0.03449619561433792,0.2951124310493469,0.02281440045640795,-0.1395532638271681,0.0552820860375864,0.0044719103913535285,0.029888669131937995,-0.015314204321978497,0.023967940360307693,-0.024711307138204568,0.05550243705511093,-1.0191839051420275,0.14952315782429348,26.09974935258889,-0.0194147396468183,-0.03617248864605167,-0.008915471021114011,0.0010152070026379079,1
3.6819658279418945,0.055862631648778915,0.03313027322292328,0.295960932970047,0.03106147419487715,-0.15252654257965714,0.05414510137909,0.004548882928098852,0.028770398459594837,-0.015174599475308082,0.003552439622581005,-0.040797300636768334,0.03499006852507592,-1.0195647591523287,0.19737472891917507,26.118794396059503,-0.01411195967987247,-0.03102788096535751,-0.003469556787075811,0.0011195199986104853,1
3.691970109939575,0.056048061698675156,0.03172034025192261,0.29678285121917725,0.01695053644567101,-0.14541910592752205,0.04630213593260902,0.0045365183588863545,0.02866647847526327,-0.014742769776369347,0.0038304519839584827,-0.06633076071739197,0.0429677926003933,-1.009942303837248,0.23574607746526705,26.153947263662406,-0.013241704258670932,-0.02170995995583947,-0.005125710935026428,0.001053329004207626,1
3.701998472213745,0.05622333660721779,0.03036787174642086,0.29758381843566895,0.02725726177404969,-0.1513650864521081,0.04736845936566651,0.004463459580184903,0.0273665815562949,-0.014298591353187007,-0.00993620976805687,-0.07808895409107208,0.04840932786464692,-1.00702311927048,0.2747184148761769,26.164426429046237,-0.009020518188566584,-0.016012762168235842,-0.0074430992291625656,0.001028054000926204,1
3.7119626998901367,0.056398626416921616,0.028924860060214996,0.2983761429786682,0.015168387285709335,-0.15786975627175082,0.03933672592482116,0.00424755362634377,0.027070320358256517,-0.01410900219599931,-0.02111371047794819,-0.08514342457056046,0.02632533945143224,-0.996882257934298,0.315034388841571,26.196701525845786,-0.004951596145016245,-0.011769052661109775,-0.0008852203361986097,0.001033849002851639,1
3.721959352493286,0.056398626416921616,0.028924860060214996,0.2983761429786682,0.015168387285709335,-0.15786975627175082,0.03933672592482116,0.00424755362634377,0.027070320358256517,-0.01410900219599931,-0.02111371047794819,-0.08514342457056046,0.02632533945143224,-0.9880358604256361,0.3512922145532895,26.209878835146764,-0.004308104921212206,-0.011093204464383258,0.00025580640327300995,0.001081397000234574,1
3.732102155685425,0.05668361857533455,0.026080939918756485,0.2998715341091156,0.015152043531604797,-0.16124731305369783,0.03350004544354485,0.00367597599672731,0.02479147523100078,-0.013456746086956795,-0.039434708654880524,-0.1008213609457016,0.03059163130819799,-0.9802320191278565,0.3830721089671357,26.215267315172724,-0.0041755591045995735,-0.011023411935803541,0.0004751148932760242,0.0015087760039023124,1
3.7422802448272705,0.056762222200632095,0.024670151993632317,0.30056312680244446,0.006963174684099043,-0.14999061824211884,0.026313230344679875,0.0032061197581159107,0.02349586416912608,-0.01312193567329345,-0.047253116965293884,-0.11097963154315948,0.013717421330511584,-0.9714391350071261,0.41593840117642433,26.23785396061123,0.0021332425870514635,-0.003167887851917118,-0.0012203170917227707,0.0033098939966293983,1
3.752039909362793,0.056762222200632095,0.024670151993632317,0.30056312680244446,0.006963174684099043,-0.14999061824211884,0.026313230344679875,0.0032061197581159107,0.02349586416912608,-0.01312193567329345,-0.047253116965293884,-0.11097963154315948,0.013717421330511584,-0.9569923588530027,0.4379568986661522,26.272337006365305,0.00647549022611116,0.0030616015588985713,0.003781102107862071,0.001645835000090301,1
3.7619528770446777,0.05695972964167595,0.021829752251505852,0.3018566966056824,0.008073721010227793,-0.15832421184203146,0.017442529993839086,0.0029644593584503554,0.022460143281617384,-0.01314106664962944,-0.026399163529276848,-0.11628394573926926,0.006160911638289704,-0.9452161893609872,0.46788299645899356,26.317092165042062,0.000582716302390574,0.006858850062500543,0.007095018513253023,0.0009381929994560778,1
3.7719459533691406,0.05703681707382202,0.020433243364095688,0.30242976546287537,0.009554309651109462,-0.1581343263482254,0.013821158524248752,0.001871659351075916,0.0205318251879838,-0.012763509825084896,-0.04295331612229347,-0.11387816071510315,0.010066327638924136,-0.9341495754444169,0.493758672203189,26.348275372075495,0.006414860966287833,0.00905285737373451,0.006375493829913724,0.0009333060006611049,1
3.7819314002990723,0.05706115812063217,0.018988221883773804,0.3029654622077942,-0.005323210401121118,-0.1637377589893196,0.005509122261244334,0.001871659351075916,0.0205318251879838,-0.012763509825084896,-0.04295331612229347,-0.11387816071510315,0.010066327638924136,-0.9148449805793899,0.5226884743015446,26.389986937321286,0.0069960280540073035,0.009910570413618681,0.006160158106192662,0.0010424369975226,1
3.791954278945923,0.0570315346121788,0.017559200525283813,0.30345630645751953,0.0010552865202928226,-0.15868608653601554,0.003509020877795299,0.0010661211867675213,0.018792508930873364,-0.012591350506752086,-0.045542486011981964,-0.13049252331256866,0.0037781463470310133,-0.8995301478450789,0.545154684900387,26.414259455923585,0.00915481141220509,0.017213605682137555,0.008089670585999909,0.000991327004157938,1
3.801967144012451,0.057035863399505615,0.01613977923989296,0.3039230704307556,-0.00315163664868666,-0.16309311985768252,-0.0010199529357884116,0.0004474365706252925,0.01779528455849322,-0.01274544148101997,-0.06573966890573502,-0.10801713168621063,0.0022098983172327414,-0.8861226123309179,0.5648691557034421,26.424177704676268,0.009463620462346809,0.01816553159903368,0.008463591544450323,0.001224043000547681,1
3.811957836151123,0.05700775980949402,0.014707832597196102,0.30432721972465515,-0.0024561885162424414,-0.16047690808587498,-0.008197152056796105,0.0004474365706252925,0.01779528455849322,-0.01274544148101997,-0.06573966890573502,-0.10801713168621063,0.0022098983172327414,-0.872899632220755,0.5846985488840986,26.469096382651554,0.016589484182291156,0.012724512800307675,0.009237301274437847,0.0009937710055964999,1
3.821938991546631,0.05700775980949402,0.014707832597196102,0.30432721972465515,-0.0024561885162424414,-0.16047690808587498,-0.008197152056796105,0.0004474365706252925,0.01779528455849322,-0.01274544148101997,-0.06573966890573502,-0.10801713168621063,0.0022098983172327414,-0.8611108070484851,0.6030427181336216,26.487450802044147,0.017510512996359053,0.011946873771947234,0.009279444610619473,0.0010343370013288222,1
3.831955909729004,0.056981250643730164,0.013300829567015171,0.30468204617500305,-0.0046475716424852495,-0.1609213501200559,-0.012340690005268244,-0.00067630718373346,0.015190892244748788,-0.012512151345804856,-0.07425616681575775,-0.1362828016281128,-0.0011888750595971775,-0.8446437156174009,0.6194369669652111,26.510052259580384,0.021765196553977788,0.024158590472436174,0.010215127260173349,0.00100319799821591,1
3.841966152191162,0.0568937212228775,0.011872843839228153,0.30497899651527405,-0.015615944008930795,-0.16184119878746286,-0.02056504968204019,-0.0017613938262015516,0.013124368826388899,-0.012510645787750185,-0.05499693751335144,-0.15956681966781616,0.00839891843497755,-0.8190164473017677,0.6358811461364745,26.54842966142385,0.017759689032064787,0.03622297585937387,0.007147342011971963,0.0010418780002510175,1
3.8519670963287354,0.05674705654382706,0.010455033741891384,0.3052249848842621,-0.016775839026191224,-0.1600198596719341,-0.023046581075776677,-0.0024550498142161814,0.011351780036408687,-0.012485899829392189,-0.0658864974975586,-0.1550375372171402,-0.007612157613038998,-0.7934873793609457,0.6492993222536875,26.573110152886976,0.021662989176738603,0.03874928187380634,0.011970044885931971,0.0010566109995124862,1
3.8619611263275146,0.05657828226685524,0.00905178114771843,0.3054349422454834,-0.020460955838061217,-0.1601073890891934,-0.026959236698778425,-0.0032612095770270244,0.010121325311120533,-0.012754896422581652,-0.0708993673324585,-0.15995249152183533,-0.01589563675224779,-0.7665137289584544,0.6615960200886614,26.59717386305498,0.02481667870414543,0.04234030598244489,0.01571414869933321,0.001139209998655133,1
3.871947765350342,0.05636802315711975,0.00763429282233119,0.30560073256492615,-0.023498045586699625,-0.16107580063037696,-0.03082783882184851,-0.0037062918562211777,0.00827440724788664,-0.012713214066789824,-0.057093456387519836,-0.17159783840179443,-0.00614360487088559,-0.737344390007282,0.6750039224304459,26.620776460700462,0.021477608560807653,0.048972139009507205,0.013085586423026875,0.0009756180006661452,1
3.88193941116333,0.05614509433507919,0.00624679634347558,0.3057359755039215,-0.02498298723126026,-0.15701508519918264,-0.03463290994187015,-0.004560239120046994,0.0066053694441468025,-0.012995220960017928,-0.06917206943035126,-0.17796634137630463,-0.02257988043129442,-0.7078644150128057,0.6837042005228383,26.64416050536618,0.026149217371112074,0.054067347657650755,0.018271850859911846,0.0010857259985641576,1
3.891942024230957,0.05562812462449074,0.003488623071461916,0.30589190125465393,-0.03585512190683422,-0.1526516526942091,-0.04164091870353697,-0.005226693992830711,0.004932555636189662,-0.013167438911771523,-0.06644918024539948,-0.166372150182724,-0.032675813883542994,-0.6718378815515189,0.6909803303673442,26.67838738797438,0.026986719195563277,0.05371415317691368,0.022600605349329533,0.0010496279937797226,1
3.901942014694214,0.055287931114435196,0.0021635813172906637,0.30591151118278503,-0.03678150850134705,-0.15599967539033413,-0.045571945595536296,-0.006176367509961089,0.0024117524867079965,-0.013676695330766986,-0.05898236483335495,-0.15692774951457977,-0.023488618433475474,-0.6358087071385566,0.7003363493307767,26.706476608633366,0.025895386251768522,0.05400254090030847,0.0206641577150655,0.001137184000981506,1
3.911947727203369,0.05491592362523079,0.0007865972584113479,0.30590125918388367,-0.04345019183103763,-0.15531581637362854,-0.04743335012721994,-0.006856908198533684,0.0008462673000986243,-0.0138174812428975,-0.07160184532403946,-0.16757330298423767,-0.03668850287795065,-0.5960268426556683,0.7082066687253178,26.724920130616677,0.0306156477610307,0.059614325607276905,0.02474697408232563,0.0010695980017771944,1
3.921954870223999,0.05450822040438652,-0.000504598137922585,0.30586186051368713,-0.04204312747734596,-0.14692199225956898,-0.04995916765214423,-0.007475900885838271,-0.0007524250870192262,-0.014232926438690452,-0.045430004596710205,-0.15726704895496368,-0.037263453006744364,-0.5598251869327895,0.7102648428979511,26.74126267897713,0.0239969754193156,0.05843366230701755,0.025653339073096294,0.0011659520023385994,1
3.932011842727661,0.054104749113321304,-0.0018331663450226188,0.30580461025238037,-0.04785945666332036,-0.15636016424638224,-0.05101994410419292,-0.008270696613114747,-0.0027840952254800655,-0.014747575071676344,-0.058340832591056824,-0.13276991248130798,-0.031501796096563325,-0.527870346844936,0.7128216663962512,26.747898691524448,0.023395762973049995,0.05887159850407034,0.02608300920190818,0.0015982170007191598,1
3.942187547683716,0.053610604256391525,-0.0031196861527860165,0.3057212233543396,-0.054906931110805975,-0.14096350961238693,-0.0543905085065138,-0.008737221333918743,-0.004459770141785668,-0.015168292430822294,-0.05207039788365364,-0.14817436039447784,-0.04182553291320799,-0.4842099069107503,0.7110640015142435,26.766745586413663,0.02707816544887134,0.06071525975261667,0.028058843722582275,0.0022687149976263754,1
3.9520812034606934,0.053610604256391525,-0.0031196861527860165,0.3057212233543396,-0.054906931110805975,-0.14096350961238693,-0.0543905085065138,-0.008737221333918743,-0.004459770141785668,-0.015168292430822294,-0.05207039788365364,-0.14817436039447784,-0.04182553291320799,-0.44571289356578875,0.7104065923555758,26.774344249814817,0.027721439734702466,0.061560051867611716,0.028565755589299958,0.001299170995480381,1
3.9619855880737305,0.053128860890865326,-0.0043851700611412525,0.3056364357471466,-0.05278230451820696,-0.15357574821655945,-0.05271171036929917,-0.009228070464790239,-0.005671329104504075,-0.015631354588077517,-0.040307141840457916,-0.13662342727184296,-0.0483298748731613,-0.41177427869746147,0.7204548720399921,26.77168915350099,0.024278274519740125,0.059458618822424945,0.031008108627195347,0.0010337089988752268,1
3.971968412399292,0.052584320306777954,-0.005681101232767105,0.30554869771003723,-0.06391606501165759,-0.14131028944658527,-0.05475779239271804,-0.009905428777668757,-0.006760541566898315,-0.01587108250581526,-0.04945557564496994,-0.12080636620521545,-0.03669646382331847,-0.3721112046623764,0.7206703786956586,26.777894054094705,0.02803991504954003,0.056034137421759285,0.0278959882350469,0.000991327004157938,1
3.9819650650024414,0.052032195031642914,-0.006896010134369135,0.3054766356945038,-0.05859968473570257,-0.1444650738596977,-0.050318132911052936,-0.010111308717847045,-0.008169627284441372,-0.016365729447313182,-0.03149813041090965,-0.13256311416625977,-0.04160399362444876,-0.3378911879928433,0.7255870079116292,26.765015159958086,0.02299692856402371,0.06076894233438651,0.029067692088603162,0.001017650996800512,1
3.991964340209961,0.050797611474990845,-0.009325267747044563,0.305410772562027,-0.0702933894562713,-0.1371144651614921,-0.04501277572677942,-0.01043507269388222,-0.009076185908338363,-0.01681594723063773,-0.04503734037280083,-0.10472393035888672,-0.05113236233592032,-0.2981855087718167,0.7271689125169031,26.741261057270375,0.027165612240497117,0.05424833726604324,0.032798550838792156,0.0009874169991235249,1
4.001974582672119,0.0501466765999794,-0.01050856988877058,0.30544763803482056,-0.07586578281772803,-0.1364114135410544,-0.040010612450440894,-0.011319845099616366,-0.010906080038546762,-0.017423822538849,-0.038609955459833145,-0.10530481487512589,-0.041318941861391054,-0.25593949970869884,0.7290514384534239,26.71428663820147,0.026783843240909908,0.05603030608671027,0.030556191608962845,0.0010088530034408905,1
4.011976957321167,0.04943082481622696,-0.011665917932987213,0.3055419623851776,-0.08061371001851356,-0.13224339483396064,-0.032878652205752104,-0.011552082134097308,-0.012017398521500411,-0.017814352544229806,-0.03066146746277809,-0.11576633155345917,-0.041152983903884874,-0.21288865451438455,0.7298592513496681,26.67834906906474,0.02460812677127383,0.061046794067153486,0.0302731641540618,0.0009985190044972114,1
4.021966457366943,0.04869464784860611,-0.012768926098942757,0.3057100772857666,-0.08192340316574287,-0.12734308819480578,-0.025739665996612364,-0.012213681406070265,-0.013068397156584144,-0.018359844645861934,-0.055797118693590164,-0.10418929904699326,-0.055797860026359544,-0.17328357138621311,0.7261492768368877,26.638980548822317,0.03282580991150254,0.058967099079862195,0.03524635281880724,0.0009869290006463416,1
4.031962633132935,0.04793146252632141,-0.013878014869987965,0.30594557523727417,-0.08657380963073612,-0.13025815768925994,-0.016965988976511658,-0.012609693344696637,-0.014129590784998314,-0.01876364671897468,-0.04128593951463699,-0.11042896658182144,-0.047257464379072175,-0.13318008731048117,0.7274314095573606,26.592160168714642,0.02973213329614173,0.062037506493766194,0.03354068701471289,0.0009902099991450086,1
4.041967153549194,0.047109853476285934,-0.014936369843780994,0.3062683045864105,-0.09041393549789978,-0.11735509334794493,-0.009017821400266336,-0.012907775529390708,-0.015118003649484901,-0.019157620152927546,-0.04948697239160538,-0.09562882781028748,-0.04809051379561423,-0.09752983243498567,0.7291429633865142,26.57295607425779,0.029525400082027375,0.06283856461154745,0.03342276697377255,0.001296029004151933,1
4.0519633293151855,0.047109853476285934,-0.014936369843780994,0.3062683045864105,-0.09041393549789978,-0.11735509334794493,-0.009017821400266336,-0.012907775529390708,-0.015118003649484901,-0.019157620152927546,-0.04948697239160538,-0.09562882781028748,-0.04809051379561423,-0.062378189639049265,0.7227192742225554,26.537235706676746,0.03279285624218063,0.05965509175779918,0.03395125346289569,0.0009932119937730022,1
4.061966180801392,0.046292733401060104,-0.015960225835442543,0.30667778849601746,-0.0905466827501383,-0.12470551559901218,0.001368554802001289,-0.013732885403046957,-0.016148355783320856,-0.01987044980409136,-0.0669606402516365,-0.09593060612678529,-0.05974141508340834,-0.030141451080319445,0.7227119161386045,26.486633841380836,0.03925413723869445,0.06054891235782161,0.03828660896135342,0.0010233059947495349,1
4.071965217590332,0.04539720341563225,-0.016976458951830864,0.3071608543395996,-0.10129059125076731,-0.11018716526172938,0.007145861152000169,-0.01458073352997502,-0.01728500230610308,-0.020427470147037052,-0.05689077079296112,-0.0668528825044632,-0.05069115757942199,0.006757479624863574,0.7137583830719971,26.445434396429395,0.03852653219065218,0.053364115784652146,0.03643556002770737,0.001009412997518666,1
4.081967353820801,0.04449038207530975,-0.01790129952132702,0.3077172040939331,-0.0950394795535348,-0.11477929343584917,0.01687078923179873,-0.015440143032137588,-0.018129470063588116,-0.021165744143984533,-0.08681800216436386,-0.07957591861486436,-0.06240777298808097,0.03639532590663046,0.7087837549766409,26.395054192153477,0.04847559900721853,0.057150451879769235,0.04036995269030446,0.0010146490021725185,1
4.091964960098267,0.04355231299996376,-0.01887085661292076,0.3083391487598419,-0.10733445759737043,-0.10803624961599383,0.020413022465477024,-0.016131222146199775,-0.01839476254082717,-0.02169031381550246,-0.06796945631504059,-0.03689962625503541,-0.06113442406058311,0.07050229884493603,0.7015481343485609,26.36151157770575,0.04501677610195115,0.04503394656243808,0.041014103461183865,0.000995657996099908,1
4.1019651889801025,0.041554827243089676,-0.020637230947613716,0.3097139894962311,-0.11094022577871458,-0.10465565286383345,0.03205545614618404,-0.016878536664235444,-0.019162018597178587,-0.02232145849189715,-0.07315290719270706,-0.04887285456061364,-0.0580238290131092,0.10591714237164619,0.6953152387762565,26.306927998544843,0.04701436923844142,0.04820476154108851,0.040401582262065444,0.0010124149994226173,1
4.111965894699097,0.04047905281186104,-0.02148432470858097,0.31045547127723694,-0.11508544556790838,-0.09741871778132312,0.03450472649187672,-0.01812959103123646,-0.019437256255514956,-0.02322632481043696,-0.08030938357114792,-0.038532320410013206,-0.06431709229946136,0.14103927029685925,0.6843854864923085,26.275983870449956,0.051346742033907225,0.04587719275196977,0.042904387330616994,0.0009937729992088862,1
4.121966123580933,0.039404839277267456,-0.022295765578746796,0.31122687458992004,-0.11464857345821945,-0.09540389436260503,0.038530729651950375,-0.01870390548383183,-0.019768901233037983,-0.02391487835545858,-0.05739894509315491,-0.013094976544380197,-0.06922032684087753,0.17172980846727556,0.6753625418915821,26.24877304343094,0.04553438240826258,0.03794890986987147,0.045388449932477,0.0010948749986710027,1
4.132189989089966,0.03828778117895126,-0.023100275546312332,0.3120105564594269,-0.12343097511965008,-0.09412510650191251,0.04003879048534943,-0.019404778813889134,-0.019677880840706763,-0.024539695348281487,-0.0729895606637001,-0.001965142088010914,-0.057373445481061935,0.20578186380349606,0.6664175332250897,26.232284912079933,0.050530941869459355,0.03359601805985228,0.04233067901206033,0.0018465050015947782,1
4.142279386520386,0.0370873361825943,-0.0238365288823843,0.3128023147583008,-0.1268826276721694,-0.08202124377529454,0.041342429796116374,-0.020046382777541005,-0.019784814419418595,-0.025041120540685302,-0.05540759116411209,0.010034062899649136,-0.06188945099711418,0.2357361838955593,0.6586009170053801,26.225435031862656,0.05115285339701177,0.032947558743734305,0.041746722573331396,0.001076301996363327,1
4.152206182479858,0.03590230643749237,-0.024546364322304726,0.31360992789268494,-0.12400972887107739,-0.08942779839422742,0.043283741840450356,-0.020917938764764887,-0.019594181546406464,-0.026265580593595406,-0.06188228353857994,0.011152744293212882,-0.07526413351297379,0.2636841363239757,0.6493147423511926,26.210888455002944,0.04944156209349677,0.02874258849762506,0.04800960486821014,0.0015241389992297627,1
4.162015676498413,0.03590230643749237,-0.024546364322304726,0.31360992789268494,-0.12400972887107739,-0.08942779839422742,0.043283741840450356,-0.020917938764764887,-0.019594181546406464,-0.026265580593595406,-0.06188228353857994,0.011152744293212882,-0.07526413351297379,0.28900434506772466,0.6416006936597376,26.204861167316622,0.04957328434774525,0.028073736006823308,0.049654553975530126,0.0008662079999339767,1
4.1721882820129395,0.03339121863245964,-0.025875695049762726,0.3151942789554596,-0.13055974282256422,-0.07453685938118783,0.042921632406778175,-0.021788033152913222,-0.01936450100259801,-0.027669574196705682,-0.04111076891422272,0.009341176599264136,-0.07496660947799683,0.3206812997423473,0.6273860525648088,26.206165145068308,0.0506684971308678,0.02369508046683839,0.04825272396360954,0.001209662004839629,1
4.181973457336426,0.03339121863245964,-0.025875695049762726,0.3151942789554596,-0.13055974282256422,-0.07453685938118783,0.042921632406778175,-0.021788033152913222,-0.01936450100259801,-0.027669574196705682,-0.04111076891422272,0.009341176599264136,-0.07496660947799683,0.3471060794117664,0.6137735320606179,26.203292910030374,0.04488134307021,0.027882670993845546,0.050382944843784146,0.0008472870031255297,1
4.191961288452148,0.0307600274682045,-0.027049116790294647,0.31671687960624695,-0.140353471316866,-0.06458777879575103,0.03939013915039769,-0.022397453157765312,-0.018616304615003187,-0.028401338267990184,-0.05612926557660103,0.010326310992240897,-0.07769894599914551,0.3804377313577067,0.594768443386526,26.213999452234866,0.0499682341879214,0.02761343423683157,0.052073133144298886,0.001005293997877743,1
4.201972007751465,0.029429666697978973,-0.02757502719759941,0.31744906306266785,-0.14199912589259486,-0.06413374756299708,0.03697193395452273,-0.0230448092542348,-0.018218562197588106,-0.02987557342446845,-0.021531997248530388,0.0318671129643917,-0.0784931480884552,0.4113290414954165,0.5792851861018091,26.226227153863498,0.04075200441794703,0.020333201179277553,0.05354387030709562,0.0010190479952143505,1
4.2119715213775635,0.028015803545713425,-0.028064876794815063,0.3181329667568207,-0.15142565979455275,-0.05807761814896472,0.0330605990335454,-0.02339967228462214,-0.01811035704192543,-0.030453979190576685,-0.03835610672831535,0.030497778207063668,-0.06974698603153229,0.44758233156932414,0.5605565259466011,26.244666647801303,0.045473481988858394,0.02001265184838033,0.051222843090576696,0.0010082259977934882,1
4.2219719886779785,0.02657277137041092,-0.028500976040959358,0.3187926113605499,-0.14808653307862443,-0.05333307725679185,0.032078843475826374,-0.02339967228462214,-0.01811035704192543,-0.030453979190576685,-0.03835610672831535,0.030497778207063668,-0.06974698603153229,0.4790653571211272,0.5413155365606005,26.255238923388415,0.046218470500212126,0.019826907202405732,0.05081395776818604,0.0010946649999823421,1
4.232063293457031,0.025151826441287994,-0.028924349695444107,0.31942418217658997,-0.15111750375318575,-0.05373295740280836,0.028642663657999657,-0.023752964805502597,-0.017740984698356943,-0.03156111678467255,-0.006105280015617609,0.029565477743744843,-0.059690307825803764,0.5106198892183416,0.5261168117574861,26.27099192681413,0.03676889539333267,0.019678767609225364,0.0481041601460008,0.000982602003205102,1
4.241972208023071,0.023652952164411545,-0.02932162582874298,0.3199933171272278,-0.15730510662488686,-0.04396827485071837,0.026081818985619492,-0.023766166623067075,-0.0174662773787162,-0.03205872805499288,-0.0134105384349823,0.03335516527295112,-0.06367547065019608,0.5437222899070364,0.5055538837607989,26.286033830869467,0.03818674396100745,0.018480547975763657,0.04893361407364674,0.0009880469951895066,1
4.252016067504883,0.022163646295666695,-0.029638171195983887,0.320535272359848,-0.15262377273457,-0.04200958422803451,0.024192251153511576,-0.02386359471897226,-0.01741112854191096,-0.03285877146347849,-0.004046776331961155,0.013330013491213315,-0.05856269598007202,0.5733267845825819,0.4869581579397815,26.298378055197773,0.035630789607931306,0.024208422735475108,0.048081750418638186,0.000990351996733807,1
4.261977672576904,0.02063434198498726,-0.02999645285308361,0.32101625204086304,-0.1647172421709598,-0.042039230284529557,0.020446110461661077,-0.023765061584910097,-0.017123681060341234,-0.03333346008135729,0.007901156321167946,0.018144117668271058,-0.06208394095301628,0.5991786639036074,0.4706849843404148,26.303305603349386,0.03527964639867838,0.024949357175844507,0.0479184324856612,0.001328218997514341,1
4.271968364715576,0.02063434198498726,-0.02999645285308361,0.32101625204086304,-0.1647172421709598,-0.042039230284529557,0.020446110461661077,-0.023765061584910097,-0.017123681060341234,-0.03333346008135729,0.007901156321167946,0.018144117668271058,-0.06208394095301628,0.6323250827535677,0.4574770218448449,26.31796070079953,0.03139782803656658,0.023602262119494163,0.04930156482342591,0.0010008239987655543,1
4.282240867614746,0.017498111352324486,-0.03054695762693882,0.3218371570110321,-0.16163513079015251,-0.03678488297914066,0.018383653651440336,-0.02359520927010683,-0.0166547370346688,-0.034795283512657704,0.01493905670940876,0.007581758778542272,-0.06211430951952934,0.6617677643634176,0.4362894075851891,26.330263606380118,0.034928306983298296,0.028994272965463,0.04675557675594183,0.0012262789969099686,1
4.2919652462005615,0.017498111352324486,-0.03054695762693882,0.3218371570110321,-0.16163513079015251,-0.03678488297914066,0.018383653651440336,-0.02359520927010683,-0.0166547370346688,-0.034795283512657704,0.01493905670940876,0.007581758778542272,-0.06211430951952934,0.6892346472207549,0.42485914165333116,26.335566623944473,0.029081331256793443,0.026711577641788827,0.04992182223701468,0.000995657996099908,1
4.301964044570923,0.015874706208705902,-0.030794618651270866,0.3221820890903473,-0.16743358972035177,-0.021385203877161977,0.014481015440383257,-0.023609359131410823,-0.016851189904891317,-0.0351792977497567,0.010873574763536453,0.019526127725839608,-0.05211755633354187,0.7201314184456761,0.4035803492535653,26.350994948211167,0.030217765302544736,0.02313768865459836,0.04743715133463371,0.0010117869969690219,1
4.311963081359863,0.014285755343735218,-0.03099171817302704,0.3225072920322418,-0.1617255361553133,-0.026381154534831704,0.017378145515184882,-0.023505532417861907,-0.016635576252757467,-0.035817465381894564,0.01012510433793068,-0.007573233917355544,-0.05874941125512123,0.7457742279326351,0.38937433600130367,26.34696725679261,0.03014269978849007,0.030647260030734494,0.04953995608365667,0.000983368998277001,1
4.321962356567383,0.010975331999361515,-0.031353313475847244,0.3230751156806946,-0.16656789189659577,-0.017519233236069263,0.01601509358715803,-0.023261959752185923,-0.016507050658084665,-0.036358011382664035,0.026865478605031967,0.021331099793314927,-0.0651530995965004,0.7749325699661298,0.3722967075901404,26.349611863850996,0.024965538949639213,0.022675425912520572,0.05229374172249024,0.0009893740061670542,1
4.331990003585815,0.009335340932011604,-0.03151197358965874,0.3233432471752167,-0.17188286785450219,-0.01365697802905912,0.014630099583985794,-0.02295318737790275,-0.016493986765300672,-0.037224550339332474,0.004669485613703728,0.025733364745974534,-0.050197843462228775,0.8065901067755604,0.3541781832117282,26.35540397362698,0.03090191456435594,0.020388962495558657,0.04842041664841965,0.0023523640047642402,1
4.342336893081665,0.00762667041271925,-0.031631745398044586,0.3235882520675659,-0.17503453793806995,-0.009214779877294578,0.015694731687377856,-0.0228304436148119,-0.016366690128062356,-0.037621320594362295,0.01529255323112011,0.01384692080318927,-0.05161232501268387,0.8392913594658307,0.33639450346837474,26.35364104621398,0.028289170510229014,0.023735711735251328,0.048407281142577654,0.0008553859952371567,1
4.352128267288208,0.005957738030701876,-0.03171273693442345,0.3238467872142792,-0.16904470326341617,-0.0061679064511733234,0.017055768384497842,-0.022535316271587558,-0.016392877317599197,-0.03818147724746224,0.018975744023919106,0.02017021179199218,-0.047373101115226746,0.8645143995518637,0.3193211433916024,26.347951487021476,0.026640199437196366,0.02199204908609614,0.0471140879512928,0.001056193999829702,1
4.362220525741577,0.004281039349734783,-0.0317976213991642,0.3241012394428253,-0.17529167238587293,-0.00693466447907005,0.018717391171347315,-0.022469854713348614,-0.016013214801828823,-0.03862195824892334,0.008194681257009506,0.024471508339047425,-0.046755801886320114,0.893556503832725,0.30520191594502716,26.339755909091373,0.029470237816491284,0.020192814331087335,0.047135096915191535,0.001170630996057298,1
4.372029542922974,0.0025735124945640564,-0.03183840215206146,0.3243710398674011,-0.1715405136421689,0.0029595569495996276,0.021388394365956864,-0.022252641122166406,-0.015856559645007984,-0.038851508138556756,0.027641549706459045,0.033297073096036904,-0.030740009620785717,0.9190608515108944,0.29284454787485065,26.33631264713294,0.02980591167016787,0.019894437435728003,0.04715911369777039,0.0013761870068265125,1
4.381958961486816,0.0009251553565263748,-0.031869035214185715,0.3246716558933258,-0.16910019522011985,-0.004236486261801333,0.026047072981213622,-0.022011570563315264,-0.015266990513217227,-0.03962958755685886,0.00309475464746356,0.0403556115925312,-0.04739965125918389,0.9404676013148501,0.276472634531923,26.32524660303713,0.023879843319866978,0.016749178331695928,0.04205957730239788,0.0013350619992706925,1
4.391973257064819,0.0009251553565263748,-0.031869035214185715,0.3246716558933258,-0.16910019522011985,-0.004236486261801333,0.026047072981213622,-0.022011570563315264,-0.015266990513217227,-0.03962958755685886,0.00309475464746356,0.0403556115925312,-0.04739965125918389,0.9580662654492442,0.26717669272159783,26.304658663916378,0.0300531494391,0.01334130233079599,0.04697896999258458,0.0010240049959975295,1
4.401947498321533,-0.000770299811847508,-0.03189554437994957,0.3249880373477936,-0.17503838241247943,0.008454657995412623,0.02699801143097204,-0.021760582612506685,-0.014984481043742726,-0.03980463682887336,0.015516730025410652,0.04601295292377472,-0.02265391871333123,0.9798211363424101,0.25119107346538794,26.29257074135068,0.027138947313501794,0.010941362921833878,0.03993703610024824,0.001014858004054986,1
4.411937713623047,-0.0024249046109616756,-0.031845346093177795,0.3253273367881775,-0.16557522118436116,0.005442208510822091,0.032727237666386126,-0.021731538806818662,-0.014406239671926446,-0.04031366466278641,0.0018713145982474089,0.04442603886127471,-0.03870572522282601,0.9931895884319172,0.23931670409371764,26.267717116000206,0.030744323638260213,0.010102363973458203,0.04414372745245417,0.00099656599923037,1
4.421940326690674,-0.005760637577623129,-0.0317571721971035,0.32604357600212097,-0.16434775292647813,0.012334235097384226,0.03600895401962031,-0.021720671463095087,-0.013528255404824385,-0.04050477413480236,-0.0024300385266542435,0.06058226153254508,-0.03827460855245591,1.0068100514849807,0.22425710220400305,26.246047326759577,0.03275383778613322,0.0038467064215121933,0.04490826974506216,0.0010337810017517768,1
4.431928396224976,-0.007381092291325331,-0.03171008080244064,0.32641878724098206,-0.1710233241252847,0.012851984420883884,0.03561815986520899,-0.021140114169067026,-0.01215748316825982,-0.04116639862074578,0.011291934177279472,0.08874925225973129,-0.030815402045845996,1.0230844087805206,0.2121309562854522,26.238647394936528,0.028026250851755086,-0.0073506446766293514,0.04304030571262801,0.001074276995495893,1
4.441951751708984,-0.009053923189640045,-0.031609807163476944,0.32676801085472107,-0.16765922306821343,0.01773660275169972,0.034973926786002876,-0.021140114169067026,-0.01215748316825982,-0.04116639862074578,0.011291934177279472,0.08874925225973129,-0.030815402045845996,1.0375441915722106,0.19771253398186886,26.2376684327796,0.02758192622154381,-0.008966808504238415,0.042667912659330676,0.001034758002788294,1
4.451949596405029,-0.010667799971997738,-0.03151369467377663,0.3271268308162689,-0.1670147478257896,0.016547849927729955,0.03605058773944953,-0.02107812475154791,-0.011270051256536906,-0.04157811897195485,0.014250379055738449,0.08856794238090515,-0.03534944728016855,1.0508623494572933,0.1862751858015793,26.233512987743456,0.02644073373508078,-0.010264467399883551,0.04432648026957955,0.0010566819983068854,1
4.461946725845337,-0.012323562987148762,-0.031403250992298126,0.3274633586406708,-0.168707027971588,0.019055089705306092,0.0337548998981751,-0.020708498105665107,-0.010303735777441148,-0.0419040179596446,0.038694415241479874,0.07357955724000931,-0.02430400997400285,1.0647817782136786,0.1756899623833826,26.239572953804817,0.018488797870984126,-0.006573325724165682,0.041135983191610846,0.0010310579964425415,1
4.471943140029907,-0.012323562987148762,-0.031403250992298126,0.3274633586406708,-0.168707027971588,0.019055089705306092,0.0337548998981751,-0.020708498105665107,-0.010303735777441148,-0.0419040179596446,0.038694415241479874,0.07357955724000931,-0.02430400997400285,1.07797852206216,0.16631178134607358,26.242023969435813,0.01729806444691169,-0.006472774584966402,0.04059229650448849,0.0010031990022980608,1
4.48194432258606,-0.015539734624326229,-0.03112507052719593,0.3281101882457733,-0.16705924268968403,0.021904534048866598,0.03148323662536852,-0.019906683378873247,-0.008133913856290587,-0.04240289376558959,0.04392670840024948,0.09052138775587082,-0.029980305582284938,1.0849735190772867,0.1555524559289698,26.240157970742974,0.021220644410149633,-0.011808497624018838,0.03943978525651499,0.001241429999936372,1
4.491947174072266,-0.015539734624326229,-0.03112507052719593,0.3281101882457733,-0.16705924268968403,0.021904534048866598,0.03148323662536852,-0.019906683378873247,-0.008133913856290587,-0.04240289376558959,0.04392670840024948,0.09052138775587082,-0.029980305582284938,1.0959062910476662,0.1473596621973631,26.250398867134827,0.015083989494880578,-0.01530932909536023,0.04245061000585707,0.0009991490005631931,1
4.501989364624023,-0.017159558832645416,-0.030968204140663147,0.328396737575531,-0.16243015227881813,0.02563065675999077,0.0304077304602407,-0.01941802862125286,-0.007448183457508861,-0.04270961176554655,0.03953777253627777,0.08362552523612976,-0.01974010467529298,1.104092035075746,0.13745220995314883,26.258274970247328,0.01517032783671279,-0.014664981457092333,0.03980426301467277,0.0011125399978482164,1
4.511946678161621,-0.017159558832645416,-0.030968204140663147,0.328396737575531,-0.16243015227881813,0.02563065675999077,0.0304077304602407,-0.01941802862125286,-0.007448183457508861,-0.04270961176554655,0.03953777253627777,0.08362552523612976,-0.01974010467529298,1.111251567382534,0.12880157594218897,26.26146637307049,0.015162933528381701,-0.014583559038723114,0.03930733515448781,0.0010091329968417995,1
4.521979808807373,-0.02029862441122532,-0.03063112311065197,0.32889944314956665,-0.16197772316883208,0.02741558335151755,0.026174720293571343,-0.018252144348386068,-0.005531484029312139,-0.04312171841395607,0.059287458658218384,0.10364257544279099,-0.03138367831707002,1.1185417155544997,0.12149862034801742,26.277791640412126,0.0076138355687319055,-0.023303712983434255,0.043271573881672735,0.0010066899994853884,1
4.531992673873901,-0.021839404478669167,-0.030415702611207962,0.32911744713783264,-0.15368862434223965,0.028572172785076493,0.02498148927209139,-0.017678035546456083,-0.0038380179648469515,-0.04350359111014246,0.032223496586084366,0.11196538060903549,-0.020822405815124526,1.1188911389962273,0.11309133555154775,26.28908876363348,0.01436391816487249,-0.02955299262077732,0.04067994854777556,0.0021856300008948892,1
4.542241811752319,-0.024891851469874382,-0.03004327043890953,0.3294832706451416,-0.15080927315113446,0.033639736352529044,0.02021504009201977,-0.017488822552416128,-0.0033243003742331467,-0.043527786214231146,0.054364558309316635,0.10663303732872009,-0.017305361106991782,1.1212268176304452,0.10251021549021808,26.310104628478086,0.00832345107656354,-0.029501637467248987,0.03921059319353997,0.000872910997713916,1
4.552290201187134,-0.02635284885764122,-0.029864365234971046,0.329630970954895,-0.1503739355455018,0.02541232380870263,0.019134927454115276,-0.016498956685664812,-0.0018575583833650988,-0.04399197740675653,0.05563654378056526,0.1088329330086708,-0.02784238010644914,1.1228168100247735,0.10016830044643257,26.32277198440578,0.005532849825804124,-0.032060384287773566,0.04261095499640096,0.0010832840052898973,1
4.5619728565216064,-0.027833854779601097,-0.029689578339457512,0.32975128293037415,-0.1488184481417756,0.03491519409286947,0.016118032840774104,-0.015979258289221754,-0.000612135434036265,-0.04421646809924562,0.04282231256365776,0.11630610376596451,-0.030156357213854804,1.1235910926769448,0.09089498208851722,26.338764193552997,0.008849448780886119,-0.03638855824061239,0.04404748422417473,0.0009523680055281147,1
4.572142124176025,-0.02923654019832611,-0.02951136790215969,0.3298579156398773,-0.14096786079225476,0.024736412002011942,0.016332583495275922,-0.015510741828281382,0.00041708329347667217,-0.04454474702491806,0.06264287978410721,0.1255340427160263,-0.01591776311397554,1.1185996381401022,0.09122148874581561,26.344803335718492,0.0021538376129484754,-0.04149550578922482,0.0399884627050833,0.0011177060005138628,1
4.581973552703857,-0.03064636141061783,-0.029366228729486465,0.3299400508403778,-0.14473095524403737,0.034082659048934566,0.011599267817227506,-0.014934006578940284,0.0019674510108766974,-0.04472880664469869,0.05693218857049942,0.12610192596912384,-0.03299508616328241,1.1142850848935588,0.09145340460099524,26.347255008461847,0.0012915038999090325,-0.042169712281200214,0.03918308188209096,0.0014182890008669347,1
4.591962814331055,-0.03064636141061783,-0.029366228729486465,0.3299400508403778,-0.14473095524403737,0.034082659048934566,0.011599267817227506,-0.014934006578940284,0.0019674510108766974,-0.04472880664469869,0.05693218857049942,0.12610192596912384,-0.03299508616328241,1.113418438612304,0.08506020631340949,26.365085141245764,0.0025483719184763677,-0.04429150109889358,0.044661321816927155,0.0009851149952737615,1
4.601970434188843,-0.03200044110417366,-0.029159974306821823,0.3300004303455353,-0.13216279431947173,0.029604361068977007,0.013014437633013604,-0.013881368185960419,0.0032902746229157565,-0.045275439240986426,0.06529702991247177,0.10193894058465958,-0.029056049883365645,1.1048851106774735,0.0839885158152513,26.367391110674433,-0.0014514604061121325,-0.03915014631330001,0.044835158816376355,0.0010209329993813299,1
4.611964702606201,-0.033317215740680695,-0.029017159715294838,0.3300546407699585,-0.1386928853670995,0.030684831707437105,0.00995365814130419,-0.013159394483219344,0.00481531886998221,-0.04532926929755865,0.062274448573589325,0.10937442630529404,-0.022242363542318358,1.101507906630521,0.08282578756699464,26.37947846863224,-0.0019011859775591362,-0.04252134518247208,0.042571448174971646,0.0009966350044123828,1
4.621971845626831,-0.03462105244398117,-0.02882060781121254,0.33007198572158813,-0.12581107012578527,0.03194497553262598,0.009510323419633182,-0.012618897653648098,0.005621816802989343,-0.045625778375216974,0.06934966892004013,0.12002179771661758,-0.020384473726153388,1.089658675832145,0.08132304951906291,26.386176132476358,-0.004781780892520361,-0.04779673694475138,0.04172512905738232,0.0010117170022567734,1
4.6319756507873535,-0.03711077943444252,-0.02851356938481331,0.3300528824329376,-0.12173803137793354,0.03367866990546025,0.0033217168300238406,-0.011561808275565522,0.00701128946595464,-0.04570136695270399,0.09693171828985214,0.09517896175384521,-0.008888663724064839,1.0789820581336915,0.08050196090567002,26.410433409435523,-0.015011181404629493,-0.04273761127921754,0.03799927210532146,0.0009941909956978634,1
4.641972064971924,-0.038250312209129333,-0.02836781181395054,0.3300243020057678,-0.11523202046964655,0.02648686674269001,0.004107039028224731,-0.010183951935312852,0.008184326442419287,-0.04582183334118861,0.07631125301122665,0.08932444453239441,-0.00450688647106291,1.0650354953103056,0.08538279630471417,26.41785764372825,-0.011995560365506032,-0.04190095319978953,0.03579025047098335,0.0010132530005648732,1
4.651983976364136,-0.03942453861236572,-0.028228357434272766,0.3299516439437866,-0.11904151713943033,0.03230820676832459,-0.0015398765564711276,-0.009320485214609153,0.009736777068104718,-0.045799542500847945,0.09556639194488525,0.11509973555803299,-0.004067374859005227,1.0537508174889483,0.08723895493184225,26.441230951657918,-0.018447299678915112,-0.05177568619343225,0.035196438917096305,0.0010227489983662963,1
4.6619720458984375,-0.04052097722887993,-0.02808700129389763,0.32987892627716064,-0.10584966823621048,0.026004991101094912,0.0017708398868779348,-0.008336864116588405,0.009960809890279698,-0.045810285626320724,0.1041145995259285,0.07958438247442245,-0.005698965862393389,1.0374395617771457,0.09464260386322873,26.438742511992707,-0.02348022609337489,-0.04266189401983318,0.03581396669301066,0.0010419500031275675,1
4.671964406967163,-0.04161258041858673,-0.027965769171714783,0.32979393005371094,-0.11469558621616396,0.03137583674409695,-0.0028675719770111254,-0.0073334730457492725,0.011052879059072929,-0.045822658033302766,0.0902409553527832,0.07837317138910294,0.005969944875687351,1.0293218771463066,0.09785096943365641,26.45425689971416,-0.020914272843323777,-0.04216400933229763,0.03195457986369822,0.001000684998871293,1
4.681979656219482,-0.04265754669904709,-0.027821723371744156,0.3296912908554077,-0.09702326346880369,0.027546432204093276,0.001510308893563069,-0.006174578209038106,0.011362597475445657,-0.04557483037701582,0.11546588689088821,0.0779222846031189,-0.003466040594503293,1.010144761961892,0.10568801304763986,26.445230450851643,-0.02956060564582947,-0.04276116203680247,0.034356517724925276,0.0009813439974095672,1
4.691967010498047,-0.04265754669904709,-0.027821723371744156,0.3296912908554077,-0.09702326346880369,0.027546432204093276,0.001510308893563069,-0.006174578209038106,0.011362597475445657,-0.04557483037701582,0.11546588689088821,0.0779222846031189,-0.003466040594503293,0.9939791060760478,0.11236666302702235,26.4415137803351,-0.031147683114279498,-0.04293268479571355,0.034665716225043976,0.0009941919997800142,1
4.701972723007202,-0.04361877962946892,-0.027727896347641945,0.32960718870162964,-0.10004913053610581,0.02690341910513672,-0.0005901089650526944,-0.004655024480361369,0.01228636427519092,-0.04563068891029065,0.09355583041906357,0.05283050239086151,0.003857783274725073,0.9830646598142065,0.11958276159926387,26.447298438845955,-0.02658187635966394,-0.03616835453675184,0.0324006098248551,0.0010042459980468266,1
4.711963415145874,-0.04457146301865578,-0.027607407420873642,0.3295109272003174,-0.08862598974859966,0.026078716254393272,-0.0013465246048708394,-0.003652191517204084,0.012335186567527856,-0.045385115283576916,0.11120288074016571,0.042740486562252045,0.019673468545079224,0.9668725916443084,0.12813559458169338,26.45211036532011,-0.0327956249084859,-0.032568875324753555,0.026694452198204523,0.0009941919997800142,1
4.721970558166504,-0.04543875902891159,-0.02753067947924137,0.3294391334056854,-0.0907386688137206,0.024613222848649342,0.0015551468545368361,-0.0024487132695134584,0.01311719273774159,-0.045281585704691096,0.10978295654058456,0.03691723570227623,0.017483942210674282,0.9547668295346851,0.1381710588545736,26.444074092884613,-0.03478795303347936,-0.031084468471216896,0.026240535396252405,0.0010027099997387268,1
4.7320027351379395,-0.047923848032951355,-0.027302836999297142,0.3292674720287323,-0.07362237574901775,0.024571908578906787,0.004180537053149128,-0.0002447724294252218,0.01357765312998982,-0.04474564268990511,0.09390699863433838,0.027509320527315143,0.019703462719917294,0.9357230303034098,0.150160483093784,26.426407287906283,-0.027197620528503805,-0.03387322215941633,0.029692377987264706,0.0037877590002608486,1
4.741992473602295,-0.047923848032951355,-0.027302836999297142,0.3292674720287323,-0.07362237574901775,0.024571908578906787,0.004180537053149128,-0.0002447724294252218,0.01357765312998982,-0.04474564268990511,0.09390699863433838,0.027509320527315143,0.019703462719917294,0.9186132279036748,0.15892022225724153,26.42429409293539,-0.03197778216988442,-0.02936704954691708,0.025814912636786203,0.0008764029989833944,1
4.7519690990448,-0.04858865216374397,-0.02726375125348568,0.3292562663555145,-0.0616455263675348,0.015242309533207708,0.009273866259502416,0.00047066028596143283,0.013290581606653085,-0.0444785000014587,0.07179924100637436,0.0055697802454233196,0.023850856348872185,0.8974037761177094,0.1726612300267358,26.405267889245536,-0.027010715801526503,-0.021826734807706024,0.023604655383517453,0.0011152629958814941,1
4.762035131454468,-0.049256470054388046,-0.027238573879003525,0.3292640149593353,-0.07129260143113762,0.0219406972456291,0.0060052378960103415,0.0011323394610185389,0.014009925512465493,-0.04418713459636514,0.06809147447347641,0.03850468993186951,0.02266852185130119,0.8839796712198893,0.1809558922382082,26.409466913594503,-0.025803444004884796,-0.031678662287526374,0.02325674506079231,0.0011893429982592352,1
4.771988391876221,-0.04988681897521019,-0.027208460494875908,0.3292788863182068,-0.055098678898849764,0.014635229531989731,0.012407494724883552,0.001882532728831432,0.013566536390231754,-0.04364801689160336,0.07033242285251617,0.0013787639327347335,0.0457414872944355,0.864236189480931,0.19381774156872905,26.388145605850504,-0.02759752004333371,-0.021287762036110987,0.015517089905020745,0.0009463640017202124,1
4.781965255737305,-0.05047396942973137,-0.02723187394440174,0.3293221592903137,-0.061267595676127,0.01446395107486677,0.010128657399761033,0.002363570179395147,0.013961477028478608,-0.043444359302697855,0.0496937520802021,-0.005921985022723671,0.02972625382244587,0.8516098200702196,0.20517248526465198,26.387442237947912,-0.022054942526563086,-0.01785437716678314,0.019122361535328654,0.0010228190003545024,1
4.792222738265991,-0.05101044103503227,-0.02726728841662407,0.3293728232383728,-0.0471094101108653,0.011840752474583868,0.013447009077996926,0.002363570179395147,0.013961477028478608,-0.043444359302697855,0.0496937520802021,-0.005921985022723671,0.02972625382244587,0.8309563385994329,0.21663113019465596,26.375442823114508,-0.021411697661210243,-0.01782583154328001,0.0197865494410147,0.000999497999146115,1
4.801970958709717,-0.05146874859929085,-0.02731785550713539,0.32944393157958984,-0.047695353537598614,0.010536501432140247,0.014810132885558576,0.0038363338011526693,0.014231818654723227,-0.04238889713778926,0.029841525480151176,0.011866752989590175,0.04982244595885277,0.8131536809927127,0.22673734626612177,26.370506762319778,-0.02130872929238323,-0.017787806601739644,0.019908170769795105,0.001211267001053784,1
4.811963081359863,-0.05146874859929085,-0.02731785550713539,0.32944393157958984,-0.047695353537598614,0.010536501432140247,0.014810132885558576,0.0038363338011526693,0.014231818654723227,-0.04238889713778926,0.029841525480151176,0.011866752989590175,0.04982244595885277,0.7975410596856102,0.23737192363453652,26.363892530811587,-0.017102339994066428,-0.023601708369652988,0.012743624559337445,0.0009932150060194544,1
4.8219640254974365,-0.051922742277383804,-0.02736440859735012,0.32951873540878296,-0.0396003312228028,0.010105373606311476,0.014889940720237544,0.004044031370490142,0.013980297329664104,-0.041866749049943586,0.028720997273921967,-0.00423480244353413,0.0470573790371418,0.7797886445286164,0.2470716400596359,26.360574275789673,-0.016468450363645887,-0.019276457482807634,0.012035470057876934,0.0010365029957029037,1
4.831954717636108,-0.052280884236097336,-0.02745206654071808,0.3296150863170624,-0.03441239146746191,0.004821849568428278,0.01626671107431306,0.0045046057731013,0.014359427093038502,-0.04152271516422035,0.03831350803375244,-0.0075641656294465,0.04798944294452667,0.760596955063091,0.2602898089199895,26.354331137488458,-0.020154796565458204,-0.018279492349005746,0.011404413213904134,0.0009968450031010434,1
4.8419411182403564,-0.05262833833694458,-0.02753245271742344,0.32970210909843445,-0.030350260349745067,0.009542915191241239,0.0164313447368426,0.0048279342475465725,0.01430179273038501,-0.040866682775122065,0.013825323432683945,0.014313831925392158,0.05418408289551735,0.7405427168508256,0.26767547039905515,26.35134858581712,-0.013238632308144841,-0.025011037744004226,0.008860177034985069,0.0010343390022171661,1
4.851945400238037,-0.053131524473428726,-0.027750596404075623,0.32988226413726807,-0.025023018882492226,0.006067840495526152,0.01493626744578164,0.004881281579235619,0.014441995806954377,-0.04051979083705026,0.013288011774420738,0.0029165013693273137,0.05518631637096405,0.7200258629520493,0.2769596789651379,26.355112134377816,-0.012363410483326934,-0.022702937990005306,0.007878919794572146,0.0009964950004359707,1
4.861943006515503,-0.053338441997766495,-0.02787630818784237,0.3299720585346222,-0.016867259479888833,-0.0012531125871272503,0.01788972880975412,0.005076007449454689,0.014306544193009252,-0.03961648340824775,0.0023842332884669304,-0.005272138398140662,0.05326380953192711,0.6970822932379407,0.28988369032748457,26.34611250927872,-0.009382257741215965,-0.019869708866170663,0.007823252548111509,0.0010391570031060837,1
4.871964693069458,-0.0535166896879673,-0.02806541696190834,0.3300692141056061,-0.019294848649304235,-0.0033176647254480694,0.014840067408605176,0.005076007449454689,0.014306544193009252,-0.03961648340824775,0.0023842332884669304,-0.005272138398140662,0.05326380953192711,0.6785563383497514,0.303179530536583,26.353025793729664,-0.009062323713702304,-0.019399189607618963,0.007809337678731698,0.0009856730030151084,1
4.881965160369873,-0.05367511510848999,-0.028233135119080544,0.3301531672477722,-0.009554597538168452,-0.003388971527025577,0.01596212947116531,0.005170621585798951,0.014470117217582956,-0.03839482478122758,0.0025134021416306496,-0.00265323719941079,0.050468333065509796,0.655381409625689,0.31485520659990723,26.351847802507145,-0.009152682508057142,-0.020671420166713497,0.008029193217011335,0.0010804920020746067,1
4.891968488693237,-0.05377310886979103,-0.02842303179204464,0.33025839924812317,-0.004606996663346337,-0.005643363562441462,0.014265974057569299,0.0049688967363428205,0.014816701934475596,-0.03811967784191905,-0.02730252780020237,0.0059600058011710704,0.05200592428445816,0.6305686333594406,0.3251456638799777,26.35736614998873,0.00021275961190740135,-0.0240001151241641,0.007524307495321236,0.0010055730017484166,1
4.901965379714966,-0.05383434519171715,-0.028606606647372246,0.33034515380859375,-0.0018588346425721313,-0.0048379334613894,0.0123576223853599,0.004669429183862039,0.014895928216490884,-0.037059894780785196,-0.005736621096730232,0.012128474190831193,0.06739857792854309,0.6065610391061974,0.3345880649418279,26.36620893617685,-0.004753680290477256,-0.026696276298050353,0.0016832716144089804,0.001028475002385676,1
4.911964178085327,-0.053866494446992874,-0.02880309894680977,0.33042478561401367,0.0021191770067718226,-0.008035812543305805,0.01209327670821814,0.0045507509240998445,0.015115371615531004,-0.036814285611723285,-0.01206032931804657,0.014448088593781001,0.06021260470151901,0.5855670879862289,0.3428161787742628,26.369760612214215,-0.005364475804384747,-0.027032614873637065,0.0005782851033394232,0.0012554650020319968,1
4.921972274780273,-0.053866494446992874,-0.02880309894680977,0.33042478561401367,0.0021191770067718226,-0.008035812543305805,0.01209327670821814,0.0045507509240998445,0.015115371615531004,-0.036814285611723285,-0.01206032931804657,0.014448088593781001,0.06021260470151901,0.5638755673799888,0.35205332825026936,26.372103153790178,-0.0034224210807030624,-0.02820996593475347,0.0025822332687948845,0.0010422289997222833,1
4.932077884674072,-0.053860343992710114,-0.029211509972810745,0.33054739236831665,0.011022048058199977,-0.009409669817864418,0.010736508279906232,0.003995817859276052,0.01541508394107316,-0.03542501426764799,-0.01784396357834339,0.009982444345951089,0.06545957922935486,0.5382276176663371,0.3603547053583254,26.37770118498986,-0.0007865688280448212,-0.027579364782413792,0.0006472781023865756,0.0028824510009144433,1
4.942239046096802,-0.053860343992710114,-0.029211509972810745,0.33054739236831665,0.011022048058199977,-0.009409669817864418,0.010736508279906232,0.003995817859276052,0.01541508394107316,-0.03542501426764799,-0.01784396357834339,0.009982444345951089,0.06545957922935486,0.5157359123514454,0.3678008330235511,26.379929101750168,-0.000337297943196055,-0.027531757592974656,9.072880629063657e-05,0.0008569919955334626,1
4.952251672744751,-0.05381610244512558,-0.02944139577448368,0.33060747385025024,0.012123997281042468,-0.013227346411369153,0.009131531200288296,0.003700067312087718,0.015607274550744954,-0.034724487747437305,-0.035570695996284485,0.021090876311063773,0.05803018435835838,0.49418138605731177,0.3761848937627431,26.386539154006158,0.005491494326860327,-0.03127900177114481,0.0020188811132898746,0.0011339050033711828,1
4.961976051330566,-0.05365429073572159,-0.029873371124267578,0.3307327628135681,0.020436834482734725,-0.015397767648315176,0.00926066836134426,0.0030894839972201993,0.015948322311068797,-0.03423369150287314,-0.040963731706142426,0.033932376652956016,0.0574808157980442,0.46811289239441256,0.38450314762875276,26.38882963013842,0.008655736346658036,-0.03651353423977619,0.0022917311893381116,0.0011439589943620376,1
4.971961498260498,-0.05354107916355133,-0.03011178970336914,0.33078455924987793,0.02094319649321008,-0.0125178620154212,0.007635786667156099,0.0024668174541049304,0.016389674605830518,-0.03335056018511562,-0.056567590683698654,0.03401175886392594,0.0548415184020996,0.44418808338216137,0.3885715300093047,26.395506754520866,0.014851567487489878,-0.03781051695017545,0.0026677690223628142,0.0011428419966250658,1
4.981945753097534,-0.05337296053767204,-0.03034253604710102,0.330844908952713,0.028069579988119972,-0.017178341716099325,0.008647242577078041,0.0016662776829332593,0.016707464846398068,-0.03303879112474872,-0.07690954953432083,0.038081947714090354,0.04358674585819244,0.41731071713474693,0.39374623766148625,26.39476961827568,0.022845208709641324,-0.039887568870941206,0.006237035132987824,0.0017105630031437613,1
4.992217540740967,-0.05318092182278633,-0.03060752898454666,0.33090004324913025,0.02955683505752072,-0.01597749631360905,0.009137201105075236,0.0011629123996161894,0.0173564363554064,-0.03240626077537323,-0.06009631231427193,0.05665423721075059,0.04764497280120849,0.39087385866383595,0.3979532124243643,26.392863471461297,0.019363860150054542,-0.04682325654742494,0.00529413802106461,0.0010133230025530793,1
5.0019612312316895,-0.05294957756996155,-0.030840683728456497,0.3309541642665863,0.03815338758462211,-0.016232961855753774,0.008527805059365182,0.0003298467971988295,0.017968826796503024,-0.03197768358400577,-0.08119209110736847,0.06258050352334976,0.04061199352145194,0.3601906590352906,0.3998837354723945,26.394319972249153,0.026576774075980258,-0.0507123527179091,0.007100819318207956,0.0010124849941348657,1
5.011964797973633,-0.05267699807882309,-0.03112669475376606,0.33101049065589905,0.035793878095060065,-0.020093135628044347,0.007283433286030126,-0.0005727859540889391,0.018726078287224723,-0.031546877049147604,-0.09356234967708588,0.07054845243692398,0.03239713236689567,0.33334185623475493,0.4016770746496612,26.394817310251934,0.027508054139624486,-0.051174865678173774,0.007441864258169068,0.0012345880022621714,1
5.021945238113403,-0.0524107925593853,-0.031354568898677826,0.3310592770576477,0.04213861373145318,-0.013316776730597571,0.007343491924835757,-0.0019387957485790253,0.019832795657874325,-0.030920685827568573,-0.0975240021944046,0.08543064445257187,0.02805514633655547,0.3028846881774277,0.39794991736652413,26.399702324854065,0.03520426688536718,-0.06048500778689401,0.01128613456777234,0.0010205150028923526,1
5.0319459438323975,-0.0524107925593853,-0.031354568898677826,0.3310592770576477,0.04213861373145318,-0.013316776730597571,0.007343491924835757,-0.0019387957485790253,0.019832795657874325,-0.030920685827568573,-0.0975240021944046,0.08543064445257187,0.02805514633655547,0.2761731905056663,0.3949615934724824,26.401560167089777,0.036773871535494454,-0.06215862054260336,0.011728396079063355,0.000985045000561513,1
5.04195237159729,-0.052083805203437805,-0.031612735241651535,0.3310973048210144,0.04460967707099917,-0.023790154555043946,0.005437347605299885,-0.003052461592274902,0.02088030447797573,-0.030379611645471538,-0.11208578944206238,0.09949880093336105,0.043611705303192125,0.2481366678214132,0.39800943812330214,26.409259855359874,0.04256276109169177,-0.06822213388757949,0.0064336535782634745,0.0010165349958697334,1
5.051943063735962,-0.05173031985759735,-0.03186074271798134,0.3311235010623932,0.05042669176991596,-0.015087234789977505,0.003581243099887027,-0.004110107424065923,0.021932193581972736,-0.03024505339349881,-0.10105637460947037,0.10726022720336914,0.037763446569442735,0.21722059312011385,0.39383816619277295,26.418931863474267,0.04161874982235037,-0.0730380998887778,0.007315213196273694,0.0009913989997585304,1
5.06194281578064,-0.0513031892478466,-0.032102588564157486,0.3311409652233124,0.05669579647994679,-0.025171164587850778,0.003785801469519403,-0.005247889544361062,0.023029213365715506,-0.02985755322622552,-0.12618140876293182,0.1164434477686882,0.021969655528664575,0.18310017838593712,0.394973504523235,26.42243056054292,0.05041041828888755,-0.07820399408184754,0.012333230678551462,0.001030498999170959,1
5.071943283081055,-0.05040349066257477,-0.03256181254982948,0.33115220069885254,0.06506015353466674,-0.02153507827873762,0.003015851671365941,-0.00646277397308781,0.024216853931071203,-0.029508727763499998,-0.1250535100698471,0.1309041529893875,0.0243615824729204,0.14381183318070834,0.39234645360547965,26.426649622641573,0.0529264529313415,-0.0852469224893873,0.012387492109910208,0.0010032000063802116,1
5.081961154937744,-0.049903709441423416,-0.03279959782958031,0.3311542570590973,0.06316708021351458,-0.014791524323037469,0.0011710140320110357,-0.008056922441961323,0.02617164475346989,-0.029171542607106193,-0.11141569167375565,0.1391373872756958,0.024950364604592306,0.10707822882803456,0.3840745844540941,26.435024049441846,0.05136302355638735,-0.09122200684275995,0.01204717444805836,0.0010557060013525188,1
5.091947317123413,-0.04935578256845474,-0.032982807606458664,0.3311390280723572,0.07413660727559997,-0.020027423544831655,0.0018938654125545602,-0.009599271320976488,0.027375313461236672,-0.02911487643332844,-0.1454278975725174,0.1373404562473297,0.010779208503663523,0.06488996201917699,0.37704968997029564,26.436119269776494,0.06353164352478999,-0.09339808523824716,0.01636269590695134,0.0010122080057044514,1
5.101963996887207,-0.04877080023288727,-0.03322935476899147,0.3311222493648529,0.07062499961695314,-0.017544739254241642,-0.00015213989901518928,-0.010805207491502156,0.029030266265116733,-0.028874663780285914,-0.1243816614151001,0.15702605247497559,0.02357524260878561,0.02627482146541594,0.3689207358807969,26.443852185519777,0.060230745471298114,-0.10183229912758254,0.013138124350575327,0.0011498259991640225,1
5.111947298049927,-0.04816548898816109,-0.03338545560836792,0.3310883045196533,0.08172225945220472,-0.013653593479195902,-0.0005812255413021217,-0.011943756044419551,0.030306073618662666,-0.02880280684568337,-0.1305013746023178,0.16557557880878448,0.009952889755368212,-0.01830152048252339,0.3571493015624579,26.448485546224997,0.0633524346010908,-0.1076901467589232,0.01682764447136846,0.0011120519993710332,1
5.121965169906616,-0.047492723912000656,-0.03359070420265198,0.3310624659061432,0.07865710546964824,-0.016940148909529308,-0.00139448711889243,-0.013548926280071427,0.032093798684126984,-0.028792575786656283,-0.14168331027030945,0.14780443906784058,0.009098092094063742,-0.05738649952232382,0.3467098835369678,26.453380244123295,0.06847963186838624,-0.10432563953257917,0.017640109800984287,0.0010618510059430264,1
5.132030010223389,-0.046807508915662766,-0.03372965380549431,0.33102235198020935,0.09027980262516007,-0.009950548758930089,-0.001126189876201885,-0.015546130382913415,0.03425376813683556,-0.028749900548246554,-0.1287831813097,0.14594823122024536,0.00133609527256338,-0.09203295194845407,0.3378049565076481,26.45512566258871,0.06979906896332805,-0.10456247996843698,0.01787791834410742,0.0023225539989653043,1
5.142053842544556,-0.04602666571736336,-0.03390630707144737,0.3309963047504425,0.09051059924422443,-0.01704339528403763,-0.00015096012878175298,-0.016932553658519645,0.036319704844642864,-0.028815266573937848,-0.15184582769870758,0.15352864563465118,-0.017512030899524706,-0.13420665078852884,0.322956696698737,26.45484697479504,0.06883455102977118,-0.10722401916768552,0.02050720082092974,0.0008816400004434399,1
5.1519389152526855,-0.04602666571736336,-0.03390630707144737,0.3309963047504425,0.09051059924422443,-0.01704339528403763,-0.00015096012878175298,-0.016932553658519645,0.036319704844642864,-0.028815266573937848,-0.15184582769870758,0.15352864563465118,-0.017512030899524706,-0.1754002495350736,0.312431090909061,26.45167269320535,0.07739881442182321,-0.11260676144165925,0.02709850727779671,0.0010994149997713976,1
5.161957025527954,-0.04525863379240036,-0.03401511535048485,0.3309560716152191,0.09567067771986168,-0.0037125186217616423,-0.00224872657170782,-0.01842514755022462,0.0375563755980437,-0.02897958997645178,-0.1329391896724701,0.1830938458442688,-0.007176144048571609,-0.219435932501655,0.2924591777765436,26.457560113785092,0.07510232738089105,-0.1243566415838097,0.025318047507153926,0.0011162419978063554,1
5.172103404998779,-0.04353684186935425,-0.034203264862298965,0.330872118473053,0.10367586462437547,0.0014558061738387002,-0.004933083147625628,-0.0197629136641293,0.03956828782131083,-0.02914794801680287,-0.14585769176483154,0.16149339079856873,-0.01988827995955946,-0.26815006788810286,0.268555282961002,26.46906606027375,0.08074599959256139,-0.12210260706485519,0.028914241546815204,0.0014247139988583513,1
5.181965351104736,-0.0425778329372406,-0.03426045551896095,0.3308253288269043,0.11181642853270564,-0.010459857505486076,-0.0016850918852327867,-0.022167219785850456,0.0419900583791355,-0.029749310879750634,-0.15499179065227509,0.16749651730060577,-0.036743223667144796,-0.32089321082908995,0.25293171027441297,26.462620227311817,0.08696459162795522,-0.12705843242397022,0.035516339175422504,0.001263776000996586,1
5.191958904266357,-0.041626669466495514,-0.034320127218961716,0.33076703548431396,0.1102471425921807,0.002459856721848927,-0.006399545161324374,-0.02326062907668147,0.04405502790337046,-0.02999218802762238,-0.1329556703567505,0.17306804656982422,-0.03886542096734049,-0.37129616393136433,0.22900456387829732,26.476067621002937,0.0828688585339856,-0.13209736485032902,0.03776001773347497,0.0012416419995133765,1
5.201965570449829,-0.04058097302913666,-0.03433476760983467,0.33070608973503113,0.12490103390569518,-0.005984117552228396,-0.0018985682857141863,-0.02490790160654699,0.04548802943753172,-0.030560515129181898,-0.14680008590221405,0.19468602538108826,-0.053254857659339926,-0.42909304097926465,0.21158817695023044,26.465754809349498,0.08843737711624318,-0.14184016133762287,0.04312537148414264,0.001038530004734639,1
5.211943626403809,-0.03951088711619377,-0.034358762204647064,0.33064454793930054,0.11990450320328047,0.006204651395050115,-0.0070232529466942115,-0.02490790160654699,0.04548802943753172,-0.030560515129181898,-0.14680008590221405,0.19468602538108826,-0.053254857659339926,-0.4787685022140128,0.18691545743735127,26.478832722681055,0.08960463954736839,-0.14295191266412421,0.044102802268480075,0.0010017340027843602,1
5.221945285797119,-0.038360461592674255,-0.03429868444800377,0.33057138323783875,0.13696900008631502,0.0024241558565388484,-0.003155281849004,-0.027511969428616112,0.049348183680048674,-0.03169585041233036,-0.11858314275741577,0.2053808867931366,-0.052689526230096845,-0.5405759214800007,0.16603609252621926,26.47031868230271,0.0842303184608519,-0.1520344192296685,0.044971989702680654,0.0010262409996357746,1
5.231945037841797,-0.0371730700135231,-0.034241899847984314,0.3305179476737976,0.12986846265864282,0.010413353024475871,-0.007837028729365971,-0.028767667580473777,0.051734448355329476,-0.032337186378097904,-0.12068073451519012,0.20095983147621155,-0.06990430504083636,-0.5946677935441125,0.1476635466664902,26.466271576391208,0.08348091005768332,-0.1531437146905882,0.0449694213750139,0.001248136002686806,1
5.241953134536743,-0.035936158150434494,-0.03411387652158737,0.33044520020484924,0.1480228900393324,0.007577211670936549,-0.004572506975015637,-0.030226692983992276,0.053852091070810015,-0.033506026218102836,-0.08793026208877563,0.1986742466688156,-0.07410094887018207,-0.6429521122192493,0.12318546705498178,26.48074603026756,0.08602648029484851,-0.1547270714533099,0.050912362488239264,0.00130273600370856,1
5.251947402954102,-0.034634821116924286,-0.03400946408510208,0.3304036557674408,0.14017470177066058,0.012781130561316328,-0.008575701075587824,-0.03124841571981829,0.05622486947931504,-0.03412336711148933,-0.1045273020863533,0.16754460334777832,-0.06332600861787797,-0.7014873458816522,0.10337358355200402,26.474377069021543,0.07794698236001554,-0.15759870806193116,0.05427615205129347,0.0012145509972469881,1
5.261963844299316,-0.034634821116924286,-0.03400946408510208,0.3304036557674408,0.14017470177066058,0.012781130561316328,-0.008575701075587824,-0.03124841571981829,0.05622486947931504,-0.03412336711148933,-0.1045273020863533,0.16754460334777832,-0.06332600861787797,-0.7519368504761611,0.07922726003653843,26.485423412952123,0.08356425479262822,-0.15098971240959358,0.0513997685761832,0.0010443249993841164,1
5.271944046020508,-0.031890109181404114,-0.03360620513558388,0.33032143115997314,0.15275265275014865,0.016610523129001627,-0.005907598887079492,-0.03225692078884457,0.057446151447030136,-0.0349876316900839,-0.08275353163480759,0.184275820851326,-0.08024090528488162,-0.8101808869676387,0.05462006653036002,26.479698217129013,0.07901625491612346,-0.1573521453642973,0.05716887734954438,0.001003618999675382,1
5.2819530963897705,-0.030478697270154953,-0.03332291170954704,0.3302719295024872,0.16366891562936745,0.02574350499517509,-0.0073941810831167345,-0.03352905994837707,0.06101445356401225,-0.03649213069873403,-0.05717143788933754,0.15848717093467712,-0.06529199331998826,-0.8747552496600293,0.024875678232622274,26.481349134799437,0.07244626710206815,-0.15515529569922518,0.05420164753992239,0.0010360870001022704,1
5.291944742202759,-0.028955094516277313,-0.033023085445165634,0.3302422761917114,0.16365994513044121,0.024185106167279136,-0.007781448292783868,-0.03352905994837707,0.06101445356401225,-0.03649213069873403,-0.05717143788933754,0.15848717093467712,-0.06529199331998826,-0.9335316954753846,-0.0006718194006090639,26.482626967426246,0.07150514196773444,-0.15476744088197375,0.05357448517628451,0.0009852559960563667,1
5.301943302154541,-0.027458112686872482,-0.03266912326216698,0.3301853537559509,0.1693817675173305,0.03194840915296979,-0.00958416756056695,-0.034225288787013586,0.06357723816182048,-0.03759572156800184,-0.027658775448799133,0.16986915469169617,-0.06956100463867189,-0.9955888945647416,-0.029317397549750136,26.48837622455421,0.06346130425616994,-0.1617860636055947,0.05564577182376537,0.0010351089949836023,1
5.311946153640747,-0.025844808667898178,-0.03232651948928833,0.3301490843296051,0.17356094717367726,0.025723078748152352,-0.00808061741139911,-0.034325652563798936,0.064626865469668,-0.03848553763238227,-0.02967468835413456,0.14924682676792145,-0.0644505023956299,-1.0549316305028968,-0.05061496512496999,26.48461901909586,0.06284498987917325,-0.15771993113602314,0.05471932281192551,0.0010008960016421042,1
5.321942329406738,-0.02425314299762249,-0.03193386644124985,0.3300861716270447,0.1758302301184568,0.039713534603568426,-0.013787489027376832,-0.0346184491083692,0.0660994192500457,-0.03907766580811067,-0.010439375415444374,0.10897564142942427,-0.057751726359128966,-1.1127518872846054,-0.08069265532458768,26.50168936198249,0.057692498526152936,-0.14655997538222543,0.05274572418921565,0.001043347998347599,1
5.3320629596710205,-0.02254318818449974,-0.031499773263931274,0.33002594113349915,0.1857565343300404,0.032120554707453466,-0.010437029170423127,-0.034705961955455056,0.06669486715032535,-0.039781866887918405,0.0072846258990466595,0.11337503045797347,-0.06011397391557695,-1.1715197465789071,-0.10082924299015986,26.49603915031959,0.05128903833631853,-0.14721633256753916,0.05327375421363952,0.0023288379961741157,1
5.342570781707764,-0.02083592303097248,-0.031053122133016586,0.32995522022247314,0.18282634019961228,0.04184544448456867,-0.013627422226571631,-0.034567696226315725,0.06811355052739865,-0.040680059997403095,0.0018292027525603771,0.09148279577493666,-0.05879858881235124,-1.2261922785004338,-0.12726197174633722,26.50393024309414,0.05236667689684711,-0.14240483896588335,0.053680927392217324,0.0010505390018806793,1
5.352171182632446,-0.019052451476454735,-0.030565675348043442,0.32987305521965027,0.19616058467083597,0.0373886816614731,-0.014787416251050223,-0.03444249851708392,0.06837309590201412,-0.04095022134057391,0.04032303765416145,0.04779370501637458,-0.048622984439134605,-1.2740318375244648,-0.15033962705779097,26.506539418897955,0.05245712820496074,-0.14165863287919309,0.05374195348558032,0.0014231089953682385,1
5.361948013305664,-0.019052451476454735,-0.030565675348043442,0.32987305521965027,0.19616058467083597,0.0373886816614731,-0.014787416251050223,-0.03444249851708392,0.06837309590201412,-0.04095022134057391,0.04032303765416145,0.04779370501637458,-0.048622984439134605,-1.3266603002433888,-0.16669189958088326,26.510340951579078,0.04009929463815147,-0.12873869106707592,0.05066668360153432,0.0009083120021387003,1
5.372044801712036,-0.015451938845217228,-0.029550325125455856,0.3296549618244171,0.20302736756877246,0.04253514010438525,-0.017539607198812594,-0.033307853022895184,0.06908713860495785,-0.042015539985885475,0.05772703140974045,0.015259642153978344,-0.030531644821166996,-1.367376650659848,-0.18565885785218583,26.528034061358277,0.03463958008779939,-0.11352045242090926,0.04795981474965179,0.0010705790045903996,1
5.381954669952393,-0.015451938845217228,-0.029550325125455856,0.3296549618244171,0.20302736756877246,0.04253514010438525,-0.017539607198812594,-0.033307853022895184,0.06908713860495785,-0.042015539985885475,0.05772703140974045,0.015259642153978344,-0.030531644821166996,-1.418665402063179,-0.20138188661658388,26.52705990091908,0.031053195720038014,-0.11589036879908839,0.04415289159631342,0.0011067460000049323,1
5.391988515853882,-0.011643767356872559,-0.028467128053307533,0.3294101357460022,0.2102752029711959,0.04849932233660668,-0.019916938601217182,-0.032445759130500296,0.06928536677967712,-0.042180675426512604,0.09255296736955643,-0.0336085818707943,-0.03201786801218986,-1.4725461105626065,-0.2189870847628087,26.533709175565683,0.018856987249379363,-0.1014592031715107,0.0441554152875061,0.0011533170036273077,1
5.401977777481079,-0.009675846435129642,-0.027910428121685982,0.329288125038147,0.2018293142055073,0.047831005638941805,-0.02336390432503294,-0.031011130310092838,0.06848487872637943,-0.042668850127548286,0.09964730590581894,-0.03869273513555527,-0.027831580489873883,-1.5165509234141143,-0.23301916388048918,26.548127007994694,0.013167674376444255,-0.09651824865274054,0.043014206338591716,0.0015323799962061457,1
5.4120213985443115,-0.007724918890744448,-0.02730489708483219,0.3291357457637787,0.21237809952971987,0.05155018950698377,-0.02372718828217139,-0.02970944905830164,0.06760531442734541,-0.04259688713529464,0.1337556093931198,-0.06764722615480423,-0.011781398206949225,-1.5625306949908149,-0.24573409508054173,26.55441126552977,0.0001791170104778559,-0.08604884632884108,0.03756483450899959,0.0010604540002532303,1
5.4219489097595215,-0.005714356899261475,-0.026741767302155495,0.32898494601249695,0.2067275643044587,0.04420161199821658,-0.025976355002881292,-0.0284116716553946,0.06678044596053434,-0.04266962991420975,0.14258362352848053,-0.0815095454454422,-0.0013318276032805343,-1.6008424598337339,-0.25054605591627344,26.56468389759424,-0.006267729281484798,-0.07900854170350105,0.03317055433950515,0.0010247050013276748,1
5.431957483291626,-0.0037332952488213778,-0.026128100231289864,0.3288046419620514,0.21148553490260363,0.05591332891879848,-0.027031414536676828,-0.026920366149808306,0.06569136545287035,-0.04241269303218509,0.14509770274162292,-0.11847183853387833,0.0005373196327127662,-1.6371752398262658,-0.2621455983913854,26.572131577447042,-0.009417059874539257,-0.0651967678648026,0.0317471683544451,0.0010157680007978342,1
5.441951274871826,-0.0016932429280132055,-0.025524336844682693,0.32862210273742676,0.21231415869109216,0.04633098117180042,-0.02851101909730839,-0.025040920298128544,0.06398053619660882,-0.04241927520876265,0.18627755343914032,-0.141525000333786,0.024199565872550028,-1.6697561088720225,-0.26189178804037366,26.580300426643554,-0.02557859856910897,-0.05398481725440764,0.0235330622441713,0.0010571719976724125,1
5.4519572257995605,0.00033161797909997404,-0.024911602959036827,0.32841020822525024,0.21518246827945883,0.055423210914309906,-0.03173580452502428,-0.02329264515825047,0.06274182623516644,-0.04195459265672152,0.18478068709373474,-0.15397480130195618,0.031864337623119375,-1.701722651286959,-0.26727571098978287,26.594720548449033,-0.0291580701121584,-0.04705010095266112,0.01938599268323247,0.001022331001877319,1
5.461959362030029,0.0024143920745700598,-0.02431379444897175,0.3281916677951813,0.21482576429195485,0.04444103678395113,-0.030299816420228706,-0.02130383396911739,0.06062143372583151,-0.04173684155966706,0.20100252330303192,-0.2004425823688507,0.031085662543773675,-1.7296770978463833,-0.27197138543874516,26.600381762418735,-0.029630483789498476,-0.04605932773340085,0.018545756327991523,0.0012937290011905134,1
5.471948146820068,0.0024143920745700598,-0.02431379444897175,0.3281916677951813,0.21482576429195485,0.04444103678395113,-0.030299816420228706,-0.02130383396911739,0.06062143372583151,-0.04173684155966706,0.20100252330303192,-0.2004425823688507,0.031085662543773675,-1.75116884216627,-0.2652767322727047,26.59819075917127,-0.03777980926375331,-0.02859955823279873,0.018677131869407726,0.0010034099977929145,1
5.481952428817749,0.004434305243194103,-0.023726439103484154,0.3279554545879364,0.21091642974565938,0.055262345397598646,-0.03335550487733579,-0.018035966923366065,0.05760638489555525,-0.04085564579151457,0.21866632997989655,-0.22624319791793823,0.045641977339983014,-1.7653700118918494,-0.26264238446625937,26.608668160461406,-0.048284448640372506,-0.014082627841157548,0.013379431692996095,0.0010240069968858734,1
5.491952419281006,0.006504496093839407,-0.02312171459197998,0.3277203142642975,0.21730595827044666,0.04514549298890805,-0.030677674354571985,-0.015980646703642964,0.05556598426395265,-0.0403854561476118,0.2213008999824524,-0.23781616985797882,0.05768042430281642,-1.7811374320382007,-0.25081674616745425,26.604018354253682,-0.05359495809634692,-0.006152124377970568,0.008146789629732656,0.0009772259945748374,1
5.501972913742065,0.010591353289783001,-0.021938063204288483,0.3272615075111389,0.21514695879641096,0.04464003728846635,-0.02961008740999131,-0.013466842156090841,0.05309171209778718,-0.03963225537236026,0.2472132295370102,-0.24680925905704498,0.05866613239049914,-1.7947213647729734,-0.2368706791362889,26.599092827741295,-0.06559054258445497,0.0009859025644940967,0.0062756352039544895,0.0010138139987247996,1
5.511973142623901,0.01262623444199562,-0.021387631073594093,0.3270496726036072,0.20973379908791354,0.04857306792108343,-0.030463890987171723,-0.009875081733328628,0.04932048878031692,-0.038562604523141975,0.23727846145629883,-0.25592485070228577,0.07358152419328692,-1.7999670604815141,-0.22344440226230064,26.601287335871064,-0.06867408433683163,0.0099007946234285,0.0007355581774631109,0.0010580800008028746,1
5.521975994110107,0.014685584232211113,-0.020820926874876022,0.32684776186943054,0.2167944312054934,0.04108397250235472,-0.02667339008910782,-0.007239820013048348,0.04616848597207346,-0.03776939710164129,0.2542870044708252,-0.2873559594154358,0.080479308962822,-1.8056277942085808,-0.2025048241168752,26.590046951100298,-0.07808490238044599,0.024727292841113174,-0.003029936818701669,0.0010071800061268732,1
5.5319905281066895,0.016706710681319237,-0.020313501358032227,0.32667964696884155,0.20422931016960802,0.04436662341529264,-0.02625173983465919,-0.004581840517168256,0.04376028052409886,-0.036913374269893495,0.2644185423851013,-0.29793819785118103,0.0848513171076775,-1.8004855903946702,-0.1826510657341921,26.585085747503733,-0.08581526360165459,0.03362247257044714,-0.005716851367427606,0.0011987719990429468,1
5.542312145233154,0.018695833161473274,-0.019767919555306435,0.32654067873954773,0.20972074568786755,0.04067506630867361,-0.018949164194392652,-0.0022497895496695897,0.040527947697022615,-0.03584134573237607,0.23761726915836334,-0.27338382601737976,0.09573628753423694,-1.79636260949478,-0.1609271937560075,26.55832870122282,-0.08068135685604644,0.029644473429189272,-0.009948681802379431,0.0010779790027299896,1
5.55218768119812,0.020676739513874054,-0.019298097118735313,0.3264729380607605,0.19926616547973375,0.0416317434733264,-0.01474107225997247,0.0016842559921648181,0.036600618388662465,-0.034245616253789635,0.25806331634521484,-0.2717580795288086,0.11018419265747073,-1.783117300112925,-0.13676472095640346,26.534276396612523,-0.09244304100987183,0.03542000175744115,-0.0170032600099578,0.0022155160040711053,1
5.561933994293213,0.020676739513874054,-0.019298097118735313,0.3264729380607605,0.19926616547973375,0.0416317434733264,-0.01474107225997247,0.0016842559921648181,0.036600618388662465,-0.034245616253789635,0.25806331634521484,-0.2717580795288086,0.11018419265747073,-1.7716996265725256,-0.11571661270058708,26.524422146098715,-0.0939140857837967,0.0361337771879564,-0.018137733945910194,0.0008521760028088465,1
5.571984529495239,0.024587668478488922,-0.018396375700831413,0.3264733850955963,0.19638209044225405,0.032101985141015935,-0.00790839635365879,0.006333808631663551,0.030788570314051356,-0.031967833227446896,0.23453326523303986,-0.29956987500190735,0.12421919405460362,-1.7534631435633998,-0.08600978402291684,26.498852826796785,-0.09170958397300595,0.050768792986605735,-0.02312721008377661,0.001171192001493182,1
5.582011461257935,0.024587668478488922,-0.018396375700831413,0.3264733850955963,0.19638209044225405,0.032101985141015935,-0.00790839635365879,0.006333808631663551,0.030788570314051356,-0.031967833227446896,0.23453326523303986,-0.29956987500190735,0.12421919405460362,-1.739062600696363,-0.06030056711138689,26.48828508822572,-0.09290321758556054,0.05441856782890355,-0.02512216507512188,0.0014977489990997128,1
5.591978311538696,0.026511266827583313,-0.01797649823129177,0.3265414834022522,0.19744068382531596,0.03266495106832171,-0.003202538359605529,0.00865187646488419,0.027635684940383598,-0.030773406262622593,0.22176729142665863,-0.29006460309028625,0.12257596105337147,-1.7253770413944678,-0.036436426908264964,26.468458929494346,-0.0919905086939271,0.055910835439231414,-0.025629408881077783,0.0010777700008475222,1
5.601944208145142,0.030197998508810997,-0.01729370281100273,0.326848566532135,0.1880851985144566,0.026731926189959967,0.0072580458251674095,0.01085461418538225,0.02498016920025936,-0.029451447230583128,0.20904779434204102,-0.2814713716506958,0.13236552476882937,-1.7072939706795076,-0.010324865109755204,26.42460584498157,-0.09094850396409919,0.056977139238033644,-0.029707648896966674,0.0010537520065554418,1
5.61194372177124,0.031993966549634933,-0.017019597813487053,0.32709094882011414,0.17580766975971826,0.017422933124200537,0.012954415748682592,0.01404379646124676,0.020347462569899832,-0.027564674540057954,0.2099275141954422,-0.29897141456604004,0.13429249823093417,-1.6782032268632878,0.022976126898337907,26.388648954226117,-0.09547529446662323,0.06897849132494335,-0.03213788958458823,0.0011176389962201938,1
5.621950149536133,0.033692557364702225,-0.016735317185521126,0.3273738920688629,0.17611813558027714,0.020236956996061133,0.018611380367403122,0.01572098953644563,0.017502081080896126,-0.026167072505928424,0.17824786901474,-0.28178489208221436,0.1394254565238953,-1.6521594200588727,0.04999649685240225,26.354754360321568,-0.08825611823241479,0.0687415325937251,-0.03498163515302498,0.0010160480014747009,1
5.63195276260376,0.03539317846298218,-0.016547512263059616,0.3277280926704407,0.16709268096044586,0.00747645431387744,0.0253504457398326,0.0173392428433794,0.014381938488127854,-0.0249265199504638,0.15568779408931732,-0.3093920946121216,0.13861371576786044,-1.619955298699445,0.08322007632346809,26.318561102751598,-0.08278456706399723,0.08159678688727545,-0.03583417471699623,0.0010013849969254807,1
5.641962766647339,0.03697732836008072,-0.016365207731723785,0.32812491059303284,0.1620140076498473,0.012731701451621833,0.029789831256844153,0.019144922687060806,0.011633653324572002,-0.0233306923479204,0.16745266318321228,-0.27423006296157837,0.15520361065864566,-1.5884848605663233,0.11092749223824161,26.288693289838722,-0.08790284162381203,0.0759866290099363,-0.042914388822199376,0.0010237969981972128,1
5.651950836181641,0.0385739728808403,-0.01626846194267273,0.3286016285419464,0.15842279792439617,-0.001359453417330736,0.039622213656908066,0.0205162484378536,0.008384179164992567,-0.022002345665811607,0.12555287778377533,-0.3107723295688629,0.15038013458251956,-1.5549154772459037,0.14383042862097065,26.243329871154305,-0.07765311818701413,0.09071910738753738,-0.0427292421328223,0.0010029910044977441,1
5.6619486808776855,0.04003360494971275,-0.01618502289056778,0.32912716269493103,0.1445429474437241,0.006265755828013808,0.042522180754073616,0.021653263776008735,0.005889286361125734,-0.02035279671495216,0.11932192742824554,-0.2727949023246765,0.1604559421539307,-1.5165211535839522,0.16836553669802964,26.21481154835819,-0.07563024834471709,0.08453254466863513,-0.04744470961189557,0.0010596159991109744,1
5.671949863433838,0.04003360494971275,-0.01618502289056778,0.32912716269493103,0.1445429474437241,0.006265755828013808,0.042522180754073616,0.021653263776008735,0.005889286361125734,-0.02035279671495216,0.11932192742824554,-0.2727949023246765,0.1604559421539307,-1.4828034240435137,0.18998472741494835,26.20305684472826,-0.0752924389719768,0.08366666839264647,-0.04831357595735639,0.0009988710007746704,1
5.681952714920044,0.041472531855106354,-0.01615958847105503,0.3297221064567566,0.14394511281783298,-0.009979783781116084,0.051674015786598027,0.02277872035577877,0.0023643168401918935,-0.018866914694664505,0.09624295681715012,-0.3090094029903412,0.17054362595081332,-1.4495064372732003,0.21973624575966355,26.167498388018213,-0.07002500537669015,0.09919544994058285,-0.052345736684644956,0.0010312680024071597,1
5.691946744918823,0.042800646275281906,-0.016186511144042015,0.33035722374916077,0.13035522398320942,-0.0021471562182481213,0.05389053004720378,0.023852775546018723,-0.0016289482749924922,-0.016344501876840223,0.07443719357252121,-0.27817416191101074,0.16372750699520114,-1.4097410417555873,0.24072941476431522,26.145806010087004,-0.06365086775690311,0.09724536954090934,-0.05246334676985613,0.001002361997961998,1
5.702019214630127,0.04409020021557808,-0.016238588839769363,0.3310496211051941,0.12850765885408735,-0.01745073861116358,0.06280075758320193,0.024616938334659277,-0.004650077637330163,-0.014836313341879848,0.060299117118120193,-0.28704744577407837,0.18088062107563022,-1.372269413418282,0.26940549978672834,26.10646956411981,-0.05990491095390333,0.10350342722369993,-0.059011423486123114,0.001154922996647656,1
5.711951017379761,0.04527406767010689,-0.016368044540286064,0.33178946375846863,0.11572071897965004,-0.011766323454173642,0.06436443338516082,0.025031891990412447,-0.007314965453483424,-0.013005443832724506,0.022094737738370895,-0.2672458589076996,0.1757478713989258,-1.3301710950637924,0.28966991673092535,26.08506490802244,-0.047847137561369185,0.10198208306400448,-0.05945109610037519,0.0010370640011387877,1
5.72194766998291,0.04747438803315163,-0.0167347714304924,0.3334248960018158,0.09848991031082141,-0.023789867910073183,0.07564348729306393,0.025128913844749245,-0.010069346638096999,-0.011440171323314985,0.01623460091650486,-0.28311392664909363,0.1739136576652527,-1.281390818350509,0.3151636465035777,26.03723569676365,-0.04491012791959437,0.11063537714620607,-0.06008100692934258,0.0011039529999834485,1
5.73195743560791,0.04843617230653763,-0.016968103125691414,0.33431461453437805,0.09586028743261596,-0.02952338777757593,0.08442733441400331,0.02515949851945054,-0.014311896674950475,-0.008687551615664368,-0.010480878874659538,-0.26159393787384033,0.183030441403389,-1.2359750581269555,0.34007962028755806,25.9875061515826,-0.0364403924672679,0.11037758930101318,-0.06464690812755222,0.0017065159991034307,1
5.742238998413086,0.04929301515221596,-0.017299985513091087,0.33527418971061707,0.07864875344995985,-0.03591877596824541,0.09002101421662301,0.02455852520867463,-0.016480193084485784,-0.006960872512637106,-0.04599243029952049,-0.23599980771541593,0.17935611307621005,-1.1847138576822847,0.3646379750937992,25.947249935195018,-0.02372732138969847,0.10559470000364103,-0.06523334901572388,0.0010285449970979244,1
5.75194239616394,0.050064243376255035,-0.017628619447350502,0.33629223704338074,0.07941139454369986,-0.036814664027828466,0.09743375340955684,0.02417775504652031,-0.01903305647213971,-0.0052788054790355865,-0.05176963284611702,-0.2526368200778961,0.17797778546810153,-1.1392691597189575,0.386111195468582,25.905497144271354,-0.01971190598091859,0.11324280376572814,-0.06611118070706343,0.0010041779969469644,1
5.762182950973511,0.050064243376255035,-0.017628619447350502,0.33629223704338074,0.06240599357085536,-0.04475881687327327,0.10327386673881499,0.02417775504652031,-0.01903305647213971,-0.0052788054790355865,-0.09078074246644974,-0.23133544623851773,0.17931622266769412,-1.088890775399375,0.4083495947032748,25.867206525055437,-0.007431033812238497,0.10810835294780065,-0.06646462274506254,0.001124410999182146,1
5.771950960159302,0.05134063959121704,-0.01844269409775734,0.3385295569896698,0.05711363213690033,-0.04245904869819331,0.10923554755175217,0.021559072835304782,-0.024913316806570496,-0.0009263269194867974,-0.10759881883859634,-0.22973591089248654,0.17732262611389163,-1.038855094494666,0.42466686400938647,25.8317872060124,0.0029695979691326587,0.11440744051694747,-0.06854851702194721,0.0010282669973094016,1
5.78194522857666,0.05188031494617462,-0.018893413245677948,0.339746356010437,0.04801328817238199,-0.047760475716001755,0.11827471854287912,0.02109879385961211,-0.02592180783943787,-0.00015891377287369224,-0.1230432540178299,-0.22934733331203458,0.17414151132106784,-0.9949438853541167,0.43918179344025227,25.81702643108896,0.0042707989954461475,0.11532580400618513,-0.06905769289883631,0.001125249000324402,1
5.7919933795928955,0.05188031494617462,-0.018893413245677948,0.339746356010437,0.04801328817238199,-0.047760475716001755,0.11827471854287912,0.02109879385961211,-0.02592180783943787,-0.00015891377287369224,-0.1230432540178299,-0.22934733331203458,0.17414151132106784,-0.9514117099759274,0.45432457898901557,25.77904736094769,0.009647571723758354,0.11668438902919828,-0.06847889505722482,0.00111002800258575,1
5.8020477294921875,0.0522717610001564,-0.019375044852495193,0.3410132825374603,0.03473911399632403,-0.05053131304994028,0.12236928194589453,0.018742523660834287,-0.028856751812520898,0.002421192998620647,-0.16309261322021484,-0.18708346784114835,0.16990953683853152,-0.9045278498441451,0.46697104227676706,25.748907938239075,0.025682626279982648,0.10770811478045905,-0.06815091836511562,0.0011320910052745603,1
5.811957359313965,0.05262190103530884,-0.019882338121533394,0.3423565924167633,0.033063787849518946,-0.052475415236114036,0.13073454797368433,0.017191276191021565,-0.030703103596684045,0.0038751868185973315,-0.15294715762138367,-0.19078145921230313,0.1606797128915787,-0.8627003608585697,0.4790883984333758,25.70748427335822,0.026593142044950637,0.10989590570037547,-0.06635225510438228,0.001034690001688432,1
5.821971893310547,0.05287562683224678,-0.020418575033545494,0.34376320242881775,0.019287930367181468,-0.05671872219878212,0.13637810941989376,0.01527104649553479,-0.03231630046360401,0.005503062037370388,-0.18908682465553284,-0.15719264745712277,0.15530543029308322,-0.8178047122447625,0.49055972679718324,25.67022528414594,0.040180792935392104,0.10204346004845453,-0.06483458822223016,0.001012765998893883,1
5.831963062286377,0.05312541499733925,-0.021555041894316673,0.3466997444629669,0.008110530251226015,-0.06237509119648614,0.14859421545190973,0.013298065107401058,-0.03396019812028994,0.006954338324338227,-0.19335351884365082,-0.14613474905490872,0.15267071127891543,-0.7725719371040318,0.5042856291486226,25.611643924907433,0.04556800098671008,0.09976352766418171,-0.064756553995067,0.001146335001976695,1
5.84196662902832,0.053125977516174316,-0.022189879789948463,0.3482287526130676,-0.010691178305523012,-0.059663605041740495,0.15072754019165366,0.010371718031906507,-0.035933278513180955,0.00910201131502264,-0.1922534853219986,-0.12398444116115569,0.14414198696613315,-0.7193885547754627,0.5138724846813844,25.57984798613264,0.04974655770931583,0.09562675248482998,-0.06316835544026041,0.0010390890020062216,1
5.851964473724365,0.05303720384836197,-0.022769326344132423,0.34976842999458313,-0.007450249108776626,-0.060136064904177416,0.15787535904775687,0.008159963722101704,-0.03717574764157794,0.01043621147630791,-0.2120397835969925,-0.12132558226585387,0.12108436226844789,-0.6758658047170301,0.5214059241015065,25.54188847862616,0.05917368990993656,0.0954588213255782,-0.05611167140060723,0.0009961480027413927,1
5.861966371536255,0.05293985828757286,-0.023435289040207863,0.3513643443584442,-0.021154100231185954,-0.06569649282874859,0.1619379520031506,0.006055603301840851,-0.03794422857732105,0.011500955454144535,-0.2014879584312439,-0.09758104383945464,0.1183380112051964,-0.6290236839749069,0.5323248122752422,25.511365570416235,0.05954042564229279,0.08943063834679017,-0.054470352899830696,0.0010542399977566674,1
5.871967554092407,0.052707307040691376,-0.024047112092375755,0.3529580235481262,-0.02650405547135417,-0.05710614115691915,0.16786901633287907,0.004061578952535783,-0.038568017030196966,0.012915966016833202,-0.2132638543844223,-0.033534098416566835,0.11568258702754974,-0.5872683032037513,0.5352000692266989,25.47709263623075,0.06600676406740545,0.06943631840870612,-0.05376003856856191,0.0010051560020656325,1
5.881985664367676,0.05247773975133896,-0.024685854092240334,0.35462111234664917,-0.03164037722031506,-0.0644960254880205,0.1754652707958617,0.0017233894691681684,-0.03922500137626539,0.013735382368279758,-0.22101469337940216,-0.05728036910295485,0.09958484768867494,-0.5502538542004033,0.5378187046191301,25.462956007763953,0.06693499623554942,0.06677717709144228,-0.05400951466329094,0.0013444199939840473,1
5.891978740692139,0.05212228745222092,-0.025307035073637962,0.3562965989112854,-0.0443761356529527,-0.0567614362305329,0.17836695886513448,-0.0014757651429344598,-0.03934529112619245,0.01534266900986303,-0.20718105137348175,-0.0236536394804716,0.08907750248908997,-0.5068536117684906,0.5392339823259341,25.41993574544351,0.07064944056793761,0.06459753284628848,-0.0461531068322206,0.001003759003651794,1
5.901972532272339,0.05173570290207863,-0.025911198928952217,0.3580237925052643,-0.045489087927988,-0.05887703970563496,0.18586981290413554,-0.0037679018260527997,-0.03898519431695968,0.016001695977956754,-0.22538556158542633,0.017896976321935664,0.07748326659202576,-0.4683218508634028,0.5409738267850911,25.40215000416889,0.07251741931447726,0.06439790471571719,-0.04531565082832055,0.0010166759966523387,1
5.911965370178223,0.05173570290207863,-0.025911198928952217,0.3580237925052643,-0.045489087927988,-0.05887703970563496,0.18586981290413554,-0.0037679018260527997,-0.03898519431695968,0.016001695977956754,-0.22538556158542633,0.017896976321935664,0.07748326659202576,-0.4366233577700307,0.5436331550954757,25.367931697213706,0.08106682268077736,0.05082718388900538,-0.041454835628248546,0.00101890999940224,1
5.921972036361694,0.050761666148900986,-0.02711821161210537,0.3615891635417938,-0.06247453737268443,-0.05194980278548416,0.19266948113124555,-0.0059328365179944775,-0.03857672206348184,0.01669406760382275,-0.211111381649971,0.046158809214830405,0.06232530623674392,-0.3979400710779667,0.5427177207448944,25.328552138580378,0.08061179266937975,0.04015839685499723,-0.036203416185781705,0.001013533998047933,1
5.9320008754730225,0.0502220019698143,-0.027679910883307457,0.3634081780910492,-0.06000647736542491,-0.05736505981104087,0.1978843657913127,-0.009053017791673224,-0.03757690406923775,0.017441790881203012,-0.21614103019237518,0.07136901468038559,0.05272324010729789,-0.36706727169944275,0.5459278821965262,25.293465273504943,0.08575046913052037,0.029435202989955625,-0.03254182000614168,0.0011780339991673827,1
5.942272663116455,0.04960007220506668,-0.02827269583940506,0.36523741483688354,-0.08071713205582323,-0.05036844678590818,0.19498772896798128,-0.012042369396341623,-0.0355059610711721,0.01827960102177384,-0.19060516357421875,0.15388453006744385,0.03831450268626211,-0.32708718322095043,0.5443294496278723,25.28710689909596,0.08246230617126496,0.0004398447514650898,-0.027179002055527545,0.0009898639982566237,1
5.951964616775513,0.048879750072956085,-0.02876836247742176,0.3670710623264313,-0.07562987565520135,-0.04837091630822225,0.20315772274026808,-0.012042369396341623,-0.0355059610711721,0.01827960102177384,-0.19060516357421875,0.15388453006744385,0.03831450268626211,-0.29617796373947675,0.542880468871245,25.255126061171527,0.08205015055567287,-0.003769379742035113,-0.026679261239722418,0.000981694996880833,1
5.96195912361145,0.04818034917116165,-0.029327524825930595,0.3689592182636261,-0.08797884042300819,-0.053392656020623,0.2036583868516431,-0.015124399028997537,-0.03347364210178938,0.018379611766695447,-0.20933853089809418,0.14371062815189362,0.017511729151010496,-0.2591782235085903,0.544512725505359,25.239720182114645,0.09139654139171327,-0.0032437461462448635,-0.02009565621825112,0.0010472580033820122,1
5.971957683563232,0.04737629368901253,-0.029838712885975838,0.37082162499427795,-0.08893639644858323,-0.0448934806835602,0.2059117106649079,-0.017042027840348695,-0.03163787603623147,0.018741776698298462,-0.17531022429466248,0.19632168114185333,0.014455139636993384,-0.22778179179127833,0.5417611868078366,25.223928096251747,0.08469287248603047,-0.021821645955847655,-0.01741351186750161,0.0010214939975412562,1
5.981950283050537,0.046588312834501266,-0.030326949432492256,0.3727405071258545,-0.09366934033366979,-0.045286759613223974,0.20996449875581252,-0.01869452945030492,-0.030025776107240887,0.018572416090008925,-0.17616313695907593,0.16762219369411469,0.004413566552102545,-0.19604453077020337,0.5399612375360707,25.203081288147086,0.08536941987520062,-0.016556176723104984,-0.014189323243544591,0.0011988410042249598,1
5.991942644119263,0.04571089148521423,-0.03079582378268242,0.3746575117111206,-0.10282637922716675,-0.04107752442991526,0.21219818294547263,-0.021400031858626267,-0.026862922229556663,0.01856258666319821,-0.18132010102272034,0.20406904816627502,-0.0027637719176709903,-0.16220618537505557,0.5359178226569015,25.185332741392745,0.09122421116671338,-0.031476832348684605,-0.010898516927983331,0.001008506995276548,1
6.00214695930481,0.04480170086026192,-0.03122510015964508,0.3766099214553833,-0.10520108863977358,-0.03678642171792461,0.21800133555593068,-0.022070264160892084,-0.025840030761511645,0.01842382979068491,-0.14384517073631287,0.2079455554485321,-0.012553815729916122,-0.1323112346468202,0.5323930167709126,25.178021977112866,0.09198526893310671,-0.033474054645823884,-0.010379818984580312,0.001413194004271645,1
6.011973142623901,0.04480170086026192,-0.03122510015964508,0.3766099214553833,-0.10520108863977358,-0.03678642171792461,0.21800133555593068,-0.022070264160892084,-0.025840030761511645,0.01842382979068491,-0.14384517073631287,0.2079455554485321,-0.012553815729916122,-0.10441736126152316,0.5288913109996025,25.153409456488777,0.0813400775095609,-0.036156309326546794,-0.006764280281481199,0.0010175839997828007,1
6.021975517272949,0.04387588053941727,-0.03161521628499031,0.378595769405365,-0.10878126352527712,-0.03646698571948675,0.22097150970155585,-0.02418112461495525,-0.022475096287881247,0.018030880345093703,-0.14676065742969513,0.21848398447036743,-0.029178462922573117,-0.07723401148537831,0.526051253089909,25.132232072420106,0.08342896602151695,-0.04381673766815404,-0.0006481983026502512,0.001017793001665268,1
6.031964063644409,0.04286870360374451,-0.0320003405213356,0.38060128688812256,-0.11927186711729862,-0.03147068979964879,0.22201476985147384,-0.025599321770911843,-0.020157323408563688,0.017761464173618347,-0.1297067403793335,0.22703619301319122,-0.03200430795550349,-0.04512082495081662,0.5210136385895263,25.118817281559775,0.08035044589389508,-0.04998010286172089,0.0016633627806519518,0.0009874910028884187,1
6.041963577270508,0.041841644793748856,-0.032300304621458054,0.38261881470680237,-0.11483092612808041,-0.027985485197432085,0.22602993247246062,-0.026743691693173588,-0.018164315340100323,0.01709486362336099,-0.11064615845680237,0.20804326236248016,-0.04928251728415492,-0.018695312336674926,0.5157986982592757,25.09840091548043,0.07548249804725408,-0.047471346492688804,0.008043131616528042,0.0009946819991455413,1
6.051964282989502,0.039731159806251526,-0.03291773423552513,0.386757493019104,-0.12433306138195788,-0.017858227583970397,0.23086710269411004,-0.027763408311111792,-0.015742669664364772,0.01654993625764245,-0.10583743453025818,0.21907062828540802,-0.05535089597105983,0.012994987865372742,0.5056164228409612,25.07107422452751,0.07492651652668675,-0.053170067396987986,0.011518047120059759,0.001164907997008413,1
6.06196403503418,0.03866737335920334,-0.03314545378088951,0.3888764977455139,-0.12369024011810252,-0.023129355104208063,0.23588410018633651,-0.028936566631261318,-0.012854798684040603,0.015509379097640164,-0.06186705082654953,0.21838003396987915,-0.06627147644758227,0.041424134362874496,0.5031825364225924,25.041267783502928,0.062427008590478374,-0.05726375896026717,0.01653828229625397,0.0010337120038457215,1
6.071964740753174,0.037522029131650925,-0.03336648643016815,0.39099058508872986,-0.13470019407564982,-0.013707607823725132,0.23137666281445415,-0.029484944136068503,-0.010128688625357984,0.014786229989350641,-0.06347976624965668,0.20577925443649292,-0.06640297174453738,0.07641606557044082,0.49339816293692795,25.04387034170564,0.06244817833159825,-0.05676802334605623,0.017611255918641724,0.0010041100031230599,1
6.081964492797852,0.03638306260108948,-0.03351789712905884,0.3930938243865967,-0.12589202831455834,-0.014003167581528506,0.23392592366327383,-0.030051305564468223,-0.008680940356296851,0.014034481779710006,-0.04667341709136963,0.19249549508094788,-0.08156988024711612,0.10255061800230664,0.4864796598578214,25.03503136798953,0.05786671880865249,-0.05457788639535732,0.023278753076306963,0.0010051569988718256,1
6.09196400642395,0.035246603190898895,-0.0336884930729866,0.39522087574005127,-0.13579362645524332,-0.012680333366062816,0.2340186833767055,-0.030173974214235955,-0.005332688008165665,0.012553425437209054,-0.01644247956573963,0.21105466783046722,-0.08979281783103946,0.1332815210517313,0.4807249552200051,25.029925611833352,0.048158456991865196,-0.06379365981400428,0.02797630530436827,0.0010039000044343993,1
6.10196328163147,0.03406086564064026,-0.03379373252391815,0.3973396420478821,-0.13096271454342356,-0.004402688295959314,0.23640814424048956,-0.030343137736285275,-0.0038475275742224646,0.01165498675253307,-0.015493021346628666,0.17873172461986542,-0.08613330870866778,0.15943327151499645,0.4703766297804919,25.018491670747228,0.047077035391661595,-0.05687704179744034,0.0279756128527723,0.0010091360018122941,1
6.111963748931885,0.03406086564064026,-0.03379373252391815,0.3973396420478821,-0.13096271454342356,-0.004402688295959314,0.23640814424048956,-0.030343137736285275,-0.0038475275742224646,0.01165498675253307,-0.015493021346628666,0.17873172461986542,-0.08613330870866778,0.18229491454716137,0.4612601724796774,25.013811672963158,0.04697554187093095,-0.055913849809354495,0.027959226966150344,0.001001176999125164,1
6.121964454650879,0.03406086564064026,-0.03379373252391815,0.3973396420478821,-0.13096271454342356,-0.004402688295959314,0.23640814424048956,-0.030343137736285275,-0.0038475275742224646,0.01165498675253307,-0.015493021346628666,0.17873172461986542,-0.08613330870866778,0.2023308771316538,0.4532625280809911,25.01188604141724,0.046974967658594095,-0.055764101433807646,0.027958199907518345,0.001047468998876866,1
6.132067680358887,0.03168974816799164,-0.03389173746109009,0.4016312062740326,-0.1387563198835154,0.0006584188885033059,0.23464442788382367,-0.030037501624448293,0.0001752274349859917,0.009553762325501314,0.01931062527000904,0.18640750646591187,-0.1034120246767998,0.22827073576005788,0.44379473579885886,25.015049220166826,0.036046857107760844,-0.06274819206693771,0.034950405032278024,0.0011688200029311702,1
6.14226770401001,0.029242634773254395,-0.033846523612737656,0.4059358239173889,-0.139512747499176,0.005283056502134292,0.2365674078550281,-0.029253804380977133,0.003578601568475115,0.007265324530988604,0.05310600623488426,0.16827818751335144,-0.10928043723106386,0.25365660873636947,0.4323167904790723,25.001429619880646,0.02820985503255165,-0.05932863281234095,0.03777900718378487,0.0032770929974503815,1
6.152262926101685,0.029242634773254395,-0.033846523612737656,0.4059358239173889,-0.139512747499176,0.005283056502134292,0.2365674078550281,-0.029253804380977133,0.003578601568475115,0.007265324530988604,0.05310600623488426,0.16827818751335144,-0.10928043723106386,0.27771951508050524,0.42359287476563573,25.001829206060286,0.022378770731637396,-0.061578719815739855,0.03989278334679597,0.0008208270010072738,1
6.162090539932251,0.0268348790705204,-0.0336662195622921,0.41023772954940796,-0.13651762889264552,0.014499403340500356,0.2365399599306169,-0.02872847211345997,0.005158687785191685,0.006132688109291795,0.05591696873307228,0.159961998462677,-0.10453138500452043,0.300196007596818,0.40929954399334567,24.99993915229033,0.020456747695557567,-0.06126249743397891,0.03932947356707756,0.0009999899993999861,1
6.1719441413879395,0.02568288892507553,-0.03354884311556816,0.41239723563194275,-0.13878267995244964,0.01448049425503385,0.23993022742480927,-0.027501861120907467,0.007398572639495171,0.004415595330927058,0.09837862849235535,0.14666450023651123,-0.11097170412540437,0.3237101625824893,0.398789457611086,24.985975529181392,0.005521603372506085,-0.059692081817096426,0.04247969704152866,0.000980928998615127,1
6.18195652961731,0.024531535804271698,-0.033330462872982025,0.41458576917648315,-0.1383965161962636,0.0266415092912995,0.24050503974294596,-0.026534488380360433,0.00879315887920784,0.003242511829996353,0.09227407723665237,0.13061553239822385,-0.11808277666568757,0.34615996907987157,0.38034137311575944,24.97713882178837,0.004746691334463505,-0.0560850802048235,0.04587030638346695,0.0010566849960014224,1
6.191951274871826,0.023433255031704903,-0.03309902548789978,0.41679319739341736,-0.13316549338180983,0.01837988440862122,0.24297751493553715,-0.02572628198969351,0.009987437834910295,0.001956472494549555,0.09557332843542099,0.11831779032945632,-0.11912547796964647,0.3641632104172178,0.37035358731524815,24.96387870809106,0.0023468583265816496,-0.05335968399328408,0.04759556956473604,0.000990913002169691,1
6.201955556869507,0.022341938689351082,-0.032854799181222916,0.41903963685035706,-0.13901860990400985,0.030626789194542453,0.24704793101361713,-0.024424234462999905,0.011367182737398007,0.0008626742104507201,0.12296424806118011,0.10121967643499373,-0.11773486435413362,0.38654225332422576,0.3540073291100549,24.942821672603102,-0.00763327041922298,-0.04909771759931848,0.048156673315661355,0.0010706500033847988,1
6.212002277374268,0.021316684782505035,-0.03252625837922096,0.4213435649871826,-0.12539276447175035,0.025946898996830736,0.25255909571523805,-0.022758066425343948,0.012621545748420004,-0.0011817095446962078,0.11115439236164093,0.09396203607320784,-0.12941189110279083,0.40608147257791344,0.33951427841920057,24.93427171556973,-0.008868504462659368,-0.04846244371101872,0.048131493831320524,0.0013710940038436092,1
6.2220470905303955,0.02032371796667576,-0.0322258360683918,0.42368677258491516,-0.13506101043177277,0.034445766808605775,0.2525347174060886,-0.021475244674569627,0.014065299593216896,-0.002238657541834499,0.12446725368499756,0.09570694714784621,-0.11365927010774614,0.42332826503625187,0.3241971813077351,24.909838775872952,-0.012472079721292849,-0.049434994366258755,0.04813585116082593,0.0011234349949518219,1
6.2319560050964355,0.019329078495502472,-0.03180471435189247,0.42605093121528625,-0.1242232468221134,0.039102610697427015,0.2562839687718377,-0.020227521485135735,0.014714495921260173,-0.0035816202782004147,0.1254352331161499,0.10409845411777495,-0.1321742832660675,0.4391074689507298,0.3105216461468846,24.898012441185887,-0.01346124755173984,-0.05015417616832553,0.04854279575054557,0.001210014997923281,1
6.241958379745483,0.019329078495502472,-0.03180471435189247,0.42605093121528625,-0.1242232468221134,0.039102610697427015,0.2562839687718377,-0.020227521485135735,0.014714495921260173,-0.0035816202782004147,0.1254352331161499,0.10409845411777495,-0.1321742832660675,0.44670849513135874,0.29512577056826966,24.87702617715386,-0.015274810656574217,-0.05393244118564137,0.05541536474751901,0.0010290360005456023,1
6.251953363418579,0.01751900650560856,-0.031023742631077766,0.43088972568511963,-0.12415403092135081,0.046247937288589745,0.2600547374012646,-0.020227521485135735,0.014714495921260173,-0.0035816202782004147,0.1254352331161499,0.10409845411777495,-0.1321742832660675,0.45632502530772145,0.27605680353087564,24.84907106113942,-0.015280324540383809,-0.054354146846249646,0.056736613067249884,0.0009889579960145056,1
6.261980056762695,0.016698041930794716,-0.03056734800338745,0.4333607852458954,-0.11311493724876068,0.037052006506249915,0.26368030928389596,-0.017200919939212245,0.0171039017086434,-0.0067061575736042656,0.12941204011440277,0.07656498253345488,-0.12569867074489594,0.4596609667255182,0.2654579010599807,24.821777728871623,-0.020559140728099334,-0.049138718053600344,0.0567794846064426,0.001073653002094943,1
6.271949529647827,0.015855787321925163,-0.03009978123009205,0.4358428716659546,-0.12343891655758711,0.05099451966575047,0.2616101206784099,-0.015951022349047772,0.01859892887306902,-0.007899665198904948,0.11733035743236542,0.11064083129167555,-0.12336577475070955,0.47007598894656005,0.24480583309427426,24.81520785933375,-0.018440046517210863,-0.060539005271240294,0.05640991925405446,0.0010337839994463138,1
6.281948089599609,0.01504509337246418,-0.029565874487161636,0.43834245204925537,-0.10766611188375069,0.04438041576949257,0.26679107560876414,-0.014873828834610414,0.018701035524423038,-0.009030372760564287,0.12944182753562927,0.09936740249395369,-0.13194026052951813,0.4701893012470954,0.2314565900285201,24.790950018687774,-0.02354421602690556,-0.059161792690695644,0.06004605427237378,0.0010431400005472824,1
6.29197096824646,0.014297273941338062,-0.029094358906149864,0.44087493419647217,-0.11329643342652768,0.04689658130102634,0.2647366824040007,-0.013547087725397144,0.01989643315549916,-0.010455308473773517,0.12902279198169708,0.09165444970130919,-0.1186206489801407,0.4756660253261812,0.21694601765229857,24.784699472766714,-0.025561489489643274,-0.057881399013676574,0.05715086635573019,0.0010072509976453148,1
6.302002906799316,0.01356689352542162,-0.028538154438138008,0.4434241056442261,-0.10058955106772463,0.05161284652709246,0.2681069672029154,-0.01260222460521554,0.020539370780897404,-0.011541492346912374,0.106547512114048,0.08618072420358656,-0.11351020634174348,0.4726756338537732,0.1997140039441646,24.76961784072072,-0.019448333811975325,-0.05689261672367026,0.0550680785694107,0.001078121000318788,1
6.311967849731445,0.012936902232468128,-0.028043629601597786,0.44601139426231384,-0.10075827648247086,0.04386867608163295,0.2693326772261164,-0.010869229543699177,0.021997627288239396,-0.01348390773222663,0.11719115078449249,0.07828865945339201,-0.12694917619228363,0.47258629668888846,0.18952596458561943,24.748177612595086,-0.024721533146201836,-0.056346949713080234,0.060684742843772774,0.001021914002194535,1
6.321955680847168,0.012251499108970165,-0.027485424652695656,0.44858261942863464,-0.10103362761517884,0.05887056909349989,0.2657471002003028,-0.010057500454795587,0.02202219910194403,-0.014450027519724795,0.09498383849859238,0.05167933553457259,-0.10406485199928284,0.47439033020304017,0.16801602560136292,24.74497971089463,-0.018991994515979334,-0.048043324282567176,0.05481702011158221,0.001060804002918303,1
6.332038879394531,0.012251499108970165,-0.027485424652695656,0.44858261942863464,-0.10103362761517884,0.05887056909349989,0.2657471002003028,-0.010057500454795587,0.02202219910194403,-0.014450027519724795,0.09498383849859238,0.05167933553457259,-0.10406485199928284,0.47588106746578834,0.14922405960698984,24.74368212255956,-0.01819646396043358,-0.046941231758248186,0.053658699409153396,0.00121573999786051,1
6.342211484909058,0.011108818463981152,-0.026368172839283943,0.45375385880470276,-0.09441455441099923,0.059343863340149176,0.2645152509499573,-0.007939985391150373,0.02349929544668372,-0.016791754658728397,0.10016370564699173,0.06369546055793761,-0.11353654414415361,0.47387413652066857,0.13108829624079713,24.737147499970845,-0.02176353429557862,-0.052327037801801896,0.05749300725693881,0.0010489359992789105,1
6.35217022895813,0.01058300118893385,-0.02577081322669983,0.4563491642475128,-0.08001838562059824,0.05011862544324463,0.2707940043241496,-0.007280419438764341,0.023607483026097498,-0.018072120361400046,0.07474885880947113,0.009270600043237195,-0.1160135343670845,0.47294386124027654,0.11492019232330301,24.72465214728935,-0.02266291353793464,-0.05329291060427602,0.05859381324999191,0.0031556030007777736,1
6.362062215805054,0.01058300118893385,-0.02577081322669983,0.4563491642475128,-0.08001838562059824,0.05011862544324463,0.2707940043241496,-0.007280419438764341,0.023607483026097498,-0.018072120361400046,0.07474885880947113,0.009270600043237195,-0.1160135343670845,0.4655829663007823,0.10581900848212047,24.686446001994145,-0.016086863712759757,-0.03696120566387792,0.060494048997104324,0.000834163001854904,1
6.372008323669434,0.010089019313454628,-0.025267060846090317,0.45897117257118225,-0.08971617334138467,0.049431901585890205,0.2662574649731263,-0.006389434887392742,0.024251618750490866,-0.01892663788310056,0.09375789761543274,0.04090517386794089,-0.10942013561725616,0.46541908134669513,0.09812638602520167,24.676385905973536,-0.022113981462543796,-0.045205659099142675,0.058980926637231534,0.0009857460026978515,1
6.381957530975342,0.009177972562611103,-0.02410857565701008,0.46426790952682495,-0.07326174398704142,0.048696142172635196,0.27488321089560286,-0.005559003423749598,0.023943617841185816,-0.02009413811660332,0.07910708338022232,0.011063127778470504,-0.10143958777189255,0.45788683974484734,0.08984407886288008,24.619951438957926,-0.019463337240916194,-0.03703451614155288,0.05689680691988206,0.0011896270007127896,1
6.391953468322754,0.0087639344856143,-0.023511584848165512,0.4669395387172699,-0.07238970735908355,0.06133641662584899,0.27431395643086126,-0.004503938328072277,0.024888169104661184,-0.02165618188116003,0.06385821849107742,-0.006032329984009279,-0.10501202195882797,0.45247642264889454,0.07193117469970056,24.587940313968353,-0.015206481556275755,-0.031797999105894446,0.05851643237480867,0.00101821400312474,1
6.401956081390381,0.008434925228357315,-0.022929590195417404,0.46965935826301575,-0.0652826124936509,0.04826948808129821,0.2779631615593924,-0.0038762376334418036,0.024523621722298383,-0.022761610629912887,0.07517999410629272,0.0012979509774595386,-0.09284914284944534,0.4434004164726353,0.06499282853558164,24.550899919094274,-0.019355492538680817,-0.03318565127283583,0.055438016136025746,0.0010585009949863888,1
6.411964178085327,0.008084374479949474,-0.02237439900636673,0.4723660945892334,-0.06898510364149112,0.05847633655735271,0.2739477159206995,-0.0029818800705880832,0.02458616107668421,-0.02392721621223881,0.0591835118830204,-0.0028307072352618083,-0.08353498578071594,0.43868582634235587,0.04998503780034094,24.53868285162472,-0.015684884098211588,-0.03208874851649018,0.05249387067359303,0.0010994859985657968,1
6.421977758407593,0.007795661687850952,-0.021761272102594376,0.47508445382118225,-0.057144461975376905,0.05385882805720612,0.2800690235258932,-0.0024700347024273483,0.024193514619652134,-0.025080173820502427,0.06452953070402145,-0.03590258955955507,-0.09529098123311996,0.4286130135462057,0.03925017002752819,24.50070001774292,-0.017635891034220474,-0.021475530952895353,0.056496487617234116,0.0011683999982778914,1
6.43195104598999,0.007795661687850952,-0.021761272102594376,0.47508445382118225,-0.057144461975376905,0.05385882805720612,0.2800690235258932,-0.0024700347024273483,0.024193514619652134,-0.025080173820502427,0.06452953070402145,-0.03590258955955507,-0.09529098123311996,0.41954202927710826,0.029814209953490947,24.485200434013088,-0.017831396608017247,-0.020065192695469074,0.057198952708230784,0.0010198890013271011,1
6.44196081161499,0.007537316996604204,-0.02122955210506916,0.4778226912021637,-0.06180283715261013,0.05107226615267634,0.2774255575130495,-0.0018724033757360203,0.024326275806239472,-0.025719292015437212,0.0538935586810112,-0.020711908116936694,-0.08000202476978302,0.4148651116602544,0.022307272818320262,24.477051458876748,-0.015388412490029108,-0.024673191060471986,0.052675793530326205,0.001176917998236604,1
6.4522340297698975,0.00712249893695116,-0.020086266100406647,0.4833144545555115,-0.047806635314360926,0.04713135215768061,0.2801345288989086,-0.0007930670361977477,0.023513313112069945,-0.027351885049253788,0.06357324868440628,-0.0466536469757557,-0.07780078798532486,0.40566071168502127,0.009000993339426281,24.453742782515654,-0.015215425669765683,-0.011672847773861239,0.048808834429138075,0.004328262999479193,1
6.462292909622192,0.00712249893695116,-0.020086266100406647,0.4833144545555115,-0.047806635314360926,0.04713135215768061,0.2801345288989086,-0.0007930670361977477,0.023513313112069945,-0.027351885049253788,0.06357324868440628,-0.0466536469757557,-0.07780078798532486,0.39474743764681985,0.004937973953499842,24.431734064840715,-0.01945274172831958,-0.0149281674105206,0.051288183074085066,0.0009858159974101,1
6.471940040588379,0.006819530855864286,-0.01893826574087143,0.4888322949409485,-0.03897377792312718,0.0473068655268121,0.2838309705829588,-0.0004245168756109585,0.022664239365050687,-0.027897929742206173,0.04079590365290642,-0.04407158866524697,-0.05691410228610038,0.3801494715632091,-0.0013887400806973744,24.386987406824296,-0.013418855512683757,-0.015390010449761926,0.045316270767301194,0.002712093999434728,1
6.482034683227539,0.0067222146317362785,-0.018442902714014053,0.49162474274635315,-0.04256148910733944,0.049039222425569136,0.28109315049028577,0.000207165962633038,0.021952075409265248,-0.028931084659927997,0.05357683077454567,-0.0804865285754204,-0.06653901934623717,0.3707153996566602,-0.008692811803235573,24.366472030802534,-0.01731808029434668,-0.003184397209891686,0.0479237531620508,0.0008444260020041838,1
6.491945743560791,0.006652404088526964,-0.017860600724816322,0.49442175030708313,-0.03281515454243268,0.053843598820743375,0.282500356444472,0.0006039270903661631,0.020970423300836316,-0.029541814283718715,0.039056405425071716,-0.0810210555791855,-0.06439746916294097,0.3555258087865253,-0.020244982773035443,24.34150189009026,-0.013596076133150708,-0.0004733244760337274,0.04806957957411709,0.0010643650020938367,1
6.502159833908081,0.006601704750210047,-0.017373645678162575,0.49725255370140076,-0.03427058758556704,0.042726360322541054,0.28410235054228605,0.0008456588141005916,0.02031877048743924,-0.030086863835477207,0.035538505762815475,-0.05465227738022805,-0.05211412534117698,0.3424259004332594,-0.023275201920074883,24.314189668144962,-0.012686393095762444,-0.007521727362945008,0.04434179819436169,0.0025200140007655136,1
6.511936664581299,0.006528792902827263,-0.016864007338881493,0.5000671744346619,-0.031438473422899335,0.055244434634949435,0.2823379337954074,0.0013497882360802294,0.01967370984870387,-0.030600492495021392,0.03578515350818634,-0.08089650422334672,-0.05818868055939674,0.3298376526507531,-0.03596907681653501,24.29736022371304,-0.012847054449624428,0.0003679987008185087,0.04594991010959149,0.0008062339984462596,1
6.52195143699646,0.0064903851598501205,-0.016353292390704155,0.5029089450836182,-0.024018064015414984,0.04227779060810531,0.28333079815800283,0.001625844266725629,0.01846085966716071,-0.031412071809323816,0.020038163289427757,-0.08614202588796616,-0.04800504073500632,0.31298315628269097,-0.039335561322740416,24.27511538806524,-0.008759542178790394,0.004284736384424454,0.043418707517817776,0.0010212859997409396,1
6.532360315322876,0.006429763976484537,-0.015921691432595253,0.5057610273361206,-0.029321479894301533,0.04642608391429203,0.2804439664451852,0.0018534219622550197,0.01828283231748129,-0.031575945544097817,0.03722511976957321,-0.07609889656305313,-0.04799069836735725,0.3013598083565449,-0.0450318480978617,24.27536346877426,-0.013571955803587839,0.0019267778291972688,0.04286927959268111,0.002749309001956135,1
6.542550325393677,0.0063596987165510654,-0.0154222147539258,0.5086039304733276,-0.01999566107866803,0.04746345802139581,0.2813555598500028,0.0022597228940077763,0.01666677835449626,-0.03227123249790731,0.02689896896481514,-0.07525646686553955,-0.04189702868461608,0.28433577681714084,-0.05264996220377172,24.24949952301988,-0.011542791684401223,0.00309082185498051,0.041303991454721564,0.0008244580021710135,1
6.552189350128174,0.0063367560505867004,-0.015025772154331207,0.5114384889602661,-0.020247174137230522,0.03469133003535835,0.2790241837694902,0.0024779142702842094,0.016159543476468308,-0.03262424038192435,0.01105220802128315,-0.08115905523300171,-0.03997870907187461,0.2688634016204849,-0.05099306978080947,24.246126046404605,-0.006990513534077945,0.005437848024733237,0.04047765244929306,0.0009766000002855435,1
6.5619590282440186,0.0063367560505867004,-0.015025772154331207,0.5114384889602661,-0.020247174137230522,0.03469133003535835,0.2790241837694902,0.0024779142702842094,0.016159543476468308,-0.03262424038192435,0.01105220802128315,-0.08115905523300171,-0.03997870907187461,0.255582646775859,-0.049790557779279807,24.233930331599982,-0.006495779054311712,0.005942977037099961,0.04042106081824364,0.0010078099949168973,1
6.571961164474487,0.006269038189202547,-0.014607612043619156,0.514251172542572,-0.02086075738341491,0.04946902393042719,0.27342411877891853,0.0028080210488070634,0.015110865454788236,-0.03293182162902353,0.04205438122153282,-0.09905584156513214,-0.03548572584986685,0.24436648663453617,-0.059186421908272197,24.2368305391359,-0.015949142216454364,0.012826393629634789,0.039035041538962104,0.0008095859957393259,1
6.581960678100586,0.006225927267223597,-0.013822292909026146,0.5197708010673523,-0.018004405797036074,0.04146884751103646,0.2647452950787426,0.0031009596682847196,0.01430214574064026,-0.033407445777571265,0.020235735923051834,-0.08709859848022461,-0.038964897394180284,0.2312402173483376,-0.063678157802848,24.245593640221532,-0.010998407824865138,0.010868618225896678,0.040304403866671584,0.0009975459979614243,1
6.591963768005371,0.006193013396114111,-0.0134021220728755,0.5224462151527405,-0.008091613006356769,0.04175958771954195,0.259536415369352,0.0035183283936435217,0.013095382509537234,-0.03375987381837797,0.02465689554810524,-0.08714789897203445,-0.032879497855901704,0.21174772410160525,-0.06870828114294981,24.256230673575747,-0.01223657630384055,0.011698702507972794,0.03870222149199254,0.0010514489986235276,1
6.601987361907959,0.006220241077244282,-0.013078943826258183,0.5250818133354187,-0.008012364941957777,0.03058319899053342,0.2541111707975244,0.003898380877581875,0.012390754215651167,-0.03405208513742375,0.04277144744992256,-0.08592372387647629,-0.0317535139620304,0.19363789196493836,-0.06524523583918442,24.268648520069398,-0.018846619562194276,0.01220986385202344,0.03816844425493065,0.0011639320000540465,1
6.612015008926392,0.006193455774337053,-0.012744257226586342,0.5276456475257874,-0.00909321271825025,0.04210622232630481,0.2465295940746307,0.004257460966800686,0.01198421474020428,-0.0341862647275768,0.03629578277468681,-0.050992850214242935,-0.023518035188317292,0.17727215118578693,-0.07126001250889784,24.289772400212616,-0.01773488884127732,0.001875184190200876,0.035473573200327256,0.001091875004931353,1
6.6219871044158936,0.006220116745680571,-0.012406709603965282,0.5301515460014343,-0.00017490320771747453,0.03179976343590803,0.24062772095259494,0.004609710952506951,0.010991188027431598,-0.034485567035607456,0.042229313403367996,-0.052298352122306824,-0.024334952235221856,0.15560215894054205,-0.06979209458662379,24.308667086591246,-0.02021403382266826,0.0017322753489075957,0.03542717808944027,0.001136770995799452,1
6.631964683532715,0.006227993406355381,-0.012142824940383434,0.53257155418396,-0.008595739775165888,0.03312640247022474,0.23015430574051762,0.005113256723197068,0.010879150291697393,-0.03478862543247141,0.03582077845931053,-0.05148806050419808,-0.03895431011915206,0.14206294028850247,-0.06985350436282234,24.34607160384603,-0.01913781407984321,0.0018182670559072707,0.04039125537472027,0.002687656000489369,1
6.642223834991455,0.006192596163600683,-0.011835869401693344,0.5349095463752747,-0.0026191297198200495,0.033067643513397256,0.22327470781443398,0.005457082299631377,0.009969748299302417,-0.03477264679019498,0.0434495247900486,-0.04311500862240791,-0.021381720900535577,0.12483980711856198,-0.06998955966084466,24.384625532443653,-0.021662304763437744,-0.0003028891706509354,0.03555491316608961,0.0008226419959100895,1
6.652188539505005,0.006191636435687542,-0.011593887582421303,0.5371786952018738,-0.0031156424839465873,0.025501573301923094,0.21385312082454586,0.006520592262027947,0.009648702605767223,-0.03517781964822664,0.06900516152381897,-0.032520029693841934,-0.01011259853839874,0.109908092467819,-0.0704050694426147,24.395624791968274,-0.022126399441594845,-0.00021203126765688635,0.034658914883722074,0.0012094549965695478,1
6.662245035171509,0.006151264533400536,-0.011359093710780144,0.5393540263175964,-0.0029693561926694115,0.029212454303366876,0.2047176510142731,0.007008307951157811,0.009020578005231705,-0.03519256938609905,0.050415486097335815,-0.028864411637187008,-0.018392689526081082,0.09602372114200868,-0.0651476798042698,24.429345182503294,-0.031702067192683786,-0.0031690357665286905,0.030997417495256974,0.0030116300040390342,1
6.6719584465026855,0.006151264533400536,-0.011359093710780144,0.5393540263175964,-0.0029693561926694115,0.029212454303366876,0.2047176510142731,0.007008307951157811,0.009020578005231705,-0.03519256938609905,0.050415486097335815,-0.028864411637187008,-0.018392689526081082,0.08309692766915977,-0.06406369462076161,24.472169984622017,-0.02766781914188747,-0.0039596576553810455,0.03308371480538873,0.0008095149969449267,1
6.681966543197632,0.006147276610136032,-0.011124331504106522,0.5414426326751709,0.0030421345471297718,0.023762926398025973,0.19682016969242613,0.007642162290898202,0.008704555294929417,-0.03539732062953238,0.081649549305439,-0.04788261279463768,-0.012832060456275935,0.06746973180550858,-0.058662465997129265,24.51453148571227,-0.037829431224353414,0.00199383496385092,0.0317772362268787,0.0010180039971601218,1
6.691973447799683,0.006081669125705957,-0.010754259303212166,0.5453219413757324,0.0027256259113919374,0.02299539183452627,0.17772975564252094,0.008488626639966856,0.008375398211631246,-0.03539473228788248,0.07909898459911346,-0.012647112831473352,-0.010009625926613806,0.05192675242209227,-0.05345329683133204,24.59357542224181,-0.03945439054377775,-0.007840823841284528,0.030531289577125382,0.0009812080024858005,1
6.701971054077148,0.006058975122869015,-0.01058910507708788,0.5471254587173462,0.0006540922529451924,0.018213102475376195,0.16715057195332153,0.00966510760295547,0.008133244260274175,-0.035576867906510934,0.08726535737514496,-0.006087840069085361,-0.01067834347486496,0.03910688732661953,-0.04523344647343577,24.66068874447577,-0.04386580182889254,-0.01089014642594263,0.03067046560585227,0.0010042489957413636,1
6.711965322494507,0.006016829051077366,-0.010455269366502762,0.5488207340240479,0.0013191570358236106,0.015369388197311118,0.15613862872735995,0.010686251245504597,0.008021959045905191,-0.035480402057961324,0.09943648427724838,-0.025227291509509087,-0.00017314346041530062,0.027559871507202606,-0.03545014868817114,24.72568076855344,-0.04964353794714581,-0.005251707106363536,0.027291011636681604,0.0011668650040519424,1
6.7219719886779785,0.005982563830912113,-0.010338172316551208,0.550426185131073,0.002213899017615632,0.015561314072091931,0.14584571124985518,0.011538250841540254,0.007775958507460157,-0.03548479238144697,0.08564284443855286,-0.0011847506975755108,-0.009989785961806774,0.015538080378130722,-0.027223778580364077,24.787353046063817,-0.04718667396510063,-0.011726047684478443,0.029766496164085846,0.0010312710001016967,1
6.731987476348877,0.005939166992902756,-0.010241572745144367,0.5519254803657532,0.004588092379177749,0.010094594906106131,0.1359419822786211,0.01259375034903698,0.007869822872734744,-0.03551368789573495,0.10430330038070679,-0.00913043599575758,-0.004009653814136981,0.0031697638078866767,-0.015113855050976784,24.84638031884046,-0.054223494217094166,-0.010362598883349304,0.028362478085522527,0.001691925004706718,1
6.742246627807617,0.005915018729865551,-0.010214895009994507,0.5533350110054016,0.004553153262238851,0.006339959655903515,0.12677131593500135,0.014304019392794132,0.007853217802498591,-0.03545374410362179,0.10681108385324478,0.006199236027896405,0.0056965132243931285,-0.008620340370470152,-0.0012877388074108691,24.90184453777826,-0.05823029578622021,-0.014962584057965415,0.02484058440179047,0.0028090769992559217,1
6.752171039581299,0.005884174257516861,-0.010179624892771244,0.5546409487724304,0.005583649629390265,0.008622330391002664,0.11609585583988323,0.015315455966214309,0.00793901163828803,-0.035337880048003534,0.10223736613988876,0.008205899968743326,0.00871740374714136,-0.020090914498968312,0.009849609870103106,24.961362354223862,-0.058138966833016496,-0.016333888901490595,0.023201272525858886,0.0008087469977908768,1
6.7620015144348145,0.005863185506314039,-0.010192492045462132,0.5558504462242126,0.0043379069448876055,-0.0005504902627869469,0.108234561971171,0.016691454864165678,0.008003765578853184,-0.03506734149445956,0.12983438372612,0.004758446943014862,0.01119651086628437,-0.029627501262377398,0.02787415079291721,25.01253461193186,-0.06863036666605028,-0.015521069494574062,0.022024588996254008,0.0011463360060588457,1
6.7719566822052,0.005863185506314039,-0.010192492045462132,0.5558504462242126,0.0043379069448876055,-0.0005504902627869469,0.108234561971171,0.016691454864165678,0.008003765578853184,-0.03506734149445956,0.12983438372612,0.004758446943014862,0.01119651086628437,-0.037915982669976256,0.043410022774440116,25.033101466967054,-0.07055077956386721,-0.015436307197145442,0.021691570522602323,0.0010018059983849525,1
6.781948804855347,0.00581548735499382,-0.010233651846647263,0.5569682121276855,0.0022766491013993615,0.003390752022661785,0.09791048616450153,0.01785124524600068,0.00807706130914898,-0.03486713209870551,0.10983700305223465,0.006262684706598523,0.01813831739127636,-0.04408586656443821,0.05476068505833156,25.076972337305698,-0.06599474042469873,-0.0159157432370886,0.019235272924727976,0.0010298740016878583,1
6.7919535636901855,0.0057134246453642845,-0.010416517034173012,0.5589239001274109,0.0024901970941880753,-0.010487417840332247,0.08056281504838861,0.02037046369741713,0.00789246477681127,-0.034283820571759716,0.1260797083377838,0.005240579135715967,0.041415985673666,-0.050617678440823856,0.0778520503605718,25.154682258601113,-0.07364625900839011,-0.01550988273491383,0.010986612947182778,0.0011768490003305487,1
6.801954746246338,0.0057134246453642845,-0.010416517034173012,0.5589239001274109,0.0024901970941880753,-0.010487417840332247,0.08056281504838861,0.02037046369741713,0.00789246477681127,-0.034283820571759716,0.1260797083377838,0.005240579135715967,0.041415985673666,-0.05621714997216911,0.0978255422882472,25.186109391079587,-0.07521622866466476,-0.01541705423986889,0.009297075672788679,0.0014609549980377778,1
6.811951160430908,0.005616094451397657,-0.010740958154201508,0.5605332255363464,0.0028091198565745987,-0.01898578943183981,0.06492185587774678,0.021528454494792015,0.007946915525969711,-0.03403167434376497,0.11634755879640579,0.007103458046913152,0.04223686084151268,-0.06224441906026483,0.12374670178286837,25.25259490557457,-0.07427294891346145,-0.016088087872049957,0.008556741846610443,0.0010328760035918094,1
6.822078704833984,0.005531047936528921,-0.010957730934023857,0.5612140893936157,0.004363220650356364,-0.01442480926000869,0.05419242754432711,0.02356726888955807,0.007982843986117594,-0.033128908689929126,0.13379505276679993,0.013547591865062719,0.03995075449347496,-0.06910418258716125,0.14607489117857772,25.316954416608937,-0.08205759547598307,-0.01828722097820106,0.008642668806892562,0.0011311850030324422,1
6.831954717636108,0.005456606391817331,-0.011184826493263245,0.5618297457695007,0.007318384950972002,-0.025398882090540087,0.04671899230069855,0.02461521905980657,0.008068372680505309,-0.03266902364515367,0.10417498648166656,0.007478955667465934,0.0690440982580185,-0.07743582639730495,0.17384035420027097,25.368700213504543,-0.07564812632742686,-0.016913487693449334,-0.0010793352725313558,0.0010183529957430437,1
6.841974258422852,0.005351146217435598,-0.011510337702929974,0.5623572468757629,0.0021847579443693395,-0.029305495352088807,0.03947538135207074,0.025804763929138108,0.008131821743666556,-0.03187474292599557,0.12054073810577393,0.012368712574243554,0.06520406156778336,-0.08152551420486961,0.20366747306022945,25.414804884657425,-0.08160197031829135,-0.01813478532095847,-0.0021278252824183993,0.0009985239958041348,1
6.85196328163147,0.005206930451095104,-0.011821046471595764,0.5628288388252258,0.003995560974376388,-0.028708919975780216,0.0310924126892659,0.027021609296736138,0.008138466739507688,-0.031240819963022304,0.12049122899770737,0.004580982495099315,0.06877747923135757,-0.08623751120737493,0.23146199336427137,25.462550666878172,-0.0839235816755829,-0.01594406068146502,-0.0038092389785755218,0.0010133260002476163,1
6.861968755722046,0.005033909808844328,-0.012188057415187359,0.5632119178771973,-0.0008164033597046253,-0.03886156159611332,0.02203336538624952,0.028056785287639663,0.00833100417661159,-0.030433001776580593,0.09422049671411514,0.01955890841782094,0.0814405009150505,-0.090328898131969,0.25561226365242057,25.481906809770045,-0.08418440585071292,-0.01564736173117936,-0.004145148959985194,0.001277463001315482,1
6.871940612792969,0.004845491144806147,-0.012584387324750423,0.5635338425636292,0.00370641369749586,-0.03643620764373757,0.015769559785316915,0.0296419126492391,0.008206528325880758,-0.02908159773408281,0.10734985023736954,0.012302481569349778,0.09901059418916702,-0.09450244120076624,0.2866331248289562,25.542842218582635,-0.08323641795861736,-0.018132688334631386,-0.01482647536590407,0.0009924490004777908,1
6.881966829299927,0.004678082652390003,-0.0130105996504426,0.5637843012809753,0.003074975684248956,-0.04602611064911742,0.00800220482047179,0.03068941476812892,0.008306283726149388,-0.028074788538760664,0.08855284005403519,0.018396919593215,0.09549339860677719,-0.09794491277776073,0.31377230759339936,25.567492749754592,-0.08373760748897702,-0.01840043673189357,-0.01734199473237407,0.0013639020035043359,1
6.891944646835327,0.004678082652390003,-0.0130105996504426,0.5637843012809753,0.003074975684248956,-0.04602611064911742,0.00800220482047179,0.03068941476812892,0.008306283726149388,-0.028074788538760664,0.08855284005403519,0.018396919593215,0.09549339860677719,-0.10110534687301068,0.346230576550927,25.60423911832826,-0.07969829655574924,-0.020447761581471564,-0.017269213348180042,0.0009941250027623028,1
6.901972532272339,0.004257590044289827,-0.013998259790241718,0.564114511013031,0.0021514848644171116,-0.05214014277159395,-0.004913847858998038,0.03147052220696356,0.008505372794261223,-0.027007262297312984,0.08090855926275253,0.01713853701949121,0.11116843670606613,-0.10339877500962526,0.38302464042325285,25.66387133506429,-0.07810216527340323,-0.02052887686119995,-0.02296862226971729,0.0010743500024545938,1
6.9119415283203125,0.004012026824057102,-0.014568173326551914,0.5641984343528748,-0.002613573352150478,-0.05814181640246212,-0.010365320389999592,0.032718846390770384,0.00869911779699395,-0.025258675025943145,0.0772685706615448,0.024130446836352362,0.11517355591058731,-0.10230354629680997,0.4219605759536934,25.70694502054092,-0.078606577997727,-0.022782887468394353,-0.026366250827415196,0.0010412550036562607,1
6.921964406967163,0.0037559079937636852,-0.015155245549976826,0.5642207264900208,0.0018012917769124961,-0.06033609801660476,-0.016235972036228813,0.03332612267983359,0.008906356089194656,-0.024128238085088682,0.05312931910157204,0.030583882704377188,0.11548873782157898,-0.10478223656536849,0.4588279968225925,25.74469512734341,-0.07202470625954943,-0.025535170227488715,-0.02777452367741157,0.0010509599960641935,1
6.931993246078491,0.003532466944307089,-0.01582365483045578,0.5641988515853882,0.00020567954585551515,-0.06927057352205725,-0.02196653569805591,0.03404638295616369,0.0091398898152808,-0.022843202964850207,0.074564129114151,0.04307329654693605,0.1334458589553833,-0.10648720599564633,0.5009934696979812,25.779847255914177,-0.07907391418615971,-0.030004849300652215,-0.03462196116646275,0.001177407000795938,1
6.9422643184661865,0.003261337988078594,-0.01649860292673111,0.564132809638977,-0.0009818289158063695,-0.06671370564721182,-0.02692699248741563,0.034663148172226155,0.009592056044857245,-0.021455952326677075,0.05617976561188698,0.04657075554132463,0.1288118213415146,-0.10731232903782999,0.5375822490055342,25.811311595325527,-0.07493584220531849,-0.03228483297465515,-0.035219840830087897,0.0016804050028440543,1
6.9522693157196045,0.0030195973813533783,-0.017219293862581253,0.5640278458595276,0.0020045934658819227,-0.07867582133797957,-0.031116530509557525,0.03503998538776676,0.009905350412482417,-0.020144177391979934,0.03321054205298424,0.04880047589540483,0.13462388515472412,-0.11043734659599713,0.5793076262014427,25.83837966279303,-0.06817101640590238,-0.033784464541024385,-0.03799154139221291,0.001353220002783928,1
6.9619646072387695,0.0027607057709246874,-0.017998483031988144,0.563877284526825,-0.0014103747931849431,-0.0758093966021811,-0.03661629968394483,0.035511520157867515,0.010481472893408839,-0.01857245494513249,0.04511456564068794,0.05521490424871447,0.15231195092201233,-0.11138624547595169,0.6165066637458543,25.86853289864196,-0.07126570190150978,-0.036308412745244746,-0.0445361881227022,0.0008414249969064258,1
6.971980094909668,0.002517305314540863,-0.01878037303686142,0.5636823177337646,0.0024907687995622506,-0.0840626060064777,-0.04183558392289476,0.03590428179728633,0.011195190636033914,-0.016289610413505073,0.02075473591685295,0.07545623928308488,0.1572653204202652,-0.11614455180042493,0.6568019084961849,25.898797409004892,-0.0651051288444555,-0.04431780622419049,-0.04937790160100167,0.0009779960018931888,1
6.981996774673462,0.002517305314540863,-0.01878037303686142,0.5636823177337646,0.0024907687995622506,-0.0840626060064777,-0.04183558392289476,0.03590428179728633,0.011195190636033914,-0.016289610413505073,0.02075473591685295,0.07545623928308488,0.1572653204202652,-0.12015992458442712,0.692039558270898,25.910950202096423,-0.06418019180366981,-0.04535978758821669,-0.05025571419041437,0.001036296998790931,1
6.9919798374176025,0.002008359180763364,-0.02050318568944931,0.5631687045097351,0.0009366431711899335,-0.0907223670554667,-0.05095193181690479,0.03607620979735593,0.012362010286075087,-0.012996567684901539,-0.007481361739337444,0.07395549118518831,0.16057024896144867,-0.12325012423588891,0.7310367441366034,25.947638317269874,-0.055788950664003086,-0.04650394679966128,-0.05342513116537453,0.0011573689989745617,1
7.001975774765015,0.002008359180763364,-0.02050318568944931,0.5631687045097351,0.0009366431711899335,-0.0907223670554667,-0.05095193181690479,0.03607620979735593,0.012362010286075087,-0.012996567684901539,-0.007481361739337444,0.07395549118518831,0.16057024896144867,-0.12586686383341322,0.7651250375592143,25.962430374868376,-0.05462203025715954,-0.046602106428237415,-0.05397558322531093,0.001253861999430228,1
7.011969089508057,0.0017607184126973152,-0.021448850631713867,0.5628514885902405,0.0010259742846120972,-0.09890632305888694,-0.05414732962801468,0.03603167452056466,0.013115730035096806,-0.011240836906013296,-0.018764028325676918,0.08139123767614367,0.17405739426612854,-0.1289732454964927,0.8023082379276666,25.97948460509921,-0.051186798196922484,-0.04990250761727499,-0.05950069261624349,0.000996568996924907,1
7.022142648696899,0.001265230355784297,-0.023401649668812752,0.562107264995575,-0.0013513513755695691,-0.10654894235045494,-0.06340632631267983,0.035892886838905014,0.013899162294169098,-0.009594438403942807,-0.0045296261087059975,0.08327803760766984,0.16885536909103394,-0.1307747413589417,0.8455796816611023,26.018798285533382,-0.05523825241221515,-0.051887884130275376,-0.05972712175758757,0.0017216699998243712,1
7.031986474990845,0.0010341140441596508,-0.02444538287818432,0.5616748332977295,0.0035982723588743526,-0.10366405517822556,-0.06621988907009824,0.03552803179815189,0.01494200091935216,-0.006858860596652416,-0.0448806956410408,0.09036685526371005,0.1723310947418213,-0.1367144208818022,0.881142092957775,26.044767539643026,-0.04259109637832009,-0.05596804581139604,-0.0625806130420362,0.0008487550003337674,1
7.041961669921875,0.0007906171958893538,-0.025501444935798645,0.5611944198608398,-0.0005141246654828727,-0.1128993928008646,-0.0706658140470751,0.03515118234361303,0.01586253843128249,-0.005144041466889515,-0.03418939560651779,0.08964209258556369,0.1772301197052002,-0.13967348880357028,0.9214930791511602,26.07085032148706,-0.044068695913076245,-0.05726237924330678,-0.06559893511335944,0.001012697997794021,1
7.051963806152344,0.0005485891597345471,-0.02663152664899826,0.5606824159622192,0.0029658236911605544,-0.11388782402860587,-0.07391364140833458,0.03494680459196697,0.01654200628626068,-0.0033197867553163007,-0.039032239466905594,0.09630670398473742,0.17311909794807434,-0.14545590470064731,0.9592606432605132,26.092895307883726,-0.04246270995780556,-0.060575567560998675,-0.06587156756765242,0.0010013860010076314,1
7.061964273452759,0.0003195050812792033,-0.027768408879637718,0.560128390789032,0.0006293112119037316,-0.11943536999767407,-0.07837004210233008,0.03439919742107733,0.017541520983732184,-0.0015987583717169684,-0.05173412710428238,0.08967070281505587,0.18229445815086365,-0.1494158226049691,0.997676230009915,26.11755012902003,-0.037721287539350695,-0.06016303607447302,-0.06994601454971452,0.0010262430005241185,1
7.0719733238220215,8.168001659214497e-05,-0.02897004410624504,0.5595334768295288,0.002934352195425648,-0.12236052738661068,-0.08171475697452803,0.03371888112745358,0.018655686458612042,0.0011832025508415889,-0.039295442402362823,0.08043219149112704,0.17608053982257843,-0.15494775527334767,1.0355890460070267,26.139389134428022,-0.0401315523108083,-0.05876214799669641,-0.07018519474184513,0.0009889599969028495,1
7.081971645355225,-0.00012002528819721192,-0.03017413057386875,0.5588968396186829,0.005760053822770398,-0.12454685510477964,-0.08656980179882597,0.03301268906983035,0.019521002278129362,0.00291013113795513,-0.06352546066045761,0.09732289612293246,0.17386116087436676,-0.16353071695373184,1.071116683219531,26.165544986929003,-0.03202679568602916,-0.0651576009283995,-0.07052725394964672,0.0010055769962491468,1
7.091973781585693,-0.00012002528819721192,-0.03017413057386875,0.5588968396186829,0.005760053822770398,-0.12454685510477964,-0.08656980179882597,0.03301268906983035,0.019521002278129362,0.00291013113795513,-0.06352546066045761,0.09732289612293246,0.17386116087436676,-0.17088996452523564,1.1022405383884053,26.17604941970743,-0.030856553137318058,-0.06595009575594402,-0.07058267467976738,0.0009992929990403354,1
7.101972341537476,-0.0003321773838251829,-0.03142765164375305,0.5582159757614136,0.0009555296768592999,-0.12771189197577917,-0.09080886116467482,0.032616599389494016,0.020217699961421864,0.0047181390933479506,-0.055003076791763306,0.09290080517530444,0.17860770225524902,-0.17439020987543435,1.13428329716164,26.19533077939472,-0.03288380444233572,-0.06539785981877343,-0.0731535852899358,0.0010157009965041652,1
7.111965179443359,-0.0005456043872982264,-0.03268379345536232,0.5574946403503418,0.00580264154565631,-0.12878835181912285,-0.09349691894004761,0.03212029978962416,0.02082289793608183,0.006366281575034272,-0.06102719157934189,0.07138862460851671,0.16162407398223877,-0.18045508940427746,1.164503471843897,26.212784390559083,-0.030588554751525516,-0.059641317847677906,-0.06906140832389678,0.001032178995956201,1
7.121963739395142,-0.0009273843606933951,-0.035282108932733536,0.555943489074707,0.008406791794656126,-0.1310027389586348,-0.10167405768748371,0.0314088932668839,0.021341779387023863,0.008206046483102636,-0.07115209102630615,0.06411802768707277,0.16979214549064636,-0.18817882515968323,1.1964657150238631,26.249107977976568,-0.026280612416456267,-0.057360990507645614,-0.07197511542881374,0.0010480990022188053,1
7.132001161575317,-0.0010997867211699486,-0.036608923226594925,0.5550976395606995,0.0069902803981993274,-0.1389475164430601,-0.10580210418216672,0.030735789509237943,0.022228103309765324,0.010708303301691924,-0.04924751818180084,0.04922856017947199,0.16351863741874695,-0.19411891304656287,1.2328807225445715,26.27849180853441,-0.03187247768797042,-0.05349452678795304,-0.07183023281167017,0.0015194669977063313,1
7.142271041870117,-0.00126287539023906,-0.03797421604394913,0.554223358631134,0.007275715882628836,-0.13841354826715568,-0.1098106431484966,0.030073992470566413,0.022452260572161098,0.012255495142095896,-0.06261656433343887,0.046897031366825125,0.14751121401786804,-0.19979333873252159,1.2654716031590756,26.30492948397266,-0.027460589299197428,-0.052643689501492584,-0.06746405886242374,0.0024827329980325885,1
7.152222394943237,-0.0014006881974637508,-0.03933681920170784,0.5533453226089478,0.006906859444211487,-0.14145296753939768,-0.11218821329155527,0.02940501061726275,0.02293315856957756,0.013665449874622038,-0.06542239338159561,0.03536549210548403,0.14396439492702484,-0.2043742321342752,1.2975425294189082,26.32437845671397,-0.025174706569971922,-0.04952714477083076,-0.06628317096421323,0.0008137059994623996,1
7.161957025527954,-0.0015368524473160505,-0.04070500656962395,0.5524386167526245,0.009485437444752108,-0.13967467796560235,-0.11405814496676188,0.029074443154186724,0.023019235968106955,0.015151213809706299,-0.05180824548006058,0.024289136752486246,0.1378932148218155,-0.20967899491097078,1.3267939649122562,26.33908635952203,-0.028537734201197776,-0.04583957686286979,-0.06488338008331819,0.0010117920028278604,1
7.1719651222229,-0.0016194600611925125,-0.042088449001312256,0.5515279769897461,0.012289337758199976,-0.14353714844861018,-0.11598118441356363,0.02824594269762759,0.02327917640630872,0.016335743745020448,-0.07119777798652649,0.017719125375151648,0.11784571409225464,-0.21633823482330408,1.3554914998918293,26.352324982157796,-0.021914443430866012,-0.04381015405932176,-0.058735130796178626,0.0009790449985302985,1
7.181969881057739,-0.0016843475168570876,-0.04347795993089676,0.5506106019020081,0.013234647915106774,-0.13987748318908677,-0.11731604493680685,0.027700911203677236,0.023259444584058375,0.017605859575505534,-0.04182042181491852,0.001977046951651588,0.11866388469934464,-0.22204924393873823,1.3800103582542975,26.362431459749747,-0.029484155349437678,-0.03856246157448141,-0.05805438989037213,0.0010004100040532649,1
7.1919615268707275,-0.0017180782742798328,-0.04486001655459404,0.5496827363967896,0.014183894712605734,-0.14289054240524615,-0.11946602950500686,0.026941342812322855,0.023105734756328822,0.019074410297665878,-0.06136370450258255,-0.007422088645398605,0.0959492027759552,-0.2270273377057279,1.4022646559592238,26.36664011795983,-0.030185965326280276,-0.03786771008204618,-0.05838303485559364,0.0012021260045003146,1
7.201970338821411,-0.0017285279463976622,-0.04627681523561478,0.5487473607063293,0.01676707155867342,-0.14407424598474788,-0.1196251664126507,0.02637338283061652,0.02286833555645318,0.019968680341478695,-0.06422741711139679,-0.02030649036169051,0.08562078326940536,-0.23232465755358442,1.426375739794216,26.37750873890563,-0.021609318426995438,-0.030496557034851983,-0.049007692671485,0.0010670199990272522,1
7.211966514587402,-0.0017060237005352974,-0.04767920449376106,0.5478132963180542,0.018066218132651034,-0.14384013378893515,-0.12062544416623096,0.025892190749503996,0.022652705764004022,0.020765631981445765,-0.036627933382987976,-0.027398133650422086,0.0820191502571106,-0.23737050371468887,1.4493039108808914,26.385466605695587,-0.028594421969373146,-0.027081903473029398,-0.046195855597275445,0.0010129780057468452,1
7.221999168395996,-0.0017060237005352974,-0.04767920449376106,0.5478132963180542,0.018066218132651034,-0.14384013378893515,-0.12062544416623096,0.025892190749503996,0.022652705764004022,0.020765631981445765,-0.036627933382987976,-0.027398133650422086,0.0820191502571106,-0.24180953046124548,1.4701910289653846,26.38881384064733,-0.029239039390100575,-0.026540336546584976,-0.04593264583439298,0.0010411870025563985,1
7.232013940811157,-0.0016618820372968912,-0.05047200620174408,0.5459151864051819,0.017908953150762297,-0.143412142655042,-0.12208497562434305,0.025526275201833926,0.022143184944177996,0.021430707161987694,-0.066485196352005,-0.044490821659564965,0.05633791163563729,-0.24439874607786663,1.4904431009729229,26.397129863957876,-0.019473566040700947,-0.02049853426342825,-0.03786805631569803,0.0012637100007850677,1
7.241979598999023,-0.0015997380251064897,-0.051895737648010254,0.5449585318565369,0.0197516773306271,-0.14612443715083281,-0.12225661461054443,0.024556926315646432,0.021283087540211465,0.022073375071743673,-0.04544553533196449,-0.055827181786298745,0.05099261924624444,-0.24639591020677803,1.5120324135449832,26.402222813393365,-0.023527909117478797,-0.015027139187036456,-0.03501849021243642,0.001121481996960938,1
7.2519495487213135,-0.0015149920945987105,-0.05329740792512894,0.5440126657485962,0.02336689837171844,-0.14117042672809607,-0.12020090275191997,0.024076300364602066,0.02070674043713172,0.022426755625471362,-0.054684028029441833,-0.060628030449151986,0.03397976607084275,-0.24978308845143868,1.528030588273944,26.39847025001271,-0.020317909239257723,-0.012191079053429778,-0.029050259020195725,0.0010228230021311902,1
7.2619452476501465,-0.001396923791617155,-0.054690901190042496,0.5430815815925598,0.020998165058995967,-0.14468149818287304,-0.12050842519290764,0.02334737012479815,0.020111301830725736,0.02254665001152789,-0.06430912017822266,-0.0711062103509903,0.017798632383346568,-0.25005927830322655,1.5452328584092636,26.399368661499665,-0.01601442472616113,-0.007671986580963739,-0.022724431820151478,0.0010476099996594712,1
7.27194356918335,-0.0012992998817935586,-0.05605844035744667,0.542156457901001,0.0228689182890056,-0.13911794110919443,-0.11881440149433875,0.022748319961839236,0.019414552767411664,0.022782772947525398,-0.05591767281293869,-0.08809128403663635,0.008182716555893432,-0.2500482444340736,1.557721589522392,26.39502419416551,-0.017039694273743345,-0.0008980435351229324,-0.018567145641830332,0.0010066949980682693,1
7.281943082809448,-0.0011615256080403924,-0.05743091180920601,0.5412631034851074,0.02242087388338511,-0.14578855032250715,-0.11665891117173031,0.022074878136689957,0.018359250272810712,0.022564578820170933,-0.08190029114484787,-0.07953459024429321,-0.008536313660442819,-0.2488453581475632,1.5730479023337502,26.38721767440782,-0.008441477611331854,-0.0012746846825334884,-0.012087143882694077,0.0010154919946216978,1
7.2919628620147705,-0.0010590539313852787,-0.058804117143154144,0.5403873920440674,0.019597582513197646,-0.13757242264063135,-0.11348114905833304,0.021216902047471287,0.017768563045203134,0.022679261357756886,-0.07069873809814453,-0.06890662014484406,-0.016157696023583405,-0.24539133239369398,1.5807458261309129,26.373376849390155,-0.009734974857885055,-0.004034035327628105,-0.008480769082774587,0.0009749259988893755,1
7.301967620849609,-0.0008881003013812006,-0.060153406113386154,0.539573609828949,0.02686771188956973,-0.14253820484940277,-0.10706649713528968,0.02012078903108927,0.016590024531245362,0.021889142299453823,-0.09393002837896347,-0.09758380800485611,-0.030946820974349965,-0.24447951870985715,1.5899075254738335,26.346852169405526,-0.001574675459063403,0.005588951094744889,-0.0028934694563460886,0.0010033430007752031,1
7.31196141242981,-0.0007406328804790974,-0.06148049607872963,0.5388017296791077,0.020480711257655257,-0.13237295994713916,-0.10332646278770528,0.01887050265866863,0.015549539493669773,0.021700959316020008,-0.1172591894865036,-0.08539769053459167,-0.04320256039500235,-0.2387219639791499,1.5896448748735132,26.32470656458296,0.008683024770884267,0.004709815866650356,0.0025826655511891816,0.0009880520010483451,1
7.321963310241699,-0.0007406328804790974,-0.06148049607872963,0.5388017296791077,0.020480711257655257,-0.13237295994713916,-0.10332646278770528,0.01887050265866863,0.015549539493669773,0.021700959316020008,-0.1172591894865036,-0.08539769053459167,-0.04320256039500235,-0.23383095901130269,1.5904978114331911,26.316390162227677,0.010526301274467477,0.0049974997685038585,0.003590859961501712,0.0010137459976249374,1
7.3319902420043945,-0.0003483144682832062,-0.06408008933067322,0.53745037317276,0.023261091025199028,-0.13189880503467757,-0.09053742944229208,0.01887050265866863,0.015549539493669773,0.021700959316020008,-0.1172591894865036,-0.08539769053459167,-0.04320256039500235,-0.23087292657114075,1.5931459944754356,26.27003929134318,0.010525655596405633,0.004930244487547404,0.0037761877843879464,0.0012177669996162876,1
7.342317342758179,5.555998723139055e-05,-0.06656590849161148,0.5363729000091553,0.020864216786623688,-0.12931683641983208,-0.07486843342489706,0.014543978342119068,0.012395055216451567,0.01924224311519973,-0.14277993142604828,-0.11665173619985582,-0.07749144732952117,-0.229804387587909,1.589471685760334,26.222342030253447,0.020230133708022797,0.012611477685125112,0.0133044462744757,0.0034285419969819486,1
7.352239370346069,5.555998723139055e-05,-0.06656590849161148,0.5363729000091553,0.020864216786623688,-0.12931683641983208,-0.07486843342489706,0.014543978342119068,0.012395055216451567,0.01924224311519973,-0.14277993142604828,-0.11665173619985582,-0.07749144732952117,-0.22105741958168623,1.5869159749084734,26.17996423402544,0.025346974629075272,0.019914604672823442,0.018108961023128103,0.0008211069944081828,1
7.361962795257568,0.00024067946651484817,-0.06775568425655365,0.5359477400779724,0.027810689129899795,-0.1221904828510427,-0.0648784861843867,0.013096980879838238,0.011187784437293402,0.01836264246907371,-0.1439845860004425,-0.11618728190660478,-0.1016326993703842,-0.2172639677749216,1.5791537686433494,26.12882540633855,0.02843042695179761,0.022007455646408956,0.02746924403055633,0.0010187029984081164,1
7.371964454650879,0.0004580200766213238,-0.06896055489778519,0.5356228351593018,0.022965833631850056,-0.12538933748164216,-0.05547382691758945,0.011295826376592988,0.010268512255166229,0.0172144125658642,-0.1719149649143219,-0.10660348087549211,-0.10726021975278853,-0.21002506271131477,1.5728270410637177,26.076564346543616,0.03958402931121156,0.020670007148632086,0.03182707406517594,0.0009821870044106618,1
7.381974697113037,0.0006406371248885989,-0.0700928121805191,0.5353906154632568,0.026167996434790237,-0.11444800334345548,-0.04489187543393976,0.009782810204642445,0.009114338175177483,0.01621956235704003,-0.16977106034755707,-0.10675241053104402,-0.10761167854070662,-0.20495049730403572,1.5593787680715672,26.01931633330236,0.042522274613732494,0.021876935604254744,0.033185571412250446,0.001034763001371175,1
7.391964912414551,0.0008883901173248887,-0.07123582810163498,0.5352710485458374,0.028350383077905068,-0.1222181692564566,-0.03262642773653805,0.00784089909515373,0.007922893578127699,0.014871417784188434,-0.20184338092803955,-0.12493093311786653,-0.13525375723838803,-0.20041458570968435,1.551305874971165,25.95446464905767,0.05490222296174593,0.029135709562852448,0.04321829383300379,0.000994196001556702,1
7.401976585388184,0.0010837039444595575,-0.07233074307441711,0.5352437496185303,0.024840567238369755,-0.10637289286517489,-0.023655017823992073,0.005769240124003705,0.007150903173289258,0.013771965037208567,-0.20629343390464783,-0.08898398280143739,-0.12623803317546844,-0.19517785484299363,1.5324743647815495,25.897482364079718,0.06101264883840553,0.01998517821582669,0.043009676161411506,0.0010145839987671934,1
7.411986827850342,0.0013370787492021918,-0.07338022440671921,0.5353346467018127,0.028843291298148836,-0.11198659235367732,-0.010816565786717311,0.0026714926864617183,0.005583323209889635,0.01167357382367884,-0.20479896664619446,-0.09544219821691514,-0.13760517537593842,-0.19207352978164371,1.5184378600197344,25.830443524578726,0.06353564454989911,0.02193422748363053,0.04678169857198163,0.0010742820013547316,1
7.421985864639282,0.0013370787492021918,-0.07338022440671921,0.5353346467018127,0.028843291298148836,-0.11198659235367732,-0.010816565786717311,0.0026714926864617183,0.005583323209889635,0.01167357382367884,-0.20479896664619446,-0.09544219821691514,-0.13760517537593842,-0.1896127043931678,1.506945896685035,25.802855693346938,0.0651981595810474,0.02286462329281235,0.048321855096678114,0.0010309220015187748,1
7.432027339935303,0.001780204358510673,-0.07531740516424179,0.5357944965362549,0.031484540646207926,-0.1025345176176881,0.009318937532393571,0.0003780647718341079,0.00435494869012798,0.010335300712199569,-0.245664581656456,-0.12523832917213443,-0.14053973555564878,-0.18776015798083626,1.489660173566938,25.721731292674068,0.08093906832421432,0.03379521549453095,0.0502370565640634,0.00115953399654245,1
7.442000389099121,0.002027374692261219,-0.07625102251768112,0.5361768007278442,0.022228602411453538,-0.09108049419783655,0.015376758787736438,-0.003249717752606518,0.003212581075038301,0.008121072666968043,-0.2292582392692566,-0.09023653715848924,-0.1478467434644699,-0.18113128535267045,1.4664223685293776,25.66792519595543,0.08294969976807408,0.026068922494427972,0.054489164024243406,0.0011203649992239662,1
7.451967477798462,0.0022644673008471727,-0.0770735964179039,0.5366432070732117,0.03105420433076387,-0.08903882652467078,0.02962162531976968,-0.005837176607724981,0.0019763442619522564,0.006634848726023712,-0.25139376521110535,-0.08891730755567552,-0.14911815524101257,-0.1814159267387504,1.4440961501386584,25.596870265602774,0.09310568636408656,0.025882792592086642,0.05645408524600089,0.0009982460032915697,1
7.46196174621582,0.002533641178160906,-0.07790171355009079,0.5372172594070435,0.02413247719220752,-0.08386673771437103,0.03706128160833255,-0.008402902160685066,0.0013180092077371697,0.0049118685600859635,-0.2651549279689789,-0.08248948305845262,-0.16255752742290497,-0.1773450153498437,1.4206753715346156,25.54220702821998,0.10201815465360449,0.02487745614904247,0.06216959206419982,0.0010138860016013496,1
7.4719719886779785,0.0027665654197335243,-0.0786416083574295,0.5378473997116089,0.029611013846551303,-0.07589133825395092,0.04433204983470317,-0.010968820872823137,0.0007038064051236859,0.003372239344600736,-0.2550845146179199,-0.057408589869737646,-0.15945549309253693,-0.17896105855824335,1.3953290409861638,25.494333793160678,0.10345725546337495,0.017465081785714893,0.06322470622472227,0.000987562998489011,1
7.481969594955444,0.003069223603233695,-0.07934033870697021,0.5385502576828003,0.02887031250381524,-0.07135125245454735,0.04936901112972918,-0.013735591796249835,0.00013895200584412848,0.0015868393386844204,-0.28133052587509155,-0.038704972714185736,-0.16543421149253845,-0.18099540229705008,1.3691072523507744,25.457618445780923,0.115342503126744,0.011386035024475823,0.06640575668013794,0.001007462000416126,1
7.491970062255859,0.003314390778541565,-0.07998145371675491,0.5392661094665527,0.023516938084799478,-0.06468621633549732,0.05134230117029474,-0.017711113226134056,-0.00021814491041016737,-0.0008143160203211153,-0.2626701295375824,-0.023112965747714063,-0.16516582667827606,-0.1800393841699462,1.3417291510697533,25.43580518981723,0.11635155739370001,0.006311841892521384,0.06819079321476153,0.00097764800011646,1
7.501973628997803,0.003584460821002722,-0.08054223656654358,0.5399941802024841,0.03008190168494426,-0.05611495288892193,0.05419214455593611,-0.019132674276379102,-0.0004106085623032385,-0.001709419790302924,-0.27923697233200073,-0.016769131645560285,-0.16586685180664062,-0.18452048986539757,1.3115329273624277,25.41662926403407,0.12362596239667735,0.0036677674754178034,0.06923073738871256,0.0010076019971165806,1
7.5119733810424805,0.003870572429150343,-0.08107758313417435,0.5407129526138306,0.025002153585889142,-0.05832367760623084,0.051457010237194824,-0.022094587712391256,-0.00012163860499869728,-0.003473371811946624,-0.28341057896614075,0.0056716501712798855,-0.17944025993347168,-0.18626413113747373,1.285368444407077,25.419153220502025,0.1283729894166363,-0.0038060101333029415,0.07429642137249552,0.0009899369979393668,1
7.521971940994263,0.004097896162420511,-0.08154886215925217,0.541398286819458,0.022854972617912236,-0.04196140536707565,0.048992101158409254,-0.026009561206315812,-8.183089720770198e-05,-0.006024009015727305,-0.25211718678474426,0.03237176686525343,-0.1736234575510025,-0.1878208128924486,1.250760818832101,25.42845598109684,0.12451326387272803,-0.01321809742876527,0.07455438524222967,0.0009908449937938713,1
7.532076597213745,0.004370537120848894,-0.08191251009702682,0.5420492887496948,0.02830700201466861,-0.042126882731817264,0.04837008574586225,-0.028641889357236217,0.00038758890075873964,-0.007922404444941744,-0.2606850862503052,0.03254921734333036,-0.17444439232349396,-0.19379575253855308,1.2196368799157975,25.43451643659839,0.13053109084037218,-0.015087775052251874,0.07599783509997714,0.0028166219999548048,1
7.542238473892212,0.004370537120848894,-0.08191251009702682,0.5420492887496948,0.02830700201466861,-0.042126882731817264,0.04837008574586225,-0.028641889357236217,0.00038758890075873964,-0.007922404444941744,-0.2606850862503052,0.03254921734333036,-0.17444439232349396,-0.19915869415816465,1.1928012808051078,25.436126106656843,0.13237418013470736,-0.015559777618326496,0.07698492963621352,0.0008333959995070472,1
7.552215337753296,0.005084790289402008,-0.08271641284227371,0.543716549873352,0.01962412145602104,-0.020876221208482634,0.03412748883897825,-0.03416566365540907,0.0014403079403368935,-0.012319536093721162,-0.21306246519088745,0.05302057787775991,-0.17245353758335114,-0.1990660591949414,1.1647714931219464,25.45749301251715,0.12699440383673852,-0.0162432917801794,0.08120597672118732,0.0016313220039592125,1
7.561959266662598,0.005084790289402008,-0.08271641284227371,0.543716549873352,0.01962412145602104,-0.020876221208482634,0.03412748883897825,-0.03416566365540907,0.0014403079403368935,-0.012319536093721162,-0.21306246519088745,0.05302057787775991,-0.17245353758335114,-0.20024293485073186,1.1273305508517453,25.49362725416205,0.12539466753276723,-0.023055030046194476,0.07997445719969781,0.0008533650034223683,1
7.571962118148804,0.005294008646160364,-0.08283903449773788,0.5441552996635437,0.02118069119177075,-0.010721945145756863,0.029919521907106807,-0.03611659295885117,0.001969656067872805,-0.014072124533945018,-0.19759686291217804,0.054266706109046915,-0.17165535688400269,-0.203036867101111,1.086290360391641,25.52253186917729,0.1232963394670127,-0.02507377855374013,0.0803938240169751,0.0009823260043049231,1
7.581971168518066,0.005528479814529419,-0.08287463337182999,0.5445289611816406,0.02218575589870244,-0.0015714064299861977,0.023651963098544424,-0.03776771309902882,0.0024082104424452133,-0.01569571258324931,-0.16032785177230835,0.06867372989654538,-0.17179778218269348,-0.2074434957211755,1.0431210235033397,25.555225711310552,0.11405213037841175,-0.030434097145407773,0.08156861371570823,0.0010081610016641207,1
7.591970205307007,0.005776913370937109,-0.0828680619597435,0.5448418855667114,0.023951403797283707,-0.0029452482579495664,0.017717672513080762,-0.03943192300071985,0.003193460055577191,-0.017536647840330044,-0.15866346657276154,0.0680214613676071,-0.16825488209724426,-0.21355128684889937,1.0040189531497903,25.58919610685285,0.1145313413908899,-0.03194865687490682,0.08155705334136734,0.000987562998489011,1
7.601975202560425,0.005981869529932737,-0.08280650526285172,0.5450834035873413,0.01388334764605133,0.01287881006959145,0.01117562963645653,-0.040673832722661896,0.003947150365906982,-0.018923124901458976,-0.11867290735244751,0.07208093255758284,-0.16597889363765717,-0.21258042009513023,0.9579439831671689,25.624762406725473,0.1044799831481764,-0.034039345225471834,0.08167478381056115,0.0010213569985353388,1
7.6119678020477295,0.006165935657918453,-0.08259822428226471,0.5452413558959961,0.021888209506366524,0.019543185830299074,0.007777369116536274,-0.04222456793613416,0.0047887444443417415,-0.021524041437176678,-0.09103059023618698,0.06264825910329817,-0.15999005734920502,-0.21800378958385871,0.9117824671938015,25.6505767578808,0.09688824657939576,-0.032700200338445604,0.08117509572628274,0.001115756000217516,1
7.622123718261719,0.00637597544118762,-0.08239789307117462,0.5453624725341797,0.014022357795347643,0.019971182555300306,0.003227421480260149,-0.0425678188073535,0.005223541109126373,-0.02228202521719469,-0.09133332222700119,0.07153619080781935,-0.16128093004226685,-0.21823124481436212,0.8695322972423527,25.676675654215277,0.09652628618171666,-0.03552223061704594,0.08191148096122829,0.0010313409948139451,1
7.631965398788452,0.006515658926218748,-0.08206086605787277,0.5453974008560181,0.01678003376716849,0.03867988657071892,-0.003033872576914008,-0.043540715976253086,0.005910998282727675,-0.024597587839556567,-0.04414009675383568,0.07143162935972212,-0.16351209580898285,-0.218365019451343,0.8326948493207968,25.687076405220157,0.09636923732873948,-0.03590546391793002,0.08202933694470918,0.0013103500023134984,1
7.642290115356445,0.006738150492310524,-0.08168555051088333,0.5453907251358032,0.022891938749788062,0.033852752237006394,-0.0037275393339709006,-0.043804208325570304,0.007276024057477404,-0.02631726423274161,-0.02777056023478508,0.0702434256672859,-0.1553010195493698,-0.22680218944375627,0.7895229220407076,25.71432204088292,0.0788076981539178,-0.038010385974013614,0.08186913414298459,0.0011105900048278272,1
7.65198540687561,0.006738150492310524,-0.08168555051088333,0.5453907251358032,0.022891938749788062,0.033852752237006394,-0.0037275393339709006,-0.043804208325570304,0.007276024057477404,-0.02631726423274161,-0.02777056023478508,0.0702434256672859,-0.1553010195493698,-0.23423631023412347,0.7514638959651478,25.72525873429499,0.07657503953082496,-0.038757202004753695,0.08241036587425973,0.001319566996244248,1
7.661968231201172,0.007089529186487198,-0.0807180106639862,0.5451924800872803,0.021085508323979485,0.05548612759365923,-0.013313520994601992,-0.04406541329451619,0.007857000913514156,-0.027499744395918846,-0.0034032983239740133,0.09171292930841445,-0.14836764335632324,-0.24126614753074202,0.6995902557861746,25.762391561076832,0.07008215099759564,-0.04626041099145088,0.08099603188368085,0.001042234005581122,1
7.671965837478638,0.007257896009832621,-0.08012063801288605,0.5450255870819092,0.013549012144206184,0.06056727095459514,-0.01803409310315034,-0.04367406760790837,0.009153082599026696,-0.029819896488259445,0.025299159809947014,0.08710855245590209,-0.1374211311340332,-0.24311383961375582,0.6501779786673768,25.793336180441198,0.059997698707758236,-0.04727211822331064,0.07849742700394677,0.0010029240002040751,1
7.681962966918945,0.007408520672470331,-0.07946759462356567,0.5448113679885864,0.01793655779522182,0.06844116727368285,-0.018074166466085746,-0.04346449451336021,0.009588519282463626,-0.031107560687574143,0.025716913864016533,0.08183567225933074,-0.1302168369293213,-0.2479820887678271,0.6004787607520974,25.80589190385168,0.05849561293539527,-0.04645100571494836,0.07634298140859433,0.001052426996466238,1
7.691966772079468,0.007578876335173845,-0.07871587574481964,0.5445849299430847,0.01576179647037876,0.07850117230759039,-0.020383421463875017,-0.04268408496545728,0.01046805954574781,-0.03239983429023807,0.06316433846950531,0.08870717138051985,-0.12699006497859955,-0.25176494448801656,0.5503380721395646,25.81820586756486,0.046018267510110386,-0.04958776107366926,0.07569848899932531,0.0009970589962904342,1
7.70196270942688,0.007747780531644821,-0.0779314935207367,0.544346034526825,0.017346879779612107,0.07782367596608472,-0.019525981040552358,-0.04206093774129904,0.011229074943901463,-0.03365580313464189,0.06627590209245682,0.08615861833095549,-0.11912835389375688,-0.25680534176597414,0.5065022066535922,25.820144938403256,0.04250536796842265,-0.050239068609640405,0.0736632083192326,0.0010360890009906143,1
7.7119715213775635,0.00789314042776823,-0.07706839591264725,0.5441083312034607,0.013881165690549419,0.0935939847636956,-0.020723173610500748,-0.041287097387795235,0.012161461690590514,-0.03470747947521513,0.06690370291471481,0.079450786113739,-0.10929059982299806,-0.2590111654076625,0.4559589746461948,25.824736783651677,0.041375983891841536,-0.04931871394141308,0.07064824164043661,0.0009814889999688603,1
7.721969842910767,0.00807947013527155,-0.0761232003569603,0.5438777804374695,0.02291310212033879,0.09188496318196526,-0.016981432293145998,-0.039978659339983125,0.013490875791408286,-0.03628066663062901,0.09945319592952728,0.07487157732248305,-0.09916074573993684,-0.268150183268302,0.41460835582710565,25.812953719876017,0.029227117885816382,-0.04988387716749169,0.0677357444981369,0.001019053001073189,1
7.731984376907349,0.008259990252554417,-0.0751662328839302,0.5436678528785706,0.011634098710355605,0.10401453810497092,-0.017625715997449956,-0.03888742066534512,0.014530509806875092,-0.03697436221367534,0.1035684123635292,0.10628578811883925,-0.0793348252773285,-0.27007925627404966,0.3692765356485432,25.810129984490526,0.025395121355401052,-0.060735404271798216,0.06095174984742362,0.0015428580009029247,1
7.742228031158447,0.008406135253608227,-0.0740637332201004,0.5434576869010925,0.020095876009216324,0.10951663534537616,-0.013296105571211598,-0.03787865224145426,0.01489391960532327,-0.03778465161210365,0.11113575845956802,0.06614815443754195,-0.06728590279817583,-0.2716436689885473,0.3295041945401337,25.808798252968757,0.024779601876347212,-0.06218985071633249,0.059765530305808647,0.0010833590058609843,1
7.751964092254639,0.008406135253608227,-0.0740637332201004,0.5434576869010925,0.020095876009216324,0.10951663534537616,-0.013296105571211598,-0.03787865224145426,0.01489391960532327,-0.03778465161210365,0.11113575845956802,0.06614815443754195,-0.06728590279817583,-0.2772352505785522,0.29100413752742466,25.792824559996905,0.021072538719809276,-0.050647207157742714,0.05622107178244272,0.0009846300017670728,1
7.762013673782349,0.008734961040318012,-0.07181776314973831,0.5431357622146606,0.015065508457187333,0.12526682007532694,-0.00915153563055036,-0.03649242076498016,0.016261202138466047,-0.03833985752382052,0.11954116076231003,0.08708600699901581,-0.05486785620450975,-0.27996939977768287,0.24516241511762665,25.77158601113737,0.016722253744653165,-0.057233592025678896,0.05159225794185018,0.0011200860026292503,1
7.771967172622681,0.008955743163824081,-0.07061973959207535,0.5430381298065186,0.022752337881302417,0.11581158620999261,7.275969974308772e-05,-0.03482198992245644,0.016595521547416503,-0.039014272108048864,0.12206635624170303,0.04496128112077712,-0.03954735398292542,-0.2858563938616918,0.21292195850640314,25.730510119074456,0.01261445729064815,-0.045700647239266624,0.046294051525231576,0.0010227540042251348,1
7.781965017318726,0.009112680330872536,-0.06937789916992188,0.5429555773735046,0.010619531255977196,0.1335700005465347,-0.0027150892405419388,-0.03314914683375658,0.018120019043964763,-0.03911702918365734,0.1543145477771759,0.09327541291713715,-0.015135396271944058,-0.285420316495249,0.17216066944013714,25.722904450274257,0.0006076216419758067,-0.06085187854661581,0.037078734261441336,0.0010180060053244233,1
7.7919628620147705,0.009298699907958508,-0.06804347038269043,0.5429084897041321,0.025362816000202765,0.1309493481576066,0.006747461593153519,-0.03187616635984947,0.01777879624441825,-0.039185516355020766,0.14016257226467133,0.08836730569601059,-0.010809487663209449,-0.29419390860532,0.13797936445478962,25.686607875725727,0.0015474636077131318,-0.06143376817858431,0.034129117232871174,0.000993706998997368,1
7.801964521408081,0.009496661834418774,-0.06671876460313797,0.542908251285553,0.01394424912726848,0.13915999228958106,0.004984566565974734,-0.030333772990532637,0.019016500043595563,-0.03931091330826897,0.16212572157382965,0.027569610625505447,0.013370892032980915,-0.2922208285605755,0.10199188135022855,25.677460697423896,-0.006932231871798141,-0.04376126408294306,0.02604099214542583,0.001066602002538275,1
7.81197714805603,0.009669004939496517,-0.06530261784791946,0.5429182648658752,0.022285545483342977,0.14072071012889112,0.011981106173415931,-0.028690063808225474,0.019032032052116676,-0.03889762395738572,0.16658981144428253,0.06350835412740707,0.013582733459770673,-0.2974192989891989,0.06941461607477574,25.649028363599413,-0.011553816442140348,-0.05289695417127763,0.023762127440668145,0.0009919619988068007,1
7.821965217590332,0.009895360097289085,-0.06390199810266495,0.5429865121841431,0.01787042261414909,0.14512161909192867,0.014060160957887395,-0.027061356870995645,0.01964800604525907,-0.03886601852099192,0.15941278636455536,0.03534094989299775,0.036055933684110635,-0.2978493431098358,0.03673844816459288,25.629883751516388,-0.01195606292714555,-0.04601771698362806,0.016216551075818753,0.0010684869994292967,1
7.831961393356323,0.01007754448801279,-0.06241553649306297,0.5430471301078796,0.024054154722501175,0.1509441435374144,0.015192589744287775,-0.02429030771748053,0.0200337702735105,-0.038076230842503556,0.18494562804698944,0.022356361150741584,0.05321171134710312,-0.30235425936171784,0.004386431392404695,25.617595473870217,-0.02337097117780485,-0.0417688792376662,0.008723742516254147,0.0010268030018778518,1
7.841967582702637,0.010332729667425156,-0.060964278876781464,0.5431484580039978,0.023195890679138357,0.1465756446155018,0.01783581266424696,-0.02429030771748053,0.0200337702735105,-0.038076230842503556,0.18494562804698944,0.022356361150741584,0.05321171134710312,-0.3058272250475427,-0.022566464993898756,25.603204952594638,-0.025031744602132814,-0.04117992851767854,0.007224419258206815,0.001081403999705799,1
7.852107048034668,0.010514696128666401,-0.05947666987776756,0.5432294011116028,0.02055610051686528,0.15475112191744936,0.01503454658400553,-0.02068212533102054,0.0206590201705259,-0.03685255631298601,0.1971617490053177,0.005063083488494166,0.06584206223487854,-0.3089242146709547,-0.04624671380036625,25.597282630984402,-0.02528596389900022,-0.04110233680228968,0.006928400680111443,0.0017688719963189214,1
7.861957788467407,0.010752232745289803,-0.05798029527068138,0.5433232188224792,0.025478404562606062,0.15257249765716327,0.017972891834530175,-0.01850053399310081,0.021199747042066175,-0.036254387312433245,0.202718123793602,0.005040539428591738,0.07658672332763672,-0.3097491709404844,-0.07274965281031939,25.60432418226647,-0.03352035781536254,-0.0363997316572557,0.002146336560073397,0.0012781620025634766,1
7.872179985046387,0.01116897165775299,-0.05496549233794212,0.5434573292732239,0.027948612516584384,0.15354478356580542,0.013952982517709092,-0.016594030068302512,0.021269149114371277,-0.03535843495308155,0.20048633217811584,0.010718459263443957,0.07976121455430984,-0.31425246544196017,-0.09490830450153087,25.596753117281345,-0.0392573328991888,-0.03665493442449592,-0.002700548437675714,0.001749741000821814,1
7.8819499015808105,0.01116897165775299,-0.05496549233794212,0.5434573292732239,0.027948612516584384,0.15354478356580542,0.013952982517709092,-0.016594030068302512,0.021269149114371277,-0.03535843495308155,0.20048633217811584,0.010718459263443957,0.07976121455430984,-0.3212089119506918,-0.11869920985334526,25.607464046629584,-0.04168387042030133,-0.03865520498145717,-0.005182498321356134,0.0008957469981396571,1
7.891941070556641,0.011376561596989632,-0.05346798896789551,0.5434948205947876,0.01754246744784588,0.15728914727667825,0.008533684121783127,-0.013165648110804451,0.021345360186370677,-0.033936608224858666,0.23022036254405975,0.004977938253432524,0.09761608392000198,-0.32051857537727946,-0.14130672160980373,25.630808699035786,-0.05556036434321302,-0.03688590301896392,-0.012199803544422124,0.0010108839996973984,1
7.901946067810059,0.011556933633983135,-0.0519578717648983,0.543492317199707,0.026174312533837275,0.15546122192027936,0.00617854619789333,-0.010964306926892764,0.020989308261530226,-0.03275049912575634,0.22051987051963806,-0.022239087149500833,0.10780604928731918,-0.32532242778377357,-0.1613818185810895,25.64855405697792,-0.0572697914590536,-0.028043545435923967,-0.017360356353717802,0.001011023996397853,1
7.911938428878784,0.011792954057455063,-0.05048053339123726,0.5434760451316833,0.02068076313229253,0.15552733834117383,0.0024040815255608676,-0.008611001884155645,0.020939657867864003,-0.03165574910964297,0.23189887404441833,-0.0036012288182973714,0.1205800473690033,-0.32717726572330397,-0.17918691874754794,25.669187277198024,-0.06413303681755757,-0.03242584666780826,-0.023434010344270454,0.000989587999356445,1
7.921962022781372,0.011957226321101189,-0.04897722974419594,0.5434055328369141,0.022678312084342973,0.1580262034857819,-0.0003267796934125009,-0.00609407094965464,0.02057972471534386,-0.030150165345366187,0.2448035031557083,-0.01866826042532919,0.12775255739688873,-0.32982832623141856,-0.19668925303163565,25.687380324130597,-0.07218175637657345,-0.02792989322175236,-0.027555014851966972,0.0010248479957226664,1
7.931981801986694,0.012165753170847893,-0.04751255735754967,0.5433171987533569,0.021884592699473526,0.1535277216902376,-0.0021250300210135134,-0.0037030204875243555,0.020025370116727004,-0.028987898796581923,0.22701969742774963,-0.034908115863800035,0.1367260366678238,-0.33118038427186736,-0.2100591448527002,25.701370521892105,-0.07100497896612974,-0.021526989733163995,-0.031864569150489776,0.0025859999950625934,1
7.9429450035095215,0.012309201993048191,-0.04606374725699425,0.5431866645812988,0.015489995700957432,0.15565817055517853,-0.007187043332869263,2.288922219984002e-05,0.019285838107392372,-0.02672991535920355,0.25237125158309937,-0.05003467574715612,0.1527974158525467,-0.3275710637185857,-0.22161692466424077,25.725389938431043,-0.08355811484321896,-0.014714973767407834,-0.03924951651810729,0.0009745760035002604,1
7.952223300933838,0.012487949803471565,-0.04463029280304909,0.5430374145507812,0.024098538005316125,0.15130619702248374,-0.007611629090961121,0.00240364601265064,0.018875310468486894,-0.025362505432817706,0.2339032143354416,-0.041090112179517725,0.14723968505859375,-0.3310669862833998,-0.22999930111879693,25.737015189538862,-0.08270414359165909,-0.016389890220527028,-0.03973324320930657,0.0017277470033150166,1
7.961958885192871,0.012648849748075008,-0.04322325810790062,0.5428600907325745,0.01513218752662401,0.15213946992133762,-0.011753715498727398,0.004692028461266595,0.018363484204167335,-0.023800770439520225,0.23465129733085632,-0.06651285290718077,0.15254534780979156,-0.3268912934776215,-0.2369960980635006,25.756615248846508,-0.084817664703212,-0.007884563561381671,-0.04161600550528493,0.0008281599948531948,1
7.971959114074707,0.012809406034648418,-0.04183283448219299,0.5426571369171143,0.022525376090449398,0.148774623816223,-0.01272888100438959,0.007375478262221069,0.017588626023282483,-0.02227486584732352,0.2427128255367279,-0.054767627269029596,0.15719807147979736,-0.32337389974622216,-0.24408194129180907,25.764807345892578,-0.08611311147170583,-0.006523393555944882,-0.04273566064520971,0.0010461439960636199,1
7.981962203979492,0.012809406034648418,-0.04183283448219299,0.5426571369171143,0.022525376090449398,0.148774623816223,-0.01272888100438959,0.007375478262221069,0.017588626023282483,-0.02227486584732352,0.2427128255367279,-0.054767627269029596,0.15719807147979736,-0.3259678249925534,-0.2476260559673591,25.772151289668606,-0.09239373100574325,-0.009255009780879848,-0.045454134661764,0.0008435900017502718,1
7.991959571838379,0.013102607801556587,-0.03914093226194382,0.5422248244285583,0.017788472063988287,0.14569875593974865,-0.013581105348671782,0.009574553472309955,0.017235926277796576,-0.020743038727376817,0.22066828608512878,-0.06668068468570708,0.1587328314781189,-0.3246095852564347,-0.25143875276971617,25.778899979793888,-0.08927514414258823,-0.005282697989481002,-0.047118182644197315,0.0008354909950867295,1
8.001975059509277,0.013252604752779007,-0.03784126788377762,0.5420071482658386,0.01689838850568825,0.1393529623415269,-0.013265870211384515,0.013010161535370823,0.016102410906002618,-0.018411360984255776,0.23563465476036072,-0.059558041393756846,0.1474766582250595,-0.3226693177077955,-0.2489081062355352,25.781397044219162,-0.09820251830534908,-0.005374247604160085,-0.04524290745247055,0.0008765460006543435,1
8.011964797973633,0.013385037891566753,-0.036570336669683456,0.5417976379394531,0.01758361814957145,0.13942131398751445,-0.012301037842325616,0.015253224131882348,0.015598299913382352,-0.01686026136629515,0.2072599232196808,-0.06301596760749816,0.16103585064411163,-0.32110475099338565,-0.2482038936059603,25.77948456384898,-0.09344681595797293,-0.0037293526792150427,-0.05007294332096321,0.0008234810011344962,1
8.021968603134155,0.0135348504409194,-0.03534019738435745,0.5416025519371033,0.015996219643242666,0.13289625942372923,-0.009151719454726174,0.017100441165426084,0.01483065039421172,-0.015315588046962425,0.18769127130508423,-0.05745372548699377,0.15201027691364288,-0.31835849493723417,-0.24433466415940117,25.768112305224438,-0.08934422610974406,-0.004129015704675079,-0.04897123057085451,0.0008440789970336482,1
8.031960725784302,0.013648961670696735,-0.034156881272792816,0.5414121747016907,0.014182745713612773,0.1322875022805817,-0.008950209862972354,0.01907760141409165,0.014320181653944442,-0.013841999780951575,0.19037029147148132,-0.05311615392565725,0.14945822954177856,-0.31470799974249686,-0.2405399711415215,25.763349306786335,-0.09221097395158241,-0.004764098722052766,-0.04881342415830397,0.0009233270029653795,1
8.041947841644287,0.013790697790682316,-0.03299381211400032,0.5412487387657166,0.016083560971818543,0.12753628193638375,-0.005441905323982116,0.02086373225092153,0.013532375858749113,-0.012246314176835416,0.15783262252807617,-0.04701486229896543,0.1490112692117691,-0.312590592709423,-0.23596314360052384,25.749394523018562,-0.08490711862588664,-0.005815697650660546,-0.0495074062942076,0.0008757780015002936,1
8.051992416381836,0.013896691612899303,-0.03188507258892059,0.5411052107810974,0.010897535992402644,0.12347673624205827,-0.0046654046646651195,0.023266820525097653,0.012779913205829274,-0.010160124990918007,0.14987583458423615,-0.04856950044631956,0.14420734345912933,-0.3066744133122514,-0.2291708007598871,25.741503972641315,-0.08472971348755497,-0.004242874357332965,-0.04925523861773369,0.001512694994744379,1
8.062300682067871,0.014014520682394505,-0.030802840366959572,0.5409831404685974,0.018462672999107557,0.12012543526502714,-0.0011293519328254007,0.024679139677444617,0.012157897358095582,-0.008650415183691695,0.13639873266220093,-0.05778638646006582,0.14575017988681793,-0.30613609234803174,-0.22242534938237496,25.726167869663264,-0.08241210126990942,-0.0006148511945446933,-0.05053248062597572,0.001019053001073189,1
8.072063446044922,0.014140035957098007,-0.029772769659757614,0.5408883690834045,0.009495462391942653,0.11547609417522675,-0.0005988695925072317,0.025672792851936244,0.011924533933336257,-0.007225567174094394,0.10732290148735046,-0.04173893108963964,0.15345951914787292,-0.3000169526245377,-0.215027110247909,25.718107575002655,-0.07456242792642101,-0.004509790890123326,-0.054181581323296535,0.0009988759993575513,1
8.081961631774902,0.014221317134797573,-0.02877318672835827,0.5407921075820923,0.014858326898043254,0.11156625300148461,0.0006359590141121448,0.026878047918226233,0.011152147976994709,-0.0057575457205247815,0.1089499369263649,-0.03840672969818114,0.13988080620765686,-0.29462205720006684,-0.20841226182674227,25.71481086370859,-0.0735225455591715,-0.005004216745746288,-0.05487301715802003,0.0012585439981194213,1
8.091962099075317,0.014221317134797573,-0.02877318672835827,0.5407921075820923,0.014858326898043254,0.11156625300148461,0.0006359590141121448,0.026878047918226233,0.011152147976994709,-0.0057575457205247815,0.1089499369263649,-0.03840672969818114,0.13988080620765686,-0.2934737037397415,-0.20049874374940244,25.709415352775594,-0.07552732491239596,-0.005304610030392241,-0.05141512244667712,0.0009918229989125393,1
8.101969003677368,0.01440408919006586,-0.02693260833621025,0.5406289100646973,0.007771635022908521,0.10405922680432143,-0.0008118884918771979,0.027750944486396367,0.011191107363147879,-0.004510045764420489,0.06958351284265518,-0.027484348043799383,0.13159160315990448,-0.2882526484193294,-0.19140265947841803,25.7122483211947,-0.06494450079346471,-0.008585574860239763,-0.04875617788739065,0.0009932899993145838,1
8.11195993423462,0.014512366615235806,-0.026081079617142677,0.5405513048171997,0.014914490302479173,0.09477747975813845,0.0019568614228973,0.02878916445978774,0.010300264230757694,-0.002358908546063354,0.0676226019859314,-0.016002977266907675,0.1322292685508728,-0.288718045445583,-0.1776862648275254,25.703844962276598,-0.06457678787099755,-0.011680969571206897,-0.049737507818282574,0.0009865870015346445,1
8.1219642162323,0.014574261382222176,-0.02528226561844349,0.5404584407806396,0.003977253567973826,0.0943015068770412,-0.002216707436219376,0.0293969465092192,0.010701233371125607,-0.001138701011187404,0.05459639057517052,-0.0126680890098214,0.13304457068443298,-0.2820371029543468,-0.16568400357635535,25.715075823171446,-0.061305189889903314,-0.01327228891774616,-0.05086814068121577,0.0010342059977119789,1
8.131993532180786,0.014635304920375347,-0.0245109461247921,0.5403561592102051,0.012575902975256998,0.08695948868873708,-0.000944138234754949,0.029819211072100504,0.010077925718197989,0.0002453653627192409,0.022948281839489937,-0.014500052668154222,0.13557395339012146,-0.28187840762089905,-0.152159095488803,25.715038153085406,-0.05181156322826756,-0.012233146490206128,-0.05270117215363862,0.002840017004928086,1
8.14231562614441,0.014697746373713017,-0.023815108463168144,0.540252149105072,0.0038087388839354386,0.08217786998189429,-0.003225150050658625,0.029921162709310778,0.010209557166960703,0.0014945397835957053,0.028232384473085403,-0.02124269120395182,0.13432922959327698,-0.27562154911354286,-0.1369643074000836,25.723115838120517,-0.05252535820092311,-0.008307328265024302,-0.05340213787224932,0.0008528780017513782,1
8.15209698677063,0.014732439070940018,-0.023139862343668938,0.5401266813278198,0.010066694551302576,0.07890999318255042,-0.0035433729585103036,0.03030722542616715,0.009843544352349909,0.003341955197375235,0.007241701707243919,-0.009737526997923837,0.11836496740579605,-0.2750768903593027,-0.12274545293331243,25.72746905049739,-0.04669049126735044,-0.00958695593899152,-0.04942122970817133,0.002285349000885617,1
8.16197395324707,0.014787983149290085,-0.022540444508194923,0.5400048494338989,0.0038336117242862315,0.07037435472178236,-0.004951979007631912,0.03034552017904124,0.01016122618608195,0.004554210391286784,0.003087087534368038,0.005587623920291677,0.12204567342996597,-0.2712037842860259,-0.10477991380718642,25.73415363914996,-0.044994473207101184,-0.013106451211556208,-0.05062674356022279,0.0009370829939143732,1
8.172081470489502,0.014812637120485306,-0.021999096497893333,0.5398489832878113,0.0064664389965035235,0.06942117959141882,-0.006260578998857358,0.03045136689814587,0.009901577260011507,0.005707119408239425,-0.0009699604706838727,0.0038504435215145493,0.11598926782608032,-0.2696083321376455,-0.08855850246227395,25.74140203093198,-0.04358989500592527,-0.011277018310893179,-0.0491381811863296,0.001121553999837488,1
8.181967973709106,0.014812637120485306,-0.021999096497893333,0.5398489832878113,0.0064664389965035235,0.06942117959141882,-0.006260578998857358,0.03045136689814587,0.009901577260011507,0.005707119408239425,-0.0009699604706838727,0.0038504435215145493,0.11598926782608032,-0.26834085125544643,-0.07467561957461495,25.74445872040714,-0.04342053427768818,-0.009311762889281794,-0.049349813276808416,0.0010404900021967478,1
8.191952228546143,0.014881347306072712,-0.021098915487527847,0.539526104927063,0.003710627519076609,0.05770660193432115,-0.006637218264856884,0.03011577584694569,0.010217460176130455,0.00667380775540849,-0.021953877061605453,0.005859121680259718,0.10422986000776291,-0.2657381298236689,-0.056321255700719754,25.747075278374464,-0.03683389011551496,-0.00839696119976798,-0.04613411072913587,0.0009871450020000339,1
8.201940774917603,0.014933545142412186,-0.020722713321447372,0.5393491983413696,0.004664975639489052,0.05162539334744454,-0.005637328473030199,0.02983209223837191,0.010419804476411443,0.008849924925626862,-0.029119621962308884,0.011843699961900723,0.09995105862617493,-0.2646130817550767,-0.036913815428257266,25.744672185261347,-0.03356733962158068,-0.008816174741372937,-0.04540509711562789,0.001028550999762956,1
8.211947917938232,0.014961489476263523,-0.020430652424693108,0.5391658544540405,0.00034391797486142044,0.04469001667137486,-0.006005738743187977,0.02983209223837191,0.010419804476411443,0.008849924925626862,-0.029119621962308884,0.011843699961900723,0.09995105862617493,-0.2606471279793011,-0.015218549702213618,25.74508152216932,-0.033355811084503716,-0.007071060014649135,-0.04531834815536999,0.0010288990015396848,1
8.221964597702026,0.015005277469754219,-0.02017209492623806,0.5389750003814697,0.005962126356124882,0.042557224661516534,-0.006161343608747416,0.029445432823539175,0.010546131615771781,0.010160520762352743,-0.02684427797794342,0.016774630174040805,0.089905746281147,-0.261658919147515,0.004927782711377129,25.745889492279986,-0.03356384000851284,-0.007148863560646933,-0.042797657429424554,0.0010064860034617595,1
8.231965065002441,0.015044144354760647,-0.019972583279013634,0.5387855768203735,-0.002287806999528066,0.03495870160161167,-0.007254868616154868,0.02916177349675797,0.010850932111237999,0.01106349747842561,-0.03048030473291874,0.027600986883044253,0.09119761735200882,-0.25745239869004255,0.027593745957077503,25.75010028506066,-0.032339669985285126,-0.008844533453920871,-0.043298309311562734,0.0010443299979669973,1
8.241966485977173,0.015048647299408913,-0.01981780305504799,0.5385804176330566,0.0015544490438135113,0.03246497737240259,-0.006557821672339657,0.02870098777611707,0.010834011124902787,0.012288029729065286,-0.04644219949841499,0.013320651836693297,0.08481420576572418,-0.2559118986831305,0.04802797968988941,25.749418481305526,-0.02664670092843218,-0.003295796378231561,-0.04204976292518994,0.0010113739990629256,1
8.251981973648071,0.015105627477169037,-0.019719349220395088,0.5383895635604858,0.0014995141639422406,0.022999828702601217,-0.005013229700173873,0.028498022712814652,0.0110367695616862,0.012534798932199553,-0.034286223351955414,0.008331657387316236,0.07677041739225388,-0.2545028571856065,0.07276886375984874,25.743862315088617,-0.02972157491856313,0.00039840338770523757,-0.03935126890720279,0.0010264560041832738,1
8.261996507644653,0.015110906213521957,-0.019671006128191948,0.5381761193275452,-0.0029227475440097364,0.021385990096083756,-0.008470658168698717,0.02778012929401985,0.011343151289024078,0.013726017226237008,-0.04877103865146637,0.011686025187373172,0.07929785549640656,-0.25080470244831143,0.09507000121211215,25.753740804123513,-0.02473991911204111,0.001227833812016532,-0.040340034792312095,0.0011463400005595759,1
8.272223949432373,0.015143669210374355,-0.019665533676743507,0.5379675626754761,0.0031565576504084154,0.015368955234182984,-0.008450910413792975,0.027333975881086214,0.011566424265562869,0.014286627310609923,-0.054519034922122955,0.01005576644092799,0.06123381108045578,-0.25207721460999705,0.11848289668595584,25.757757433406237,-0.02189743727368654,0.0029869776668854453,-0.03496655475963974,0.0013974909961689264,1
8.281936883926392,0.015160460956394672,-0.01969829760491848,0.5377480983734131,-0.005808758562360573,0.011159308262657295,-0.009795553033614316,0.027070749744589673,0.011821321537259344,0.014853216143438264,-0.02833247184753418,0.019019117578864105,0.06264958530664444,-0.25329917179802885,0.13903102325903968,25.759326000906867,-0.02149229100943286,0.00480321976697363,-0.03398442547684023,0.0012156740049249493,1
8.291964292526245,0.015162421390414238,-0.019774843007326126,0.5375157594680786,0.0017204862087885147,0.006037730257968573,-0.009077249094838178,0.026523960666800406,0.011731125160808542,0.015452100343739339,-0.0637592077255249,0.00625432329252363,0.06331624835729599,-0.2533521504386027,0.16303017207550127,25.76226442945645,-0.018060137342748965,0.0076783825607978605,-0.03491771207730447,0.0008377269987249747,1
8.301961421966553,0.015162421390414238,-0.019774843007326126,0.5375157594680786,0.0017204862087885147,0.006037730257968573,-0.009077249094838178,0.026523960666800406,0.011731125160808542,0.015452100343739339,-0.0637592077255249,0.00625432329252363,0.06331624835729599,-0.2535311460606801,0.1841755894777597,25.763626611190297,-0.017345811935883342,0.009745152474231373,-0.03534960708523559,0.0010267350007779896,1
8.311962127685547,0.015254621393978596,-0.020079152658581734,0.5370745062828064,-0.0006955178762800314,-0.0021404090583224664,-0.00755587406978259,0.026063290850097953,0.01243090181395301,0.015873030684167677,-0.04495055973529816,-0.010615850798785681,0.048522498458623886,-0.2517712144008137,0.2092111089463573,25.759331060479216,-0.022719628901261803,0.016088468660326673,-0.03091522873694117,0.000990915999864228,1
8.321971416473389,0.015326377004384995,-0.020288247615098953,0.5368814468383789,0.0019792893430177158,-0.007159476635054381,-0.003394392084610634,0.02549048413409727,0.012317163933103448,0.01662686996621021,-0.042158592492341995,0.0097276121377945,0.04739700257778168,-0.2527728580761647,0.23413876383330912,25.74315416655951,-0.0236639541385828,0.012260338326852397,-0.030105378233087586,0.001003204997687135,1
8.33198094367981,0.015349594876170158,-0.02053912542760372,0.5366901159286499,-0.006402675990270181,-0.011981225573303864,-0.00268422114182864,0.02495734509052827,0.01280218721852755,0.017023902574459182,-0.045175809413194656,0.003139957552775745,0.0368906706571579,-0.24767679442614537,0.2591834259052788,25.73422071366254,-0.022257540063740082,0.015095174188445946,-0.026792774543335975,0.001538391996291466,1
8.342175722122192,0.015385613776743412,-0.02082033082842827,0.5365214943885803,0.001534767236717583,-0.01297424174637859,0.00040156012804260904,0.024718638608094867,0.012516982601340931,0.017457109228182777,-0.03683893382549286,0.021461721509695057,0.027433788403868672,-0.24939224673343408,0.28211395485104157,25.719924232584756,-0.02433990958488551,0.011476561542225518,-0.02334030307280884,0.0012505150007200427,1
8.351964950561523,0.015454280190169811,-0.021138885989785194,0.5363815426826477,-0.003202381542354052,-0.01923505216869887,0.001302452872602572,0.024091522385275344,0.012918189408396508,0.01753081296968073,-0.056127384305000305,0.00835277419537306,0.019725032150745392,-0.2472362085311313,0.30581510731702755,25.710971293031147,-0.017975493475409027,0.016317098934815883,-0.020225082765096776,0.0012449290006770752,1
8.361956596374512,0.01550784520804882,-0.021500486880540848,0.5362545847892761,0.0008105833602015155,-0.023984270176362166,0.002933618998498697,0.02364265217077799,0.012961570621795815,0.01789139643583182,-0.04350188001990318,0.023332325741648677,0.01756770350039005,-0.24888712128233886,0.3306566189748147,25.701685521782977,-0.02063607433921756,0.013727292110578245,-0.019141017509280902,0.0012864039963460527,1
8.372036457061768,0.015596800483763218,-0.021875841543078423,0.5361473560333252,0.0009210078055147887,-0.025595590476073595,0.0035655619145387816,0.023044528668184405,0.013307479718555726,0.018015391970918948,-0.05041158199310303,0.016475176438689232,0.002784700598567722,-0.2504825430258207,0.35337885858107915,25.695732782303466,-0.018052586215997663,0.01668822746015657,-0.014200601852496327,0.001241856996784918,1
8.381967067718506,0.015649178996682167,-0.022297238931059837,0.5360395908355713,-0.0026899316765177307,-0.03128083424912516,0.004502767126866609,0.022392098707032293,0.013319862926416182,0.018282329479970105,-0.0572630874812603,0.004484672565013171,0.01027069054543972,-0.24884489981758265,0.377170617693141,25.690073018261515,-0.01492511514828037,0.02260105086005792,-0.015867068419183512,0.0013016250013606623,1
8.391969203948975,0.015711912885308266,-0.022740285843610764,0.5359475016593933,0.0010680200101901712,-0.02931165508980684,0.00570065620896609,0.022079919302968154,0.013541496922332197,0.018196268711613506,-0.04581604525446892,0.02290462516248226,0.0067784735001623605,-0.2475862086759308,0.398091138796579,25.687713229297565,-0.014486665250920287,0.025037593138991232,-0.01617923825690363,0.0014742249986738898,1
8.401955842971802,0.015711912885308266,-0.022740285843610764,0.5359475016593933,0.0010680200101901712,-0.02931165508980684,0.00570065620896609,0.022079919302968154,0.013541496922332197,0.018196268711613506,-0.04581604525446892,0.02290462516248226,0.0067784735001623605,-0.25019776087363654,0.41580192661297366,25.682656910365687,-0.017480692878790022,0.020812030462049005,-0.015058440071940918,0.0013226409937487915,1
8.411954879760742,0.015837904065847397,-0.0237592663615942,0.5357394814491272,-0.00023978884742106968,-0.03877358511568772,0.0034868285827928816,0.021489040954630223,0.013678540293303065,0.018260037015049857,-0.0707855150103569,0.025365987792611122,-0.008015786297619346,-0.2520270629364084,0.4384041772504777,25.68845430608297,-0.009670068424223743,0.020946987037409298,-0.010015830154939287,0.0012339669992798008,1
8.421960592269897,0.015936890617012978,-0.024309571832418442,0.5356143116950989,0.006050782784188841,-0.04535325616251691,0.0026485870573638238,0.02021431114085015,0.014116891042984747,0.017900316810846473,-0.060790836811065674,0.00772874569520354,-0.024470800533890724,-0.25794359323442934,0.4635596752266088,25.693901044685493,-0.010295983488833555,0.027305059313614183,-0.00351011216884488,0.0012888469937024638,1
8.431954622268677,0.016021689400076866,-0.024921594187617302,0.5354676842689514,-0.004679684954703139,-0.04731329157978361,-0.0030349034779827647,0.02021431114085015,0.014116891042984747,0.017900316810846473,-0.060790836811065674,0.00772874569520354,-0.024470800533890724,-0.25619020279509275,0.4884128501341187,25.716271225401677,-0.01041255293726778,0.030193400318668684,-0.002285893538548957,0.0012507939973147586,1
8.441957950592041,0.016065670177340508,-0.02552412450313568,0.5352998375892639,0.0007351127147097704,-0.04927946999476225,-0.003587853182373681,0.01914397019398928,0.014263899118564627,0.01767649828537854,-0.0761418417096138,0.02534951083362102,-0.03532657399773598,-0.25956381340341567,0.511189243165132,25.727703687741112,-0.004299328062951029,0.026474735103456475,0.0017443323263252892,0.00137389000155963,1
8.4519624710083,0.016130009666085243,-0.026200439780950546,0.5351202487945557,-0.0041906125126692185,-0.06031563877564225,-0.0064332644336253094,0.018541916291319627,0.014605339042876864,0.017283923513164545,-0.052740223705768585,0.018675107508897778,-0.0292833186686039,-0.25919380749846593,0.5408590199244323,25.742608971162575,-0.010374719084401733,0.0292846464223596,0.0006259468523735121,0.0012994599965168163,1
8.461965560913086,0.01614905521273613,-0.02688421681523323,0.5349143147468567,-0.0022328199830638053,-0.054469726971773866,-0.008874733056255546,0.018058533981017533,0.014903796869301988,0.01702678969042637,-0.06765139102935791,0.027712896466255185,-0.04176977276802063,-0.26131483128617183,0.5628745596171993,25.75773030823382,-0.005622861051633092,0.02799814091682896,0.004725477876281137,0.00125840499822516,1
8.472145795822144,0.016264406964182854,-0.027614383026957512,0.53470778465271,0.0078086840156055175,-0.06886503842377438,-0.007480296920014739,0.01710639658564128,0.01544867028961594,0.01597264945156729,-0.057841718196868896,0.027219779789447777,-0.06714918464422226,-0.2707621903568277,0.5932054301634846,25.75934960728032,-0.007281056145139582,0.028550568269723832,0.014379385971286808,0.001892041000246536,1
8.481974124908447,0.016353482380509377,-0.02840011939406395,0.5344712138175964,-0.0038113937824956925,-0.05975676325873427,-0.013651168081406161,0.01678446949240664,0.015897813296466,0.015916444519507245,-0.04499097168445587,0.0363212265074253,-0.06465590000152588,-0.2723437789162925,0.6151536156376068,25.782169015559766,-0.010673865217405737,0.02723563266604867,0.015365237335137606,0.0012727180001093075,1
8.491976976394653,0.01645888201892376,-0.02908189408481121,0.5342245101928711,0.007918538559097375,-0.06642479448307954,-0.010121040094674525,0.01589243951404784,0.016024738599039967,0.015003565605805846,-0.06088259443640709,0.05771856382489204,-0.05586329847574235,-0.28285758798007105,0.6380617290268695,25.779205299340873,-0.005647593306141929,0.021506680238102406,0.01294177687044027,0.0012440909995348193,1
8.50195860862732,0.016568616032600403,-0.029876725748181343,0.5339815020561218,-0.004580766391690237,-0.07266680150429448,-0.01463513546781694,0.015485907198915516,0.016875775308082375,0.014603122324412077,-0.03690722957253456,0.02684943564236163,-0.07948971539735794,-0.28313587335435003,0.6647068158269472,25.79425360870101,-0.011852871441198468,0.0316347717232761,0.02047508092650341,0.0012488389984355308,1
8.511952638626099,0.01663539744913578,-0.030595434829592705,0.5337198972702026,0.005102956735740105,-0.06786551323857073,-0.012752083237469215,0.015008053976730995,0.016698104912545197,0.013751841952370114,-0.04304308816790581,0.08039953559637068,-0.0680583417415619,-0.2836190968093825,0.6884902969925899,25.800841578352383,-0.01240294850412986,0.03430881579553359,0.02205856407688782,0.001425069996912498,1
8.521955966949463,0.01680750772356987,-0.03135710582137108,0.5334979295730591,0.0052481620836276706,-0.07874955233017866,-0.012032894606401095,0.014497779066408256,0.018001983561966917,0.012968784701387737,-0.049508530646562576,0.06310696154832839,-0.08570062369108201,-0.2931981159778381,0.7062024699872456,25.797592897021055,-0.009775066241074886,0.01946605950532353,0.01920817302217283,0.0014717810045112856,1
8.5320405960083,0.01680750772356987,-0.03135710582137108,0.5334979295730591,0.0052481620836276706,-0.07874955233017866,-0.012032894606401095,0.014497779066408256,0.018001983561966917,0.012968784701387737,-0.049508530646562576,0.06310696154832839,-0.08570062369108201,-0.3020124737180373,0.7299062185534803,25.794230375782632,-0.0071533388965072135,0.022817489719035407,0.024836904957322634,0.0010319020002498291,1
8.542191505432129,0.017229685559868813,-0.033556677401065826,0.5328488945960999,0.000972080785371369,-0.07579429448196484,-0.012752804875535942,0.013437040522686683,0.01983913887010802,0.010893199167934409,-0.05553656816482544,0.06800723075866698,-0.08643522858619691,-0.31441123159359935,0.7541593136899444,25.786964279101078,-0.011430122191022764,0.021485175529932496,0.023921021369730604,0.0046118930040393025,1
8.552345991134644,0.017229685559868813,-0.033556677401065826,0.5328488945960999,0.000972080785371369,-0.07579429448196484,-0.012752804875535942,0.013437040522686683,0.01983913887010802,0.010893199167934409,-0.05553656816482544,0.06800723075866698,-0.08643522858619691,-0.32023090395831755,0.7718637684708006,25.794018739045185,-0.00393077312139718,0.02271876320040268,0.027197490533637448,0.00122656599705806,1
8.561948537826538,0.01740221120417118,-0.034265462309122086,0.5326681733131409,0.014150117622719744,-0.07922744746931693,-0.00775196238085712,0.012894495559543362,0.0201822083932246,0.01000604849984077,-0.04662417247891426,0.07741808146238326,-0.09793107956647874,-0.33518524828130275,0.7905472198311236,25.77972038260954,-0.005143903998900983,0.02055521242250949,0.03213448754255432,0.0012350839970167726,1
8.571955919265747,0.017627786844968796,-0.03500938415527344,0.5325301289558411,0.009039915189988252,-0.08006352185487238,-0.006596160170852994,0.012347605171508125,0.0215227213682172,0.008977097751065699,-0.050559695810079575,0.08908927440643309,-0.1023458316922188,-0.3464162196013153,0.8078858136991587,25.770284995330435,-0.0033637001722525723,0.016729843570188137,0.03511750922459158,0.0012245410034665838,1
8.581953763961792,0.017806340008974075,-0.03570696339011192,0.5324031710624695,0.010344353525108617,-0.07684970646520645,-0.003937784632192424,0.011522830776487414,0.022907231760397107,0.0075218790762603405,-0.04756299406290054,0.1018160507082939,-0.10138215869665147,-0.35877483231391516,0.8211310799523964,25.757556635608488,-0.0028696427084974954,0.012054113007920055,0.03623437681024049,0.0014153649972286075,1
8.5919508934021,0.018032265827059746,-0.03640859201550484,0.5323178172111511,0.013389709408964839,-0.08101747184914247,-0.0014308920445564445,0.011429826270068943,0.02330216603025903,0.0069476452677394995,-0.034587062895298004,0.09783827513456343,-0.10227592289447786,-0.37195179485019236,0.8370067372882072,25.74363274398196,-0.0068871621582434865,0.01370190421818033,0.03698858709752411,0.001214974996400997,1
8.601951599121094,0.01824173890054226,-0.03712344169616699,0.5322505831718445,0.010576416770146263,-0.08134531229235503,-0.00013643031998883298,0.010523121225900933,0.025147179372479567,0.0052117467884746915,-0.057014111429452896,0.10560481250286101,-0.12220866978168489,-0.383417071140079,0.8500020159225596,25.733775655338412,0.000413490711422655,0.011661615806052673,0.0440731511406815,0.001247373002115637,1
8.612136125564575,0.018480723723769188,-0.037821635603904724,0.5322065949440002,0.017661748510502735,-0.08061505853266161,0.0021571975946765146,0.0099453977049202,0.02624215956325715,0.003967678906828365,-0.04405027627944946,0.11815985292196272,-0.11505559086799623,-0.40002280422145214,0.8623943715977513,25.72190139068325,-0.0015182099684366605,0.006679572668731954,0.044507439195976536,0.001241088997630868,1
8.621956586837769,0.01875092089176178,-0.038507044315338135,0.5321774482727051,0.015549912154586714,-0.08129639923293445,0.0027753255088881473,0.009484791698175066,0.027708482705254944,0.002746991214461758,-0.04083146154880524,0.11920950561761855,-0.13092283904552462,-0.414667316326953,0.873263260757824,25.7169595004402,-0.0017684909565113364,0.007649713177877064,0.04453085525584932,0.0014488090018858202,1
8.631958484649658,0.018985562026500702,-0.03918454796075821,0.5321515202522278,0.015707710771301578,-0.07968986779395476,0.0022217008660620095,0.00886848327245593,0.02876573087989165,0.0014498602726638055,-0.0528915636241436,0.12484976649284361,-0.122255876660347,-0.4275292174614066,0.8839688450508233,25.712914873160134,-0.002168803866418671,0.007279139595788991,0.05043202587760379,0.0014333790022647008,1
8.642734289169312,0.019567973911762238,-0.04051252454519272,0.5321156978607178,0.01815627142691468,-0.0823921263221356,0.0010552514327888604,0.008179003811036978,0.030779542775607016,-0.0006110210002505667,-0.033001597970724106,0.1315629035234451,-0.140060767531395,-0.44481114622453993,0.8954877934944587,25.717570900362816,-0.0032135555314928062,0.0022361100511453756,0.055721387295771196,0.0014360319983097725,1
8.651958227157593,0.019567973911762238,-0.04051252454519272,0.5321156978607178,0.01815627142691468,-0.0823921263221356,0.0010552514327888604,0.008179003811036978,0.030779542775607016,-0.0006110210002505667,-0.033001597970724106,0.1315629035234451,-0.140060767531395,-0.46026817196055464,0.906412622894056,25.719414109168028,-0.0030697198334044074,0.0019274081772751319,0.05747521553414807,0.0012607089956873097,1
8.66196322441101,0.019871393218636513,-0.041145045310258865,0.5320938229560852,0.02738711610350931,-0.0760675147178767,0.0006445727695488865,0.0076604209606867535,0.03201004985597811,-0.0018599030535724204,-0.05126045644283295,0.1407937258481979,-0.13410706818103793,-0.48231879046927173,0.9112126615623278,25.721726043051582,0.003535745361326772,-0.0012442905392685997,0.056691209746590136,0.0012815160007448867,1
8.672024011611938,0.020235644653439522,-0.04179304093122482,0.532069206237793,0.025898599980157776,-0.08474354446375738,-8.798978963412663e-05,0.007089074794032868,0.033467895828845684,-0.003370788481881881,-0.04008268192410469,0.14347508549690244,-0.13733732700347903,-0.5025447429449179,0.9226457873374834,25.725227494412877,0.001358125302974661,-0.0027091324188861818,0.058508396873513474,0.002051514995400794,1
8.6819748878479,0.020546341314911842,-0.04243328049778938,0.5320270657539368,0.023108078139892962,-0.07466605306121898,-0.0031957885511624245,0.006747080346998668,0.034979026395068225,-0.004579241283395152,-0.03651915490627289,0.13033314049243924,-0.14285540580749514,-0.5200316260680697,0.9262894474030772,25.73761160042874,0.0008398713134441006,0.0009952792687398723,0.06131480074271136,0.0013141919989720918,1
8.691967725753784,0.02091853879392147,-0.04303634911775589,0.531982958316803,0.033425018115716465,-0.08271431925408711,-0.0013604156773878854,0.005795026489319177,0.03696244477630195,-0.006870269271131768,-0.055024657398462296,0.13431951403617856,-0.14972096681594851,-0.5447406313354579,0.9344501202007844,25.736485618928885,0.007513268201409052,-0.001007268079656446,0.06556034724707804,0.0012671330041484907,1
8.701960563659668,0.02128945291042328,-0.04368806630373001,0.5319299101829529,0.024985968946599504,-0.07663284244361414,-0.005515708324927246,0.0056581201708199025,0.03777988794772602,-0.00744713171200484,-0.03268500417470932,0.14668151736259458,-0.14795635640621188,-0.563019981552043,0.9391919712310846,25.750544919901593,0.0018808312321865802,-0.004300492498879198,0.06609757865438037,0.0013148910002200864,1
8.711954832077026,0.02166615054011345,-0.044245827943086624,0.5318581461906433,0.03715364995911737,-0.07404840741764952,-0.004132689671283525,0.004813849406418047,0.03959193108522596,-0.009680444449732928,-0.050366729497909546,0.14960578083992002,-0.14285320043563846,-0.5893223157000569,0.9402970290297565,25.7515552260249,0.007457412785598458,-0.005954981108306308,0.06502382148750475,0.0012868220001109876,1
8.72195315361023,0.02212035283446312,-0.04487418010830879,0.5318028926849365,0.034655045618589786,-0.08235677334777451,-0.004485551888896906,0.004187801999678165,0.04160726645687163,-0.011012613669507232,-0.05474396049976349,0.12540186941623685,-0.14405240118503573,-0.6121752691886104,0.9478547012677238,25.753468218731328,0.010406465584804937,-0.0002550049284603022,0.0669104217762448,0.0012632930011022836,1
8.732077836990356,0.02253100275993347,-0.04544268548488617,0.5317221283912659,0.03717108064006965,-0.06902093442704414,-0.0071539935757224645,0.0037807608023991968,0.042534747932414074,-0.01252478195706086,-0.03643764927983284,0.1583391726016998,-0.14950026571750644,-0.6323583897309368,0.9545241587561355,25.7540795076617,0.010821871526061655,0.0022160543767927345,0.06730901804091827,0.0012760690005961806,1
8.74200987815857,0.02253100275993347,-0.04544268548488617,0.5317221283912659,0.03717108064006965,-0.06902093442704414,-0.0071539935757224645,0.0037807608023991968,0.042534747932414074,-0.01252478195706086,-0.03643764927983284,0.1583391726016998,-0.14950026571750644,-0.6553310873701623,0.9520117168822431,25.76371505369425,0.006321218463919773,-0.0074231705645174725,0.07007055546353998,0.004110918998776469,1
8.752000570297241,0.02253100275993347,-0.04544268548488617,0.5317221283912659,0.03717108064006965,-0.06902093442704414,-0.0071539935757224645,0.0037807608023991968,0.042534747932414074,-0.01252478195706086,-0.03643764927983284,0.1583391726016998,-0.14950026571750644,-0.6753920319976005,0.9497577781762054,25.76747167148897,0.00567064941738795,-0.007027424450758442,0.07049373530435447,0.0012291489983908832,1
8.762024879455566,0.02400408685207367,-0.0470719151198864,0.5314782857894897,0.05213309073268769,-0.07237183305997881,-0.005182909890089204,0.0024134373132462805,0.04551101670527036,-0.015254739125312167,-0.049821868538856506,0.15179695188999173,-0.14131283760070804,-0.7073939360079842,0.9505330818582002,25.762697151780316,0.011373232564342813,-0.007638561808619205,0.06964069734367873,0.0015869179987930693,1
8.771984577178955,0.024570541456341743,-0.04762290045619011,0.5313999652862549,0.045253124049413694,-0.07031963767344465,-0.008705134554095408,0.0013513360550088116,0.047758599290399495,-0.01760090365791589,-0.06615617871284485,0.1507078558206558,-0.1424723267555237,-0.7342606391537638,0.94911353301029,25.77352995555656,0.01870450397685764,-0.008410361666778261,0.0714113331611557,0.0012734870033455081,1
8.781963109970093,0.02511954866349697,-0.048092763870954514,0.5312973260879517,0.05504776517150513,-0.06416337949464418,-0.007654336148637889,0.000598481896893599,0.04896924570762451,-0.01877846316256715,-0.06132087484002113,0.15437830984592435,-0.13535937666893008,-0.7663062234530026,0.9436381721295384,25.774233820215752,0.01931968888432352,-0.009935576166979026,0.07024136457110279,0.0012643390000448562,1
8.791956424713135,0.025758443400263786,-0.048581648617982864,0.5312142372131348,0.05451757442263796,-0.0675698892405455,-0.006805744304385693,7.705682905534417e-06,0.050131959687738537,-0.020295601018171183,-0.06091657280921936,0.12445390969514845,-0.13400499522686007,-0.7944928156141828,0.9414431751408249,25.77157897279286,0.01986107894915936,-0.0005878390793739967,0.07042468188246849,0.0012449990026652813,1
8.801967859268188,0.026346512138843536,-0.04902373626828194,0.5311108231544495,0.054960842828107294,-0.0583945812973565,-0.010510702183721403,-0.001537152249286411,0.051929678447765415,-0.022117506727652447,-0.09678636491298676,0.12277390807867049,-0.1160431131720543,-0.8230289940859471,0.9308645310496474,25.784198770451138,0.03345605416392859,0.0005635057177272031,0.06602668113172869,0.0012565199940581806,1
8.811959028244019,0.027036290615797043,-0.04944951832294464,0.5310251116752625,0.06664271640737111,-0.06413275012738089,-0.0071209131010779745,-0.0019793700297525696,0.052486373324267976,-0.0229220556102101,-0.07935986667871475,0.11137419939041136,-0.11844034492969514,-0.856343773223591,0.9266126463268849,25.777169829810205,0.030096611622960647,0.004762316086361629,0.06648059099422331,0.001054315005603712,1
8.821943044662476,0.027713680639863014,-0.049851950258016586,0.5309593081474304,0.05996897815467935,-0.055621955552598155,-0.009505223501253858,-0.0033259131024787614,0.054921565766407276,-0.024788085777816438,-0.0885419249534607,0.11184751242399214,-0.12181770056486131,-0.8841562844004529,0.9156076274107635,25.78296517223472,0.03408713776705427,0.004993804337380744,0.06823337004506662,0.0010103270033141598,1
8.831942081451416,0.028426166623830795,-0.05019430071115494,0.5308822393417358,0.07524240760560334,-0.05771956594161358,-0.007752837640480042,-0.0044511039008696685,0.05571587283300339,-0.02606320617372493,-0.10571583360433578,0.11905673891305922,-0.1178010478615761,-0.9213214606203886,0.9064094365863329,25.779436212861356,0.04186606438114895,0.0018457147199722303,0.0689894295661632,0.0009819779952522367,1
8.841935396194458,0.029190069064497948,-0.05054070055484772,0.5308427214622498,0.06962849925190852,-0.05533126014104189,-0.008879267015935562,-0.005516083536667438,0.05727444525637004,-0.02723851742700356,-0.09022105485200882,0.09831969439983367,-0.11116167902946474,-0.9539600279361053,0.8984422646460545,25.777608905224845,0.042823236681836976,0.0030903781090697666,0.06915360461179357,0.0011698000016622245,1
8.851937294006348,0.030717963352799416,-0.05106591060757637,0.5307899117469788,0.0796330346211027,-0.04776376875835451,-0.006426592688099976,-0.006607270159948886,0.05790898583048332,-0.028334312249496563,-0.10410955548286438,0.11616919934749602,-0.11237894743680955,-0.9804241218292585,0.8900824307815788,25.780789763665414,0.03957726226005274,0.009767125771046683,0.06764844025636993,0.0013331849986570887,1
8.861980676651001,0.03149416297674179,-0.051290225237607956,0.5307542681694031,0.07880481323673981,-0.04503864432919405,-0.00858895220312975,-0.008180920528870317,0.06005482093457415,-0.02992389938495954,-0.09415663778781891,0.10101684927940367,-0.08948191255331041,-1.0132851872564965,0.8764375151870939,25.773557698052336,0.04518807824249357,0.005449695208015724,0.06872363400954196,0.0011692419939208776,1
8.871970415115356,0.03149416297674179,-0.051290225237607956,0.5307542681694031,0.07880481323673981,-0.04503864432919405,-0.00858895220312975,-0.008180920528870317,0.06005482093457415,-0.02992389938495954,-0.09415663778781891,0.10101684927940367,-0.08948191255331041,-1.0443810279743078,0.8619971154073767,25.778131960551974,0.044854910681329754,0.008508131778507516,0.06240821369803519,0.0010476119932718575,1
8.882012605667114,0.03231777995824814,-0.0514708012342453,0.5307354927062988,0.08753748978764905,-0.04104931286267269,-0.007682555933188523,-0.009251346612912936,0.06085125818024517,-0.030971104087607504,-0.09492462873458862,0.1035766378045082,-0.10017096251249315,-1.0794542423137623,0.8456591299960192,25.776551145892967,0.046642347997140995,0.008469133465067467,0.06550262961794796,0.0011415219996706583,1
8.89199423789978,0.03318263962864876,-0.05162837728857994,0.5307167172431946,0.08681182538562267,-0.041043605995828174,-0.008863364943588158,-0.010439115326345227,0.062256574863817526,-0.031998907051099756,-0.10719136893749237,0.11222590506076811,-0.08723148703575136,-1.1128485748979655,0.8300809715289865,25.78009480188096,0.05217131373702496,0.005647465424655298,0.06270422409111259,0.001130490993091371,1
8.901952981948853,0.03405477851629257,-0.05176065117120743,0.5307055711746216,0.09127843369938071,-0.0348945187168832,-0.008304871904877751,-0.011354517917922191,0.06324558998136354,-0.03281230537259239,-0.08038768172264099,0.11655160784721373,-0.0843867138028145,-1.1470646220438583,0.8125654877457275,25.779011074044277,0.04593942972725518,0.004106873336794022,0.06167875266408543,0.0009279360019718297,1
8.911959648132324,0.03498319163918495,-0.05182487517595291,0.5307015180587769,0.09711478629359127,-0.03228035606588338,-0.008845710850037717,-0.012370289548041757,0.06452652343814114,-0.033745053954727044,-0.10105486959218979,0.11946497857570647,-0.07925711572170259,-1.1838344026807979,0.7935028342087641,25.780295604722806,0.05294477895506353,0.0028347916714757597,0.06058980695655428,0.0009779290048754774,1
8.92196273803711,0.03591768816113472,-0.05189736559987068,0.5307109355926514,0.09307158717266419,-0.030871972829174577,-0.007349024266858522,-0.013945386491190703,0.06628220174321342,-0.034846664145278705,-0.09763474017381668,0.12139910459518431,-0.07124999910593034,-1.2152277618718241,0.7751155016958049,25.775522127820523,0.05479900302094951,0.0015977341540463596,0.058600378174938565,0.0010195430004387163,1
8.931981563568115,0.036850862205028534,-0.05188284441828728,0.5307244658470154,0.10217082486712396,-0.020620055837420888,-0.007205770485444558,-0.014972298359971159,0.06714092342898192,-0.03563035639216272,-0.08191320300102234,0.13090723752975464,-0.062456592917442336,-1.2513108909829775,0.7512849328652241,25.77233358079604,0.0518217542667815,-0.0013018289661705644,0.05588565454830661,0.0016461970008094795,1
8.9423508644104,0.0378759391605854,-0.051863327622413635,0.5307623744010925,0.10709565112482315,-0.026479484974141775,-0.007109161807974337,-0.015951543052576955,0.06876237908452154,-0.03625911949669591,-0.09535276144742966,0.12838830053806305,-0.058487661182880415,-1.2885170029489887,0.7331030051763746,25.77044189612296,0.05619648354265487,-0.0007212787873487575,0.05437346153786618,0.0010462150021339767,1
8.952206373214722,0.03993629664182663,-0.05165107920765877,0.5308172106742859,0.1154832093504001,-0.017054500497102908,-0.005900124875041601,-0.01679866793450735,0.06957933071482136,-0.03679087369202927,-0.07390717417001724,0.12480657547712326,-0.05087746679782869,-1.3217760765716615,0.7172298064127661,25.76902562008673,0.05714545037926739,0.00032292033467039966,0.054374497231026976,0.001395255996612832,1
8.961976528167725,0.03993629664182663,-0.05165107920765877,0.5308172106742859,0.1154832093504001,-0.017054500497102908,-0.005900124875041601,-0.01679866793450735,0.06957933071482136,-0.03679087369202927,-0.07390717417001724,0.12480657547712326,-0.05087746679782869,-1.359392016192132,0.6963893978333221,25.763132570522657,0.05199276582591054,0.0018224755603804068,0.05218571868671477,0.0008454059934592806,1
8.97194218635559,0.041008200496435165,-0.05155356973409653,0.530852735042572,0.10897348817603167,-0.010234301091965596,-0.008217598515956196,-0.018120616250328236,0.07164976104982834,-0.03771992348477937,-0.08604653924703598,0.11994408816099167,-0.04741653427481653,-1.3914497010971956,0.6714040898648286,25.76866294402748,0.057062999946571914,0.0027797334063321983,0.051417966151022225,0.0010408390007796697,1
8.981945514678955,0.042102087289094925,-0.051347725093364716,0.5308802127838135,0.12319452300408064,-0.004262144813333496,-0.008844831196029326,-0.018981095215741206,0.07235857391780298,-0.03803906406366675,-0.07127834856510162,0.0978943333029747,-0.050259806215763106,-1.430877204362094,0.6445063343284656,25.771947419954984,0.05444938150112581,0.010029098252162656,0.052407408177645096,0.001048031001118943,1
8.991949796676636,0.04330531135201454,-0.05116787552833557,0.530932605266571,0.12214104066709378,-0.003635851757257992,-0.008635369641228834,-0.019532451955701635,0.07342587479174378,-0.03866272774666246,-0.05263907089829445,0.1362791210412979,-0.041486732661724104,-1.4686132022190166,0.6205718217989725,25.771790205150722,0.04904261640036045,-0.0006699070029767534,0.05012991445411248,0.0010117229976458475,1
9.00195026397705,0.044437263160943985,-0.05087832733988762,0.5309413075447083,0.12036816020237266,0.01193330087452624,-0.009897829432231574,-0.020370609026631126,0.07460032378784831,-0.038800975153161055,-0.0801355242729187,0.08162195980548859,-0.0262927319854498,-1.50057372786545,0.5861762123845198,25.775724971970504,0.058341979711573275,0.015228452496248662,0.044985802420960286,0.001038186004734598,1
9.011963844299316,0.04565593600273132,-0.05058373510837555,0.5309792757034302,0.13301785283977857,0.00069931148512255,-0.0063034498344233195,-0.02107478967148957,0.07507650669348642,-0.03924019859852246,-0.047510143369436264,0.08227353543043137,-0.016698362305760394,-1.5383766324105472,0.5647254662592723,25.763597206500148,0.04978888025266649,0.01774676918841336,0.04103131866927415,0.0009788370007299818,1
9.021963596343994,0.046887196600437164,-0.050301965326070786,0.5310115814208984,0.1286375373493261,0.010626596340362329,-0.01165053352661527,-0.021766173999554272,0.07706172977991299,-0.03948245470113143,-0.044776029884815216,0.10364440828561783,-0.017319926992058768,-1.5747960432158823,0.5372659298684507,25.776699868055903,0.04919902163419118,0.01064762910058701,0.040778761982213745,0.0010289689962519333,1
9.031965732574463,0.048185572028160095,-0.04994140937924385,0.5310322642326355,0.1426860092959612,0.014199869750063727,-0.009264876931613918,-0.0222213000763114,0.07771952239308932,-0.039732269777769336,-0.039788804948329926,0.08506752550601959,-0.002978306729346524,-1.616686700480584,0.5100129647696099,25.77251446025647,0.04810968621838148,0.015813118856195393,0.03617601287347086,0.0009946860009222291,1
9.041962385177612,0.049503784626722336,-0.0495607852935791,0.5310605764389038,0.13254407042956073,0.019519485135635103,-0.012009536698700763,-0.02248918956201562,0.07873809477187965,-0.03972495285014688,-0.028458895161747932,0.07334914058446884,0.007118182722479096,-1.653544214478731,0.4861315569192378,25.770200600280443,0.04792554341411569,0.01823301878373604,0.035337045537043664,0.0013817109938827343,1
9.051965713500977,0.05212812498211861,-0.048639629036188126,0.5310842990875244,0.14150145649857765,0.02652098424060813,-0.011377863599419428,-0.022814388165367294,0.07900562771399322,-0.03972557226639939,-0.028074076399207115,0.06522383540868759,0.012932956218719474,-1.6818564474610576,0.4610531089899519,25.778285682202554,0.04483553119899321,0.023089327301200998,0.031806724865913745,0.0010389539966126904,1
9.061964273452759,0.05212812498211861,-0.048639629036188126,0.5310842990875244,0.14150145649857765,0.02652098424060813,-0.011377863599419428,-0.022814388165367294,0.07900562771399322,-0.03972557226639939,-0.028074076399207115,0.06522383540868759,0.012932956218719474,-1.7158720875564903,0.4323649561604696,25.7783450569749,0.044929323524247736,0.027086908336054105,0.029320571617457616,0.0009998539972002618,1
9.071969747543335,0.05349133536219597,-0.04816408455371857,0.5310987830162048,0.14600589867951538,0.025841595161022437,-0.010436311349069787,-0.022955503168105018,0.08041064157133349,-0.039318572805922436,-0.009064601734280586,0.05630137026309968,0.028783250600099557,-1.7508897797034737,0.4078724722355469,25.774073335784056,0.03901876980155841,0.03008900462040873,0.02325094039378596,0.0010499179988983087,1
9.082012414932251,0.05489204078912735,-0.04764112830162048,0.5311270356178284,0.14808100461805018,0.03577687173850927,-0.009467839277917839,-0.022955503168105018,0.08041064157133349,-0.039318572805922436,-0.009064601734280586,0.05630137026309968,0.028783250600099557,-1.7842644276629465,0.37854774101360944,25.768089743499566,0.0385883021781422,0.03211413322894756,0.02216681100141155,0.0011420820010243915,1
9.092029333114624,0.056313104927539825,-0.04707273468375206,0.5311554074287415,0.15098032354825788,0.03400832385558712,-0.009106670198383104,-0.02314533618406056,0.08128167434310996,-0.038900336991079865,-0.0019154665060341358,0.05159794539213181,0.042104423046112054,-1.8178214777188686,0.35356285428657697,25.763505107818066,0.036344412816973044,0.034280059182481046,0.01731183192663958,0.0011272100018686615,1
9.101952075958252,0.05774076282978058,-0.0465051643550396,0.5312052965164185,0.14998272063949292,0.040545157561836076,-0.006958116553617477,-0.022752880746543358,0.08185002462216762,-0.03833089248370847,0.03819424286484718,0.05143920704722405,0.053750995546579354,-1.8475314143743973,0.3285363209312508,25.752988673236107,0.02318680607730151,0.03556403310255904,0.011768714872071259,0.0010385360001237132,1
9.111946105957031,0.059183813631534576,-0.04583700746297836,0.5312568545341492,0.1561434567439954,0.0459497004807454,-0.00756295706175186,-0.022516646829669806,0.08246145766545254,-0.03785698796017112,0.019455095753073692,0.057261489331722266,0.06553338468074797,-1.8808431603562517,0.30090275292610585,25.749872305777714,0.027101858269763572,0.03453527523655927,0.006818932458364822,0.00100620900047943,1
9.121947050094604,0.06069325655698776,-0.04522088170051575,0.5313295125961304,0.1569768936026616,0.03890212535902315,-0.004088804814678649,-0.0222503676035557,0.08266871449081314,-0.037110550877263115,0.032079439610242844,0.030215200036764155,0.07365671545267105,-1.9100434484676512,0.28222839181848114,25.735643858499284,0.022926764870821844,0.04422855840485325,0.0026123004912026815,0.0010313450038665906,1
9.132014989852905,0.06215726584196091,-0.04453721642494202,0.5313988924026489,0.15507584817258274,0.054533428866048846,-0.006283489551152954,-0.02149660820024968,0.08329968584530256,-0.03578780712742802,0.04461616277694702,0.04521409794688226,0.08814594149589539,-1.9382327002161752,0.25469245166673926,25.73648782827494,0.017955205692564757,0.0417774224976144,-0.003918526249669468,0.002880028994695749,1
9.142513513565063,0.0636911392211914,-0.043861910700798035,0.5314906239509583,0.16567458223408676,0.04492107312484789,-0.001408042676023172,-0.02096958758766787,0.08410138584652849,-0.03500701058482969,0.04812624678015709,0.035691224038600936,0.10587199777364731,-1.9702888395762324,0.23754956894933282,25.718690636532003,0.014972599862008492,0.0447241467513947,-0.011524679463234672,0.0008298370012198575,1
9.152215719223022,0.0651983916759491,-0.04317894205451012,0.5315812230110168,0.15535666054671304,0.05855833323109508,-0.005613757053227879,-0.020119465103234813,0.08437935193584822,-0.03375835831622487,0.06871291249990463,0.04983226209878923,0.0973217636346817,-1.9958889772436499,0.2130100185238204,25.725313546161008,0.007686272477377078,0.04234797423918932,-0.011208465604978353,0.00098309700115351,1
9.161970615386963,0.06671945750713348,-0.042441025376319885,0.5316759347915649,0.16773052513468645,0.054005477587576414,-0.0031919686312768406,-0.019615010083092077,0.0846928569403711,-0.032836435974784806,0.060385216027498245,0.06817828118801118,0.11638537049293517,-2.0182719806379437,0.19146600957777127,25.7276378806968,0.006721457830645268,0.043629652196224285,-0.011107684721929226,0.001201851002406329,1
9.171947479248047,0.06671945750713348,-0.042441025376319885,0.5316759347915649,0.16773052513468645,0.054005477587576414,-0.0031919686312768406,-0.019615010083092077,0.0846928569403711,-0.032836435974784806,0.060385216027498245,0.06817828118801118,0.11638537049293517,-2.048496623263485,0.17509831344045687,25.719010669148492,0.00816628406760292,0.0388294203442536,-0.017883193611124136,0.0010078150007757358,1
9.181945085525513,0.06981056928634644,-0.040994055569171906,0.5318541526794434,0.16846024996972667,0.06107984429569751,-0.005051848616755776,-0.018732096042883395,0.08576554829049288,-0.03168921338097519,0.08149945735931396,0.06670755147933961,0.11293803155422209,-2.081066928385513,0.15505283240051806,25.720527749850238,0.0009718157924556194,0.03888290175508448,-0.018998084239152942,0.0010109559952979907,1
9.191939353942871,0.07141521573066711,-0.04027334600687027,0.5319409966468811,0.16939185563623155,0.05959561423964668,-0.00605909284171827,-0.01733550424514485,0.08622827822723567,-0.029906901526744356,0.08195174485445023,0.07128840684890748,0.11961778253316878,-2.113431306698922,0.1386758437422609,25.723693114418566,-0.00204352434535306,0.038468772963700056,-0.02264738653045944,0.0010171710018767044,1
9.201948642730713,0.07297027856111526,-0.03955273702740669,0.5320050716400146,0.1649625897641556,0.06168803524637568,-0.008607480325247462,-0.016477053605478797,0.08689131433117803,-0.028620005040497,0.06943351775407791,0.06885548681020738,0.11897934228181838,-2.1423446342820114,0.12195231059386338,25.733211177764705,0.00040712941804432745,0.04014392399817398,-0.023810127580312472,0.0010700960046960972,1
9.211942911148071,0.07455488294363022,-0.03882073983550072,0.5320672392845154,0.17187148333327157,0.06337562924319626,-0.008988731403467837,-0.015411075594707224,0.08731528215319884,-0.027434677130898866,0.09910353273153305,0.06473979353904726,0.12601147592067719,-2.1748996120852238,0.1071629545696174,25.737251504671022,-0.009894524131718286,0.04253725798935402,-0.027538729955959088,0.0010013909995905124,1
9.22196364402771,0.07616298645734787,-0.03810414671897888,0.5321144461631775,0.17091603575585035,0.06160562802124906,-0.010635644261505662,-0.014453041376234488,0.08802382075122095,-0.026119926988459774,0.09072817862033844,0.060392346233129515,0.12809784710407257,-2.206110979319234,0.09483932245266534,25.743902712841052,-0.009973009965066105,0.044966481940674354,-0.02973425037757408,0.0010167520013055764,1
9.231963396072388,0.07775115221738815,-0.0373850055038929,0.5321508646011353,0.17074340581043357,0.06727950983637479,-0.01095686333818118,-0.013275481040403214,0.0884129008736334,-0.02477690014878986,0.09978527575731277,0.060371205210685744,0.129383847117424,-2.2357520753084064,0.08042577361449676,25.746945673331943,-0.01415960407573296,0.04649192495966754,-0.0316317701377833,0.000988333995337598,1
9.241967678070068,0.07937154918909073,-0.03662612661719322,0.5321815609931946,0.17590957877685276,0.06613477290558838,-0.011510056659353247,-0.011625876990192463,0.08945858982179278,-0.022904865405571684,0.09992188960313797,0.058907203376293196,0.13978496193885803,-2.268541656006215,0.06899159619204467,25.749130589558852,-0.017060625878074897,0.047268654364579,-0.03676337000409499,0.0010083730012411252,1
9.251964569091797,0.08099744468927383,-0.03593648970127106,0.5322215557098389,0.1698987036950749,0.06340438873354906,-0.010232809897832191,-0.010366180875518438,0.09003254497779212,-0.021423621721013753,0.09312113374471664,0.055103600025177016,0.12716823816299438,-2.2947110192966647,0.06093627338304355,25.74508549949647,-0.01698209973162987,0.049729205345755575,-0.03455067387704568,0.0009956660069292411,1
9.261974811553955,0.08259043842554092,-0.03520304709672928,0.5322594046592712,0.17435970903016326,0.06991601741565598,-0.010374702231323255,-0.009240974103157829,0.09049400753848591,-0.020224805710375104,0.11880940943956375,0.0502276048064232,0.12242443859577179,-2.323163582236901,0.05015720615055831,25.743020238917044,-0.02614732911216123,0.05269218587614472,-0.033770903234453725,0.0010862249982892536,1
9.271950006484985,0.08259043842554092,-0.03520304709672928,0.5322594046592712,0.17435970903016326,0.06991601741565598,-0.010374702231323255,-0.009240974103157829,0.09049400753848591,-0.020224805710375104,0.11880940943956375,0.0502276048064232,0.12242443859577179,-2.3481970180689995,0.040625093688522865,25.74175851552042,-0.02735012562634578,0.0545712757787624,-0.03363657736189125,0.0009911269953590818,1
9.281947374343872,0.08588669449090958,-0.03383420407772064,0.5323799848556519,0.173338636747977,0.07223702954864358,-0.008474778988945011,-0.007912057210786916,0.09118425206567027,-0.018838461750769753,0.09407342225313187,0.05213385075330736,0.14283092319965363,-2.3732739143575516,0.02909552030414508,25.733725700213437,-0.021687413414265538,0.05496284596860593,-0.04100041812270735,0.0010213599962298758,1
9.292083501815796,0.08920479565858841,-0.03247939050197601,0.5325356721878052,0.16933229565135147,0.06627602871616746,-0.006422551568727361,-0.004757024962472656,0.09282634674191392,-0.015410949921902173,0.12040816992521286,0.0589689686894417,0.14816194772720337,-2.4023284020997915,0.02748398795351498,25.717033701614962,-0.027157669988117736,0.054165310883348604,-0.03904918761132829,0.0013170579986763187,1
9.301953315734863,0.08920479565858841,-0.03247939050197601,0.5325356721878052,0.16933229565135147,0.06627602871616746,-0.006422551568727361,-0.004757024962472656,0.09282634674191392,-0.015410949921902173,0.12040816992521286,0.0589689686894417,0.14816194772720337,-2.422883151925735,0.024001788575640885,25.715013165491648,-0.034245899708995574,0.05416485343884082,-0.04671059907702216,0.0010523620003368706,1
9.311963558197021,0.09085293859243393,-0.03180088847875595,0.5326175093650818,0.18350709971488582,0.06370444555978538,-0.0028587045495492595,-0.0037853702548429347,0.09288781358379294,-0.01391169927678737,0.09917256236076355,0.038499977439641966,0.13507062196731567,-2.450419873139741,0.02175502104654885,25.70068336118411,-0.029784919257618447,0.06160954989330634,-0.04449206597646459,0.0009876359981717542,1
9.321962594985962,0.09256696701049805,-0.031216850504279137,0.5327244400978088,0.17433501777628968,0.05933707192111993,-0.0032641677885629694,-0.0025173908910400833,0.09377063173948796,-0.012686975646039045,0.11347784847021103,0.0777871757745743,0.14515401422977448,-2.473006546141047,0.023941301522818294,25.695585798642416,-0.035627290345061575,0.05121374485689823,-0.0487645873105047,0.001019474999338854,1
9.331979990005493,0.09418698400259018,-0.03057202883064747,0.532812774181366,0.17548824840722954,0.06723744389332735,-0.0025176540748623605,-0.0006751807706169011,0.09389902965313057,-0.010298926646149287,0.09651339054107666,0.023657543584704416,0.1553516685962677,-2.4931489865904823,0.020349788015917605,25.690390476244367,-0.033229927940645776,0.06816634012878559,-0.05403812076577925,0.001955791005457286,1
9.342289447784424,0.09589648991823196,-0.029996132478117943,0.5329355001449585,0.18198980389824432,0.05450326548656164,0.0022282978254638177,-0.00012353487973149058,0.09420970731123246,-0.009746096685397276,0.09820928424596786,0.023339381441473978,0.15318652987480164,-2.5154718378347347,0.026029001034216237,25.67074733483528,-0.034698482018036464,0.07165251282906444,-0.05497937920838609,0.000985681006568484,1
9.35239052772522,0.09755687415599823,-0.02944498136639595,0.5330538749694824,0.17382450400279564,0.06348352128258028,-9.798400779810571e-05,0.0019172276106766972,0.09509644707378362,-0.00735460764835949,0.11769020557403564,0.053896795958280584,0.15632353723049164,-2.5348484911498304,0.026467440630462597,25.670215348939116,-0.04333588938733946,0.06342124569510715,-0.058328429811385335,0.0011374750029062852,1
9.361970663070679,0.09926573932170868,-0.028880387544631958,0.5331776142120361,0.18581537900786338,0.05520088955945464,0.0039967070773419015,0.0030147712372836644,0.09557048168625171,-0.0060392711609336125,0.08862946182489395,0.04286290705204012,0.15704451501369476,-2.560000353578519,0.03161612978113202,25.654535255694125,-0.03709812420629035,0.0662114685085673,-0.0596152567157431,0.0008375879988307133,1
9.37195897102356,0.10097689926624298,-0.028375273570418358,0.5333059430122375,0.17503771183848707,0.056314758924009535,0.00043362433118382957,0.0042291535627621,0.09616959388426638,-0.004504180554778525,0.11169992387294769,0.03202830255031588,0.14379267394542694,-2.5789571464042664,0.036793365445204736,25.66012943635075,-0.04487231697779929,0.07132543315684764,-0.0569684624702859,0.000982678000582382,1
9.381975173950195,0.10264918953180313,-0.027849523350596428,0.5334196090698242,0.18042065198360713,0.054562624499430785,0.00019981035832425566,0.005575586115526221,0.09631584564479168,-0.0031497457035052356,0.11351526528596878,0.05328579992055894,0.14023923873901367,-2.595605443934655,0.04125509325588403,25.662102995201774,-0.04588560388045566,0.0736533929858398,-0.05649579294243966,0.0012413000004016794,1
9.391972780227661,0.10600930452346802,-0.02692469209432602,0.533661961555481,0.17650964856764143,0.0508849397316968,0.0002832387672564047,0.007275665720164692,0.09715902497613715,-0.0009949695465620856,0.0934663936495781,0.034733768552541754,0.14554308354854584,-2.6173842339504754,0.046882850060836374,25.662756962302335,-0.048375466091987916,0.06859060045471481,-0.05640865646981567,0.0011681969990604557,1
9.401971578598022,0.10600930452346802,-0.02692469209432602,0.533661961555481,0.17650964856764143,0.0508849397316968,0.0002832387672564047,0.007275665720164692,0.09715902497613715,-0.0009949695465620856,0.0934663936495781,0.034733768552541754,0.14554308354854584,-2.637776705430246,0.05397429199448442,25.661710280207366,-0.0448303438842891,0.0743514465192163,-0.05928713129297664,0.001031484003760852,1
9.41196870803833,0.1076902523636818,-0.026479655876755714,0.5337774753570557,0.17957249285535443,0.04687963053408016,0.0016256986164436367,0.008483264624475684,0.09745183794910472,0.0004684568904265163,0.10593588650226593,0.04359335079789163,0.12957993149757385,-2.659888608028503,0.06391022186509966,25.65570748520651,-0.049818996303938545,0.07356373050900103,-0.05596489596320663,0.0010314150058547966,1
9.42196273803711,0.10939320176839828,-0.02608414739370346,0.5338895320892334,0.17922993002241996,0.04439103604184215,0.0013386707299069573,0.009401134224185093,0.09796104906137781,0.0017771664962888956,0.079869844019413,0.04881092533469202,0.1430635154247284,-2.6820416197085404,0.07378159347229137,25.65338300522948,-0.04379284287392524,0.07278670797660355,-0.060299101072521066,0.0010112350064446218,1
9.431964635848999,0.11106674373149872,-0.02570435404777527,0.5339944958686829,0.17588274175632068,0.04360502961960796,0.0015695888358616497,0.010648263925935542,0.09839633122924951,0.0032696541217509534,0.08481717854738235,0.0485435873270035,0.14410875737667084,-2.7014417730841647,0.08386713375434043,25.651008395765086,-0.04619467671933483,0.07401917553848092,-0.06265674131895714,0.0010237339956802316,1
9.441962480545044,0.11275191605091095,-0.02535836398601532,0.5340931415557861,0.17648446558893235,0.03866115958393287,-0.00021126185730780116,0.012039809703808135,0.09918920234700668,0.005280236055887233,0.07618784159421921,0.05460503324866296,0.13093236088752747,-2.7229682985697092,0.09682353207616695,25.65534196942015,-0.04569627720168745,0.0728884608370976,-0.06011161759111325,0.0010345560003770515,1
9.451958417892456,0.11441517621278763,-0.025059405714273453,0.5341836810112,0.1735811083581892,0.03687698404632189,0.001545466227662382,0.012273861294588517,0.09934972985091273,0.00592881442909432,0.050684161484241486,0.05186124145984651,0.12936142086982727,-2.7407951165055238,0.10820751878774351,25.65037215614444,-0.0380409200438755,0.07511820158298017,-0.05911726756350392,0.0009964330020011403,1
9.461962938308716,0.11609340459108353,-0.024774527177214622,0.5342757701873779,0.1783543227875724,0.03669013845284601,0.0014899834732778317,0.013612424531981748,0.10005138769040967,0.007982103684347486,0.07195355743169785,0.053765259683132186,0.13162344694137573,-2.762689352800307,0.12026795566896323,25.647607796679587,-0.04544312530551564,0.07544776998894077,-0.06151165754662944,0.0010335789993405342,1
9.471961259841919,0.11780909448862076,-0.024544283747673035,0.5343666076660156,0.17738750563201708,0.027593340916086076,-0.0006006737729081962,0.014215353115517804,0.10073818403708801,0.009303890394986691,0.03518354147672653,0.06109481677412988,0.13040438294410706,-2.785454834358746,0.13641311014353108,25.652782540469598,-0.036094050958214025,0.07412194049870213,-0.061899393061725656,0.0013327669948921539,1
9.481945514678955,0.12122614681720734,-0.024173719808459282,0.5345186591148376,0.17829430100780536,0.02331083085875737,0.00027373567331219874,0.014526966404778907,0.10120490377551761,0.010431767664283775,0.028408003970980644,0.056610688567161574,0.12708419561386108,-2.805343677991055,0.15066555392680325,25.65448775759467,-0.03485823798639033,0.07549646874630582,-0.06198448280483331,0.0009158579996437766,1
9.491946697235107,0.12122614681720734,-0.024173719808459282,0.5345186591148376,0.17829430100780536,0.02331083085875737,0.00027373567331219874,0.014526966404778907,0.10120490377551761,0.010431767664283775,0.028408003970980644,0.056610688567161574,0.12708419561386108,-2.8274613241872637,0.16591166076567718,25.65103283963954,-0.03310439712387412,0.0780495837364827,-0.06153436465557668,0.0010189860040554777,1
9.502027988433838,0.12464046478271484,-0.023993082344532013,0.5346480011940002,0.17749425765128213,0.022877710010695492,4.79643866984345e-05,0.015479561389591279,0.10252428032125538,0.01293161941537102,0.008718590252101421,0.06872212141752244,0.11672684550285338,-2.846723087178577,0.18032426231022733,25.64866762614388,-0.02797521372173498,0.07474369643408829,-0.05936868622588114,0.0014930089964764193,1
9.512012004852295,0.12464046478271484,-0.023993082344532013,0.5346480011940002,0.17749425765128213,0.022877710010695492,4.79643866984345e-05,0.015479561389591279,0.10252428032125538,0.01293161941537102,0.008718590252101421,0.06872212141752244,0.11672684550285338,-2.8691716153970663,0.19254012839962964,25.64783117912063,-0.02725747319611596,0.07580212278697605,-0.05897326566155326,0.0010282030052621849,1
9.521963596343994,0.12637959420681,-0.02398567646741867,0.5347074270248413,0.17504847038327573,0.01196743394848524,0.002408505374040781,0.015779491373552723,0.10333727656431702,0.014587730936494125,0.009755494073033333,0.05643703415989877,0.10886069387197495,-2.887763425207752,0.21148399498508555,25.638580896493906,-0.028173615356978723,0.08044939224851556,-0.057406831552926814,0.0011314700022921897,1
9.531984090805054,0.1280914843082428,-0.023980025202035904,0.5347550511360168,0.17483553267967214,0.02092537704003471,-0.00019551342522245203,0.01596207932781679,0.10410770256795487,0.015661655311714817,-0.0089481296017766,0.07727979123592378,0.10683503746986388,-2.9094416838720374,0.221616325632025,25.643014665450664,-0.02241888322721099,0.07521392073732605,-0.05673824260451106,0.0016168049987754785,1
9.542294979095459,0.1315947324037552,-0.024129502475261688,0.5348443388938904,0.17038495823805294,0.012932232965539038,0.0003361193224342164,0.01629872111969588,0.10566380426823585,0.01757419084441203,-0.001210690476000309,0.056001324206590666,0.08687669783830643,-2.931276756111187,0.242261612250174,25.63299007674429,-0.022853965704718218,0.08289838967977589,-0.05430330675004129,0.002641935003339313,1
9.55221962928772,0.1315947324037552,-0.024129502475261688,0.5348443388938904,0.17038495823805294,0.012932232965539038,0.0003361193224342164,0.01629872111969588,0.10566380426823585,0.01757419084441203,-0.001210690476000309,0.056001324206590666,0.08687669783830643,-2.9488011120086925,0.255489106818575,25.637559558550794,-0.024613382991454342,0.08368748147935844,-0.05095147717842443,0.0008274639985756949,1
9.561957597732544,0.13335078954696655,-0.024202853441238403,0.5348805785179138,0.1804615557036849,0.005036596270750759,0.0027667508627974486,0.016079962014920124,0.10629517074655048,0.018738444609568194,-0.029772501438856125,0.057326618582010276,0.07761783897876738,-2.9722931677756517,0.27175934048921474,25.62976747113232,-0.015884341098112112,0.08374505851080631,-0.04742464756835722,0.001011864995234646,1
9.571959972381592,0.1351061314344406,-0.024386726319789886,0.534924328327179,0.16886426503278693,0.00013278233956856133,0.0010092712597380821,0.015988433787684553,0.10750964920207462,0.01965015484302368,-0.012506963685154915,0.057997256517410285,0.07650566101074217,-2.988887536072791,0.2908676436403414,25.632294496526868,-0.020161651979972644,0.08408054006284034,-0.04726658909993145,0.0009859600031631999,1
9.581970453262329,0.1368330419063568,-0.024553071707487106,0.5349514484405518,0.17777886973096305,0.0014776349053497596,0.002700452703195358,0.01603994109667095,0.10757787258101237,0.020280770463566355,-0.02316862903535366,0.0718495398759842,0.061400562524795525,-3.011534222574615,0.3065057801028993,25.62640267312421,-0.01724717031031266,0.08097794145006265,-0.0424249626620314,0.0010036950043286197,1
9.591973304748535,0.1403622180223465,-0.025057215243577957,0.5350300073623657,0.17295989387965083,-0.0034681630122289087,0.0023438849465809196,0.01567295621872189,0.1089443709137643,0.020899639918284585,-0.030356138944625854,0.0560237430036068,0.05773832276463508,-3.0314646395653337,0.3202660971896994,25.623555910508802,-0.016847409506055306,0.08225677876586475,-0.04154082639875729,0.0013155910055502318,1
9.601958990097046,0.1403622180223465,-0.025057215243577957,0.5350300073623657,0.17295989387965083,-0.0034681630122289087,0.0023438849465809196,0.01567295621872189,0.1089443709137643,0.020899639918284585,-0.030356138944625854,0.0560237430036068,0.05773832276463508,-3.0505485559268974,0.336299061810009,25.622802461053954,-0.01421699532040551,0.0873797384147888,-0.0403555143374882,0.0010205219950876199,1
9.611961603164673,0.14217233657836914,-0.0253310427069664,0.5350643396377563,0.17969509956625765,-0.011919321182382283,0.0051530588180185915,0.015272407839304059,0.11011304384134846,0.02190354236483172,-0.04054602235555649,0.06499867141246796,0.0441218577325344,-3.0734706045293625,0.35627993919200707,25.61152101312786,-0.01036832574311428,0.08513357980547867,-0.03596969366365838,0.0009857510012807325,1
9.621969938278198,0.14395517110824585,-0.02566891722381115,0.5351009368896484,0.17069688435057134,-0.012782880739517602,0.0025452162233956747,0.015272407839304059,0.11011304384134846,0.02190354236483172,-0.04054602235555649,0.06499867141246796,0.0441218577325344,-3.0914816429426972,0.37510277401140285,25.615675907496335,-0.009880848592489111,0.08682206031087161,-0.035182321328055516,0.0010151449969271198,1
9.631963014602661,0.14573773741722107,-0.02600393444299698,0.5351195335388184,0.17714582381809466,-0.013905147873722419,0.003237154986011855,0.015075487344423877,0.1110762098422553,0.02262274133540476,-0.023131113499403,0.06485971063375473,0.03462783992290496,-3.1142123643762867,0.3936735365874595,25.613908973152427,-0.014889310822578687,0.08724197587165729,-0.032598383273705824,0.0009930820015142672,1
9.64196252822876,0.147551491856575,-0.02639067731797695,0.5351358652114868,0.1745838820409072,-0.02074016217708988,0.0016498852743769697,0.014701624392079449,0.11195735930376838,0.022856262480684286,-0.03411154821515083,0.07690812647342682,0.025815358385443677,-3.136734940726596,0.41484788762907765,25.61791721909019,-0.011779581652624386,0.08412016911223211,-0.029083734530431563,0.001005022000754252,1
9.651963949203491,0.14933381974697113,-0.026808228343725204,0.5351359248161316,0.17200362679564662,-0.021448338188335025,0.0014803240512047732,0.014431953719450163,0.11278832675359318,0.023212841959035835,-0.04296153411269188,0.07915828377008438,0.022417210042476644,-3.1575774509081005,0.4341265119060215,25.619516688757308,-0.008256040446187767,0.08365196544281514,-0.02729797462684633,0.0009990170001401566,1
9.661962270736694,0.15113714337348938,-0.02723507769405842,0.5351422429084778,0.1768267005647246,-0.023011619194386657,0.002033542920501126,0.013976839193272639,0.11380538355258807,0.023296298284326333,-0.03373729810118675,0.06859426945447922,0.009491768665611735,-3.1814036134337242,0.4528820757154433,25.61728682816838,-0.00995907938652612,0.08703434099826202,-0.02283714359431787,0.0010442620041430928,1
9.671971321105957,0.15294577181339264,-0.027697069570422173,0.5351453423500061,0.17167112230901826,-0.027496198157010942,0.001481321114904466,0.013470809740542933,0.11470372714108512,0.023524276211803308,-0.05221311375498772,0.07906431704759598,0.012029405683279027,-3.2023448778434727,0.4722587702926495,25.617706975645817,-0.003977925814711173,0.08506887988318014,-0.022505672464444224,0.0010218489987892099,1
9.681971311569214,0.15472479164600372,-0.028177564963698387,0.5351458787918091,0.17319591343137672,-0.02487193230298497,0.0033053090191358186,0.013253088209004282,0.11520607239385505,0.02349195279140215,-0.0440090037882328,0.07253670692443848,-0.0013432481791824191,-3.2229015343994574,0.48809883727809233,25.61084814297464,-0.0052011010022980485,0.0875895402963821,-0.01812360372797585,0.0011101039999630302,1
9.691951751708984,0.1565496325492859,-0.028660178184509277,0.5351402759552002,0.1776410490048085,-0.03019547620297316,0.002175488928438066,0.012796165691558503,0.11621745094079827,0.02351013483243225,-0.042356811463832855,0.07538251578807831,0.006694152485579243,-3.248056388237228,0.5065618978804147,25.610941850168494,-0.005562688072149223,0.08724156018769247,-0.019902877452877988,0.0010213599962298758,1
9.701969385147095,0.15835553407669067,-0.0292153749614954,0.5351315140724182,0.1710453331391075,-0.03339926447150681,0.0037005915646299683,0.012390332514976787,0.11695346359730818,0.023698195950253798,-0.052662111818790436,0.07081867009401321,-0.007703050971031198,-3.26688908579914,0.5249458902717455,25.60531814668556,-0.0018054131530462385,0.08953961748167497,-0.015332311794870837,0.0014958030005800538,1
9.712045192718506,0.15835553407669067,-0.0292153749614954,0.5351315140724182,0.1710453331391075,-0.03339926447150681,0.0037005915646299683,0.012390332514976787,0.11695346359730818,0.023698195950253798,-0.052662111818790436,0.07081867009401321,-0.007703050971031198,-3.283543578736687,0.5411216582073557,25.60261699056119,-0.001304875667610898,0.0915498190293715,-0.01447159107999409,0.001050965001923032,1
9.721962928771973,0.16196571290493011,-0.030281338840723038,0.5351219773292542,0.17130425574346123,-0.038949731328673985,0.004768463983332392,0.012008962777672938,0.11759711391593264,0.023442606618270467,-0.03159775957465172,0.08433897793292999,0.004312450997531404,-3.3032280544304475,0.5614117762883291,25.59687755063283,-0.00763915777960401,0.088350109501485,-0.01846841104667531,0.0010249900005874224,1
9.73204255104065,0.16372299194335938,-0.030858295038342476,0.5351265072822571,0.1693628877365792,-0.03141070891522523,0.0035077085654593903,0.011424137357961772,0.11864773295883113,0.02339130810084944,-0.048925887793302536,0.06423402577638626,-0.008895883336663255,-3.3223856148974567,0.5735126898537161,25.598460452402836,-0.0018348292148106533,0.09456354703915938,-0.014323470761608463,0.0012417190009728074,1
9.742281675338745,0.16735701262950897,-0.032052431255578995,0.5351659059524536,0.16482849419009035,-0.03537286801992536,0.003692009784768942,0.01083617316952834,0.12040960001990086,0.022994855937392256,-0.02759416587650776,0.06825800240039825,-0.008343117311596879,-3.3469553554044995,0.5934664026306224,25.585197929473598,-0.005458697591493309,0.09354831061974264,-0.009129850918979573,0.0029025109979556873,1
9.752251863479614,0.16735701262950897,-0.032052431255578995,0.5351659059524536,0.16482849419009035,-0.03537286801992536,0.003692009784768942,0.01083617316952834,0.12040960001990086,0.022994855937392256,-0.02759416587650776,0.06825800240039825,-0.008343117311596879,-3.3635132405433628,0.6065436103291654,25.59153780857944,-0.007546057943254058,0.09524538112729439,-0.012821297723878449,0.0008204810001188889,1
9.761980772018433,0.16910380125045776,-0.032601192593574524,0.535178542137146,0.1736965328849368,-0.03791816122357506,0.007416728205755055,0.010151150721436686,0.12044009690261559,0.02272027026493939,-0.05144242197275162,0.029672272503376004,-0.018009563907980922,-3.3822957651039838,0.6190352936119743,25.580595549046556,0.0005110412002053318,0.10873879476670578,-0.009542860485853115,0.001112618003389798,1
9.77197003364563,0.1709141731262207,-0.0332438163459301,0.5352193117141724,0.1678921878401075,-0.04347657407609169,0.00708609047882284,0.00995804745705442,0.12171061528273963,0.02238120271121735,-0.01809266023337841,0.06817170977592468,-0.034346088767051704,-3.399747167693462,0.6358815769869919,25.576289965379036,-0.008533369819238282,0.09872672943099893,-0.003975074537603462,0.0010228259998257272,1
9.781965255737305,0.17264112830162048,-0.03385571762919426,0.5352396965026855,0.16768924896081205,-0.039145476748577365,0.0071452034244963445,0.009342481840783456,0.12174475812356089,0.022199424899887354,-0.03796470910310745,0.040489524602890015,-0.019993152469396595,-3.4161390924253494,0.6473070720973859,25.574074628030193,-0.0027569938586525294,0.10765260512849927,-0.0069905788240079356,0.0010327409981982782,1
9.791963815689087,0.1744500994682312,-0.03448975831270218,0.5352834463119507,0.17367397252082317,-0.044336963282785524,0.009726574617678889,0.009114200305083475,0.12260262607631844,0.02162378565541978,-0.03260461986064911,0.04925175383687019,-0.042894445359706886,-3.4361266004294717,0.6616598088833863,25.563044222635032,-0.0032732215457803586,0.10640516168475854,0.00026717824902135635,0.000993360998108983,1
9.801965236663818,0.17621512711048126,-0.03510170802474022,0.5353150963783264,0.16440965240741812,-0.04122157346404547,0.006782128387640682,0.008886382442259144,0.12283207859903378,0.021395846874417757,-0.02716621197760105,0.051440786570310586,-0.050520569086074836,-3.4521353468248583,0.67288409329258,25.568500468618062,-0.004501251134396154,0.10724473448969597,0.004228608377347795,0.0010332999954698607,1
9.811963558197021,0.17977771162986755,-0.03630625456571579,0.535390317440033,0.16383273899929218,-0.04394559187008014,0.007142113357912092,0.008252378245200642,0.12332927289748952,0.020806762029002,-0.049655407667160034,0.04341903328895568,-0.04068346321582795,-3.4661160078421362,0.6827134246927805,25.57039306420525,-0.004652599042077126,0.10903769949307884,0.00497250308137243,0.0012641319990507327,1
9.821974277496338,0.17977771162986755,-0.03630625456571579,0.535390317440033,0.16383273899929218,-0.04394559187008014,0.007142113357912092,0.008252378245200642,0.12332927289748952,0.020806762029002,-0.049655407667160034,0.04341903328895568,-0.04068346321582795,-3.4823700552619545,0.6936626742413884,25.5692406624957,0.0028857453037770577,0.11277036950675591,0.002831459762564193,0.0010302279988536611,1
9.831962585449219,0.1832726150751114,-0.03745375573635101,0.535429060459137,0.16728720070745448,-0.04346809861718533,0.005010807200971559,0.00763062477016474,0.12400784050243407,0.019897540447280093,-0.03623667359352112,0.03486447036266326,-0.04595854505896569,-3.498230494660016,0.7036388121105752,25.566811120460375,0.0006083421148622794,0.11672739246570273,0.004535626044969066,0.001056200999300927,1
9.841964960098267,0.1832726150751114,-0.03745375573635101,0.535429060459137,0.16728720070745448,-0.04346809861718533,0.005010807200971559,0.00763062477016474,0.12400784050243407,0.019897540447280093,-0.03623667359352112,0.03486447036266326,-0.04595854505896569,-3.5195733367068707,0.7133694412679685,25.573740905829712,0.0003304652132488066,0.11876490729587857,0.004882697681065903,0.001035604000207968,1
9.851966142654419,0.18504598736763,-0.03804786503314972,0.5354286432266235,0.1612386703737786,-0.04866027786292468,0.004477916943927716,0.0067691485702701115,0.12473807053283581,0.019104694961202817,-0.04798310995101929,0.0427662432193756,-0.043451901525259025,-3.5373863352015604,0.7252455964207153,25.57808637767568,0.0048495398266954395,0.1174994794786171,0.005041989006990165,0.0010895070008700714,1
9.861977338790894,0.18676574528217316,-0.03859386220574379,0.5354247689247131,0.1618787646034853,-0.04013788291778344,0.0028815158855258613,0.006615552500950361,0.1251409199210629,0.01869758357452822,-0.023503601551055908,0.049339484423398965,-0.045833677053451545,-3.5575267652216387,0.7311645822987913,25.584577999368477,-0.0016088889407572153,0.11636278960091817,0.0056229061346842165,0.0010713520023273304,1
9.871962308883667,0.18856826424598694,-0.03914889693260193,0.5354244112968445,0.16880218684280088,-0.05092366764747919,0.003334042813450576,0.005934866328710875,0.1253972291136698,0.017951487776505015,-0.041683536022901535,0.050721663981676095,-0.06027288734912873,-3.582214716523632,0.7434085785109747,25.584805830021164,0.0038785350445772115,0.11684399166796741,0.01147272739924813,0.0010113050011568703,1
9.881965160369873,0.19030781090259552,-0.03970831260085106,0.5354063510894775,0.15438041080875536,-0.04030758849601068,-0.001164494511720919,0.005619909033351966,0.12626927580836034,0.017586397489564476,-0.03670547902584076,0.0505416952073574,-0.05776733905076981,-3.6001057993815113,0.7472992209061006,25.600429355052064,0.0038417244584206594,0.11819092862731383,0.011972663589184055,0.0010843400013982318,1
9.891965627670288,0.1920541226863861,-0.04021001607179642,0.5353804230690002,0.1676324307278975,-0.04742793323956333,0.0014446264696427768,0.004889304326319177,0.12625481133533922,0.016598954236714647,-0.036203064024448395,0.06003662943840026,-0.06087643653154374,-3.6256178551349816,0.7558389027008166,25.596594090348454,0.004380788537593971,0.11639963972954007,0.013817370071199197,0.0010391640025773086,1
9.901964664459229,0.1938115954399109,-0.04077915847301483,0.5353568196296692,0.1541134565601993,-0.04528683782009847,-0.001928438302641729,0.004356459690375125,0.12714402131957891,0.01620648515240486,-0.04413748160004616,0.06327199935913086,-0.05397206917405129,-3.6441241450032993,0.7618783777997081,25.606683428119865,0.007622395049724707,0.11616176801213722,0.012431786513461308,0.0009377820024383254,1
9.912020206451416,0.1955036222934723,-0.04126199334859848,0.5353143215179443,0.16115599864098124,-0.04105202086663493,-0.0004871832400554003,0.003763662510396504,0.12698755783482607,0.015698898554405094,-0.034045685082674026,0.03249879926443099,-0.06004073843359948,-3.664065454982304,0.7644126777240219,25.605240406185235,0.005649325278646081,0.12720289819798267,0.014198827791811454,0.0010913220030488446,1
9.922424793243408,0.19726482033729553,-0.041782740503549576,0.5352901816368103,0.15771813688200678,-0.04551437862561204,-0.0013654462816460732,0.003308237678022685,0.12792879699629056,0.015020877928547005,-0.055615924298763275,0.04788112267851829,-0.06280554085969925,-3.6845568348109627,0.7695022492545888,25.60719134169585,0.012834070106742994,0.12455623133117306,0.01668717121520633,0.0011174360042787157,1
9.93225908279419,0.20066840946674347,-0.04272933304309845,0.5352253317832947,0.1599966883512026,-0.04184781382837778,-0.0001520352799043844,0.002561362231979114,0.1280427175071548,0.014677927769543686,-0.04870830476284027,0.05929534509778022,-0.05198378860950471,-3.702451391910158,0.7740541903563726,25.60754287067487,0.01374482153935733,0.12573077005182717,0.017110470821550944,0.0026743320049718022,1
9.941975116729736,0.20066840946674347,-0.04272933304309845,0.5352253317832947,0.1599966883512026,-0.04184781382837778,-0.0001520352799043844,0.002561362231979114,0.1280427175071548,0.014677927769543686,-0.04870830476284027,0.05929534509778022,-0.05198378860950471,-3.723856388494826,0.7766353799495985,25.60273238521041,0.012645078618582871,0.12355742259360168,0.013899897153161436,0.0008260670001618564,1
9.951936960220337,0.2023838311433792,-0.04318661615252495,0.5352008938789368,0.15408498038651888,-0.040304895249990834,-0.0011467828148249792,0.0020230477519889156,0.12890456701911246,0.013843142059351443,-0.053788088262081146,0.02733237296342849,-0.04670020565390587,-3.740725866624445,0.777638775989759,25.60412517686621,0.014781113653289097,0.13395346997513155,0.012246917632759187,0.0009777910017874092,1
9.961963176727295,0.2023838311433792,-0.04318661615252495,0.5352008938789368,0.15408498038651888,-0.040304895249990834,-0.0011467828148249792,0.0020230477519889156,0.12890456701911246,0.013843142059351443,-0.053788088262081146,0.02733237296342849,-0.04670020565390587,-3.755610436923276,0.7785539253219531,25.604305955254723,0.015075697592159864,0.13676785089855525,0.011970044655702682,0.0010083729939651676,1
9.971929550170898,0.20574742555618286,-0.04402410238981247,0.5351633429527283,0.155970811766402,-0.03820933380845246,0.0006612931615438728,0.000661434840765196,0.12965845294943312,0.012903000527581199,-0.049834057688713074,0.04678429663181304,-0.040638446807861335,-3.7740451683624063,0.7782054260206512,25.597319077663485,0.015624086239509515,0.1315015633254648,0.010804643683761044,0.001003694997052662,1
9.981927156448364,0.20741355419158936,-0.044460393488407135,0.5351557731628418,0.1489515750959616,-0.03915236494905822,0.0021187108106120417,-0.0002023321821442714,0.1304860715182894,0.012410281108552024,-0.062395475804805756,0.055583864450454705,-0.03339489549398423,-3.7870184582985558,0.7780928484621269,25.589258697159025,0.020554109831697535,0.1287682503222906,0.008996248375938234,0.001020591997075826,1
9.991928100585938,0.209064319729805,-0.0448186881840229,0.5351561903953552,0.1555615215737856,-0.029806045620417436,0.0020986133550299894,-0.0009328732587765565,0.13079741381083654,0.011823830240052402,-0.05831078812479973,0.03915001079440116,-0.042990330606699,-3.804800392034677,0.7713949245556788,25.585337105129717,0.02133789430231665,0.13431774196742957,0.012300165271455634,0.0009932219982147217,1
10.001924991607666,0.21075783669948578,-0.04518286511301994,0.5351637601852417,0.15149736401376893,-0.03868459899770669,0.0027002547709566527,-0.0017090304798115241,0.13170797795186973,0.011557155865257851,-0.06376847624778748,0.067179374396801,-0.036803431808948524,-3.8204493301189317,0.7717502489105175,25.5810802628331,0.02371604441401463,0.1268494692559129,0.011390167504359302,0.0010446809974382631,1
10.011931896209717,0.2123575359582901,-0.04553239792585373,0.5351657867431641,0.14521075776262518,-0.027546711084727487,0.001147869601593656,-0.002623308899367238,0.13186760209654835,0.011266427334519324,-0.08349615335464478,0.05019611865282058,-0.02989799156785012,-3.832233586358164,0.7632433790544861,25.584951422853344,0.03163438078547875,0.13259026568308147,0.009842549649041592,0.0010693279982660897,1
10.02192234992981,0.21399958431720734,-0.04584447294473648,0.5351802706718445,0.15299043055154699,-0.034191850350583114,0.004991230630466336,-0.0032199651617519365,0.1325540238649472,0.010698265876043944,-0.06060248240828514,0.04680484160780907,-0.02830977179110051,-3.8468299106352055,0.7616308098451577,25.572154631414204,0.026007705666645235,0.1347362623157134,0.008915716776320108,0.0010204520003753714,1
10.031938791275024,0.21399958431720734,-0.04584447294473648,0.5351802706718445,0.15299043055154699,-0.034191850350583114,0.004991230630466336,-0.0032199651617519365,0.1325540238649472,0.010698265876043944,-0.06060248240828514,0.04680484160780907,-0.02830977179110051,-3.8599051680399477,0.7601661812284375,25.566585349864816,0.025292651222806398,0.1364475460084084,0.00877716982230869,0.000994198999251239,1
10.041963577270508,0.2171778678894043,-0.04644281044602394,0.5352161526679993,0.1476916819786757,-0.025543140240853808,0.0035040864358112443,-0.004056880633779514,0.13317761127423688,0.010507860882235764,-0.08440867811441422,0.05300460755825043,-0.027090486139059074,-3.8729834054944132,0.7520470716256323,25.569208077681694,0.03397367493173685,0.1356116858860269,0.009398745525380978,0.0010117249985341914,1
10.051961660385132,0.2187822461128235,-0.046710144728422165,0.5352351069450378,0.1435808836853733,-0.025647561879769458,0.002520965015014203,-0.0055413400567556614,0.13401868076915768,0.009940997574855004,-0.08047553151845932,0.07618314027786255,-0.03390557318925858,-3.8854204816201454,0.7445579157359259,25.573285214147585,0.03589877262801962,0.12885119833171696,0.01246500936805826,0.0009966430006898008,1
10.061962604522705,0.2203173041343689,-0.04694654792547226,0.5352444648742676,0.1396028399253218,-0.022081199993696815,0.0021780400296811473,-0.006333271078084124,0.13486130037754362,0.009856411632977569,-0.0738147497177124,0.0593469999730587,-0.012917738407850272,-3.8950369336196844,0.7358066697526633,25.575932761873663,0.034901039493199344,0.1338135761039564,0.006143479771064305,0.0010133300020243041,1
10.071959733963013,0.22187522053718567,-0.04714353010058403,0.5352605581283569,0.14529062798426262,-0.018506305117613076,0.0029165821005226965,-0.007327139237883973,0.13546184539505912,0.009721575086649281,-0.09023815393447876,0.07425454258918762,-0.01684192381799222,-3.9095297724067977,0.7247034910087421,25.573759598732227,0.041337548647435246,0.13032524346292082,0.00716059232377495,0.0010046040042652749,1
10.081963777542114,0.22344854474067688,-0.047341931611299515,0.5352709889411926,0.1409286111161758,-0.02295775704394153,0.001888694865277427,-0.008004887527106153,0.13636054027508004,0.009516171233230342,-0.07337820529937744,0.07585949450731277,-0.008370427414774903,-3.92215457017405,0.7187766475513954,25.57594551014691,0.037520375627044106,0.1299195124967601,0.00437902840104308,0.0010017419990617782,1
10.091973543167114,0.22496891021728516,-0.04753881320357323,0.535289466381073,0.1390508114972219,-0.014892237195988627,0.0036672479581798035,-0.009068949016799444,0.13755903392166413,0.009431218904496497,-0.08006385713815689,0.0890299379825592,-0.0013750810176134218,-3.9331558653288874,0.7073897525812222,25.570185667727515,0.04065123895151307,0.12601628700636586,0.0021882050840612045,0.0010576000058790669,1
10.101964473724365,0.22651849687099457,-0.04764425754547119,0.5353043079376221,0.14491786058065986,-0.01262509629619275,0.0024560293360419605,-0.010006552911494104,0.13854850894676396,0.009391425092650785,-0.08059097826480865,0.08507100492715836,-0.002243136987090121,-3.950105056248474,0.695450057429624,25.57116516283367,0.042528999666844654,0.12668227487705955,0.0023867635568727823,0.001073239000106696,1
10.111964702606201,0.22805389761924744,-0.047783829271793365,0.5353225469589233,0.13422772280301318,-0.013510315505329233,0.004014850466354029,-0.010527065534222668,0.1397441418306684,0.009523576421894386,-0.06166515871882439,0.11124807596206665,0.0072907055728137354,-3.959191786616071,0.6865248034679167,25.565742234139712,0.03736942199269078,0.11905316197441584,-0.0010701087108856422,0.0010042549984063953,1
10.121970653533936,0.22950506210327148,-0.047816112637519836,0.5353428721427917,0.1364025918762004,-0.002951232256955748,0.0016282425352455556,-0.011454983936749041,0.14041786499669806,0.009619891746060816,-0.08055271208286285,0.12979795038700104,0.008626027032732948,-3.9735544161327585,0.6698446308198948,25.571201888298948,0.04416884107722527,0.11278680488781123,-0.001365824377417438,0.0015343459963332862,1
10.131996870040894,0.23102699220180511,-0.04785751923918724,0.5353813767433167,0.13926944135133681,-0.009858450824101405,0.004013144010715439,-0.012147419096638856,0.1419685875782939,0.009634831546179168,-0.06097644940018654,0.09598791599273682,0.02092045545578002,-3.986851737124225,0.6611182053988479,25.564338411028626,0.03936723280281581,0.12210697154434887,-0.005930471616670821,0.0013576950004789978,1
10.142273426055908,0.2339695245027542,-0.047864675521850586,0.5354665517807007,0.1376645117215626,0.0010652748303742923,0.004018897243739404,-0.012634936749140735,0.14284628465411053,0.009936280890797455,-0.05917449668049812,0.12206856161355972,0.0171268694102764,-4.001218674413922,0.6455178046183411,25.560703828519554,0.039064277097141255,0.11451215728123226,-0.005283400042572554,0.002552076999563724,1
10.152252674102783,0.2339695245027542,-0.047864675521850586,0.5354665517807007,0.1376645117215626,0.0010652748303742923,0.004018897243739404,-0.012634936749140735,0.14284628465411053,0.009936280890797455,-0.05917449668049812,0.12206856161355972,0.0171268694102764,-4.014595310985198,0.631887589071309,25.55860487803169,0.03921477288562903,0.11333213442766284,-0.005340160031689424,0.0009846350003499538,1
10.161962032318115,0.2354332059621811,-0.04780317842960358,0.535521388053894,0.13500665112106605,0.0011759334715926999,0.0016942493730982002,-0.013755314639043004,0.14487999316058087,0.010144794536093293,-0.06498308479785919,0.12420051544904709,0.019971536472439752,-4.029155918437589,0.6189421850804969,25.56512107636923,0.04246480086513735,0.11043548959035582,-0.005929123168672646,0.0008569299970986322,1
10.17195749282837,0.23686891794204712,-0.04775041714310646,0.5355856418609619,0.13056407867046765,0.0034316345408391224,0.0037853704589430968,-0.013926089933673502,0.1458563624094218,0.01053742180165207,-0.045364465564489365,0.11658099293708801,0.02425039745867251,-4.03823811140487,0.6070341602617402,25.55992990060358,0.036983451408769394,0.11154691945986664,-0.008140595976266507,0.0009965750068658963,1
10.181959867477417,0.23827005922794342,-0.04760460555553436,0.5356561541557312,0.13177147493712785,0.0116671474548329,0.0029932443922826395,-0.014732602859077293,0.14722971731810164,0.010723111242934014,-0.05770164355635643,0.12101923674345016,0.0284170377999544,-4.050194550881869,0.5896515003694586,25.559787827990565,0.04138842628763597,0.10879102425728854,-0.009423452337070757,0.0011403379976400174,1
10.191964864730835,0.2397036850452423,-0.04748902469873428,0.5357394814491272,0.13239756226513671,0.0014611213706438597,0.0052273496913581114,-0.01516417820678484,0.14830278376847383,0.011008184255684395,-0.039307959377765656,0.11139659583568573,0.028389856219291673,-4.060216165346785,0.5825121351634186,25.551243593702452,0.03638557092370672,0.11027228613660754,-0.010266228099010684,0.0010070480057038367,1
10.201964139938354,0.24108563363552094,-0.04733777418732643,0.5358364582061768,0.12627644843229302,0.01753009475020503,0.0035122434088363493,-0.015305389018755555,0.14972813531222595,0.01134512717972136,-0.04394412413239479,0.12876616418361664,0.03466672077775,-4.069102993301757,0.5642338810517151,25.553098114520157,0.03786574686407856,0.10373913382369827,-0.012388866003551602,0.0010107489943038672,1
10.211987495422363,0.242487370967865,-0.04710619896650314,0.5359336137771606,0.13466374566522182,0.013309749011613508,0.005264563270303381,-0.016010599870159847,0.15150506218429305,0.011847921796016792,-0.048048973083496094,0.12022040039300919,0.037677925080060945,-4.0827304113368985,0.5509867316547202,25.546667438856897,0.03999668557615058,0.10331759687165425,-0.013831632836123568,0.0009993679996114224,1
10.221970558166504,0.24386389553546906,-0.046902112662792206,0.5360392928123474,0.12315548207541677,0.017702397012257967,0.003912333678705094,-0.01609038236883409,0.15289926711574386,0.012255277140903686,-0.01622244343161583,0.1193702220916748,0.030531512573361383,-4.089689594704155,0.5370550747695382,25.54832200462746,0.030779460071256644,0.10245476256507288,-0.012709495050211444,0.0009898709977278486,1
10.2319495677948,0.24520251154899597,-0.046634022146463394,0.536146342754364,0.12978850297557096,0.021352995324097845,0.006038753555959527,-0.01657603504669458,0.1539007186226149,0.01255235442547864,-0.03629846125841141,0.1308591067790985,0.02879074960947035,-4.100507799233965,0.5211878432142423,25.540757000485442,0.03656626607341297,0.0972727752375624,-0.011422985252330427,0.001018638002278749,1
10.241969585418701,0.24793240427970886,-0.04604795202612877,0.5363737344741821,0.12385179843495278,0.024170808570099817,0.006423879926396817,-0.016749513127235716,0.15548487343578232,0.012859548698384682,-0.015722980722784996,0.10912224650382996,0.04422485828399657,-4.1100175161898616,0.507348227546034,25.537338613180296,0.03728621452828708,0.0966258856881727,-0.011198748743438893,0.0012380199987092055,1
10.251964569091797,0.24926786124706268,-0.045687105506658554,0.5364999175071716,0.12842150035188912,0.032227359665280605,0.006837861676704569,-0.01667396272410482,0.1570229049355074,0.01347988164332925,-0.0014505769358947873,0.11516918241977692,0.04210649430751799,-4.115981251610837,0.4934608438679525,25.533890959641816,0.031062076641285907,0.10161254891181945,-0.01693830928069058,0.0012773299968102947,1
10.261968851089478,0.25064393877983093,-0.04532024264335632,0.5366217494010925,0.13028013696267596,0.02552039007279997,0.006227292049350206,-0.01682361521928666,0.1583918533013442,0.013790679587716959,-0.015166345052421093,0.11921187490224838,0.03385149687528609,-4.12626001075217,0.47591363883642357,25.529794038517785,0.02603970340857019,0.09836598596857316,-0.017982912057369557,0.0012931099990964867,1
10.271963596343994,0.25064393877983093,-0.04532024264335632,0.5366217494010925,0.13028013696267596,0.02552039007279997,0.006227292049350206,-0.01682361521928666,0.1583918533013442,0.013790679587716959,-0.015166345052421093,0.11921187490224838,0.03385149687528609,-4.13911898071936,0.4642306400872609,25.52944351327835,0.02972554645552458,0.0948489197747858,-0.01528978111865364,0.000996365000901278,1
10.281963586807251,0.25196877121925354,-0.04494817182421684,0.5367550849914551,0.12000855056578269,0.03760585191709462,0.006298246947882249,-0.016652114809818208,0.15968802810142746,0.014338737975090776,0.009208553470671177,0.1249159425497055,0.04684157297015189,-4.144943343865338,0.446192527282471,25.528573458662283,0.022623864788964734,0.0913066354625712,-0.019997021723877864,0.0010407729932921939,1
10.29219365119934,0.25328439474105835,-0.04447411373257637,0.5368779897689819,0.1307915448728748,0.035837423120054626,0.00634425949915084,-0.016596856691880824,0.16057679726305496,0.014734370586982681,0.010958689264953136,0.12434038519859314,0.04815423488616942,-4.1590272280855975,0.43138346996703886,25.526694246491886,0.021001251507836095,0.08947083503777478,-0.02162714641288378,0.0010751250010798685,1
10.301979064941406,0.2546505630016327,-0.04406621307134628,0.5370150208473206,0.12480008589390375,0.034771535778306495,0.0073135880573221785,-0.016382270316479985,0.1620500441345425,0.015071128103092413,0.01466620247811079,0.11850177496671677,0.04796492680907248,-4.167685350384417,0.41904940374021427,25.522074188414347,0.01930632485468697,0.08938718965816494,-0.02225399988302937,0.001028972001222428,1
10.311970710754395,0.2559216022491455,-0.04356877878308296,0.5371354818344116,0.1218781320191759,0.045728050399709064,0.004372752673757523,-0.01590789482178412,0.16334731895324195,0.01572219506520245,0.042307645082473755,0.14679744839668274,0.0500332750380039,-4.179101121329521,0.40099525028948957,25.529295210738482,0.010275099269952064,0.0789801280844346,-0.024195533052730478,0.0010175909992540255,1
10.322106838226318,0.25726479291915894,-0.04307383671402931,0.5372672080993652,0.13115425392190688,0.039842624480464,0.007412160420521643,-0.015593830242683904,0.16409357366078092,0.01601101629916002,0.02260732650756836,0.09968913346529007,0.052549894899129854,-4.191751606596888,0.3886267718234836,25.520784754552317,0.014533497616763641,0.09099472882208244,-0.02518260860367203,0.0015353240014519542,1
10.331976413726807,0.2585858106613159,-0.042571552097797394,0.5373963713645935,0.12213855983951735,0.04589861256245851,0.0053158549404848454,-0.015011907165770388,0.166300470470353,0.016816564389392052,0.05227598175406456,0.10235031694173813,0.04926979541778563,-4.201155186747392,0.37425330761971515,25.52381272007457,0.005377778290146752,0.0893222404721395,-0.025688683009906642,0.0026771989942062646,1
10.34230661392212,0.25988849997520447,-0.0420241579413414,0.5375166535377502,0.12742415070174767,0.04838326573798741,0.00520245819805624,-0.01436497794627778,0.16713455925099518,0.017144707580073693,0.05084162950515747,0.11322025209665298,0.05170807987451552,-4.2150232575295465,0.3595576243887703,25.524265395887312,0.0038396185946341574,0.08442264616432019,-0.026932865580907923,0.0009994370047934353,1
10.351959466934204,0.26120615005493164,-0.04146962612867355,0.5376349687576294,0.12377696454503742,0.047018941846921576,0.00500084537563762,-0.013735584548957291,0.16840072185895893,0.017719281753675986,0.06188037618994713,0.09692569077014923,0.04820115491747855,-4.2256787855987294,0.3477951420793488,25.524513075606993,-0.0005880333523762098,0.08738522634981696,-0.02678649727197515,0.000981912002316676,1
10.361965417861938,0.26120615005493164,-0.04146962612867355,0.5376349687576294,0.12377696454503742,0.047018941846921576,0.00500084537563762,-0.013735584548957291,0.16840072185895893,0.017719281753675986,0.06188037618994713,0.09692569077014923,0.04820115491747855,-4.234966084303548,0.3374557772881727,25.524321984590284,-0.0011779233630498525,0.08781834830619696,-0.026781111384864987,0.0010169629968004301,1
10.371961832046509,0.26378896832466125,-0.04032771661877632,0.5378791093826294,0.12796807277702707,0.053075067836129954,0.005685117666423813,-0.012852141308481446,0.1691670728067698,0.01817455246187949,0.07952256500720978,0.09967696666717529,0.044861134141683565,-4.2479643892743,0.3239350186084073,25.520426325123786,-0.007604321712156536,0.08588052002538918,-0.02661850172569053,0.000997133000055328,1
10.38196063041687,0.2650967240333557,-0.03975920379161835,0.5380058288574219,0.12224228687647264,0.04817168403277299,0.007245661782485013,-0.011673380936640498,0.17060225867978973,0.018881753498554588,0.07132215797901154,0.08468209207057953,0.05607630684971809,-4.254738836880487,0.31545433733611944,25.51306780758396,-0.007805711672290087,0.08866554263378972,-0.03089905844456956,0.0010242239950457588,1
10.391958713531494,0.2663535177707672,-0.03913983702659607,0.5381330251693726,0.12311360217864671,0.060290787605082594,0.0049928135441453,-0.010848782569736759,0.1715272328770907,0.019491826977835913,0.09220394492149353,0.07616531848907471,0.05296573415398597,-4.265127260826069,0.29979488818823513,25.51687697042147,-0.014866419320618912,0.0905072551466513,-0.03172033408893696,0.001021430995024275,1
10.402223825454712,0.26768264174461365,-0.03851333633065224,0.538263201713562,0.1304597704764078,0.04905423907982712,0.0079474111546157,-0.009812280288971742,0.17198450317633496,0.01989116324167961,0.08598257601261139,0.08334725350141527,0.061141841113567345,-4.277533814121452,0.294011753176139,25.507102468190507,-0.015784240825139885,0.08765798702888362,-0.0351088893262087,0.0012244050012668595,1
10.411962985992432,0.2689627408981323,-0.03790367767214775,0.5383949875831604,0.1178957667244421,0.06126629228313801,0.005123257020955257,-0.008899453864200435,0.17321567949402095,0.02056447855476229,0.07634101808071136,0.05168838798999787,0.05696719139814376,-4.2832837654927145,0.27931252333003936,25.512930616407196,-0.013529491048738244,0.09605217140371283,-0.03457727053957869,0.0009842860017670318,1
10.421963453292847,0.2702274024486542,-0.03721723333001137,0.5385122299194336,0.12683112904111593,0.05664764364379864,0.006443359666586838,-0.007369009386074765,0.173651161379079,0.02137903556210441,0.10279419273138046,0.04712998867034913,0.05492202565073966,-4.294064896281628,0.2711169159700879,25.509468132755792,-0.02360331777615362,0.09777559157806935,-0.03557052078731743,0.0010233169959974475,1
10.431962490081787,0.27150148153305054,-0.03659868985414505,0.5386513471603394,0.11803307382671882,0.054677788189115104,0.006445629353368653,-0.006263494880852871,0.17456328367503238,0.021896415098590527,0.08512069284915924,0.06746196746826172,0.05229202657938003,-4.299623831917411,0.26428680193283366,25.507922650746206,-0.020886175268169393,0.09078703511865548,-0.03509378979676681,0.0010035570012405515,1
10.441961765289307,0.2727513015270233,-0.03594893589615822,0.5387818813323975,0.1273807584157946,0.06014535961943435,0.00605587975547936,-0.005281648823256102,0.17450264144249417,0.02249232910612653,0.08904744684696198,0.022633675485849387,0.05949810892343521,-4.310709068461584,0.25463756627725276,25.507561548155262,-0.022923878360359605,0.10360647861727433,-0.03794803674607686,0.0010263189979013987,1
10.451964855194092,0.2740831971168518,-0.03530599921941757,0.5389208793640137,0.12570075683801132,0.058242131119376914,0.007084364731496943,-0.004165859593076693,0.1756426573660832,0.022854889371236364,0.09774003177881241,0.017858913168311126,0.05916805937886238,-4.319615543370467,0.24766248147207634,25.503168193205543,-0.027417425395606772,0.10545405020545275,-0.039286935430848095,0.0009895920011331327,1
10.461971759796143,0.2766138017177582,-0.03400823473930359,0.5391784310340881,0.12784798446548523,0.05833296473597684,0.006287786028710765,-0.003107748251518494,0.1754298598281383,0.023604330352439806,0.09417891502380371,0.04190201312303544,0.04265617579221725,-4.332522263353286,0.24105099077770067,25.50334007493927,-0.027513719472264626,0.09830081013445921,-0.034478586972967955,0.0010118659993167967,1
10.471963167190552,0.27789077162742615,-0.03337731212377548,0.5393097400665283,0.1201345843836628,0.0606235901594731,0.005041178295385609,-0.001454813850656933,0.17615074832624833,0.024334929698129226,0.11533372104167938,0.027461905032396323,0.05428202077746391,-4.343971560670766,0.2344570055056306,25.5027803683854,-0.027978202031819607,0.0974510397935277,-0.03378498417999362,0.0012831950007239357,1
10.481964588165283,0.27913790941238403,-0.032747287303209305,0.5394383668899536,0.12305659055607192,0.061613198371102816,0.006815712889228198,-0.00045626580368196556,0.17600624739084347,0.02489773876380852,0.09226094186306,0.011306911706924445,0.051223818212747574,-4.350707131393916,0.22805669938453743,25.506656874084552,-0.03684734360798171,0.10121394346838616,-0.03898802132544757,0.0012756550058838911,1
10.491964340209961,0.27913790941238403,-0.032747287303209305,0.5394383668899536,0.12305659055607192,0.061613198371102816,0.006815712889228198,-0.00045626580368196556,0.17600624739084347,0.02489773876380852,0.09226094186306,0.011306911706924445,0.051223818212747574,-4.356984881453863,0.22063300609146383,25.50160133529215,-0.032022522823739484,0.10684153270542507,-0.03884320904110997,0.0009918970026774332,1
10.501963376998901,0.2817094027996063,-0.03153149038553238,0.5396942496299744,0.12170675387910393,0.05616204451894421,0.005038780784294739,0.002009813960611506,0.17604342523320016,0.026018142095139307,0.11400770395994186,-0.007566303946077817,0.055267248302698135,-4.36477166456927,0.2193437369983481,25.505126936007176,-0.04098380168129391,0.1135016974622376,-0.04204875787385986,0.0010103990061907098,1
10.511974573135376,0.2817094027996063,-0.03153149038553238,0.5396942496299744,0.12170675387910393,0.05616204451894421,0.005038780784294739,0.002009813960611506,0.17604342523320016,0.026018142095139307,0.11400770395994186,-0.007566303946077817,0.055267248302698135,-4.371687872875211,0.21772301610533143,25.506223691894913,-0.04274133679901768,0.11443699213502714,-0.04284910410194067,0.0009961559990188107,1
10.521971940994263,0.28296688199043274,-0.03090888448059559,0.5398191213607788,0.12475008513079895,0.06367373471085863,0.002876597614816378,0.003023383931612056,0.17593133810862405,0.026527317178191012,0.09021657705307007,-0.014067930169403548,0.048682939261198044,-4.383074239262471,0.20987873442595156,25.513443331209384,-0.03650169158002169,0.11662049790068839,-0.04063403052582148,0.0010557139976299368,1
10.532004833221436,0.28427380323410034,-0.030331648886203766,0.5399419665336609,0.1246546878361168,0.0520433300570972,0.004015542641257892,0.004928481322638678,0.17571842041040897,0.027429855136579917,0.11550775170326233,-0.016132380813360207,0.06008052080869675,-4.392183872071557,0.21297573633536804,25.51196494478229,-0.0466521041711421,0.11788309002090264,-0.0460657286280245,0.0021226690005278215,1
10.542333364486694,0.2855084538459778,-0.02976123057305813,0.54006427526474,0.1175369396151495,0.06296686834821881,0.0023980879174947435,0.00547574429569142,0.1755578832866802,0.027771358884913333,0.10568773746490479,-0.01295342203229665,0.055671341717243195,-4.3982136168358785,0.20690311518974372,25.516964689556946,-0.04510888845708656,0.11750051307686742,-0.04549581276912347,0.0017838909989222884,1
10.551972389221191,0.2867884933948517,-0.029163813218474388,0.5401787161827087,0.12836171681245367,0.05341549969654449,0.0038527904931958687,0.007100880546185184,0.17489640797782835,0.028377154052971143,0.10820034891366959,-0.016912346705794327,0.056288380175828934,-4.4097804815178625,0.2089130487214663,25.512930761283556,-0.048156031149000335,0.11916868890385017,-0.046612860123905586,0.0008465969949611463,1
10.561957836151123,0.2880452573299408,-0.028653783723711967,0.5402942895889282,0.11606428757364123,0.05476314962933278,0.00139492119965262,0.008386342534064894,0.17454053299160766,0.029265773189665722,0.10121960937976837,-0.029165675863623612,0.0663616955280304,-4.414385326829203,0.20972371980378118,25.520214583552562,-0.048152809510219205,0.1241270107884176,-0.05081356800603911,0.0015430739949806593,1
10.571991443634033,0.28928709030151367,-0.028086060658097267,0.5403984189033508,0.12628088899133666,0.05699635287976221,0.0028174229145542956,0.009203564676110165,0.17385419819106707,0.029735671238877437,0.0898832455277443,-0.035918727517127984,0.06869076192378998,-4.424238985426901,0.20874657361446364,25.517483361529152,-0.04530800628506883,0.12713211214279124,-0.052402441020591495,0.0009890330038615502,1
10.581961631774902,0.28928709030151367,-0.028086060658097267,0.5403984189033508,0.12628088899133666,0.05699635287976221,0.0028174229145542956,0.009203564676110165,0.17385419819106707,0.029735671238877437,0.0898832455277443,-0.035918727517127984,0.06869076192378998,-4.433086319562501,0.20756137018595655,25.515979400227565,-0.045291416122914104,0.12787499808963368,-0.05292371277469374,0.0010703769949031994,1
10.591962337493896,0.2917921543121338,-0.027110295370221138,0.5406295657157898,0.11891420159242228,0.05600030378782095,0.002670188064680196,0.010383877625589566,0.1736337710450533,0.03039586244758663,0.10494910180568695,-0.05471214652061462,0.050089422613382346,-4.437072883892774,0.20704124655926365,25.515846964797106,-0.05111673612458381,0.13441023765748636,-0.04797601057695118,0.0009937119975802489,1
10.601962566375732,0.29306235909461975,-0.026628796011209488,0.5407540202140808,0.12457792451233139,0.04477520674791562,0.004680534449899511,0.011895965169432365,0.1721673816157101,0.0312635180982781,0.08634006977081299,-0.0661891922354698,0.06532383710145952,-4.4421240111836475,0.21443900540701444,25.508458991426792,-0.048759916232009884,0.14055374211745536,-0.052562240990783514,0.0010256210007355548,1
10.61198353767395,0.29428398609161377,-0.02620181441307068,0.5408822894096375,0.11373002062482147,0.049010344111435365,0.0031576338192826994,0.01295080648761715,0.17163476772934239,0.03188838866972343,0.08439192175865173,-0.09817366302013396,0.05749413371086122,-4.440377319804418,0.21785966707322593,25.511376367178965,-0.048845962857613834,0.15248388221033954,-0.05138839494117231,0.0010552949970588088,1
10.621961832046509,0.2954927086830139,-0.025755641981959343,0.541000247001648,0.12152308972437587,0.043999128015512104,0.004529530329959217,0.013934717756662884,0.17032923236833097,0.03248549860466543,0.10035587102174759,-0.08107190579175949,0.05389495939016343,-4.443934696514363,0.22520735669278652,25.50725908531097,-0.05522837397732031,0.15016420761473864,-0.051282236485853575,0.0010276460016029887,1
10.631964445114136,0.29671961069107056,-0.025379810482263565,0.5411314964294434,0.11422229553967313,0.04116938270109471,0.004194516798607705,0.014823222254513713,0.1695921538384444,0.03299824299811194,0.07785512506961823,-0.10337384045124053,0.06293573975563051,-4.442052724776781,0.23287412488972148,25.507183474047313,-0.05044233521708694,0.15801723167962742,-0.05396552040553544,0.0009866600012173876,1
10.641971588134766,0.2978835999965668,-0.024999545887112617,0.5412498712539673,0.11493933172525275,0.04217051388323875,0.00409200187065779,0.01637168881969764,0.16796317366142421,0.033870054279300454,0.09207504242658615,-0.11479897797107695,0.05892401933670045,-4.44093960705545,0.24006266198700943,25.507733898732667,-0.05609204474837614,0.1647461730014074,-0.05465953418621576,0.0010180800018133596,1
10.651963949203491,0.2990923225879669,-0.024649832397699356,0.5413795709609985,0.1172737997671723,0.037404537788812635,0.0050553501741990164,0.01719522147055974,0.16701618465757395,0.03423558940813409,0.07889606803655624,-0.10470210015773773,0.04414797201752664,-4.441542882187084,0.24908677206903188,25.504348070907334,-0.05369986739703193,0.1636177345717034,-0.04992184744316336,0.000997900999209378,1
10.661964654922485,0.300248920917511,-0.024337466806173325,0.5414963364601135,0.10927764305691277,0.03460672163430937,0.0040906109434066225,0.018037458247168292,0.16587931425174895,0.03492028556992155,0.06913101673126221,-0.10829816758632659,0.05856200307607652,-4.437720549945871,0.259049681716399,25.50687392703173,-0.05181937625091145,0.16635056401350007,-0.05423053950820429,0.001022828000714071,1
10.67196536064148,0.3013940453529358,-0.024035373702645302,0.5416130423545837,0.11394949242974549,0.03551354659642735,0.0045347987746552,0.018996304739759218,0.1645264050084223,0.03528083105147717,0.08283885568380356,-0.12094870954751968,0.04946619272232057,-4.437103585693875,0.2678544537382972,25.506336703404113,-0.056807078176759444,0.17225463867182111,-0.05295129116343587,0.0009946899954229593,1
10.681972026824951,0.302554190158844,-0.023754388093948364,0.5417145490646362,0.11131973540362781,0.029311540043442153,0.002224437072125396,0.019741499079240388,0.1637177882538592,0.035871084293811695,0.05898485332727432,-0.10693228989839554,0.047963410615921034,-4.43810532252654,0.2795063358306248,25.514033627456097,-0.05124846420208779,0.1698001191636658,-0.05204977514444956,0.0010346970011596568,1
10.691964626312256,0.302554190158844,-0.023754388093948364,0.5417145490646362,0.11131973540362781,0.029311540043442153,0.002224437072125396,0.019741499079240388,0.1637177882538592,0.035871084293811695,0.05898485332727432,-0.10693228989839554,0.047963410615921034,-4.438766471338099,0.2897685755821576,25.51714160277745,-0.050516344588527454,0.1694995961186174,-0.051968208144050544,0.0009999260000768118,1
10.702235698699951,0.3058907091617584,-0.023107269778847694,0.5419735312461853,0.10291818524047376,0.019877392904269146,0.0011760708968802899,0.021552822514410597,0.16078140401984164,0.03694453863218117,0.05413290485739708,-0.10879874974489212,0.04679069295525552,-4.435523403076596,0.30581045464628337,25.52271180346258,-0.051541124592354694,0.17409874435509148,-0.05268883908246899,0.0011090590051026084,1
10.711963415145874,0.3058907091617584,-0.023107269778847694,0.5419735312461853,0.10291818524047376,0.019877392904269146,0.0011760708968802899,0.021552822514410597,0.16078140401984164,0.03694453863218117,0.05413290485739708,-0.10879874974489212,0.04679069295525552,-4.432615753464445,0.3198551942246212,25.52501646305264,-0.05165634572709467,0.17473931352592362,-0.05280269076215496,0.0009937809954863042,1
10.721980094909668,0.3069153428077698,-0.022907909005880356,0.5420405864715576,0.10152609638809525,0.028329987193641052,-0.0007846795004097444,0.022071670030924473,0.15993353249980347,0.037529417634242446,0.0419282503426075,-0.09664853662252426,0.03233617171645166,-4.432156856318462,0.32597853981836394,25.532826972794034,-0.04799081658865266,0.1721513537298725,-0.04807103232974421,0.0010467070023878478,1
10.731995105743408,0.30801671743392944,-0.022759441286325455,0.5421091318130493,0.11005475372668634,0.010247032143957394,0.0006304310531868489,0.02262308690615189,0.1586585943763117,0.03763088777344459,0.05732117220759392,-0.07661744207143784,0.052112866193056114,-4.436787932822054,0.3452968074074423,25.53047126157363,-0.05405792615031661,0.16691412841991235,-0.05472308487786305,0.0017729300016071647,1
10.742313385009766,0.31007495522499084,-0.022584253922104836,0.5422298312187195,0.10307192789234569,0.01179822753239845,0.0011108128373485155,0.023539315282009365,0.1566104917880855,0.038579831267401055,0.027428288012742996,-0.10098881274461746,0.029602974653244032,-4.433802115837321,0.3561783604419287,25.53953020915609,-0.04470912172900573,0.16384217931236786,-0.05275455557963416,0.001941829003044404,1
10.751986980438232,0.31007495522499084,-0.022584253922104836,0.5422298312187195,0.10307192789234569,0.01179822753239845,0.0011108128373485155,0.023539315282009365,0.1566104917880855,0.038579831267401055,0.027428288012742996,-0.10098881274461746,0.029602974653244032,-4.43244335842171,0.36972784817728066,25.532358817108182,-0.04497439828483678,0.17623762763681722,-0.047996168844118565,0.0008385660039493814,1
10.761948585510254,0.3111008107662201,-0.022560862824320793,0.5423116683959961,0.09474242467155501,0.008140304481103554,0.0023017855748925253,0.023740247480383836,0.15651425639638195,0.03872552702606713,0.0239730067551136,-0.0894814282655716,0.026277417317032824,-4.425676967186755,0.3838583361540465,25.52556755495725,-0.04428771236170681,0.17474027322622251,-0.0460829664950329,0.0010904849987127818,1
10.771966218948364,0.312050461769104,-0.022527486085891724,0.5423815250396729,0.09494015571930021,0.009628572580274981,0.0025562522101580574,0.023800592694768863,0.15512193242175076,0.03918188494087227,-0.0050913263112306595,-0.0665142685174942,0.02686315961182118,-4.420857283362921,0.39429689383476496,25.52201221100179,-0.03525839295832069,0.16902882776003403,-0.04530929246348121,0.001008025006740354,1
10.781962633132935,0.3130255937576294,-0.022542187944054604,0.5424642562866211,0.09558726835620508,0.001990478129223452,0.0035586909043482475,0.023982191311918033,0.15464988558313886,0.03937190176764371,0.007195885293185711,-0.07325246930122375,0.025322053581476222,-4.416218635011066,0.40958746236090143,25.51712166496094,-0.03835713277167665,0.17093438170647504,-0.04540188187472329,0.0010218500028713606,1
10.79196310043335,0.31481748819351196,-0.02265225164592266,0.5426350831985474,0.08580054338417405,0.0017029126391886987,0.0055369496215003965,0.023992424055381267,0.1540202401829438,0.039706505560237915,-0.016265088692307472,-0.050639331340789795,0.02510425820946694,-4.4123017699070335,0.42298823316692835,25.51517200097797,-0.0387347468065557,0.17121599480454205,-0.045352075370975194,0.001289548999920953,1
10.802217960357666,0.31567835807800293,-0.02274964191019535,0.5427151918411255,0.08509030936408342,-0.0056136838022413866,0.00462806303207121,0.023673509664975168,0.15302726538048672,0.04004925284661143,-0.015194929204881191,-0.04218896105885506,0.013335954397916799,-4.402564394349691,0.43922229917120253,25.511140138328656,-0.03166755179111964,0.16350388689810552,-0.040905586756135384,0.0021591170007013716,1
10.811961650848389,0.31567835807800293,-0.02274964191019535,0.5427151918411255,0.08509030936408342,-0.0056136838022413866,0.00462806303207121,0.023673509664975168,0.15302726538048672,0.04004925284661143,-0.015194929204881191,-0.04218896105885506,0.013335954397916799,-4.39410153114202,0.4536328367559765,25.50960582712982,-0.030608848061708473,0.16282798977624405,-0.040308206914460985,0.0008130809947033413,1
10.82195782661438,0.3164944648742676,-0.022912928834557533,0.5427948236465454,0.0777209252505205,-0.007083095262338706,0.006793097570196175,0.023673509664975168,0.15302726538048672,0.04004925284661143,-0.015194929204881191,-0.04218896105885506,0.013335954397916799,-4.380027642952315,0.4670870379489908,25.502023015673306,-0.03049726333904414,0.16299509797066716,-0.04021377451581351,0.0009994369975174777,1
10.831997394561768,0.3172706067562103,-0.023047585040330887,0.5428696870803833,0.08000209926907224,-0.006142803555494528,0.004669763509677845,0.023268586495585275,0.1524419550131233,0.04026907967742366,-0.04464258998632431,-0.03921867161989212,0.012709030881524091,-4.371963137516677,0.4776024443729905,25.506349445187197,-0.02079109336627738,0.1626859082890036,-0.039090251583757,0.000997900999209378,1
10.841956377029419,0.3180582821369171,-0.023273220285773277,0.5429376363754272,0.07620591680195551,-0.01828207218980351,0.006243234153419611,0.022882819699423074,0.15218136473614763,0.0404718999220024,-0.030691783875226974,-0.030837981030344963,0.011955143883824352,-4.361069578023133,0.49607772195157834,25.502911468352355,-0.023791702819311457,0.16046023429842773,-0.03925557662224521,0.001008653998724185,1
10.851957321166992,0.3187589943408966,-0.023489680141210556,0.5430025458335876,0.06866712868027075,-0.006903069610621263,0.003812423910635806,0.02264143169259203,0.15222190887829434,0.040688362796276856,-0.044464584439992905,0.002073213923722507,0.012199778109788895,-4.35068691341102,0.5040184205098341,25.510257825375042,-0.019209830513702952,0.15009486749288153,-0.03884520134020818,0.0009849840062088333,1
10.861948728561401,0.3194847106933594,-0.023708127439022064,0.5430625081062317,0.07702979450008304,-0.021425269364323027,0.006008856204098335,0.022104984560474605,0.15168433543712734,0.040629907089529294,-0.0542125403881073,-0.012736087664961813,0.014794692397117616,-4.344478197861997,0.5210621909127339,25.505467040641335,-0.015450957529331445,0.1536082038043524,-0.039380805819143536,0.0010485930033610202,1
10.871947288513184,0.32017576694488525,-0.02401830442249775,0.5431186556816101,0.06473702191501675,-0.018850402960904622,0.0031243283130945832,0.021561073203303582,0.15219873188842303,0.04086183701490009,-0.04626302048563957,-0.002644580556079744,0.010817455127835274,-4.334428097597647,0.5348349782052991,25.51405423113709,-0.01654792961806717,0.1508495820040242,-0.0383182249954029,0.0010171719986828975,1
10.881970405578613,0.3208256959915161,-0.0242907777428627,0.5431538224220276,0.07008977987479487,-0.020309136702898568,0.0037675785983921953,0.02088151125516946,0.1521669464304476,0.04089024520752238,-0.06297381967306137,0.014578769914805889,0.0061943847686052305,-4.329703077161824,0.5473882034882304,25.515034918146767,-0.010621757695759605,0.14491854492217326,-0.03588342840767658,0.0010976070043398067,1
10.891958713531494,0.3214748799800873,-0.0246203001588583,0.5431931614875793,0.062207389687218013,-0.025732446235267385,0.0033394878450517503,0.020469162466250523,0.15277751002471263,0.040898230789798706,-0.0450843907892704,0.01799333468079567,0.003381386399269102,-4.321076431056814,0.5629207828112912,25.51727732716647,-0.015177569183243233,0.1428328170168975,-0.03497780327041052,0.0010639530009939335,1
10.901950597763062,0.32206177711486816,-0.024969764053821564,0.5432199835777283,0.06132721539569803,-0.025565620142791623,0.0035306826755091138,0.019662929340413804,0.15297767384894811,0.04093952072870444,-0.06107249855995178,0.03258619084954262,0.0044138315133750395,-4.313758685941629,0.575842166243244,25.51760320542764,-0.00994595333314598,0.1377158335313159,-0.03438913038666833,0.0010467769971000962,1
10.911941528320312,0.3232010304927826,-0.025730036199092865,0.543274998664856,0.05852149058409263,-0.035570546901789804,0.0033989060996642783,0.019086322959702695,0.15349890410210598,0.04093957249110414,-0.05593150109052658,0.043861012905836105,-0.0044460641220212035,-4.3073191922910015,0.5874776381441177,25.51786841464603,-0.0089136947247765,0.13696959445329654,-0.03436909402184728,0.001440854997781571,1
10.921961069107056,0.3232010304927826,-0.025730036199092865,0.543274998664856,0.05852149058409263,-0.035570546901789804,0.0033989060996642783,0.019086322959702695,0.15349890410210598,0.04093957249110414,-0.05593150109052658,0.043861012905836105,-0.0044460641220212035,-4.301042286267393,0.605706898053653,25.51836918460405,-0.009847102881071696,0.13281720781755688,-0.031450964692838417,0.0014374329985002987,1
10.932052373886108,0.3237052261829376,-0.026154188439249992,0.5433058142662048,0.04964314406613165,-0.031089452935099543,0.004090791654694058,0.018723766075002146,0.15396914972567544,0.04102805181592162,-0.04783160984516144,0.038583043962717056,-0.005961593706160788,-4.2890782655924165,0.6189208918446204,25.51682280175874,-0.011790765266660931,0.1336611032543375,-0.030534493564474546,0.001461173000279814,1
10.942313432693481,0.3246728181838989,-0.027038825675845146,0.5433638095855713,0.04578441387996297,-0.04244464256227246,0.004275911184372416,0.017566182764706895,0.15501853586995784,0.04087517535226448,-0.04488414525985718,0.036815088242292404,-0.006396094337105755,-4.284871428727304,0.6349426841677018,25.518789494781405,-0.007626210025181466,0.1271037204322137,-0.03300089004461482,0.00264193800103385,1
10.95194125175476,0.3246728181838989,-0.027038825675845146,0.5433638095855713,0.04578441387996297,-0.04244464256227246,0.004275911184372416,0.017566182764706895,0.15501853586995784,0.04087517535226448,-0.04488414525985718,0.036815088242292404,-0.006396094337105755,-4.272803828296449,0.6533588905876062,25.516637608388574,-0.011281016547997874,0.13234767941756645,-0.030421101300039197,0.0009791190022951923,1
10.96192479133606,0.32508188486099243,-0.027475738897919655,0.5433920621871948,0.04723300803561998,-0.034410666405379056,0.003940033063562325,0.016856321617682468,0.15540722139207697,0.04077898975925054,-0.050181999802589417,0.038494691252708435,-0.005379357840865855,-4.264524018672935,0.6638588624475412,25.517015345554313,-0.008904476079196491,0.13201539248850436,-0.029705908778783752,0.0010125639964826405,1
10.971961259841919,0.32551130652427673,-0.02796330861747265,0.5434219837188721,0.044377856221738836,-0.04912016517164637,0.004510832855783194,0.016353942578690717,0.15617926671889037,0.04075215140027,-0.05882091447710991,0.05366545915603638,-0.008179877884686,-4.255571950416754,0.6835745003668114,25.51526208657243,-0.005763887763960443,0.12641404543161505,-0.0283386677954147,0.0009807250025914982,1
10.981961488723755,0.3258623778820038,-0.028476160019636154,0.543447732925415,0.03695763654488759,-0.03864260756025466,0.003193542995162177,0.01597030952568579,0.15642426463989834,0.040687968355040294,-0.03243532404303551,0.04523669555783272,-0.009448128752410417,-4.244120953551526,0.6948466298551184,25.51972986386305,-0.012602757562014111,0.12827393660533562,-0.028181122018127686,0.0010006939992308617,1
10.9919593334198,0.3262222707271576,-0.028961973264813423,0.5434718132019043,0.04234027493605301,-0.0488349049994823,0.00506042257311972,0.015469394336871112,0.15695508184040285,0.04055928575663126,-0.052056096494197845,0.04439514875411987,-0.001563313184306031,-4.236234558767649,0.7116440955808461,25.514948620788317,-0.007255724318058318,0.12797104469205056,-0.030026144280828077,0.000977723000687547,1
11.001961469650269,0.32655802369117737,-0.029535982757806778,0.5434941053390503,0.03281828783232481,-0.047862406673232154,0.0038004203654745557,0.015124659373683791,0.15763073139784067,0.04060833808126185,-0.027142371982336044,0.05613713338971138,-0.008811756968498237,-4.22500844458829,0.7271484730102002,25.517840216718575,-0.013662134835037866,0.12375794901829454,-0.028564883588440195,0.0009951079991878942,1
11.011963129043579,0.32655802369117737,-0.029535982757806778,0.5434941053390503,0.03281828783232481,-0.047862406673232154,0.0038004203654745557,0.015124659373683791,0.15763073139784067,0.04060833808126185,-0.027142371982336044,0.05613713338971138,-0.008811756968498237,-4.2151336122484615,0.740685868598966,25.519294889325515,-0.014463982408966975,0.12319987774711703,-0.02825718749086883,0.0009870790017885156,1
11.021961450576782,0.3271438479423523,-0.03063458576798439,0.5435218811035156,0.03234447181788993,-0.05351796363774361,0.002726289927454307,0.014965453362021819,0.1575694048887364,0.0404185915525046,-0.02993900701403618,0.03618241846561432,-0.008275754749774938,-4.206644710616201,0.7579471314268535,25.523899274711198,-0.01368431956316482,0.12947805437187207,-0.028192924677019827,0.0010064890011562966,1
11.03196120262146,0.32738539576530457,-0.031224284321069717,0.5435183048248291,0.027998006128993776,-0.052043616681469444,0.002415766994639001,0.01427202880787748,0.15858118710431324,0.04036742374535285,-0.03918684646487236,0.039916399866342545,-0.006109432782977825,-4.197316450975441,0.7720744180539909,25.527223227923198,-0.009783085905414187,0.1280267928995271,-0.028346699747500714,0.0009900119985104539,1
11.04196286201477,0.3276289999485016,-0.03181309252977371,0.5435226559638977,0.02920568371153947,-0.05316255608648216,0.0023058468762844533,0.014054298203235227,0.15879410300680785,0.04018564993740448,-0.011571108363568783,0.044711124151945114,-0.013371018692851072,-4.190495119968494,0.7869789775584337,25.528905431530486,-0.017473842177825105,0.12602612997074877,-0.026572099355634548,0.001022757998725865,1
11.05196213722229,0.3278631269931793,-0.03243793547153473,0.5435096025466919,0.026227608352061928,-0.059354294075211464,0.0002292164845133127,0.013741135345205269,0.1593045549202614,0.040035269114461425,-0.030887948349118233,0.0462091825902462,-0.002897058147937065,-4.184756027515147,0.8045097727483677,25.537087984307547,-0.012448589891281593,0.12476989626593846,-0.02900246199401775,0.0009877069969661534,1
11.061961889266968,0.328050822019577,-0.03307323157787323,0.5435023903846741,0.021168057187239953,-0.05445256071781975,0.002443658991074023,0.013490163191652194,0.15975437080505683,0.040016162121369714,-0.023884329944849014,0.04474354162812233,-0.01636485010385514,-4.174245545756368,0.8169709425239174,25.53325606968121,-0.013229250224565753,0.12465091797047373,-0.02506747662675013,0.0010318350032321177,1
11.071962833404541,0.3282240331172943,-0.033675651997327805,0.5434816479682922,0.024829944771979383,-0.05686108384702787,-0.0007628934389030933,0.013167842604584923,0.16034856919945373,0.03967765960377223,-0.011173768900334835,0.04082582890987396,-0.022280953824520115,-4.171190092595456,0.830964776569892,25.54258025805786,-0.016816291310531754,0.1249844902703249,-0.022409753771100695,0.0009826120003708638,1
11.081963062286377,0.3284107446670532,-0.03435404226183891,0.5434590578079224,0.01964878704961881,-0.06293246135680987,0.0015426592337400534,0.013102530812215463,0.16081785000643656,0.039537253469714706,-0.020375892519950867,0.04703695699572563,-0.016109576448798187,-4.162804394385291,0.8477597326143771,25.538848352221738,-0.014681083432025021,0.12269458004996832,-0.02363401518371703,0.0010386089998064563,1
11.091984033584595,0.32852986454963684,-0.03498365357518196,0.5434328317642212,0.01763974703450397,-0.05390378453179032,-0.0016207164040057689,0.012965971162334,0.16109384784883396,0.03926489504743724,-0.0038918964564800262,0.03346918523311615,-0.024785168468952182,-4.157279789895815,0.8574948636136095,25.548515300138526,-0.018808822816534586,0.1263477534301168,-0.02116073671346055,0.0010062110013677739,1
11.101968765258789,0.32868242263793945,-0.03562384843826294,0.5433969497680664,0.021045772656777668,-0.06786073732968319,0.0002799677543860557,0.012766285556982115,0.16162193703754735,0.03902457513758284,-0.022874604910612106,0.024692013859748837,-0.02991789393126965,-4.152491395941832,0.8758116047761056,25.545908754464023,-0.013621887661550874,0.12880844070807657,-0.018331712023143248,0.001000835000013467,1
11.111961603164673,0.3287779986858368,-0.03629240021109581,0.5433623194694519,0.011136234753714872,-0.05678222700539039,-0.0007909343911724889,0.01267036795192178,0.16184337644258395,0.03890029744762691,-0.00884217768907547,0.04272794350981712,-0.021189382299780853,-4.143661279316944,0.8852830762804489,25.549183810040162,-0.016923802085380205,0.12358666018630587,-0.020930660916117456,0.0011281219994998537,1
11.121971130371094,0.3289761543273926,-0.0375395193696022,0.5432804822921753,0.008541592492993326,-0.06329483536912392,-0.001863913952663759,0.012596861813963134,0.16195752718320344,0.038429825196864,-0.003329293569549918,0.005590077489614483,-0.031030014157295227,-4.133707449046112,0.8990594528392751,25.554749363706193,-0.01900144149023431,0.1345039035931256,-0.0182234254964281,0.0010548080026637763,1
11.132064580917358,0.3290172517299652,-0.03810896724462509,0.5432305932044983,0.013988840472226115,-0.05796608698344483,-0.002342585624655328,0.012596861813963134,0.16195752718320344,0.038429825196864,-0.003329293569549918,0.005590077489614483,-0.031030014157295227,-4.125044356766214,0.9118990034725145,25.55733003128178,-0.01922631980932302,0.13594867361229124,-0.01749204487561632,0.0022135819963295944,1
11.142292976379395,0.3290962278842926,-0.038710325956344604,0.5431895852088928,0.009008999160216677,-0.06528040762736277,-0.0026732296562539956,0.01205100675787385,0.1625268504015307,0.03760716393212915,-0.003124356037005782,0.015272691845893856,-0.02726938016712666,-4.119422687853421,0.9253224132241856,25.561320294866338,-0.01898230419299113,0.13262617204016777,-0.01827449030261421,0.0010947460032184608,1
11.152225732803345,0.3291175961494446,-0.039311483502388,0.5431404709815979,0.009093064130820751,-0.05940819152965894,-0.0025242530874745976,0.011954682215045143,0.16276328770009574,0.0372371802237188,-0.009812441654503345,0.008916769176721568,-0.040291424840688705,-4.114391551318953,0.937489245302813,25.563122707418792,-0.018705750361803806,0.13195033262830771,-0.0181082296638891,0.0019172550018993206,1
11.162249326705933,0.3291175961494446,-0.039311483502388,0.5431404709815979,0.009093064130820751,-0.05940819152965894,-0.0025242530874745976,0.011954682215045143,0.16276328770009574,0.0372371802237188,-0.009812441654503345,0.008916769176721568,-0.040291424840688705,-4.110000599391305,0.9441861571580239,25.56357657662608,-0.01602049898523534,0.13353865519310618,-0.013255978826513424,0.0009130679973168299,1
11.171926736831665,0.32915833592414856,-0.03987450897693634,0.5430940389633179,0.009326377014957647,-0.060324732198874555,-0.002289151624981953,0.011645294647028681,0.16286000239864595,0.036831465823033316,-0.020256172865629196,0.01044872030615806,-0.04021105170249939,-4.106296236868314,0.9507994735754217,25.563171393551443,-0.012090158280127383,0.13315891361852583,-0.01177008617542895,0.000840872002299875,1
11.18192744255066,0.32918620109558105,-0.0404556542634964,0.5430440306663513,0.008251833779451127,-0.06272047011966762,-0.0025560684191121056,0.011370749982229533,0.16302398472380997,0.036130197382130635,-0.010697228834033012,0.007816273719072337,-0.04628549516201019,-4.102619931523885,0.9590571395569865,25.56409960786026,-0.014169169410310503,0.1337754877638864,-0.009309982707573985,0.0010247140016872436,1
11.191932678222656,0.3291909396648407,-0.04101964831352234,0.5430076718330383,0.003500633408985361,-0.05860488489254798,-0.001253143419679972,0.010979561403385851,0.16311786649558702,0.035583792734023234,-0.022701067849993706,0.0118345683440566,-0.05345865711569786,-4.095163268956248,0.9629603194557579,25.560599460619077,-0.009943819212480633,0.13266988380094194,-0.005631834140692626,0.0009985319993575104,1
11.201941728591919,0.32919299602508545,-0.04154055193066597,0.5429690480232239,0.006826765411686456,-0.058407574881822286,-0.003971322498509862,0.010738524659685833,0.16319381557246349,0.034921456261006956,-0.005309038329869509,0.009361408650875085,-0.050662580877542496,-4.093835049621065,0.9676078789496796,25.56839295772129,-0.014514641275551776,0.13309043494404846,-0.005940578209326664,0.0010386089998064563,1
11.211961507797241,0.32920360565185547,-0.042095378041267395,0.542934000492096,0.0023567346274452035,-0.06281772253964996,-0.0017308092605173556,0.010520523826157646,0.16343403272783918,0.03441747200509804,-0.016280824318528175,0.002393497154116623,-0.060941968113183975,-4.086941658082265,0.9744622595822489,25.564396757760726,-0.011405659887129133,0.13520816897052296,-0.0019101758759036483,0.001066537995939143,1
11.221956729888916,0.32918429374694824,-0.04310327768325806,0.5428602695465088,0.006247166592091877,-0.06252526491033912,-0.0028577789730034283,0.010120217964244116,0.16331678440602282,0.03356914193764382,-0.02458992414176464,0.0027983048930764116,-0.06770534068346024,-4.0810662568204705,0.9805349966627274,25.56291402744212,-0.01100251590369272,0.1355062685780193,-0.0011739538026561643,0.0013118240021867678,1
11.231945991516113,0.32916200160980225,-0.043632738292217255,0.5428258776664734,-0.0022673022774480963,-0.05426745862284049,-0.003421913850334333,0.009655026567518377,0.1635286763165671,0.03250087513332689,-0.008661307394504547,0.0069070397876202965,-0.07534438371658325,-4.075118949083593,0.9804856832461801,25.568764857865926,-0.011813618665211932,0.1342769226793277,0.004566798221003317,0.00099888100521639,1
11.241946697235107,0.3291311264038086,-0.04406281188130379,0.5427796244621277,0.004654852241221225,-0.05295470356148588,-0.004460935530360013,0.009214423062300803,0.16340757004019135,0.03150607036859121,-0.029634175822138786,0.0016752161318436152,-0.09131065756082535,-4.069796507092299,0.9807883646456345,25.571350768016618,-0.011748276033694558,0.1340396055069918,0.006052651695704646,0.0012286659984965809,1
11.251945734024048,0.3291311264038086,-0.04406281188130379,0.5427796244621277,0.004654852241221225,-0.05295470356148588,-0.004460935530360013,0.009214423062300803,0.16340757004019135,0.03150607036859121,-0.029634175822138786,0.0016752161318436152,-0.09131065756082535,-4.070985808127808,0.9793329157365588,25.575935805725432,-0.004345963776557147,0.1355610277281353,0.012976395720191127,0.0009842880026553757,1
11.26195478439331,0.329132080078125,-0.04455506429076195,0.5427424311637878,-0.0006094365900903779,-0.058609835801214746,-0.0034120872535342247,0.008788892515777302,0.16358820809499353,0.030563503277573734,-0.01849338598549366,0.011980893090367307,-0.08963146805763245,-4.067638249325995,0.9825807347766871,25.574513176383565,-0.00656513315890049,0.13251527360034654,0.013945047091109462,0.0010356769998907112,1
11.271973371505737,0.3290691375732422,-0.04497339203953743,0.5426965951919556,-0.002347569657013551,-0.046210054310140344,-0.006411111441595433,0.008495423513676936,0.16381378144719783,0.0296706887508158,-0.022412486374378204,0.0009320559911429756,-0.10252414643764496,-4.0666038321931435,0.976446925017119,25.584603706418118,-0.004550851042392579,0.13533991781764554,0.01924856734919343,0.0010143809995497577,1
11.281957149505615,0.32906705141067505,-0.0453922376036644,0.5426497459411621,0.003400281818339524,-0.05645871906705805,-0.004072451553103234,0.007904707525197452,0.16356895479967815,0.028523990143090927,-0.027292797341942787,0.020881032571196542,-0.10486489534378052,-4.067807067270811,0.9780526281592615,25.580466534337532,-0.0024044628977219653,0.12962506915287458,0.02191657257427608,0.0010840629984159023,1
11.291948556900024,0.32902324199676514,-0.04582347720861435,0.5426008701324463,-0.0056758066579304855,-0.04896292463219095,-0.006673708076491963,0.007390900949149071,0.16395592468053355,0.026949761205235845,-0.013175449334084988,-0.006929960101842893,-0.10441615432500839,-4.064514312326986,0.9743534331423376,25.588413981590516,-0.005556060511438895,0.13739369758971254,0.022927005070485035,0.0009985319993575104,1
11.301947593688965,0.3289698660373688,-0.04619831591844559,0.5425413846969604,0.0007389347001585569,-0.04751379042396073,-0.005287510378921478,0.006898236657987056,0.1638752350763788,0.025651704883287163,-0.027959441766142845,0.013173646293580516,-0.1209811195731163,-4.065670444925192,0.969112593852521,25.586753156090964,-0.000397879136383646,0.13206510063116145,0.030026047576035306,0.0010399360035080463,1
11.311954975128174,0.32893460988998413,-0.046575285494327545,0.5424892902374268,-0.0033081678990538894,-0.047328457238388494,-0.004691213823350925,0.0064649137168784065,0.16418107455838404,0.02443694022654297,-0.01811124198138714,0.009572481736540779,-0.1250433474779129,-4.0633425772393,0.9645381059083955,25.58431809383126,-0.0022022543283145633,0.1322282065773668,0.03318247886158156,0.0009904309990815818,1
11.321956634521484,0.3288722634315491,-0.046940941363573074,0.5424354076385498,-0.004062906812073851,-0.04589394108449776,-0.00543327483193564,0.0062030640536909765,0.16421194830948949,0.02317296177752226,-0.01589973457157612,0.010919925756752475,-0.12353279441595078,-4.061804588688418,0.9594952991859322,25.58606304893302,-0.002764532810554594,0.1318507703846696,0.034037970676488664,0.00122412799828453,1
11.331966638565063,0.328808456659317,-0.04726487398147583,0.5423892140388489,-0.0035683086611950597,-0.04087951779232531,-0.005401645331596235,0.005507799762992871,0.16441587024412208,0.021796874906819586,-0.02912740968167782,0.010444315150380119,-0.13200119137763977,-4.06109638725233,0.9504456533813999,25.586928578800126,0.0024855815831036614,0.13169973664290027,0.03844513176795193,0.0017601540021132678,1
11.34207820892334,0.32868778705596924,-0.04791274666786194,0.5423022508621216,-0.010106730263781253,-0.03505727277878559,-0.004277488546613874,0.005148390570547612,0.1644942675906691,0.020452319480526615,-0.013437435030937195,0.00029876772896384954,-0.14103266596794128,-4.060457535349973,0.9425882132430732,25.587293228459753,0.003129203700797801,0.131677118520991,0.03921291833433888,0.0012044379982398823,1
11.351998090744019,0.32861217856407166,-0.04816107824444771,0.5422629714012146,-0.0008130206920695306,-0.03915409743769036,-0.003309927415366556,0.00445935366711625,0.1642884840373422,0.018283937170148867,-0.025630611926317215,0.020103141665458662,-0.14110302925109863,-4.053932175305446,0.932126186593089,25.584170250670432,-0.0008435276770159691,0.13500069977665927,0.04280136064288144,0.0013574889962910675,1
11.362052917480469,0.32861217856407166,-0.04816107824444771,0.5422629714012146,-0.0008130206920695306,-0.03915409743769036,-0.003309927415366556,0.00445935366711625,0.1642884840373422,0.018283937170148867,-0.025630611926317215,0.020103141665458662,-0.14110302925109863,-4.054795013569417,0.9246448792415488,25.579264299079604,0.0031495761709588216,0.1292451992617858,0.0453351246114434,0.001005792997602839,1
11.371950149536133,0.32854363322257996,-0.04846590384840965,0.5422331690788269,-0.010760054911242878,-0.03837198021052064,-0.00405427746888708,0.003928323971134073,0.1647090183810489,0.016817636379174772,-0.026922298595309258,-0.017949284985661524,-0.14336135983467102,-4.048185115744664,0.916997273151893,25.580709165594413,0.0047799822492263855,0.14019475066644863,0.047510309241323836,0.0010203849960817024,1
11.38197135925293,0.32854363322257996,-0.04846590384840965,0.5422331690788269,-0.010760054911242878,-0.03837198021052064,-0.00405427746888708,0.003928323971134073,0.1647090183810489,0.016817636379174772,-0.026922298595309258,-0.017949284985661524,-0.14336135983467102,-4.042531656821652,0.9103344098325483,25.581456677978696,0.005032312797910297,0.14168670744337222,0.047918704691552544,0.0010673069991753437,1
11.391946792602539,0.32837337255477905,-0.04891946539282799,0.5421721339225769,-0.006342003124260916,-0.03982542455895672,-0.0039167501107654,0.0027923809529939447,0.16430022011910594,0.013727809680189385,-0.03764544054865837,-0.0029649930074811155,-0.1431858390569687,-4.041231174535607,0.9040403845070726,25.58146180675525,0.009794004573923633,0.13760885199044634,0.050380824085983024,0.0011022870021406561,1
11.401953935623169,0.3282443881034851,-0.04913391172885895,0.5421407222747803,-0.011925181428803309,-0.025478366787144196,-0.004517015635500215,0.0021837922310710134,0.16402692035142996,0.011494411519099579,-0.012930847704410553,-0.027962185442447683,-0.1625659465789795,-4.035848170734795,0.888171194760002,25.58405634170021,0.004359354745170496,0.14541223613423482,0.05804450395718097,0.0010729619971243665,1
11.411943912506104,0.32814860343933105,-0.04930410534143448,0.54209965467453,-0.005327536266534758,-0.032425705351220115,-0.0026318140866217177,0.001674391741630199,0.16398939232115461,0.009788226453342208,-0.025520915165543556,-0.00676436536014082,-0.16397976875305176,-4.0348727301749765,0.878047879589835,25.57846737366734,0.007987821723205083,0.13972249804747633,0.06149244396220997,0.0009828209949773736,1
11.421948432922363,0.32803165912628174,-0.04950760304927826,0.5420622229576111,-0.01152850502844782,-0.02672246844040562,-0.004233622828338742,0.001061968313290862,0.164012850691575,0.00817126578740357,-0.030265647917985916,-0.029346419498324415,-0.16380450129508972,-4.0305933392795685,0.8642787908048536,25.58239564697836,0.010864956295501306,0.14621885197150458,0.0632943623792338,0.0010647230010363273,1
11.431952714920044,0.3279052972793579,-0.04964086040854454,0.5420117378234863,-0.010197580855060536,-0.023099457853012654,-0.00491463511924486,0.0008703069138915609,0.1636402480378929,0.006437039697356983,0.002992423716932535,-0.02136303670704367,-0.1685793250799179,-4.028651976441067,0.8503526197926234,25.586220994193976,0.001418323092977904,0.14502059333183479,0.0652878599716598,0.0009882680024020374,1
11.441944599151611,0.32762986421585083,-0.049916330724954605,0.5419110655784607,-0.01499941021167948,-0.02044742368782777,-0.0070887843758487695,0.00037023389060708567,0.1634659061613042,0.004688187959384749,-0.022152280434966087,-0.021351195871830007,-0.17461557686328888,-4.025647285004736,0.8343627834246938,25.596004416278973,0.008628945774278802,0.1452803047312164,0.06902338554158305,0.0010213630012003705,1
11.451951265335083,0.32746070623397827,-0.049988336861133575,0.541860818862915,-0.012703943065802699,-0.016877518966781153,-0.008796967566899141,-0.00018813571478437652,0.1631698244721096,0.002154050853441891,0.00257012527436018,-0.02456902898848059,-0.17587397992610931,-4.022828772702586,0.8206274974467828,25.600172110811048,0.009719000336333498,0.14536097792082364,0.07028950315268855,0.0012026919939671643,1
11.461937427520752,0.32733914256095886,-0.050084780901670456,0.5418024063110352,-0.011096024116686923,-0.023235626519779635,-0.009557379183968111,-0.0006207468705130559,0.16307359551486034,0.0002510362724943427,-0.002358486410230398,-0.018189366906881353,-0.1787596046924591,-4.023424432426229,0.805862315063991,25.60767043653146,0.003064559249914802,0.14668312558125254,0.07184529446925499,0.001227130000188481,1
11.47194218635559,0.32733914256095886,-0.050084780901670456,0.5418024063110352,-0.011096024116686923,-0.023235626519779635,-0.009557379183968111,-0.0006207468705130559,0.16307359551486034,0.0002510362724943427,-0.002358486410230398,-0.018189366906881353,-0.1787596046924591,-4.026025908927668,0.7963718557858058,25.613405538512712,0.0041152314952132354,0.14501167744179716,0.07449128881604453,0.000993782996374648,1
11.481948137283325,0.3271554410457611,-0.05015793442726135,0.5417461395263672,-0.020769195778964328,-0.00988472625401819,-0.009980424855602311,-0.0008337059625636023,0.16318649546713582,-0.0012530729561750498,-0.007745767943561077,0.0015750981401651896,-0.1649009734392166,-4.0225890602051795,0.7778623480567686,25.617876713397994,0.0064145055927627564,0.13883254009292467,0.07153890076180203,0.0010204560021520592,1
11.49196195602417,0.3269737660884857,-0.05016113817691803,0.5416780114173889,-0.011736125733042665,-0.015566288492311573,-0.010555481477341517,-0.0011341505553117415,0.16264048503592043,-0.00410213571715401,0.016986526548862457,-0.024593694135546705,-0.18023936450481415,-4.025132880002478,0.7653072971529592,25.621262710132342,-0.0005805767306915335,0.14655028885601162,0.0770066628178627,0.0009823319996939972,1
11.502007246017456,0.32681459188461304,-0.05024348199367523,0.5416212677955627,-0.017874190613205675,-0.016208505255846908,-0.009100278772110082,-0.0015232739609842838,0.1629441505018301,-0.0057182972608869065,-0.002452984917908907,0.0027918659616261512,-0.16928155720233917,-4.022911416843953,0.7533825701128307,25.61814455368014,0.004865441517198371,0.13895559539810803,0.07604827612560297,0.0010286249962518923,1
11.511963129043579,0.3266165852546692,-0.050222523510456085,0.5415545105934143,-0.013881016714044065,-0.0036264080439012635,-0.011160298903507906,-0.0015519602842575253,0.16253761556546342,-0.007514536174159758,0.014124936424195766,-0.014788209460675737,-0.17267060279846191,-4.024832783100395,0.7338360397544627,25.62379342347047,0.0009115066975640268,0.143784370993007,0.0775894829663205,0.001006282000162173,1
11.521963119506836,0.3264690339565277,-0.05021173134446144,0.5414912104606628,-0.013987618695051942,-0.01223016900968326,-0.00888563657952006,-0.0016176129650018467,0.16276389562601512,-0.009273024004031072,0.02300228178501129,0.00346118863672016,-0.16817434132099152,-4.025011069087026,0.7225512996612621,25.618184499754904,-0.002653841852962986,0.13848940769938217,0.07709107644386225,0.0010446140004205517,1
11.531990766525269,0.3262515962123871,-0.05017250403761864,0.5414312481880188,-0.022730749157453066,0.0005364883204572466,-0.010878397933323833,-0.0017841606959168033,0.16259408159650635,-0.010882391227678312,0.00766505254432559,-0.018164444714784643,-0.1658109426498413,-4.020016227150873,0.7021934389760544,25.623657276201747,0.002219892566550969,0.14513833929574613,0.07776396001951053,0.0032422759977634996,1
11.541927337646484,0.32580554485321045,-0.05002516508102417,0.5413350462913513,-0.022484481437695544,-0.002117507597627924,-0.008169952412314385,-0.001963586089737568,0.16235803284897532,-0.012698432050851416,0.02908921241760254,-0.004990129731595536,-0.16630908846855164,-4.015616977199013,0.6844201721625266,25.626007298847195,0.002851669775813021,0.14602496510076216,0.07780751161150605,0.0010866470038308762,1
11.552088975906372,0.32556667923927307,-0.04993649199604988,0.541305422782898,-0.01872560021590161,0.002404871436570154,-0.007127520654991206,-0.002081837592663227,0.16237959212703013,-0.015180617519862771,0.017191369086503983,-0.006999710109084865,-0.1671721637248993,-4.010914268835678,0.6658652004593325,25.614030340407222,0.00037991768772455874,0.14281830146902338,0.07956179890699754,0.0020391649959492497,1
11.562002658843994,0.3253650665283203,-0.049803588539361954,0.5412852168083191,-0.018672563199826075,0.006188781023609337,-0.007659318166457102,-0.002120792464499033,0.16221977087266826,-0.016974299450631225,0.032298628240823746,-0.006140731740742942,-0.16479477286338806,-4.0074732776109,0.646643656577834,25.61102234340463,-0.004484852168312346,0.14227389366863105,0.08000713076205619,0.00089742799900705,1
11.57194185256958,0.3253650665283203,-0.049803588539361954,0.5412852168083191,-0.018672563199826075,0.006188781023609337,-0.007659318166457102,-0.002120792464499033,0.16221977087266826,-0.016974299450631225,0.032298628240823746,-0.006140731740742942,-0.16479477286338806,-4.0045509317025605,0.6296751017374057,25.609896624277496,-0.005132802082322945,0.142321981575424,0.08082408329878384,0.0010143809995497577,1
11.581941604614258,0.3251148462295532,-0.049661822617053986,0.541259229183197,-0.02660696212684607,0.006102965708182605,-0.007284528782444123,-0.0019201840554528005,0.1622013925992678,-0.01852471194315175,0.035336680710315704,-0.007278045639395734,-0.1639259159564972,-3.9959145293454155,0.614450161753439,25.608794538441423,-0.006470608802313201,0.14301753617570567,0.08139858375523965,0.0010145910055143759,1
11.591954231262207,0.3248179852962494,-0.04947831481695175,0.5412510633468628,-0.025444379140534813,0.013265855676533605,-0.006797543653290878,-0.0019788733973022943,0.1618016048183275,-0.020100005573989055,0.02595536597073078,-0.011304995976388474,-0.1545996218919754,-3.988147236690108,0.5948237447542777,25.60694971879772,-0.0035994864727250547,0.1448791048435591,0.07965383349439065,0.0010060019994853064,1
11.601958513259888,0.3245682120323181,-0.04930143430829048,0.5412377715110779,-0.020991243449212243,0.005168416091723828,-0.0062969916859489305,-0.001976232085115104,0.161677388418755,-0.02180044580735352,0.047870319336652756,-0.02618079259991648,-0.15653929114341736,-3.98343183061541,0.5833819660489509,25.604310904627255,-0.010310500559571563,0.14976170899522975,0.08019558861898742,0.0010286239994456992,1
11.611955642700195,0.3242643475532532,-0.049129944294691086,0.5412371754646301,-0.03287011385387592,0.01755481773374493,-0.006827271455798594,-0.0017931931556325331,0.16169012541680816,-0.023248620521015173,0.03270265460014343,-0.011240526102483292,-0.15396231412887573,-3.9718778563502974,0.5633775408656336,25.606050147195866,-0.0062783644887034005,0.14624641893534587,0.08077270016446524,0.0010643729983712547,1
11.621956825256348,0.3240106701850891,-0.0488726906478405,0.541225016117096,-0.02086935566263091,0.015160415343309155,-0.006277242538437272,-0.0018797496030287242,0.16101710676055125,-0.02572054428027659,0.04046124964952469,-0.005365768913179656,-0.16177305579185486,-3.9694971228561604,0.5463369886785585,25.604370825956543,-0.008044275065240539,0.14435184717280394,0.08462977265593354,0.0010273670050082728,1
11.631959676742554,0.32382291555404663,-0.0486924983561039,0.5412222743034363,-0.026240553779884084,0.013253131981316838,-0.007675833869411271,-0.001455907270254908,0.1614665981630563,-0.027152338344102578,0.045179642736911774,-4.7556241043074645e-06,-0.13280555605888367,-3.9654365417174513,0.5327794022325892,25.608765233656882,-0.010898674101117015,0.14203367152961327,0.07624780853471863,0.0009804479996091686,1
11.641953468322754,0.3235471844673157,-0.04840974137187004,0.5411893725395203,-0.029232351155313592,0.025714341631084714,-0.009980280429784123,-0.0013936762281110404,0.16095196359563468,-0.02846339034545231,0.036157842725515366,-0.017851984128355997,-0.1467813402414322,-3.960596285295097,0.5106649391174997,25.619058997172786,-0.007870070865310807,0.14813986076627142,0.0804593244404453,0.0010271589999319986,1
11.65195083618164,0.32422536611557007,-0.04865434393286705,0.5405089855194092,-0.024831123749250214,0.02124523568352765,-0.010474062886609278,-0.0010555567967847068,0.16122331458582684,-0.03000928704110395,0.05714307725429535,-0.004465128295123594,-0.13770176470279694,-3.9614029511343127,0.49529150592590004,25.625351807707343,-0.014737890357369395,0.144221750572546,0.0782639456039718,0.0009876380063360557,1
11.661943674087524,0.323925256729126,-0.048370592296123505,0.5404859185218811,-0.025184614705861568,0.021554434808528356,-0.011673136889556181,0.012651667521478505,0.16798480217912415,-0.031094218419148056,0.04932531341910362,0.00349109736271201,-0.12586259841918945,-3.9668863909117085,0.4881794793656325,25.630261655654056,-0.03120993697206364,0.13236624433661098,0.0704255337213043,0.0010457309981575236,1
11.671947002410889,0.323925256729126,-0.048370592296123505,0.5404859185218811,-0.025184614705861568,0.021554434808528356,-0.011673136889556181,0.012651667521478505,0.16798480217912415,-0.031094218419148056,0.04932531341910362,0.00349109736271201,-0.12586259841918945,-3.9714141193828394,0.48175560213042673,25.632161544522297,-0.033367363075771525,0.13087319416306334,0.06916497124035495,0.0009974839995265938,1
11.68195104598999,0.3236241340637207,-0.0480697862803936,0.5404465794563293,-0.024740314221745812,0.025074413166360714,-0.012942982285676679,0.012958044110806366,0.16817098104339756,-0.032403924493546565,0.0533350333571434,0.014529790729284271,-0.12741047143936157,-3.9772521482221297,0.4731115436364289,25.637195345471937,-0.0351205367064126,0.12700127151363858,0.07001090847959725,0.001041750998410862,1
11.691949367523193,0.32331904768943787,-0.04775136709213257,0.5403990149497986,-0.02745129359647491,0.025638356863219792,-0.014266810121134158,0.013307106734599117,0.16831613009060753,-0.033543384742373394,0.05470845848321915,0.014144058339297758,-0.11439286172389984,-3.9815108648783455,0.4648291293682206,25.643924577433353,-0.0364713699841392,0.1265445462009004,0.0663606645975655,0.0010455919982632622,1
11.701948404312134,0.3229907155036926,-0.04741465300321579,0.5403684377670288,-0.027400050334070045,0.028548926203324405,-0.010381457921626652,0.013718122367142094,0.16854110081939444,-0.034670314929855284,0.05630740895867348,0.02755615487694739,-0.10681572556495667,-3.98143084772584,0.4546439290692048,25.633287653792692,-0.03769810871542963,0.12205133974892003,0.0636242739435163,0.0010420309990877286,1
11.711958408355713,0.32233312726020813,-0.046706464141607285,0.5402914881706238,-0.03134016320177999,0.030562553550120657,-0.008625548354550563,0.014069248502681209,0.16878999918938753,-0.03570329342156198,0.05782511830329895,0.02437438257038592,-0.10077852755784988,-3.976464330299876,0.4432427834458526,25.62335269846476,-0.03883638324547923,0.12230959508266864,0.06157420475041154,0.0010038379987236112,1
11.72194790840149,0.32198604941368103,-0.046332698315382004,0.5402885675430298,-0.028747355575190273,0.030900659082308685,-0.011567211525730654,0.01469278266222096,0.1691781595860431,-0.03704887886789088,0.055316101759672165,0.0151777472347021,-0.08670143783092499,-3.976911614520425,0.4326121677101957,25.629305655342304,-0.03925946720408056,0.12464265937282283,0.057163504506137025,0.0010331630037399009,1
11.731959104537964,0.32127639651298523,-0.04556935653090477,0.5402507781982422,-0.03116805851079113,0.03401788697709343,-0.008281116326732512,0.015636698196692222,0.1697099664469568,-0.03850237740253126,0.0626722127199173,0.02128890343010425,-0.06635493040084839,-3.973551095480308,0.42232281548282946,25.62562798025363,-0.04153824132868014,0.12172742541498235,0.05284126469789466,0.0019931520000682212,1
11.742066144943237,0.32127639651298523,-0.04556935653090477,0.5402507781982422,-0.03116805851079113,0.03401788697709343,-0.008281116326732512,0.015636698196692222,0.1697099664469568,-0.03850237740253126,0.0626722127199173,0.02128890343010425,-0.06635493040084839,-3.969141698336386,0.41125524940925434,25.619322303515226,-0.04336168368959722,0.1221273200661642,0.04908638965821931,0.0025634619960328564,1
11.752233266830444,0.32089805603027344,-0.045178260654211044,0.5402429103851318,-0.03290968012644632,0.03365669042676671,-0.00959264512669107,0.016148783776353426,0.1698265615993515,-0.03907001962735368,0.060866162180900574,0.021223999559879296,-0.05442464351654053,-3.9654215035762905,0.40160380336161683,25.621519700077496,-0.04393231133909138,0.12213944814006313,0.04462088607993924,0.0008688009984325618,1
11.762226104736328,0.3205018937587738,-0.04477664828300476,0.5402548313140869,-0.03499354779736917,0.03586313526440843,-0.007001142751631783,0.016701096910406665,0.17001370731789756,-0.03956247754979536,0.06193356588482857,0.007002725265920157,-0.043432511389255524,-3.957101317338582,0.39109702404388,25.613857086638063,-0.0451793179236428,0.12646415509638734,0.04023644906295394,0.001206881002872251,1
11.77199935913086,0.3200799226760864,-0.04437657818198204,0.5402844548225403,-0.035416651526677584,0.035816170253042234,-0.008336844949947502,0.01729165962703716,0.1699847468659268,-0.0398908796238171,0.06032544746994972,0.0036314046010374984,-0.03231445699930191,-3.950760068667171,0.382073300019525,25.61559051099639,-0.045555612468732215,0.12816452707394121,0.03560355794810838,0.0011971760031883605,1
11.781960248947144,0.3196609914302826,-0.04397917166352272,0.5403056144714355,-0.03484039000605556,0.036858126690731186,-0.008287952481413697,0.01813659368162357,0.17001842071384843,-0.04024900332289594,0.06238136067986488,0.0004064301028847669,-0.020765479654073715,-3.9452149249495703,0.37390913989116126,25.61646591445794,-0.04585403213514727,0.128421774789528,0.03486617622607796,0.0012671380027313717,1
11.791948318481445,0.3196609914302826,-0.04397917166352272,0.5403056144714355,-0.03484039000605556,0.036858126690731186,-0.008287952481413697,0.01813659368162357,0.17001842071384843,-0.04024900332289594,0.06238136067986488,0.0004064301028847669,-0.020765479654073715,-3.9402671828216307,0.36599114245079367,25.61680457951617,-0.04780847732651433,0.12942664324318678,0.03076376144473842,0.0009849859998212196,1
11.801965236663818,0.31921422481536865,-0.04357893019914627,0.5403221249580383,-0.03757992000683711,0.036667138560917016,-0.006959076461126678,0.018757207791097574,0.16999315479406185,-0.040336219822183494,0.0627949982881546,-0.008415829390287401,-0.009318977594375609,-3.931922192848939,0.35901245683097444,25.61278098255696,-0.04920989974783635,0.13248976671122795,0.026044830623540786,0.0010590669990051538,1
11.811963081359863,0.31875184178352356,-0.043171919882297516,0.5403494834899902,-0.035494007162783864,0.03860790656511278,-0.008519980060514992,0.019685511183280546,0.16981451886198773,-0.0402491131007352,0.060595348477363586,-0.011192545294761656,0.007372787687927486,-3.9272692571524668,0.35170890196973376,25.616617669455977,-0.050144804810662795,0.1339538884326033,0.0193356915447217,0.0010725429965532385,1
11.8219473361969,0.31875184178352356,-0.043171919882297516,0.5403494834899902,-0.035494007162783864,0.03860790656511278,-0.008519980060514992,0.019685511183280546,0.16981451886198773,-0.0402491131007352,0.060595348477363586,-0.011192545294761656,0.007372787687927486,-3.923164660785153,0.34529791720928477,25.61833451231429,-0.05025628353642039,0.13416755336153743,0.01807663876573182,0.001031487001455389,1
11.831963539123535,0.3173049986362457,-0.0419604517519474,0.54034423828125,-0.039989113820318625,0.03766565789738596,-0.014076686596444904,0.02054463685925567,0.16966737407222343,-0.03996570053309467,0.04900694265961647,-0.00316621293313801,0.026236560195684433,-3.9213695001131765,0.33991903754152136,25.638685609150777,-0.04818234612496069,0.1320678222453529,0.011428676391352015,0.0010016730011557229,1
11.841964721679688,0.31687042117118835,-0.04157858341932297,0.5403121113777161,-0.04237722229101167,0.03791614266286769,-0.010955658953132448,0.021239861962249584,0.1695994495161055,-0.03942524696276628,0.048413991928100586,-0.012271545827388758,0.03947405144572258,-3.91357507675481,0.3348502817933852,25.636705737830248,-0.04884860068274536,0.13485645624277637,0.005256129324828321,0.0010252030042465776,1
11.852006435394287,0.31643667817115784,-0.041175030171871185,0.5402877926826477,-0.039520379165363724,0.03917255267744922,-0.014214623096665505,0.021827018148138144,0.16945618338825774,-0.0389626542124093,0.04124603793025017,-0.010512056760489935,0.04876382276415825,-3.9119307072110465,0.3296407934870634,25.64716742425637,-0.04759607609735241,0.13478136002203764,0.0007671203420983536,0.0009865219981293194,1
11.86208176612854,0.3160665035247803,-0.04079348221421242,0.5402174592018127,-0.042409669647749344,0.037559800014884584,-0.016156439931952652,0.022146462478063178,0.16944479526879652,-0.038373062435824945,0.02953878790140152,-0.0017069617751985717,0.05852673575282097,-3.910379696297739,0.32609393950806764,25.658481072465282,-0.04446168943649638,0.13216378739054607,-0.0034679702856463667,0.0010247149984934367,1
11.871970891952515,0.3156750798225403,-0.04040566831827164,0.540166974067688,-0.04269904268904904,0.04028370618739641,-0.012285608145154458,0.022814472241691863,0.16957544758020138,-0.03727445802006013,0.026644831523299217,0.01030737068504096,0.07547985017299652,-3.9046554660838693,0.3208191854366877,25.650054800929734,-0.04421973428659502,0.1279677427624177,-0.010691021183690318,0.0010590669990051538,1
11.881970643997192,0.3153376281261444,-0.04002781957387924,0.5401036739349365,-0.042077332746689185,0.03711812573758959,-0.01728514569310175,0.022996779671780487,0.1695135627789317,-0.036873246447842956,0.0244597215205431,0.002011838834732781,0.08298366516828537,-3.8998475027114585,0.3162392821769507,25.64675791821165,-0.044163368370162284,0.12741516434228414,-0.0120485605009381,0.0013039350014878437,1
11.89196515083313,0.31499433517456055,-0.039655789732933044,0.5400323867797852,-0.04397827759635878,0.03955093422435788,-0.01333326366567676,0.023350306481412453,0.1696783715407273,-0.035509712790409154,0.007672896608710289,0.0006952395197004197,0.09580971300601959,-3.895089300852431,0.3125718908623774,25.649363715443766,-0.03922230762049426,0.13038090842861036,-0.01918285085430323,0.001392120000673458,1
11.901944160461426,0.31499433517456055,-0.039655789732933044,0.5400323867797852,-0.04397827759635878,0.03955093422435788,-0.01333326366567676,0.023350306481412453,0.1696783715407273,-0.035509712790409154,0.007672896608710289,0.0006952395197004197,0.09580971300601959,-3.8909415757698795,0.3091775693955286,25.65064350696383,-0.03872968622500249,0.13074596459941146,-0.021093515870594937,0.0008712449998711236,1
11.911943912506104,0.3146062195301056,-0.03928301855921745,0.5400015711784363,-0.04336104914897669,0.03739283609323962,-0.01373111536455532,0.023583208649463394,0.1696146817746338,-0.034426877913892984,-0.0032944653648883104,0.003241362283006323,0.10435790568590164,-3.887962985763003,0.3074687600365715,25.652641775539745,-0.03580212658804578,0.1300937890243348,-0.02469590352102125,0.001032325002597645,1
11.921945571899414,0.3137868642807007,-0.038557641208171844,0.5399478673934937,-0.044810093907453934,0.0382754357243342,-0.010388722794971744,0.0237031014913609,0.16971280541117162,-0.03333901460093003,-0.004568157717585564,-0.0022130690049379925,0.11240566521883011,-3.8799575021228163,0.3044472694069787,25.642352946610373,-0.03526522873149161,0.13171097437980245,-0.028694356226138355,0.0010179419987252913,1
11.93197250366211,0.31332847476005554,-0.03819981962442398,0.5399487018585205,-0.04446960985119528,0.03831437612698623,-0.011338442040158828,0.023833251717558568,0.16942661924186986,-0.0307890464949101,-0.02368362806737423,-0.011869887821376308,0.1313995122909546,-3.8735020251276415,0.3018640630767741,25.641618720662667,-0.02978053629739945,0.13535540200373114,-0.036710138312285784,0.001625257995328866,1
11.942089319229126,0.3123362064361572,-0.03751441836357117,0.5399001836776733,-0.047684509322101803,0.03638497004114295,-0.012910447522828264,0.023748687604457697,0.16931948666639718,-0.028666528480262077,-0.032457347959280014,-0.0007429558318108149,0.14028865098953247,-3.869602494734151,0.3006470628220472,25.647475136606285,-0.029135895632366977,0.1358767769466732,-0.03827654842360523,0.0034624270047061145,1
11.951942682266235,0.3123362064361572,-0.03751441836357117,0.5399001836776733,-0.047684509322101803,0.03638497004114295,-0.012910447522828264,0.023748687604457697,0.16931948666639718,-0.028666528480262077,-0.032457347959280014,-0.0007429558318108149,0.14028865098953247,-3.8634590335998165,0.2998159167915833,25.649741178414278,-0.02639933875362832,0.1327668259037528,-0.042460156862179556,0.0008373110031243414,1
11.961965322494507,0.31181928515434265,-0.037174347788095474,0.5398625135421753,-0.04530749476603539,0.03602207838616959,-0.015199932446810395,0.023684997862304158,0.16924158284353874,-0.027205835648415277,-0.039153896272182465,-0.006397811695933324,0.1456068456172943,-3.861345952836488,0.2994686083297071,25.65859792289185,-0.023966152238833274,0.13415590503987576,-0.04568106548611948,0.001171341005829163,1
11.97195315361023,0.31130075454711914,-0.03685278445482254,0.5397897362709045,-0.048861492522821424,0.03442784786724501,-0.017381838648445523,0.023684997862304158,0.16924158284353874,-0.027205835648415277,-0.039153896272182465,-0.006397811695933324,0.1456068456172943,-3.858703909355788,0.30028998967964604,25.670162540963634,-0.023714909834790004,0.13449842039011473,-0.04632025988062427,0.0016642890041111968,1
11.981928586959839,0.31076493859291077,-0.0365331657230854,0.5397352576255798,-0.04750026401783602,0.035770710753728695,-0.015171814437698149,0.0229751116868826,0.16918288470601262,-0.023178634055903924,-0.05844905972480774,0.010247878730297108,0.161887988448143,-3.854825927161566,0.2996061880053347,25.667390332969006,-0.017021997915299982,0.1294173277515021,-0.05333335488361621,0.0008710360052646138,1
11.991944074630737,0.31024694442749023,-0.03622131422162056,0.5396563410758972,-0.04755381151730402,0.032737177156285796,-0.0178145785504062,0.022470057604775384,0.16924176343319042,-0.021484803719174383,-0.07277187705039978,0.00678226724267008,0.16834287345409393,-3.8514739065590216,0.29910182040566796,25.666356557270998,-0.016111106839275042,0.12878423953209678,-0.05474889078902366,0.001005303995043505,1
12.001961946487427,0.31024694442749023,-0.03622131422162056,0.5396563410758972,-0.04755381151730402,0.032737177156285796,-0.0178145785504062,0.022470057604775384,0.16924176343319042,-0.021484803719174383,-0.07277187705039978,0.00678226724267008,0.16834287345409393,-3.8507665592404092,0.30058606717744185,25.675168755560158,-0.01111821816970756,0.12972424975795338,-0.0575946735616129,0.0010571129969321191,1
12.011972904205322,0.3097041845321655,-0.035924315452575684,0.5395909547805786,-0.04992702234784271,0.03434323899186877,-0.013339096159256362,0.022034985820363673,0.16932401563915578,-0.019712010776844924,-0.0835133045911789,0.010398555546998998,0.17478324472904205,-3.8432536874045717,0.29980472202646397,25.663770340957488,-0.00662185499148047,0.1287924921830679,-0.06085139776044843,0.0009923170000547543,1
12.021972179412842,0.3091706931591034,-0.03561411052942276,0.5395334362983704,-0.047980573216502044,0.03357998301004091,-0.01545096790033979,0.021525968410765373,0.1693008067639301,-0.0178917673994623,-0.08543786406517029,0.008687183260917686,0.18127496540546417,-3.8400013659255596,0.29991592839540626,25.666493939993984,-0.004913550466178099,0.12920112794814195,-0.06450236878365775,0.001032814005156979,1
12.03197455406189,0.3080754280090332,-0.03504328429698944,0.5394179224967957,-0.051028836582576884,0.0328667574620703,-0.01238871931554426,0.020812154686970175,0.16946761110674124,-0.016081387777002742,-0.09565629065036774,0.014478445053100607,0.17653007805347443,-3.831136905557862,0.29920050708746754,25.65764444265196,-0.0005146197637122497,0.12737541070465452,-0.06411339390229619,0.0009837290053837933,1
12.041972160339355,0.307516872882843,-0.03476341441273689,0.5393649339675903,-0.05148082235251474,0.030804690046386647,-0.013733379715794353,0.01954159481552331,0.16952087805244265,-0.012267742478733634,-0.10857529193162918,0.003475205972790742,0.1936734914779663,-3.8237165963204185,0.3001435763965904,25.658982632267602,0.005343657302250971,0.13056513714193899,-0.07124631452923723,0.0010299519999534823,1
12.051963806152344,0.30695363879203796,-0.034487370401620865,0.5393195152282715,-0.05266416079077276,0.031265642564925734,-0.012018456282044773,0.01954159481552331,0.16952087805244265,-0.012267742478733634,-0.10857529193162918,0.003475205972790742,0.1936734914779663,-3.814167031667222,0.30015841595332443,25.65405179438973,0.006118961263701078,0.13111359550778962,-0.07260212957145074,0.0010909060001722537,1
12.061970710754395,0.3063822388648987,-0.03421667218208313,0.5392864942550659,-0.05330831568521417,0.030712610212336622,-0.011371330827803436,0.018460532122578144,0.16955144207465045,-0.009311705420183447,-0.1091173067688942,0.0064568072557449575,0.19250443577766418,-3.804436908129655,0.30052293078278386,25.650203837801776,0.007803026129967638,0.13023400754617165,-0.07378093063739742,0.0010690509952837601,1
12.071963787078857,0.30580809712409973,-0.033942077308893204,0.5392600893974304,-0.053625412334290794,0.031113568727505692,-0.011558409223367589,0.017706054706115193,0.1696401080429153,-0.007293572974877094,-0.10850884020328522,0.011815589852631116,0.20003047585487366,-3.7957608914582495,0.3005949623655159,25.64963611242034,0.008700670648294214,0.12836437811357956,-0.07743784183919286,0.001000977004878223,1
12.081954717636108,0.3052217364311218,-0.03368141129612923,0.5392377972602844,-0.05504391721405451,0.029186980843091823,-0.010026060942168995,0.016903493517289814,0.1696608160125539,-0.00519378625912692,-0.11208635568618774,-0.0022884050849824897,0.20300248265266418,-3.784468063060313,0.30169854851133365,25.644565413702395,0.010897459612500987,0.13256558586635148,-0.08003431417014002,0.0010367260038037784,1
12.091980934143066,0.30458587408065796,-0.03343307971954346,0.5392278432846069,-0.05373517796493579,0.0319119431084555,-0.0076237828214214135,0.015716129503142717,0.1694927393044079,-0.002120966729631135,-0.11706762760877609,-0.0061233136802911516,0.20130261778831482,-3.772318800300214,0.30034276447096936,25.634571694426175,0.014393971649586352,0.1345176974184278,-0.081140477610873,0.0009923179968609475,1
12.101971864700317,0.303960382938385,-0.03318970650434494,0.5392096042633057,-0.054199371619710876,0.02792763153486569,-0.010051849645529408,0.0148341749502654,0.16945855634543738,2.849814353078628e-05,-0.11729048937559128,-0.00018804892897603324,0.21002817153930664,-3.7620330801092026,0.29923005762326826,25.63078288418261,0.014826598536435602,0.13481606046306743,-0.08136506452744059,0.0012442389997886494,1
12.111940622329712,0.3032863736152649,-0.03297123685479164,0.5391971468925476,-0.05672185870299927,0.029401460659995087,-0.006610870052584494,0.014156033472311425,0.1694142401827432,0.002158406111217648,-0.11419147998094559,-0.012775472365319703,0.20550914108753204,-3.748544559480549,0.30020639724282416,25.626415762293433,0.015574478086226399,0.13714303295788358,-0.08402550334902027,0.001029534003464505,1
12.12194013595581,0.3032863736152649,-0.03297123685479164,0.5391971468925476,-0.05672185870299927,0.029401460659995087,-0.006610870052584494,0.014156033472311425,0.1694142401827432,0.002158406111217648,-0.11419147998094559,-0.012775472365319703,0.20550914108753204,-3.736865882983306,0.30097279863532517,25.624993294573716,0.015963322495851,0.13748043852333616,-0.08534799240419688,0.0010557169953244738,1
12.132044792175293,0.3012121319770813,-0.03234831616282463,0.5391597151756287,-0.055581987019,0.028769453963183145,-0.01054139239670002,0.012522947321841116,0.16908602441369558,0.0064225585091270965,-0.11320165544748306,-0.005906868726015065,0.21364592015743256,-3.7300320547357027,0.30240731165378976,25.638356948265244,0.01730188070351994,0.13573440460332714,-0.08935255664329732,0.00194504699902609,1
12.142005681991577,0.3012121319770813,-0.03234831616282463,0.5391597151756287,-0.055581987019,0.028769453963183145,-0.01054139239670002,0.012522947321841116,0.16908602441369558,0.0064225585091270965,-0.11320165544748306,-0.005906868726015065,0.21364592015743256,-3.723565337951599,0.30343891633909137,25.644080559428655,0.01788382634325846,0.13553546725460683,-0.09099816331724894,0.0008852799946907908,1
12.152189493179321,0.30051571130752563,-0.0321565717458725,0.5391138792037964,-0.05584179999880278,0.02899464588143221,-0.014303613461333615,0.011320689977306841,0.1689262972704917,0.01060235349201255,-0.09239900857210159,-0.005657908506691431,0.20476901531219482,-3.720770270185936,0.30560722266575635,25.659686841669792,0.013277895110469569,0.1356008835613805,-0.09095765681908889,0.0012943010005983524,1
12.162006378173828,0.2998020350933075,-0.03196604549884796,0.5390610098838806,-0.05650301666271067,0.029193354727293386,-0.013563147743677175,0.011320689977306841,0.1689262972704917,0.01060235349201255,-0.09239900857210159,-0.005657908506691431,0.20476901531219482,-3.716133852725305,0.3069830229140113,25.663812006302123,0.01270301508935906,0.13563196571863337,-0.09089557650767359,0.0012574339998536743,1
12.171949625015259,0.29907751083374023,-0.03177797049283981,0.5389946103096008,-0.057668429075741864,0.030081352156062488,-0.015700968869306154,0.010568128953678979,0.16881544094954348,0.013811646857812221,-0.08670550584793091,0.00010204291902485055,0.20780009031295776,-3.7128970733667166,0.30826998476749573,25.67323291996016,0.011830403715773836,0.1340149733815275,-0.09361542900061998,0.0016880999974091537,1
12.181971788406372,0.2983526587486267,-0.0315886065363884,0.5389276146888733,-0.056653697327112305,0.029354793852761844,-0.015613958825215045,0.010089285341649656,0.16885573084086003,0.015811933786434196,-0.08278530836105347,0.008173559792339826,0.19897080957889557,-3.7101670296558673,0.31008415587711313,25.67697829629188,0.011284392534719542,0.13117595596231418,-0.09227170341508541,0.0010691230054362677,1
12.191972255706787,0.2976210117340088,-0.031411316245794296,0.5388461351394653,-0.05895619131439083,0.028873523552834863,-0.01648510831151593,0.009707174622205272,0.1688823926976868,0.017861451119570937,-0.06457353383302689,0.008985556662082696,0.19881422817707062,-3.706341513234414,0.3129570405288227,25.681912292854516,0.0060859469484633106,0.13060787974404203,-0.0935606893786921,0.0010640960026648827,1
12.201956748962402,0.2968796193599701,-0.03121897205710411,0.5387833714485168,-0.05706839263260942,0.03147661313514313,-0.013023843066546751,0.009383339969513127,0.1689404451757004,0.02087207322412743,-0.05813850462436676,0.005091764964163328,0.1977911740541458,-3.6997894579784476,0.31413723205648697,25.67218449726622,0.00398220356556361,0.13161090561126743,-0.09519780456853101,0.0010475480012246408,1
12.211957931518555,0.2961592972278595,-0.031022699549794197,0.5387019515037537,-0.057090327143984786,0.029510023072225982,-0.017103768883931815,0.009214697352822654,0.16890876518252318,0.021843969997293655,-0.05471372231841087,0.0013741631992161508,0.19037242233753204,-3.6978582080298508,0.31693541606388514,25.68242652495813,0.0028746152987747286,0.13290413871391318,-0.0932411278026651,0.001047616999130696,1
12.221952676773071,0.2961592972278595,-0.031022699549794197,0.5387019515037537,-0.057090327143984786,0.029510023072225982,-0.017103768883931815,0.009214697352822654,0.16890876518252318,0.021843969997293655,-0.05471372231841087,0.0013741631992161508,0.19037242233753204,-3.695873907711498,0.3192559215462467,25.686771929416064,0.0027999740707463135,0.13310555021520776,-0.09323459286011966,0.0010424509964650497,1
12.23194932937622,0.29541993141174316,-0.030827591195702553,0.5386398434638977,-0.0582018606966209,0.03152008349721685,-0.010636373987203655,0.008997792183851328,0.16913931477225308,0.024728619588437972,-0.046126775443553925,0.01005939953029158,0.18882304430007935,-3.6863245896221053,0.3203265057837158,25.666659949746055,0.0004991590491828812,0.13023690376707403,-0.09451412250834576,0.0010375639976700768,1
12.241957426071167,0.29469287395477295,-0.03062589094042778,0.538587749004364,-0.05614106722492388,0.03126772869711698,-0.015004752488182773,0.00892829558860786,0.16908141765383133,0.026636215857031242,-0.031099189072847366,0.0019216934451833595,0.18664829432964325,-3.683455034379391,0.32260052400863404,25.67358351594938,-0.004276844989477703,0.13237055982089083,-0.095529610212247,0.0010552280000410974,1
12.251944780349731,0.29323214292526245,-0.030228503048419952,0.5384921431541443,-0.05701205147028974,0.032782275125290285,-0.010982013570325735,0.008864495329471644,0.1692111004679635,0.028477938715838036,-0.038376372307538986,0.007570448331534884,0.1759284883737564,-3.675069698851658,0.32281426277549913,25.663042343348724,-0.002311594216347801,0.13077558012783255,-0.09289239415897146,0.0009897350028040819,1
12.261973857879639,0.29250624775886536,-0.0300223957747221,0.5384482145309448,-0.057527639205485745,0.0326235888292496,-0.011005529881491881,0.008881744886346521,0.1693213493860677,0.032047129160753585,-0.024053795263171196,0.012731464579701444,0.17568795382976532,-3.6672350156674205,0.3245710834367522,25.65915599093251,-0.006519161947970644,0.12886596323782676,-0.09479701753734131,0.0011339880002196878,1
12.27195405960083,0.291782945394516,-0.029815297573804855,0.5384249091148376,-0.057799771642723506,0.03285361060260109,-0.010019914922127284,0.008881744886346521,0.1693213493860677,0.032047129160753585,-0.024053795263171196,0.012731464579701444,0.17568795382976532,-3.658667848997892,0.3255563988700885,25.654498168005254,-0.007022148990534456,0.12862087122179108,-0.09511673980319446,0.0011865640044561587,1
12.281968593597412,0.2910561263561249,-0.02960670180618763,0.5384050011634827,-0.05759022411680518,0.03357638014832321,-0.008434048167148505,0.00904907299935731,0.16940044288808842,0.03466928820189841,-0.02243792451918125,0.010712295770645162,0.16799278557300568,-3.6491002754564303,0.32644980898113723,25.64743768691152,-0.007626779421410995,0.12913303112549226,-0.09420008145843323,0.001059976995748002,1
12.29194951057434,0.29035550355911255,-0.02939397096633911,0.5383895039558411,-0.055217065233409045,0.03323853730836461,-0.010278197371763532,0.009109635092957369,0.16949744603753425,0.03628059652343518,-0.018948616459965706,0.016150165349245092,0.16176874935626984,-3.6442112593427756,0.3279724364464105,25.651009711927454,-0.00877208946355351,0.12728777842625053,-0.09298386700834184,0.0009952510008588433,1
12.301952362060547,0.289645791053772,-0.029191218316555023,0.5383663773536682,-0.05798960487861625,0.03251145764313838,-0.006926761666379541,0.009203767344350133,0.16966893979325537,0.037964143362615665,-0.011108159087598324,0.021691184490919134,0.16050712764263153,-3.6340440897546515,0.3301485163765393,25.6414055257951,-0.011469359478398963,0.12523881511425192,-0.09355110113320961,0.0010321170047973283,1
12.311944007873535,0.28893688321113586,-0.028974289074540138,0.5383672714233398,-0.05453738565877069,0.03490748633956413,-0.008009338046296124,0.009535827833871746,0.1698541989260347,0.0395373075221892,0.0008365919929929078,0.02340595796704294,0.1502034068107605,-3.628695541643351,0.33138942864239795,25.641202290879118,-0.01552256063155897,0.12412834543008125,-0.09092888320124239,0.0010026520030805841,1
12.322618007659912,0.2882425785064697,-0.02875519171357155,0.5383312106132507,-0.05691524610320462,0.03277714906038989,-0.009832320934643698,0.009863936141411678,0.17008623862446237,0.041787330665198574,-0.003520765108987689,0.020017035305500048,0.1508978307247162,-3.62346839536855,0.3342754448760407,25.6477854482145,-0.015329060584306005,0.12473445672906867,-0.09251496496053273,0.001105848998122383,1
12.33199691772461,0.2882425785064697,-0.02875519171357155,0.5383312106132507,-0.05691524610320462,0.03277714906038989,-0.009832320934643698,0.009863936141411678,0.17008623862446237,0.041787330665198574,-0.003520765108987689,0.020017035305500048,0.1508978307247162,-3.6187792350616546,0.3368083723221846,25.6506235833201,-0.015298530493884285,0.12483164217226037,-0.0928111490808022,0.0014532170025631785,1
12.342079162597656,0.2868526577949524,-0.02830677106976509,0.538275957107544,-0.05444136285531949,0.03391322099405649,-0.011772141841482722,0.010408534194469077,0.1704893706635846,0.0446069536366549,0.0056563131511211395,0.030665211379528063,0.13391870260238647,-3.6180183496823584,0.339335849804644,25.6584962579231,-0.01838462484204036,0.12104594411536049,-0.08872038971184416,0.0008564430027035996,1
12.351991653442383,0.2868526577949524,-0.02830677106976509,0.538275957107544,-0.05444136285531949,0.03391322099405649,-0.011772141841482722,0.010408534194469077,0.1704893706635846,0.0446069536366549,0.0056563131511211395,0.030665211379528063,0.13391870260238647,-3.6170340258050797,0.341365226573277,25.661797270850116,-0.01888909127365165,0.12040927941819526,-0.08845670877392124,0.0008741080018808134,1
12.361952543258667,0.2861614525318146,-0.028084080666303635,0.5382306575775146,-0.05548116937448894,0.03519301488801874,-0.008907182134519406,0.010722208502849107,0.17083425378559847,0.04601093939469836,0.0058892108500003815,0.028547292575240153,0.13668301701545715,-3.6118778171730246,0.3423322447947876,25.65353262395503,-0.01942878266922698,0.12063545136285012,-0.0902231745678841,0.0011349650012562051,1
12.372116327285767,0.28547587990760803,-0.027844125404953957,0.538191020488739,-0.05397141368472364,0.035360049311280874,-0.012026145493460117,0.011090017166003996,0.17101616764799088,0.047385679030517824,0.01165846548974514,0.02866202965378763,0.13120374083518982,-3.611493009820626,0.34381381176483145,25.660937494600027,-0.021649965314999704,0.12033634238082286,-0.08978695653657927,0.0017400479991920292,1
12.381961107254028,0.2841382622718811,-0.027367105707526207,0.5380603671073914,-0.05362269648749563,0.03518442442584597,-0.012004390567942246,0.011386351596111677,0.17136316482657898,0.04861730900138106,0.008941001258790493,0.03331204876303674,0.1234661415219307,-3.610501349475473,0.3449086357071337,25.66416506126793,-0.02134205715673641,0.11840547559161307,-0.0878319918251389,0.0011801410000771284,1
12.391954183578491,0.2834694981575012,-0.027124902233481407,0.5379900932312012,-0.05290958321077225,0.035423241226402946,-0.011627070333563826,0.01199078421612354,0.17182847447642047,0.05050332645524369,0.023570703342556953,0.03770867362618448,0.12332069128751755,-3.6095351915180114,0.34687470176753205,25.664284856743073,-0.02661814626061839,0.11619162388459538,-0.08910642185515814,0.0010481069984962232,1
12.401954174041748,0.28281310200691223,-0.0268706027418375,0.5379114151000977,-0.051981460468323956,0.03622285263316716,-0.01350324832138611,0.012444230106523069,0.17214008969151484,0.05163804540406369,0.02473475970327854,0.03286465629935266,0.11416108161211014,-3.610799050566194,0.34837210431376225,25.670842887987867,-0.028019801180197732,0.11695147259600935,-0.08706504101329783,0.0010590689998934977,1
12.411953210830688,0.28229695558547974,-0.026627616956830025,0.5378292202949524,-0.05227379526224537,0.0356373263018466,-0.01140600266369564,0.01286721918874667,0.17243708788760115,0.05279541238237506,0.02372460812330246,0.030300728976726546,0.10794814676046371,-3.6089316829707987,0.35007572748643384,25.666467168234032,-0.028344676214579676,0.11752699924703719,-0.08537124766484633,0.0010113800017279573,1
12.421953201293945,0.28179794549942017,-0.026373689994215965,0.5377628207206726,-0.04940507182989621,0.03758782898187061,-0.010937690899509035,0.013657958862318242,0.17282910922627526,0.054410299113537786,0.03460090607404709,0.027796113863587393,0.10353092104196548,-3.608723459531858,0.3512508956937004,25.662985814134085,-0.03264003249336952,0.11781283395917055,-0.08504759191561466,0.0014120919950073585,1
12.431954383850098,0.28140974044799805,-0.02613016963005066,0.5376886129379272,-0.05005436421787291,0.03522854644298042,-0.012390333245550498,0.013930840209400941,0.17298194801089295,0.054893495631095135,0.039008475840091705,0.026733558624982844,0.09620441496372223,-3.6094305691617974,0.35427753366726167,25.666618315809316,-0.03474057501306324,0.11807444385027413,-0.0828324416817111,0.0010050259952549823,1
12.441946983337402,0.28140974044799805,-0.02613016963005066,0.5376886129379272,-0.05005436421787291,0.03522854644298042,-0.012390333245550498,0.013930840209400941,0.17298194801089295,0.054893495631095135,0.039008475840091705,0.026733558624982844,0.09620441496372223,-3.609929741484882,0.35675266165939307,25.668163807950105,-0.03512556139919169,0.11806403388081117,-0.08257927376805546,0.0010418219972052611,1
12.45194673538208,0.28064170479774475,-0.02562894858419895,0.5375772714614868,-0.04506758640792445,0.036210246098452,-0.013494872455018632,0.01508359971833828,0.1735070664107221,0.05718013414901302,0.033630628138780594,0.016436684876680385,0.07890928536653519,-3.6082878797060784,0.3564541983379751,25.659564237851182,-0.03433692828634342,0.12101188023684437,-0.08189916067305762,0.00119899299897952,1
12.46195101737976,0.28064170479774475,-0.02562894858419895,0.5375772714614868,-0.04506758640792445,0.036210246098452,-0.013494872455018632,0.01508359971833828,0.1735070664107221,0.05718013414901302,0.033630628138780594,0.016436684876680385,0.07890928536653519,-3.6131416171460504,0.3586128134021539,25.668846342173218,-0.03454735012959767,0.12084973163432466,-0.0781478440915882,0.001028555998345837,1
12.471946716308594,0.2802639901638031,-0.025393187999725342,0.5375182628631592,-0.04683120924854696,0.03730043020592388,-0.009839987275899971,0.01560892534576519,0.17382626683211955,0.0579964859994746,0.03206189349293709,0.01825503818690778,0.0809309333562851,-3.6119694219396252,0.3594733320427436,25.66024478496272,-0.034773658704008496,0.1199787310934825,-0.07870198374234141,0.0010122870007762685,1
12.481941223144531,0.2795024514198303,-0.024908490478992462,0.5374366641044617,-0.043268148176647384,0.035933334131730034,-0.011153263152237967,0.016130585583698398,0.1738810502557886,0.05877020681691514,0.03827172517776489,0.011840074323117742,0.06824970990419388,-3.6141775153004927,0.361497629901674,25.661106084402117,-0.03719738585323814,0.12168722076821098,-0.07536178309866354,0.0010510389984119684,1
12.491946458816528,0.27912554144859314,-0.02466939203441143,0.5374074578285217,-0.04054610109941708,0.0370216328226148,-0.00883653066204706,0.016715712498688973,0.17423351642770601,0.05967731081124672,0.028485246002674103,0.01672188378870488,0.061611782759428024,-3.6156650608078977,0.36218078542482085,25.653319264903722,-0.035096950762072095,0.11986927340141748,-0.07292483467081959,0.001075337000656873,1
12.501943349838257,0.2787569761276245,-0.024440398439764977,0.5373667478561401,-0.039281521166839466,0.0351864508178807,-0.01312425882381904,0.017145053273918354,0.1743414813299986,0.0602640941157655,0.027696391567587852,0.01678260602056981,0.05625909939408302,-3.6223476243132033,0.36467895566769754,25.664730765048407,-0.03511356673583118,0.11940583570486478,-0.07116389599373985,0.0010514579989830963,1
12.511942386627197,0.27838850021362305,-0.024214239791035652,0.5373255610466003,-0.0391982464792511,0.036468065819013296,-0.010164550884827981,0.017519162587863235,0.17465239624883155,0.06066850946234181,0.03644712269306183,0.014853310771286493,0.04162190854549408,-3.624617511998511,0.36585695924529443,25.659168147845786,-0.037983466642198115,0.1196046051027894,-0.06654597425347998,0.0009957389993360266,1
12.521945476531982,0.2780252993106842,-0.023991329595446587,0.5372902750968933,-0.037362400764064295,0.03583183865225044,-0.01284014462718562,0.01787566509848748,0.1747797514157794,0.06107751249882698,0.020684173330664635,0.02253670990467072,0.0351070910692215,-3.6310075485327316,0.36704131606928586,25.665917985632912,-0.03386269141731634,0.11697703815031413,-0.06338861307797197,0.001013194996630773,1
12.53204083442688,0.2776654362678528,-0.02377091534435749,0.5372341871261597,-0.03647469395576582,0.03525534994013967,-0.012685831801254517,0.01815685037182302,0.17526870645946246,0.061511546551465734,0.015401770360767841,0.03002250194549561,0.02821322530508041,-3.6371939605449777,0.3684089375174601,25.667957629527685,-0.03185446735641545,0.11385336520347021,-0.06056871259131078,0.0030809899981250055,1
12.54247260093689,0.2773195207118988,-0.023563073948025703,0.5371782779693604,-0.03649009044986574,0.03366247922311897,-0.014048849674553691,0.018366388698566993,0.17552568104661637,0.06173050072691577,0.01517629437148571,0.029179111123085025,0.01755883917212486,-3.643719952024628,0.3705726774467098,25.67343451357753,-0.03177398113113638,0.1131738577270026,-0.05686219747100134,0.0027508000057423487,1
12.552170753479004,0.27697065472602844,-0.023360056802630424,0.5371202230453491,-0.03484531922190365,0.034952100034133064,-0.012427132406115569,0.018600246039607526,0.17587160688316272,0.06183564402085606,0.016376005485653877,0.03145315870642662,0.0130290612578392,-3.648788257719723,0.3714443308523074,25.669863592614195,-0.03221845251592281,0.11205782379028184,-0.05478255033588987,0.000862307999341283,1
12.56202507019043,0.2766467034816742,-0.023145541548728943,0.5370621085166931,-0.03309663441712625,0.03421241016218085,-0.013882015792176862,0.018712775291426453,0.17613234236991193,0.061867290039866685,0.00654163584113121,0.03115033730864525,0.00274063576944172,-3.655970482525774,0.37227917046518616,25.673184908151633,-0.029264505683787495,0.11157034739134938,-0.05076201730649833,0.0010689830014598556,1
12.572131633758545,0.27631717920303345,-0.022948944941163063,0.5370100140571594,-0.03368725624901704,0.033187557029959715,-0.009885920271164467,0.01868806238983689,0.17653169317205242,0.06183784137202064,-0.0026785831432789564,0.034495193511247635,-0.007906994782388214,-3.6620927977481132,0.37290380524637773,25.6744147427704,-0.028943105844574227,0.11143104074789617,-0.0500438539292489,0.0018655189996934496,1
12.582016468048096,0.27631717920303345,-0.022948944941163063,0.5370100140571594,-0.03368725624901704,0.033187557029959715,-0.009885920271164467,0.01868806238983689,0.17653169317205242,0.06183784137202064,-0.0026785831432789564,0.034495193511247635,-0.007906994782388214,-3.662712997983363,0.3729400612667267,25.66120930353405,-0.025844127429552517,0.10993963439757583,-0.046081483675855364,0.0010432189956190996,1
12.591946125030518,0.2757023870944977,-0.022551685571670532,0.5369303226470947,-0.03200495277970675,0.032101884276773525,-0.010813378037275787,0.018745536244343608,0.17676474997947178,0.061688369372165486,0.006653551012277603,0.02964493632316589,-0.014560601674020294,-3.665205042428556,0.3737380228889229,25.658940719041517,-0.028326565452435944,0.11092076684631469,-0.0433503422867136,0.0009994399952120148,1
12.601937532424927,0.27540022134780884,-0.022363359108567238,0.5369174480438232,-0.029062716687970933,0.03452822544429438,-0.009679975187155234,0.018643210945188393,0.1773033750793691,0.06140975138272964,-0.004781958647072315,0.03082693368196487,-0.021007329225540165,-3.668534126198758,0.3717496414617909,25.653865419913117,-0.024763809752034967,0.1099113483381718,-0.0401289600416366,0.0008706869994057342,1
12.611940860748291,0.27512848377227783,-0.022174445912241936,0.536891758441925,-0.027957573898858737,0.031731843781865235,-0.012736681267799756,0.018580151421009106,0.17747273135002484,0.06106977963531435,-0.0143278194591403,0.023396885022521016,-0.03441048040986061,-3.675167850374334,0.37154365797292804,25.662087647218485,-0.021118643499864358,0.11182524938738633,-0.034620949670513886,0.00084331700054463,1
12.622043132781982,0.2748558521270752,-0.02200336940586567,0.5368823409080505,-0.0283622446610569,0.032149113518241304,-0.006716528248619802,0.018272779459685307,0.17778778560543218,0.06066236406847114,-0.014486436732113361,0.02291387319564819,-0.040627915412187576,-3.673833286055027,0.36978724982858213,25.644757658829874,-0.020068594228713953,0.11194369476098562,-0.031203999239087395,0.0008496009977534413,1
12.631962060928345,0.27459728717803955,-0.021815570071339607,0.5368911027908325,-0.026152337277605794,0.032602753332907346,-0.009071412879962222,0.018209438706688452,0.17791893864672925,0.06021611196114263,-0.012251235544681549,0.01975512318313121,-0.04835004359483719,-3.6770408424584393,0.3679148060283206,25.645558357578587,-0.02039210662793564,0.11269337681890625,-0.027784748106626175,0.0008504389988956973,1
12.641942024230957,0.2743532061576843,-0.021635429933667183,0.5368748903274536,-0.025634123413714807,0.03185926730481468,-0.009356823979687236,0.017779708331130184,0.17821129650540124,0.05934655687311219,-0.016920240595936775,0.013848633505403989,-0.057238295674324036,-3.68024795669042,0.36581289588904015,25.646765036515383,-0.018282008171386827,0.11427639297963021,-0.023411675513061066,0.0008610520017100498,1
12.651962280273438,0.27411237359046936,-0.021448735147714615,0.5368766784667969,-0.02418994739273702,0.0325658953549278,-0.007494681578890893,0.017546394257269782,0.17828175421437598,0.05875537293136013,-0.018421152606606483,0.00971618574112653,-0.06087474152445793,-3.6830256827973793,0.3639984862483986,25.6471788540384,-0.018026057797501927,0.114515224078676,-0.022612606697613873,0.00107254500471754,1
12.66196084022522,0.2739001214504242,-0.021271897479891777,0.5368587970733643,-0.02162112482453329,0.03130141272925366,-0.010235022745439484,0.017230031978206384,0.17833905169877662,0.05801806732058967,-0.017316076904535294,-0.0011727879755199044,-0.071915403008461,-3.684116879786758,0.36108815852930615,25.640806607004713,-0.017123867088331905,0.11574964795959808,-0.020792945931273305,0.001086438998754602,1
12.671960592269897,0.2736932039260864,-0.02108970656991005,0.5368411540985107,-0.02260449360005331,0.03224003679044868,-0.007289203040098233,0.016914448459990794,0.17845193197442466,0.057230628902650515,-0.01778692938387394,0.00463070161640643,-0.08310315012931824,-3.689467348160038,0.3591400391861969,25.64735150103577,-0.016769171050042286,0.11915316453582987,-0.016299618089173143,0.00123620899830712,1
12.681962966918945,0.2736932039260864,-0.02108970656991005,0.5368411540985107,-0.02260449360005331,0.03224003679044868,-0.007289203040098233,0.016914448459990794,0.17845193197442466,0.057230628902650515,-0.01778692938387394,0.00463070161640643,-0.08310315012931824,-3.6902813817018774,0.3556064541858855,25.639965717056864,-0.015923274772392047,0.1177520159161502,-0.011148651408033491,0.0010490140048204921,1
12.691963195800781,0.27331337332725525,-0.020720139145851135,0.5368175506591797,-0.019344333541692654,0.03311604634517033,-0.009726996556507914,0.01653407351651559,0.17836725017816102,0.056375187691422024,-0.021348394453525543,-0.0027034564409405093,-0.08155945688486099,-3.695547247749528,0.3511498790813029,25.645055983006603,-0.01423103085881066,0.11986006512180657,-0.009994604056762259,0.0009939950032276101,1
12.701974153518677,0.2731441259384155,-0.020530182868242264,0.5367982387542725,-0.0188405515532747,0.031281381785900154,-0.009456375377352007,0.0161436303309741,0.17839550893436673,0.05500533104219496,-0.014419648796319962,-0.005276416428387176,-0.09214277565479279,-3.699840730193101,0.3478044623550288,25.646086174750494,-0.015511950614255969,0.1209351953275864,-0.005575611608547783,0.0010117990022990853,1
12.711963653564453,0.27298372983932495,-0.02033599093556404,0.5367773175239563,-0.016848648064458644,0.033530030371308826,-0.009165443363273225,0.015859302450409007,0.17831330187293082,0.05398759166473921,-0.010843923315405846,-0.008327257819473756,-0.09921655803918839,-3.704461278923258,0.3426102686475428,25.645296595247427,-0.016208288498887256,0.12211157965345647,-0.0017919897247802167,0.0009903629979817197,1
12.72196364402771,0.2728453576564789,-0.02013201266527176,0.536747932434082,-0.01482797463725054,0.031816583015014534,-0.011142109959808888,0.015541090977337912,0.17820623220760234,0.052946036777400174,-0.016206085681915283,-0.009040009230375302,-0.10139857977628708,-3.7118895292748157,0.3385035955583023,25.651515654361262,-0.014258518136204148,0.12258399899618541,0.0004944965757986918,0.0010266009994666092,1
12.731989622116089,0.2727065980434418,-0.0199336726218462,0.5367158651351929,-0.015734972547551747,0.033006574924823555,-0.007674725115092333,0.015137678621741202,0.17805271955206914,0.05120252499058653,-0.00734761543571949,-0.015338129363954081,-0.11789388954639435,-3.713381561660122,0.332834824393262,25.642145793099512,-0.015866705790929844,0.12491750818227415,0.007265820455774544,0.0017926950022228993,1
12.742101907730103,0.2725870907306671,-0.01971515081822872,0.5366990566253662,-0.010837293529707383,0.03467370192304441,-0.00982014065739222,0.015024936305338965,0.17786565118347397,0.05057151307846475,-0.006289435550570488,-0.025372892618179335,-0.12107730656862259,-3.7202013923431196,0.3264842845619869,25.645244975900177,-0.016151460436409904,0.1284531767599845,0.009988865676568327,0.0011411109953769483,1
12.752253770828247,0.27248531579971313,-0.01950395293533802,0.5366522073745728,-0.01317046230296083,0.033326059538386715,-0.009390739524239291,0.014625428830725706,0.17754242152901023,0.04867448798217744,-0.0025966002140194178,-0.0257849618792534,-0.12654751539230347,-3.7237146627433093,0.3207135058544697,25.64515356322394,-0.016753106801431907,0.12961987958431004,0.013414635219075464,0.0010842050032806583,1
12.76199460029602,0.27237558364868164,-0.019281189888715744,0.5366442203521729,-0.010722384930529084,0.03567765277546761,-0.005323677639544138,0.014455072756310194,0.17713045757923718,0.04731913195523507,-0.002940043108537793,-0.03203111141920091,-0.13423721492290497,-3.7235624544339223,0.3128878268279746,25.630950183616715,-0.01635066893150616,0.13207668473927037,0.01695391943512524,0.0009063670004252344,1
12.772004127502441,0.272297203540802,-0.019052276387810707,0.536617636680603,-0.009984281941825173,0.03461354969775458,-0.011965650997137478,0.014214694033201969,0.17666631031338564,0.04584896565679397,0.002038144040852785,-0.04201412945985796,-0.1423972100019455,-3.72382451571408,0.3059394844256192,25.62513949174066,-0.016243330681868205,0.13261036454899222,0.018128987651569006,0.0013937280018581077,1
12.782002925872803,0.272297203540802,-0.019052276387810707,0.536617636680603,-0.009984281941825173,0.03461354969775458,-0.011965650997137478,0.014214694033201969,0.17666631031338564,0.04584896565679397,0.002038144040852785,-0.04201412945985796,-0.1423972100019455,-3.731248810526529,0.30041275682058827,25.645483817686376,-0.017353051308674133,0.13634422152375236,0.021817740210846905,0.0010928619958576746,1
12.792053699493408,0.27212607860565186,-0.018559405580163002,0.5365968942642212,-0.007840681957774811,0.035586569444022276,-0.009590806349105568,0.014045201902091797,0.17630515187015172,0.04439110598197171,0.0031504875514656305,-0.044689908623695394,-0.14812347292900085,-3.735765749902684,0.29341706757215313,25.64542994443674,-0.01746822371960634,0.13814636587739246,0.025290060937806672,0.001111366000259295,1
12.801965236663818,0.2720488905906677,-0.018303537741303444,0.5365711450576782,-0.0080479507675334,0.03510097037866283,-0.007466773258784246,0.013768429645073521,0.17554284832549705,0.04206721499302368,0.012512214481830597,-0.04563644155859949,-0.15410229563713074,-3.7367461334557226,0.28648773948595185,25.638135934624703,-0.019943790334562988,0.13974621376320184,0.02905027805662909,0.0010100529980263673,1
12.811975479125977,0.2719639837741852,-0.0180245041847229,0.5365725159645081,-0.007345772538694855,0.03618842733729628,-0.0067708616545808795,0.013757910295629117,0.17499587878665457,0.040426933519569275,0.020688271149992943,-0.0604742579162121,-0.16075347363948822,-3.736595805614053,0.27891432419611795,25.63271629161192,-0.02262351742165395,0.14533733631220194,0.032699734114323,0.0010232500062556937,1
12.821971893310547,0.27188560366630554,-0.01774221658706665,0.536558985710144,-0.005615942312491441,0.03528725355041133,-0.009427638650142648,0.013639945174291235,0.17440821989561384,0.03881864809432045,0.01838703081011772,-0.0606479309499264,-0.15897339582443237,-3.7403471261043153,0.27211427950931943,25.639537665345596,-0.0221694906633589,0.14687513451325804,0.033837403543357694,0.0010083779998240061,1
12.831964492797852,0.2718132436275482,-0.017446964979171753,0.5365488529205322,-0.005336845178091088,0.036774359621915824,-0.008237519095650018,0.013611464770695747,0.17385782011801654,0.03710466796279288,0.02404160052537918,-0.06285944581031801,-0.16447915136814117,-3.7419727159951948,0.26417077091950264,25.638222889582014,-0.023673183029069855,0.14851629640741232,0.03668996067322942,0.0009909220025292598,1
12.841959714889526,0.2717401087284088,-0.017148811370134354,0.5365419983863831,-0.005554802876196169,0.03706035389449621,-0.007627145284828309,0.013540612295889431,0.173192958214488,0.03534657644516592,0.025408077985048294,-0.06906645745038989,-0.17602479457855225,-3.7419646256359713,0.2558506597708766,25.635644930739243,-0.023979403465627783,0.15159509250090922,0.04207281484653783,0.001050480997946579,1
12.851965188980103,0.2716812193393707,-0.01683392934501171,0.536541759967804,-0.0032871407753459034,0.038193829357029106,-0.009635464275403405,0.013493361139500504,0.17249870020942293,0.03354164010198124,0.025626979768276215,-0.07223130017519,-0.17434749007225037,-3.745261103727998,0.24693309660595156,25.641373371904187,-0.024041089207646155,0.153834434887308,0.04355905743214789,0.000997903996903915,1
12.861967325210571,0.2716257870197296,-0.016522860154509544,0.5365287661552429,-0.005462136826123678,0.036781564343431626,-0.008444187076946679,0.01346378512972679,0.17144974078482322,0.030802973644333154,0.02824472449719906,-0.0719215199351311,-0.17977970838546753,-3.7445703361834664,0.23867055292861386,25.639850794875155,-0.02478587967446106,0.1555238119100837,0.047107951017103064,0.0010881849957513623,1
12.871964693069458,0.27156227827072144,-0.016193944960832596,0.5365405082702637,-0.0024650232266457423,0.03924616425995587,-0.007752822125570159,0.013548457185969198,0.17070077690612084,0.028860143787991177,0.037629347294569016,-0.07190076261758807,-0.18763482570648193,-3.7449758368658195,0.22911144996356267,25.636741113347394,-0.027635561572727486,0.15632277881571183,0.050431895409843816,0.0010090760042658076,1
12.881981611251831,0.27156227827072144,-0.016193944960832596,0.5365405082702637,-0.0024650232266457423,0.03924616425995587,-0.007752822125570159,0.013548457185969198,0.17070077690612084,0.028860143787991177,0.037629347294569016,-0.07190076261758807,-0.18763482570648193,-3.745431996183203,0.2205104802864832,25.635459723100862,-0.028068789780152557,0.156795782806588,0.051850658649606945,0.001045174001774285,1
12.891964197158813,0.27151215076446533,-0.01585192047059536,0.5365220904350281,-0.0038021632072946375,0.03737181052232742,-0.010344510710853452,0.013521597253308482,0.17015774201401523,0.02694158841684402,0.036120474338531494,-0.059807758778333685,-0.18662798404693604,-3.7477955134361984,0.21333513763184858,25.643995612644776,-0.02773547642767889,0.15384479780948782,0.0528993471017665,0.0010300229987478815,1
12.902224063873291,0.2712920010089874,-0.014800104312598705,0.5365126132965088,-0.005846618971559963,0.038344249115970924,-0.006466231045692267,0.01372466458744448,0.16882640550477745,0.02301998302674546,0.044849712401628494,-0.06696195155382159,-0.19695591926574707,-3.74245486036973,0.20439056928769023,25.628193602679655,-0.028951462179809383,0.15469289582527718,0.055146700340609534,0.0027767040010076016,1
12.911962747573853,0.2712920010089874,-0.014800104312598705,0.5365126132965088,-0.005846618971559963,0.038344249115970924,-0.006466231045692267,0.01372466458744448,0.16882640550477745,0.02301998302674546,0.044849712401628494,-0.06696195155382159,-0.19695591926574707,-3.7386609285529273,0.19578651910472336,25.628146149765602,-0.03063607546335139,0.15767861676052589,0.05887039306153259,0.0008416409982601181,1
12.921947956085205,0.27120330929756165,-0.014426368288695812,0.5365288853645325,-0.005083944341602184,0.0402497574655644,-0.007062804754404689,0.013892506035267704,0.168028405746242,0.02002556470011374,0.04804171994328499,-0.05581977590918543,-0.19550859928131104,-3.7365251035425313,0.1856529792153046,25.63030879001672,-0.032034965961093086,0.15563198895936572,0.06064279523866663,0.0010069810014101677,1
12.931973934173584,0.27111583948135376,-0.014047559350728989,0.5365201830863953,-0.006046964037819141,0.03959851711859353,-0.009241266028444757,0.014034352170406716,0.16742741154481822,0.018089555940540958,0.0453951433300972,-0.0545657239854336,-0.19259238243103027,-3.7358082162485684,0.17623753629110628,25.638889813388527,-0.03170774857530767,0.155793793514944,0.06115390578903001,0.0012988390008104034,1
12.94210934638977,0.27100878953933716,-0.013659034855663776,0.536522626876831,-0.008080583246306793,0.03989852219193224,-0.006984359358638739,0.014169308542832493,0.16706465077712052,0.01607160782563799,0.04881032556295395,-0.046459034085273763,-0.19347184896469116,-3.731265695925465,0.16654691870869473,25.634913629084934,-0.032879841204918846,0.15385854556953593,0.06251956786641603,0.0024900819989852607,1
12.952513694763184,0.2708907723426819,-0.013278411701321602,0.5365330576896667,-0.007973681194605384,0.039073012769302425,-0.008574794057178231,0.014398322383264883,0.16653392040399106,0.014204384343636356,0.052451424300670624,-0.046576283872127554,-0.18870410323143005,-3.728687725610363,0.15796324745865298,25.638920228419313,-0.03461986863877358,0.15433121211775674,0.062073159373644535,0.0008454809940303676,1
12.96198034286499,0.2707742154598236,-0.012882104143500328,0.536527693271637,-0.008096732339826282,0.04032406956062727,-0.008539051576215135,0.014653760385658465,0.1659146980403552,0.011372894338237849,0.0490051694214344,-0.045064885169267675,-0.18084704875946045,-3.7258498762380525,0.14811157152189716,25.64062875922116,-0.03422577589276241,0.1547637977637808,0.06103066371604316,0.0010198979944107123,1
12.971959829330444,0.27062857151031494,-0.012487931177020073,0.5365352630615234,-0.011048742723914746,0.038295917208973025,-0.006077282724727074,0.014807737075758443,0.16549461566956136,0.009585781241331581,0.04692571982741356,-0.0420079827308655,-0.17803171277046204,-3.7233552736912454,0.13948156620179195,25.641420987958345,-0.03418534919733647,0.1548401600341376,0.06081885091850276,0.0012394209988997318,1
12.982008218765259,0.27047789096832275,-0.012082898057997227,0.5365515351295471,-0.009184601830222109,0.04096451774230657,-0.005471490538754628,0.015110879262907329,0.16505677316292555,0.007863402297260791,0.04974346607923508,-0.03669487312436106,-0.16409868001937866,-3.7168587198671452,0.1296125793846694,25.631505346966154,-0.03516182076257678,0.15324036014806267,0.056339180256366014,0.0012110719981137663,1
12.992348432540894,0.27047789096832275,-0.012082898057997227,0.5365515351295471,-0.009184601830222109,0.04096451774230657,-0.005471490538754628,0.015110879262907329,0.16505677316292555,0.007863402297260791,0.04974346607923508,-0.03669487312436106,-0.16409868001937866,-3.7114178655102363,0.12072143876480917,25.627604429027866,-0.035436482876373625,0.15323244532896163,0.05618750034906111,0.0011446009957580827,1
13.001949071884155,0.2703307867050171,-0.011675426736474037,0.5365476608276367,-0.010144504887176968,0.03790662810785836,-0.007889446498755653,0.015201111456973226,0.16468957779551818,0.006261556601053986,0.04981091618537903,-0.04070172458887102,-0.1556662917137146,-3.708055344497749,0.11440128906460831,25.63457305725781,-0.035899091612302876,0.155003742345883,0.0542122949865224,0.0009002220031106845,1
13.011996746063232,0.27015650272369385,-0.01127636432647705,0.5365538597106934,-0.01295715661629468,0.03956048190661357,-0.003274279070095096,0.015476786989869318,0.16438946015748312,0.004604739871991725,0.04274187609553337,-0.03186317905783655,-0.1604999601840973,-3.698347886372824,0.10596098124997962,25.621945975428677,-0.033949017768181426,0.1530236699079417,0.0565160771006306,0.0011046630024793558,1
13.02196455001831,0.2699846923351288,-0.010859130881726742,0.5365679860115051,-0.011427131528436918,0.03742808476418896,-0.008032282712659,0.015588050687725286,0.1639311816736151,0.003056170922300261,0.041704706847667694,-0.03846074640750887,-0.14604467153549194,-3.6953972088905767,0.09968090409825452,25.633283149296975,-0.03392125631929193,0.15533489615816276,0.05297764729012195,0.0015298830039682798,1
13.03197431564331,0.26959508657455444,-0.010033775120973587,0.5365877747535706,-0.014427271733550238,0.03752576187792007,-0.006340931869019016,0.015618776113237587,0.1637257744505467,0.0016048352595059434,0.02811308763921261,-0.030616182833910006,-0.1393759846687317,-3.6886156194967525,0.09186963065154692,25.632453971657434,-0.02982941505527492,0.15361490365618416,0.05130879124177353,0.0010185020000790246,1
13.04197382926941,0.26938945055007935,-0.009618747048079967,0.5365760326385498,-0.015757927815810424,0.03698116542734034,-0.009313867962739463,0.01568806075533491,0.16319088234474366,-0.0005062073264596734,0.025228897109627724,-0.026443149894475954,-0.13860076665878296,-3.684461778409534,0.08443477572935923,25.642685665373246,-0.028564178485281155,0.15280026678470965,0.05193768180367693,0.00129779199778568,1
13.051966428756714,0.26916390657424927,-0.009196917526423931,0.5365772247314453,-0.016919523540691827,0.036776103091023984,-0.006886983462240024,0.015684287040186984,0.16298170654357813,-0.0018240856613411793,0.022336596623063087,-0.03227906301617624,-0.12835219502449036,-3.676764234378439,0.0768051818789657,25.638805332623587,-0.027699954814302416,0.1548653705432614,0.04946983911099773,0.0009981829934986308,1
13.06196928024292,0.26892468333244324,-0.008777140639722347,0.5365744829177856,-0.018419176357157632,0.03726461530072119,-0.008604056135477727,0.015649262389993535,0.16268826035240247,-0.002998738129273093,0.014691270887851715,-0.01952210441231729,-0.11652632802724838,-3.670996905237416,0.06879982285158201,25.64346517014323,-0.02537104193497693,0.15160635037594564,0.04595833248955758,0.001014032997773029,1
13.071960687637329,0.26868000626564026,-0.008342770859599113,0.5365669131278992,-0.017422515990693874,0.03668271007534541,-0.008051384773698636,0.015432580962127851,0.16247677367604263,-0.0048335862515158645,0.005525390617549419,-0.01541935652494432,-0.11993762105703354,-3.6657983839565054,0.06046041618874165,25.64359510162364,-0.02191489723576833,0.15014244127519882,0.047789767029863955,0.0009942050019162707,1
13.081962823867798,0.2684231698513031,-0.007920077070593834,0.5365540385246277,-0.02023172942310685,0.03539349512826226,-0.008325461981371714,0.01518277712581284,0.16242255959136687,-0.005856115647239868,-0.004978913348168135,-0.007365494035184396,-0.10301293432712555,-3.66126568538259,0.05319512617494859,25.64379585199251,-0.021498916912895173,0.14994521674307945,0.04808505806214039,0.0013212539997766726,1
13.09196138381958,0.2681497633457184,-0.0074827098287642,0.536555826663971,-0.01946901718466973,0.03686075658786673,-0.006295289648129648,0.014978165597466564,0.16236253597776962,-0.0068491974473352535,-0.014380224980413914,0.0008671255782246471,-0.09667589515447617,-3.655689496881185,0.04649504980844475,25.645160651412013,-0.018225858821004602,0.14761381111104124,0.043468030082889894,0.0012714699987554923,1
13.101964235305786,0.2678830921649933,-0.00704570859670639,0.5365309119224548,-0.020631853636762586,0.03486599032343003,-0.010838931841228618,0.014562899471069368,0.16238914914041658,-0.007858278099955207,-0.013535360805690289,-0.0003697937354445575,-0.09598119556903839,-3.6493208090286102,0.03807323832238271,25.638865715607707,-0.014674601434319708,0.1448091201537715,0.041377553001117826,0.0013775319966953248,1
13.111944675445557,0.2678830921649933,-0.00704570859670639,0.5365309119224548,-0.020631853636762586,0.03486599032343003,-0.010838931841228618,0.014562899471069368,0.16238914914041658,-0.007858278099955207,-0.013535360805690289,-0.0003697937354445575,-0.09598119556903839,-3.6473972521196156,0.03148018877220059,25.652173326186166,-0.014052673041358306,0.14481030230160324,0.04137464939434004,0.0009862450024229474,1
13.121950149536133,0.26729679107666016,-0.0061561791226267815,0.5364857912063599,-0.02114451117780728,0.03569838032116445,-0.011341069826145788,0.01425996547147923,0.16248876123149003,-0.008674886481906174,-0.023585474118590355,0.009756118059158315,-0.08255572617053986,-3.645531431323771,0.023217165341586972,25.659545557140532,-0.010662097525183432,0.14158068388131786,0.03777135481995884,0.0010042590001830831,1
13.131974935531616,0.2669857144355774,-0.005709673743695021,0.5364412665367126,-0.02365588402061514,0.03515755762156929,-0.0071020050713248555,0.013322468169030266,0.16276929566184917,-0.010224186948470937,-0.031830206513404846,0.01970070600509643,-0.06953420490026474,-3.6379595762347976,0.01420957944103872,25.648283608273655,-0.006682556054407391,0.13783300355173456,0.0341561551743823,0.0013831870019203052,1
13.14210295677185,0.2666647434234619,-0.005248156376183033,0.5364189147949219,-0.02333313608602655,0.03665348147203517,-0.00911338942141467,0.013322468169030266,0.16276929566184917,-0.010224186948470937,-0.031830206513404846,0.01970070600509643,-0.06953420490026474,-3.6335716979063726,0.004846578282054629,25.650816857302456,-0.006132157244488509,0.13731090799037013,0.03343439026995787,0.001384303999657277,1
13.151948928833008,0.26634079217910767,-0.0047775739803910255,0.5363761782646179,-0.02380780504802284,0.03632278368703555,-0.00982951177382545,0.012617516260550854,0.16299185318269416,-0.01119463597414061,-0.043062351644039154,0.019361915066838258,-0.05989939346909523,-3.6299201780491286,-0.004770825253807868,25.654498680523364,-0.0018489133835260354,0.13711739730077319,0.03118643259000466,0.0009943449986167252,1
13.16193962097168,0.2660064399242401,-0.004303635563701391,0.5363439917564392,-0.02571108006953312,0.03713892401093646,-0.00833082841425942,0.012095598478175429,0.16323948626928697,-0.011758049930352232,-0.04227890074253082,0.01963104121387004,-0.05056516081094742,-3.623668001296419,-0.01483734594570447,25.651161979659275,-0.0009906957379963936,0.1367961754994476,0.02809307276166491,0.0009981149996747263,1
13.171964645385742,0.26565054059028625,-0.003823481500148773,0.5363248586654663,-0.02748037504705719,0.03710081061141656,-0.006682693778422404,0.011453006393765008,0.16336826791632753,-0.012216402742422972,-0.051694370806217194,0.019940864294767373,-0.04491784796118736,-3.615159395240952,-0.025191658944254562,25.644444608546692,0.0027825408904835125,0.13660178227786246,0.026363819452703895,0.0010523669989197515,1
13.181966781616211,0.26529648900032043,-0.003323456272482872,0.5363121628761292,-0.026052054093881144,0.03862292326714516,-0.008338973984813366,0.010872490782255273,0.16356853887462464,-0.012612486399492973,-0.05183951556682587,0.024329006671905514,-0.034038983285427094,-3.6105837984624833,-0.03624520893106611,25.647528777685068,0.003923503981289207,0.13491111634203481,0.022816365016481332,0.0010099849969265051,1
13.192028522491455,0.2649261951446533,-0.00281823449768126,0.5362879037857056,-0.02951620147978646,0.037515625427308595,-0.006343937128092053,0.009895804506564243,0.1640311704999422,-0.01302954788076649,-0.05946056544780731,0.03177089989185333,-0.026050943881273273,-3.6023173231779437,-0.04681281844471387,25.642318699236917,0.0075350379918636195,0.1319340469383275,0.020252764923639765,0.0012393520009936765,1
13.201973915100098,0.2649261951446533,-0.00281823449768126,0.5362879037857056,-0.02951620147978646,0.037515625427308595,-0.006343937128092053,0.009895804506564243,0.1640311704999422,-0.01302954788076649,-0.05946056544780731,0.03177089989185333,-0.026050943881273273,-3.595224880035991,-0.05602853263618135,25.64039974358411,0.007983135772367235,0.13153879885472147,0.019718353868603038,0.0009329710010206327,1
13.211946249008179,0.2645550072193146,-0.002297835424542427,0.5362836122512817,-0.027053801373496725,0.040110070327861,-0.007014677996946879,0.009164342896698319,0.1641614935895248,-0.013238833348821366,-0.0669020265340805,0.022105777636170384,-0.020080074667930606,-3.590835647134714,-0.06736700429395578,25.64192540128852,0.011283956610724913,0.13428168651314878,0.018188230500296384,0.0010595590065349825,1
13.222044706344604,0.26379767060279846,-0.0012355810031294823,0.536238431930542,-0.029960533571184562,0.04141375799126886,-0.004094229969659485,0.007658134487170898,0.16476254489350417,-0.013347620155835127,-0.07528288662433624,0.036460913717746735,7.26990401744396e-06,-3.587401388675084,-0.07721300444653212,25.64806482085281,0.013751344038850748,0.133373340995855,0.013809033077648056,0.0015553699995507486,1
13.23196268081665,0.26379767060279846,-0.0012355810031294823,0.536238431930542,-0.029960533571184562,0.04141375799126886,-0.004094229969659485,0.007658134487170898,0.16476254489350417,-0.013347620155835127,-0.07528288662433624,0.036460913717746735,7.26990401744396e-06,-3.5791418411325284,-0.08938537436201582,25.635533490489575,0.016295428684924042,0.12946806419219128,0.011188668719032423,0.00101577999885194,1
13.241976261138916,0.2634155750274658,-0.0006810163613408804,0.5362207293510437,-0.028542257851931544,0.04082406685839342,-0.007562271659353285,0.006822333068871256,0.16507127236068264,-0.013282255350459682,-0.08608133345842361,0.0315316803753376,0.009009886533021923,-3.5764156094215624,-0.10100840222193908,25.64239048737994,0.020863583275274124,0.13003662071072963,0.0081718773222562,0.0010059349951916374,1
13.251964807510376,0.26262471079826355,0.00043230829760432243,0.536177396774292,-0.03060669078749878,0.04197309913016665,-0.005159282373779559,0.005924016293613388,0.16543022590561218,-0.01318786642456482,-0.0898306593298912,0.03395751863718033,0.012610372155904766,-3.56959553171475,-0.11413121361794844,25.637274075525045,0.02378414062918561,0.1290247829962757,0.006738477183295895,0.0009976259971153922,1
13.261934041976929,0.26222607493400574,0.0010050414130091667,0.5361559987068176,-0.029833897947435517,0.043374858810073455,-0.005910011303952374,0.00459143005783158,0.16591110763018957,-0.012819313415829647,-0.08917298167943954,0.04021883010864258,0.026596695184707638,-3.5653046759307614,-0.1278422640188253,25.63788562270403,0.025487752746652527,0.1263107500755705,0.002009522195057562,0.0010654240031726658,1
13.271964073181152,0.2618262767791748,0.0015943649923428893,0.5361348986625671,-0.031456630678273326,0.04339699446386262,-0.005655712548437635,0.0036150248028121723,0.1662750238956252,-0.01252022399018804,-0.10347077995538712,0.03539839014410973,0.032015692442655556,-3.5598015844825537,-0.14162078136962145,25.63748434242105,0.03132111260899045,0.12707173467117372,-0.0001822759474440919,0.0009918309951899573,1
13.28196406364441,0.26141661405563354,0.002184599405154586,0.5361234545707703,-0.03176536781529562,0.044435992863836864,-0.0042162911067118265,0.0025801096677362523,0.16656595672623942,-0.01213540986229189,-0.10918454080820084,0.034150000661611564,0.03826601803302764,-3.5531008592270306,-0.1558225205686422,25.63254949300287,0.03511319623917724,0.12724760216808587,-0.0024325419541728253,0.001047199999447912,1
13.291966438293457,0.26101619005203247,0.0027981167659163475,0.5361076593399048,-0.030978120880065668,0.04593999316286109,-0.006676928374740487,0.001543183158249306,0.16685940084626605,-0.011710626140917668,-0.10994163900613785,0.030918790027499206,0.046958237886428826,-3.5501982965620305,-0.17052646382039194,25.639087251260662,0.03707350682031996,0.12788449106970443,-0.0056682396553686745,0.0009951829997589812,1
13.301964044570923,0.26060575246810913,0.003407144919037819,0.536085844039917,-0.03322475403046277,0.04577081651399843,-0.004648921875734466,0.0004308443129996675,0.16719142413230292,-0.01119671267968858,-0.11550520360469818,0.02821729518473149,0.05011850968003273,-3.543662686939441,-0.1843961212500795,25.63503323875276,0.03995150401994373,0.12865229058541355,-0.006898974047973624,0.0010057249965029769,1
13.311963319778442,0.26060575246810913,0.003407144919037819,0.536085844039917,-0.03322475403046277,0.04577081651399843,-0.004648921875734466,0.0004308443129996675,0.16719142413230292,-0.01119671267968858,-0.11550520360469818,0.02821729518473149,0.05011850968003273,-3.53802494501561,-0.19687343614418013,25.633557295751668,0.0407846098909033,0.1286349473123353,-0.007380741894959054,0.0009949029990821145,1
13.32196307182312,0.26020246744155884,0.004042290151119232,0.5360711216926575,-0.03056363016970839,0.04899944368125681,-0.005922698373552475,-0.0012460790720614234,0.16741565714316264,-0.010354776515061559,-0.12436307966709137,0.017455846071243293,0.057696692645549774,-3.5356945876746284,-0.2119661530619641,25.63723006740539,0.04579446390146681,0.13162260847811338,-0.009707367005623082,0.0010008380049839616,1
13.332075834274292,0.2598101794719696,0.004682919476181269,0.536030113697052,-0.032047335067304006,0.04725352675307652,-0.008035017072452863,-0.0024403683777043383,0.1676604303954221,-0.00970447241417327,-0.11898569762706757,0.019902143627405174,0.06693676114082336,-3.5347356529308827,-0.22496818950921,25.646202022128755,0.04608196507426418,0.13101589923685947,-0.01337809752852488,0.001276288996450603,1
13.342105150222778,0.2590278387069702,0.006011566147208214,0.5359727144241333,-0.03054978143845397,0.05062550307576999,-0.009103725373666762,-0.004668421364883102,0.1679096611180695,-0.008238522668206905,-0.12842269241809845,0.010501354001462468,0.07662928104400635,-3.531337784266093,-0.24028674552495888,25.642155625193503,0.04948319289413793,0.13110314200700587,-0.015167554607537487,0.003187194997735787,1
13.352250576019287,0.2590278387069702,0.006011566147208214,0.5359727144241333,-0.03054978143845397,0.05062550307576999,-0.009103725373666762,-0.004668421364883102,0.1679096611180695,-0.008238522668206905,-0.12842269241809845,0.010501354001462468,0.07662928104400635,-3.5321201258775727,-0.25513635876775154,25.6519009225635,0.05233090605737594,0.1335496963142164,-0.017534040503307546,0.0009759810054674745,1
13.362198829650879,0.2582709789276123,0.00738232396543026,0.5358834862709045,-0.031783774511081164,0.05207076669244172,-0.008326797611506212,-0.005893257965080778,0.16813269019999266,-0.0074420175436333835,-0.12357427179813385,0.015541840344667445,0.07946345955133438,-3.530663909316664,-0.2712182497980468,25.65344017315177,0.05280248788332557,0.13210137186372128,-0.019087080658093794,0.0026647120030247606,1
13.37199091911316,0.257894903421402,0.008082518354058266,0.5358377695083618,-0.030396353445490135,0.054660633205343395,-0.009703340050005982,-0.007475164572104287,0.16820156642746742,-0.0061631553822416585,-0.11896629631519318,0.003496798221021901,0.08357258141040802,-3.5310226042136375,-0.28848695654603335,25.658719049713174,0.05351469991148476,0.1355315805174264,-0.02115516715096433,0.0010247880054521374,1
13.381971597671509,0.2575291395187378,0.008795497938990593,0.5357810854911804,-0.03150497758435536,0.054134666927571753,-0.009882889241909248,-0.008534357132460979,0.16823898533441906,-0.005321587370683112,-0.12392558157444,0.001573535846546303,0.0873231440782547,-3.5303369097273882,-0.30473618258141283,25.661615881170587,0.05642034384725242,0.13660901685458812,-0.022770786904403813,0.0008964529988588765,1
13.391976594924927,0.25716033577919006,0.00950586050748825,0.5357362627983093,-0.03052568634360574,0.05572981015601956,-0.008564580476727967,-0.009706977901252412,0.16821027354758256,-0.004361552289325665,-0.12377062439918518,-0.005455391481518734,0.09134373068809509,-3.5284168209966587,-0.32131955479292085,25.65823729683464,0.058250594526856866,0.1389943779085149,-0.024626736720644197,0.0011230279997107573,1
13.40196442604065,0.2568153738975525,0.01024232804775238,0.5356840491294861,-0.030038628846755424,0.05715313926210616,-0.011487836557870083,-0.010682774864058775,0.16803432383097405,-0.0035174871234890936,-0.11716333031654358,-0.016867602244019498,0.08572866767644882,-3.5294057698381973,-0.33815653632420023,25.666934847830355,0.05785308654632819,0.14308241020333545,-0.023506427430392537,0.0011339199991198257,1
13.412062406539917,0.25645795464515686,0.010972678661346436,0.5356296896934509,-0.032017644637792164,0.056703545150594635,-0.0080313516245822,-0.011856386910537253,0.16791022162231117,-0.0025461536475708257,-0.11915139108896255,-0.02053096331655978,0.09792783111333847,-3.5246797759756774,-0.3532626391318296,25.658753190116602,0.05916486556472007,0.14502272084809906,-0.027042548325484153,0.001102917995012831,1
13.422057867050171,0.25611352920532227,0.011727041564881802,0.5355976819992065,-0.029398903446565917,0.060128621741739316,-0.009570986297494711,-0.013283548341778584,0.16748211990474493,-0.001139110931629883,-0.11530472338199615,-0.02256507985293864,0.08745633810758591,-3.5207695767725005,-0.3669388160076968,25.655592490000956,0.059826933102441304,0.14535808439797154,-0.02811755217325928,0.002119816002959851,1
13.431981801986694,0.2557847797870636,0.012485885992646217,0.5355530977249146,-0.030878560728300444,0.05820262058344958,-0.008060104671673533,-0.01426647782206647,0.1673136831419737,-0.0001919438686006636,-0.10664055496454239,-0.031438633799552904,0.09405244886875153,-3.520310688444152,-0.38286300709623705,25.65950019974097,0.060905689712523865,0.14647889108378753,-0.025281317139087465,0.001238234995980747,1
13.441970348358154,0.2557847797870636,0.012485885992646217,0.5355530977249146,-0.030878560728300444,0.05820262058344958,-0.008060104671673533,-0.01426647782206647,0.1673136831419737,-0.0001919438686006636,-0.10664055496454239,-0.031438633799552904,0.09405244886875153,-3.5165395592064135,-0.3961983461248958,25.65611316779291,0.059430502602432475,0.14971755505464351,-0.027482305542401445,0.0010060049971798435,1
13.451963424682617,0.25512760877609253,0.014036445878446102,0.5355114340782166,-0.02929425057059723,0.062110781664533245,-0.007893308859537597,-0.015110888611028717,0.16697343998482417,0.000769800772133955,-0.10205012559890747,-0.026773422956466664,0.09329107403755188,-3.513812346764876,-0.41281933062282156,25.654204065819492,0.05909429587707795,0.14909353440454828,-0.0279635160875266,0.0010003499992308207,1
13.462158203125,0.254813015460968,0.01483571995049715,0.5354866981506348,-0.029019085769657598,0.06354651598662865,-0.0063196450044199545,-0.01639237204691435,0.16658013892922385,0.0021177653104507144,-0.09066843241453171,-0.027927692979574193,0.08981221914291382,-3.5095661135166853,-0.42925127733455287,25.648071914373634,0.0573159038741045,0.14988849532047813,-0.027591580203701192,0.002401200996246189,1
13.471949815750122,0.2545056939125061,0.01563713140785694,0.5354760885238647,-0.029403507828521414,0.0647380202745095,-0.0055268685784918455,-0.01705114683119424,0.16623729864121284,0.0031163469582238257,-0.08761638402938843,-0.03455443307757376,0.09435651451349258,-3.5042522709718535,-0.4454614675134421,25.6429416905243,0.05695185999348702,0.1525436786344927,-0.02947330935456778,0.0012163110004621558,1
13.481957197189331,0.25421327352523804,0.01645541936159134,0.535470187664032,-0.02720981840533012,0.06708423792488002,-0.0072751099992822066,-0.017700548992017673,0.16586117964204972,0.004059020149508097,-0.07673893123865128,-0.03602421656250952,0.09285871684551239,-3.50264171526065,-0.4623303020659222,25.646767268226807,0.054490283967162274,0.15376678273439018,-0.02995940655408102,0.001237396994838491,1
13.49195909500122,0.2539283037185669,0.017283989116549492,0.5354475975036621,-0.02960132824114526,0.06631607558520254,-0.0070658460972281584,-0.018315608845654197,0.1655465185948195,0.004968178138125001,-0.07257971912622452,-0.032672025263309465,0.09074624627828598,-3.499025766901487,-0.4776340659729477,25.647861460840907,0.05369678181670323,0.15338838938427582,-0.02975086613057316,0.001235862000612542,1
13.501961708068848,0.25363487005233765,0.018119575455784798,0.5354549884796143,-0.028510313528072016,0.06977273522576707,-0.00509201906407673,-0.018798581392918567,0.1652516761600249,0.005930136517450002,-0.06783421337604523,-0.029210753738880147,0.09322391450405121,-3.4943783145392224,-0.4942078207575563,25.641474655093543,0.0528348957654078,0.15262877262420044,-0.031037542437770304,0.0012599500041687861,1
13.511961221694946,0.2533636689186096,0.018972093239426613,0.5354346036911011,-0.02841766573308176,0.06860504294584005,-0.0093481732039465,-0.01927153561439443,0.16482966379726216,0.006844162476530968,-0.05831737071275711,-0.042492337524890886,0.09067756682634354,-3.4938998652555076,-0.5092314044501505,25.65357101672123,0.05040262236219088,0.15720048114490087,-0.031129556018595732,0.0012181959973531775,1
13.52196455001831,0.25309064984321594,0.019820861518383026,0.5354225635528564,-0.02832566401213896,0.07140175994786375,-0.006164553261371552,-0.019724669363063718,0.1645763870983079,0.007757285881945908,-0.05149069428443909,-0.03845843300223349,0.08703333884477615,-3.493251142546756,-0.5224042323217096,25.65851297166535,0.05005130013921598,0.15783425668497225,-0.03110465866752236,0.0014408610004466027,1
13.532098531723022,0.25283393263816833,0.020690856501460075,0.5354145765304565,-0.028081383726588558,0.07189525659832846,-0.008938079415681463,-0.020083140536873323,0.16399205009958173,0.00909046915476397,-0.03842274844646454,-0.030657097697257985,0.08613647520542145,-3.4892508395645048,-0.5364583656352125,25.649603808387997,0.048655385355898334,0.1570342891589639,-0.03043671267534987,0.0012892759987153113,1
13.542206048965454,0.25258302688598633,0.021562030538916588,0.5353940725326538,-0.02768574124842345,0.07299280159706184,-0.008505644751400742,-0.02032616701319956,0.16377518755664955,0.009956013604567548,-0.03201957792043686,-0.03405770286917685,0.08572173863649368,-3.488804512100479,-0.5499918655071794,25.655556253815824,0.04493674230995388,0.15522754300188346,-0.03102656486261831,0.0013938699994469061,1
13.55231761932373,0.2520919740200043,0.02331634797155857,0.5353556871414185,-0.02732737204363652,0.0757961794057747,-0.008670256997948654,-0.020426542206899878,0.16342737052070921,0.010752688650836006,-0.019928021356463432,-0.03189526498317718,0.07587775588035583,-3.4876891037090267,-0.566164877948663,25.657063224111813,0.03950513419996786,0.1559566261488891,-0.02873919803426014,0.0012213380032335408,1
13.56195616722107,0.2520919740200043,0.02331634797155857,0.5353556871414185,-0.02732737204363652,0.0757961794057747,-0.008670256997948654,-0.020426542206899878,0.16342737052070921,0.010752688650836006,-0.019928021356463432,-0.03189526498317718,0.07587775588035583,-3.486657247674787,-0.5814875830338956,25.65773741863851,0.03883831623190307,0.15621151628806704,-0.028560925385835267,0.0012254570028744638,1
13.571941614151001,0.2518692910671234,0.024208536371588707,0.5353261232376099,-0.026841858494176432,0.0751436203511828,-0.012103124421592724,-0.020375534288425978,0.16300075634714783,0.012280344321015768,0.0007192489574663341,-0.028501618653535836,0.07053955644369125,-3.489365917288989,-0.5948284844774862,25.66987480494886,0.0323632627825944,0.1557292086449584,-0.028267882697663102,0.0010124280015588738,1
13.5819411277771,0.25163060426712036,0.025097083300352097,0.5353006720542908,-0.028913497991748482,0.07639637587652336,-0.007451448015558194,-0.020375534288425978,0.16300075634714783,0.012280344321015768,0.0007192489574663341,-0.028501618653535836,0.07053955644369125,-3.485106492532969,-0.6081147466603241,25.658990423004557,0.03158723242366251,0.15579223862095679,-0.02812164159685998,0.00102660200354876,1
13.591954708099365,0.25140732526779175,0.026001805439591408,0.5352917313575745,-0.02627991735800108,0.07815471283067779,-0.010656036972364271,-0.020159266841126122,0.16261904559553964,0.013310431991063076,0.004148432519286871,-0.029786095023155205,0.06373577564954758,-3.4863561052684773,-0.6221500808107192,25.665442283686208,0.030329182396294896,0.1566070779038285,-0.026580992102622703,0.0010427309971419163,1
13.601963996887207,0.25119051337242126,0.02690100111067295,0.5352675318717957,-0.027537586360167312,0.07841276372574409,-0.00851761990637452,-0.020007088674203644,0.16249544989258924,0.013904375996318219,0.014670578762888908,-0.018700730055570595,0.0597786083817482,-3.484535386991847,-0.6349630043427894,25.660877925193073,0.026791118043357584,0.15351149602476172,-0.025668084203014845,0.0012170089976279996,1
13.611944913864136,0.25096967816352844,0.027811050415039062,0.5352686047554016,-0.027436494863903284,0.07978874443999757,-0.007155389941102605,-0.019706766680457566,0.162347192349944,0.014506592245211891,0.02090042643249035,-0.021826766431331628,0.0582946240901947,-3.481380280796614,-0.647721267530362,25.654356643511036,0.024101845073977644,0.15429563326721954,-0.025578378986357845,0.0011293119969195686,1
13.621949672698975,0.2507531940937042,0.02872336655855179,0.5352705717086792,-0.027491968444058153,0.08063904187651186,-0.007238915702056746,-0.01920790954863838,0.1620210790419354,0.015277194000436811,0.023990126326680183,-0.023825509473681443,0.050048332661390305,-3.4784395256750424,-0.6602524279442012,25.652064664436224,0.022332348901808366,0.1554866615016364,-0.02348159432036533,0.0010911179997492582,1
13.632038593292236,0.2507531940937042,0.02872336655855179,0.5352705717086792,-0.027491968444058153,0.08063904187651186,-0.007238915702056746,-0.01920790954863838,0.1620210790419354,0.015277194000436811,0.023990126326680183,-0.023825509473681443,0.050048332661390305,-3.475947156278456,-0.6712761114737447,25.651169868990326,0.02207584401467415,0.1556660201167962,-0.023080781686073977,0.001101942005334422,1
13.642406702041626,0.25034061074256897,0.030543744564056396,0.5352837443351746,-0.028556237347655056,0.08170825978182071,-0.006143358484625503,-0.018316766675054552,0.16158977779462758,0.01610901997832581,0.039206452667713165,-0.018749343231320378,0.038028519600629807,-3.471660127895293,-0.6822491019082962,25.647266010514066,0.01666368379984611,0.15471340711940762,-0.020067243618893782,0.0011276360019110143,1
13.6519455909729,0.25034061074256897,0.030543744564056396,0.5352837443351746,-0.028556237347655056,0.08170825978182071,-0.006143358484625503,-0.018316766675054552,0.16158977779462758,0.01610901997832581,0.039206452667713165,-0.018749343231320378,0.038028519600629807,-3.467988433841693,-0.6925243352833813,25.645736471505145,0.015737800089718867,0.15464789809292875,-0.019598183387101255,0.0010102649976033717,1
13.66195034980774,0.24994690716266632,0.03236519917845726,0.5353028774261475,-0.028567923475190066,0.08063581579371418,-0.007650878416656984,-0.017842066829735437,0.1612770340750198,0.016386988537470337,0.04226311668753624,-0.021036176010966297,0.025791734457015995,-3.4657160224902337,-0.703050616854735,25.650387371855803,0.01426096342135151,0.15579619636452088,-0.0158385546100183,0.0010304429961252026,1
13.671952962875366,0.24974791705608368,0.03326769918203354,0.5353273153305054,-0.026976207483520167,0.08276330674078934,-0.006384892107265188,-0.01675391898527634,0.16096182618267596,0.01688408004802433,0.054753031581640244,-0.015119342133402821,0.02245740965008736,-3.463470193425708,-0.7136503872137825,25.64796975961931,0.00891880123096715,0.1544997091797522,-0.015025889375114614,0.0010052360012196004,1
13.681963682174683,0.2495642453432083,0.034167271107435226,0.5353294014930725,-0.02721377860186958,0.08133092516456963,-0.00946287222871386,-0.01675391898527634,0.16096182618267596,0.01688408004802433,0.054753031581640244,-0.015119342133402821,0.02245740965008736,-3.4643033348179504,-0.723526089354611,25.657606632238092,0.008173881122497676,0.15432869572704722,-0.014821781637069995,0.0010182240002905019,1
13.691962003707886,0.24937990307807922,0.035054974257946014,0.5353376269340515,-0.027105966617192875,0.08144716917569259,-0.006711126258465003,-0.015873899885262333,0.16088829314605047,0.017071312783874415,0.06088468059897423,-0.010287859477102755,0.010702745057642462,-3.4621566858541084,-0.7324888504062796,25.652171989951498,0.005267139035804866,0.1529620689450532,-0.011450166249954763,0.0009868029956123792,1
13.701974391937256,0.2491951882839203,0.03593052923679352,0.5353461503982544,-0.027643749843978712,0.0814204140610299,-0.00827883976377525,-0.015195641458324083,0.1607902364182041,0.01717998964227041,0.06537031382322311,-0.006271294318139552,0.00975477509200573,-3.461566370233298,-0.7411333535374427,25.655486877793297,0.002625054264212961,0.15168406662098732,-0.01089153477505142,0.0010208770036115311,1
13.711967706680298,0.24901939928531647,0.03680982068181038,0.5353548526763916,-0.025749035379150926,0.0817316844580526,-0.007506503475503066,-0.014462642162053285,0.16083406070353767,0.017178159990125064,0.06846164166927338,-0.0010746067855507135,0.0003041087184101344,-3.461633554437632,-0.7496026878156901,25.654138778853298,0.0005639680307150323,0.14981176166298238,-0.007951078490337696,0.000993854999251198,1
13.721962451934814,0.24885232746601105,0.03766285255551338,0.5353524088859558,-0.026785068257526523,0.07959997652904892,-0.008292872400602933,-0.013436049079872614,0.1609781676425337,0.017111624579277507,0.07493820041418076,0.007808027788996696,-0.004308979492634536,-3.462079884050747,-0.7559859812035474,25.6565243368193,-0.003047302961423992,0.14666523809284382,-0.006357176973856003,0.0010314210012438707,1
13.732777118682861,0.24867801368236542,0.03850698098540306,0.5353749394416809,-0.025954168398613232,0.08134299513768134,-0.004831706927956194,-0.012465123043420512,0.16109936424476734,0.017008569589740397,0.08872796595096588,0.013041120022535322,-0.009462298825383188,-3.4596837289628306,-0.7627246874471905,25.64566236436868,-0.008869253558458527,0.1444871627210486,-0.004950099336316485,0.0029115360011928715,1
13.741983413696289,0.248525932431221,0.03935129940509796,0.5353897213935852,-0.0247017164023829,0.07932055741014075,-0.008106415129174503,-0.011682164351076718,0.16119093124800932,0.016868878794839226,0.08485326915979385,0.00644074287265539,-0.011627296917140484,-3.4616122862650975,-0.7684097193608098,25.6524619653146,-0.00948905720965591,0.14609768571637222,-0.003965861832062118,0.0008385699984501116,1
13.75221037864685,0.24837039411067963,0.04017084464430809,0.5354124903678894,-0.025572486519059367,0.0785766094084269,-0.003937547459985003,-0.010867343891054926,0.16139577190749765,0.016647482786422696,0.08345476537942886,0.015316152945160862,-0.022665521129965786,-3.4631568932963455,-0.7734010601513388,25.655200388567764,-0.009577755014059624,0.14634467125499537,-0.0037923232204610433,0.0013728530029766262,1
13.761957883834839,0.24837039411067963,0.04017084464430809,0.5354124903678894,-0.025572486519059367,0.0785766094084269,-0.003937547459985003,-0.010867343891054926,0.16139577190749765,0.016647482786422696,0.08345476537942886,0.015316152945160862,-0.022665521129965786,-3.4599823563348346,-0.7778561145361924,25.64208697642384,-0.010006862695111758,0.1434542905605747,-0.00020915163138761697,0.0009120940012508072,1
13.771919250488281,0.24822497367858887,0.040981486439704895,0.5354477167129517,-0.024216775038994536,0.07716255630474385,-0.005670752071951795,-0.009974419120098776,0.16150274393528363,0.016392151968773305,0.09409774094820023,0.01628080569207668,-0.025237429887056354,-3.4601463555645267,-0.7811521721430343,25.642740194290994,-0.014547229201437379,0.14259107117651076,0.0008683303018902193,0.0010027929965872318,1
13.781969547271729,0.24808244407176971,0.041777241975069046,0.5354791879653931,-0.024589263075124285,0.0770669653545261,-0.003984610206096758,-0.009008295555401169,0.16180145883461572,0.016079689877614545,0.10127381235361099,0.025364367291331288,-0.031427331268787384,-3.4587350551310188,-0.7843500336441823,25.637344060896012,-0.018482065654065957,0.1393180163808253,0.002804743307287326,0.0010119400030816905,1
13.791963338851929,0.24779748916625977,0.043293777853250504,0.5355722308158875,-0.023772312407730416,0.07353919742085509,-0.002570305524944615,-0.008074235564988097,0.16204468039822206,0.015715962701576824,0.10158229619264603,0.024936785921454426,-0.036829061806201935,-3.4565394217850165,-0.7862930805707364,25.630187263873072,-0.020298248311279857,0.1387193988065698,0.004901123014444484,0.0010731049987953156,1
13.801973581314087,0.24768035113811493,0.0440220832824707,0.5356199741363525,-0.022402452276954882,0.07081620395831424,-0.005222582312010051,-0.006460982636422585,0.16250095938898257,0.015097744833152404,0.11021749675273895,0.035969685763120644,-0.0409110076725483,-3.45901438798876,-0.7861528633306032,25.636514358059213,-0.025353657795925546,0.13455614267849264,0.0061841476773284495,0.0010337239946238697,1
13.812804937362671,0.24754811823368073,0.04471081122756004,0.535672128200531,-0.024384157796118282,0.06911108639679368,6.685908552882181e-05,-0.005398655010276254,0.16294159637304384,0.01467009539859987,0.12255572527647018,0.03341544419527053,-0.04014498740434647,-3.454246710206652,-0.7847125080002577,25.62114835718725,-0.03122755279637117,0.1343767488137036,0.005802036446707642,0.0014128619950497523,1
13.82196855545044,0.24742767214775085,0.045392051339149475,0.53574538230896,-0.0212594903996318,0.06777445971990091,-0.0031672264473172436,-0.0042026470596181476,0.16328619940162303,0.01423894106833723,0.12294735759496689,0.03391705080866813,-0.043306652456521995,-3.4560103183374165,-0.783049241716683,25.62588798356935,-0.03366654568876299,0.13364115460895198,0.0066459444246734466,0.0012674210011027753,1
13.8319571018219,0.2473309487104416,0.046041496098041534,0.5357804894447327,-0.0203724412617127,0.06525059783855094,-0.003333313476742759,-0.0024205309781537565,0.16412037373702848,0.013459335507765235,0.1284152865409851,0.05205681174993514,-0.05112999677658082,-3.4593613035471877,-0.7797977348469077,25.62859678801808,-0.037934225617067115,0.12679382670527573,0.00904621516672777,0.0012551330000860617,1
13.841984033584595,0.24723632633686066,0.04665672779083252,0.5358444452285767,-0.02004539793768645,0.06214574719190359,-0.0007154624178783236,-0.0024205309781537565,0.16412037373702848,0.013459335507765235,0.1284152865409851,0.05205681174993514,-0.05112999677658082,-3.459568660734511,-0.7755842233618682,25.620530749040732,-0.03856577725019684,0.125919843608486,0.009592172860748776,0.0019473539941827767,1
13.852002620697021,0.24723632633686066,0.04665672779083252,0.5358444452285767,-0.02004539793768645,0.06214574719190359,-0.0007154624178783236,-0.0024205309781537565,0.16412037373702848,0.013459335507765235,0.1284152865409851,0.05205681174993514,-0.05112999677658082,-3.459930213510081,-0.7719155851271853,25.61720749891337,-0.038645643115887335,0.12583042328945485,0.009711473988397612,0.0012985619978280738,1
13.861971139907837,0.24715565145015717,0.04723885655403137,0.5358980894088745,-0.01814011678279288,0.06071758268526237,-0.0031391228591791916,0.00026747661635129205,0.16516252754947836,0.012353249045759185,0.14620867371559143,0.05324208736419677,-0.05683896318078042,-3.464747744515641,-0.766686926611065,25.624513618030576,-0.04762946643079653,0.12403011787852769,0.01085811683628899,0.00128089699865086,1
13.871960878372192,0.2470872402191162,0.047802817076444626,0.5359382033348083,-0.016936808998734672,0.05826548483770907,-0.004055674654862472,0.0016920117874130725,0.16578659694893538,0.011779254921425508,0.15256920456886292,0.06388689577579498,-0.05658648163080216,-3.471296072325109,-0.7603342346916158,25.630690681253355,-0.052694163289453276,0.11963894307796569,0.010677823773346855,0.001243610997335054,1
13.881969928741455,0.2470201700925827,0.04832141846418381,0.5359756350517273,-0.018519219050031715,0.05409100650617854,-0.0023551115835683746,0.003163897560082507,0.16652451235186216,0.011204221186852603,0.15314102172851562,0.07067731022834776,-0.05831314623355866,-3.4745649417086972,-0.7519516756760393,25.62755121133944,-0.055522407546193475,0.11607867322666923,0.011082393053009796,0.0013070099957985803,1
13.891957521438599,0.24696741998195648,0.04880984500050545,0.5360209345817566,-0.013595609143044743,0.05223068593016447,-0.00424054507316753,0.004679946289224635,0.16709934094241152,0.010563790594106948,0.16188441216945648,0.06303612142801283,-0.06113902479410172,-3.4828401447019104,-0.7429238314647595,25.63252177390163,-0.06059145425623969,0.11707661384673608,0.011803952450527731,0.001265675004106015,1
13.901962280273438,0.24689342081546783,0.04966478794813156,0.5360773801803589,-0.013541135066758228,0.04529783500480472,-0.0014365980216882017,0.006216933326795182,0.16783128471742748,0.009979814290952405,0.16520079970359802,0.05885930359363555,-0.05943413451313973,-3.4872187234644922,-0.7305747590822335,25.62492137031635,-0.06447498707178426,0.11763475216772283,0.011108173409328383,0.0012628120020963252,1
13.911958932876587,0.24687795341014862,0.05003545805811882,0.536104142665863,-0.01261888455513867,0.040588080873048465,-0.004657048889502617,0.008626255167166086,0.16871336482342603,0.009034668234852994,0.16785027086734772,0.06902416050434111,-0.06080316007137299,-3.4961788458691316,-0.7156236215072866,25.633073991282174,-0.06909290612625085,0.11334463389791315,0.011030344684254907,0.0012401200001477264,1
13.921960830688477,0.24686087667942047,0.05035380274057388,0.5361413359642029,-0.012883774084882471,0.03743304683498672,-0.0028125586346710333,0.010209205700987045,0.1695093186183141,0.008434712427489277,0.17004698514938354,0.06516555696725844,-0.05970846489071847,-3.501904660682179,-0.7000966046780941,25.630088232732348,-0.07250677991235559,0.11300071676732609,0.010511480092664359,0.0012383749999571592,1
13.931987762451172,0.24684785306453705,0.050632115453481674,0.5361999273300171,-0.011136351161747668,0.03341511264289744,-0.002009965892664301,0.0119009610128189,0.17008030306420663,0.007839624655382682,0.17282745242118835,0.05466815084218978,-0.06304145604372025,-3.507206528338973,-0.6832637592425274,25.62600798178898,-0.07604571002871045,0.11547535432707663,0.011296482853137032,0.0010470609995536506,1
13.942201852798462,0.24687261879444122,0.05104263499379158,0.5362827181816101,-0.009410433483249775,0.024190615861260423,-0.0019811933479754293,0.0158463525371908,0.17138079674316442,0.006277745597055073,0.16020086407661438,0.04552794247865676,-0.06211721152067185,-3.5111864834128346,-0.6645304637234394,25.61778628538357,-0.0781522348016062,0.1138957319412666,0.009527870816839147,0.004269167002348695,1
13.953070878982544,0.24687261879444122,0.05104263499379158,0.5362827181816101,-0.009410433483249775,0.024190615861260423,-0.0019811933479754293,0.0158463525371908,0.17138079674316442,0.006277745597055073,0.16020086407661438,0.04552794247865676,-0.06211721152067185,-3.517145310406,-0.6449263759283325,25.620840068345686,-0.07826696871638716,0.11674404196367325,0.010782079689833765,0.0012517809955170378,1
13.961974143981934,0.24688470363616943,0.05118442699313164,0.5363389253616333,-0.009057488272676922,0.020186223085094327,0.0014851546093015936,0.017335213530298876,0.17180194186295372,0.005633072739198219,0.1570124477148056,0.04100751876831054,-0.06293664872646332,-3.5189074435535073,-0.6248704964300734,25.610190283682147,-0.07862737656588328,0.11822439300363799,0.010959233755409081,0.0012289489968679845,1
13.9719557762146,0.24688470363616943,0.05118442699313164,0.5363389253616333,-0.009057488272676922,0.020186223085094327,0.0014851546093015936,0.017335213530298876,0.17180194186295372,0.005633072739198219,0.1570124477148056,0.04100751876831054,-0.06293664872646332,-3.5206735994574156,-0.6074112487632818,25.605640224498845,-0.07928250400650634,0.11827308738502906,0.01127640064918734,0.0012155430013081059,1
13.981961250305176,0.24691753089427948,0.05128619819879532,0.5363907217979431,-0.00733130707494011,0.015455048529684644,-0.0015857135849801768,0.018743348348606137,0.17213097597385563,0.005036903058815767,0.14571082592010498,0.03219527006149291,-0.05864078179001809,-3.5266281773397203,-0.5883527867710711,25.614101502393105,-0.07795748491157181,0.12052041906102767,0.010123323867517983,0.0012741940008709207,1
13.991956949234009,0.2469993233680725,0.0513358898460865,0.5364967584609985,-0.0036075266676444872,0.007757814601584073,-0.0009170278359467811,0.02129551528328255,0.17249973307189181,0.003700065667884278,0.1272180676460266,0.006795967463403932,-0.06625491380691528,-3.5288959036200587,-0.5685266605482915,25.610541347256447,-0.07628947782001066,0.1234634840289925,0.011235963090876884,0.0015016760007711127,1
14.001956462860107,0.2469993233680725,0.0513358898460865,0.5364967584609985,-0.0036075266676444872,0.007757814601584073,-0.0009170278359467811,0.02129551528328255,0.17249973307189181,0.003700065667884278,0.1272180676460266,0.006795967463403932,-0.06625491380691528,-3.534728264784632,-0.5487635217227923,25.61324137633509,-0.07519938223766451,0.128593129301453,0.013123442167771547,0.0012798499956261367,1
14.011960744857788,0.24711208045482635,0.05118608474731445,0.5365871787071228,-0.0029692265492895944,-0.00185061549096837,0.0006754144492796993,0.02230219299109093,0.1726498697615111,0.003071300012473799,0.11143171042203903,0.0008934921352192683,-0.06276067346334457,-3.538380621795672,-0.5248480835892455,25.6084466809466,-0.07182700399847002,0.13095105944209035,0.012720176797246756,0.001271261993679218,1
14.022032260894775,0.2471921592950821,0.05104193091392517,0.5366098880767822,-0.0017468429216095044,-0.007584879633476794,-0.00413234670234092,0.023892541396718148,0.17240125239444248,0.0020709427379936862,0.10169689357280731,-0.015118757262825975,-0.06618241220712662,-3.546895309072779,-0.4987222876457841,25.62275192346164,-0.07061826866647027,0.13650545416714002,0.01408868988609065,0.0021762329997727647,1
14.031976222991943,0.24725936353206635,0.05083932727575302,0.5366425514221191,-0.0029497307282468593,-0.01197496708450752,0.0017949140151364044,0.024555201532760584,0.1723377110927098,0.0013472881508396206,0.08370736986398697,-0.02015354484319688,-0.07093779742717743,-3.546546343639955,-0.4739844864344413,25.60796192289503,-0.06567821381239412,0.13905226719697067,0.016636975574091665,0.001296676004130859,1
14.041974544525146,0.24734166264533997,0.050597820430994034,0.5366804599761963,0.0006134580414912264,-0.017548548056905422,-0.0021126994463937635,0.025264574851560084,0.1719223758358459,0.0006598069639363047,0.06596492975950241,-0.035821124911308296,-0.06385229527950287,-3.5524034942589484,-0.44778217810158866,25.61476772310523,-0.06083415401464295,0.1446711567385852,0.015381508697485384,0.0012690259973169304,1
14.051987171173096,0.24743343889713287,0.05029381439089775,0.5366793870925903,-0.000546073976226956,-0.022683044891806167,-0.0019786181214433906,0.025828864080290614,0.17147026812607535,-0.00048375433504288523,0.04728864133358002,-0.038310103118419654,-0.0763188973069191,-3.556029108179371,-0.4216436292194481,25.616831736274104,-0.055056796589408666,0.146853259423462,0.020237318609320147,0.001410906006640289,1
14.061994552612305,0.2475167214870453,0.0499589778482914,0.5367014408111572,0.0005512599060913238,-0.026346066967159357,-0.0016932627114896888,0.026094161663311244,0.1710219581977226,-0.0012071326890770173,0.03565054014325142,-0.04091987758874894,-0.07258501648902893,-3.559256833358889,-0.3961836387420389,25.61633499725454,-0.05123449226038032,0.14852373599516822,0.020496162441170793,0.00142640699777985,1
14.0719633102417,0.2475167214870453,0.0499589778482914,0.5367014408111572,0.0005512599060913238,-0.026346066967159357,-0.0016932627114896888,0.026094161663311244,0.1710219581977226,-0.0012071326890770173,0.03565054014325142,-0.04091987758874894,-0.07258501648902893,-3.5620760400597793,-0.3738404766873171,25.61597211634575,-0.050699323947223825,0.14875616512364956,0.020507970103565833,0.0012871130020357668,1
14.081966638565063,0.24761858582496643,0.04955976456403732,0.5366994738578796,0.001948360315240928,-0.03312437606784709,-0.006341291253421565,0.026000696207436835,0.17053948705683242,-0.002046914522370713,0.006870934274047613,-0.05176877230405808,-0.07750014215707779,-3.5696562988872627,-0.34965392552325814,25.631161459204193,-0.0417823066197654,0.15271937032062216,0.023509693700319433,0.0012716819983324967,1
14.091957807540894,0.24771654605865479,0.049117520451545715,0.5366906523704529,0.0006118836629801142,-0.035791844124494064,-0.003738235493928443,0.025963322020719826,0.1700962708836351,-0.0028521430090218125,-0.0014159157872200012,-0.05401340126991273,-0.08313354104757309,-3.5719025492381165,-0.3269856746064075,25.628246992459136,-0.03794639725369588,0.1545872134407479,0.026553951722687277,0.0012446609980543144,1
14.101968050003052,0.24781478941440582,0.048632580786943436,0.5366911888122559,0.0022770390011999982,-0.04117206484193692,-0.005467459083534221,0.025761466651237352,0.1694561685256688,-0.003672797450012588,-0.014819853939116001,-0.058250337839126594,-0.07465311884880065,-3.576403517347017,-0.30314275779213307,25.63256724989155,-0.033405170062684154,0.15692888487685677,0.025167979925515983,0.001269029002287425,1
14.11195683479309,0.2479270100593567,0.04811021685600281,0.5366790294647217,0.0025600400659331153,-0.0450748540314756,-0.003921153694769428,0.02540379438373419,0.16896900277559368,-0.004510972289891502,-0.028812330216169357,-0.058425910770893104,-0.08144713193178175,-3.578549093284265,-0.28005222816688563,25.628677979036322,-0.027980720014249817,0.15793119708395864,0.028133563621595352,0.001241587997355964,1
14.12195611000061,0.24814178049564362,0.046933215111494064,0.5366740822792053,0.0034327191598648114,-0.05279775707904786,-0.004828075092722002,0.02488518056487532,0.1683332570715308,-0.005329904418659215,-0.040342673659324646,-0.0678452029824257,-0.07940302044153212,-3.581457940082786,-0.25349108148510724,25.629785348016917,-0.023372329849260493,0.1617966349466641,0.028876234854647107,0.0012692380041698925,1
14.131981611251831,0.24826648831367493,0.04628930613398552,0.5366697907447815,0.004224155420049151,-0.05887138097421297,-0.004488686304274357,0.024007657446619923,0.16724796829504207,-0.006594013014471489,-0.052003469318151474,-0.0744588002562523,-0.079391211271286,-3.583338461072202,-0.22636829722442386,25.628704435460463,-0.01821698811498418,0.165777265028205,0.030298340255487458,0.0010171780013479292,1
14.142019510269165,0.2484404444694519,0.045596957206726074,0.5366719961166382,0.0025466119067334286,-0.06138808280139667,-0.000900978408767827,0.023216805258859274,0.16653915006664644,-0.007432772064987603,-0.05859903246164322,-0.07196359336376192,-0.08114950358867644,-3.579959606238324,-0.20127307455393667,25.61585967633879,-0.014477448412539822,0.16654247117874793,0.03204562076550392,0.00447878099657828,1
14.1523597240448,0.24862152338027954,0.04488564655184746,0.5366989374160767,0.005850208414744852,-0.06458961218571625,-0.0013822805846446537,0.022581264592744343,0.16571472400224607,-0.008270702303585953,-0.06716504693031311,-0.08438193798065187,-0.07915475964546202,-3.5792874093710747,-0.176842136011298,25.61187943296256,-0.01066842348690694,0.17147433413280833,0.03257755789538602,0.0012570190010592341,1
14.16197657585144,0.24885986745357513,0.044120363891124725,0.5366998910903931,0.0033355153606749836,-0.07020687311591721,-0.0015657078473810134,0.021120615777610485,0.16454528748048114,-0.009544605384856464,-0.07964122295379639,-0.08421022444963457,-0.08203681558370589,-3.57677778198019,-0.15198568281937402,25.61085424366021,-0.004547875898523859,0.17369712747203417,0.0351855664846414,0.001269726999453269,1
14.171957969665527,0.24914127588272095,0.04332524165511131,0.5367260575294495,0.006286671732041373,-0.07317283750230844,0.0005313472306286974,0.020203837760730536,0.16367463978081087,-0.010392641223988974,-0.07959581911563873,-0.08349479734897615,-0.08294275403022765,-3.5743661321593687,-0.12798619076742784,25.602957233610542,-0.002645552720172293,0.17479246485116307,0.036664482293234886,0.0012527600047178566,1
14.18195366859436,0.24914127588272095,0.04332524165511131,0.5367260575294495,0.006286671732041373,-0.07317283750230844,0.0005313472306286974,0.020203837760730536,0.16367463978081087,-0.010392641223988974,-0.07959581911563873,-0.08349479734897615,-0.08294275403022765,-3.572458807054612,-0.10691155693276881,25.59973458570395,-0.0023663815563706777,0.1749335451226764,0.03693716446944875,0.0012704250038950704,1
14.191955327987671,0.2494412213563919,0.042491648346185684,0.5367379188537598,0.006285777698362439,-0.07711967080703663,-0.003608307448652604,0.019135299433655995,0.16292091067257664,-0.01127218573829003,-0.08953743427991867,-0.08338429778814317,-0.08373066782951354,-3.574886972241109,-0.08526066385771547,25.612504384486726,0.001981958171270075,0.17587145096705586,0.038396408554684625,0.0012278340000193566,1
14.201965093612671,0.250112384557724,0.04072070121765137,0.5367708802223206,0.007184028849414849,-0.08328616619417291,-0.0025137940978569727,0.016856878614741166,0.16126271121338753,-0.013039446565179968,-0.1010892391204834,-0.08562322705984117,-0.08371407538652419,-3.571903270380994,-0.06438833836390724,25.603169604278307,0.00801785740436814,0.1774751389749561,0.04117666874150972,0.001507472996308934,1
14.21195650100708,0.250112384557724,0.04072070121765137,0.5367708802223206,0.007184028849414849,-0.08328616619417291,-0.0025137940978569727,0.016856878614741166,0.16126271121338753,-0.013039446565179968,-0.1010892391204834,-0.08562322705984117,-0.08371407538652419,-3.573438031148153,-0.043489409365156065,25.60989031276922,0.00964208627442014,0.17902369097700926,0.0411264515983449,0.001281318000110332,1
14.221971273422241,0.25049373507499695,0.03979667276144028,0.5367757678031921,0.008252351323043047,-0.08582808077819608,-0.0027200002868963563,0.015724533616759295,0.1605685661444478,-0.01391267779980998,-0.10457473993301392,-0.07780327647924425,-0.08322408795356749,-3.5758780267371746,-0.02313474815019599,25.613170415869877,0.012314250326813637,0.17764925865754205,0.041939370305045374,0.0013123180033289827,1
14.232013702392578,0.25127163529396057,0.03785936161875725,0.5367762446403503,0.007598830418581588,-0.09027151763342632,-0.0017798306246884737,0.01439571993349631,0.159877103561338,-0.014757910623566683,-0.11260364949703217,-0.0772729739546776,-0.08361130207777022,-3.5768941358689164,-0.0008720327904437226,25.611150368392465,0.016694551748906855,0.1782171477946154,0.04331461036607554,0.0014607620032620616,1
14.242202997207642,0.2516949772834778,0.036863960325717926,0.5367568135261536,0.009211584840567525,-0.09426541626498981,-0.0070732259930049,0.012624113973565887,0.15876905237046035,-0.01598732137002612,-0.11679831147193909,-0.07180169969797136,-0.07711673527956008,-3.5842075858416753,0.021792672034998566,25.628389672831556,0.020575895983762436,0.17793736578537608,0.04275569619995102,0.0011482349946163595,1
14.251945734024048,0.2521204650402069,0.03584020212292671,0.5367282629013062,0.006865902224123173,-0.0959626808788903,-0.0027389371422635836,0.011265234468702534,0.15820603479589757,-0.016726976711896935,-0.11538755893707275,-0.07742009311914445,-0.0718674138188362,-3.584144336044833,0.043103524141485716,25.62059451487407,0.022265589233986364,0.18050070343007985,0.041648317006245474,0.001098592001653742,1
14.261966705322266,0.25255876779556274,0.03480652719736099,0.5367212295532227,0.008622572654488162,-0.09764093905884459,-0.005589493166304254,0.01005770219232005,0.15754256742175077,-0.017421603276814412,-0.11586633324623108,-0.07114355266094209,-0.07001207768917082,-3.5886328695835403,0.06365828709542133,25.627088103110186,0.024119257532944718,0.1796649272941869,0.04165164429032911,0.001607179998245556,1
14.27195692062378,0.2530044615268707,0.03375660255551338,0.5366854071617126,0.008761583830699088,-0.09895475953808681,-0.005477129013731929,0.008008412796418174,0.1567304359025985,-0.01838140541485611,-0.12568706274032593,-0.06020981818437577,-0.061406232416629784,-3.5928075029200532,0.08226205476841197,25.629345488462892,0.029868460281386382,0.17717879896165672,0.04032631335932295,0.0010655649966793135,1
14.281944513320923,0.25345686078071594,0.03269587457180023,0.5366601943969727,0.008304584461005725,-0.10141203553413697,-0.00484219446787907,0.006691848956376312,0.15621896563276172,-0.018946745715912705,-0.1255628913640976,-0.05570716410875321,-0.05794331803917884,-3.5957894241154236,0.10091429306323334,25.628085054458367,0.03213267602367475,0.17607066962939588,0.03957186185555821,0.0010739440040197223,1
14.291966199874878,0.25345686078071594,0.03269587457180023,0.5366601943969727,0.008304584461005725,-0.10141203553413697,-0.00484219446787907,0.006691848956376312,0.15621896563276172,-0.018946745715912705,-0.1255628913640976,-0.05570716410875321,-0.05794331803917884,-3.5984039051141834,0.11728213829591182,25.62749911378683,0.03245324042681202,0.1759198279093014,0.039399783536517075,0.0010081010041176341,1
14.301972389221191,0.2539032995700836,0.031617626547813416,0.536641538143158,0.008528860204758078,-0.10159648210198494,-0.0023876920464343397,0.005412474535034573,0.15580762539371662,-0.0194593479021008,-0.12235815823078156,-0.045874297618865974,-0.050586659461259835,-3.5990877718356886,0.13245797633274525,25.618801848926875,0.03303318281692271,0.1733405852531459,0.03757450487881822,0.001041825998981949,1
14.311970710754395,0.2543705105781555,0.0305483415722847,0.5366308689117432,0.010814131793195248,-0.10229770841162274,-0.004885584371238421,0.004135057948527976,0.15541525061912287,-0.01992845284168565,-0.12014176696538925,-0.0444842353463173,-0.04268617555499076,-3.6041688222908133,0.14703875711942352,25.623712161822265,0.033918189280093464,0.1729484236501062,0.03519769560262286,0.0010049589982372709,1
14.321964025497437,0.2548263669013977,0.029461191967129707,0.5366079807281494,0.00726358024714992,-0.10376056284107169,-0.00196363129880423,0.002728023122901657,0.15525235202458365,-0.020297490810283758,-0.13257360458374023,-0.02648236602544785,-0.03355501964688301,-3.6042824718811355,0.16104229439747725,25.61587089626267,0.03950776268924394,0.16762262486638668,0.03282414491413765,0.0009972789994208142,1
14.331984281539917,0.2562004327774048,0.0262164156883955,0.536471962928772,0.010309730295049233,-0.1046289205723075,-0.007751754637189461,-0.0002198096033070307,0.15511727648579798,-0.02092471114719663,-0.11068010330200195,-0.00015025958418846353,-0.018066566437482834,-3.6143453991923598,0.17686076716274515,25.63420495810449,0.03649055374197456,0.16336005244156646,0.03053280140952056,0.003094685001997277,1
14.342240333557129,0.2562004327774048,0.0262164156883955,0.536471962928772,0.010309730295049233,-0.1046289205723075,-0.007751754637189461,-0.0002198096033070307,0.15511727648579798,-0.02092471114719663,-0.11068010330200195,-0.00015025958418846353,-0.018066566437482834,-3.622923560512524,0.19132198667867967,25.639818085101677,0.036594360654515455,0.1581015488490818,0.02743336672520292,0.0008282380003947765,1
14.352201700210571,0.25710031390190125,0.024072036147117615,0.5363293886184692,0.013043147643091077,-0.10364287345787022,-0.0102637763514955,-0.0024844943307718026,0.1553165543268218,-0.02119059585314087,-0.10817800462245941,0.008975932374596594,-0.011511689051985742,-3.62984771199424,0.2050907110157212,25.640145966221457,0.03860929964195504,0.15531939934596192,0.026205170094351707,0.0027179899989278056,1
14.361968278884888,0.25710031390190125,0.024072036147117615,0.5363293886184692,0.013043147643091077,-0.10364287345787022,-0.0102637763514955,-0.0024844943307718026,0.1553165543268218,-0.02119059585314087,-0.10817800462245941,0.008975932374596594,-0.011511689051985742,-3.641971004038585,0.21695241204470392,25.650582330806156,0.03898587960038875,0.15380789940520792,0.025226400321153263,0.0008954069999163039,1
14.371970415115356,0.2574857771396637,0.023018810898065567,0.5362300276756287,0.009956027269988342,-0.10446475446805614,-0.008464795570483019,-0.0035556116147286154,0.15561038634627877,-0.02123481720375775,-0.10438977926969528,0.028824524953961372,-0.003154166508466009,-3.6497834914341984,0.22904293823958835,25.648719146141193,0.039082746555775386,0.14716540010941256,0.022578736871359147,0.0009941359967342578,1
14.382225275039673,0.257786363363266,0.021999267861247063,0.5361779928207397,0.01061243634347747,-0.10150572659180221,-0.004844255828915813,-0.005003039657057062,0.156180224107906,-0.021217687553183318,-0.09882789105176926,0.03643738478422165,0.0005977113032713488,-3.6544423227454668,0.2384434450535713,25.63536454533205,0.03929332533794172,0.1431826461089704,0.021130746357065414,0.001003842000500299,1
14.391952276229858,0.2580954432487488,0.020998289808630943,0.536117672920227,0.010563329586259109,-0.10065504164910494,-0.006556948709536961,-0.006059979237989843,0.15661241893684696,-0.02118768690201467,-0.10124928504228592,0.03631562739610672,0.0038289499934762673,-3.660961134668715,0.24670359999389488,25.635782918157478,0.04143069312481032,0.14215166293473644,0.0201626711105257,0.001019133000227157,1
14.401962280273438,0.2580954432487488,0.020998289808630943,0.536117672920227,0.010563329586259109,-0.10065504164910494,-0.006556948709536961,-0.006059979237989843,0.15661241893684696,-0.02118768690201467,-0.10124928504228592,0.03631562739610672,0.0038289499934762673,-3.666616273137921,0.2539642646137702,25.635802722247448,0.041720255801984234,0.14202253016350264,0.01996429240547942,0.0009911340021062642,1
14.411962509155273,0.2585303783416748,0.019070345908403397,0.5360232591629028,0.009204368939531766,-0.09834551811851037,-0.0068875500184156805,-0.00801059551153438,0.15769943810974318,-0.020989066548143587,-0.09234805405139923,0.05804052948951721,0.010540615767240517,-3.67071367227583,0.2609487984098361,25.62843064951601,0.04416722477823228,0.1377692083467931,0.018425717022608014,0.0010166189968003891,1
14.421963453292847,0.2585303783416748,0.019070345908403397,0.5360232591629028,0.009204368939531766,-0.09834551811851037,-0.0068875500184156805,-0.00801059551153438,0.15769943810974318,-0.020989066548143587,-0.09234805405139923,0.05804052948951721,0.010540615767240517,-3.676588501735368,0.2668016811237,25.633897177218948,0.041825700084474234,0.13330915641899707,0.017725308127806014,0.0010411969997221604,1
14.432017803192139,0.25867345929145813,0.018165703862905502,0.5359722375869751,0.01047514099503291,-0.09416713565597472,-0.006941033527555679,-0.008854477108459768,0.15822839191240234,-0.02089755607762056,-0.0879376232624054,0.06135134398937225,0.012008428573608391,-3.683051407624833,0.2698604933913657,25.63615964779908,0.04137883457033727,0.13093757267876074,0.01722635269782335,0.0011339220000081696,1
14.442235708236694,0.25889211893081665,0.016418777406215668,0.5358092188835144,0.0084663657610303,-0.09150167554524391,-0.007048746103621829,-0.009888294216179982,0.15893755925323916,-0.020795336429723754,-0.09321440011262894,0.06584322452545166,0.010898020118474952,-3.6881885953057325,0.27223715193216674,25.637693619644157,0.04438821860910176,0.12836497975416403,0.01794186862864523,0.0012561809999169782,1
14.451944351196289,0.25898051261901855,0.015582405030727386,0.5357216000556946,0.009664200165626241,-0.08975239098651722,-0.01246731077220251,-0.011142707713136524,0.1599609182449564,-0.020671743821917943,-0.08217676728963852,0.07959282398223877,0.010039689019322385,-3.7001488183310745,0.2735939989144199,25.656802923635404,0.04310142132926449,0.12231293798399545,0.018427693727373323,0.0010641690023476258,1
14.461975812911987,0.2590200901031494,0.014782664366066456,0.535633385181427,0.0073608387601804505,-0.08646524697931461,-0.007881052793344579,-0.011870659289558994,0.16095788259330313,-0.02063311055194239,-0.07092837989330292,0.084230437874794,0.009030358865857114,-3.7047247502223923,0.2739238808939413,25.648884724645786,0.0404801733777469,0.11886155236802642,0.018751855490082004,0.0011952960048802197,1
14.471977472305298,0.25901052355766296,0.014015099965035915,0.5355659127235413,0.006490973616786404,-0.08482437581697866,-0.008070043282461569,-0.012667330474968264,0.16166908353686527,-0.020548332752873488,-0.07807066291570663,0.07706154137849808,0.012203758582472793,-3.7086200494549653,0.27334725210817246,25.646449666550012,0.04338122307602282,0.11975250594004003,0.01814359820763853,0.0014917630032869056,1
14.48222017288208,0.25898876786231995,0.013273687101900578,0.5354927778244019,0.0069992500010178345,-0.08140741292140034,-0.008932717134239336,-0.013388601161630653,0.16241750091698126,-0.02048760940157912,-0.07517660409212112,0.07661931961774826,0.008341865614056579,-3.7137648071264144,0.2710298541754845,25.64843432976671,0.043975309812699225,0.11902237545010212,0.019456778268734425,0.00110773800406605,1
14.49193811416626,0.25894618034362793,0.012562708929181099,0.5353831052780151,0.006794247796561976,-0.08110419663889867,-0.013928839912816444,-0.014048800373475778,0.16318012181513408,-0.020474221619985133,-0.05745838209986687,0.09049741178750992,0.00673949485644697,-3.7242164351999545,0.26962875472853015,25.666447234105874,0.03948793257340229,0.11356837166938775,0.01999336104161715,0.0010247890022583306,1
14.501928329467773,0.2588452398777008,0.011884883046150208,0.5352538228034973,0.003401767165914932,-0.07535027714224597,-0.012208207448537737,-0.014802930469051123,0.1644785567161411,-0.02036580466656268,-0.048432961106300354,0.08875446766614914,0.010117322206497182,-3.729379543858863,0.26535779695602896,25.668134335872534,0.03720531320860328,0.11183017639967838,0.018924284669944058,0.001065704993379768,1
14.51194977760315,0.2588452398777008,0.011884883046150208,0.5352538228034973,0.003401767165914932,-0.07535027714224597,-0.012208207448537737,-0.014802930469051123,0.1644785567161411,-0.02036580466656268,-0.048432961106300354,0.08875446766614914,0.010117322206497182,-3.733808964411597,0.2615903946135466,25.668685808644092,0.03690862579982473,0.11160175928124932,0.018719021736074933,0.0010251370040350594,1
14.521954774856567,0.2587360143661499,0.011253993026912212,0.5351226329803467,0.004946906410264212,-0.07354201377622913,-0.01684625072034336,-0.015319885150113066,0.16506414780128065,-0.020298986290210763,-0.04856990650296211,0.071332186460495,0.011747037991881362,-3.743140379325919,0.2571019271558489,25.6849062880392,0.037627205999602856,0.1161813713282643,0.0182596917006654,0.0010481789940968156,1
14.53202772140503,0.25844523310661316,0.010060763917863369,0.5347929000854492,0.0032913563947584803,-0.06894999000326339,-0.01720322101235626,-0.015988011295689386,0.16669355245031614,-0.02012787201008326,-0.021717723459005356,0.09113341569900513,0.018801329657435407,-3.751410120342544,0.2532871980113823,25.691006820479572,0.03334184674221638,0.11236093219109017,0.01929391939561225,0.002049857001111377,1
14.542193174362183,0.25806185603141785,0.009018834680318832,0.5344403386116028,0.0035808177192594355,-0.06343466048331853,-0.021573722256493337,-0.016200553240963256,0.16756000058839948,-0.020040288317507482,-0.02344740740954876,0.08765570819377899,0.013623453676700582,-3.7589570042127174,0.24892288563221132,25.695505624939326,0.029724951139128358,0.10804615722924332,0.015467182507773916,0.0035351269980310462,1
14.551942110061646,0.25806185603141785,0.009018834680318832,0.5344403386116028,0.0035808177192594355,-0.06343466048331853,-0.021573722256493337,-0.016200553240963256,0.16756000058839948,-0.020040288317507482,-0.02344740740954876,0.08765570819377899,0.013623453676700582,-3.7704275281618282,0.24184743374224868,25.71289850830443,0.030377656092972747,0.10740361260278714,0.016581055381578592,0.0008475089998682961,1
14.561933040618896,0.2578379511833191,0.008527626283466816,0.5342316627502441,0.00019685638884226465,-0.060953497910026674,-0.02035295765580874,-0.01661469931284376,0.1686341381097729,-0.019946441715189778,-0.023005351424217224,0.07787700742483139,0.011318190023303023,-3.776581273253987,0.23450487492207342,25.71623951634628,0.030939004912975278,0.10912999876245041,0.017618353899183148,0.0010938429986708798,1
14.571958541870117,0.2576073110103607,0.00807733740657568,0.5340391397476196,0.0035353053641631795,-0.057505149412583306,-0.02199053947082313,-0.01664649900479942,0.16937828042508407,-0.019831334120142596,-0.007547677960246801,0.08322296291589737,0.01756376028060912,-3.7865485636989975,0.22670815568282596,25.723100222992574,0.026262548985836177,0.10660153880289616,0.015278148069516672,0.0010189239983446896,1
14.581960678100586,0.2573687434196472,0.007648024708032608,0.5337873101234436,0.0011462028096398322,-0.05621648585166934,-0.028728095657643636,-0.016729639363425086,0.17008849621855715,-0.019750095226883424,-0.0026654163375496864,0.08888919651508331,0.011709725484251966,-3.801162800819492,0.21894231488642563,25.74944272645036,0.024450707159710965,0.10361840237601805,0.01666500298294747,0.0009905059996526688,1
14.591959714889526,0.2570978105068207,0.007252251263707876,0.5335298776626587,4.481976022075508e-05,-0.051668085202902385,-0.025649411436399115,-0.016650551484366893,0.17113970696952485,-0.01966287660091215,0.0045152390375733376,0.07284944504499435,0.009258581325411788,-3.8091058492321475,0.2101314914051504,25.74986040470999,0.022017371060624454,0.10695534421226643,0.017487002907980956,0.000997697003185749,1
14.601966619491577,0.256819486618042,0.006887426599860191,0.5332431793212891,0.0015037078636549516,-0.05045268686087708,-0.033026777173691735,-0.016620339880212054,0.17169640082041626,-0.019594644768698544,0.008163100108504295,0.06542983651161194,0.012500217184424392,-3.824961360114982,0.2014536605264028,25.775573861273912,0.020546125888364998,0.1089102336268492,0.01642829048663674,0.0010624930000631139,1
14.611955642700195,0.2565433084964752,0.00654079532250762,0.5329172015190125,0.0016975801030893712,-0.04766828573231168,-0.033105913410862685,-0.01644960333220924,0.1724417589666749,-0.01954092016141251,0.019619297236204147,0.07761512696743011,0.008403047919273368,-3.839389798014896,0.19291543622082957,25.786590533324866,0.016736175061523743,0.1044156797416175,0.01719952716104962,0.0010032830032287166,1
14.62196397781372,0.25624921917915344,0.006225216668099165,0.5325877666473389,8.671873272701396e-07,-0.04450250051165002,-0.0342823041550273,-0.016227400382947454,0.17302305677736562,-0.01947681130099177,0.025094114243984222,0.07086508721113205,0.01032584533095359,-3.851598394428062,0.18542294142789686,25.790716699086907,0.016227194036640667,0.10382924105971188,0.01736174538268616,0.0012659569983952679,1
14.63196325302124,0.25624921917915344,0.006225216668099165,0.5325877666473389,8.671873272701396e-07,-0.04450250051165002,-0.0342823041550273,-0.016227400382947454,0.17302305677736562,-0.01947681130099177,0.025094114243984222,0.07086508721113205,0.01032584533095359,-3.862244706242558,0.17733311962843187,25.796897409370153,0.014229178180526438,0.10518565498141155,0.01651066055987236,0.001023322001856286,1
14.641965627670288,0.25594183802604675,0.005946125369518995,0.5322504639625549,0.001552475892961409,-0.040178708777077826,-0.034653730603129276,-0.01605210613348307,0.17348322811248185,-0.019452731026810444,0.016506195068359375,0.04984670877456665,0.008941814303398125,-3.8722222839546174,0.1672134893309955,25.801044451047396,0.01654995927555755,0.11131859866518859,0.01701859461209651,0.0010703830048441887,1
14.652010917663574,0.2556493580341339,0.005693035200238228,0.531883955001831,0.00198117750920386,-0.03968770428504902,-0.03917375581138783,-0.015944006017567958,0.1738864850450761,-0.019445525620621407,0.018364662304520607,0.04174073785543442,0.00044767255894839254,-3.886006911456148,0.15798957471440647,25.818717926668466,0.016298868431613298,0.11414425356131076,0.019824663105277383,0.0012139379978179932,1
14.661978244781494,0.2550402283668518,0.005260498262941837,0.5311413407325745,0.003824550562855923,-0.033472202793765574,-0.04076261066998138,-0.015683465417066333,0.17429228346147818,-0.019496217839221508,0.022123783826828003,0.04611168056726456,0.0006446122424676958,-3.9010645711305605,0.146200170209587,25.832658647467163,0.014956306464873354,0.11258715041649761,0.020149560252014757,0.0011536809979588725,1
14.671937465667725,0.25473618507385254,0.005073990672826767,0.530731201171875,-0.00021673650791303144,-0.03097847103653815,-0.04084966332712649,-0.015411464644945472,0.17463880944947663,-0.019549782829808127,0.029168779030442238,0.025527730584144592,-0.0012639425694942505,-3.9105542978657986,0.13482250728137327,25.83992007830402,0.012315507576833098,0.11854663844552879,0.02061259529182115,0.0010094969984493218,1
14.682029247283936,0.25441858172416687,0.00492305401712656,0.5303446650505066,0.0026957538477350483,-0.02757848611980601,-0.040789183239886936,-0.015146032280689337,0.17476234094798082,-0.019609397844761567,0.02585447020828724,0.0108640156686306,-0.0026609897613525404,-3.920233150091565,0.12257504641226333,25.84352311997662,0.012765740610741042,0.12370530921789775,0.021233287762068023,0.001175815996248275,1
14.692343950271606,0.25412771105766296,0.004779784008860588,0.5299292206764221,0.002437713493466421,-0.027418615300678337,-0.04472200571988454,-0.014959106735725314,0.17470692537148969,-0.019668029436214596,0.021608302369713783,0.015017950907349586,-0.0018491744995117205,-3.9330420501857075,0.11149945117993026,25.85971436872265,0.013884390606441272,0.12318169744965567,0.021145137529131035,0.0011462100010248832,1
14.70194935798645,0.2538212835788727,0.0046636494807899,0.5295261740684509,0.0015525605337770722,-0.022832304309396534,-0.04024218385269177,-0.014457368427033934,0.17482851663718257,-0.019781756227447822,0.03963686525821686,0.009596014395356178,-0.006941737141460181,-3.9383079892028143,0.10012737513927146,25.85226708933374,0.007980762251113663,0.12474818725689582,0.022203862718812285,0.0008783009980106726,1
14.711943864822388,0.2535233497619629,0.004571138881146908,0.5291435718536377,0.002291985330842863,-0.020581059216358253,-0.041382227029616504,-0.014129603509157374,0.17463876896453412,-0.01982944098404049,0.036975424736738205,-0.008341314271092415,-0.001679454930126666,-3.9441049416809526,0.08861971629266668,25.854472863440748,0.007567460314813253,0.13080337783070145,0.020723591329894448,0.0009965810022549704,1
14.721962928771973,0.2532329857349396,0.004500983282923698,0.5287628173828125,0.003335156851817248,-0.018625769770158437,-0.04031388088698487,-0.013871806165637768,0.1744766750272282,-0.019955117044873294,0.030689772218465805,-0.01128611993044615,-0.0077501577325165254,-3.9486909659233205,0.07710067873600654,25.853051710278635,0.009284003106001333,0.13275514008558653,0.02262941465066873,0.0010323300011805259,1
14.732050657272339,0.2529384195804596,0.0044401162303984165,0.5283735394477844,0.0017555953698156859,-0.016879655452543874,-0.03974589701571436,-0.013482104944560369,0.17426633853288154,-0.020020780849668185,0.03941525146365166,-0.013532999902963638,-0.005157796200364826,-3.9527297357344953,0.06702036695336604,25.85232657757411,0.009475300326084022,0.1330288847274768,0.022947490427487966,0.0017423569952370599,1
14.742108583450317,0.25265005230903625,0.004398902878165245,0.5280163884162903,0.0036470693629937624,-0.013062291827491268,-0.0387187339227536,-0.012991388224824263,0.1739382588685312,-0.020126763750934806,0.049478791654109955,-0.019483769312500954,-0.006631236989051101,-3.9544718198563653,0.05770622798302162,25.85165215705308,0.006269782211488106,0.134117338040064,0.021788651365708085,0.0022576490009669214,1
14.752050161361694,0.25265005230903625,0.004398902878165245,0.5280163884162903,0.0036470693629937624,-0.013062291827491268,-0.0387187339227536,-0.012991388224824263,0.1739382588685312,-0.020126763750934806,0.049478791654109955,-0.019483769312500954,-0.006631236989051101,-3.9558546857815378,0.04758446519483295,25.849096675042258,0.0022399879176294686,0.1365077131045792,0.02171741976775015,0.0017140089985332452,1
14.761949300765991,0.2520988881587982,0.004374252166599035,0.5272991061210632,0.0017096278550399794,-0.008553684692710901,-0.03440597653044032,-0.012631610574057817,0.17367064665058463,-0.020212252277201248,0.03739123046398163,-0.03292044997215271,-0.009543446823954579,-3.9507305021780406,0.03546731996841675,25.836361651744383,0.005165653677399165,0.14151018483962027,0.023046959676857347,0.0010910510027315468,1
14.771947383880615,0.2518523931503296,0.004374879412353039,0.5269672274589539,0.005068281168591205,-0.008386126749296941,-0.039532762033749676,-0.011700850385194972,0.17292560581546024,-0.02045988026633605,0.06242270767688751,-0.0339151993393898,-0.011101370677351948,-3.954053861612729,0.025923612460189118,25.849906251140055,-0.0033990635842793175,0.14331364898815607,0.02281652728044714,0.0010111030060215853,1
14.78197193145752,0.25160521268844604,0.004392481874674559,0.5266188979148865,0.0025164676145107245,-0.0040764743702907365,-0.0356261543825328,-0.011700850385194972,0.17292560581546024,-0.02045988026633605,0.06242270767688751,-0.0339151993393898,-0.011101370677351948,-3.9508197330526804,0.01464701202948137,25.843606216466778,-0.004374705004246078,0.14368823525465596,0.02290054120076713,0.0010376360005466267,1
14.791961193084717,0.2513667047023773,0.004431222565472126,0.5263128280639648,0.00395766638532758,-0.0028854154809570477,-0.03543384001704437,-0.010854558716459017,0.17242554841657842,-0.020631660771111004,0.05554831773042679,-0.03977785259485245,-0.009070001542568202,-3.9484878350862083,0.004107541359549768,25.84163052004033,-0.0035003114714154907,0.14617812325737034,0.022287928224057504,0.0010029340046457946,1
14.801962614059448,0.25115251541137695,0.004471346735954285,0.5259996056556702,0.00501713450210677,-0.000751278814721792,-0.03576315943514896,-0.010385956609474167,0.17192236323439802,-0.02076711257458541,0.049882855266332626,-0.04219193756580353,-0.01240678876638412,-3.9473097588039594,-0.006731849106102462,25.84325575513688,-0.0021215257334202503,0.14789529810133495,0.023367092271392987,0.0010867219971260056,1
14.811972379684448,0.250946581363678,0.004523649346083403,0.525699257850647,0.004113715375331915,-0.00021253710690464784,-0.03509231657496434,-0.009510593836696835,0.17129497945143868,-0.02096620363255486,0.06254282593727112,-0.0389191135764122,-0.011021031066775317,-3.944739282573257,-0.015518709143247036,25.842979477358497,-0.0070449025882658705,0.14795799394685352,0.02249798384786056,0.001139926003816072,1
14.821971893310547,0.2507378160953522,0.004581283312290907,0.5254247188568115,0.003179390492923936,0.0029837260973025466,-0.03182157874024499,-0.008822973356210184,0.1708040939012463,-0.021095825328100393,0.06846330314874649,-0.04377802461385727,-0.010249633342027659,-3.9379085374660088,-0.024763461141047383,25.832957046623978,-0.010335134007233788,0.15018322447555785,0.021834227814433425,0.0010557200002949685,1
14.831966638565063,0.25054413080215454,0.004665087442845106,0.525161623954773,0.004800556247972938,0.004455290714570269,-0.034038230804399834,-0.008278626291085,0.1701332943464724,-0.021267567618939776,0.05946715548634529,-0.0624900758266449,-0.015278864651918404,-3.934530469369763,-0.034313291297856735,25.83767423557789,-0.00855157902000191,0.15714908436077507,0.02365883332354306,0.0010553019965300336,1
14.841974258422852,0.25054413080215454,0.004665087442845106,0.525161623954773,0.004800556247972938,0.004455290714570269,-0.034038230804399834,-0.008278626291085,0.1701332943464724,-0.021267567618939776,0.05946715548634529,-0.0624900758266449,-0.015278864651918404,-3.9315653486804325,-0.042662147553581706,25.83969095008699,-0.00834246075891556,0.15808375189997032,0.023921890064053996,0.0010529270002734847,1
14.852023839950562,0.2501715421676636,0.004828274715691805,0.5247052311897278,0.004946697609825891,0.008000007835154973,-0.028585126612683146,-0.006994715114529981,0.1687894815019706,-0.0215640443763343,0.07424534112215042,-0.06548989564180374,-0.0162290334701538,-3.9215456744915014,-0.050535882959361754,25.82568731136314,-0.007879012090596382,0.15807572262785186,0.023706785022910647,0.001364058000035584,1
14.862043380737305,0.2501715421676636,0.004828274715691805,0.5247052311897278,0.004946697609825891,0.008000007835154973,-0.028585126612683146,-0.006994715114529981,0.1687894815019706,-0.0215640443763343,0.07424534112215042,-0.06548989564180374,-0.0162290334701538,-3.913975505476874,-0.05800350618701317,25.818410955896333,-0.014406761822256038,0.1609117809188722,0.02352546703916523,0.001148932999058161,1
14.871944189071655,0.2500195801258087,0.004913236480206251,0.5244823694229126,0.0030090115573239698,0.008227574619108113,-0.02861356364784354,-0.006359343598265177,0.16822473391586978,-0.02172969270550862,0.0688747987151146,-0.07297226041555405,-0.012884450145065776,-3.905659134417937,-0.06468119618409605,25.816855752466456,-0.014483391260675695,0.16443706445760745,0.022529580252690598,0.001030305000313092,1
14.8820321559906,0.24969255924224854,0.005132530350238085,0.5241426825523376,0.0023508026103102393,0.012203931792341501,-0.024738993513636377,-0.0055707123152499705,0.16737135710259743,-0.021837163938260407,0.06948456913232803,-0.07745872437953949,-0.013315114192664615,-3.8932591109561003,-0.07301316669212728,25.804701405397516,-0.015569737104772944,0.1674695896078705,0.022279358382079117,0.0011531229974934831,1
14.89220404624939,0.2495504468679428,0.00524032860994339,0.5239955186843872,0.003194584295397222,0.013140083291123051,-0.02126721851374629,-0.004651902553552745,0.16615771116015887,-0.022069043154662626,0.06859642267227173,-0.07992001622915268,-0.013242607936263074,-3.8788632871588953,-0.08055621024711049,25.78881999574748,-0.01661560738240295,0.17020245273346046,0.022070155035135514,0.0011316180025460199,1
14.901942491531372,0.249405175447464,0.005350444000214338,0.5238712430000305,0.000545817878733406,0.014938093722165717,-0.01912509650169389,-0.0038451903452259018,0.16532500199277633,-0.0221530985464784,0.07786288112401962,-0.08240985870361328,-0.007469248957931985,-3.861986855071753,-0.0875946054621015,25.776139998758623,-0.020731579713318828,0.17251816051439772,0.019606265417720717,0.0010266039971611463,1
14.911926507949829,0.24925778806209564,0.005476278252899647,0.5237768292427063,0.00253582081831508,0.01710974424345292,-0.016926160116884196,-0.003091525047705268,0.16441430018011927,-0.02223439431829055,0.07544846832752228,-0.09268010407686234,-0.007710936479270447,-3.845673132704243,-0.09516659939933875,25.764203265897027,-0.02141579032676747,0.17714896815342931,0.019191735880899695,0.0010055879974970594,1
14.921928405761719,0.2491275519132614,0.005598772782832384,0.5236961841583252,-0.0002428392961712412,0.016621416434000478,-0.01573212817832084,-0.00200945274794595,0.16299345353294825,-0.02230684595438337,0.07116878032684326,-0.09650114923715591,-0.004075624048709857,-3.827492550549139,-0.10102696516352315,25.75635644163529,-0.021688654273484008,0.18090069763667785,0.017707267992432843,0.0010086589973070659,1
14.932159662246704,0.24897627532482147,0.005714100319892168,0.5236744284629822,-0.0014433229863893417,0.019414689398596422,-0.008014138742318858,-0.0011336356292734884,0.16199870759170976,-0.022271135525820718,0.07995615154504776,-0.09506697207689285,0.004589825402945291,-3.8025570152814776,-0.10725819109981671,25.727424737711683,-0.025644804144665224,0.1822952944138355,0.01394631924404481,0.001185032000648789,1
14.942198991775513,0.24884654581546783,0.0058463821187615395,0.5236806869506836,7.250768335733018e-05,0.019765546546535014,-0.009612622665946638,-0.00025965808857097983,0.16089446218460335,-0.022235586721257583,0.08835501223802567,-0.10905486345291138,0.005890970118343843,-3.7827846187307563,-0.11221927672494848,25.721753230574475,-0.029529079456191158,0.18773162309656277,0.012318002838359994,0.002593216995592229,1
14.95217514038086,0.24884654581546783,0.0058463821187615395,0.5236806869506836,7.250768335733018e-05,0.019765546546535014,-0.009612622665946638,-0.00025965808857097983,0.16089446218460335,-0.022235586721257583,0.08835501223802567,-0.10905486345291138,0.005890970118343843,-3.76578269748267,-0.11672001007710743,25.719882293766386,-0.03040586500558741,0.18890594161463647,0.012047229693522128,0.0008269109966931865,1
14.961944103240967,0.24869844317436218,0.005976742133498192,0.5237066745758057,-0.004368333607505761,0.021535521376453152,-0.0025716747380114028,0.0005851610057967527,0.15986246789027136,-0.02212719716509337,0.07970581203699112,-0.12349270284175873,0.01048408448696138,-3.7394962481789666,-0.12183784200827727,25.695741088977265,-0.0289623215520162,0.1950835595746676,0.010475052313225746,0.001040498995280359,1
14.971944332122803,0.24854065477848053,0.006120070815086365,0.5237981081008911,-0.004578113490287304,0.022549288359980473,-0.0003909275560776289,0.001529838950907525,0.15853823352989327,-0.021963939649924935,0.08794699609279633,-0.11889412999153137,0.0208342131227255,-3.7140796033287313,-0.1262186668148344,25.678837537353168,-0.03271280336399598,0.1961759613295919,0.005980674150452088,0.0009800330008147284,1
14.981943368911743,0.24821293354034424,0.006379450671374798,0.5240198373794556,-0.008783602892709307,0.022667195670967543,0.00451790096022879,0.0024712113232325805,0.1574371057819821,-0.021720456404032085,0.09961550682783127,-0.12397900223731995,0.02760468050837518,-3.683202125776533,-0.12941188040828477,25.655268103677617,-0.03812912253946943,0.19947525704311914,0.00213633226661921,0.0010166889987885952,1
14.991950988769531,0.2480190247297287,0.006516710855066776,0.5241835713386536,-0.010310564132177446,0.023285932843715624,0.007816056771071224,0.004109093726693658,0.1555266896558427,-0.021247345710773136,0.10034880042076111,-0.13110455870628357,0.03501383960247041,-3.650890011742633,-0.1318120583973667,25.63477486986353,-0.04127282878768736,0.20453323821143668,-0.001766402713841566,0.0009908549982355908,1
15.001963138580322,0.24783632159233093,0.0066450247541069984,0.5243424773216248,-0.00986696579849701,0.022906493415509013,0.0034850511721613723,0.005160958857674647,0.15416407721520775,-0.020833749577476635,0.09586013853549957,-0.13246744871139526,0.042804025113582625,-3.6265599929056234,-0.13310416426679658,25.641573433393805,-0.04181880569350452,0.2072321359612751,-0.005496165343449888,0.0009986049990402535,1
15.011960744857788,0.24763061106204987,0.006751903798431158,0.5244832634925842,-0.01531362880949787,0.020823584914914157,0.005151498094340847,0.0062687709368347555,0.15300304510049934,-0.020350521941823185,0.09990128874778748,-0.1205110177397728,0.04809965938329698,-3.599353394931863,-0.13190433172004581,25.639195426620102,-0.0447366782745737,0.2054406854463845,-0.008792312397783103,0.0009891789959510788,1
15.021961688995361,0.24741148948669434,0.006857109721750021,0.5246415734291077,-0.014277108855497635,0.023952897652318467,0.004837667249696891,0.007544255590727467,0.15184601757687854,-0.019821299755637067,0.11712371557950974,-0.12152884900569916,0.051914587616920485,-3.5756234576110426,-0.13167543860466394,25.639518110988153,-0.0520324857564193,0.2067297266580286,-0.011871334836111948,0.0010305140021955594,1
15.031962633132935,0.24719516932964325,0.006959266494959593,0.5247575044631958,-0.016373712535236132,0.020939636992083708,5.868423611844606e-05,0.009303019979608251,0.15023590147043953,-0.018941916211836052,0.10305390506982803,-0.10690172761678694,0.06092835962772371,-3.557315007677216,-0.128428731656195,25.65655201898567,-0.05118399135992936,0.20408152322602743,-0.016000205800424418,0.0010424540014355443,1
15.042031288146973,0.24695149064064026,0.007039536256343126,0.5248605608940125,-0.01992901968697111,0.021781675535789267,0.0014361118061528666,0.010568300371709416,0.149376937357649,-0.018288443384985698,0.10584788769483566,-0.08790034055709837,0.06461171060800554,-3.5371339946206217,-0.12526501710368906,25.659220800909377,-0.05359043724664169,0.1988175043078145,-0.018929664568178572,0.0011181419977219775,1
15.05197811126709,0.24695149064064026,0.007039536256343126,0.5248605608940125,-0.01992901968697111,0.021781675535789267,0.0014361118061528666,0.010568300371709416,0.149376937357649,-0.018288443384985698,0.10584788769483566,-0.08790034055709837,0.06461171060800554,-3.5194461162535347,-0.12251842251875032,25.660774603530747,-0.05387136708275816,0.1980648498970181,-0.019390454041297498,0.0010301650036126375,1
15.063027620315552,0.2464260458946228,0.00715992134064436,0.5250033736228943,-0.022253593442744368,0.018818536794464946,-0.005959871990737483,0.013122176136928232,0.14798989099299042,-0.016822812198332482,0.11386324465274811,-0.058564100414514535,0.07747333496809007,-3.50907591675621,-0.11505489781396167,25.68739122935781,-0.059538037703225744,0.1902027683027836,-0.02553446746392209,0.0011629680011537857,1
15.071954488754272,0.2464260458946228,0.00715992134064436,0.5250033736228943,-0.022253593442744368,0.018818536794464946,-0.005959871990737483,0.013122176136928232,0.14798989099299042,-0.016822812198332482,0.11386324465274811,-0.058564100414514535,0.07747333496809007,-3.499308583720718,-0.10869244917373755,25.69833869677222,-0.06076179673246889,0.1892245674025511,-0.026793270396401694,0.0008487669983878732,1
15.081952571868896,0.24584072828292847,0.0072138868272304535,0.5250247716903687,-0.027806013893086158,0.017528450192573534,-0.007824366318147834,0.014427021939376061,0.14754066932953247,-0.01598856186497377,0.11339834332466125,-0.04949832707643508,0.07826872915029526,-3.4879368098769508,-0.1009859756762078,25.70990718339944,-0.06253492533103351,0.18693054429276196,-0.028199162821107075,0.0010365900016040541,1
15.09201955795288,0.24553300440311432,0.007219584658741951,0.52500981092453,-0.029029823833777214,0.013593845066434239,-0.012413481271779655,0.01693514418507469,0.14691919330930547,-0.014263095365399714,0.11477240920066833,-0.02042851783335208,0.09199268370866776,-3.4817473788389055,-0.08865292572805716,25.731064453176604,-0.06687129171186713,0.1782131628647673,-0.03496682942521033,0.0015369410029961728,1
15.10195779800415,0.24519826471805573,0.007189271040260792,0.5249772071838379,-0.03295055031419974,0.012797155414555084,-0.00918326994922413,0.01693514418507469,0.14691919330930547,-0.014263095365399714,0.11477240920066833,-0.02042851783335208,0.09199268370866776,-3.469836784173364,-0.07762890777300699,25.729132983635292,-0.06735850333510013,0.1771574826204568,-0.036100212976386,0.0010494369998923503,1
15.111943483352661,0.24484482407569885,0.007155730854719877,0.5249668955802917,-0.032432444410251865,0.012905227965839764,-0.008454933638963005,0.018814407141708234,0.1468508706237328,-0.01277113837412669,0.1003042608499527,-0.007639672607183444,0.09979142248630524,-3.459425789585606,-0.06695287166534639,25.726202212918253,-0.06550466535653365,0.17306384960458013,-0.03996167703639637,0.0010118039936060086,1
15.121941566467285,0.24448172748088837,0.007097095251083374,0.5249422192573547,-0.0363108218832914,0.009068650277167451,-0.009240482175679725,0.019831816382398948,0.14688172328848959,-0.011716225735971975,0.0841677188873291,0.011475397273898137,0.10408622771501541,-3.4489187778510795,-0.05424268618785475,25.728246390808145,-0.0617924002564519,0.16663141515319924,-0.04264179576500166,0.0010271650025970303,1
15.131970405578613,0.24408583343029022,0.007011610083281994,0.5249468684196472,-0.03891884535524217,0.007612395074056081,-0.00363273717557015,0.02083810287790966,0.14710593812302264,-0.010612904936258882,0.07933790981769562,0.01311482954770328,0.11230481415987015,-3.4325859385668,-0.04176904782081509,25.710204097805153,-0.061235578797926724,0.16512990200233338,-0.046678913534457356,0.0014192200032994151,1
15.142540454864502,0.24368013441562653,0.006898605264723301,0.5249597430229187,-0.04024644941682086,0.006466501409169783,-0.004614953659109865,0.02222441694897226,0.14732068694633904,-0.008788269210541877,0.06628994643688202,0.017793035134673132,0.11852557957172394,-3.418685046817717,-0.028735994102506875,25.706614000566198,-0.05906330491820599,0.16326852505739578,-0.05062518793408093,0.002639653001097031,1
15.152227401733398,0.2432539016008377,0.006775882560759783,0.5249887108802795,-0.04336054993149586,0.004804081296630688,0.00046411250967634,0.02296439607810008,0.14763527867519377,-0.007540507329762303,0.050780296325683594,0.028220182284712805,0.12162385135889053,-3.4001116856715594,-0.016452682149747946,25.688108599359527,-0.05467956285695524,0.15960793201597662,-0.05245624272084667,0.0008257950030383654,1
15.161993980407715,0.24280323088169098,0.0066170166246593,0.5250394940376282,-0.04517963147441397,0.0009875704146594467,0.0012503954598365025,0.023516480100691517,0.14789331720625265,-0.006210259113831551,0.03420849144458771,0.028823452070355433,0.13012303411960602,-3.381927672367013,-0.0025589478392379853,25.677963608297983,-0.050264614551497715,0.15865894605214956,-0.05658786223933227,0.0010082419976242818,1
15.171942472457886,0.24280323088169098,0.0066170166246593,0.5250394940376282,-0.04517963147441397,0.0009875704146594467,0.0012503954598365025,0.023516480100691517,0.14789331720625265,-0.006210259113831551,0.03420849144458771,0.028823452070355433,0.13012303411960602,-3.366289108798571,0.009714731176200949,25.67419183562145,-0.04966367559948154,0.15852469081634893,-0.057380292884533037,0.0010228360042674467,1
15.181939125061035,0.24233603477478027,0.0064352769404649734,0.525105893611908,-0.046021960629081204,0.0004459619862320419,0.004191570263602451,0.024059264624540777,0.14824318656262125,-0.0048976998446192965,0.028638461604714394,0.03518899902701379,0.12867122888565063,-3.349453355266807,0.021152265746910523,25.662655737565657,-0.048536499893727006,0.15616908322774115,-0.05781726782976932,0.0010095690013258718,1
15.191941738128662,0.24186979234218597,0.006233141757547855,0.5251686573028564,-0.04779850691529525,-0.0034531874116051384,0.0016723976030354282,0.024377424146128757,0.1486403773489826,-0.0035143239942385662,0.009576316922903061,0.03615703433752061,0.13652461767196655,-3.335884018482024,0.034565240581872235,25.666727213700675,-0.04317610926785405,0.15516010953703566,-0.06088099989744008,0.0009766820003278553,1
15.201944589614868,0.24087472259998322,0.0057594371028244495,0.5253213047981262,-0.04945649577040438,-0.006165854167072323,0.0039010794362852068,0.024687833179577456,0.14912769238919354,-0.0020809673141837237,-0.0067190066911280155,0.050846837460994734,0.13936938345432281,-3.320599337784057,0.048558928774975224,25.660474283627618,-0.037975876552038955,0.1499971465589521,-0.06290412273472865,0.0010953809978673235,1
15.21197247505188,0.2403777688741684,0.005480270367115736,0.5253543853759766,-0.05320883158158491,-0.009802642286790822,0.003035623062015438,0.02478227087534668,0.14983900742680722,2.367932973346143e-05,-0.01972460374236107,0.06286704540252687,0.14040376245975494,-3.305968633080509,0.06416606577356895,25.661249628038345,-0.03353659862878376,0.14490432598073666,-0.06454545224048897,0.0009885519975796342,1
15.221939325332642,0.23985226452350616,0.005184739828109741,0.5254083275794983,-0.05396705120451569,-0.009368948638965802,0.004780787529868865,0.024899722059852802,0.15054040359478327,0.0015243066624326396,-0.01362685952335596,0.06243913993239405,0.1456725150346756,-3.2908895218694663,0.07848662441078921,25.65575690525362,-0.03503025383705748,0.14364665070786578,-0.06768456653646605,0.0010504849997232668,1
15.231942653656006,0.23933112621307373,0.004876917693763971,0.5254368185997009,-0.05354909595373743,-0.012969000273067972,0.0012345893676701564,0.024941616233941755,0.1510767887906015,0.0029702054496851815,-0.029128940775990486,0.06762351095676424,0.14294002950191498,-3.2815170342748523,0.09436611542585084,25.665799406705425,-0.03056818317067484,0.14119740032550948,-0.06778620171575156,0.0009941380048985593,1
15.241960525512695,0.23880521953105927,0.004533792845904827,0.525428831577301,-0.05430434642621513,-0.01453249157106861,-0.000517887652004852,0.02480746082617502,0.15183700101088515,0.0044054554542993785,-0.0328715518116951,0.07533328980207445,0.1415470391511917,-3.2745746407198224,0.11031072937892904,25.676202850940737,-0.02869713672799592,0.13765343797622148,-0.06803600626089841,0.0009928110011969693,1
15.25196361541748,0.23826833069324493,0.00417823763564229,0.5254061818122864,-0.05568083377038869,-0.01728178000940316,-0.0017816230156459621,0.024638312578322275,0.1530813517570313,0.006673580693767889,-0.03819134458899498,0.08529372513294221,0.1455032080411911,-3.2692383542801338,0.1272525493740102,25.685099245998614,-0.02675579643128184,0.13270443178797356,-0.07051074129770668,0.0009985360011341982,1
15.261960506439209,0.2377321422100067,0.003798769088461995,0.5253592133522034,-0.055341620002255426,-0.01768486949502425,-0.005087102545457178,0.024468013979497716,0.1539457289845867,0.00808229104089353,-0.03948027640581131,0.08855251967906953,0.14055226743221283,-3.2679739489319166,0.14358895435825597,25.700378959818636,-0.025802915232564328,0.12990936803833855,-0.0700621558143119,0.0011129069971502759,1
15.272015571594238,0.23720164597034454,0.003409960540011525,0.5252742171287537,-0.05595206097482395,-0.020541572951502912,-0.00714467726463708,0.024219634940169765,0.15491378900733288,0.009520512274627357,-0.04772085323929787,0.09615130722522737,0.1366310864686966,-3.266495835432691,0.15786760359853683,25.70663603514222,-0.02563612228079146,0.12953072485560652,-0.06998237447040462,0.0028668570012087002,1
15.281972885131836,0.23720164597034454,0.003409960540011525,0.5252742171287537,-0.05595206097482395,-0.020541572951502912,-0.00714467726463708,0.024219634940169765,0.15491378900733288,0.009520512274627357,-0.04772085323929787,0.09615130722522737,0.1366310864686966,-3.2670882631507507,0.17312152648874368,25.716642644936,-0.02279525386077857,0.12591379343150796,-0.06918468806282799,0.001062842995452229,1
15.291943550109863,0.23666447401046753,0.0029908509459346533,0.5251805782318115,-0.05675847084428834,-0.02260712722839682,-0.00682643477376696,0.023938111878379686,0.15586504353488317,0.01088097022221346,-0.05844593048095703,0.10227645188570024,0.133588969707489,-3.2668676427639154,0.18822915582908503,25.720027633581353,-0.018748647032251473,0.12238588736102515,-0.06843736865124606,0.001022416996420361,1
15.302002429962158,0.23666447401046753,0.0029908509459346533,0.5251805782318115,-0.05675847084428834,-0.02260712722839682,-0.00682643477376696,0.023938111878379686,0.15586504353488317,0.01088097022221346,-0.05844593048095703,0.10227645188570024,0.133588969707489,-3.2665497742577796,0.20150824599922745,25.72138373410334,-0.018186802949526196,0.12192763104384842,-0.06831350056865884,0.0011273600030108355,1
15.31203556060791,0.23507490754127502,0.0016819053562358022,0.5248098373413086,-0.05548594517829497,-0.023595994312898407,-0.008194777562720593,0.02313452550069295,0.15794495856196544,0.013443624262108766,-0.06714966148138046,0.10657335817813875,0.11850677430629729,-3.268798052431494,0.21558394813143192,25.728118891379054,-0.014201059110953592,0.1178413795222051,-0.06423263285299084,0.0011186319970875047,1
15.321948289871216,0.23456501960754395,0.0012290820013731718,0.5246718525886536,-0.05401272332488429,-0.027340052687192536,-0.011821459438633207,0.022483736328210657,0.15946015276694814,0.01526993140983679,-0.07964495569467545,0.10481502860784532,0.1177464723587036,-3.2757103902648033,0.2313186441949449,25.743677270450664,-0.00910019576889574,0.1158011017581844,-0.06375496383175772,0.0009147490054601803,1
15.331973314285278,0.23405206203460693,0.0007495651952922344,0.5245309472084045,-0.05573379992700444,-0.02740800759888789,-0.006194137246442194,0.02181539887840378,0.16059199179961192,0.016398399331813085,-0.07995683699846268,0.1078995317220688,0.10851410776376723,-3.275045182232371,0.24484628349696552,25.731283706459564,-0.00729147419219865,0.11323286105565437,-0.06100943208747367,0.0011821009975392371,1
15.342260837554932,0.23355235159397125,0.0002769706188701093,0.5244212746620178,-0.05233123899504458,-0.028007036164076144,-0.0072527970229406226,0.021256264774646816,0.16148689518540893,0.017501096546416406,-0.07840391993522644,0.09440730512142183,0.10652274638414382,-3.2777799678804174,0.25800291516708085,25.73001998799475,-0.006781798433079812,0.11582182872453,-0.06036261430711754,0.001001748998533003,1
15.352234363555908,0.2330757975578308,-0.00020826474064961076,0.5242962837219238,-0.052691638468170626,-0.02955809060446513,-0.007040165686987179,0.020564639154572184,0.16246277654750063,0.01854061429093834,-0.09051697701215744,0.1023838520050049,0.09940958768129347,-3.2803614542109605,0.2705840935531962,25.729260533620135,-0.002013860176271339,0.11242193890480791,-0.05787376218044561,0.0013284500018926337,1
15.36198353767395,0.23259642720222473,-0.0006958950543776155,0.5242009162902832,-0.0525740160581046,-0.029267339178387395,-0.003386675566381636,0.01977828092833489,0.16352090896004778,0.01949652940266855,-0.09644114971160889,0.0996314436197281,0.0900251343846321,-3.2792305397933807,0.280808655875919,25.716381976844293,0.001319712068904617,0.11194594771144036,-0.05404921572436932,0.0008378050042665564,1
15.371957540512085,0.23214006423950195,-0.0011954817455261946,0.5241119265556335,-0.04942343381165219,-0.030968694065053697,-0.004115934090953427,0.018513930760648556,0.16473242797633825,0.0208068620908195,-0.10216991603374481,0.08239668607711793,0.08434853702783583,-3.2810717124555184,0.2914878804953774,25.714110020188635,0.00554620439724895,0.11513535057386785,-0.05206689636147226,0.000997350005491171,1
15.38198208808899,0.23214006423950195,-0.0011954817455261946,0.5241119265556335,-0.04942343381165219,-0.030968694065053697,-0.004115934090953427,0.018513930760648556,0.16473242797633825,0.0208068620908195,-0.10216991603374481,0.08239668607711793,0.08434853702783583,-3.2827605203474266,0.3009046824658002,25.713115550771494,0.006087899495111113,0.11558661617684096,-0.051667314305296023,0.001064240001142025,1
15.391961574554443,0.23171021044254303,-0.0016897573368623853,0.5240230560302734,-0.04850322384514515,-0.029763909015850108,-0.0017577203265363988,0.01767367096020145,0.1656212959142449,0.021640839673025436,-0.0984414666891098,0.08463276177644731,0.08030755817890166,-3.2828314439429818,0.30856084929282157,25.704945557875746,0.0062080923880177726,0.11379561714609135,-0.050521961126950496,0.0009949060040526092,1
15.401971101760864,0.23171021044254303,-0.0016897573368623853,0.5240230560302734,-0.04850322384514515,-0.029763909015850108,-0.0017577203265363988,0.01767367096020145,0.1656212959142449,0.021640839673025436,-0.0984414666891098,0.08463276177644731,0.08030755817890166,-3.2830605374099866,0.31529793739400636,25.701572696797896,0.006239394548930128,0.1135547167160597,-0.05032016673966912,0.0010030749981524423,1
15.411952018737793,0.23171021044254303,-0.0016897573368623853,0.5240230560302734,-0.04850322384514515,-0.029763909015850108,-0.0017577203265363988,0.01767367096020145,0.1656212959142449,0.021640839673025436,-0.0984414666891098,0.08463276177644731,0.08030755817890166,-3.28333439020969,0.3212147618350636,25.70016984456287,0.006254950313167481,0.11352306542274807,-0.050279975871589125,0.0009980479953810573,1
15.42195200920105,0.2301507294178009,-0.0036793157923966646,0.5236952900886536,-0.04397005939290654,-0.03131313636879526,0.0009513345493130824,0.014909919627261292,0.16783229649464992,0.023689292174638332,-0.09868530184030533,0.06630402803421022,0.05870817601680755,-3.2833527012555814,0.3287149077263306,25.69148531024369,0.01022948482293759,0.11624673018969334,-0.04338591379358963,0.0010485289967618883,1
15.431946039199829,0.22981801629066467,-0.004155143164098263,0.5236208438873291,-0.03830593072058207,-0.0306027681593938,-0.003363919484211781,0.013623812453910755,0.16886441287191456,0.024533227806172064,-0.100009024143219,0.060912024229764945,0.05382855981588363,-3.2923107298135466,0.3352932623121729,25.7026721945353,0.012909456099374994,0.11671345395894223,-0.04047978453219127,0.0009884120008791797,1
15.44196343421936,0.2295159101486206,-0.004645131528377533,0.5234951376914978,-0.03910322485138695,-0.03237404308805257,-0.006094357905156842,0.012616375458303963,0.16955893251535414,0.025017471698262295,-0.10783140361309052,0.07244499772787094,0.048277787864208214,-3.302927797821241,0.34233479512611903,25.717098066884898,0.017006535020338363,0.11227690175454819,-0.03779226471679581,0.0010096389960381202,1
15.4519624710083,0.2292202264070511,-0.0051274714060127735,0.523389458656311,-0.03612693393336715,-0.03061665418265143,-0.004388534257134111,0.011729755845320433,0.17031867353454766,0.02545665915105655,-0.09911466389894485,0.06233817338943482,0.042122729122638695,-3.3119830890560515,0.3477102773137749,25.71713161782227,0.01616452588539169,0.11379069049769405,-0.035516495855355185,0.0010041229979833588,1
15.461968421936035,0.22896938025951385,-0.005594967398792505,0.5232617855072021,-0.03271643444045358,-0.03070297276414924,-0.00905467770475607,0.010848529325158562,0.17081999967353,0.025851173124364912,-0.09911679476499557,0.06200321763753892,0.03797525167465209,-3.327439147489855,0.35298197230742373,25.73323114195789,0.017269965824459672,0.1132774045568025,-0.03361847578318766,0.001047691999701783,1
15.471975326538086,0.2287418395280838,-0.006053923163563013,0.5231088995933533,-0.03156245501197733,-0.0294874105979458,-0.008626070545990846,0.009460017699535417,0.1719231450673293,0.026299795599165954,-0.09665538370609283,0.06754182279109955,0.02775264158844947,-3.341849633730489,0.3565707263814838,25.738643356604225,0.018677624206941277,0.11002638899787534,-0.0297034710583331,0.0012947950017405674,1
15.48208999633789,0.2285299152135849,-0.006501723080873489,0.5229594707489014,-0.030342824803172977,-0.028920918780342277,-0.009491565108105315,0.00859795364435767,0.17257393166157664,0.026566525359888793,-0.09367385506629944,0.0662478432059288,0.025225782766938203,-3.3541963537610484,0.3597249496208854,25.74047304971071,0.01885611750841299,0.10961469980933672,-0.029005920706882727,0.0014553180008078925,1
15.491946697235107,0.2285299152135849,-0.006501723080873489,0.5229594707489014,-0.030342824803172977,-0.028920918780342277,-0.009491565108105315,0.00859795364435767,0.17257393166157664,0.026566525359888793,-0.09367385506629944,0.0662478432059288,0.025225782766938203,-3.3670436245458673,0.36236737349173903,25.744443839431636,0.019141822374593276,0.10908859985076806,-0.02798541712641993,0.001022345997625962,1
15.50202751159668,0.2283456027507782,-0.006936404388397932,0.5228056907653809,-0.025125790399139713,-0.027974458423247087,-0.009896012872534296,0.007721877395407084,0.17318220071798063,0.026715105832593178,-0.08727449178695679,0.060396865010261536,0.016297914087772362,-3.3824156913981667,0.36435901363897977,25.747381935684942,0.018527407397500556,0.1098812530324859,-0.024804936434038995,0.0011191209996468388,1
15.51206088066101,0.22820761799812317,-0.007357657887041569,0.5226315855979919,-0.02391322525753151,-0.0278680902481566,-0.01291615108010296,0.006853017532942207,0.17379668082624145,0.026819398128981042,-0.08481384068727493,0.0521685816347599,0.006512968800961965,-3.3999947126614125,0.36620719626044074,25.75917090485645,0.0190002217484036,0.1117003934703651,-0.02079666634181786,0.0011393690001568757,1
15.521950006484985,0.22798269987106323,-0.008144985884428024,0.5223538875579834,-0.017095541710956157,-0.023340676033384737,-0.010966939477769416,0.006074816317190201,0.1743329483319278,0.026856471090512368,-0.08699223399162292,0.05271736532449722,0.0030774422921240265,-3.4183037392032545,0.3650733782370999,25.757550471323444,0.020939207065929877,0.11089195363970265,-0.018559470436172367,0.0011304319996270351,1
15.531946897506714,0.2279270440340042,-0.00851762667298317,0.5222083330154419,-0.01719847889976404,-0.02346522554429518,-0.00852881789451055,0.004490211041068282,0.17524335805046043,0.026809144897361747,-0.06673948466777802,0.04023447260260582,-0.0067513352259993605,-3.43178004387532,0.3643096035009139,25.74866033184603,0.017141294100930283,0.11358028637399645,-0.014941741317147645,0.0015872830044827424,1
15.542292356491089,0.22788913547992706,-0.008860863745212555,0.5221189260482788,-0.01356647539332201,-0.019965311568431832,-0.0053405385432892735,0.004490211041068282,0.17524335805046043,0.026809144897361747,-0.06673948466777802,0.04023447260260582,-0.0067513352259993605,-3.4429529174489555,0.36155210301470847,25.73380892398635,0.01674790642899237,0.11388362767021003,-0.014200134136295834,0.0009889009961625561,1
15.55216908454895,0.22789150476455688,-0.009183583781123161,0.5220209360122681,-0.01051777048034862,-0.019629426327069988,-0.007194607803844681,0.0035497688603500777,0.17562523377978545,0.0265960372521854,-0.062289606779813766,0.030580729246139523,-0.017101656645536426,-3.457197463042475,0.358865903151195,25.733926019442823,0.016747590884596437,0.11633164559408202,-0.010318564790848077,0.0008271219994639978,1
15.561957597732544,0.22792601585388184,-0.009485797956585884,0.5219466686248779,-0.007780839235944405,-0.01693135874887237,-0.0038039957407860073,0.0029459852703577205,0.175965728590179,0.026363762797242618,-0.05176111310720444,0.015672601759433743,-0.02051138319075108,-3.4676019088308694,0.35492717136633894,25.722017505634696,0.014403752675974092,0.12086048230346962,-0.008429077455134675,0.0010028659962699749,1
15.571959257125854,0.22798669338226318,-0.00976219680160284,0.5219002962112427,-0.006178015385551671,-0.01597185621308783,-0.0032337532311639845,0.0023105473532671894,0.17608602646601712,0.025932565412948083,-0.035231251269578934,0.00943441782146692,-0.029384804889559746,-3.4774626660050867,0.35123312345299246,25.714926983251008,0.009997667258880695,0.12324140321319725,-0.005108202169880918,0.000995533999230247,1
15.581963539123535,0.22807428240776062,-0.010019602254033089,0.5218645930290222,-0.0019171484955381958,-0.013088601648861707,-0.002871639508913018,0.0018932010189538495,0.17617161679834314,0.025518031623833703,-0.03184846416115761,0.006455627270042892,-0.037652865052223206,-3.4889714130932816,0.3459924607077649,25.710317982023504,0.009167453320484763,0.12425531139331798,-0.0013887054837020182,0.0010037040046881884,1
15.59196138381958,0.22807428240776062,-0.010019602254033089,0.5218645930290222,-0.0019171484955381958,-0.013088601648861707,-0.002871639508913018,0.0018932010189538495,0.17617161679834314,0.025518031623833703,-0.03184846416115761,0.006455627270042892,-0.037652865052223206,-3.4990936814363987,0.34139399131222603,25.70811421478456,0.009042430122126993,0.12441536169000972,-0.0006855495441432551,0.0010132690003956668,1
15.601960897445679,0.22820205986499786,-0.010247558355331421,0.5218201279640198,-0.00019128848216157696,-0.012298214251023428,-0.004693754006669983,0.0017136346983690487,0.17617495082592782,0.025308971158498395,-0.033471498638391495,-0.005377248860895638,-0.038725510239601135,-3.51084173954728,0.33690707274832765,25.713174790468063,0.00980629433341415,0.12806355311247986,2.1845088011175216e-05,0.0010412679985165596,1
15.611961841583252,0.22833846509456635,-0.01046542264521122,0.5217890739440918,0.0021012581419698594,-0.010223078541563837,-0.0013667951563146547,0.0011801330921983322,0.1761667171500445,0.024597928151822934,-0.022186435759067535,0.0014520331751555137,-0.05418681353330612,-3.5194850335138206,0.3315867392490327,25.703513688534567,0.007446686792497853,0.12640726269606237,0.005570106938063632,0.0009979780006688088,1
15.621963024139404,0.22833846509456635,-0.01046542264521122,0.5217890739440918,0.0021012581419698594,-0.010223078541563837,-0.0013667951563146547,0.0011801330921983322,0.1761667171500445,0.024597928151822934,-0.022186435759067535,0.0014520331751555137,-0.05418681353330612,-3.5272128117774617,0.32690344784339304,25.699308479518535,0.0071156568046649325,0.12620456300980903,0.006627094615460501,0.0010133390023838729,1
15.63197374343872,0.22907492518424988,-0.01093219593167305,0.5218915343284607,0.011267364847127492,-0.00347082686702793,-0.005048846106103458,0.0005978548044933696,0.17622760333264953,0.023384558139269984,-0.015307439491152763,-3.6999583244331516e-05,-0.06355451047420502,-3.545246587632075,0.3182388287264375,25.70876353346617,0.0061093617966670585,0.12618358545300293,0.010678854471482105,0.0011304319996270351,1
15.641963958740234,0.22938032448291779,-0.011037846095860004,0.5219103097915649,0.01455476664250943,-0.0034347827976212906,-0.00884402119590161,0.0003844906483165822,0.17601547250794614,0.022240759550274714,-0.005147725343704224,-0.00753722246736289,-0.07646910846233368,-3.5669778959018283,0.31062357410580504,25.724759155702206,0.0033390584440157124,0.1286629834500976,0.016167219670759694,0.0010018879984272644,1
15.651941776275635,0.22971147298812866,-0.011124505661427975,0.5219219923019409,0.016698477520101684,-0.0006130126380660542,-0.0066783903874541575,0.00017967218320080747,0.17609073696195887,0.021368209051419118,0.003165347734466195,-0.004391000606119643,-0.08312729746103287,-3.585213828729147,0.30192408886288347,25.723081251708322,0.0008688250172681788,0.1279043514827314,0.019776337168377362,0.0010125709959538653,1
15.66195559501648,0.23004655539989471,-0.0111739756539464,0.521937906742096,0.017512479697398383,0.001186811852139161,-0.007070189067967616,4.1223623279851296e-05,0.17604255346668563,0.020522207871763953,0.001845161197707057,-0.004820687230676423,-0.086030974984169,-3.6024102927631763,0.29263432366907255,25.723085344582856,0.0012333541830248434,0.12799787652040712,0.022021070021094026,0.0010461560013936833,1
15.671964645385742,0.23041214048862457,-0.011202993802726269,0.5219521522521973,0.023101076334138895,0.00347647493516291,-0.00764239798949689,-9.20655812608473e-06,0.17591032786517413,0.01953818790924089,0.010682160966098309,-0.015274299308657658,-0.09820656478404999,-3.6217718977323705,0.28288196377804803,25.724003027745837,-0.0011033525791563316,0.13126520243362239,0.02681992017142869,0.0012093320037820376,1
15.68196725845337,0.23080703616142273,-0.011193178594112396,0.521942675113678,0.023454889502645133,0.00492284030992635,-0.00841784322386068,-0.00014373592550809278,0.1757921695584992,0.01842061681243745,0.010648424737155437,-0.016669716686010375,-0.10802071541547775,-3.6400298977123446,0.2727381906410225,25.72649500731771,-0.0009936040329188145,0.13231374357717055,0.031700320606959494,0.0009720040034153499,1
15.69194221496582,0.23120485246181488,-0.011170226149260998,0.5219696760177612,0.025789990969698518,0.00759866509671811,-0.0034336612720772346,-0.00012951125753879467,0.17572399539546657,0.01736893413358276,0.017077304422855377,-0.015192531049251569,-0.10505475103855133,-3.6524968961211184,0.26189585831327045,25.709612587774227,-0.0029983343214101937,0.1320727040126293,0.032029145793418236,0.0013118320057401434,1
15.702023029327393,0.23164349794387817,-0.011096536181867123,0.5219968557357788,0.031196847557157764,0.010286559351004665,-0.006762121806591497,-0.0002259310215602106,0.17526822345502113,0.01551125417769983,0.017548201605677605,-0.03286806866526605,-0.1235259547829628,-3.670589659050634,0.24959269695100672,25.713145299410765,-0.002841345456619261,0.13795771514568264,0.039370902669643534,0.0011344119993736967,1
15.712062120437622,0.23209387063980103,-0.011009396985173225,0.522016704082489,0.030124597272240258,0.010616732754426558,-0.003645947582150544,-0.0003575257980354962,0.17504018341556327,0.014217501927157095,0.015267136506736279,-0.03312239050865175,-0.1272183060646057,-3.686285154368382,0.23881443829165122,25.714119706198655,-0.002837188677514964,0.13878552479673248,0.04072124493774302,0.0011219840016565286,1
15.721945762634277,0.23209387063980103,-0.011009396985173225,0.522016704082489,0.030124597272240258,0.010616732754426558,-0.003645947582150544,-0.0003575257980354962,0.17504018341556327,0.014217501927157095,0.015267136506736279,-0.03312239050865175,-0.1272183060646057,-3.6960804218280203,0.22838247424265645,25.70340712679871,-0.0019046498399762895,0.1393642161788081,0.043043917822562686,0.0010479720003786497,1
15.732041358947754,0.2325482815504074,-0.01087878830730915,0.5220732092857361,0.03360205136505648,0.015203026152736415,-0.0018370042652894449,-0.0003932424110426602,0.17455756171796644,0.012916548835685937,0.013833608478307724,-0.041629027575254454,-0.13117241859436035,-3.705130980930234,0.21528241866661,25.69201258719856,-0.0010878701600116004,0.1426255819205764,0.04560477469669366,0.002843257003405597,1
15.742248058319092,0.2340245395898819,-0.010303167626261711,0.5222301483154297,0.03918328491606037,0.020956728668639076,-0.0011277958024265148,-0.0006902312205876449,0.1732027706325039,0.009127907257896695,0.010691341012716293,-0.06738763302564622,-0.14931616187095642,-3.715574416779225,0.19954791370541916,25.685169930206282,-0.0017834200645462112,0.14802628498722936,0.052016857106313874,0.003208011003152933,1
15.752172946929932,0.2340245395898819,-0.010303167626261711,0.5222301483154297,0.03918328491606037,0.020956728668639076,-0.0011277958024265148,-0.0006902312205876449,0.1732027706325039,0.009127907257896695,0.010691341012716293,-0.06738763302564622,-0.14931616187095642,-3.7252337745659303,0.18343373443189567,25.680422739095704,0.0007948174430818912,0.153431344829833,0.05569571632827347,0.0008075720033957623,1
15.761975049972534,0.23454682528972626,-0.010055731050670147,0.5222844481468201,0.042089249817733904,0.024074228506141344,-0.0035976326598154236,-0.0009469179716705689,0.17252521143679678,0.007525517850779817,0.008869718760251999,-0.06707900017499925,-0.15368494391441345,-3.7385617230938624,0.16596678807483387,25.68624375342941,0.002216215883158821,0.15481480450880541,0.05885536725798197,0.0011110220002592541,1
15.771963596343994,0.23508600890636444,-0.009778918698430061,0.5223174691200256,0.04262830307480452,0.024487430247368373,-0.0029912647592788798,-0.0011314276218272745,0.17190132944030445,0.005814113930939779,0.014971758238971233,-0.06713690608739854,-0.16852842271327972,-3.749863909133299,0.149426881831044,25.686024716034677,0.0010170722266841228,0.15582066479658913,0.06519759405417011,0.000994276997516863,1
15.78196406364441,0.23561429977416992,-0.009481631219387054,0.5223676562309265,0.04406544934474704,0.02818008140478569,-0.0012419094310980455,-0.0013854175807734848,0.17133279558502235,0.004078484828450968,0.010449821129441261,-0.0640307813882828,-0.17236806452274323,-3.759121197675735,0.1309302149212065,25.679334732944223,0.0027553310980555253,0.15570690561949843,0.06890999714600508,0.0010245110024698079,1
15.791974544525146,0.23617401719093323,-0.009140729904174805,0.5224006175994873,0.04770741606980444,0.029713386672280167,-0.00616333840946001,-0.0015605832788385676,0.17066214089688625,0.002318178304833385,0.009246060624718666,-0.05728011950850489,-0.17344218492507935,-3.7754760649859604,0.11236522569638646,25.692806935165468,0.003625005373649171,0.1542755703344095,0.07103079261613852,0.000991834000160452,1
15.801966667175293,0.23673303425312042,-0.008791937492787838,0.5224097371101379,0.04626401882867755,0.03129440173545354,-0.0038867639064503173,-0.0018395036491436478,0.17016464166192025,0.000494614691652906,0.019805006682872772,-0.058741655200719854,-0.1821383535861969,-3.7860947892075605,0.09406481226824154,25.69016154129789,0.0010011518608194106,0.1552608568941133,0.07510848251216706,0.0010624240021570586,1
15.811954975128174,0.23728910088539124,-0.008401826024055481,0.5224422216415405,0.04804889856147415,0.03501274436622237,-0.003929631884680786,-0.001837014477718668,0.16968038502257476,-0.001407516989738511,0.020431390032172203,-0.04535096883773806,-0.18557719886302948,-3.795394242213907,0.07799318640397734,25.688796493031415,0.0006289231563199197,0.15543171311827836,0.07589530618331207,0.00298395000572782,1
15.821962356567383,0.23785452544689178,-0.007991045713424683,0.5224612355232239,0.04985486693633589,0.03550842401122016,-0.0054702403493319725,-0.002076221123575639,0.16894641861225868,-0.004237568898374011,0.020391734316945076,-0.04665011167526247,-0.1858072131872177,-3.8055749269017562,0.06004230115217435,25.687855061753467,0.0005716795092758116,0.15183770914729272,0.07826666348425557,0.0012069580043316819,1
15.831963062286377,0.23785452544689178,-0.007991045713424683,0.5224612355232239,0.04985486693633589,0.03550842401122016,-0.0054702403493319725,-0.002076221123575639,0.16894641861225868,-0.004237568898374011,0.020391734316945076,-0.04665011167526247,-0.1858072131872177,-3.8172853224753736,0.04223363130905404,25.692289465118034,0.0008452569135681156,0.15264126013056725,0.08047890951884158,0.0010039830012829043,1
15.841961145401001,0.23842933773994446,-0.007556362077593803,0.5224702954292297,0.049754481532115875,0.038014624218237494,-0.005682781278912759,-0.0021895018576421066,0.1685692194259838,-0.006162318516522269,0.02598755992949009,-0.03838930279016497,-0.19112804532051086,-3.8280816595398894,0.023672105245755585,25.69448294084827,-0.00052844977314788,0.1506650379910031,0.08362233030125418,0.0010350539960199967,1
15.851969242095947,0.23954622447490692,-0.006632758770138025,0.5225183963775635,0.05147590117603402,0.04308371246546507,-0.0046886064555241354,-0.002270299232964401,0.1682422248595068,-0.008118313113416153,0.022973546758294106,-0.028144080191850687,-0.19236817955970764,-3.8386189830346935,0.0016345004624977108,25.691297792492655,0.0005158024132979014,0.1475729166476918,0.08590398303200739,0.0010323310052626766,1
15.861971378326416,0.24010755121707916,-0.0061318171210587025,0.522529661655426,0.04945812377399989,0.04180624710085851,-0.004847891857001976,-0.002490522328260081,0.16778898926794739,-0.01100832314925837,0.014899441041052341,-0.021417848765850088,-0.1832900494337082,-3.8469713493431685,-0.01881366818119047,25.690361948014306,0.0031672989082031384,0.14571295272703727,0.08523908070206766,0.001064588999724947,1
15.871964693069458,0.24064449965953827,-0.005617798771709204,0.5225757360458374,0.048410542303626125,0.045462530062087975,0.0002239974821603459,-0.0026812961086641884,0.1676801565574646,-0.012904150682663929,0.017191912978887558,-0.022040620446205163,-0.1856658160686493,-3.8484463232299944,-0.04064863411739116,25.672215205031005,0.0031869641163622844,0.1458544879689899,0.08696186773410348,0.0010629140015225857,1
15.88202953338623,0.2411728799343109,-0.005075118038803339,0.5226308107376099,0.04962131380067712,0.04614414645290757,-0.0019706704072706468,-0.002789349974527955,0.16743316205143444,-0.014811336772157624,0.019319364801049232,-0.014059327542781852,-0.18633568286895752,-3.853791879900253,-0.06172755952575512,25.671902070678488,0.0026930474175025742,0.14364246338877107,0.08855213360682196,0.0011309210021863692,1
15.891979455947876,0.24170154333114624,-0.004513499792665243,0.5226778984069824,0.048671573401646365,0.04917944213192293,-0.0005739505137730785,-0.0029845551548515203,0.16731751050169663,-0.016594350209961917,0.016795162111520767,-0.01236240752041342,-0.17206811904907227,-3.8566072352908263,-0.08382437354634942,25.66668121910817,0.0034709599636549393,0.1430054936694657,0.08527372024299988,0.001696136998361908,1
15.901979207992554,0.24219384789466858,-0.003935943823307753,0.5227438807487488,0.04553370185575994,0.048768889027783584,0.0016289149007990618,-0.0031715742683222636,0.1671640620071968,-0.018275643548698817,0.011721072718501091,-0.01821088045835497,-0.16658848524093628,-3.854627482093985,-0.10445021692274112,25.656844562293923,0.005244320986579735,0.1450693400534085,0.08398021629266716,0.0009828269976424053,1
15.912328004837036,0.2426658719778061,-0.003340220544487238,0.5228205919265747,0.047226015553779935,0.05293960855699642,0.0012177593378293438,-0.0031715742683222636,0.1671640620071968,-0.018275643548698817,0.011721072718501091,-0.01821088045835497,-0.16658848524093628,-3.8550188895109616,-0.12635141247654924,25.65377687435026,0.0056241690219844005,0.14526995826213193,0.08372783728516073,0.0016284780067508109,1
15.92209005355835,0.24313241243362427,-0.0027133626863360405,0.5228779911994934,0.045046709516992155,0.05269074058123451,-0.0005392076126335251,-0.0036302271024228894,0.16652007356632748,-0.022293778279979026,0.0070159705355763435,-0.025521198287606257,-0.1435408890247345,-3.8552097910573364,-0.14787244703762575,25.658491571015006,0.007255802971526748,0.1484784705166137,0.07856646422309278,0.0010523699966142885,1
15.932018995285034,0.24355389177799225,-0.002090396359562874,0.5229487419128418,0.042859260120104214,0.05487439397938464,0.0031268185970360703,-0.003863939644115355,0.1661464910354944,-0.02378756966904705,0.0021686432883143425,-0.031906090676784536,-0.14392997324466705,-3.855295878667243,-0.1667236750193719,25.66041060912444,0.007466205884950096,0.14890388522569367,0.07755487737759972,0.001578764000441879,1
15.942227602005005,0.24396848678588867,-0.0014315028674900532,0.5230154991149902,0.043996077073246556,0.05712863422350654,-0.0012131672853365042,-0.004060763012765367,0.16572443034595175,-0.025243429966651743,0.0017529269680380821,-0.034770298749208464,-0.13747701048851013,-3.849682775909048,-0.18638919955585637,25.64849154147557,0.009365664967922079,0.1515400808511953,0.0785693533819069,0.0013919889970566146,1
15.952153444290161,0.24437251687049866,-0.0007666150340810418,0.5230509638786316,0.04152364291175956,0.05757168297193948,-0.0008665022181233112,-0.004390089523806928,0.16545024078554382,-0.026555415411173122,-0.006701130419969559,-0.0325962044298649,-0.12237963825464249,-3.8501582285461358,-0.20683501506826826,25.658278794361813,0.009940293159786708,0.1532580217172795,0.07749022176197409,0.0014372339937835932,1
15.961961269378662,0.24437251687049866,-0.0007666150340810418,0.5230509638786316,0.04152364291175956,0.05757168297193948,-0.0008665022181233112,-0.004390089523806928,0.16545024078554382,-0.026555415411173122,-0.006701130419969559,-0.0325962044298649,-0.12237963825464249,-3.848411654363457,-0.2267616121271779,25.661101306342275,0.012791444171605645,0.15324959943391905,0.07335919671537403,0.0008702720006112941,1
15.971949100494385,0.24509485065937042,0.0006048647919669747,0.523113489151001,0.039834585075556046,0.06004423266982105,-0.0037371593640132925,-0.004660764096182657,0.16506823713663143,-0.02775556327819162,-0.008254178799688816,-0.029273554682731642,-0.1214807778596878,-3.8488673406301035,-0.2485238429763561,25.67198210529103,0.014074754742111187,0.15272816220422336,0.07307706221446582,0.0009838039986789227,1
15.981948852539062,0.24544498324394226,0.0013247409369796515,0.5231094360351562,0.038855042314080074,0.06246574593179257,-0.006028022287078914,-0.005058098519179488,0.164579037535316,-0.029615453291260696,-0.011049590073525906,-0.029972914606332793,-0.11380865424871445,-3.850450209819823,-0.27127651360821525,25.684389951423896,0.015541048482071789,0.15352694727760363,0.07173137682716595,0.0010280720016453415,1
15.991946697235107,0.24575577676296234,0.002044050022959709,0.5231001377105713,0.03519945593801861,0.06148557733465138,-0.004636714455949137,-0.005429247751951305,0.16426649482318378,-0.03057032997847875,-0.009371035732328892,-0.03566454350948335,-0.09454948455095291,-3.8473529954062604,-0.291661464904539,25.684969326550252,0.015277692994560237,0.1559410420473985,0.06564049878264125,0.0010127810019184835,1
16.002034664154053,0.24605150520801544,0.0027904098387807608,0.5230885744094849,0.03720655295901583,0.0661603210501866,-0.007830941169444381,-0.005695090276952808,0.1638154824329634,-0.03159087267729621,-0.01619555614888668,-0.036187861114740386,-0.0994376391172409,-3.8490884431365804,-0.3149018556559402,25.696140448673678,0.01797119675818913,0.15693536236905334,0.06702550916219084,0.0010714320014812984,1
16.01202130317688,0.2463345229625702,0.003549408633261919,0.5230461955070496,0.033384583903053364,0.06440339225997962,-0.009055724014873942,-0.006240475963469105,0.16320684341278247,-0.03297883413294711,-0.017789604142308235,-0.03951519355177881,-0.08622708171606064,-3.848589456324005,-0.33573304998774284,25.70535273263125,0.019177876170470138,0.1590163810601451,0.06384218881846677,0.0010418969977763481,1
16.021968364715576,0.24657480418682098,0.004318072460591793,0.5230245590209961,0.03144929191464321,0.06860458098176678,-0.005910473791246193,-0.006425459840268211,0.16269471729810236,-0.03373471893784519,-0.013513107784092426,-0.042310569435358054,-0.0735396072268486,-3.843041202993931,-0.3579468298106194,25.698606310796034,0.018166255797463726,0.16090808168493645,0.05938629924677337,0.00112212300155079,1
16.031965970993042,0.2468033879995346,0.0051126256585121155,0.5229976177215576,0.03063450198194392,0.06898538760412923,-0.00867681430175107,-0.006632173985771761,0.16237467394810956,-0.03407124917440951,-0.01610013097524643,-0.054947555065155036,-0.07050782442092896,-3.838388656000433,-0.3774475127225936,25.695952251347787,0.018018828085441394,0.16116137015690618,0.058545258912618775,0.0011629000000539236,1
16.04196548461914,0.2468033879995346,0.0051126256585121155,0.5229976177215576,0.03063450198194392,0.06898538760412923,-0.00867681430175107,-0.006632173985771761,0.16237467394810956,-0.03407124917440951,-0.01610013097524643,-0.054947555065155036,-0.07050782442092896,-3.8360449064206392,-0.39632211717038196,25.70465449690502,0.018991552536424188,0.16557416381063553,0.057697687974160784,0.0010595620042295195,1
16.05195689201355,0.2470136284828186,0.005919183604419231,0.522957444190979,0.029449578436345485,0.07123200586885146,-0.007683379516084946,-0.007088818886864079,0.1614895639050853,-0.0350885188126,-0.019190749153494835,-0.05921624600887299,-0.05844896286725997,-3.83134575256452,-0.4161336701013135,25.705175848647546,0.02052202115647646,0.16869207326779734,0.05434583854303638,0.0010491580032976344,1
16.061944007873535,0.24735602736473083,0.007569777313619852,0.5229202508926392,0.025917051579690348,0.07410357132688565,-0.0048346070143244,-0.007604374321237284,0.16009806742066734,-0.03585773838631878,-0.019465647637844086,-0.07631915807723999,-0.03417792916297912,-3.8233054522883103,-0.43458267169993486,25.700618707493856,0.02083876819187478,0.1703633755575564,0.04692708466862761,0.0012425669992808253,1
16.07195806503296,0.24735602736473083,0.007569777313619852,0.5229202508926392,0.025917051579690348,0.07410357132688565,-0.0048346070143244,-0.007604374321237284,0.16009806742066734,-0.03585773838631878,-0.019465647637844086,-0.07631915807723999,-0.03417792916297912,-3.8136355151759256,-0.4541251053123303,25.69456759358841,0.021167015341915566,0.17660258426791337,0.044830789605960604,0.0010414779972052202,1
16.081947803497314,0.24758261442184448,0.009274529293179512,0.5229124426841736,0.01935983848687169,0.07600405803658501,-0.00048352401305340963,-0.007865344043232358,0.15927921966422076,-0.03617352493462933,-0.014647171832621098,-0.08601837605237961,-0.028616666793823232,-3.7956537027967103,-0.4745852113268968,25.67794344375261,0.020039555327519408,0.18177482102166806,0.04270734252444633,0.0011076020018663257,1
16.09274673461914,0.24765458703041077,0.01015658862888813,0.52292799949646,0.01833942712689798,0.07733482869743383,-0.0034113029320650273,-0.008060273041630595,0.15790209972520275,-0.036297515529587265,-0.017979467287659645,-0.08493368327617645,0.0010101090883836254,-3.7817748436414536,-0.49485440664032393,25.68175288730741,0.02066164638815884,0.18392122774223432,0.03271932284881108,0.0013183970004320145,1
16.101956844329834,0.24768652021884918,0.01103521790355444,0.5229361653327942,0.013915922856795866,0.07753095023006613,0.0002118545463550493,-0.008263690106780963,0.15693898291613717,-0.036255153382718674,-0.007653245702385902,-0.10284263640642166,0.00335787585936488,-3.7616289892206027,-0.5133393300163247,25.671628500668266,0.017784716155683663,0.19118898760266817,0.029749207564866997,0.001045598997734487,1
16.111941814422607,0.24768447875976562,0.011934923008084297,0.5229709148406982,0.011213154673841588,0.07977449146467354,1.4690844573189657e-05,-0.008319985265570207,0.1558318412314743,-0.036150238815993774,-0.00872043427079916,-0.10786773264408112,0.014324038289487376,-3.7416767341561084,-0.5323126068422785,25.668801769447604,0.017688623518078306,0.19516647753146665,0.02560056665796122,0.0009840839993557893,1
16.12213659286499,0.24765177071094513,0.012846256606280804,0.5229935050010681,0.009546060455145835,0.08060620720104464,-0.00026507572384675985,-0.008388769549209751,0.15469658796172592,-0.03581972281058077,-0.011892815120518208,-0.1064133495092392,0.034161880612373366,-3.7227997980877667,-0.5506491863267328,25.669211835760034,0.018411714382936976,0.19666242869506798,0.01816886841569236,0.001166741996712517,1
16.131980895996094,0.24759426712989807,0.01377064734697342,0.5230084657669067,0.0055904585351106454,0.08149765430471435,-0.001999469093104536,-0.008445110391961386,0.15308591197028454,-0.035269183376998026,-0.005963528528809547,-0.10610509663820267,0.036989454180002226,-3.70414993868807,-0.5682125326021592,25.676204626727824,0.016735015564740215,0.19884230203820863,0.0153349448608653,0.0011897130025317892,1
16.14220666885376,0.24748708307743073,0.014691313728690147,0.5230171084403992,0.0019679514222427394,0.08162625132957572,-0.0003931891386204644,-0.008488076583649473,0.15257387168598324,-0.03501477420982679,-0.006970359943807125,-0.1068153828382492,0.045117959380149855,-3.6832785651400997,-0.5841476490820428,25.674275492797676,0.016718938390598164,0.19990385581013,0.01213046662403743,0.002574651996837929,1
16.152018308639526,0.24748708307743073,0.014691313728690147,0.5230171084403992,0.0019679514222427394,0.08162625132957572,-0.0003931891386204644,-0.008488076583649473,0.15257387168598324,-0.03501477420982679,-0.006970359943807125,-0.1068153828382492,0.045117959380149855,-3.6651296697746387,-0.5987032633592042,25.673921543768056,0.016728490039804464,0.20017597317665026,0.011413933859377806,0.0008333369987667538,1
16.16193699836731,0.24736377596855164,0.015634305775165558,0.5230193138122559,0.001465898504242387,0.08390761910377986,-0.004863828999203282,-0.00835442411237075,0.15088167368723404,-0.03412735279847867,-0.0036412288900464773,-0.10283617675304411,0.06536719948053361,-3.6521506064152502,-0.6139322690507287,25.689835924419093,0.0152260571330566,0.2007735510974982,0.003906530943325977,0.0010252100037178025,1
16.17194104194641,0.24721091985702515,0.01657855324447155,0.5229782462120056,-0.0036328944981430726,0.08280686289735588,-0.005958850503421548,-0.008248698181880343,0.14997778762262248,-0.03339449128449612,0.006263076327741146,-0.0962109863758087,0.0735655575990677,-3.637586754525401,-0.6269578318629823,25.701084457146777,0.01166315424766661,0.19990753791957466,-0.000978332487010838,0.0010046120005426928,1
16.181941986083984,0.24701055884361267,0.017531171441078186,0.5229421854019165,-0.006551987148470901,0.08529501411092687,-0.006252297597323406,-0.008018799710632685,0.14889338663366747,-0.03258950884491618,0.008972401730716228,-0.0939204692840576,0.08243129402399064,-3.622090407001753,-0.6408557737276808,25.70755087025635,0.010025400907564413,0.2003175274643032,-0.005377415412444028,0.001032751999446191,1
16.191941022872925,0.246530219912529,0.019466659054160118,0.5228087306022644,-0.011926542020109426,0.08660068363325472,-0.0100789414568218,-0.0077823476649938605,0.1479646507435488,-0.031628180523990856,0.015977252274751663,-0.09136857092380522,0.09935858100652696,-3.6073972423873237,-0.6558032097294754,25.724821267108506,0.007098230512244114,0.20073923087586681,-0.012634198358702407,0.0010361020031268708,1
16.201947927474976,0.2462342083454132,0.020435916259884834,0.5227349996566772,-0.017562757987480557,0.08599003410773372,-0.00907933590270388,-0.007283022436439968,0.14661515493118138,-0.030019140434359937,0.02031031809747219,-0.088171549141407,0.10854930430650712,-3.5885179750280396,-0.6685788895029966,25.729711651472993,0.004584000836832164,0.2014265016859094,-0.01821515961042475,0.001046576006046962,1
16.211949110031128,0.24590973556041718,0.02141779288649559,0.5226694345474243,-0.017789425257724898,0.08820455523834722,-0.00952176365503881,-0.006789502372110512,0.1457394856557528,-0.028815588933477798,0.02730085328221321,-0.08083935827016829,0.12119060009717943,-3.5717785075884922,-0.6816722673210714,25.73414539737827,0.00133465715849755,0.2001464121714373,-0.02448155822481832,0.0010115949989994988,1
16.22194766998291,0.24555982649326324,0.022400077432394028,0.5225884318351746,-0.023681253111201346,0.08586829905171138,-0.009896003417020943,-0.0062924858299928665,0.14491427673657054,-0.027556649093922747,0.03170446306467056,-0.07427295297384261,0.12586906552314758,-3.5528923468421265,-0.6918360978299128,25.738524147849738,-0.001229606152083374,0.1989887981865172,-0.02819287530283296,0.001040920993546024,1
16.231948852539062,0.24515807628631592,0.023383833467960358,0.5225316882133484,-0.027275448562418345,0.08824782822956921,-0.00683559780134351,-0.005760732270019275,0.1442063352295775,-0.026167682895045452,0.039402637630701065,-0.06941612809896468,0.1394832879304886,-3.5305790854675596,-0.7024655675590319,25.73086726322401,-0.0047367035451437185,0.19817829839901788,-0.034554379097383466,0.0010068470000987872,1
16.241946697235107,0.24473007023334503,0.024368802085518837,0.5224761962890625,-0.029731845402060447,0.08700094376662765,-0.008354142045978513,-0.005084316121626742,0.1434114951284835,-0.024706108925827586,0.04251682013273239,-0.06590022891759871,0.14521518349647522,-3.5103489158313694,-0.7112500623025181,25.734060041125126,-0.007153155146167933,0.19787662100074002,-0.038761590828050085,0.0010432249982841313,1
16.251953601837158,0.24427902698516846,0.02535419352352619,0.522422194480896,-0.032219975991073,0.08804712454563199,-0.006587747812157994,-0.004410830626230489,0.1428404978758544,-0.023181327079559555,0.05263553559780121,-0.059539999812841395,0.15658052265644073,-3.4926616904055665,-0.7189976712716425,25.73582026690209,-0.007463543453625828,0.1977868827958809,-0.03952547282375273,0.0011638089999905787,1
16.261960983276367,0.2437824308872223,0.026327338069677353,0.5223813056945801,-0.03759847204488012,0.08597660066989699,-0.004909043044565154,-0.003235354957712211,0.14196710693641812,-0.02066984578353992,0.05730162933468819,-0.055727045983076075,0.16644208133220673,-3.473576946686996,-0.7264134128286288,25.731462302947453,-0.011642129740020392,0.19647947205367944,-0.044839369143875034,0.0010430149995954707,1
16.27194333076477,0.2437824308872223,0.026327338069677353,0.5223813056945801,-0.03759847204488012,0.08597660066989699,-0.004909043044565154,-0.003235354957712211,0.14196710693641812,-0.02066984578353992,0.05730162933468819,-0.055727045983076075,0.16644208133220673,-3.451205778893236,-0.730948482444904,25.72513642270449,-0.015344292199920718,0.19621895025377353,-0.051013807274418954,0.0010023089998867363,1
16.281956672668457,0.2437824308872223,0.026327338069677353,0.5223813056945801,-0.03759847204488012,0.08597660066989699,-0.004909043044565154,-0.003235354957712211,0.14196710693641812,-0.02066984578353992,0.05730162933468819,-0.055727045983076075,0.16644208133220673,-3.431842058334493,-0.734991820971342,25.7230387895567,-0.015809980390103548,0.19612520872591918,-0.05212901008567308,0.0010495089954929426,1
16.292097330093384,0.2437824308872223,0.026327338069677353,0.5223813056945801,-0.03759847204488012,0.08597660066989699,-0.004909043044565154,-0.003235354957712211,0.14196710693641812,-0.02066984578353992,0.05730162933468819,-0.055727045983076075,0.16644208133220673,-3.4150184930024867,-0.7385611502743892,25.72261273478855,-0.015874136619636478,0.19607782421058126,-0.052338945820465395,0.0016468449975945987,1
16.30194330215454,0.24149708449840546,0.030127905309200287,0.5222766399383545,-0.049752022990662954,0.08219204103607679,-0.004733872972354967,6.869425856637079e-05,0.14069302343009982,-0.014325164544687574,0.07530844211578369,-0.024870857596397376,0.18837091326713562,-3.3908597030960346,-0.7391531083851932,25.72425077754459,-0.026193742030775107,0.18830555998779203,-0.06495258498397997,0.0010895870000240393,1
16.311941862106323,0.2408526986837387,0.031043512746691704,0.5222415924072266,-0.052087467052872115,0.08092419067041007,-0.005226350763987271,0.0010745883877518736,0.1405160708333386,-0.012465089313663302,0.07742045819759369,-0.01894506253302095,0.18666209280490875,-3.368256868033609,-0.7388743955042363,25.727659654752955,-0.029391796560399745,0.18558761192306059,-0.06806544837420479,0.0010090110008604825,1
16.321998834609985,0.24017371237277985,0.03193627670407295,0.5222007632255554,-0.05775089921633516,0.07786176363070282,-0.0041241633082630055,0.002171762747492423,0.14046207310057257,-0.010503320865768107,0.08613111823797226,-0.002736113965511298,0.19504758715629578,-3.343837213448592,-0.7360025069456335,25.726547389934726,-0.034136530030729736,0.18038386270922124,-0.07317385832811842,0.0012394269942888059,1
16.33196759223938,0.23945550620555878,0.03280624374747276,0.5221796631813049,-0.05951577794735001,0.07768087835759653,-0.0029549614557658776,0.0033262480842131126,0.14052120700509363,-0.008517334479668737,0.08987929672002792,0.004540291614830517,0.1945624053478241,-3.320204884197813,-0.7331877042651904,25.723054900563174,-0.0373276296951297,0.1773649398652163,-0.07553105238535725,0.0012016529944958165,1
16.341947078704834,0.2387305051088333,0.03365608677268028,0.5221253633499146,-0.06128248573279175,0.07338559630796597,-0.009012526173800299,0.0045176663961878916,0.1405099480042198,-0.006584085488205993,0.09340488910675049,0.010091710835695291,0.19215941429138184,-3.303571007393468,-0.7272239779602517,25.743626756041923,-0.040523404249678256,0.17524716576904859,-0.07677798249816241,0.0011273620038991794,1
16.352267026901245,0.2379671037197113,0.03447083756327629,0.5220617651939392,-0.06625845281491677,0.07275194677168849,-0.005737674650204429,0.0056902371572467025,0.14077938150481772,-0.004637062647614876,0.0957263633608818,0.019841989502310777,0.19334714114665985,-3.282470349695181,-0.7214000662808308,25.74195438782034,-0.0431494365151395,0.17178570495198173,-0.07894571981290707,0.0018022009971900843,1
16.361958265304565,0.23716497421264648,0.035277966409921646,0.5220125317573547,-0.06896632910500632,0.06951105596722026,-0.006635333032085395,0.007616393141512745,0.14111323700931333,-0.0016695678814127035,0.09879009425640106,0.03180949017405512,0.1945701688528061,-3.2640787511180003,-0.7163348683750742,25.741736064660476,-0.04344509809770567,0.17126054728825651,-0.07930735498921579,0.0012721740058623254,1
16.371952056884766,0.2363474816083908,0.03604064881801605,0.5219434499740601,-0.07027546316065295,0.0665007457132377,-0.008268532429387281,0.008834693486674094,0.14147295447214736,0.0001756518960940312,0.09791649132966995,0.0341867543756962,0.18463477492332458,-3.247223492627687,-0.7084417876838955,25.745916016717132,-0.047088500042418144,0.1671925602276718,-0.08224326334700807,0.0012286049968679436,1
16.38196635246277,0.2363474816083908,0.03604064881801605,0.5219434499740601,-0.07027546316065295,0.0665007457132377,-0.008268532429387281,0.008834693486674094,0.14147295447214736,0.0001756518960940312,0.09791649132966995,0.0341867543756962,0.18463477492332458,-3.2326756609447767,-0.699169837317756,25.75422903940346,-0.04878283616400852,0.16552780351757682,-0.08089629658884481,0.001076180997188203,1
16.391940355300903,0.23463599383831024,0.03748568519949913,0.5217962265014648,-0.07726918906879783,0.061052437855489104,-0.005629828782771946,0.010081573526783405,0.14184398325212522,0.0020871729431326536,0.09508895128965378,0.03663375601172449,0.1836634874343872,-3.2114695889752873,-0.6880876681413807,25.750213096348674,-0.0498499383083422,0.16441242299261405,-0.0817318168032449,0.0010387559959781356,1
16.40193748474121,0.23376892507076263,0.038159143179655075,0.5217269659042358,-0.07640805098168911,0.05762914939766134,-0.009474100120990923,0.011962421931852596,0.14233355945316273,0.004792510183940557,0.09981779009103775,0.03946903347969057,0.17578116059303284,-3.1969994206201133,-0.6744703241921334,25.76291415678533,-0.05392931417762708,0.1627935554789321,-0.08159001510583548,0.0010698969999793917,1
16.411948919296265,0.23287685215473175,0.03878164663910866,0.521639347076416,-0.08068300041218918,0.05232826990879673,-0.008062531603010256,0.01317987686079114,0.14277421917247812,0.006539474543594714,0.10170578211545944,0.045168232172727606,0.1682303249835968,-3.1797139330335065,-0.6584852627931185,25.764447113325417,-0.056641119001936885,0.1604557029694298,-0.08050786548953431,0.0010240230039926246,1
16.42194676399231,0.23196640610694885,0.039382461458444595,0.5215741991996765,-0.081793345539884,0.052498158031722614,-0.006902696724945564,0.014445735918709346,0.14316240760550203,0.008204940446126852,0.10216883569955826,0.04012329876422884,0.16445761919021606,-3.162142358156333,-0.6442895211570882,25.76207431528247,-0.05864770500241957,0.1613259845197844,-0.080364064695873,0.0010284219970344566,1
16.431946754455566,0.23105201125144958,0.03994600102305412,0.5214965343475342,-0.08265701682537384,0.04581793768983766,-0.008197086644141155,0.015698154326288627,0.14346915018994455,0.009866712038178793,0.09314216673374176,0.04149954766035082,0.16099627315998077,-3.1469521209728826,-0.6268518937724927,25.76647593897692,-0.057925819603213295,0.16068632159985755,-0.08032396426156807,0.0010102679952979088,1
16.441972017288208,0.2301223874092102,0.04045991972088814,0.5214263200759888,-0.08569894730418698,0.04434768111918859,-0.006171399937870889,0.016846690670636377,0.14393068931114472,0.011326564698082464,0.10070432722568512,0.044389016926288626,0.14259617030620575,-3.129348123860078,-0.6101332272604908,25.762415349986384,-0.0613658652531681,0.1593299333386126,-0.07563290066837969,0.0010299589994247071,1
16.451963663101196,0.22919408977031708,0.0409400537610054,0.521369218826294,-0.08489385255169651,0.03880174069473164,-0.006812441473260479,0.01866341414664152,0.1444069079420025,0.013543794430625145,0.09497431665658951,0.03395419567823412,0.14456649124622345,-3.1143934845896664,-0.5905524587187034,25.763798518265684,-0.06260543462339643,0.16183637177888502,-0.07706237489868685,0.0010004930009017698,1
16.461950540542603,0.2282632440328598,0.041376274079084396,0.5212967395782471,-0.08661016828097645,0.03764982133953416,-0.006540278974926443,0.019203181154913818,0.1446250349143341,0.014204519336863619,0.0890459269285202,0.03472011908888818,0.12903854250907898,-3.1013538150376734,-0.5734107393454521,25.76465125332676,-0.06274138600281867,0.1621430261430216,-0.07733044707689403,0.0012512970060925,1
16.471946239471436,0.22732457518577576,0.04177030548453331,0.5212433338165283,-0.08770513535185366,0.03033639482224398,-0.004419082390055869,0.02082689383516323,0.14520058781814793,0.01599660646271861,0.09519834816455841,0.04307451099157335,0.11508548259735107,-3.085354553436523,-0.5516490566163196,25.757952504288767,-0.0647262687301708,0.15872307061977842,-0.06910855868370794,0.0010681519997888245,1
16.4819495677948,0.22637958824634552,0.04211518168449402,0.5211949348449707,-0.08796747774194495,0.02839150462480127,-0.004615430382192401,0.02197296773554358,0.14560477232454838,0.017110360468748365,0.08764277398586273,0.04104975610971452,0.10744937509298325,-3.071249863556165,-0.532852588448911,25.755721818940426,-0.06564131594213121,0.15811438042636836,-0.06818381675144114,0.001218060999235604,1
16.491973638534546,0.22637958824634552,0.04211518168449402,0.5211949348449707,-0.08796747774194495,0.02839150462480127,-0.004615430382192401,0.02197296773554358,0.14560477232454838,0.017110360468748365,0.08764277398586273,0.04104975610971452,0.10744937509298325,-3.058331607228376,-0.5147632008249962,25.756159213801023,-0.06482352614924887,0.1582221910312595,-0.06625413422635099,0.0010576779968687333,1
16.502005577087402,0.2245139628648758,0.04266961291432381,0.5210745334625244,-0.09072474390392979,0.019049342732036973,-0.003499541056539382,0.022952684808249746,0.1459648364016588,0.018097887676177482,0.08423113077878952,0.035828165709972395,0.0908922553062439,-3.0422794388724923,-0.4925174807405121,25.753612292152663,-0.0649458736733873,0.15960755307669702,-0.06120431586370964,0.0011955790032516234,1
16.51203751564026,0.22357964515686035,0.04288480058312416,0.5210398435592651,-0.08772879093759722,0.015467574803345046,-0.004036347710186741,0.024309227456991156,0.14649416859126374,0.019328242537035134,0.07794944941997528,0.02934652380645276,0.07364385575056076,-3.0301740484401636,-0.4698075760383189,25.754860061641523,-0.06461027885730385,0.16111587978171976,-0.055496302757584416,0.0009692819949123077,1
16.521963834762573,0.22266744077205658,0.04304082319140434,0.5209727883338928,-0.09014984967052407,0.010319209447132207,-0.0065019481269496,0.025130572871809864,0.14677106917251015,0.01999245629375279,0.07245276868343353,0.029306806623935706,0.06655923277139664,-3.019446209585515,-0.4456300662658149,25.7646142136366,-0.06401976137480121,0.1610889794332202,-0.05259147233350183,0.0010595640051178634,1
16.531999349594116,0.22173602879047394,0.043158963322639465,0.5209222435951233,-0.09130375826609695,0.00810677815601074,-0.002756256336196145,0.025854869969237804,0.1472398360985374,0.02051214840136195,0.06733695417642593,0.0350819081068039,0.04989467188715934,-3.0053097836727525,-0.42337332344837303,25.756314653137057,-0.06302072064215455,0.15883622516614204,-0.04690662510874652,0.001198161997308489,1
16.542243003845215,0.22082816064357758,0.04323263838887215,0.5208606719970703,-0.08852283657300983,0.0023239070421245626,-0.007707802570305547,0.02650930078717373,0.14753655479759464,0.02088048294557776,0.05236416682600975,0.03571953624486924,0.030817460268735882,-2.998907272952694,-0.3991521116549811,25.7702557350802,-0.059046910617905485,0.15783775933348393,-0.03953376663994819,0.002171004998672288,1
16.551994800567627,0.21992546319961548,0.04325275868177414,0.5207778215408325,-0.08999025074056081,-0.0017256740618694913,-0.004996873673669532,0.026990594852341676,0.14803574449124302,0.0210724488276699,0.048497118055820465,0.04517684504389763,0.02046475745737552,-2.9893602963143526,-0.37537709268734804,25.76726294717298,-0.05788711388486105,0.15428434180828438,-0.03490955726988609,0.0008486279984936118,1
16.561941146850586,0.2190357744693756,0.04323294013738632,0.5207140445709229,-0.08937447512388852,-0.005548151532684023,-0.005319125846376656,0.027408832954031404,0.1484845408180231,0.021207327439309864,0.030737722292542458,0.046822816133499146,0.0034549813717603627,-2.9812371451886577,-0.35221932647430404,25.76745666968411,-0.05261030927497296,0.15275828349256731,-0.02810910120039499,0.0010030070043285377,1
16.571958303451538,0.2190357744693756,0.04323294013738632,0.5207140445709229,-0.08937447512388852,-0.005548151532684023,-0.005319125846376656,0.027408832954031404,0.1484845408180231,0.021207327439309864,0.030737722292542458,0.046822816133499146,0.0034549813717603627,-2.9741292444858334,-0.3318601806177896,25.767659586501704,-0.051912013949319075,0.15253831106908022,-0.026844851875777672,0.0010000740003306419,1
16.581960916519165,0.21728463470935822,0.04305823892354965,0.5205665230751038,-0.08909573404818025,-0.013793556095941604,-0.006633232682712524,0.027903022776810893,0.1498274991139481,0.02081935155176451,0.01127732452005148,0.05503019317984581,-0.02728484012186528,-2.9683090458963104,-0.3114646472210278,25.769515648785436,-0.050367337843035535,0.14977121822476833,-0.019771720017432548,0.001230211004440207,1
16.591962814331055,0.21641945838928223,0.042897410690784454,0.5204858183860779,-0.08821814501824041,-0.017898177996262997,-0.006516658896164187,0.027893717321204825,0.1504664875626367,0.020422164776491503,0.001911155297420919,0.059124246239662163,-0.04918227344751359,-2.963695961747003,-0.2905142049008927,25.77380028138972,-0.04600460859053683,0.14806482313058567,-0.014502458916063301,0.0012976590005564503,1
16.601961374282837,0.21641945838928223,0.042897410690784454,0.5204858183860779,-0.08821814501824041,-0.017898177996262997,-0.006516658896164187,0.027893717321204825,0.1504664875626367,0.020422164776491503,0.001911155297420919,0.059124246239662163,-0.04918227344751359,-2.9598035324345484,-0.26960433941511197,25.775452157106553,-0.04229431079778513,0.14581234047919553,-0.005778677343224027,0.001001819000521209,1
16.611963748931885,0.21475233137607574,0.04244881868362427,0.5203336477279663,-0.0885776057573911,-0.027080724086772128,-0.005681275287222326,0.027861953993144173,0.1510775847437733,0.01979862830309642,-0.0017572110518813133,0.06087971106171607,-0.06263922899961473,-2.9540974563642073,-0.2446050808864063,25.773964426895827,-0.04073693381841815,0.1443323034619252,0.0007433246895082474,0.001008382998406887,1
16.621963500976562,0.21392200887203217,0.04215118661522865,0.5202769041061401,-0.08655416956781965,-0.028547695091363914,-0.00485140302626519,0.027516821764875132,0.1521358916574358,0.01882065758085716,-0.014306184835731983,0.05822490528225898,-0.07385274022817613,-2.9495690874596425,-0.22238639222595505,25.770608531267996,-0.036024729841919095,0.14375502922223224,0.006719414705912416,0.0010176700016018003,1
16.631963968276978,0.21312791109085083,0.041824471205472946,0.5201953053474426,-0.08499724417271523,-0.034010544549861375,-0.009222414950329405,0.027206347732636527,0.15276728777305593,0.017874333132009923,-0.02454279735684395,0.06566403806209563,-0.09484960883855821,-2.9508663772618817,-0.1987375084288122,25.78448535854712,-0.03172741290994713,0.14052619828191182,0.01570027021829681,0.0010384769993834198,1
16.641968250274658,0.21233578026294708,0.041435904800891876,0.5201229453086853,-0.08611395200640239,-0.037162870309729173,-0.004053517333294138,0.026701662173331364,0.15362923473142143,0.01684934501091062,-0.03172087296843529,0.07356311380863188,-0.10567277669906618,-2.9460819443082444,-0.17703277023298236,25.772693511538684,-0.02815610128779373,0.1366757270858103,0.021919929047795713,0.0010179490054724738,1
16.65196180343628,0.21156057715415955,0.041025206446647644,0.5200815796852112,-0.08311930288473889,-0.040288131834336806,-0.004296717122654968,0.026283894540630737,0.1542936448994161,0.01573800596230779,-0.033116791397333145,0.0650913119316101,-0.11044863611459733,-2.94375669042431,-0.15569427748656817,25.76868770104066,-0.026750790976443582,0.13788161997261744,0.025445181510572092,0.0009753569975146092,1
16.66196322441101,0.21082010865211487,0.04055812209844589,0.5200155973434448,-0.08116700496861694,-0.04451238370653613,-0.006082192229825169,0.02560758803499441,0.154999121800675,0.014469141274719988,-0.04395652189850807,0.06430915743112563,-0.13340429961681366,-2.9446115536795547,-0.13436103807523309,25.773229255221064,-0.022079649764885356,0.1373278905732147,0.03497155254757506,0.0010009119941969402,1
16.67196273803711,0.21009813249111176,0.040055304765701294,0.5199695229530334,-0.08097597208899263,-0.047263186451296395,-0.0027853445288411652,0.024913675284456982,0.15585553917470252,0.01306436203728678,-0.05681951344013214,0.06785485893487929,-0.1427004188299179,-2.9421988027075527,-0.11485399956942509,25.763837973329434,-0.016484275873355846,0.1351426812749659,0.04122841573447706,0.0011124890006612986,1
16.68196988105774,0.20939049124717712,0.039518799632787704,0.51993328332901,-0.07888478785599591,-0.05085918679975842,-0.0030966175061581578,0.024164685908844685,0.15650269955340512,0.011634458834498762,-0.05963646247982979,0.06614916026592253,-0.14596684277057648,-2.9416959711210473,-0.09526615698703457,25.761056677808202,-0.013993422564128881,0.13450894763790686,0.04458188025214792,0.0010086630063597113,1
16.691970825195312,0.20872029662132263,0.03894366696476936,0.5199010372161865,-0.07650507232804929,-0.05390373625178992,-0.003707356511050136,0.022742490846893393,0.15751765329288547,0.00917210054053097,-0.06974557042121887,0.05942278355360029,-0.16643820703029633,-2.941307507242005,-0.07806636869241382,25.759884286956655,-0.01365350933483972,0.13440904607863458,0.04520873632052763,0.0013030359987169504,1
16.70198678970337,0.20807215571403503,0.0383334681391716,0.5198620557785034,-0.07598213108405118,-0.05805634333259219,-0.0032049811824159786,0.02171364706744594,0.15819730038759028,0.007501661782315594,-0.07526937872171402,0.05625275149941442,-0.17379510402679443,-2.9429828403282485,-0.06200910768196666,25.761346407362762,-0.008352124715839055,0.13515743064750071,0.054269263902609305,0.0013318029959918931,1
16.712337970733643,0.20807215571403503,0.0383334681391716,0.5198620557785034,-0.07598213108405118,-0.05805634333259219,-0.0032049811824159786,0.02171364706744594,0.15819730038759028,0.007501661782315594,-0.07526937872171402,0.05625275149941442,-0.17379510402679443,-2.9439440265675185,-0.0454947683023297,25.760239385919274,-0.004630232100337993,0.13536654495760947,0.05982440928934887,0.001175817997136619,1
16.721964836120605,0.2068513035774231,0.03703511133790016,0.5198010802268982,-0.07031483198541606,-0.06220516193380018,-0.003969040044891674,0.020740032616893167,0.15881827840235063,0.005711699032588946,-0.0822402834892273,0.060340967029333094,-0.17395305633544922,-2.948723267564258,-0.02749105968831677,25.762282062137952,-0.0008785681971710431,0.13313638006278647,0.0624322531546429,0.0008910809992812574,1
16.732014179229736,0.20627835392951965,0.0363239161670208,0.5197502970695496,-0.06896074115488135,-0.06513673067234504,-0.0033356398042427653,0.018379900916954295,0.16006280642942272,0.0018235937323645146,-0.08690198510885239,0.05155624821782109,-0.20192907750606537,-2.9530002250986205,-0.01155912696538934,25.76086038244576,0.0045282599415641155,0.13395341966591046,0.07529328750515285,0.002468102000420913,1
16.742228269577026,0.20573557913303375,0.03561428561806679,0.5197096467018127,-0.06504373997835718,-0.0645844861866047,-0.005675908396348517,0.018379900916954295,0.16006280642942272,0.0018235937323645146,-0.08690198510885239,0.05155624821782109,-0.20192907750606537,-2.961234804493338,0.0032784799586957607,25.76813180787158,0.005208295164862632,0.13387087765904626,0.07768832794090859,0.0012068900032318197,1
16.752283573150635,0.20522437989711761,0.03486427664756775,0.5196264386177063,-0.06407383087793672,-0.070549570015546,-0.009962616177626133,0.01673358235867406,0.1608420625945408,-0.0011502864478671881,-0.08120407909154892,0.0529508590698242,-0.19830641150474548,-2.973342120896638,0.0204179789902958,25.78591761334072,0.005398445999008329,0.13238264017552817,0.07897942857266008,0.0014108429968473502,1
16.761984825134277,0.20473092794418335,0.03409571200609207,0.5195150971412659,-0.06049828240671504,-0.0702993198990082,-0.01204597524528198,0.015560537715070932,0.16151185582095362,-0.0032620988371867554,-0.07371166348457336,0.046328678727149936,-0.2092391699552536,-2.987838314040872,0.03533517056337253,25.800284271899162,0.004836034224261446,0.1332645791888183,0.08421862880817736,0.0010872130005736835,1
16.771963834762573,0.2042800337076187,0.033306784927845,0.5193528532981873,-0.05693559714905418,-0.07393048704943936,-0.019769955599103266,0.014649111182341468,0.1620745065791107,-0.0053647915036503235,-0.07386281341314316,0.06416061520576474,-0.21225430071353912,-3.0113456942145964,0.05151100999111561,25.832854302400253,0.0059230004115015875,0.12689169407661594,0.08774326037742797,0.0008549129997845739,1
16.781956672668457,0.20385964214801788,0.03250027820467949,0.5191289186477661,-0.055027913769555015,-0.07503736754673018,-0.02280206315326553,0.013486355447910992,0.16285991160001334,-0.0074831543280899915,-0.07156302034854889,0.06705543398857114,-0.20671813189983368,-3.0359363332914406,0.06593617133011248,25.85600942950285,0.006208495372242156,0.1243862652443595,0.08725489049756062,0.0009937200011336245,1
16.791963815689087,0.20346494019031525,0.03166874870657921,0.5188753604888916,-0.05237164046245917,-0.07801768914886571,-0.027807342583005802,0.012070010414575005,0.1640834255007828,-0.010731936881412718,-0.05812864750623703,0.0786514803767204,-0.222991943359375,-3.0567741603928686,0.07905684738432467,25.86572436196236,0.006745807023276923,0.12377181841976898,0.08794657269025956,0.0013391340035013855,1
16.801971673965454,0.20346494019031525,0.03166874870657921,0.5188753604888916,-0.05237164046245917,-0.07801768914886571,-0.027807342583005802,0.012070010414575005,0.1640834255007828,-0.010731936881412718,-0.05812864750623703,0.0786514803767204,-0.222991943359375,-3.0831132122766833,0.09271047828383201,25.887329672086327,0.004713959667148296,0.11834332192198516,0.09545082551142535,0.0010146669956156984,1
16.811962366104126,0.2027835100889206,0.029985573142766953,0.5182158350944519,-0.04535720165067949,-0.08077044778281445,-0.03842592943476318,0.010300462233643781,0.16601540375061186,-0.015160306314237815,-0.04419797658920288,0.09339385479688642,-0.2195129245519638,-3.11411592509659,0.1039716737694182,25.912602150326276,0.0057139089660936705,0.11189906942437727,0.0966389064218126,0.0013050609995843843,1
16.821963787078857,0.2027835100889206,0.029985573142766953,0.5182158350944519,-0.04535720165067949,-0.08077044778281445,-0.03842592943476318,0.010300462233643781,0.16601540375061186,-0.015160306314237815,-0.04419797658920288,0.09339385479688642,-0.2195129245519638,-3.1501124417154505,0.11739025002756207,25.943860225853594,0.0023601289744030105,0.10935436281795859,0.09862296163331853,0.0010143179970327765,1
16.831971883773804,0.20221324265003204,0.028221260756254196,0.5173798203468323,-0.039216422511908836,-0.0822378246560111,-0.04566853421546101,0.009462096080246507,0.16711250327793126,-0.017481285710985173,-0.03577977418899536,0.09662951529026029,-0.2283995896577835,-3.1941159733354465,0.13184875532382356,25.983609863303467,0.0005109204554534605,0.10634650536879789,0.10332663581255898,0.0010143879990209825,1
16.841944932937622,0.20199021697044373,0.027328917756676674,0.5168851017951965,-0.03664304754890592,-0.08497021338117143,-0.05287717615184873,0.008535452935201082,0.16873826898310496,-0.020878644697146953,-0.03383106738328934,0.11557414382696149,-0.22416940331459048,-3.2437279232792133,0.1463687936794648,26.025441151738896,0.000753872913152578,0.09780958039317492,0.10500783774606348,0.0010623560010571964,1
16.851945400238037,0.20178501307964325,0.026424121111631393,0.5163609981536865,-0.033782486974289386,-0.08596701160136613,-0.05283454744765617,0.007825449411907215,0.17012884483279445,-0.02315188479182284,-0.031016139313578606,0.1265023350715637,-0.22547946870327,-3.2901370071847333,0.15980127968146707,26.043144537947725,0.0008221510241637022,0.09142588454273157,0.10721128245805578,0.001023744000121951,1
16.861948490142822,0.20161636173725128,0.02551146037876606,0.5158082842826843,-0.02998934647092758,-0.08712089043595479,-0.05926790395072176,0.007299339623205725,0.1714151036139846,-0.025472228978845823,-0.015200061723589897,0.13263115286827085,-0.23187781870365146,-3.3416932560218036,0.17336255220146352,26.073199671791784,-0.0033180783796550343,0.08681308517571631,0.11083486159479143,0.0010867239980143495,1
16.871946811676025,0.20148392021656036,0.024604858830571175,0.5152167081832886,-0.026431847807547433,-0.08602847876736607,-0.05965487940705608,0.006853087367405308,0.1728638887140872,-0.027815047553226613,-0.007447287440299988,0.13598266243934629,-0.2254952043294907,-3.390963919694103,0.18490405154716427,26.087625104138034,-0.005726971001527031,0.08325910788057796,0.11068258444161208,0.001050904997100588,1
16.881946563720703,0.20138373970985413,0.02369711548089981,0.5146235227584839,-0.023484907991819976,-0.08921457082618035,-0.061260722595486844,0.006373883100835975,0.17426900145046575,-0.03006365546945,-0.00658196909353137,0.13864681124687192,-0.2248402684926987,-3.4395962840093035,0.1974688917936927,26.099875369470517,-0.005776753896353076,0.08010584969902886,0.11184272124507139,0.0010637529994710349,1
16.89192771911621,0.20130783319473267,0.022785786539316177,0.5140239596366882,-0.019778439651048235,-0.0874207614015966,-0.0614011692395868,0.0057779857368256415,0.1764787266693313,-0.033519770493522394,-0.0001216588425450027,0.14426201581954953,-0.2280681282281876,-3.487659522420215,0.20709329916163005,26.106220206947988,-0.006822206724651412,0.07499712281209958,0.11517067778877393,0.0011366479957359843,1
16.90193223953247,0.20128583908081055,0.021888507530093193,0.513415515422821,-0.014440439858521366,-0.08852073548220964,-0.06370158488819176,0.005419054205178853,0.17779719073917777,-0.03572695934586401,0.005743460264056921,0.13059496879577634,-0.21766965091228488,-3.5371263980367518,0.21683735894228223,26.117301200637115,-0.008555613263566884,0.07673559110628375,0.11355480625703504,0.0010685009983717464,1
16.912119150161743,0.201288640499115,0.020985540002584457,0.5127987265586853,-0.013108501013342532,-0.08884522312192218,-0.06255701914563269,0.005143127055385666,0.17918813096314778,-0.037893309892946814,0.008465713821351528,0.13102421164512632,-0.2114507853984833,-3.5798087583520153,0.22531472235258393,26.12047125579322,-0.008735438035143532,0.07710649271865162,0.11325173684035714,0.0015312179966713302,1
16.921942234039307,0.201288640499115,0.020985540002584457,0.5127987265586853,-0.013108501013342532,-0.08884522312192218,-0.06255701914563269,0.005143127055385666,0.17918813096314778,-0.037893309892946814,0.008465713821351528,0.13102421164512632,-0.2114507853984833,-3.618900785881519,0.23343676330365778,26.119016915725062,-0.009320275858324406,0.0752609085297953,0.11238318428583717,0.0010433639981783926,1
16.93205714225769,0.20132796466350555,0.02010953798890114,0.5122020840644836,-0.00644236829504497,-0.08677253114775793,-0.0630368662879363,0.0049452913402268095,0.1803519860470657,-0.04008596759908656,0.01630917377769947,0.12318078428506848,-0.2148416042327881,-3.6598369084692814,0.23957981403529918,26.120761907043754,-0.011415665690388675,0.07577480230721075,0.11449335561792899,0.0011566879984457046,1
16.94225525856018,0.20152197778224945,0.01838052272796631,0.5109900236129761,-0.0010963476511796333,-0.08797708149101649,-0.061313644008974294,0.004488179826798611,0.18273825604226746,-0.04413869732881848,0.02207304909825325,0.10834659636020658,-0.19375774264335632,-3.701310248450951,0.24626641849892134,26.129987858308102,-0.010009186139034091,0.0784782755170928,0.11086102962948931,0.0019296980026410893,1
16.95232844352722,0.20152197778224945,0.01838052272796631,0.5109900236129761,-0.0010963476511796333,-0.08797708149101649,-0.061313644008974294,0.004488179826798611,0.18273825604226746,-0.04413869732881848,0.02207304909825325,0.10834659636020658,-0.19375774264335632,-3.73689127208093,0.25264224803010266,26.121332754485667,-0.013057950513945947,0.07772556651871873,0.10948378163410834,0.0013066669998806901,1
16.961974382400513,0.20185907185077667,0.01669614389538765,0.5097847580909729,0.007991706327232178,-0.08584094038967204,-0.06331883382946919,0.004357566934087842,0.1836254044913761,-0.04610594563628556,0.026382360607385635,0.08729186654090879,-0.19095399975776672,-3.778732436615503,0.25821396888867626,26.127558584552915,-0.014608450384791038,0.08277912421538107,0.10938403737076463,0.0008419949954259209,1
16.971959829330444,0.202077254652977,0.01587853953242302,0.5091909170150757,0.011512765874252822,-0.08782688524302944,-0.06366327419098589,0.004177653383843349,0.18500276839377117,-0.048855441812700295,0.019963717088103294,0.08232881128787992,-0.1718873679637909,-3.8203393442226785,0.264403415091809,26.13209398284817,-0.012948185743051396,0.08317143270047242,0.10479220676276262,0.0008179760043276474,1
16.981959342956543,0.20233356952667236,0.01506064087152481,0.5085886716842651,0.016191234706190057,-0.08561656623963582,-0.06504730881667438,0.004080669987300833,0.18569815281596336,-0.050570069770399684,0.03010779432952404,0.06757632642984387,-0.17163698375225067,-3.862415430187756,0.2690559869170367,26.13940774565323,-0.01566618458126573,0.08680631528741148,0.10460402064823396,0.00101997399906395,1
16.991962909698486,0.20262673497200012,0.01427562814205885,0.5079779028892517,0.02102099727906725,-0.08496171981483223,-0.06677037511491218,0.004163655319713744,0.18636439364604085,-0.052287740138100336,0.03612098842859268,0.060133442282676676,-0.16267235577106476,-3.9057935116327416,0.2734592624687097,26.149038082806474,-0.01810563684990948,0.08864769676580171,0.10238043006515536,0.0009894609975162894,1
17.001964330673218,0.20294304192066193,0.013504489324986935,0.5073552131652832,0.02283688575290219,-0.08363424987065643,-0.06697575014554734,0.004122517905234879,0.1869403778393992,-0.053781991865140544,0.027048707008361816,0.0511558949947357,-0.14532482624053955,-3.945236196200149,0.2760849020638816,26.15241916215101,-0.01583355233498198,0.09124287160938456,0.09674103266686945,0.0009875060059130192,1
17.01196312904358,0.20329372584819794,0.012768611311912537,0.5067193508148193,0.029008464721503077,-0.08151017129779564,-0.0723723471564086,0.004221829268389321,0.18768280305212848,-0.05597092900967482,0.032345667481422424,0.04941323772072791,-0.13910378515720367,-3.9930279408615528,0.2779765512439946,26.17533601258833,-0.0172967862714769,0.09068194048906725,0.09525040947625213,0.000994697998976335,1
17.021960973739624,0.20329372584819794,0.012768611311912537,0.5067193508148193,0.029008464721503077,-0.08151017129779564,-0.0723723471564086,0.004221829268389321,0.18768280305212848,-0.05597092900967482,0.032345667481422424,0.04941323772072791,-0.13910378515720367,-4.033862692998804,0.27957858169602184,26.183399427460404,-0.01748169649453346,0.09072615265742723,0.09497814565743959,0.001040221999573987,1
17.03196930885315,0.20367220044136047,0.012038293294608593,0.5060405135154724,0.029719125568217694,-0.08294009417121964,-0.07622756806928134,0.004347902847430696,0.18816950218109874,-0.05724771060759304,0.04279879108071327,0.04345265775918959,-0.12579484283924103,-4.075864321354361,0.2833799310160795,26.201228653096894,-0.021232588489697418,0.09195040038299937,0.0908632851594634,0.000977870004135184,1
17.0419704914093,0.20407333970069885,0.011322807520627975,0.5053463578224182,0.034745692754732056,-0.07939916850585844,-0.07741675538462292,0.004775779996618379,0.1884475076052392,-0.058389936736279235,0.05618965998291969,0.03216554969549178,-0.10784927755594254,-4.117899561229372,0.28577553103179576,26.213665988635928,-0.026645025807292277,0.0951714986378115,0.08429219816307477,0.001009220999549143,1
17.05195903778076,0.20452043414115906,0.01063662488013506,0.5046149492263794,0.038190591806195426,-0.08081337810519557,-0.08299709119349517,0.005041638457810027,0.18874057405548594,-0.059473391379643026,0.05971519276499748,0.026634566485881795,-0.0989537164568901,-4.164774547034317,0.2899489435230521,26.239148989703423,-0.028974077550365355,0.09686368161304318,0.080549338789026,0.001018995993945282,1
17.061965227127075,0.20496980845928192,0.009955519810318947,0.5038843750953674,0.039505535989169026,-0.07870726293993952,-0.07987882992276911,0.0055054141053041405,0.18908993492892634,-0.06036687568685739,0.06077826768159866,0.030837072059512128,-0.0821884348988533,-4.204191331384419,0.2932448974052138,26.240362446898335,-0.030455535024407142,0.0953985716211135,0.07458446810115214,0.0010089420029544272,1
17.07195472717285,0.20597957074642181,0.008634491823613644,0.5023729205131531,0.04800497958620818,-0.07847467073560346,-0.08537455704583852,0.006048544497270214,0.18918484779279288,-0.0610925548275012,0.07764699310064316,0.013404452241957179,-0.06675568222999573,-4.253423536881203,0.29882405462472517,26.263630474903273,-0.03689694682498922,0.10021319527318961,0.06811644142099786,0.0009894629984046333,1
17.08197259902954,0.20651879906654358,0.008009894751012325,0.5016114711761475,0.05150292693422833,-0.07601653791992391,-0.08681984292897103,0.006836869321543482,0.18944395250287993,-0.06195922293286671,0.0723215863108635,0.005571141839027399,-0.04873432219028473,-4.301313779834861,0.303157037932039,26.279376537125252,-0.03735294506915027,0.10295354603851248,0.0613442600091488,0.0010182289988733828,1
17.09196639060974,0.20709027349948883,0.007396198809146881,0.5008150339126587,0.05420944405880094,-0.07589301493996552,-0.09036048675428919,0.007478654353123559,0.1894478768609651,-0.062295544048704965,0.067975252866745,0.0076112318783998455,-0.027839891612529755,-4.350446446826486,0.30835687346869967,26.299440410090423,-0.03729466513376799,0.10264895136671294,0.05318014470429321,0.0010771599991130643,1
17.101978302001953,0.20767229795455933,0.00679723871871829,0.5000249743461609,0.05582244949623065,-0.07421056189057285,-0.08858808924721788,0.008144370617729546,0.1894959763434434,-0.06252713955488032,0.0787464827299118,-0.008479187265038492,-0.014288529753684996,-4.392636278689422,0.31364340876891655,26.303178066705055,-0.041713340886798914,0.10763236556356934,0.04676031870826125,0.0010604720009723678,1
17.112704038619995,0.2082662433385849,0.006213238462805748,0.4992349445819855,0.0580456972702869,-0.07426803578097471,-0.09181370711782334,0.008950514199748127,0.18934498250641685,-0.062485680097915886,0.08298920094966888,-0.004441712982952593,0.011315791867673397,-4.436366110822079,0.320546130783779,26.31741463261609,-0.045148241626095875,0.10722310655036969,0.0365897488108007,0.0013040850026300177,1
17.121957540512085,0.20887736976146698,0.005641227122396231,0.4984331429004669,0.060606365475511154,-0.07278776930302935,-0.09233691652113803,0.00970078727809387,0.18928447096026613,-0.06227987691386083,0.07722216099500656,-0.013677365146577355,0.03189239278435707,-4.476246342996972,0.32670668145019427,26.32379005650108,-0.04479411975437778,0.11011981071930155,0.027757168421605284,0.0008772569999564439,1
17.13203001022339,0.20950190722942352,0.005084425676614046,0.49761995673179626,0.06187049313564231,-0.07371104531282986,-0.09393483564377911,0.010864953982508307,0.1889655862976447,-0.06156404096022339,0.07231822609901428,-0.02115249447524547,0.05502132326364517,-4.511946476048045,0.33244985207864414,26.32824126914131,-0.045034527436553826,0.11063720617944088,0.026020723689289645,0.0025191460008500144,1
17.142106533050537,0.20950190722942352,0.005084425676614046,0.49761995673179626,0.06187049313564231,-0.07371104531282986,-0.09393483564377911,0.010864953982508307,0.1889655862976447,-0.06156404096022339,0.07231822609901428,-0.02115249447524547,0.05502132326364517,-4.546610510273905,0.3406081112965397,26.337630153271427,-0.045587992828346156,0.11349821429565216,0.017322281994139124,0.001238451004610397,1
17.15223479270935,0.21077023446559906,0.004003617912530899,0.4959558844566345,0.06552950760422604,-0.07232586310349702,-0.0977086810595648,0.012689614760512224,0.18839655921500587,-0.05995332097152373,0.07895496487617493,-0.034428846091032014,0.10080522298812866,-4.581327266020378,0.3493974116614167,26.34824393067783,-0.048910666654174664,0.11475749839630112,0.00705962762724585,0.0012600269983522594,1
17.161937713623047,0.21077023446559906,0.004003617912530899,0.4959558844566345,0.06552950760422604,-0.07232586310349702,-0.0977086810595648,0.012689614760512224,0.18839655921500587,-0.05995332097152373,0.07895496487617493,-0.034428846091032014,0.10080522298812866,-4.615457225300819,0.3595749168903583,26.363096537166705,-0.05136539319087929,0.11896578724854849,-0.0031798651419363694,0.0010481829958735034,1
17.17194676399231,0.2120707929134369,0.0029471239540725946,0.49422550201416016,0.0684910531044351,-0.07030385005805675,-0.10270610618390169,0.01352249856644816,0.18801997628340494,-0.05881835203327457,0.0650414526462555,-0.03441974148154257,0.11546648293733597,-4.65578949610328,0.36972689018207106,26.39192450861679,-0.04866926918168464,0.11996911579355884,-0.010463022031456555,0.001107254000089597,1
17.181943655014038,0.21273015439510345,0.002418097574263811,0.4933229386806488,0.06730580669371992,-0.07354043440359889,-0.10359202517683563,0.014806471237748031,0.18735776871176446,-0.056916075214773265,0.06360945105552673,-0.03869158774614333,0.1371878683567047,-4.691147612324174,0.38425687597959945,26.409404398716337,-0.05011283550637271,0.12247191411158265,-0.020625260815870874,0.001074227002391126,1
17.191948413848877,0.2133854776620865,0.0019018538296222687,0.4924182593822479,0.07025413691861826,-0.06987901042446544,-0.10458627476832157,0.01580980609442406,0.18690846486684531,-0.055319500104232144,0.0678129643201828,-0.039170123636722544,0.15919648110866547,-4.725713859080642,0.3973072757443602,26.42241019204771,-0.05318939566892095,0.12353967158591306,-0.031205316869753696,0.001031216001138091,1
17.201966285705566,0.21405147016048431,0.0013939689379185438,0.49148863554000854,0.07028766401422346,-0.07246985295317791,-0.10798765129830212,0.01674337609284615,0.1863786340172071,-0.05365431504342366,0.06553981453180313,-0.04302182048559187,0.16920773684978485,-4.760440982020934,0.4134112017966438,26.442130156720363,-0.05436157788186821,0.12565362929470117,-0.037692233564931336,0.0010747859996627085,1
17.21194815635681,0.21470554172992706,0.0008795367903076112,0.4905472695827484,0.06997153699557694,-0.06926609580471586,-0.10662771865035969,0.017550700069203895,0.185846038235419,-0.05186175761835399,0.061867695301771164,-0.05842709541320799,0.18203134834766388,-4.788632670852663,0.427443818648966,26.448549832451125,-0.05453646844283217,0.13157513607670931,-0.04428288864920753,0.0010446230007801205,1
17.221948623657227,0.2153678983449936,0.00037361247814260423,0.4896029829978943,0.0726201878371907,-0.0718939081260363,-0.11050424122903904,0.018573242817427893,0.18511301228916333,-0.04985608184483814,0.06424020230770111,-0.0625016391277313,0.20366749167442322,-4.818662419700901,0.44471881895733023,26.463771905973754,-0.05673948390302621,0.13429616836397437,-0.05358101025114827,0.0010347080024075694,1
17.231953620910645,0.21601815521717072,-0.00014535908121615648,0.4886274039745331,0.06908878636547384,-0.07081276178207879,-0.11070843809120233,0.019905858766091633,0.18413035242397857,-0.046697482395229084,0.05633827671408653,-0.06391941756010053,0.212848499417305,-4.84397511771319,0.46295401719400187,26.477742450670327,-0.05686371622097418,0.1369385575627828,-0.06109797184239451,0.0011310640038573183,1
17.241974115371704,0.21665263175964355,-0.0006511532701551914,0.48766452074050903,0.07046804849915063,-0.07069858159167286,-0.11143564668558709,0.020777454741617962,0.18327134092109,-0.044458249039518005,0.04578421637415886,-0.06971509009599683,0.22248674929141998,-4.865588998309769,0.47887531070833117,26.48273584356992,-0.05682661189847511,0.1373555461541082,-0.06249400686214303,0.0012414540033205412,1
17.251962661743164,0.21665263175964355,-0.0006511532701551914,0.48766452074050903,0.07046804849915063,-0.07069858159167286,-0.11143564668558709,0.020777454741617962,0.18327134092109,-0.044458249039518005,0.04578421637415886,-0.06971509009599683,0.22248674929141998,-4.886422169305934,0.49513263081852066,26.490575776520885,-0.05484405811349184,0.14038623858893542,-0.0671845693864257,0.000991836997854989,1
17.261966228485107,0.2172902673482895,-0.0011702608317136765,0.4866654872894287,0.06922667139456247,-0.0722776501605302,-0.11511801343718393,0.021500176164173546,0.18259935700281194,-0.04209501730109144,0.03744375705718994,-0.06871891766786573,0.24186135828495026,-4.908669939696997,0.5134988296779256,26.509954109498832,-0.053390615396085174,0.14151604414041677,-0.0759096445755891,0.001060053997207433,1
17.271962642669678,0.2178993821144104,-0.0016947031253948808,0.4856778085231781,0.0680342678663474,-0.0719525813743991,-0.11199302277833917,0.022249980694731164,0.18182311049621802,-0.039602365791485905,0.026618169620633125,-0.06845169514417646,0.24569180607795715,-4.923903521349295,0.5311724640827534,26.51078027770406,-0.050835113911437455,0.14272499446737652,-0.08016517040306405,0.0010132720053661615,1
17.282249450683594,0.21966275572776794,-0.003302660770714283,0.48262956738471985,0.06499849579282366,-0.07362621997940921,-0.11681551683981786,0.02382217480379678,0.17977624109574641,-0.03309553500852802,0.014784321188926697,-0.0747570842504501,0.2736734449863434,-4.941310939496251,0.5550460051993578,26.53623060698544,-0.04885819023545461,0.1469279721394608,-0.09173898062594635,0.0015728340003988706,1
17.29331612586975,0.21966275572776794,-0.003302660770714283,0.48262956738471985,0.06499849579282366,-0.07362621997940921,-0.11681551683981786,0.02382217480379678,0.17977624109574641,-0.03309553500852802,0.014784321188926697,-0.0747570842504501,0.2736734449863434,-4.957291023199638,0.5763272913800408,26.549931010052045,-0.0491800482344915,0.1484219348950897,-0.0963947167786168,0.0009527349975542165,1
17.30197238922119,0.22020593285560608,-0.0038593208882957697,0.48158231377601624,0.06378673690448132,-0.07377794380005137,-0.11986719104075141,0.024298785922171717,0.17892916173354045,-0.030406135316045635,0.004276507534086704,-0.0790160000324249,0.2684662342071533,-4.9737525795016495,0.5974725710730704,26.570022389728805,-0.046427968236926694,0.1511564409769239,-0.09686125945915625,0.001025841003865935,1
17.311999082565308,0.22073005139827728,-0.004419096279889345,0.4805034101009369,0.060109394424867194,-0.0751528217481352,-0.12194785522571769,0.024738731858924723,0.17808767801123615,-0.027698079927264807,-0.002516017062589526,-0.07487756758928296,0.2751242220401764,-4.988070842703425,0.6196003151118512,26.589654251956176,-0.04471153185107229,0.15156245859377204,-0.10069689448010369,0.0015797469968674704,1
17.32198739051819,0.22121703624725342,-0.0050090616568923,0.4794164299964905,0.05876254705119627,-0.07551462207095846,-0.12307904643193941,0.025097730790958117,0.17724630104259242,-0.024836753472371687,-0.013011997565627098,-0.07680656760931012,0.2822567820549011,-4.999228110896229,0.6409402631180817,26.601790881581792,-0.041651573160675186,0.15308897536702729,-0.10412506441312915,0.0011887379951076582,1
17.331969738006592,0.22168377041816711,-0.0055992077104747295,0.47830721735954285,0.05630309408256329,-0.07570280124374168,-0.12512502113641313,0.02563425405228381,0.17589201053673742,-0.020684363260647487,-0.01790289580821991,-0.07871358841657636,0.27790603041648865,-5.010214369557701,0.6635707234296965,26.62248774435359,-0.04043439135450089,0.15619734852710224,-0.10684889594230809,0.0011770070050260983,1
17.342145681381226,0.22211343050003052,-0.006215164437890053,0.4771854877471924,0.05409113698600119,-0.07679249347187526,-0.124405190316035,0.02584490290847352,0.17506524441711413,-0.017811801440136943,-0.0275019071996212,-0.072305716574192,0.2839388847351074,-5.016213801118406,0.6854111844976756,26.62882024307025,-0.037632753361115566,0.15547354982880487,-0.10966746329369487,0.001515509000455495,1
17.352294445037842,0.2225339710712433,-0.0068251811899244785,0.4760453999042511,0.053965020925084824,-0.07600801393471109,-0.12997684022461597,0.026058546192916587,0.17422790157366386,-0.014959160041230657,-0.030405472964048386,-0.06417374312877651,0.286417692899704,-5.022730391919882,0.7051274976006607,26.635370163295647,-0.03726841423149757,0.1557657973041096,-0.111331018980584,0.0016617189976386726,1
17.361974716186523,0.2225339710712433,-0.0068251811899244785,0.4760453999042511,0.053965020925084824,-0.07600801393471109,-0.12997684022461597,0.026058546192916587,0.17422790157366386,-0.014959160041230657,-0.030405472964048386,-0.06417374312877651,0.286417692899704,-5.034974768743334,0.7249274977229987,26.661659804680777,-0.036568604715199245,0.15442407427760557,-0.1140557134192165,0.001107324002077803,1
17.371946573257446,0.22291995584964752,-0.0074708363972604275,0.4748584032058716,0.0479424133603725,-0.0787416545582575,-0.1306352024450392,0.02616776020455802,0.17351062649513294,-0.012121691528903966,-0.0359954908490181,-0.06806015968322751,0.28110572695732117,-5.041878422447196,0.7462011828129033,26.67977733902032,-0.034797804469059515,0.1566434064696855,-0.11431318319787348,0.0010661279957275838,1
17.38195037841797,0.22326453030109406,-0.008114835247397423,0.47367149591445923,0.04709246276091879,-0.07734765098124849,-0.1310195330350297,0.026348280745716934,0.17272369284894795,-0.009241398462022321,-0.037503931671381,-0.054580934345722164,0.28699028491973877,-5.048334712051349,0.7662007399979991,26.693238487021727,-0.03438803887623945,0.15384020747373758,-0.1179613021836169,0.0011147949990117922,1
17.391945600509644,0.22387033700942993,-0.00947817787528038,0.47119155526161194,0.039540380681952855,-0.08035161352459723,-0.13389660405630877,0.026283535628840227,0.17209628170255398,-0.006404990638173125,-0.05049987509846687,-0.05826141685247418,0.2789868414402008,-5.05375857797257,0.7887820494148757,26.719130267211188,-0.030078404042679974,0.15572319228286988,-0.11721504974966242,0.001096641004551202,1
17.40194582939148,0.2241257131099701,-0.010184898041188717,0.4699394702911377,0.03826465744705666,-0.08237836497302929,-0.14015607558304213,0.02634646158395393,0.17114238178534258,-0.002236061288212632,-0.0488608181476593,-0.05481517687439915,0.2725588083267212,-5.063780056953475,0.8136608647531174,26.75637656686459,-0.030014662056641595,0.15628170172711872,-0.11744111470478813,0.0010580989983282052,1
17.411969423294067,0.22434623539447784,-0.010915548540651798,0.4686460494995117,0.03347280820342798,-0.08120314005718055,-0.13936868350495502,0.0261677299680807,0.17060535439060365,0.000472631431347903,-0.05584711208939552,-0.04569109901785847,0.2712305784225464,-5.0685751237604935,0.8358360009899536,26.77433743256757,-0.02748574811146319,0.15437671121894825,-0.11826751701996076,0.00103435899654869,1
17.42194414138794,0.22453007102012634,-0.011650693602859974,0.4673464596271515,0.030729807928234508,-0.08348108771646161,-0.1428207315906681,0.025988665982697334,0.17005774549527475,0.0032231680450349742,-0.06835338473320007,-0.0479706339538097,0.27048927545547485,-5.074553686955623,0.8586421093836856,26.799020704624567,-0.023014792237727053,0.15570101338703646,-0.11935075722043102,0.0010614499988150783,1
17.431943655014038,0.2246846705675125,-0.012419180944561958,0.46600180864334106,0.02747474604924186,-0.0834252008989381,-0.1461529738741538,0.025731581203560783,0.16951064429993146,0.005782353569057985,-0.06594299525022507,-0.03873010352253911,0.25282731652259827,-5.081573839299472,0.8806573533619455,26.82612612625001,-0.022454384171092995,0.1538553790358399,-0.11514307047021975,0.001048602003720589,1
17.441951274871826,0.2246846705675125,-0.012419180944561958,0.46600180864334106,0.02747474604924186,-0.0834252008989381,-0.1461529738741538,0.025731581203560783,0.16951064429993146,0.005782353569057985,-0.06594299525022507,-0.03873010352253911,0.25282731652259827,-5.086973356594665,0.8998683685867308,26.837020487444622,-0.02231263107780794,0.15361121163510755,-0.11435244367910431,0.0010790460000862367,1
17.45196509361267,0.22479622066020966,-0.013200707733631134,0.464638888835907,0.021655273577971545,-0.08368913069448036,-0.146619931006974,0.025387857245442458,0.16874431338899454,0.009622466599861212,-0.06734496355056763,-0.044939283281564685,0.2544480264186859,-5.087657934250093,0.918829594065297,26.849204016683835,-0.02136013164495648,0.1567781054513261,-0.11678490036081918,0.0011028549997718073,1
17.46194291114807,0.22486256062984467,-0.013996237888932228,0.46326032280921936,0.019070492763480957,-0.08510687170022267,-0.14832128612099638,0.02493996393110187,0.16828531608044273,0.012060738861284559,-0.09079981595277786,-0.037634052336215945,0.23489175736904144,-5.089129368871656,0.9366055925823019,26.865918102012607,-0.013017173480972885,0.1555725482068211,-0.11120367388556894,0.0010828860031324439,1
17.471946001052856,0.22490552067756653,-0.01480797864496708,0.46184566617012024,0.015911291989630514,-0.0855729579497001,-0.1519611329142366,0.02440546181799874,0.16785038513828,0.014316936677113201,-0.09619703888893127,-0.03909220546483991,0.22244496643543243,-5.0923452576976205,0.953814457482157,26.891371761099194,-0.009273873395317194,0.15662188016911993,-0.10707107409168622,0.0010538400019868277,1
17.481945037841797,0.2248932421207428,-0.01564185693860054,0.4604218304157257,0.008910724324469967,-0.08588515239979777,-0.14942929141284303,0.02380833833417828,0.16740829710037675,0.016611420585785908,-0.10046535730361938,-0.037372518330812426,0.22666171193122864,-5.087805344578072,0.9695537580840241,26.89951660157196,-0.006749064416346593,0.15709084780763793,-0.10871432848185117,0.0010778580035548657,1
17.491946697235107,0.22485049068927765,-0.016476068645715714,0.45898669958114624,0.008272892850009848,-0.08416807614983392,-0.15520949673919265,0.023154947619822508,0.16686931366183266,0.018742994220907416,-0.10495418310165405,-0.04025324061512944,0.20564347505569458,-5.089718851915134,0.9833407433707457,26.928960397623147,-0.003605474773969344,0.1587808680054769,-0.10287457324363374,0.0010213719942839816,1
17.501957654953003,0.224655881524086,-0.01818898506462574,0.456011027097702,-0.0012109017752584047,-0.0848500653953901,-0.15675868093701492,0.02236706486203932,0.16652765601913,0.020725979348384715,-0.10890965163707733,-0.03150101751089094,0.19357657432556152,-5.088700988418974,0.9976020573766988,26.959168901911482,-0.0007325180008716462,0.15707640825895938,-0.09851719919408963,0.0010934989986708388,1
17.51195740699768,0.22451138496398926,-0.019066380336880684,0.4544784426689148,-0.0051504222122940365,-0.08755012588940482,-0.16351956123174682,0.021337348687098245,0.16585153589211332,0.023602802816648616,-0.11123153567314148,-0.03433725610375402,0.18850786983966827,-5.091303142888447,1.0130519263538706,27.00169184885247,0.001825000732237622,0.15882597790292155,-0.09731341778240746,0.0010405030043330044,1
17.521961450576782,0.2243196666240692,-0.019953027367591858,0.4529348313808441,-0.009928237797663796,-0.08477754852883337,-0.15878199006863603,0.020484720268747925,0.16556750152515232,0.025328871559769706,-0.1061289831995964,-0.03363411501049993,0.17230124771595,-5.085460846352903,1.024275123952974,27.009641613649556,0.002120284386915588,0.15931313002259984,-0.09252771965243554,0.0011416069974075072,1
17.531967639923096,0.22410543262958527,-0.02084631659090519,0.45137906074523926,-0.011941804778616592,-0.08603025225731054,-0.16616994140197003,0.019752379443390478,0.16512609486807994,0.02693735951226106,-0.1103118434548378,-0.023365460336208326,0.15388670563697815,-5.087587484114283,1.0359558823344615,27.045026798129705,0.004791527317229554,0.15682618350333272,-0.08600131475994235,0.0021200369956204668,1
17.542021989822388,0.2238529771566391,-0.021746523678302765,0.4497937858104706,-0.01848238533747968,-0.08388765142157195,-0.1635201868327405,0.018322893920589944,0.16469427229067968,0.029095537673183625,-0.12218429893255234,-0.02945615351200102,0.1407998502254486,-5.081646672369645,1.0427903261209104,27.057740785233577,0.01109541114477603,0.1591618642119039,-0.08085889506369665,0.0009211060023517348,1
17.552937984466553,0.22356657683849335,-0.022652078419923782,0.4482181668281555,-0.021000486438123307,-0.08457531776600716,-0.16656659533675022,0.0173070493382248,0.16420504417578297,0.030331853211936544,-0.12308060377836227,-0.037959147244691835,0.12447482347488403,-5.077423727950218,1.0491903744384827,27.079628462063628,0.013857785342607258,0.16289455468252884,-0.07487603984521989,0.0011650680025923066,1
17.562206983566284,0.22356657683849335,-0.022652078419923782,0.4482181668281555,-0.021000486438123307,-0.08457531776600716,-0.16656659533675022,0.0173070493382248,0.16420504417578297,0.030331853211936544,-0.12308060377836227,-0.037959147244691835,0.12447482347488403,-5.073287859652135,1.0547969376802786,27.088700420843523,0.014187678643511361,0.16338455043105662,-0.0737385278929679,0.0011351830034982413,1
17.571950912475586,0.22325216233730316,-0.023552056401968002,0.44660696387290955,-0.02451647370908553,-0.08267259592567738,-0.16737627960747284,0.01626609697314274,0.16388807402383776,0.03135671224541614,-0.12327206879854202,-0.034409832209348665,0.10256871581077576,-5.068288373088413,1.0577050734093638,27.099892737691878,0.016191871855453503,0.16283579290831623,-0.06642115237083814,0.0010981770028593019,1
17.581947088241577,0.2228984534740448,-0.02444959431886673,0.4449881911277771,-0.029404846862077866,-0.08223015803412145,-0.1675819894992655,0.015241086986856889,0.16354120671931494,0.03227532683894685,-0.12726549804210663,-0.029111530631780614,0.0865916907787323,-5.060745070301755,1.059070442123493,27.109684799353158,0.019369828718437978,0.161711425884909,-0.059796967803513686,0.0010669660041457973,1
17.591944217681885,0.22250166535377502,-0.025341542437672615,0.44335395097732544,-0.03203445916241744,-0.07998932893306836,-0.16981558439159206,0.014089849398592591,0.16318618678955277,0.03302882728265555,-0.12464087456464767,-0.03381361067295074,0.06932475417852402,-5.05415355906606,1.0580429954494912,27.12590662842525,0.020934922149423864,0.16358143363304412,-0.052977290954702924,0.0010000050024245866,1
17.601943731307983,0.22209212183952332,-0.02623174339532852,0.4416864514350891,-0.036570958185527955,-0.08015083519706262,-0.1736146649732079,0.013035483030271688,0.16289947864114973,0.033546214609568636,-0.11583960056304932,-0.028882380574941628,0.04665758833289147,-5.0491136434829365,1.0570052036078017,27.150139284119607,0.02024165702615578,0.16281986904864723,-0.04435048810097511,0.0010694800002966076,1
17.611950397491455,0.221156507730484,-0.027969861403107643,0.4383395314216614,-0.0435889784295997,-0.07578147203933863,-0.1750436123433907,0.01204577216405367,0.1626505909375635,0.03396998483734359,-0.11346769332885742,-0.018905855715274807,0.04010014235973358,-5.041360217037186,1.0535183373671455,27.1713330208503,0.020990179973563484,0.1601856920113256,-0.04046832918356511,0.001101807996747084,1
17.621954441070557,0.22063061594963074,-0.028828619047999382,0.43665075302124023,-0.04918966064561751,-0.07265608769732407,-0.1700250790244461,0.010402441271555318,0.162396290843835,0.034335466535518666,-0.11067107319831848,-0.014133871532976626,0.020698601379990578,-5.025035250499306,1.0457225034423085,27.165950773484017,0.022840759710105418,0.15878623555365043,-0.03303108179174755,0.0010271669962094165,1
17.631941318511963,0.22008919715881348,-0.0296675693243742,0.43496963381767273,-0.05105508497480241,-0.07088635862110813,-0.17550891635429913,0.009543464816798242,0.1621499636058754,0.034351944151720826,-0.09622310847043991,-0.020947566255927086,0.0028179003857076194,-5.014447886584346,1.0379484211682153,27.185522541912857,0.02016342816544708,0.16112399018162005,-0.025892202906950865,0.0009958860027836636,1
17.64194083213806,0.21951889991760254,-0.030498333275318146,0.4332587420940399,-0.05664021724751284,-0.0673133655457312,-0.1722192473657329,0.008576933367557604,0.16210812852043333,0.03430228088253884,-0.08639752119779587,-0.0077763423323631295,-0.0052647367119789115,-4.998316461162774,1.0278568544304822,27.185141931112252,0.018257840033230187,0.15751242994113945,-0.02170646695672223,0.0010379890009062365,1
17.651939630508423,0.21889808773994446,-0.03130892291665077,0.43157368898391724,-0.06102787562428597,-0.06729304060676067,-0.17110580096877917,0.007833453026141246,0.16209046752786493,0.03410919521334943,-0.08161603659391403,0.0010181550169363592,-0.022010453045368195,-4.9804962536133,1.0184709245153485,27.184121746456015,0.017774597870567222,0.15439385683528103,-0.015136304332692654,0.0009838760015554726,1
17.661945104599,0.2182599902153015,-0.03211694955825806,0.42986881732940674,-0.06266843719210714,-0.0634279997530459,-0.17488458661909076,0.006658299303897053,0.162074787181961,0.03347285854932158,-0.07000353187322617,-0.002997628645971423,-0.04504149779677391,-4.967577218019395,1.0065499313215767,27.19966979490805,0.016253690465086217,0.15528003756167513,-0.005822688684077796,0.0010462979989824817,1
17.671968460083008,0.2182599902153015,-0.03211694955825806,0.42986881732940674,-0.06266843719210714,-0.0634279997530459,-0.17488458661909076,0.006658299303897053,0.162074787181961,0.03347285854932158,-0.07000353187322617,-0.002997628645971423,-0.04504149779677391,-4.955999229432132,0.9960871880382457,27.206385750115363,0.015984075406475402,0.15534765839267886,-0.004066244574724015,0.0010004949945141561,1
17.68196153640747,0.2176048308610916,-0.032908663153648376,0.42815056443214417,-0.06802900106677516,-0.06276372072735029,-0.17448662236164544,0.006058298567914289,0.1621426967124826,0.0329908236428933,-0.06066060811281204,0.0032095559872686807,-0.04760244861245155,-4.942059813235532,0.9865244769455508,27.210642707530322,0.013873953040247144,0.15349856320229718,-0.0026893278190090056,0.0010329619981348515,1
17.691961765289307,0.2161989063024521,-0.03441625460982323,0.4246654510498047,-0.07500911856879586,-0.05767271698895985,-0.1783127169469446,0.005092574760517721,0.16238045589168282,0.031480227056827736,-0.0302592646330595,0.014824532903730859,-0.08070457726716995,-4.930160684708819,0.9751120507124157,27.221564194951927,0.009810167144529876,0.15078377445045893,0.005706982280532422,0.0010335210026823916,1
17.70196294784546,0.2161989063024521,-0.03441625460982323,0.4246654510498047,-0.07500911856879586,-0.05767271698895985,-0.1783127169469446,0.005092574760517721,0.16238045589168282,0.031480227056827736,-0.0302592646330595,0.014824532903730859,-0.08070457726716995,-4.919326936464602,0.9653346608364191,27.23550775217836,0.00565888467619476,0.14913941998988955,0.0105090211070661,0.0010218600000371225,1
17.711966514587402,0.21467874944210052,-0.03585560992360115,0.4211224615573883,-0.07993901111182623,-0.053385392134756106,-0.18224774112413764,0.004737516352230298,0.16257830891868785,0.030588620299053293,-0.02222752571105957,0.020481979474425305,-0.08760148286819458,-4.910476217727549,0.9549969263357845,27.259300530240836,0.0033658271168903716,0.14709033109274627,0.014158152293754696,0.0010509069979889318,1
17.722023963928223,0.21388570964336395,-0.03655539080500603,0.4193083941936493,-0.08559969969510117,-0.04984670519415733,-0.18223154451331114,0.0043893221632256285,0.16296444098439,0.029057335001472673,-0.002462557051330805,0.030590346083044992,-0.10529536753892899,-4.899186533114853,0.9439555517836373,27.270323173386465,-0.00220533876866744,0.14330697562935873,0.021166034656978968,0.0013602229955722578,1
17.731976747512817,0.21307148039340973,-0.03723201900720596,0.41751033067703247,-0.08766137249608867,-0.04950419084974767,-0.18280823415983072,0.004349403045276645,0.16335318018451517,0.027920768248157923,0.00554449949413538,0.03525675088167189,-0.11636967957019806,-4.8887722373439075,0.9348007861037965,27.278030157918312,-0.005219758088905152,0.14087731988394045,0.02662091400613338,0.0011516609956743196,1
17.742180109024048,0.21223847568035126,-0.037888653576374054,0.41568467020988464,-0.0907960774804018,-0.04490914582987926,-0.185288800732737,0.00432658809697406,0.1636740591182111,0.026642141443923073,0.01638164184987545,0.040412373840808855,-0.12413971871137619,-4.880346306885965,0.9244938460651964,27.290962055829013,-0.008668590323144019,0.13861482786306428,0.03070346505997841,0.0016261100026895292,1
17.751938343048096,0.2113853394985199,-0.038521651178598404,0.41385188698768616,-0.09350545789677656,-0.044330038199558254,-0.18582339531236422,0.004363806969860384,0.16419953217575678,0.02527409121235591,0.022785557433962822,0.0448382832109928,-0.13526242971420288,-4.87217505580691,0.915802358879595,27.29926175235387,-0.010990951112136875,0.13630861751766363,0.03576660743590872,0.0009269009970012121,1
17.76235795021057,0.21050682663917542,-0.03913487121462822,0.41200995445251465,-0.0956298302736645,-0.039074309456318665,-0.1862139675870383,0.004697895955822595,0.165018894080454,0.023007307462560522,0.04524209722876549,0.055885739624500254,-0.14982643723487854,-4.865671683753683,0.9064231131465208,27.30481996888405,-0.018312678761226074,0.13148588541429998,0.04213715463370048,0.0010037059983005747,1
17.77195978164673,0.20961767435073853,-0.03972073271870613,0.4101412296295166,-0.09998224907044662,-0.038788572100507714,-0.1900451913375874,0.0048695905532594175,0.16565839229898494,0.021417926304869717,0.048393767327070236,0.05883617699146269,-0.15753963589668274,-4.859832195105818,0.8981200415689402,27.307304057712184,-0.019332903314390575,0.13084661169553927,0.04338150018808645,0.0012572339983307756,1
17.782188653945923,0.20869062840938568,-0.04028525948524475,0.4082626700401306,-0.10166375640811252,-0.03413977862902111,-0.1880376020961098,0.005329256765513435,0.1662258644695629,0.01969847143826975,0.06074118986725807,0.04963613301515577,-0.17090672254562378,-4.853732917370953,0.889672025494509,27.316282686032892,-0.024387183097434373,0.13156853775957836,0.0512249249593817,0.0010069179988931865,1
17.791945219039917,0.20777343213558197,-0.04082288220524788,0.4063735604286194,-0.10376647524768763,-0.03338816034952394,-0.1928576204053105,0.005614945669718985,0.16688844374369882,0.01793082763960685,0.057324085384607315,0.06932184845209119,-0.1739325374364853,-4.848028182817903,0.8825522980675146,27.3205363912296,-0.025291670014778417,0.13143316251012907,0.053389584928839544,0.0012033300008624792,1
17.801949977874756,0.20777343213558197,-0.04082288220524788,0.4063735604286194,-0.10376647524768763,-0.03338816034952394,-0.1928576204053105,0.005614945669718985,0.16688844374369882,0.01793082763960685,0.057324085384607315,0.06932184845209119,-0.1739325374364853,-4.848347152647836,0.8766587182741379,27.33976649145234,-0.02463842161591273,0.12444033742632196,0.05579428542200067,0.0010171829999308102,1
17.81194305419922,0.20585855841636658,-0.041819751262664795,0.40255412459373474,-0.10912265791538853,-0.02694568416209296,-0.19525910803390156,0.006035576642645868,0.16769638665419384,0.01607170481705822,0.06851686537265778,0.06871337443590161,-0.18260791897773743,-4.846918439690761,0.8692630981672664,27.35802880658683,-0.028269469416203515,0.12281946562286515,0.05981004331223713,0.0010027289972640574,1
17.821943759918213,0.20487676560878754,-0.04227267578244209,0.40061262249946594,-0.11091700139881183,-0.023463163514490303,-0.1948321614570233,0.0067038610410379285,0.16879983566922085,0.013207805500110137,0.07491294294595718,0.07329606264829633,-0.1874038428068161,-4.845468764567309,0.8619569305410067,27.364828096812577,-0.03146589542693977,0.11974196488153396,0.06342098993402621,0.0010812799955601804,1
17.832058668136597,0.203884094953537,-0.042703866958618164,0.3986612558364868,-0.1133950307481935,-0.021033359711670477,-0.19747921621291667,0.007155952987311309,0.1695121607611254,0.011243583789376732,0.07376019656658173,0.06945702433586118,-0.19484372437000275,-4.845636663643159,0.85489355327869,27.377775644944613,-0.03194435304148124,0.11969296610485655,0.06763355468383678,0.0019889789982698858,1
17.84197497367859,0.2028760313987732,-0.043102845549583435,0.39669835567474365,-0.11370078511414954,-0.01761011220293063,-0.19793340538053322,0.007690463290604743,0.17033114444147568,0.009158043756458678,0.08139260113239288,0.07742539048194882,-0.20557624101638794,-4.8471876330868575,0.8478379433148484,27.385357509059144,-0.0348112226752906,0.11609434344745889,0.07279827503599322,0.0008601509980508126,1
17.851952075958252,0.20186950266361237,-0.04347653687000275,0.3947140872478485,-0.11801819727598327,-0.01562643233352843,-0.20029568513157756,0.00821650425000131,0.1711135686285763,0.007060323775601063,0.09029152989387512,0.0798491835594177,-0.2026599496603012,-4.84881738537304,0.8420693927262303,27.397596743238147,-0.03868863991594384,0.11398033940766787,0.07359532571607647,0.0010046840034192428,1
17.86196255683899,0.20084504783153534,-0.04381370544433594,0.3927386701107025,-0.11689218364666916,-0.01288315925945443,-0.19789804354050924,0.00883056253056047,0.17193962177397015,0.004967619759216557,0.08764737844467163,0.07184377312660215,-0.21096299588680267,-4.848730571675904,0.836014860044267,27.39514873653756,-0.03900720050514343,0.11507613053224519,0.07764047650678638,0.0010590759993647225,1
17.87194538116455,0.19982358813285828,-0.044128648936748505,0.39072734117507935,-0.11945297747975894,-0.010524852120875219,-0.20355196170679324,0.009360533241796531,0.1725854799560378,0.0027125447346372233,0.09258522838354111,0.06789471209049222,-0.21989503502845764,-4.853407794673199,0.8306922823703105,27.414575067603106,-0.041033307805435196,0.1157099849599358,0.08236336187565109,0.0010428770037833601,1
17.88196873664856,0.19877904653549194,-0.04441060125827789,0.3887255787849426,-0.12162112873010553,-0.007036789070533842,-0.19974326773498746,0.009977554361023877,0.17350765915096344,0.0005696002924406862,0.08629278838634491,0.07642347365617749,-0.21259593963623047,-4.857009879985317,0.8259891359492499,27.422443906107922,-0.0413276708298667,0.11581770060717388,0.0832453081469834,0.0012704309992841445,1
17.891944646835327,0.19773417711257935,-0.04466960206627846,0.3867071270942688,-0.12286118804719347,-0.006807111366056841,-0.20573013742416163,0.010828214840750139,0.17449928749922394,-0.0027329836426939202,0.0961458683013916,0.06620485335588452,-0.2133253812789917,-4.8558743067467445,0.8202240044297038,27.41346701552324,-0.04029260874316768,0.11199994005435104,0.08216490826888516,0.001196976998471655,1
17.901946783065796,0.19668081402778625,-0.044898997992277145,0.38468480110168457,-0.12307057885110277,-0.0021121968939776872,-0.2010938945960211,0.011466988083230323,0.1751619701310796,-0.004950760466026605,0.09627111256122589,0.05459447950124738,-0.22150938212871552,-4.861424961839016,0.8175988626490664,27.431170036716924,-0.04437193426938556,0.1133806558577949,0.08356991313069301,0.0013329229986993596,1
17.911941289901733,0.19668081402778625,-0.044898997992277145,0.38468480110168457,-0.12307057885110277,-0.0021121968939776872,-0.2010938945960211,0.011466988083230323,0.1751619701310796,-0.004950760466026605,0.09627111256122589,0.05459447950124738,-0.22150938212871552,-4.8605332029344135,0.8127767653032338,27.423404000660778,-0.04551520333700466,0.1163710357797916,0.08767880620288812,0.001084840994735714,1
17.92194700241089,0.194576233625412,-0.04527478665113449,0.38062068819999695,-0.12597830653634678,0.002687532518850492,-0.2025708402637956,0.011962183356060585,0.17579366919754635,-0.007197419904575231,0.08690713346004486,0.06215249001979825,-0.21999302506446838,-4.859329894637956,0.8060302317266169,27.427554566033347,-0.04326403387618949,0.1137212428957773,0.08932386981806692,0.0010884020011872053,1
17.93308973312378,0.19243881106376648,-0.045540377497673035,0.3765685260295868,-0.12658309986929037,0.0069966777940531225,-0.20166464111357343,0.013311974194002207,0.1772402095121186,-0.012751738192160023,0.08554258197546005,0.048514056950807544,-0.2220006287097931,-4.85885875084658,0.8013681915562996,27.433880915590912,-0.046285827249981974,0.11637691586495603,0.09017860014979147,0.0021966339991195127,1
17.942045211791992,0.19243881106376648,-0.045540377497673035,0.3765685260295868,-0.12658309986929037,0.0069966777940531225,-0.20166464111357343,0.013311974194002207,0.1772402095121186,-0.012751738192160023,0.08554258197546005,0.048514056950807544,-0.2220006287097931,-4.85674676030098,0.7952059555089723,27.43069013535939,-0.044646692042737995,0.1160689015811181,0.09327435400897051,0.0008581250003771856,1
17.952175855636597,0.19135375320911407,-0.04563562944531441,0.3745356500148773,-0.1286704553543221,0.008518557270158376,-0.20305350319885576,0.013793914879827174,0.17769433968715553,-0.01486595156378634,0.08051580935716629,0.0392048433423042,-0.21031732857227325,-4.854512293546367,0.7896445110118518,27.435391709322904,-0.043739103703060764,0.11840286427022928,0.09116242336030093,0.0012880960057373159,1
17.96206521987915,0.1902632862329483,-0.04570861905813217,0.37251126766204834,-0.12969264397915614,0.01132900269501042,-0.20311735562722413,0.014316449932814113,0.1781986460968814,-0.017011069692106418,0.08464915305376053,0.0404577665030956,-0.2120082676410675,-4.85198654519714,0.7839386120092624,27.438626313590884,-0.04547762743161396,0.11767535186161246,0.09224420670817726,0.003011678003531415,1
17.97204279899597,0.18915723264217377,-0.04575652256608009,0.3704840838909149,-0.13167817930969294,0.012260509729269198,-0.2006668296182993,0.014743145194570317,0.17858007484029104,-0.019184476315586174,0.08683283627033234,0.033237654715776416,-0.21037974953651428,-4.844997832258284,0.7789004749717616,27.43283304114059,-0.04701409757618464,0.11941874566747969,0.09296180100901036,0.000854564001201652,1
17.981956243515015,0.18804538249969482,-0.04577621445059776,0.36848780512809753,-0.1304356943728823,0.01616879263436067,-0.1997880604546492,0.015498193635040014,0.17909791809301945,-0.022184118419496635,0.08092022687196732,0.023768091574311232,-0.19553129374980927,-4.838534908862689,0.7726951179309893,27.42854733794347,-0.04656780536487332,0.1218761119987973,0.08982333891116662,0.0010247239988530055,1
17.99194836616516,0.18692629039287567,-0.04577404633164406,0.36648619174957275,-0.13406616503746857,0.015894495069469383,-0.20024813666496305,0.01585643792529634,0.17944654963052553,-0.024111341452497825,0.07559143006801605,0.025286698713898634,-0.19086399674415588,-4.830819039324795,0.7679071317315459,27.429833254808862,-0.045445737188786514,0.12139881901719021,0.08877355073507393,0.0010298900015186518,1
18.001946210861206,0.18692629039287567,-0.04577404633164406,0.36648619174957275,-0.13406616503746857,0.015894495069469383,-0.20024813666496305,0.01585643792529634,0.17944654963052553,-0.024111341452497825,0.07559143006801605,0.025286698713898634,-0.19086399674415588,-4.8240866786328125,0.7637436881515567,27.43058611151881,-0.04532192314186188,0.12129420682027181,0.08856538408725069,0.0010430870024720207,1
18.011950254440308,0.18579544126987457,-0.04574926197528839,0.3645094931125641,-0.13403326448566627,0.02050561871458389,-0.19744872897852636,0.016353555673869646,0.1796215480706751,-0.026052382274489805,0.07416506111621857,0.01227904204279182,-0.18913733959197998,-4.813617892937968,0.7572870720324014,27.42263893742935,-0.045445990737090255,0.1251208925806396,0.0889911553458933,0.0009988890014938079,1
18.02196717262268,0.18467143177986145,-0.045691926032304764,0.3625236749649048,-0.13359156752171697,0.020330368823580334,-0.1993286567570784,0.016490577081051505,0.179730041353797,-0.027800361424208386,0.05420190095901489,-0.0013111056759953705,-0.167385995388031,-4.805564926224993,0.7511742022940933,27.42724992406616,-0.03989315001130909,0.12974323569545004,0.08336852709486235,0.001121217996114865,1
18.031944036483765,0.1835269182920456,-0.045611076056957245,0.36056050658226013,-0.13571113367208668,0.02523724180994588,-0.1936314253299398,0.016846373363564204,0.17983667031201556,-0.02946926267377936,0.04701511189341545,0.0028903395868837634,-0.16364605724811554,-4.78987949122591,0.7419834470922848,27.411036686754755,-0.03732607254259931,0.1289651095545811,0.08205556540446561,0.0009981200055335648,1
18.041963577270508,0.18124084174633026,-0.04537190496921539,0.3566719889640808,-0.137288708546923,0.0290604095806053,-0.1913933717160366,0.016830001352140744,0.1798167068236487,-0.031143037183273936,0.03675739839673042,-0.006906479597091694,-0.1579509973526001,-4.769796797545804,0.7301381620707339,27.398837159258736,-0.03381516195719843,0.1320354375796791,0.08119146247137855,0.001068432000465691,1
18.051952838897705,0.18008971214294434,-0.04521341249346733,0.3547503352165222,-0.13555406047517313,0.02920035276680328,-0.19383370864229596,0.01700856961634445,0.1797755873306266,-0.03331682577529049,0.026355570182204247,-0.014454982243478316,-0.13847751915454865,-4.754854050859359,0.7195581831957121,27.403356868252768,-0.030792730100502288,0.1347589720070246,0.07598011568605743,0.0011196819978067651,1
18.061952352523804,0.17892280220985413,-0.04503215104341507,0.35283687710762024,-0.13941255610792935,0.03341044978682752,-0.18909437575768762,0.016858587971463113,0.17971954274164847,-0.034712390800584636,0.016514059156179428,-0.01670141518115999,-0.13185293972492218,-4.732155499840246,0.7057869100953073,27.3905499057827,-0.027155555543179697,0.13604475034846414,0.0739229498449199,0.0010189280001213774,1
18.07196617126465,0.17774425446987152,-0.044826656579971313,0.3509553372859955,-0.13916370361294017,0.033601582324122886,-0.18987911855813788,0.016798273355205673,0.17944385386921802,-0.035973645175293445,0.007036848925054073,-0.03335085138678552,-0.12499413639307022,-4.710972387785794,0.692821770139434,27.38945818204093,-0.023854124904822274,0.14175161873656628,0.0722298214854083,0.0010342899986426346,1
18.08196997642517,0.1765536367893219,-0.044601958245038986,0.3490714430809021,-0.13995650600035892,0.03652387173257296,-0.1862073373191248,0.01658207870659245,0.17909279855893212,-0.037140309463867816,0.0018272410379722714,-0.040554177016019835,-0.10707148164510727,-4.685431974795842,0.6781695735929657,27.377971586887178,-0.021811708493008963,0.1452619202179017,0.06679697337665329,0.0010148099972866476,1
18.091963052749634,0.17534704506397247,-0.0443546362221241,0.34720972180366516,-0.1418333830923326,0.03785052257585715,-0.18735061267611786,0.016254551258724437,0.17829246664750364,-0.03860464313951839,-0.0061468686908483505,-0.05954748019576074,-0.09516496956348418,-4.659334335591096,0.6631860581864757,27.37903340442116,-0.018869243608290384,0.1528063754724904,0.06296727891915604,0.001067176999640651,1
18.101963758468628,0.17412841320037842,-0.04408440366387367,0.3453506827354431,-0.1422963895614591,0.03984311250856473,-0.18548363365231302,0.015977734082509354,0.17767563330547365,-0.039530049414662205,-0.013653711415827274,-0.06759347021579744,-0.08811641484498976,-4.631111028790432,0.6472067840476831,27.37476433609166,-0.015889011428133922,0.1571520859514383,0.06072060872436704,0.0010218620009254664,1
18.111966848373413,0.17412841320037842,-0.04408440366387367,0.3453506827354431,-0.1422963895614591,0.03984311250856473,-0.18548363365231302,0.015977734082509354,0.17767563330547365,-0.039530049414662205,-0.013653711415827274,-0.06759347021579744,-0.08811641484498976,-4.6067772784491146,0.6332824219844211,27.373786581523824,-0.015545679010122805,0.1576229851752058,0.06024365869493286,0.001085680996766314,1
18.121968269348145,0.17289838194847107,-0.043792929500341415,0.34350457787513733,-0.14438311929995434,0.04101569266557523,-0.18388111709770769,0.015648245533976812,0.17697350342314833,-0.04015282111979657,-0.0210582185536623,-0.07288926839828493,-0.0627085044980049,-4.579127242284464,0.6189838631444806,27.369651531791952,-0.013293770251678692,0.16036420734645684,0.052369294619459744,0.0010314270039089024,1
18.132133960723877,0.1703779697418213,-0.04314708337187767,0.3398679494857788,-0.14811152626379837,0.04421383292057269,-0.18173589864829812,0.015081685196959072,0.17537081589831072,-0.04127404450463734,-0.022908443585038185,-0.0919419601559639,-0.041604589670896516,-4.543428734207646,0.6024022905796954,27.363451515025773,-0.012163307089622074,0.16865322380862283,0.0445192364718798,0.0030388430022867396,1
18.142366886138916,0.1703779697418213,-0.04314708337187767,0.3398679494857788,-0.14811152626379837,0.04421383292057269,-0.18173589864829812,0.015081685196959072,0.17537081589831072,-0.04127404450463734,-0.022908443585038185,-0.0919419601559639,-0.041604589670896516,-4.51194264225848,0.5877642697423937,27.361932773540833,-0.011890476469012846,0.17001039596474074,0.04321866265224172,0.0008834719992592,1
18.15200185775757,0.16908641159534454,-0.04278731718659401,0.3380918502807617,-0.14692544973448946,0.047382306444551485,-0.17689233978147775,0.014829854276318333,0.17447510814183298,-0.041546022329903565,-0.03533386439085007,-0.0902164950966835,-0.020988835021853437,-4.476750873974306,0.5708311146377968,27.34641101992329,-0.008011415432754394,0.17079255448745295,0.036766929680952694,0.0009958879963960499,1
18.16195011138916,0.16645567119121552,-0.04200679436326027,0.3345535695552826,-0.15078853135297107,0.05134730066382889,-0.1738514743675078,0.014212074497651273,0.17299425997858986,-0.04181717915491401,-0.03554400056600571,-0.10329844057559967,-0.014626430347561824,-4.433413449895362,0.5509847722853637,27.33264595551557,-0.006632271975181139,0.17711790541716055,0.033730563002025205,0.0010736010008258745,1
18.17194938659668,0.1651068776845932,-0.04157311096787453,0.3328143358230591,-0.1532152583645972,0.05161202661579742,-0.17617392650597713,0.013922636914804887,0.17180183375671065,-0.041837379703276056,-0.0374351404607296,-0.11163759976625443,0.0027200100012123724,-4.392274284055423,0.532738256881734,27.337240262077756,-0.00586959711663161,0.18219311944430858,0.02751934603649668,0.0010633370038704015,1
18.181959629058838,0.1637280136346817,-0.04112429916858673,0.3311055898666382,-0.15515807484342,0.055208892509196264,-0.16845239432653034,0.013458318091097876,0.17081243938208068,-0.041642012192631306,-0.045688237994909286,-0.11103712767362595,0.022115815430879607,-4.343066708468274,0.5119303498369273,27.314821934757063,-0.0028900395097730077,0.18404488530400245,0.02023358340909314,0.001057191999279894,1
18.19210410118103,0.16232572495937347,-0.04064173996448517,0.3294176757335663,-0.1562187408281716,0.055805807486239825,-0.17025751935756708,0.013121366208757035,0.1695745801567936,-0.041364321549460126,-0.05359141156077385,-0.11395379900932312,0.028123518452048316,-4.297499982301671,0.4919695374863533,27.314109934094756,0.00027175952822313136,0.18679501900663192,0.017018779340543886,0.0015551710021100007,1
18.202092170715332,0.1609015315771103,-0.04014302045106888,0.3277345299720764,-0.1586952512231761,0.0587061347540326,-0.1671236449332282,0.012332240385773297,0.1678587340817983,-0.04073142418236797,-0.0547635518014431,-0.11559231579303741,0.048865787684917464,-4.247362970772797,0.47030871131104046,27.305480158895428,0.0017569802407196502,0.19000717073203602,0.009403541494994554,0.0010475570015842095,1
18.212026357650757,0.15943560004234314,-0.03961135819554329,0.32606735825538635,-0.1618224089101313,0.06079066192146509,-0.1675937914586094,0.012332240385773297,0.1678587340817983,-0.04073142418236797,-0.0547635518014431,-0.11559231579303741,0.048865787684917464,-4.20043625497946,0.4493908527027853,27.305762568535787,0.0019772256182547005,0.19042115348479446,0.007961871162402403,0.0010324050017516129,1
18.22195076942444,0.15943560004234314,-0.03961135819554329,0.32606735825538635,-0.1618224089101313,0.06079066192146509,-0.1675937914586094,0.012332240385773297,0.1678587340817983,-0.04073142418236797,-0.0547635518014431,-0.11559231579303741,0.048865787684917464,-4.159651801189803,0.4310820405235479,27.307087607835964,0.0019324240718329078,0.1903022410547294,0.007672454196753838,0.0010817700022016652,1
18.231948852539062,0.15943560004234314,-0.03961135819554329,0.32606735825538635,-0.1618224089101313,0.06079066192146509,-0.1675937914586094,0.012332240385773297,0.1678587340817983,-0.04073142418236797,-0.0547635518014431,-0.11559231579303741,0.048865787684917464,-4.124173722390037,0.41505425496844517,27.3086830223787,0.0018601496126525465,0.1901332286736239,0.007603448800631348,0.0010060819986392744,1
18.241952896118164,0.15642483532428741,-0.03847512975335121,0.32273271679878235,-0.16615079532494242,0.06352096873848491,-0.16547398011108924,0.010897340019245139,0.16444167364259776,-0.03841929724008919,-0.06563601642847061,-0.11108173429965972,0.09616581350564958,-4.07719390302572,0.39483921265434385,27.30525452770134,0.006353219619980666,0.19349755720267933,-0.008606198228020275,0.001043298005242832,1
18.251962184906006,0.15327942371368408,-0.03723808377981186,0.31945833563804626,-0.17176081442915206,0.06879304436291149,-0.16006372569722804,0.010514678874945282,0.16331357737264973,-0.03738941318460354,-0.05797729268670082,-0.10754916816949843,0.10549549758434297,-4.02076377709167,0.37153865566149896,27.288416933224536,0.00509924379745947,0.19454117877339963,-0.015504898761987618,0.0010499310010345653,1
18.261961460113525,0.15165001153945923,-0.03657366335391998,0.3178788423538208,-0.1737369002289379,0.07162464415849996,-0.15768642702676325,0.0098373676433825,0.16177440154331535,-0.03565196032893869,-0.06029355153441429,-0.10742308944463728,0.11901686340570451,-3.9629787985484355,0.34697673752497576,27.275816374272434,0.006405004323311963,0.19665053572824634,-0.02194153484635299,0.0010775810005725361,1
18.271950721740723,0.14998756349086761,-0.03589243441820145,0.31631001830101013,-0.17649568832870743,0.07231936693437184,-0.1549202617070376,0.009266438431066337,0.16072150930836715,-0.034346055945489784,-0.07315532863140106,-0.09309962391853331,0.13229702413082123,-3.9048093399766883,0.3224574908884494,27.2635906239198,0.011067699960477153,0.19383887108395706,-0.027678378478825653,0.0010332430028938688,1
18.281942129135132,0.14828503131866455,-0.0351799800992012,0.31477993726730347,-0.17925507030577437,0.07564121568112463,-0.150921773607178,0.008778127453535678,0.15974502933607448,-0.032931619396400436,-0.07058955729007721,-0.10370068252086638,0.14203298091888428,-3.8437222359346594,0.29699316787562713,27.24729009667042,0.011457884948981388,0.19808924399759653,-0.03284301357818045,0.0010301009970135055,1
18.29194211959839,0.14655616879463196,-0.034440066665410995,0.3132721185684204,-0.1808033441239745,0.07882991452148384,-0.14973246972893206,0.00832902336653829,0.1587222551926053,-0.03138810928241753,-0.06970079243183136,-0.0935409441590309,0.14952991902828217,-3.7849378575548367,0.27079574719307964,27.23890710422076,0.01177027088362363,0.19675735350109402,-0.037007851623936244,0.0010040569977718405,1
18.301955699920654,0.1447940617799759,-0.03366774693131447,0.3117794692516327,-0.1849806326921344,0.07996691087625683,-0.148672562727394,0.007595481174948127,0.15748180788350297,-0.028942004930534893,-0.07718773186206818,-0.08189301192760466,0.16448438167572021,-3.7258165421374034,0.24453461027059054,27.234351251445403,0.014874879759097844,0.19460334415214225,-0.04365320405966307,0.0010285649987054057,1
18.311959266662598,0.1429896354675293,-0.03286847099661827,0.3103022277355194,-0.18767705704126786,0.08395417833412655,-0.14552886529013634,0.007084426477659278,0.1566193642660565,-0.027259562008244753,-0.0752440020442009,-0.08337052911520003,0.16873255372047424,-3.665288229326417,0.21683446214069854,27.224062059673333,0.015427726883017275,0.19587322008312621,-0.04722329924649509,0.001019975999952294,1
18.321956157684326,0.14116330444812775,-0.03203870356082916,0.3088478446006775,-0.18956743293984854,0.08339391688354328,-0.1450448761199459,0.0064870274396717775,0.1558586585698012,-0.025517373713928038,-0.076563760638237,-0.07251395285129544,0.1724105179309845,-3.6077981632949463,0.19080131243371695,27.220491561575084,0.016581322106352492,0.19350994717514694,-0.04985565486110999,0.0010963630047626793,1
18.332090616226196,0.14116330444812775,-0.03203870356082916,0.3088478446006775,-0.18956743293984854,0.08339391688354328,-0.1450448761199459,0.0064870274396717775,0.1558586585698012,-0.025517373713928038,-0.076563760638237,-0.07251395285129544,0.1724105179309845,-3.5578302678944724,0.1679970226499498,27.220424316468925,0.01666251569348576,0.19299230182844437,-0.05040739389456832,0.0012464829997043125,1
18.34249496459961,0.1374058872461319,-0.030319591984152794,0.30601853132247925,-0.19326181939135822,0.08769995046879821,-0.13826079234588504,0.005615125888084105,0.1545437403002463,-0.021752338773508573,-0.07277202606201172,-0.0600340887904167,0.1860695481300354,-3.4995291538530586,0.1418251356704829,27.19982005432238,0.01638416228623455,0.1905338416715612,-0.05623727330766737,0.0010071989963762462,1
18.351919412612915,0.1374058872461319,-0.030319591984152794,0.30601853132247925,-0.19326181939135822,0.08769995046879821,-0.13826079234588504,0.005615125888084105,0.1545437403002463,-0.021752338773508573,-0.07277202606201172,-0.0600340887904167,0.1860695481300354,-3.4480749768422068,0.1183879755633012,27.19287764033913,0.01652278017861256,0.19025395825026684,-0.058105283341614175,0.000952248003159184,1
18.361955642700195,0.1374058872461319,-0.030319591984152794,0.30601853132247925,-0.19326181939135822,0.08769995046879821,-0.13826079234588504,0.005615125888084105,0.1545437403002463,-0.021752338773508573,-0.07277202606201172,-0.0600340887904167,0.1860695481300354,-3.4034555332024206,0.09784604737595044,27.191274911578354,0.0164669766856651,0.19003673425684034,-0.05847925244186244,0.0028371939988574013,1
18.371992826461792,0.131561741232872,-0.027577247470617294,0.30198732018470764,-0.199349509559364,0.09423305893201943,-0.1279030700931713,0.0047779421835372204,0.15367578140149218,-0.017805590136358074,-0.07085084915161133,-0.03573921695351598,0.2013750672340393,-3.3425225623403647,0.0701349991198699,27.158459027133514,0.017013768670932468,0.18381884678782806,-0.06556608261772752,0.0009752900004968978,1
18.381980657577515,0.12956126034259796,-0.026631714776158333,0.3006998896598816,-0.20264134015383203,0.09407276710850285,-0.12394452395508555,0.004062179269060273,0.15332998969889955,-0.014795794389525163,-0.07275199890136719,-0.016898050904273963,0.201075941324234,-3.2818716320234347,0.04330897763994321,27.133726499970066,0.018668003398063033,0.17749474964619202,-0.06823362673742223,0.0012490669978433289,1
18.391957759857178,0.1275351643562317,-0.02564622461795807,0.2994530200958252,-0.2017245310601263,0.09798692206057226,-0.1207685728965017,0.0037565409274167294,0.1532425475196164,-0.012769782577350508,-0.06715216487646103,-0.00856273807585237,0.199654221534729,-3.224860939458362,0.01539998446210324,27.114693883164712,0.01774247010967226,0.1739833494359179,-0.06952232629433791,0.0011825950059574097,1
18.401952743530273,0.12549397349357605,-0.024650802835822105,0.29821792244911194,-0.2047215260035304,0.0979449005240009,-0.11863561563345396,0.003301181524364427,0.15318504544655953,-0.010734340357482886,-0.07157790660858154,0.005011114291846777,0.20191946625709534,-3.1695221792910244,-0.01140019374938623,27.101773051477995,0.01954725494250808,0.1693039155298291,-0.071388637814743,0.0010275170061504468,1
18.411954164505005,0.12343107163906097,-0.023625878617167473,0.29704272747039795,-0.20491871375078147,0.10137979705920484,-0.11252645824407344,0.0028589462868682247,0.15327184700819574,-0.007642975009753972,-0.05917424336075783,0.010346876457333589,0.19965749979019165,-3.1135096668647027,-0.03893614238918975,27.077428627051425,0.016707224464685765,0.16683281144863815,-0.07300778602139356,0.0010053139994852245,1
18.421950101852417,0.1213623508810997,-0.022582318633794785,0.295894056558609,-0.20526050162842543,0.10299021025170581,-0.10886752281504698,0.0028589462868682247,0.15327184700819574,-0.007642975009753972,-0.05917424336075783,0.010346876457333589,0.19965749979019165,-3.058864682509805,-0.06571663003054871,27.056830660779344,0.016370956006867592,0.16640708030769863,-0.07331009144763789,0.0010366639980929904,1
18.4319486618042,0.1213623508810997,-0.022582318633794785,0.295894056558609,-0.20526050162842543,0.10299021025170581,-0.10886752281504698,0.0028589462868682247,0.15327184700819574,-0.007642975009753972,-0.05917424336075783,0.010346876457333589,0.19965749979019165,-3.011762989728939,-0.08920146353438557,27.0497135143851,0.016244131285817122,0.16616849449415705,-0.07338903568176686,0.0010103410022566095,1
18.441953659057617,0.11927448213100433,-0.021519405767321587,0.29480791091918945,-0.2059692605205417,0.10382623236552994,-0.10114906369179907,0.0023308874436835936,0.1536448397276251,-0.003580300826055982,-0.05692659690976143,0.021116901189088846,0.20262135565280914,-2.961806095987441,-0.11268976212446696,27.022068046065616,0.0162107675596877,0.1623055027113666,-0.07657958190369919,0.001057610999851022,1
18.45195174217224,0.11718229204416275,-0.020442243665456772,0.29376763105392456,-0.20541089912880905,0.10641450441396243,-0.0974587611778563,0.002071491776032275,0.15392146733338397,-0.001690590917259982,-0.04531862959265709,0.03159908577799799,0.18985281884670258,-2.914205586201371,-0.13656798168738035,26.99985170469807,0.013277495819917011,0.15805273920079926,-0.0742744149958347,0.001030450002872385,1
18.46195340156555,0.1129523292183876,-0.018235929310321808,0.29180005192756653,-0.2065301700523121,0.10971414299162909,-0.08744287070499708,0.0019023620351408255,0.15424807100892846,0.00027923792665518476,-0.04700218513607979,0.03533306717872622,0.19202947616577148,-2.858245206713782,-0.163350179508238,26.958659630835335,0.013779533934256936,0.1560242693300896,-0.0755635720633762,0.0010571230013738386,1
18.471949577331543,0.11084115505218506,-0.017105380073189735,0.29088273644447327,-0.20554426468485948,0.10943109534803243,-0.08661257017422497,0.0017723158244837833,0.15472758831072264,0.003137778546081993,-0.03382943570613861,0.036353111267089865,0.18687796592712402,-2.808659131097168,-0.18774196460603287,26.94079393669965,0.009987166923041794,0.154671815042117,-0.07609678110497589,0.0010191390028921887,1
18.4819495677948,0.1087154820561409,-0.01597553677856922,0.2899935245513916,-0.20671284331421622,0.11155142622946716,-0.07952832005771689,0.001662714223811701,0.15518614554590338,0.004978705472723721,-0.03086887300014496,0.04481571540236475,0.18022777140140533,-2.7568668904979887,-0.21239387380959387,26.91103639470633,0.00891386480090335,0.15128905078179275,-0.07505832930924643,0.001040573995851446,1
18.491950273513794,0.10660051554441452,-0.014826180413365364,0.2891615629196167,-0.203857706679902,0.1113049683791208,-0.07755515933891674,0.0018253626362652042,0.1555277286145258,0.006844634019208318,-0.017136864364147186,0.04036501422524454,0.18174044787883759,-2.7102683125888003,-0.2344513155229774,26.893665916287357,0.004256070256225671,0.15161608735230414,-0.07690984673615657,0.0010748580025392585,1
18.501953125,0.10449329763650894,-0.013680648058652878,0.2883460521697998,-0.20363509759662668,0.11198693495606217,-0.07231566701237482,0.002020375445558109,0.1560107577797072,0.008627742201019917,-0.0026733805425465107,0.0542416535317898,0.1762896031141281,-2.664180204094697,-0.2549660184193684,26.870390503595583,-0.0009909016267605235,0.14667986674743258,-0.07691973950955787,0.001050558996212203,1
18.51193881034851,0.10238934308290482,-0.01253130566328764,0.287578284740448,-0.202636212465694,0.11185041062254358,-0.06868061298998727,0.0023079564495502858,0.15650344740470157,0.010361388674855032,0.0038966378197073936,0.050719600170850775,0.16879630088806152,-2.6197562109357664,-0.2737896474003529,26.849971069425173,-0.003934604128870188,0.1464073328176029,-0.07569356098273237,0.0010895909945247695,1
18.521958112716675,0.10029140114784241,-0.01137479580938816,0.28684306144714355,-0.20001135879656307,0.11305994510906985,-0.06460097767638824,0.0027137357975202114,0.15694749540104658,0.012048147133071563,0.02839423157274723,0.048400580883026144,0.16387896239757538,-2.5775037465232926,-0.2909952033199853,26.829122572253702,-0.012326211674732772,0.14644004741316183,-0.07562144220959095,0.0010446250016684644,1
18.531973361968994,0.09821012616157532,-0.010233458131551743,0.2861349880695343,-0.2006767999910102,0.11094290725797003,-0.06197575043640469,0.003643846531682815,0.15747016445353124,0.01447277512800671,0.042942486703395844,0.035300154238939306,0.15644915401935577,-2.5358269673820475,-0.30413331489353324,26.813193025006555,-0.019088220680597526,0.14983314634340333,-0.07520635495551246,0.0011947439998039044,1
18.542317628860474,0.09613080322742462,-0.009083756245672703,0.28549379110336304,-0.19703412045794502,0.1139038056536843,-0.05319216890310713,0.004608216904449236,0.15781032844674492,0.015970454025468594,0.0659133717417717,0.03704672306776049,0.14760154485702515,-2.4933421621807583,-0.3162964998572232,26.777852353887845,-0.027678826008055595,0.14937975989622085,-0.0734282959470042,0.003085206000832841,1
18.552313804626465,0.09613080322742462,-0.009083756245672703,0.28549379110336304,-0.19703412045794502,0.1139038056536843,-0.05319216890310713,0.004608216904449236,0.15781032844674492,0.015970454025468594,0.0659133717417717,0.03704672306776049,0.14760154485702515,-2.455908555718455,-0.3277973012600115,26.764526196451403,-0.029221349208450677,0.14902332315387476,-0.07360999324373017,0.0008933170029195026,1
18.562283277511597,0.09205544739961624,-0.006829938385635614,0.28435415029525757,-0.19350296348994273,0.10979775284503641,-0.039930156194625546,0.007233988859198348,0.15824946576111731,0.01940544870914218,0.10546210408210754,0.01597613468766214,0.1256563514471054,-2.408918724364371,-0.3319959318723733,26.715204614544074,-0.04402246239521981,0.1552541481122834,-0.06953940040777067,0.0010858189998543821,1
18.57194447517395,0.09205544739961624,-0.006829938385635614,0.28435415029525757,-0.19350296348994273,0.10979775284503641,-0.039930156194625546,0.007233988859198348,0.15824946576111731,0.01940544870914218,0.10546210408210754,0.01597613468766214,0.1256563514471054,-2.3679973521474977,-0.3365633152092075,26.69624637679879,-0.04674460446336029,0.15583540445607763,-0.06944571581807413,0.0008644800036563538,1
18.582008600234985,0.09004844725131989,-0.0057285251095891,0.2838769853115082,-0.19054806258346765,0.10800746065651382,-0.036719328162828475,0.00845985428631657,0.15838531949163226,0.02059238303006916,0.1066943034529686,0.010543901473283782,0.11818960309028625,-2.3291671539253205,-0.33910558719733613,26.678747626170086,-0.04898925272648027,0.15733959049204893,-0.06803300461741772,0.00157269600458676,1
18.591946125030518,0.08610226213932037,-0.0035530859604477882,0.2831611633300781,-0.18551103812569303,0.10594723313660326,-0.018484092158403954,0.00911220955016212,0.15830667332278647,0.02114200739342431,0.11750989407300949,-0.009207782335579383,0.10532274842262268,-2.275187286868377,-0.3425170136443965,26.61011634045801,-0.053133319914835525,0.16409377438815947,-0.06424621134031963,0.0010629169992171228,1
18.601938724517822,0.08417578786611557,-0.002482757205143571,0.28293517231941223,-0.1812052429826993,0.1049244549238467,-0.00853747419733603,0.01134060737543674,0.1580774860852494,0.02261865606452762,0.1359720528125763,-0.016465134918689717,0.09294009953737259,-2.2200715540996527,-0.34299041090422044,26.54936720083886,-0.06207479492332152,0.16756914408985693,-0.06154144895935361,0.001089520003006328,1
18.611947774887085,0.08228524774312973,-0.001448750146664679,0.2827875018119812,-0.17930305003844155,0.10239113854496457,6.712480999589847e-05,0.01289364385665781,0.1577805549818896,0.02347901165107036,0.1503203809261322,-0.020494896918535222,0.08378741890192032,-2.16341745672389,-0.3410182368284041,26.496533941238976,-0.06956201188134,0.16972008857694088,-0.05935009215510749,0.0010557260029600002,1
18.621938228607178,0.08042646199464798,-0.00042637999285943806,0.2827307879924774,-0.17364083212502565,0.101359858517357,0.008439636084353951,0.014631940322266335,0.15741528082121636,0.024213871429778155,0.15873228013515472,-0.04056937247514724,0.0712745413184166,-2.107273840422729,-0.3380746740929148,26.447258559159,-0.0751069236931968,0.17666971406497708,-0.0558611239117013,0.0010713670053519309,1
18.63193106651306,0.07860545814037323,0.0005653215339407325,0.28272780776023865,-0.17249022420417237,0.09819970272473656,0.014881643005408658,0.017197584388860765,0.1567565119251313,0.02507365047736876,0.166435107588768,-0.04136284813284873,0.05426136404275895,-2.050922452280006,-0.33173607493439167,26.406658540682244,-0.08131339337725123,0.17872363412917422,-0.05113312485511122,0.0010745779945864342,1
18.641939163208008,0.07680931687355042,0.0015311982715502381,0.2828163504600525,-0.1678163854029936,0.09623263746712939,0.022909860963950535,0.019170672407592182,0.1561378910204856,0.025541938377088957,0.185124471783638,-0.05162025243043899,0.04544896632432938,-1.9947292292121115,-0.32374180733962654,26.363751967032197,-0.09028368825841843,0.18292172374716872,-0.04869682943850416,0.0010430879992782138,1
18.651946544647217,0.07680931687355042,0.0015311982715502381,0.2828163504600525,-0.1678163854029936,0.09623263746712939,0.022909860963950535,0.019170672407592182,0.1561378910204856,0.025541938377088957,0.185124471783638,-0.05162025243043899,0.04544896632432938,-1.9468251706020632,-0.31667643351755154,26.347469290147103,-0.09145346202470571,0.1833427046288783,-0.048186233348252276,0.0009950500025297515,1
18.661956071853638,0.07507028430700302,0.0024531378876417875,0.28293702006340027,-0.1630544660755695,0.09255336948654203,0.02392614758889591,0.020126776265141366,0.1558236517603877,0.025696244463716322,0.1906587779521942,-0.05632021650671958,0.03186004981398583,-1.9049139415349694,-0.3077888421368983,26.33829012075582,-0.09441291207600168,0.1850648977267825,-0.044123181168612184,0.0010209539977950044,1
18.671945571899414,0.0733569785952568,0.0033498734701424837,0.28311973810195923,-0.16100445364351115,0.09021840965019705,0.03219389678941539,0.023046046227722883,0.15520370818328733,0.026013775925627147,0.18954654037952423,-0.027739685028791428,0.009955925866961483,-1.8605968279822878,-0.2973799535350983,26.30779584319506,-0.0978734689576033,0.17721928089546665,-0.03733420586288392,0.0010495120004634373,1
18.68196153640747,0.07168824970722198,0.004202791023999453,0.28332218527793884,-0.15580755399838647,0.08590217610379815,0.03172342485295893,0.024947906087999794,0.15491225458314783,0.026050294297314647,0.18132025003433228,-0.027226854115724564,0.00266838259994984,-1.8241290996750368,-0.2843044819542588,26.297822664639444,-0.09828039888492626,0.17607163107554555,-0.03387956364668941,0.0010108989954460412,1
18.691953420639038,0.07006612420082092,0.005022867117077112,0.28354406356811523,-0.15120835534149582,0.08267255813997763,0.03517845583529379,0.026631708751999383,0.15476912180128544,0.025937872370723536,0.1728089451789856,-0.007132084108889105,-0.016986403614282608,-1.7911642221573454,-0.2706125300609242,26.282940143316083,-0.09762485207920989,0.1696929749783713,-0.027028228729095556,0.0010156470016227104,1
18.701945304870605,0.06693343818187714,0.006515044253319502,0.2840145528316498,-0.1426740728711085,0.07375985326463766,0.03459866646283735,0.02826165963284888,0.15485054363918005,0.02572601241174821,0.15738101303577423,0.01961022242903709,-0.026531707495450977,-1.7664282838279624,-0.2528356735902399,26.279707330488247,-0.0950744928816699,0.16002030734755956,-0.022615875458849185,0.001072483995812945,1
18.711947202682495,0.06545992940664291,0.0071754478849470615,0.28421419858932495,-0.14061625212263548,0.06793165879426176,0.03217639791472562,0.03091351313345525,0.15572192911927774,0.024855025226832694,0.12494432926177979,0.06409939378499983,-0.059059560298919685,-1.7498870906646173,-0.2318973336607451,26.288237090810348,-0.08788301711490241,0.14351736454565295,-0.01052967965051135,0.0010519560019019991,1
18.721935749053955,0.0639897808432579,0.007799984887242317,0.28444358706474304,-0.1342817386359643,0.06407836008621492,0.03453735633310163,0.03091351313345525,0.15572192911927774,0.024855025226832694,0.12494432926177979,0.06409939378499983,-0.059059560298919685,-1.735229120764624,-0.2119735293196637,26.283528909516637,-0.08709010730228824,0.14111613267279047,-0.008143256441340068,0.0010661999986041337,1
18.731947660446167,0.0626121386885643,0.00836067646741867,0.2846207022666931,-0.12834247935142695,0.05797255774793245,0.026422743289756644,0.0324867943842273,0.15688246067447187,0.023819249958326072,0.10123779624700546,0.09813483804464339,-0.0751665309071541,-1.735869984242565,-0.1884081758514836,26.310329298325076,-0.08177447449757332,0.1282197794021763,-0.0017414435549931743,0.003440884996962268,1
18.742924451828003,0.06127319112420082,0.008871657773852348,0.28477296233177185,-0.12461549705296518,0.05523889081576866,0.029649124981004894,0.03361873007034255,0.1589159916262295,0.02258684108973208,0.08178382366895676,0.13665112853050232,-0.08965815603733064,-1.737849046371013,-0.16670647674095454,26.311229773716157,-0.07637856245645479,0.11176184494923987,0.00510521794467265,0.000935140997171402,1
18.751994132995605,0.059991948306560516,0.009340268559753895,0.28490638732910156,-0.11821331002159714,0.04791251137434131,0.02270718292213166,0.033997967274514984,0.16045411054584013,0.021590677108360712,0.057628508657217026,0.1580505669116974,-0.1011992320418358,-1.751975458094215,-0.14216338636380257,26.33550412442173,-0.0689027631848339,0.1003858646493492,0.011323271927954542,0.0034692329936660826,1
18.762052059173584,0.059991948306560516,0.009340268559753895,0.28490638732910156,-0.11821331002159714,0.04791251137434131,0.02270718292213166,0.033997967274514984,0.16045411054584013,0.021590677108360712,0.057628508657217026,0.1580505669116974,-0.1011992320418358,-1.7635287873682721,-0.12071116253092144,26.34496094685725,-0.0679497853629801,0.09885708474593387,0.01256530708525883,0.001341372000752017,1
18.77204132080078,0.057613372802734375,0.01009865291416645,0.2850492596626282,-0.10624063019824627,0.03903514895222443,0.017068303881278318,0.034231138636173775,0.164603671695859,0.01936615001896369,0.011821694672107697,0.22639451920986173,-0.12431506067514422,-1.7819595056836544,-0.09996195655205145,26.356928943445777,-0.06121330551318752,0.08574339995202296,0.01869482407305677,0.0011742159986170009,1
18.78194785118103,0.057613372802734375,0.01009865291416645,0.2850492596626282,-0.10624063019824627,0.03903514895222443,0.017068303881278318,0.034231138636173775,0.164603671695859,0.01936615001896369,0.011821694672107697,0.22639451920986173,-0.12431506067514422,-1.8087901148693897,-0.07896170941636782,26.373602317897635,-0.053074863607553716,0.06954401767798092,0.023931991809288112,0.0010357559949625283,1
18.792030572891235,0.05652276426553726,0.010404215194284916,0.28507110476493835,-0.09996728555490685,0.03554109825855875,0.01304140745188959,0.03399011193423096,0.1671010623251994,0.018080682815854843,-0.009951970539987087,0.2541690170764923,-0.1352629363536835,-1.843437315320682,-0.058917619871728236,26.394157401522463,-0.04498037624000231,0.055090601250048055,0.029942127428551044,0.0014588850026484579,1
18.80222725868225,0.05367805063724518,0.011033914051949978,0.2849430441856384,-0.07714453322170894,0.02068969221315011,0.004161510660789899,0.03277598011507843,0.1727608324997867,0.01529684163882905,-0.06194089725613594,0.29813703894615173,-0.1510087698698044,-1.882731655998832,-0.03889796337477562,26.408162219623115,-0.03501647787005001,0.04337228501606605,0.03700358976733194,0.004010712000308558,1
18.81220006942749,0.05367805063724518,0.011033914051949978,0.2849430441856384,-0.07714453322170894,0.02068969221315011,0.004161510660789899,0.03277598011507843,0.1727608324997867,0.01529684163882905,-0.06194089725613594,0.29813703894615173,-0.1510087698698044,-1.9382907700839056,-0.016148407252607692,26.437184238878725,-0.02531606181200414,0.029449253150480484,0.0409554916598866,0.0008256579967564903,1
18.821961164474487,0.05287488177418709,0.01113897655159235,0.2848157584667206,-0.07105374321185533,0.015696115676603225,0.0013874365768420372,0.031289001810776096,0.17761078520947615,0.013007809839030937,-0.07858950644731522,0.3237341344356537,-0.16508810222148898,-2.000249226826309,0.004912144993844372,26.458391978137367,-0.016869880648818256,0.013023499734534906,0.04867254301257079,0.0011134000014862977,1
18.83193802833557,0.052162520587444305,0.011215520091354847,0.2846635580062866,-0.059350747592067876,0.01415773473542856,-0.004002629650826826,0.03009456400994015,0.1810937511722832,0.011334712713961803,-0.10304771363735199,0.348015159368515,-0.17332240939140325,-2.0730090690696588,0.022525636151045806,26.484176852644623,-0.006582340934107958,-0.0018285116905556835,0.054816990764518,0.0010157869983231649,1
18.841940879821777,0.05154908075928688,0.011250251904129982,0.2844483554363251,-0.05362900347666901,0.008639749134280119,-0.008213707060082058,0.028556891926554417,0.18471125399852317,0.009611603535781832,-0.12101737409830093,0.3632484972476959,-0.17988920211791998,-2.149519894224144,0.0395237031093656,26.507813939655076,0.0022366612140924877,-0.013530953451136585,0.06011697999267932,0.0011172400045325048,1
18.851939916610718,0.05100701376795769,0.011249762028455734,0.2842288911342621,-0.041754905253572124,0.006935784119821038,-0.008903773392318336,0.02618146006475186,0.19031985663237228,0.006843152693953858,-0.1326914131641388,0.3745664954185486,-0.19361802935600286,-2.2326798348830845,0.05174342648654343,26.518523966811365,0.010390663489090625,-0.02626605488406673,0.06843049730551809,0.0010500709977350198,1
18.861952543258667,0.05058198422193527,0.011217029765248299,0.2839474081993103,-0.03302124511493048,0.0022430187057544417,-0.017980238510215914,0.024329306160633113,0.19421179439081104,0.004907414432441026,-0.139319509267807,0.3798859119415283,-0.20157033205032354,-2.3270994527875914,0.06411880393652045,26.551796484521827,0.01586362578388846,-0.03522154144421284,0.07453738758824693,0.0010700400016503409,1
18.871947050094604,0.05058198422193527,0.011217029765248299,0.2839474081993103,-0.03302124511493048,0.0022430187057544417,-0.017980238510215914,0.024329306160633113,0.19421179439081104,0.004907414432441026,-0.139319509267807,0.3798859119415283,-0.20157033205032354,-2.4078015896582565,0.07475758035045213,26.562454680491253,0.016519928642782664,-0.0362153250775606,0.0756825625203611,0.0010410630056867376,1
18.881966829299927,0.05058198422193527,0.011217029765248299,0.2839474081993103,-0.03302124511493048,0.0022430187057544417,-0.017980238510215914,0.024329306160633113,0.19421179439081104,0.004907414432441026,-0.139319509267807,0.3798859119415283,-0.20157033205032354,-2.477360006820143,0.08391930185027907,26.564269768214455,0.016625857903186044,-0.03614240129900428,0.07590373976337443,0.0010784890037029982,1
18.891944408416748,0.049992624670267105,0.011062213219702244,0.2833031415939331,-0.0109475934393069,-0.003532336564183042,-0.023229088662628235,0.02041543978901128,0.20213703803748873,0.0008173207513735292,-0.16595372557640076,0.3971969485282898,-0.2180514037609101,-2.572339995379814,0.08974940588809874,26.581467285162454,0.03041329594521408,-0.052669424146728705,0.08575937799832144,0.001003427998512052,1
18.90194582939148,0.049856893718242645,0.010935068130493164,0.28292301297187805,-0.0025576648856347325,-0.005005519836326201,-0.020136559380215673,0.018298471872094435,0.20644582185783555,-0.0013221131282996623,-0.17396759986877441,0.41614511609077454,-0.2211287766695023,-2.6635155352758666,0.09219853289156726,26.575828816846116,0.0374933454843702,-0.0664856584435091,0.09091170151069389,0.0010586589996819384,1
18.911947011947632,0.04992508888244629,0.010656057856976986,0.2821497917175293,0.02116003542500472,-0.009441538659863793,-0.02351540021516687,0.016165526413036257,0.21044340828566988,-0.0034921982837352594,-0.17243000864982605,0.4092722535133362,-0.217861756682396,-2.7694470741184936,0.0949897664340578,26.580832162909093,0.040509867187290785,-0.07222227825339585,0.09262611630908126,0.00100517400278477,1
18.921950817108154,0.050129879266023636,0.010495551861822605,0.28176984190940857,0.03619103864405405,-0.00814793538134568,-0.021670373345968382,0.012740429738672177,0.21668582429978045,-0.006902037475164491,-0.18256598711013794,0.4001890420913696,-0.2316719293594361,-2.878617402911834,0.09066394984966343,26.573278141310247,0.04903499159129353,-0.0785142712722687,0.10086896877751311,0.0010534219982218929,1
18.931970596313477,0.05047110468149185,0.010327296331524849,0.2813680171966553,0.047403722716227975,-0.01201630663497555,-0.02634473184890418,0.010526849829251894,0.22055883448101898,-0.009146717918897096,-0.1796731948852539,0.3978420794010162,-0.22718562185764318,-2.993842245009047,0.0868695447986369,26.582162999936834,0.05196404352693613,-0.08405364574079574,0.10295245772035713,0.003179607003403362,1
18.942042589187622,0.05092649161815643,0.010153048671782017,0.2809857726097107,0.06023371100706356,-0.010697061281462389,-0.02066651419590278,0.00824788102437335,0.22454080489859107,-0.011485239315430995,-0.1716850847005844,0.38374444842338556,-0.23073835670948034,-3.100221330189554,0.0792372232394517,26.562175404569217,0.05304550492706346,-0.08556005977329782,0.10642299381532241,0.0009322090045316145,1
18.952253103256226,0.051528532058000565,0.009980602189898491,0.2806070148944855,0.07636839900203332,-0.012947218488890218,-0.025646297182452104,0.006037509800619567,0.22810906378120643,-0.013835312113443354,-0.17476890981197357,0.3622847199440002,-0.23513020575046545,-3.2161594579026125,0.07075265740231201,26.565872910420996,0.057112074214758946,-0.08422574104668798,0.1105815893764843,0.0010955949983326718,1
18.96225666999817,0.05225662514567375,0.00979337003082037,0.2802208662033081,0.08762448226088179,-0.012470203552515116,-0.020419651259300606,0.0026972591725966666,0.2334432618863449,-0.01740372543606039,-0.1634484827518463,0.34763303399085993,-0.23061016201972967,-3.325054295027567,0.05840623529356978,26.545559984433844,0.058596165386019486,-0.08635326241303129,0.11283013795126433,0.0009678190035629086,1
18.971987009048462,0.053110722452402115,0.009614055044949055,0.27987614274024963,0.10219114221612485,-0.013012067528480583,-0.020658405174049738,0.001704450729975271,0.23501408431326398,-0.018554107870571546,-0.15058553218841553,0.32830426096916193,-0.22878919541835788,-3.432474340172242,0.047046898274115304,26.5324732441246,0.05601110449411655,-0.08294868011971064,0.1132543908114419,0.0008720219993847422,1
18.981956720352173,0.05410749837756157,0.009431936778128147,0.2795376777648926,0.11592898466514207,-0.012528390754556286,-0.018519731130459953,0.001704450729975271,0.23501408431326398,-0.018554107870571546,-0.15058553218841553,0.32830426096916193,-0.22878919541835788,-3.5254895413940375,0.03701329995532185,26.52322539150669,0.0556881708898303,-0.08219307929073127,0.11333034467062575,0.0013876650045858696,1
18.99202036857605,0.05410749837756157,0.009431936778128147,0.2795376777648926,0.11592898466514207,-0.012528390754556286,-0.018519731130459953,0.001704450729975271,0.23501408431326398,-0.018554107870571546,-0.15058553218841553,0.32830426096916193,-0.22878919541835788,-3.61365091891364,0.027842046638870212,26.507316096274167,0.05565771412450408,-0.08231163246612873,0.11334305504065678,0.0015234710008371621,1
19.001986503601074,0.05524471402168274,0.009262830950319767,0.27923721075057983,0.1312740580595832,-0.013163866072795814,-0.015462088135418803,-0.0031030582857765054,0.242040945167461,-0.024508304405851167,-0.12279994785785675,0.25480175018310547,-0.2244268208742142,-3.704407191834999,0.014156362507275201,26.485709667633348,0.053298580200227874,-0.06872460003195849,0.11599623497806218,0.0011205909977434203,1
19.011950969696045,0.05652039870619774,0.009087634272873402,0.2789432108402252,0.14467269188643017,-0.013763673576463978,-0.01729260360102025,-0.004824751995897714,0.24441903770217266,-0.026873430791738873,-0.1011790931224823,0.2160994857549667,-0.22530074417591098,-3.7986183757750576,0.0007360685522301257,26.477876683408716,0.04863111914958652,-0.05822955767914781,0.11818742407903217,0.0010705989989219233,1
19.02194595336914,0.059481650590896606,0.008773193694651127,0.2784416675567627,0.17247103078196516,-0.014279977845786987,-0.012421416047614792,-0.006237131292341047,0.2463941509905596,-0.02919126424976559,-0.08744031190872192,0.19381695985794065,-0.2217480689287186,-3.897580246479819,-0.012386979604936519,26.451383401271638,0.04561239448621529,-0.053066935221902534,0.11885992189631807,0.0010486739993211813,1
19.031994581222534,0.06115920469164848,0.008631633594632149,0.2782255709171295,0.1850069154531167,-0.011402069413436565,-0.008553135484273638,-0.008176361407555621,0.24891848877827227,-0.03245209863451848,-0.06974821537733078,0.16095660626888272,-0.20464798808097842,-3.9904819624322836,-0.02812887097311534,26.4220701652511,0.04202718327831784,-0.04547969502126268,0.11524619300401376,0.0010237470050924458,1
19.04196071624756,0.0629689022898674,0.008515113964676857,0.2780417799949646,0.19979628785577402,-0.012529317328169214,-0.010409897777440549,-0.009196708219040062,0.25005767964913783,-0.034574469534597085,-0.05095992609858513,0.11628092825412747,-0.20729237794876101,-4.086136873110385,-0.04246766744546156,26.410358704596337,0.03709274718120408,-0.0323803370958172,0.11646142813774095,0.001167652000731323,1
19.051950693130493,0.06491149961948395,0.008410454727709293,0.2778555154800415,0.2121705107087693,-0.009532789441230653,-0.0062982049088400015,-0.010089654925031333,0.25108620811875015,-0.036667776889747206,-0.0325046069920063,0.10186937451362607,-0.19617782533168793,-4.17435562517543,-0.05786624087914733,26.386486274182563,0.03183923538103142,-0.027558092804795806,0.11400031326408927,0.0010384790002717637,1
19.0619535446167,0.06696692854166031,0.00833619013428688,0.27771756052970886,0.2246946832971563,-0.009080526255570492,-0.006869936341391681,-0.010710802321696189,0.2517062774255878,-0.03849547602994052,-0.012095443904399872,0.05944283306598661,-0.17671366035938263,-4.261868581224132,-0.07218752138995536,26.373059856055292,0.025176512191185746,-0.014754500011679423,0.10764187593904044,0.0010590770034468733,1
19.071959733963013,0.06914859265089035,0.008280804380774498,0.2775997817516327,0.23725676474461885,-0.008316916106221964,-0.005650675081519084,-0.011258166882703424,0.2520178372181183,-0.041207852249970145,0.013554519042372704,0.01628706045448778,-0.17069143056869507,-4.345464337750865,-0.0857808741641685,26.35798244240198,0.017000620320050147,-0.00018614106719128977,0.10547261764256188,0.0011104689983767457,1
19.081954956054688,0.07144128531217575,0.008246950805187225,0.27751463651657104,0.24880836875487125,-0.008128879891432203,-0.005702011220631548,-0.011383924176459281,0.25187364550080593,-0.04276593643854598,0.030375055968761444,-0.007258280180394669,-0.1552693247795105,-4.4276678069381825,-0.09796498399836664,26.346979899806403,0.010598877293727743,0.009062807870720495,0.10037307968098456,0.0010532829983276315,1
19.091947078704834,0.07144128531217575,0.008246950805187225,0.27751463651657104,0.24880836875487125,-0.008128879891432203,-0.005702011220631548,-0.011383924176459281,0.25187364550080593,-0.04276593643854598,0.030375055968761444,-0.007258280180394669,-0.1552693247795105,-4.498930927806874,-0.10870738797231043,26.33955462824924,0.00983816609374287,0.01053004949073106,0.0994831324920941,0.0010428099994896911,1
19.101956367492676,0.07384871691465378,0.008238843642175198,0.2774430513381958,0.25988235959869616,-0.00578579983798694,-0.006589852617938088,-0.011179275764396923,0.2515407814206534,-0.04417637406917674,0.05380965769290924,-0.030573949217796343,-0.13333480060100555,-4.570882372846691,-0.11914416481544568,26.33499184880649,0.001734431741888573,0.01807393225764418,0.09196818717884453,0.0010595679996185936,1
19.111947774887085,0.07384871691465378,0.008238843642175198,0.2774430513381958,0.25988235959869616,-0.00578579983798694,-0.006589852617938088,-0.011179275764396923,0.2515407814206534,-0.04417637406917674,0.05380965769290924,-0.030573949217796343,-0.13333480060100555,-4.633081050989927,-0.12837139997437932,26.330601670419252,0.0007520286210966156,0.019289802600358716,0.09066700919901605,0.0010666199959814548,1
19.1219539642334,0.07899700850248337,0.00828395877033472,0.2773266136646271,0.2835751172934715,-0.0033461815930412265,-0.005902184231602343,-0.010516979550164063,0.25009242759564776,-0.046617618953498585,0.07796941697597504,-0.08703270554542543,-0.10454750806093215,-4.703756362182812,-0.13776849028509874,26.320245356329423,-0.008406048438101773,0.03809648783535997,0.08123232076937591,0.0010714379968703724,1
19.132052183151245,0.0874595120549202,0.008521131239831448,0.2772437334060669,0.31145539743686673,-0.0009198549990532049,-0.008214034448642249,-0.009181334371968664,0.24779571099471154,-0.04831296181979283,0.10180258750915527,-0.12971770763397217,-0.07239914685487746,-4.772352856368487,-0.14618033785866594,26.314866460200186,-0.013779138749550796,0.04792558470034985,0.07259622863672703,0.003055116001632996,1
19.142099618911743,0.0874595120549202,0.008521131239831448,0.2772437334060669,0.31145539743686673,-0.0009198549990532049,-0.008214034448642249,-0.009181334371968664,0.24779571099471154,-0.04831296181979283,0.10180258750915527,-0.12971770763397217,-0.07239914685487746,-4.853085099313786,-0.15467335292542614,26.311988594155565,-0.019937823941146914,0.05730254139414265,0.06698281314035613,0.0010831679974216968,1
19.152230978012085,0.09045317769050598,0.008636844344437122,0.2772359549999237,0.31817337712790406,-0.00010143710508495937,-0.005887381743929313,-0.007831454166417284,0.24563503952943888,-0.049249812083310474,0.11486336588859558,-0.14635354280471802,-0.05575449764728544,-4.924247075773291,-0.16118614927790603,26.29915343145337,-0.02688341573382986,0.0664594881785962,0.060092469165046895,0.0011971889980486594,1
19.162782907485962,0.09353207051753998,0.008785111829638481,0.2772471606731415,0.3273364298496014,-0.00018600476485014552,-0.00859174958309189,-0.00678274290690517,0.24393334953071788,-0.0496126863490427,0.11362903565168381,-0.16461896896362305,-0.026341397315263727,-4.9974636650292465,-0.16633934400072337,26.299182001370824,-0.02946035775044244,0.07527134240977705,0.0489316762257719,0.0011352569999871776,1
19.171972274780273,0.0966753140091896,0.008946393616497517,0.2772579789161682,0.3338631684953398,0.0012342977302616112,-0.008572870161433871,-0.005730732720284237,0.24216795784103207,-0.04980835595459565,0.12306522578001022,-0.18240748345851898,-0.023151349276304224,-5.06420055625674,-0.17071329535100424,26.29595126999332,-0.03359176913589791,0.08343544347212238,0.045162378827151343,0.000837948995467741,1
19.18194317817688,0.09990037232637405,0.00913149956613779,0.2772793173789978,0.3418119540851307,0.0024149112866818498,-0.010827464166551013,-0.0038216527187850957,0.23921166031052765,-0.049882118123894426,0.12631100416183472,-0.20136402547359467,-1.4652032404891417e-06,-5.1322598607174985,-0.17382052861778738,26.298899277385853,-0.038570807609796566,0.09472667406043887,0.036166978709970085,0.001011459004075732,1
19.191951513290405,0.09990037232637405,0.00913149956613779,0.2772793173789978,0.3418119540851307,0.0024149112866818498,-0.010827464166551013,-0.0038216527187850957,0.23921166031052765,-0.049882118123894426,0.12631100416183472,-0.20136402547359467,-1.4652032404891417e-06,-5.191027135118225,-0.17660106136771211,26.297918426150343,-0.039168742355935135,0.0963865495625714,0.03452429929432773,0.001023259996145498,1
19.20195460319519,0.10317832976579666,0.009337839670479298,0.27729126811027527,0.3467376826343799,0.0030001033833171975,-0.009351720404855707,-0.002625444961859902,0.2372889283283799,-0.0495695726330565,0.12103722989559174,-0.198258638381958,0.02637107297778132,-5.245115479108865,-0.17849586236978737,26.289976447425683,-0.039783520400781404,0.09797292523834228,0.02492662194907902,0.001013763998344075,1
19.211960554122925,0.10650934278964996,0.009563670493662357,0.27733829617500305,0.3531812725510046,0.0037112210171277153,-0.011260650445619637,-0.002625444961859902,0.2372889283283799,-0.0495695726330565,0.12103722989559174,-0.198258638381958,0.02637107297778132,-5.303604740167455,-0.18145112841685238,26.29008473828463,-0.03977488258918423,0.09794454613950879,0.0231478199848116,0.001050979997671675,1
19.222042083740234,0.1098795086145401,0.009798657149076462,0.2773638665676117,0.3557232602897627,0.0036643694837867787,-0.01125240782398878,8.944994854331867e-05,0.23303109776471986,-0.0486740809978059,0.12678326666355133,-0.20488595962524414,0.06338839232921603,-5.3548184251614925,-0.18038602013065796,26.288549883760457,-0.04595820971176037,0.10545273024304652,0.008747903328631923,0.0011683520060614683,1
19.232077598571777,0.11329760402441025,0.010056475177407265,0.27740681171417236,0.36317193517831814,0.0058185533963143665,-0.01304732200202649,0.0015488363202598165,0.23088291355824175,-0.04788270860232258,0.12627184391021729,-0.2040235698223114,0.08268396556377414,-5.408773455664328,-0.17964070420354997,26.291634133971478,-0.04879784380710134,0.10869154853992627,-0.001213209671105421,0.001133860001573339,1
19.241966247558594,0.1202385276556015,0.010601749643683434,0.27743396162986755,0.36899042161960083,0.007495035823977158,-0.01605258120128964,0.0028919360187291687,0.22895189044325637,-0.04700186171182974,0.1261129379272461,-0.19859565794467926,0.09032643586397174,-5.470541020463754,-0.17952316000113616,26.300147834980283,-0.050899842994413844,0.1096233240585091,-0.006531978312255466,0.0010395979988970794,1
19.25196671485901,0.12375279515981674,0.0108921704813838,0.27743232250213623,0.37097546454885694,0.005278963555140111,-0.017097508742265632,0.004981122796359205,0.22597299301302431,-0.045330926134907745,0.1104922965168953,-0.1870787143707275,0.11639057844877246,-5.528154613670393,-0.17568811552915414,26.30540101015186,-0.04970708837507262,0.10995122324174263,-0.017410686736538415,0.001020884999888949,1
19.261970043182373,0.12727555632591248,0.011197855696082115,0.2774515450000763,0.3738427153112901,0.00836493430608127,-0.01660058105142694,0.006238473971019953,0.22417115369719953,-0.04404678525155603,0.10647854208946228,-0.1851236969232559,0.12946817278862002,-5.581578722305881,-0.17324794978900504,26.303855676022472,-0.05005034650769743,0.11165325276341789,-0.02485700943365646,0.0010687149988370948,1
19.271965742111206,0.1308218240737915,0.011502170003950596,0.27744561433792114,0.3744875779761747,0.004859897269420608,-0.021215771898704806,0.00753893383998161,0.22226440586546614,-0.042609390351064924,0.0885259136557579,-0.17629651725292203,0.14032372832298282,-5.6374867942197415,-0.167527471543995,26.3171115786061,-0.04657897983865719,0.11157710996724406,-0.030605631743837677,0.001013274995784741,1
19.281967401504517,0.13436861336231232,0.011810164898633957,0.277447372674942,0.3768480702250822,0.006571154647631196,-0.018114869163321185,0.008467972188100692,0.2206938010045163,-0.041091567897943104,0.07745645195245743,-0.16060966253280637,0.15308505296707156,-5.686313905205017,-0.16312459354411116,26.310008103973512,-0.044071542376301245,0.10864946759008792,-0.036878582972592125,0.001034082000842318,1
19.291964769363403,0.13793757557868958,0.012120794504880905,0.27743032574653625,0.3784232127667962,0.004284158123234525,-0.02372449946336581,0.0098638725356901,0.21837755844038131,-0.038519408323772986,0.05486240237951279,-0.14331711828708646,0.16917116940021518,-5.740191797129696,-0.15589095985067086,26.324551385353896,-0.038980074544162996,0.10582351387312613,-0.04475172743140823,0.0010038489999715239,1
19.30196714401245,0.13793757557868958,0.012120794504880905,0.27743032574653625,0.3784232127667962,0.004284158123234525,-0.02372449946336581,0.0098638725356901,0.21837755844038131,-0.038519408323772986,0.05486240237951279,-0.14331711828708646,0.16917116940021518,-5.786296638013006,-0.14953515819752428,26.328896171679308,-0.03825483748851016,0.10555599816480021,-0.04633281626783042,0.0010514679961488582,1
19.311964511871338,0.1414906531572342,0.01242970023304224,0.2774193286895752,0.37743714355745117,0.005682878182213075,-0.020864494358278207,0.010638335364217433,0.2170768529639724,-0.036742235538680834,0.04278966784477234,-0.12809905409812924,0.17561312019824984,-5.825324755868198,-0.14445438051547974,26.319460297614988,-0.035476073769154244,0.10248890471214155,-0.049679504090044874,0.0010028019969468005,1
19.321972608566284,0.14503894746303558,0.012734023854136467,0.27740582823753357,0.3791989680215455,0.0024728434003973266,-0.02456852828613553,0.011268238782842666,0.2157355170505948,-0.034839268295271175,0.024608025327324867,-0.1238313168287277,0.18873979151248935,-5.8688421512206554,-0.13703567159835195,26.32661027463863,-0.03068617812199384,0.10243655948010714,-0.05551281559149763,0.0011210820011910982,1
19.33207130432129,0.15208888053894043,0.013318178243935108,0.27737194299697876,0.3775211275412163,0.0013614553662026367,-0.02295360109208127,0.01213702778581327,0.213613087809303,-0.03078827003129936,-0.002726566279307008,-0.09738036245107648,0.2009773552417755,-5.908848672958621,-0.12874212150204842,26.32254914982027,-0.02286320813853836,0.09647423886937097,-0.061774183617571504,0.002616904996102676,1
19.342307806015015,0.15208888053894043,0.013318178243935108,0.27737194299697876,0.3775211275412163,0.0013614553662026367,-0.02295360109208127,0.01213702778581327,0.213613087809303,-0.03078827003129936,-0.002726566279307008,-0.09738036245107648,0.2009773552417755,-5.94564047971428,-0.12165324313886891,26.319392836066747,-0.02189922830312773,0.09622916968736608,-0.0639050339358022,0.0009331879991805181,1
19.35219717025757,0.16253896057605743,0.014187374152243137,0.27738434076309204,0.37345051795764783,0.0010941934153614872,-0.019527880445224653,0.012701220183821693,0.21123401609789694,-0.02547922872873265,-0.028716284781694412,-0.08298894762992856,0.21233013272285461,-5.982015160624913,-0.11409810335142488,26.30999045428053,-0.019999180587702812,0.09407784283013171,-0.0677549517275706,0.0018692380035645328,1
19.362632513046265,0.16253896057605743,0.014187374152243137,0.27738434076309204,0.37345051795764783,0.0010941934153614872,-0.019527880445224653,0.012701220183821693,0.21123401609789694,-0.02547922872873265,-0.028716284781694412,-0.08298894762992856,0.21233013272285461,-6.013647388087031,-0.10813395300342855,26.299751668252128,-0.014367531736662588,0.09452153645855563,-0.07126924926901917,0.0009679599970695563,1
19.371954917907715,0.16596606373786926,0.014462744817137718,0.27742162346839905,0.37022477284939914,-0.0007201166237774572,-0.016454420333062436,0.012636178811328058,0.21030421318218995,-0.02334087198051593,-0.03793837130069733,-0.08900477737188336,0.20635518431663513,-6.038317481571162,-0.1017335187372793,26.284251045006133,-0.010584691570800416,0.09777353476850212,-0.0709538723226923,0.0010190699977101758,1
19.381967782974243,0.16937822103500366,0.01474426593631506,0.27748870849609375,0.369503258235171,0.0003869946743628897,-0.014729282299125384,0.012686770971983119,0.20931042231916885,-0.02110417893840877,-0.04886779561638832,-0.09299467504024503,0.22092205286026,-6.060635693097866,-0.09656030174841623,26.27118363863878,-0.007059595851859269,0.10078133254827344,-0.0767729056768737,0.001038271002471447,1
19.391955614089966,0.172753244638443,0.015008480288088322,0.2775685489177704,0.36457329969717683,-0.0012940665449460375,-0.010838696255687019,0.012427637087312426,0.20776990512324467,-0.017781610818338844,-0.06282498687505722,-0.0966391786932945,0.21466274559497833,-6.074560071372354,-0.09079915718910095,26.252399964949884,-0.0018280648886327914,0.10444195785621192,-0.07719742186743761,0.0010090159994433634,1
19.40197229385376,0.17610839009284973,0.015276332385838032,0.27769535779953003,0.36600097972721235,-0.0009907543522147952,-0.007052583215077024,0.012143191270744147,0.20657505080764116,-0.015574228935549161,-0.07031809538602829,-0.1062023043632507,0.2174573391675949,-6.086089263705306,-0.08610853809390683,26.231256721018756,0.0015068769025596163,0.10938139908230801,-0.0792248313963478,0.0011919520038645715,1
19.411954879760742,0.17610839009284973,0.015276332385838032,0.27769535779953003,0.36600097972721235,-0.0009907543522147952,-0.007052583215077024,0.012143191270744147,0.20657505080764116,-0.015574228935549161,-0.07031809538602829,-0.1062023043632507,0.2174573391675949,-6.096747701975529,-0.08193189002584012,26.222189404246798,0.0019040324920238285,0.11011882567633104,-0.07963483826061457,0.0010009160032495856,1
19.421948671340942,0.17943035066127777,0.015524225309491158,0.27783387899398804,0.3580498384995021,-0.0019287449062204173,-0.005418555929456049,0.011722867402330195,0.2055082903795613,-0.013295995078263623,-0.08558090776205063,-0.10454985499382016,0.22305285930633545,-6.101935906749416,-0.07791446701368605,26.213100953709784,0.007081959856384643,0.1112987548197694,-0.08225603888885304,0.0010476979950908571,1
