time_s,pos_x_m,pos_y_m,pos_z_m,vel_vx_m/s,vel_vy_m/s,vel_vz_m/s,att_roll_rad,att_pitch_rad,att_yaw_rad,ang_vel_p_rad/s,ang_vel_q_rad/s,ang_vel_r_rad/s,control_Fx_N,control_Fy_N,control_Fz_N,control_tau_x_Nm,control_tau_y_Nm,control_tau_z_Nm,solve_time_s,solve_success
2.3392350673675537,-0.0003678240464068949,0.00046563526848331094,-0.0013315450632944703,-0.0017698499136249376,0.002872308489916362,-0.00504351593229202,-0.0770800749861622,0.0076304535759930125,-0.004153811087139747,-0.006831989623606205,-0.001765586668625474,0.0006722437683492901,-0.05802826158034643,-0.7391557082112228,26.41551046970455,0.230416070097064,-0.021187849908069857,-9.959298256450294e-05,0.001582901999427122,1
0.009835004806518555,-0.00037258374504745007,0.00048377164057455957,-0.001334030763246119,-0.0018091205311225724,0.0029919587053018333,-0.005053023832907695,-0.07724057281865715,0.0076022035301397395,-0.004132086174616134,-0.008365734480321407,-0.0010898108594119549,0.000826323637738824,-0.05790399765531274,-0.7401528417875181,26.415563931049917,0.23027919103155398,-0.02103571288074294,-9.222965632259443e-05,0.0031194980001600925,1
0.01973438262939453,-0.00037258374504745007,0.00048377164057455957,-0.001334030763246119,-0.0018091205311225724,0.0029919587053018333,-0.005053023832907695,-0.07724057281865715,0.0076022035301397395,-0.004132086174616134,-0.008365734480321407,-0.0010898108594119549,0.000826323637738824,-0.05768676121092404,-0.7413242933195586,26.415547481700738,0.23165232773956365,-0.021432972022213496,-0.00010214386929792492,0.0011127039997518295,1
0.030199289321899414,-0.0003768358728848398,0.0004939301870763302,-0.001336385845206678,-0.001886653250990096,0.0030615143104084086,-0.005085102302088708,-0.07731174132746288,0.007582454264517313,-0.004128055462282898,-0.007216193713247776,-0.0027683181688189507,-0.00034351204521954027,-0.057122385315504516,-0.7424065294849923,26.415618441520365,0.2313183970145635,-0.020526204459230563,-9.012545772091539e-05,0.0018000519994529895,1
0.03960776329040527,-0.0003809891059063375,0.0005118657136335969,-0.0013389730593189597,-0.0016227129385187427,0.0029291263727451175,-0.005079202356677234,-0.07737771584532505,0.007555426014930422,-0.004126758441981071,-0.007472386583685875,-0.0026209105271846056,-0.000833019730634987,-0.057286254534537506,-0.7430993608295676,26.415616251745995,0.23161787047663845,-0.02052830606464984,-8.424124559376342e-05,0.0009998349996749312,1
0.0498507022857666,-0.0003820244164671749,0.0005200803279876709,-0.0013403682969510555,-0.0017067778393877076,0.0029285673464346184,-0.005022373984489832,-0.07737771584532505,0.007555426014930422,-0.004126758441981071,-0.007472386583685875,-0.0026209105271846056,-0.000833019730634987,-0.05718338213814941,-0.7435059373994576,26.415465355698096,0.2316193334494149,-0.02051950889353046,-8.251802032497444e-05,0.0030536340000253404,1
0.059813737869262695,-0.0003846044419333339,0.0005281405174173415,-0.0013409203384071589,-0.0018545044601863175,0.002874593462114597,-0.005044090572025374,-0.07754317705956693,0.007522361334887151,-0.0041239204892749015,-0.005581858102232218,-0.002278586383908987,-0.0010806298814713953,-0.05668390065379919,-0.7441144613645116,26.415497673946803,0.23093164662589996,-0.020623972464430537,-8.119407664484395e-05,0.0008505059995513875,1
0.06962895393371582,-0.0003865125181619078,0.0005360684590414166,-0.0013425061479210854,-0.0015703672565664584,0.00296458435901631,-0.005050100867597435,-0.07762441862478653,0.007501440897274669,-0.004116165187408427,-0.008510667830705643,-0.0021875943057239056,-0.00015626091044396135,-0.056961585672593115,-0.7452975808051404,26.41551555241432,0.23273262300683917,-0.020631848750397763,-8.843053327721402e-05,0.002193210000768886,1
0.07979559898376465,-0.0003870957007165998,0.0005438211373984814,-0.0013432778650894761,-0.0015255714560503558,0.0028499876718470203,-0.004988309014048456,-0.07768137711606471,0.007476499039557716,-0.004117860294190034,-0.005522065795958042,-0.0032830415293574333,4.5029912143946094e-05,-0.05712739940698575,-0.7460122585509923,26.415513477461,0.2328704901816253,-0.020602037715271502,-9.079258135178172e-05,0.0034055840005748905,1
0.08954930305480957,-0.00038908564602024853,0.0005522487335838377,-0.0013439590111374855,-0.001986919672001015,0.002825317403740425,-0.004842665995404996,-0.07768137711606471,0.007476499039557716,-0.004117860294190034,-0.005522065795958042,-0.0032830415293574333,4.5029912143946094e-05,-0.05605488728459288,-0.7459390934255036,26.41497006341573,0.23153944776784507,-0.01994303962326117,-8.934936870237705e-05,0.0008693639992998214,1
0.09960508346557617,-0.0003921737661585212,0.000561737222597003,-0.0013431067345663905,-0.0017289962858193712,0.0031407459090098907,-0.004989630547307047,-0.07784984113824045,0.007388529132495325,-0.004085551651988428,-0.007989391684532166,-0.004376472905278206,0.00026170443743467385,-0.055404632656974644,-0.7459223102995787,26.414889642642677,0.23151849449791884,-0.019935551330365616,-8.938211730639941e-05,0.002870778998840251,1
0.10987353324890137,-0.0003921737661585212,0.000561737222597003,-0.0013431067345663905,-0.0017289962858193712,0.0031407459090098907,-0.004989630547307047,-0.07784984113824045,0.007388529132495325,-0.004085551651988428,-0.007989391684532166,-0.004376472905278206,0.00026170443743467385,-0.055171548132190974,-0.7476451763763196,26.41524565647604,0.23326795227696642,-0.01916377916217765,-8.830985337262289e-05,0.0008807490012259223,1
0.11960673332214355,-0.00039563458994962275,0.0005702981725335121,-0.0013417752925306559,-0.0018410597704417568,0.0028731617945637455,-0.004918620462661482,-0.0779063215080864,0.007349004766603606,-0.00407494467709002,-0.006120448000729084,-0.004111526999622583,0.00025100097991526176,-0.05463725522375406,-0.7480768337294201,26.41511686108012,0.23250261105390607,-0.019157905420194476,-9.034118476973172e-05,0.0008887809999578167,1
0.12966394424438477,-0.0003986764932051301,0.0005781712243333459,-0.001342662493698299,-0.0018903432666840813,0.0027952927354303173,-0.00503256778626435,-0.07798396886126868,0.007323889579841758,-0.00405772184740627,-0.008585451170802116,-0.0036506582982838154,0.000820118468254805,-0.054150718150121825,-0.7488033908756834,26.41540483898567,0.2339316497426875,-0.019318199436545794,-9.708517541072816e-05,0.0009169980003207456,1
0.13960933685302734,-0.0004021509666927159,0.0005857370560988784,-0.0013427468948066235,-0.0018809761393415473,0.0029071434302168665,-0.0050523723525016315,-0.07805128934392203,0.007291953269303431,-0.004043229202277399,-0.006894348189234734,-0.003588070161640644,0.0006092458497732882,-0.05374980831498074,-0.7496268496474271,26.415485430460457,0.23332369761171565,-0.019260055158751014,-9.895154248967594e-05,0.0008954860004450893,1
0.14964890480041504,-0.0004086993576493114,0.0006042570457793772,-0.0013479365734383464,-0.0019522579420561338,0.003156703847717661,-0.005043538314198642,-0.07811214713602554,0.007269302260989541,-0.0040413894104318615,-0.006041993852704763,-0.002451021457090974,-0.0006579260807484385,-0.05333126816202029,-0.7509126143649842,26.415456599280986,0.23309348286480983,-0.01974317130422434,-9.383801947636454e-05,0.0008581880010751775,1
0.15961384773254395,-0.00041065693949349225,0.0006138579919934273,-0.0013491688296198845,-0.001531939956140559,0.002728291052989756,-0.005014322715042353,-0.07822582245694587,0.007253761124625502,-0.004022138230650896,-0.008694075047969818,-0.0006406217580661177,0.0006094742566347123,-0.05415594348009761,-0.751402856847685,26.415400073815523,0.23468875212215234,-0.02066492401840499,-0.00010964197122366337,0.000912808000066434,1
0.16974949836730957,-0.00041047914419323206,0.0006214521708898246,-0.001351447426714003,-0.001479368428618341,0.002665659117225205,-0.005089492565597424,-0.07826334681079095,0.007259497480566424,-0.0040281538388788896,-0.0034777482505887747,-0.00015138485468924056,-0.0009292992763221264,-0.05483865018541729,-0.7512844011004618,26.415578221190785,0.23223662792626537,-0.020928812146951352,-0.00010465155774292117,0.0008822149993648054,1
0.17971301078796387,-0.00040988551336340606,0.0006284784176386893,-0.001355162006802857,-0.0013790000270071784,0.002526810338985534,-0.0050851898498948936,-0.0783180975432054,0.00727510974293244,-0.004012940497355455,-0.0056460946798324585,0.0013963137753307822,0.0010832457337528465,-0.055250268313196634,-0.7512212750610727,26.41560493397543,0.23219760426410554,-0.020930842289771684,-0.00010294126715107127,0.0012558180005726172,1
0.18964934349060059,-0.0004092083254363388,0.0006347585003823042,-0.0013577522477135062,-0.0014043863670250539,0.002600587850192921,-0.005139948358337892,-0.0783801745035535,0.007303428935928391,-0.004011244866061414,-0.0040993457660079,0.0014096321538090706,-0.0005824546096846463,-0.05594672942759834,-0.751300923291529,26.415611801601386,0.23341656113627735,-0.021776932475218988,-0.00012421149071266928,0.0012934639999002684,1
0.19979500770568848,-0.0004073691670782864,0.000640419777482748,-0.0013593001058325171,-0.0013326364581666007,0.002358537384172123,-0.0052445344688345965,-0.078411698993619,0.0073229830602561385,-0.0040287485833281345,-0.003445652313530445,0.0015432825312018392,-0.0021420069970190525,-0.056669682171210524,-0.7512623780457498,26.416035059729634,0.23256713356291894,-0.021947596230811987,-0.00010500052523615025,0.001959717999852728,1
0.20984387397766113,-0.0004073691670782864,0.000640419777482748,-0.0013593001058325171,-0.0013326364581666007,0.002358537384172123,-0.0052445344688345965,-0.078411698993619,0.0073229830602561385,-0.0040287485833281345,-0.003445652313530445,0.0015432825312018392,-0.0021420069970190525,-0.05710761800090575,-0.7512491592074672,26.416097301417054,0.2325977446156771,-0.021974870701887795,-9.935197142729423e-05,0.0009000259997264948,1
0.2197887897491455,-0.0004035061283502728,0.0006504870252683759,-0.0013618337688967586,-0.0015590320120616344,0.002457995883122455,-0.0052107861329600555,-0.07847205407943925,0.007348755138170127,-0.004021297236334931,-0.00226682610809803,6.659235805273047e-05,-0.0007664370350539684,-0.05709647522022036,-0.7513155727339013,26.41607906000305,0.23321713401917205,-0.022245195507362286,-0.00012029836212562806,0.00341452499924344,1
0.2298893928527832,-0.0004035061283502728,0.0006504870252683759,-0.0013618337688967586,-0.0015590320120616344,0.002457995883122455,-0.0052107861329600555,-0.07847205407943925,0.007348755138170127,-0.004021297236334931,-0.00226682610809803,6.659235805273047e-05,-0.0007664370350539684,-0.05681863308218768,-0.7516323012881125,26.416007392003102,0.23220930462928138,-0.021307363280377512,-0.00010943090093178916,0.0008322760004375596,1
0.2396242618560791,-0.0004026667738799006,0.000655509065836668,-0.0013616158394142985,-0.0015575416624541622,0.0024247602486195613,-0.005068118686996774,-0.07849557066679225,0.007341413651032358,-0.004027086716394734,-0.0029231919907033443,-0.001267738058231771,-0.0008026880677789449,-0.056497637676494725,-0.7518122762014061,26.41562456032347,0.23257998652217501,-0.020604082013952682,-0.00010116637986685058,0.002523508999729529,1
0.24985098838806152,-0.00040267599979415536,0.0006604689988307655,-0.001362021081149578,-0.001585873426621391,0.002218863452386316,-0.005067997615295912,-0.0785253902271994,0.007328213068912071,-0.004014616475563226,-0.002584311179816723,-0.001819417579099536,0.00032832473516464255,-0.056147169237738555,-0.7515487414478824,26.415577766915572,0.23248398353923574,-0.020287698622739242,-0.00010699558636435213,0.0009155319985438837,1
0.25960326194763184,-0.00040468882070854306,0.0006679132930003107,-0.0013641169061884284,-0.0018773198833115549,0.00228123552211657,-0.005124155900940921,-0.0785253902271994,0.007328213068912071,-0.004014616475563226,-0.002584311179816723,-0.001819417579099536,0.00032832473516464255,-0.05526163753450286,-0.7516053571853044,26.41571733896579,0.23249105126625394,-0.020255593980409044,-0.00010835964393269961,0.0008590259985794546,1
0.26964473724365234,-0.00040776634705252945,0.0006722995894961059,-0.0013644405407831073,-0.002007413890366998,0.0023926943274932447,-0.005200334834864401,-0.07855649869618286,0.007241742863199896,-0.004000029889547729,-0.002654243027791381,-0.004910703748464584,0.00017660134471952975,-0.05380541596544305,-0.7520914222163956,26.41593049928142,0.2326295371242106,-0.018449873979205875,-9.677042975444539e-05,0.0008832629991957219,1
0.2796149253845215,-0.0004105517000425607,0.0006757494993507862,-0.0013645094586536288,-0.0018068555503651866,0.0022579056755400112,-0.0051670847431771,-0.07856818166216151,0.007191484114116076,-0.003984431285864787,-0.000934892101213336,-0.005282295867800713,0.0010159297380596406,-0.05316239020005651,-0.7519452946485244,26.415876090740053,0.23179839512102676,-0.018119914819204816,-0.00010156731415329612,0.0009080580002773786,1
0.28965139389038086,-0.00041339313611388206,0.0006781792035326362,-0.0013654892100021243,-0.001857720087506735,0.0021531399633538174,-0.0051472955604199315,-0.07857502443918962,0.0071452865093295514,-0.003976987761045159,-0.0012551455292850733,-0.004403206519782543,-0.0002304556546732778,-0.0525532312908909,-0.7516670198981918,26.415824664479302,0.23194538337855225,-0.01846826815893033,-9.595096968758007e-05,0.0009361360007460462,1
0.29960060119628906,-0.00041643495205789804,0.0006803228170610964,-0.00136613380163908,-0.0018160621405737122,0.002126954259214704,-0.005241242238684589,-0.07860146760486009,0.007086311780931442,-0.0039471796556620475,-0.002037190366536379,-0.004546805750578642,0.0015535049606114632,-0.05218293077297504,-0.7515035448334959,26.415817957425265,0.2319584273348891,-0.01841289924957126,-9.501182473452196e-05,0.0011983339991274988,1
0.30965399742126465,-0.00041862885700538754,0.0006814443040639162,-0.00136846664827317,-0.0017651256679769019,0.0020202001965279217,-0.005248522868120706,-0.07859503383827571,0.007054061892912689,-0.003934077598553021,0.0004231194034218788,-0.0036485849414020777,0.0005527460016310219,-0.05189653740559308,-0.751104836908223,26.416087367764558,0.2311844103765397,-0.01858664588052148,-0.00010626061653706343,0.0008969520004029619,1
0.3195943832397461,-0.00041862885700538754,0.0006814443040639162,-0.00136846664827317,-0.0017651256679769019,0.0020202001965279217,-0.005248522868120706,-0.07859503383827571,0.007054061892912689,-0.003934077598553021,0.0004231194034218788,-0.0036485849414020777,0.0005527460016310219,-0.05172162747563673,-0.7508692929475754,26.41612869087961,0.23116460524019686,-0.018546232227332322,-0.00010963067065839367,0.000861889999214327,1
0.3296396732330322,-0.00041982403490692377,0.0006809968035668135,-0.0013694658409804106,-0.0015229476857453164,0.0019537922811648937,-0.005243548661263569,-0.07860811390891032,0.007028489845158692,-0.003923502162050951,-0.0012824400328099728,-0.0027118290308862925,0.0004243329167366031,-0.05216153168951384,-0.7507817481373319,26.416129933936567,0.23204184410961665,-0.018961846602138566,-0.00011328037682705288,0.0008590269990236266,1
0.3395993709564209,-0.0004184971912764013,0.0006797905662097037,-0.0013690980849787593,-0.001446652230578582,0.0018341782865344007,-0.00515381062197178,-0.07859815496655731,0.007028859484575989,-0.0039217935366728796,0.0009131706319749355,0.0004800418391823769,0.0003085348289459943,-0.05290446987847163,-0.7501335921655097,26.415897496543288,0.23092639740819199,-0.020568652213170443,-0.0001256961897406351,0.0009200010008498793,1
0.3496363162994385,-0.00041752340621314943,0.0006778014358133078,-0.001367576071061194,-0.0013683714224322885,0.0018311267242206515,-0.005034769892540149,-0.07858983040530854,0.007038542032054895,-0.003900801572815915,0.0001585083082318306,0.0011979017872363331,0.0011736254673451183,-0.05363116486808728,-0.7496819614594835,26.415554310545478,0.23125658896846746,-0.020996015521711226,-0.00013877162250063333,0.000872925998919527,1
0.3596012592315674,-0.0004080867802258581,0.0006709597073495388,-0.0013637281954288483,-0.000896131039449106,0.0018337185972690452,-0.005067000637960373,-0.07858937296739565,0.007066679268436182,-0.003900134797133692,3.379257395863533e-05,0.00331898033618927,-0.0007462284993380312,-0.05549273261016046,-0.7494257680861234,26.415585601862436,0.23132642418881666,-0.02216855177288236,-0.0001354236684838185,0.000934390000111307,1
0.3696410655975342,-0.00040158434421755373,0.0006666803383268416,-0.0013623422710224986,-0.0008254250312715501,0.0015806315510553954,-0.004964528616420757,-0.0785568040320741,0.007134312774688567,-0.0039007352314333055,0.0018923934549093246,0.005023326724767685,-6.594276055693687e-05,-0.057213034861039035,-0.7482984154724442,26.415332572234114,0.23028505419129813,-0.02324270614587715,-0.00014618720867673072,0.0008811679999780608,1
0.3798177242279053,-0.00039617004222236574,0.0006617964245378971,-0.0013610409805551171,-0.000906748061446672,0.0015397336706725075,-0.004913006457836665,-0.07854538154317936,0.007200500965852896,-0.0039008483081302003,0.00041501689702272415,0.006096453405916691,-0.00014046393334865646,-0.05842802401320498,-0.7475667567506594,26.415169737481314,0.23096543229668293,-0.023974371256174343,-0.00015130181457234383,0.003033308999874862,1
0.38984107971191406,-0.00039089465280994773,0.0006563807255588472,-0.0013602959224954247,-0.0009225854320134658,0.0014106021032375517,-0.004835736477550598,-0.07852674709679519,0.007257610546809179,-0.003914243613521773,0.0030213575810194016,0.005794912576675415,-0.00117444689385593,-0.059319348215939635,-0.7464299035453279,26.414946822159326,0.22962022116537104,-0.02398581091166245,-0.0001431744254749169,0.0021031100004620384,1
0.3997464179992676,-0.00038532790495082736,0.0006487746722996235,-0.0013578187208622694,-0.0008788271836526468,0.001360730117042548,-0.00487852469855321,-0.07847855344401644,0.007321047564097238,-0.003918917983744219,0.004096318501979113,0.006563175469636917,-0.00038962834514677606,-0.059858319448030314,-0.7457499130250543,26.414917173872645,0.22960287306847757,-0.023982693179716442,-0.00014074312120845617,0.0012361209992377553,1
0.40962815284729004,-0.00038044978282414377,0.0006391608039848506,-0.0013567142887040973,-0.000978657276916434,0.001030244286757136,-0.004872736054743614,-0.07842103180711213,0.007400978235227118,-0.003925213860834553,0.003638556692749262,0.004638010170310736,-0.0004692474612966185,-0.060622440546207246,-0.7449461293927316,26.415026883709807,0.2289264363686502,-0.024560375434720685,-0.00014939361303481608,0.002444792999085621,1
0.4198629856109619,-0.0003778745885938406,0.000628739595413208,-0.001356818131171167,-0.0012576030561739365,0.0010761189103730892,-0.00484990049055205,-0.07834889242164111,0.007429698831569187,-0.003935852924694672,0.006799817550927401,0.0024955286644399166,-0.0012952049728482964,-0.06098925993651146,-0.7434917057858291,26.415051618934545,0.22894391654118038,-0.02382760830493697,-0.00014343585903236092,0.003470401001322898,1
0.42962217330932617,-0.0003778745885938406,0.000628739595413208,-0.001356818131171167,-0.0012576030561739365,0.0010761189103730892,-0.00484990049055205,-0.07834889242164111,0.007429698831569187,-0.003935852924694672,0.006799817550927401,0.0024955286644399166,-0.0012952049728482964,-0.06048128073284365,-0.7420889132083492,26.414992409781345,0.22717674039802688,-0.022791836261449993,-0.00012791177718764248,0.000843870000608149,1
0.43976473808288574,-0.00038037632475607097,0.0006052420358173549,-0.001351978280581534,-0.0017260533063437407,0.0008862268830076404,-0.004813873209596132,-0.0781992973348613,0.007448069043087813,-0.003934907722553227,0.008605938404798508,-0.0009337684605270625,-0.0006319439271464943,-0.05936183239089523,-0.7407157602613627,26.414971568814416,0.22698591105374388,-0.022199762708469982,-0.0001285586947523132,0.0032640780009387527,1
0.449627161026001,-0.00038037632475607097,0.0006052420358173549,-0.001351978280581534,-0.0017260533063437407,0.0008862268830076404,-0.004813873209596132,-0.0781992973348613,0.007448069043087813,-0.003934907722553227,0.008605938404798508,-0.0009337684605270625,-0.0006319439271464943,-0.058162351986970416,-0.739131569237267,26.41490478728159,0.22580142552431576,-0.021071511525401307,-0.00011778462174137084,0.0008480609994876431,1
0.4597907066345215,-0.00039124483009800315,0.0005805388209410012,-0.001344654941931367,-0.0020300268702105875,0.0007652320343929218,-0.0047817369958746015,-0.07810052158943925,0.00742232138408383,-0.003941455653249992,0.00951913557946682,-0.0029382077045738697,-0.0015483034076169129,-0.05640754219383068,-0.737320107495533,26.41482120216024,0.22503342940975685,-0.019941923868033944,-0.00010045298292733308,0.0024795749995973893,1
0.46964573860168457,-0.0003976209554821253,0.0005674571148119867,-0.0013416497968137264,-0.002043957592481468,0.0007350040479556915,-0.004787768705596404,-0.0780217023183658,0.007387610216511131,-0.003927316994507546,0.006959148216992617,-0.003751226235181093,0.0016912736464291815,-0.05510204718879263,-0.73606046345428,26.41483865452415,0.2260579995714609,-0.019452353684028385,-0.00011887686280040845,0.0008445690000371542,1
0.4796452522277832,-0.00040314142825081944,0.0005537663237191737,-0.0013384867925196886,-0.001861018598586721,0.0006792657786498957,-0.004825046754653145,-0.07788806621254407,0.007334519422089514,-0.003897158903236164,0.009503113105893135,-0.003923060372471809,0.0005269073881208901,-0.05449745329713434,-0.7344054901662421,26.414939644794067,0.22442355299642283,-0.019214566418565473,-0.00011741975268831618,0.0024653279997437494,1
0.489795446395874,-0.0004081435617990792,0.0005400088266469538,-0.0013345457846298814,-0.001918690049443372,0.0007907825877602865,-0.004794116135023521,-0.07780115483496353,0.007312244158066861,-0.003883565860145932,0.008231991901993752,-0.002638839650899172,0.0008716080337762836,-0.0540169409778954,-0.7333843881077599,26.414875964955815,0.2247873871835161,-0.019786952447252183,-0.00012472221887125753,0.0008303199992951704,1
0.5000865459442139,-0.0004123167891521007,0.0005277610616758466,-0.0013297708937898278,-0.0017757146851922058,0.0008193997784506067,-0.004805211443435931,-0.07773007762124662,0.007294171344953249,-0.0038565312581377853,0.007018021773546934,-0.002029323717579245,0.0018643608782440426,-0.054031240375065986,-0.7326419879525391,26.4148984332567,0.22519140734569765,-0.02007368938192999,-0.00013789767008442848,0.0027622389989119256,1
0.5098183155059814,-0.00041492521995678544,0.0005154937971383333,-0.0013258927501738071,-0.001589290914864749,0.0008138701005715519,-0.004737379495883382,-0.07764057309558137,0.007287453085701667,-0.0038461515738141827,0.008183566853404045,-0.0002667151857167482,0.0002748901024460793,-0.05403882820364468,-0.7321922775121485,26.414904078990798,0.2252007741745954,-0.020078571206141635,-0.0001413360209066617,0.0010791089989652392,1
0.5197746753692627,-0.0004154105845373124,0.0005033434717915952,-0.0013212671037763357,-0.0014055346879748457,0.0008725157353903449,-0.004751201724552926,-0.0775728287411015,0.007303490181700845,-0.003834205687020198,0.006517865229398012,0.002609481103718281,0.001051947474479675,-0.0553500043836759,-0.7313860692585596,26.41475979331565,0.2250877266346303,-0.02242730192312876,-0.00015473965337263248,0.0027355580004950752,1
0.5298285484313965,-0.0004154105845373124,0.0005033434717915952,-0.0013212671037763357,-0.0014055346879748457,0.0008725157353903449,-0.004751201724552926,-0.0775728287411015,0.007303490181700845,-0.003834205687020198,0.006517865229398012,0.002609481103718281,0.001051947474479675,-0.05613066056754394,-0.7308812778089679,26.414741496338188,0.22499425020028702,-0.022485199748069062,-0.00015666286593416496,0.001123740001276019,1
0.5396485328674316,-0.00041374017018824816,0.0004923513624817133,-0.001315782661549747,-0.001246737203566745,0.0008052814114068886,-0.0047511914787948285,-0.07746134308467978,0.007365469130387048,-0.003805233173494571,0.007332549896091223,0.003791284747421742,0.001809054752811789,-0.05731927037729472,-0.7298877213847229,26.414740255586306,0.22425659507338794,-0.023275409646775335,-0.00016982552682335482,0.0008170490000338759,1
0.5496189594268799,-0.0004063246597070247,0.0004714080423582345,-0.0013004960492253304,-0.0011221045905289231,0.0009440541718178414,-0.004562660593040333,-0.07734603318574429,0.007488444757860702,-0.0038014607357337304,0.005305275786668062,0.0067497743293643,0.0007736021652817717,-0.058496647762772774,-0.7293113602023225,26.414473963755114,0.22442063610695986,-0.024247617153785712,-0.00016821880202806848,0.002419508999082609,1
0.5596253871917725,-0.0004063246597070247,0.0004714080423582345,-0.0013004960492253304,-0.0011221045905289231,0.0009440541718178414,-0.004562660593040333,-0.07734603318574429,0.007488444757860702,-0.0038014607357337304,0.005305275786668062,0.0067497743293643,0.0007736021652817717,-0.059776052330554656,-0.7287956027939332,26.414202082263827,0.22492868730664856,-0.025132746013756382,-0.00017449878233011476,0.0008317869996972149,1
0.5696423053741455,-0.0003975625440943986,0.0004504301759880036,-0.001284994650632143,-0.0011910391058340272,0.0008410554535395871,-0.004590648694408696,-0.07726802667021104,0.007555319364535684,-0.0037946378729838415,0.007951978594064713,0.006111277267336845,6.881193257868215e-05,-0.06061120993705822,-0.7276393274800513,26.41422993338689,0.2233892709749394,-0.02500509835891772,-0.0001692672327328933,0.0025508870003250195,1
0.5796332359313965,-0.0003948418307118118,0.00043862260645255446,-0.0012771360343322158,-0.0012838138491365648,0.0008175508794084846,-0.004573226439650164,-0.07720462320588739,0.0076213437625360925,-0.0038022587944870345,0.005155707243829966,0.00632602721452713,-0.001118366839364172,-0.06117343791855703,-0.7268598363630534,26.414197578049993,0.22456562008403066,-0.02527816518381837,-0.0001579735844434316,0.0009035180009959731,1
0.5898511409759521,-0.00039458813262172043,0.00042763398960232735,-0.001270431443117559,-0.0014291068075239445,0.0008885871483029616,-0.00461029959866759,-0.07711211652260541,0.007698807497096727,-0.0038142518196417896,0.006785291712731123,0.004195708315819502,-0.001123441732488573,-0.061266295831958764,-0.7260306663796656,26.414282360068828,0.22351628675396543,-0.024427257981922898,-0.000146985727405707,0.002784170999802882,1
0.6008012294769287,-0.00039607513463124633,0.00041677188710309565,-0.001263534533791244,-0.0016961689100478679,0.0007880179977836936,-0.004622622858082836,-0.07704617118000368,0.007734564947984968,-0.0038256631540232178,0.00591267878189683,0.0036538690328598022,-0.0009625769453123216,-0.061325745685503856,-0.725533774639158,26.414297553964992,0.22350257509608484,-0.024412172317796514,-0.00014435770065013038,0.0012583320003614062,1
0.6097092628479004,-0.00040016660932451487,0.0004050960997119546,-0.001257802709005773,-0.0017957681564013913,0.0006403847296131167,-0.004603060894137761,-0.07698495537079575,0.007762937658848834,-0.0038321666353704487,0.006214505527168512,0.002181845251470804,-0.0013116986956447365,-0.060543214450566714,-0.7241450671407252,26.414295587747826,0.22338859392604138,-0.02355449402850517,-0.00013348376945935829,0.0008709699995961273,1
0.6195979118347168,-0.0004049185081385076,0.00039234012365341187,-0.001251668087206781,-0.0018072533452391005,0.0006363856062297673,-0.004694832490717085,-0.07691976717728854,0.00777054752554962,-0.0038418182357427,0.006645775865763426,0.0002523767761886118,-0.001245703548192978,-0.05989204968004985,-0.7230515475275869,26.41453614392617,0.22307922841692301,-0.0225900516966221,-0.00012443134402631125,0.0008479219995933818,1
0.6296632289886475,-0.0004049185081385076,0.00039234012365341187,-0.001251668087206781,-0.0018072533452391005,0.0006363856062297673,-0.004694832490717085,-0.07691976717728854,0.00777054752554962,-0.0038418182357427,0.006645775865763426,0.0002523767761886118,-0.001245703548192978,-0.05949019400027638,-0.7223706278527662,26.414576510648843,0.2229872712972809,-0.02258610466298082,-0.00012236898492764737,0.0009363460012536962,1
0.6395931243896484,-0.00040919112507253885,0.0003786108864005655,-0.0012474353425204754,-0.0017433025661123707,0.0003608985961651056,-0.004719342105094802,-0.07682843715396448,0.007777070767414962,-0.003838586264819366,0.005080523435026407,0.00013601756654679773,-0.00017774139996618035,-0.05939850272931328,-0.7211003084948794,26.41466753470254,0.2234677299061427,-0.022564616631596066,-0.00012962722125578667,0.0008444289996987209,1
0.6496248245239258,-0.0004123156832065433,0.0003630362916737795,-0.0012434879317879677,-0.0016436856245264529,0.0004376394157434497,-0.004763424396608551,-0.07676377537658396,0.0077793251257194385,-0.0038324273942085263,0.0067709037102758884,-2.3350585252045895e-06,0.0005650804378092289,-0.059560004786862956,-0.7200753235315719,26.414791083496777,0.22246034047644944,-0.022518383272635088,-0.00013808816245970015,0.0008204719997593202,1
0.6596028804779053,-0.0004174255591351539,0.00034935591975227,-0.0012388796312734485,-0.00198447820961637,0.0007118145936901472,-0.004680387211751854,-0.07668669637892167,0.007774863531607945,-0.0038263831058893416,0.007089370395988226,-0.0006461747689172626,1.826905645430096e-05,-0.05876464698540088,-0.7196494566622232,26.41457965155057,0.22208895760557731,-0.022143909331662,-0.00013370164962442949,0.0009176269995805342,1
0.669633150100708,-0.0004221021954435855,0.0003375005617272109,-0.0012333120685070753,-0.0018480871802884164,0.0007729791116608009,-0.004732952453094338,-0.0766369257275934,0.007776563216422616,-0.003813429097744514,0.004981642123311758,-6.149243563413605e-05,0.0012084844056516886,-0.05864955729913264,-0.719540135860933,26.414686708610212,0.22298764201589286,-0.02246160447153991,-0.0001444806053866202,0.0008417049994022818,1
0.6796045303344727,-0.00042626922368071973,0.00032563749118708074,-0.0012277698842808604,-0.0017976592074126466,0.0008056932006924905,-0.004667714239338396,-0.07657039337539473,0.007775365757799246,-0.003800044373106548,0.0067860097624361515,-0.0008695211727172135,0.0009447042830288411,-0.05858975459828763,-0.7190290349129191,26.414523787417135,0.22191534826830644,-0.022062127615804877,-0.00014391659610770696,0.0008616100003564497,1
0.6896286010742188,-0.0004333687829785049,0.00030043249716982245,-0.0012173134600743651,-0.0018834536952248113,0.0007767167416006093,-0.004531667573054996,-0.07648223711162228,0.007782190325358318,-0.0037648640095668817,0.004903534892946482,0.00044072815217077754,0.0018723735120147467,-0.058471638396404825,-0.7183020365903084,26.414148968922134,0.22256577339488723,-0.022729341062562552,-0.0001572721643587882,0.0008360470001207432,1
0.6995992660522461,-0.00043807318434119225,0.0002892250777222216,-0.001210646703839302,-0.0018823605543474902,0.0009191487436674053,-0.0045394226967690535,-0.07643566517606581,0.007787251239028681,-0.003742856107228132,0.004641538020223379,0.0003208857960999014,0.0015923760365694761,-0.058386324354218734,-0.7179991969553449,26.414105998264187,0.22258581948444486,-0.022693052207989048,-0.00015929298614278059,0.0008449880006082822,1
0.7096292972564697,-0.00044352724216878414,0.00027811809559352696,-0.001205875538289547,-0.0019041401149003207,0.0007901928724355811,-0.004601259254597854,-0.07638887847861842,0.0078004419548167725,-0.0037220013957033338,0.0035574776120483875,0.0010137129575014117,0.0013825900387018917,-0.05838152002646621,-0.7174501847083896,26.414271516088554,0.22297528181356588,-0.023072603933741664,-0.0001616441769677504,0.000797982000221964,1
0.7195999622344971,-0.00044842815259471536,0.0002668882079888135,-0.001200963743031025,-0.0018979195784169754,0.0009278346085997953,-0.004606132866914967,-0.07636159413340549,0.007814640935671857,-0.0037053956430330715,0.0021750819869339466,0.0012828027829527857,0.0014576956164091823,-0.05837712684907752,-0.7171165473325686,26.41429775152977,0.2229836880437084,-0.023079199901206014,-0.00016211813918728019,0.0012181010006315773,1
0.7296395301818848,-0.00045368968858383596,0.0002572234079707414,-0.0011966420570388436,-0.0019177503444284042,0.0009985987296760453,-0.004525469619786401,-0.07633692462774011,0.0078314595771789,-0.00369227432058139,0.002764509990811348,0.0006834289524704218,0.0003984456416219472,-0.05838692427360314,-0.7171490625936153,26.41409062041905,0.2232785754110415,-0.022969442733480207,-0.00015529729786480342,0.0008685949997015996,1
0.7396218776702881,-0.00045368968858383596,0.0002572234079707414,-0.0011966420570388436,-0.0019177503444284042,0.0009985987296760453,-0.004525469619786401,-0.07633692462774011,0.0078314595771789,-0.00369227432058139,0.002764509990811348,0.0006834289524704218,0.0003984456416219472,-0.05837903236250341,-0.7171493463076767,26.414060459171132,0.22324848271687384,-0.02299050013691694,-0.00015324885045113866,0.0008607029994891491,1
0.749619722366333,-0.0004646507150027901,0.0002360168582526967,-0.001186759676784277,-0.00204716413661423,0.000959578863142617,-0.004562250809046481,-0.07631512912216332,0.007839118866386219,-0.0036880933331717713,0.0002733631990849972,0.001368487486615777,-0.00015261548105627315,-0.0582016969754483,-0.7173485052376957,26.414210797526056,0.224441069703151,-0.0228684114614066,-0.00014454900561907235,0.001071774999218178,1
0.7595984935760498,-0.0004646507150027901,0.0002360168582526967,-0.001186759676784277,-0.00204716413661423,0.000959578863142617,-0.004562250809046481,-0.07631512912216332,0.007839118866386219,-0.0036880933331717713,0.0002733631990849972,0.001368487486615777,-0.00015261548105627315,-0.05801838248945657,-0.7172674215488698,26.41417973540656,0.22443239306633306,-0.02333563761659537,-0.00014778183382020541,0.0008542080013285158,1
0.7696278095245361,-0.00047665578313171864,0.00021489622304216027,-0.001179560087621212,-0.002101359426228605,0.0011468880970171012,-0.00461702654641993,-0.07630989971106095,0.00786424663505203,-0.0036847297557915937,-0.002091048052534461,0.000568317947909236,-0.00019085011444985875,-0.05793184801524634,-0.7170148513637644,26.414289190546,0.22385724020567133,-0.022813699669457246,-0.00014234276003227957,0.000916089999009273,1
0.7798404693603516,-0.00047665578313171864,0.00021489622304216027,-0.001179560087621212,-0.002101359426228605,0.0011468880970171012,-0.00461702654641993,-0.07630989971106095,0.00786424663505203,-0.0036847297557915937,-0.002091048052534461,0.000568317947909236,-0.00019085011444985875,-0.05770068287724408,-0.7176522039757041,26.414329061870692,0.2255978203064862,-0.023002677334347073,-0.0001434866104793545,0.0026041790006274823,1
0.7896852493286133,-0.00048221342149190605,0.0002060494589386508,-0.001175862504169345,-0.002075269590492802,0.0011118425243100759,-0.004714197487058991,-0.07630642576393587,0.007865033150828094,-0.0036948684867215142,-0.00011726142838597298,-0.00011859019286930579,-0.001403997652232647,-0.05753730744973297,-0.7177853185655602,26.414583333985995,0.22463496383330642,-0.02265680441835163,-0.00013205154013891293,0.0008341619995917426,1
0.7997820377349854,-0.000494233681820333,0.00018659864144865423,-0.001168863265775144,-0.0021669368745894585,0.0011684031712262612,-0.004587979990860152,-0.0763173075591097,0.007863696250487884,-0.0037026218793489996,-0.0009582396596670151,-0.00038830214180052297,-0.0014631925150752068,-0.057138025371323266,-0.7179400820447085,26.41428725449856,0.22506902740053275,-0.02250253625793917,-0.00012674404405077142,0.002625760998853366,1
0.809647798538208,-0.0005011979374103248,0.00017862676759250462,-0.001167253591120243,-0.00220558373280259,0.001123492720076717,-0.004663154017542,-0.07633801889051783,0.007864198292937719,-0.003700362080790054,-0.002688573207706213,-0.00024134898558259016,-0.00041547743603587145,-0.05680598727698358,-0.7181930165399484,26.414446581828315,0.2259885547299024,-0.022582328607476106,-0.00013365750180369687,0.0012155869990237989,1
0.8199217319488525,-0.0005078869871795177,0.0001701962319202721,-0.0011651053791865706,-0.0021317543040935017,0.0011595600057548196,-0.004550755497446551,-0.07635129757332626,0.007855824162296798,-0.0036946963321864423,-0.0016140046063810587,-0.0013285293243825436,0.0006196917966008189,-0.05660807332335896,-0.7182518348815932,26.414169244984556,0.22550877796876634,-0.02203383396844139,-0.00014068753944633031,0.00280547399961506,1
0.8296108245849609,-0.0005147886695340276,0.00016304371820297092,-0.0011633755639195442,-0.002181689957798517,0.0012145271304897592,-0.004489194144461028,-0.07637644422546241,0.007852621078295652,-0.00368261157608174,-0.0031482118647545576,-0.0004599485546350479,0.00020261411555111414,-0.056490670437079726,-0.7182905020994418,26.4141280184297,0.2255007824629391,-0.022025038249126872,-0.0001428365516641078,0.00098069700106862,1
0.839759111404419,-0.0005214036209508777,0.00015627355605829507,-0.001160180545412004,-0.0021319712980567202,0.00127709377273593,-0.004418389406631472,-0.07640231285665333,0.00785382567857651,-0.003669686043950904,-0.0024791364558041096,-0.0007123380200937389,0.0012074713595211506,-0.056420714902254185,-0.718714955192461,26.413768676006494,0.2260498711206393,-0.022330155515861656,-0.00015142332776855495,0.002560455999628175,1
0.8496363162994385,-0.0005214036209508777,0.00015627355605829507,-0.001160180545412004,-0.0021319712980567202,0.00127709377273593,-0.004418389406631472,-0.07640231285665333,0.00785382567857651,-0.003669686043950904,-0.0024791364558041096,-0.0007123380200937389,0.0012074713595211506,-0.05636184615673865,-0.7189515444579844,26.41371435228574,0.22609282682457735,-0.02233711342583258,-0.0001536752982253014,0.0008196339986170642,1
0.8597676753997803,-0.0005334141314961016,0.00014266044308897108,-0.0011510307667776942,-0.002155971014810851,0.0013233381329983854,-0.004323116503514321,-0.07648397634272985,0.007846442706372692,-0.0036294077140159864,-0.005120998714119196,-0.0003877962008118628,0.0011788245756179094,-0.056291954142763945,-0.7190512515872567,26.41355637946884,0.22648254044239646,-0.022408660248343145,-0.0001526719591281656,0.002922882998973364,1
0.869621992111206,-0.0005334141314961016,0.00014266044308897108,-0.0011510307667776942,-0.002155971014810851,0.0013233381329983854,-0.004323116503514321,-0.07648397634272985,0.007846442706372692,-0.0036294077140159864,-0.005120998714119196,-0.0003877962008118628,0.0011788245756179094,-0.056174493159644796,-0.7196823113556621,26.413431858319907,0.22764780809814453,-0.02247605308084551,-0.000156398810188424,0.0008034990005398868,1
0.8797519207000732,-0.0005448394804261625,0.00012996149598620832,-0.0011408178834244609,-0.0021734747601631008,0.001308262198410417,-0.004377854995047257,-0.07656492907409795,0.007824526689756972,-0.003603415608696814,-0.00506095914170146,-0.0010949494317173958,0.0007177826482802631,-0.05578286523838507,-0.7199714385235823,26.4135104334133,0.22626245684598134,-0.021698420529103132,-0.00014695989619584648,0.0031700649997219443,1
0.8898050785064697,-0.0005448394804261625,0.00012996149598620832,-0.0011408178834244609,-0.0021734747601631008,0.001308262198410417,-0.004377854995047257,-0.07656492907409795,0.007824526689756972,-0.003603415608696814,-0.00506095914170146,-0.0010949494317173958,0.0007177826482802631,-0.05563609108941729,-0.7204840496603035,26.413561390974092,0.22784746966775007,-0.02204224651174786,-0.00015063244751079507,0.0020249529989087023,1
0.8997917175292969,-0.0005496933590620756,0.00012434853124432266,-0.0011348541593179107,-0.0022148191954615586,0.0014413579788805557,-0.004267819232679048,-0.07660326592380606,0.007813041282398903,-0.003600175587376242,-0.004424001555889845,-0.0014390380820259452,-0.0003154311561957,-0.05534174877359815,-0.7210662233763904,26.413267075515925,0.2276792950593811,-0.021829182309515013,-0.00014260152699874893,0.0007974230011313921,1
0.9098196029663086,-0.0005610138759948313,0.00011684255150612444,-0.001125830807723105,-0.002231579043943648,0.0015235435841773459,-0.004401498482124283,-0.07666977130224018,0.007792199437902436,-0.0035901081892761866,-0.0051296851597726345,-0.0016968101263046265,5.875877104699633e-05,-0.054988611680359734,-0.7219874591627927,26.413564154442007,0.2282284800156404,-0.02163905318375844,-0.00014281714767101124,0.0008003570001164917,1
0.9198243618011475,-0.0005671325488947332,0.00011362881923560053,-0.0011233657132834196,-0.0023024731824659484,0.0015400880478382887,-0.004497668252163799,-0.07669633812482113,0.007781658063918062,-0.0035870251736311864,-0.005533307790756226,-0.002133861416950822,-9.033211972564433e-05,-0.05451340331608631,-0.7227721113571283,26.41385639806733,0.2285150607019372,-0.021379902463612908,-0.00014024604252517458,0.002509400001144968,1
0.9298915863037109,-0.0005731469136662781,0.00011160398571519181,-0.0011210936354473233,-0.002276766812920388,0.001722068986065835,-0.004539886025442392,-0.07673349964080067,0.007752158740104598,-0.003586293037320054,-0.003332823980599642,-0.0028964723460376263,-0.0009636190952733156,-0.054087687857023926,-0.7236213841320803,26.41399065307551,0.22750346613435393,-0.020945381657388448,-0.00013055066896151577,0.0023786490000929916,1
0.9398519992828369,-0.000579023384489119,0.00010847042722161859,-0.0011190451914444566,-0.002239419381410597,0.0016530373698952592,-0.004542087674120492,-0.07676873984634591,0.00773592660537048,-0.0035845431928978044,-0.004677756689488888,-0.0019287620671093464,0.00025434396229684375,-0.053932037989463874,-0.7242274724629902,26.41401996017359,0.228247892354391,-0.021372433479936108,-0.00014086237826310542,0.0007858989993110299,1
0.9498369693756104,-0.0005849145818501711,0.00010567700519459322,-0.0011183152673766017,-0.0022318027951958525,0.0016454701119967383,-0.004546618100816055,-0.07683719412388834,0.007714631600924449,-0.003573449289286934,-0.0037816870026290417,-0.0021186205558478832,-0.0006766750011593101,-0.05372835721790071,-0.7247367888695594,26.414032133408305,0.22796825752261982,-0.02122227657876017,-0.0001364137096671077,0.0024408119988947874,1
0.9598729610443115,-0.0005849145818501711,0.00010567700519459322,-0.0011183152673766017,-0.0022318027951958525,0.0016454701119967383,-0.004546618100816055,-0.07683719412388834,0.007714631600924449,-0.003573449289286934,-0.0037816870026290417,-0.0021186205558478832,-0.0006766750011593101,-0.05359472323394197,-0.7250295301874085,26.414032306570753,0.2280570187700123,-0.02119090959707494,-0.0001356463011708872,0.0008021730009204475,1
0.9698622226715088,-0.0005968927289359272,0.0001003724173642695,-0.0011168261989951134,-0.0023117093413401284,0.001660169635358659,-0.004646963918831505,-0.07692745494870978,0.007671628110611284,-0.003571726662763286,-0.006563764996826649,-0.0018116629216820002,-9.102944750338771e-05,-0.05320424915054998,-0.7253347835954228,26.41404630231412,0.2280876291420781,-0.0208193132275989,-0.00013223247030052433,0.003159310001137783,1
0.979534387588501,-0.0005968927289359272,0.0001003724173642695,-0.0011168261989951134,-0.0023117093413401284,0.001660169635358659,-0.004646963918831505,-0.07692745494870978,0.007671628110611284,-0.003571726662763286,-0.006563764996826649,-0.0018116629216820002,-9.102944750338771e-05,-0.052925899118559626,-0.726073362764081,26.414300955122556,0.22970146319104418,-0.021212263410647587,-0.00013922502827700323,0.0008308090000355151,1
0.9898166656494141,-0.0006023653550073504,9.776871593203396e-05,-0.0011166270123794675,-0.002248377075285934,0.0015992647776094191,-0.004656331152975549,-0.07699026828895805,0.00764122134998102,-0.0035559539452121314,-0.0037960815243422985,-0.002690754598006606,-4.1142222471534874e-05,-0.05268430428534044,-0.7263389646121561,26.414357015768182,0.2285321280346989,-0.020699026526015876,-0.00014031623974721804,0.0008536479999747826,1
0.9998302459716797,-0.0006074816919863224,9.449245408177376e-05,-0.0011177731212228537,-0.002218703275439494,0.001532416654909362,-0.00466928026181881,-0.07703547171454117,0.007632178383645272,-0.00354380250595554,-0.00482065649703145,-0.0015753996558487415,0.000490584643557668,-0.05266308443067451,-0.7266112510579588,26.414405713524342,0.2291452112063111,-0.02122957206352448,-0.00014930885745140373,0.0025415290001546964,1
1.0098927021026611,-0.0006162492209114134,8.63174645928666e-05,-0.0011215365957468748,-0.002172447045970015,0.0014257663485377713,-0.004700825557953322,-0.07709099611547732,0.007621829578931649,-0.0035274223787338244,-0.0061050839722156525,-0.0012424840824678538,0.0010396221186965706,-0.05271699078215577,-0.7268465898672153,26.414506323242467,0.22994209024925163,-0.021384385292460104,-0.0001576261868215516,0.0013267100002849475,1
1.0197162628173828,-0.0006201001233421266,8.18500411696732e-05,-0.0011229502269998193,-0.002203380691379138,0.0013915088235672028,-0.004669742198605329,-0.07713377128280374,0.0076049946934837465,-0.0035172375793872668,-0.004506669472903013,-0.002021658467128873,0.00028428644873201874,-0.05252052810791894,-0.7268715482702658,26.41443813417429,0.2292842745860563,-0.020938317591111637,-0.00015223958672725172,0.0025610849988879636,1
1.029918909072876,-0.0006245861295610666,7.785548223182559e-05,-0.0011255786521360278,-0.002142322483970594,0.0014119748800474554,-0.004697257190651142,-0.07719267666063878,0.00759980233261226,-0.0035141438548254023,-0.006170804612338543,-0.00071665714494884,0.0009469666983932258,-0.05263435531932961,-0.7273167863281624,26.41450448554736,0.230271997386248,-0.02158015236531285,-0.00016043694288965732,0.002492216999598895,1
1.03985595703125,-0.0006281293462961912,7.351973908953369e-05,-0.0011276282602921128,-0.002156050647593853,0.0013275724562373695,-0.00468216790905006,-0.07724052636101941,0.007593727972042608,-0.0034889555413939455,-0.004600062500685453,-0.0007181321270763872,0.0013454696163535118,-0.05264049014013289,-0.7274037186345783,26.41447584440078,0.22957288432786127,-0.02158309703710535,-0.0001675314228263766,0.001695213999482803,1
1.0495882034301758,-0.0006320628453977406,6.868602213216946e-05,-0.0011302686762064695,-0.0021973189480426107,0.0012551661988383343,-0.0046175043197166825,-0.07728118375072635,0.0075867292759235205,-0.0034766945663973203,-0.004816640168428421,-0.0012417372781783342,0.0005051691550761462,-0.05263671827895462,-0.7274424642857359,26.414471367079223,0.22962775919094885,-0.021574632545300784,-0.000169528751353777,0.003387564000149723,1
1.0598585605621338,-0.0006359126418828964,6.392377690644935e-05,-0.0011321718338876963,-0.002180815213582145,0.0012402015908275065,-0.004658027561750861,-0.07728118375072635,0.0075867292759235205,-0.0034766945663973203,-0.004816640168428421,-0.0012417372781783342,0.0005051691550761462,-0.052474201137258966,-0.7273902429823168,26.414415935680598,0.22984627568161656,-0.021281842101616502,-0.00016224084903328348,0.0024888660009310115,1
1.069894552230835,-0.0006393916555680335,5.9192509070271626e-05,-0.0011332185240462422,-0.0022030754496341187,0.0012515330282082376,-0.004613141532492196,-0.07737884794801708,0.007573105637814326,-0.003457563882327541,-0.002976133953779936,-0.0009688361315056682,-5.128444172441947e-05,-0.05236816792400776,-0.7273470712870685,26.414408171215445,0.22984981897833223,-0.021277255398679713,-0.0001604258106416801,0.0008215899997594533,1
1.0798332691192627,-0.0006425805622711778,5.410776793723926e-05,-0.0011339251650497317,-0.002254754772802989,0.0011717647768780782,-0.004620472904685327,-0.07742545662459266,0.007567803490470482,-0.0034620090127068792,-0.005214201286435127,-0.0005849421722814442,-0.001149853691458702,-0.05209642763465262,-0.7276848836518311,26.414315466619975,0.23039854543489424,-0.021534747539023368,-0.0001497520552533354,0.0008280149995698594,1
1.0898456573486328,-0.0006465335609391332,4.957985220244154e-05,-0.0011362890945747495,-0.0023059491103761837,0.0011177337345891498,-0.004702249547716794,-0.07746337806783865,0.0075681242262692905,-0.003462926638122976,-0.003313514869660139,-0.0004022903740406037,-0.00043774582445621485,-0.05192445102614551,-0.7278690801976285,26.4143007682015,0.23047079051661784,-0.02153284164359428,-0.00014698116206577182,0.0025210639996657846,1
1.0995960235595703,-0.0006465335609391332,4.957985220244154e-05,-0.0011362890945747495,-0.0023059491103761837,0.0011177337345891498,-0.004702249547716794,-0.07746337806783865,0.0075681242262692905,-0.003462926638122976,-0.003313514869660139,-0.0004022903740406037,-0.00043774582445621485,-0.05171424036922151,-0.727859433614553,26.414512806581893,0.229636494353042,-0.021627465284308242,-0.00015306535004363687,0.0008700620001036441,1
1.1098344326019287,-0.0006591948331333697,3.630577339208685e-05,-0.0011453513288870454,-0.002281923546680757,0.0011711122808806403,-0.00468473788557407,-0.0775094319773566,0.007564622518488662,-0.0034707292283311375,-0.0021189753897488117,0.00019858661107718942,-0.00023037265054881575,-0.05149549638681341,-0.7277354257955427,26.414397121282654,0.22896837267765843,-0.021476849022939472,-0.00014650312830820616,0.0026493000004848,1
1.1198031902313232,-0.0006591948331333697,3.630577339208685e-05,-0.0011453513288870454,-0.002281923546680757,0.0011711122808806403,-0.00468473788557407,-0.0775094319773566,0.007564622518488662,-0.0034707292283311375,-0.0021189753897488117,0.00019858661107718942,-0.00023037265054881575,-0.051500611254106494,-0.7278961090694971,26.41448220105314,0.2291599621137654,-0.021921512076784447,-0.00015670724941547904,0.000859445000969572,1
1.1296429634094238,-0.000662790727801621,3.320786709082313e-05,-0.001148685929365456,-0.0022717888967934293,0.0011296271898163634,-0.004702670505599891,-0.07751600699508776,0.007561504130029206,-0.0034682714667297887,-0.0008103069849312305,-0.0009075591806322336,-0.00021841190755367268,-0.05139568988102214,-0.7277984235966883,26.414542296784493,0.22852971928171031,-0.02136852438528407,-0.0001560445481333394,0.0008163510010490427,1
1.139777660369873,-0.0006660814397037029,2.913010939664673e-05,-0.0011510845506563783,-0.002289570868187773,0.000958037619046287,-0.004628477618320179,-0.07752900899962967,0.0075609145553166,-0.003460790945998049,-0.0018017417751252651,-0.0005564664024859667,-1.091056037694209e-05,-0.05130778924689215,-0.7274180435250805,26.414371486590383,0.22903038920559446,-0.02153296585199761,-0.00015907260829637026,0.0020132890003878856,1
1.1496944427490234,-0.000669425236992538,2.4784809284028597e-05,-0.001152680953964591,-0.0022711881940442255,0.0010350698893130355,-0.004617801873127911,-0.07753897960030143,0.007555561625326224,-0.0034591873809501905,-0.00011344114318490028,-0.0006869679782539607,-0.0007856702432036399,-0.051245494149870896,-0.7272148299074546,26.4143120252524,0.22824073385079072,-0.021449372541551402,-0.0001539997745666724,0.0008537180001439992,1
1.1596200466156006,-0.0006724409176968038,2.1131651010364294e-05,-0.0011555348755791783,-0.0021915461435930796,0.0010095714466288918,-0.0046318778816286195,-0.07752823218840765,0.007556809628777472,-0.0034434195895207687,0.0010143490508198738,-0.000565889524295926,0.0009395231027156116,-0.05141038802347807,-0.7268935854537539,26.41434095967498,0.22764975608839208,-0.021534649217610172,-0.0001681571954805308,0.0024355039986403426,1
1.1696417331695557,-0.0006755922804586589,1.7326568922726437e-05,-0.0011593998642638326,-0.0022502834940932603,0.0008764757900493876,-0.004589342050115746,-0.07752826091076148,0.007559874420249635,-0.003432909510613591,-0.00018985290080308914,-0.00013671535998582832,0.0006328083109110594,-0.051502578130658984,-0.7266946921450497,26.414346468770606,0.22762638397835472,-0.021537102268500932,-0.00017183877525374982,0.0009755279988894472,1
1.1797599792480469,-0.0006787895690649748,1.2674992831307463e-05,-0.0011615456314757466,-0.0022411393040796517,0.0008383524425411288,-0.0045563583302758014,-0.0775089960872899,0.007545129058358135,-0.0034197785990128793,0.0018659303896129131,-0.0020041153766214848,0.0004723793826997283,-0.05145895713093294,-0.7263367280802892,26.414250116457062,0.2282094687837308,-0.021751172008590617,-0.0001721162560007316,0.002896900999985519,1
1.1896378993988037,-0.0006787895690649748,1.2674992831307463e-05,-0.0011615456314757466,-0.0022411393040796517,0.0008383524425411288,-0.0045563583302758014,-0.0775089960872899,0.007545129058358135,-0.0034197785990128793,0.0018659303896129131,-0.0020041153766214848,0.0004723793826997283,-0.051205365987944805,-0.7257214803028289,26.41414893736289,0.227141120742066,-0.020778542289371406,-0.0001656488068655903,0.0008215899997594533,1
1.1997783184051514,-0.0006910685915499926,5.762353794125374e-06,-0.0011625824263319373,-0.0016580367270810476,0.0013573119174568418,-0.004667517739467469,-0.07748833509104092,0.007540138663824081,-0.0034666617401231115,0.0038252598606050014,-0.002242446644231678,-0.008506245911121368,-0.04627681126773196,-0.7274848117809799,26.414524577756755,0.227880876728703,-0.02117649814814706,-0.00016955449756207047,0.0027708310008165427,1
1.2096805572509766,-0.0006910685915499926,5.762353794125374e-06,-0.0011625824263319373,-0.0016580367270810476,0.0013573119174568418,-0.004667517739467469,-0.07748833509104092,0.007540138663824081,-0.0034666617401231115,0.0038252598606050014,-0.002242446644231678,-0.008506245911121368,-0.049288325707145864,-0.7274009993143977,26.414441958507986,0.2261618302678468,-0.020622733986944735,-9.3549385724487e-05,0.000980626999080414,1
1.2197837829589844,-0.0006833432125858963,2.491199666110333e-05,-0.001149376155808568,-0.0017298669586012306,0.0026326765819367284,-0.0040262281201587,-0.07741071596742133,0.007563633569709793,-0.003499835907558424,-0.00274069351144135,0.0037906928919255733,-0.0007146983407437806,-0.0516103410595687,-0.7302011550909219,26.412684898401203,0.22926303763259517,-0.02375094456217137,-0.00015075963265074788,0.0027526009998837253,1
1.2297680377960205,-0.0006540262838825583,2.286331437062472e-06,-0.0011741546913981438,0.0020104688512578087,-0.005676962495194668,-0.007619513618163674,-0.07727096012435553,0.007579329036099924,-0.003605435827466419,0.010632416233420372,0.010967380367219448,-0.005182543303817512,-0.06277876183599301,-0.713738410834617,26.422271246231368,0.2215399659313717,-0.027753733097950904,-0.00015909728935123782,0.00096155899882433,1
1.2396032810211182,-0.0006415008683688939,-7.878787437221035e-05,-0.0011616452829912305,-0.00446755299671754,-0.005741719637203698,-0.0027526665536749574,-0.07723624224805992,0.007630613144570475,-0.0036257579564304976,0.015033595263957977,0.0055985813960433,-0.00438511185348034,-0.05399838509802066,-0.6990323696159827,26.411023896543988,0.21908390452875534,-0.024626142019423633,-0.0001355778911553298,0.0008817959987936774,1
1.2498202323913574,-0.0006730958120897412,-0.00010193289926974103,-0.001131111173890531,-0.006220918148890105,0.0019103863709002775,-0.00111928047142719,-0.07736357403526828,0.007580413883528703,-0.003596809093248332,0.011415142565965652,0.004305399488657713,0.001032542902976274,-0.04407490743591736,-0.7071939267997853,26.40468814350038,0.22196556438866585,-0.023690054787210698,-0.00016759618785537852,0.0024753150009928504,1
1.259772777557373,-0.0006730958120897412,-0.00010193289926974103,-0.001131111173890531,-0.006220918148890105,0.0019103863709002775,-0.00111928047142719,-0.07736357403526828,0.007580413883528703,-0.003596809093248332,0.011415142565965652,0.004305399488657713,0.001032542902976274,-0.0380820455543692,-0.7121409122167948,26.403726103971096,0.2219803397799737,-0.02371020097406085,-0.0001790047515754688,0.0008090869996522088,1
1.269622802734375,-0.0006730958120897412,-0.00010193289926974103,-0.001131111173890531,-0.006220918148890105,0.0019103863709002775,-0.00111928047142719,-0.07736357403526828,0.007580413883528703,-0.003596809093248332,0.011415142565965652,0.004305399488657713,0.001032542902976274,-0.03445936362177632,-0.7151319126466209,26.403569951867652,0.22196180830006795,-0.023732540097372898,-0.00018343627414579288,0.0008081099986156914,1
1.2797648906707764,-0.0005333905573934317,-8.930043986765668e-05,-0.000988451181910932,0.007520786954709971,-0.0018134683807827083,0.007391513328166035,-0.07736357403526828,0.007580413883528703,-0.003596809093248332,0.011415142565965652,0.004305399488657713,0.001032542902976274,-0.03226922058357885,-0.7169383297266436,26.403538651155195,0.22195022203098902,-0.023746222733802832,-0.0001854421447586104,0.002614098000776721,1
1.289891004562378,-0.0005333905573934317,-8.930043986765668e-05,-0.000988451181910932,0.007520786954709971,-0.0018134683807827083,0.007391513328166035,-0.07736357403526828,0.007580413883528703,-0.003596809093248332,0.011415142565965652,0.004305399488657713,0.001032542902976274,-0.06250939710487617,-0.7031964399923402,26.381288888520963,0.22141020887231985,-0.02505586986284769,-0.0002046857102812953,0.0027290630005154526,1
1.299623727798462,-0.0004009246767964214,-0.00014811848814133555,-0.0008353213197551668,0.012308620852022986,-0.0002720276419767196,0.011596968392396117,-0.07736357403526828,0.007580413883528703,-0.003596809093248332,0.011415142565965652,0.004305399488657713,0.001032542902976274,-0.09202691558309674,-0.6951209755859952,26.366807835690366,0.22150754591729227,-0.02542729882315744,-0.00020858852786669228,0.0008346499998879153,1
1.3096303939819336,-0.00022532125876750797,-0.0001778624573489651,-0.0006236007320694625,0.01632038318350325,0.005965198901188652,0.026045881194901352,-0.07559694547225071,0.010474571080643535,-0.0044889431844583605,0.06622423976659775,0.15238812565803528,-0.017634462565183657,-0.14216982870160472,-0.6825061251718754,26.32621502548113,0.18957139577247742,-0.10780641296308066,-0.0005771567203943458,0.001714142001219443,1
1.3196070194244385,-6.630636562476866e-06,-0.00013995695917401463,-0.0003095068095717579,0.023063963345655854,0.002469456655118389,0.033513981761989074,-0.07491651507444708,0.01237627283234577,-0.004896225997106818,0.10346012562513351,0.22958363592624664,-0.01562033314257863,-0.17219164915104498,-0.6751976844379727,26.320184115320735,0.18908272639221996,-0.109066845319669,-0.0006244325880609553,0.0010231619999103714,1
1.329848051071167,0.00028737520915456116,-0.00018667400581762195,0.0001587159640621394,0.034204240973602335,-0.01177719927891243,0.04762710635816859,-0.07491651507444708,0.01237627283234577,-0.004896225997106818,0.10346012562513351,0.22958363592624664,-0.01562033314257863,-0.2438085765453781,-0.6088857958451681,26.26301414982061,0.16653709981778192,-0.154707456009646,-0.000957894949437974,0.001693537000392098,1
1.3396058082580566,0.000714070862159133,-0.00033919428824447095,0.0007878296892158687,0.04727745056962654,-0.01797995899820295,0.06824816763468657,-0.07143133707344562,0.020750734918740132,-0.005409007287634271,0.17395569384098053,0.3823488652706146,0.01151565741747613,-0.2876477460413511,-0.5690961267766019,26.25462916986141,0.1663597334855522,-0.15529288852743345,-0.001010496895931791,0.0011105390003649518,1
1.3496642112731934,0.0016139792278409004,-0.0005524488515220582,0.002738137962296605,0.04078906776011299,-0.0036325260966565977,0.11956126242328283,-0.07143133707344562,0.020750734918740132,-0.005409007287634271,0.17395569384098053,0.3823488652706146,0.01151565741747613,-0.3821294885459026,-0.49850925681618297,26.198848568740615,0.12038892786993936,-0.2569230816891835,-0.0018609917094990355,0.002827475000231061,1
1.3597853183746338,0.0016139792278409004,-0.0005524488515220582,0.002738137962296605,0.04078906776011299,-0.0036325260966565977,0.11956126242328283,-0.07143133707344562,0.020750734918740132,-0.005409007287634271,0.17395569384098053,0.3823488652706146,0.01151565741747613,-0.4159588006798052,-0.45255568495687526,26.054338417744933,0.12010920987123386,-0.2577184279030651,-0.002008395590167091,0.0009878210003080312,1
1.3696153163909912,0.002093351213261485,-0.0005990252248011529,0.004103260114789009,0.05107279489280528,-0.0016131726904388265,0.14407914879062197,-0.06553573712271765,0.031100214984070895,-0.00530675274003789,0.2727853059768677,0.430181086063385,0.038469050079584066,-0.48384741910729123,-0.3911432195902323,25.967116318444607,0.05394305560404587,-0.31195038880179504,-0.002525206148259914,0.000898070000403095,1
1.3796412944793701,0.0026888232678174973,-0.0005679471069015563,0.0057167480699718,0.060531065080170934,0.006342996269947787,0.16899737705237505,-0.062050597867562285,0.03529977791814565,-0.005376285480372722,0.346090167760849,0.4121854305267334,0.027325125411152788,-0.5474412763608139,-0.34418606719276706,25.886933412241493,0.007014043386395073,-0.31631254804308545,-0.002580311869005536,0.001774277998265461,1
1.3898835182189941,0.003976598381996155,-0.0004921702202409506,0.009889466688036919,0.0661098450179308,0.009279553653126126,0.23388199451726407,-0.05317542623444149,0.043484409772548194,-0.004760264315984308,0.4752873182296753,0.40860453248023987,0.040699589997529935,-0.5820056754798253,-0.27257530375557393,25.78051720214145,-0.042059697636753435,-0.3226655618054166,-0.00293086506262668,0.002848639000148978,1
1.399526596069336,0.003976598381996155,-0.0004921702202409506,0.009889466688036919,0.0661098450179308,0.009279553653126126,0.23388199451726407,-0.05317542623444149,0.043484409772548194,-0.004760264315984308,0.4752873182296753,0.40860453248023987,0.040699589997529935,-0.6116841104417191,-0.21963087240767384,25.685789065524425,-0.08457501579166728,-0.33773417592123733,-0.003123056293076557,0.00085797899919271,1
1.4096534252166748,0.0047155339270830154,-0.0004354389966465533,0.012380199506878853,0.07424584890265415,0.004641526117459734,0.2609867747591564,-0.04770412842777949,0.046444120769622455,-0.00468296729873563,0.5610608458518982,0.33006975054740906,0.024695005267858464,-0.6362688516348592,-0.1516066135874482,25.598686621672698,-0.14392924753893638,-0.3074658009738982,-0.0028478326636409068,0.002915129998655175,1
1.4197659492492676,0.005482751876115799,-0.00041844305815175176,0.015229664742946625,0.07687952422599974,0.0033172869243173106,0.29777029140170436,-0.041618656880537674,0.049769105425832905,-0.004462512902350557,0.6321130990982056,0.26588407158851624,0.0335244387388229,-0.6405256981189305,-0.08197358433784986,25.487227485463197,-0.19786556338522032,-0.28415667056492955,-0.0029294976716217895,0.0024568059998273384,1
1.4299352169036865,0.00634766835719347,-0.00041083540418185294,0.018305154517292976,0.09224442549531515,-0.0024274938326280335,0.31390860625238504,-0.03487904376396722,0.051955556679474046,-0.003913677215521272,0.6972684860229492,0.2380690723657608,0.05105613917112348,-0.671299576452556,-0.011469404678022946,25.425847451217106,-0.24134474713370352,-0.27430220270316413,-0.003359604433387697,0.0011335880008118693,1
1.4397146701812744,0.007302547339349985,-0.0004488250124268234,0.02164408564567566,0.0936703326726081,-0.0005870453695756182,0.3459145421403037,-0.03487904376396722,0.051955556679474046,-0.003913677215521272,0.6972684860229492,0.2380690723657608,0.05105613917112348,-0.6917940089403123,0.029948322215653543,25.41660645882819,-0.25155471705251414,-0.2772066756976576,-0.003485667039022199,0.0031553979988530045,1
1.4498863220214844,0.008281808346509933,-0.00044063542736694217,0.02521859109401703,0.10021604222199705,0.0012116285160905208,0.3636606026208044,-0.016159469545269367,0.05527337743739169,-0.003384981578105961,0.7753903269767761,0.04798180609941483,0.04844062775373458,-0.6887113810801425,0.07126237273708833,25.279962183759892,-0.31648774562289367,-0.18737801578675717,-0.003127254142697254,0.0027482709992909804,1
1.4596478939056396,0.008281808346509933,-0.00044063542736694217,0.02521859109401703,0.10021604222199705,0.0012116285160905208,0.3636606026208044,-0.016159469545269367,0.05527337743739169,-0.003384981578105961,0.7753903269767761,0.04798180609941483,0.04844062775373458,-0.6893261253218583,0.09333203075308961,25.259650330123385,-0.3437407447323638,-0.190347795755706,-0.0033018888046067495,0.0008704809988557827,1
1.4698631763458252,0.008281808346509933,-0.00044063542736694217,0.02521859109401703,0.10021604222199705,0.0012116285160905208,0.3636606026208044,-0.016159469545269367,0.05527337743739169,-0.003384981578105961,0.7753903269767761,0.04798180609941483,0.04844062775373458,-0.6897484161502319,0.10656831425164782,25.256592921637388,-0.34423577395697247,-0.19040705848383113,-0.003329341777847271,0.002587696000773576,1
1.4799392223358154,0.012839469127357006,-0.0009391955099999905,0.041465360671281815,0.12180519407322983,-0.021891858014042614,0.4383362522520967,-0.008514679790498914,0.055204970988431246,-0.0031450299996720332,0.7658906579017639,-0.01719813235104084,0.010397158563137056,-0.6900065859534412,0.11455573864919201,25.25611204585131,-0.34427863261670477,-0.1904086357986454,-0.0033335184997067427,0.0035422710006969282,1
1.4899637699127197,0.012839469127357006,-0.0009391955099999905,0.041465360671281815,0.12180519407322983,-0.021891858014042614,0.4383362522520967,-0.008514679790498914,0.055204970988431246,-0.0031450299996720332,0.7658906579017639,-0.01719813235104084,0.010397158563137056,-0.7122192914019985,0.17732264979282758,25.049889126851884,-0.36297202762872743,-0.15899248234182156,-0.002810695009560326,0.0008255009997810703,1
1.499845027923584,0.014075788669288158,-0.0011798851191997528,0.04597529396414757,0.12357739246623747,-0.02503349958001754,0.45605945623687233,0.01913470679659257,0.049160911500168325,-0.0029888206971935283,0.7468695044517517,-0.30192530155181885,-0.00876870192587372,-0.7127817854800914,0.19848314833566635,24.971046298762403,-0.4298738590280433,-0.0005104980005872783,-0.0018759196641313749,0.0028701499995804625,1
1.5098884105682373,0.014075788669288158,-0.0011798851191997528,0.04597529396414757,0.12357739246623747,-0.02503349958001754,0.45605945623687233,0.01913470679659257,0.049160911500168325,-0.0029888206971935283,0.7468695044517517,-0.30192530155181885,-0.00876870192587372,-0.7135768427943012,0.2111567300324637,24.959275119028828,-0.4310350380192298,0.0022867564208517957,-0.0022358741500079085,0.0014028410005266778,1
1.5197856426239014,0.016700200736522675,-0.0017819128697738051,0.05545498803257942,0.1311345562504154,-0.03816659877833743,0.48620527926278795,0.033283422739898594,0.04070406627138379,-0.003399554376320779,0.7092646956443787,-0.4803502559661865,-0.004787953104823769,-0.7266076315139594,0.22511551423126483,24.87397391802844,-0.45215624241378843,0.1132036200775939,-0.001922353865430561,0.0008545559994672658,1
1.5298116207122803,0.018051784485578537,-0.0022014668211340904,0.06040789932012558,0.13595296697583234,-0.041652201858172054,0.49984657658956627,0.03976231259002194,0.03571767235155665,-0.003592853165116594,0.6367877721786499,-0.5501734018325806,-0.017984705045819217,-0.7485375417878614,0.22503815101330452,24.82334329104057,-0.43452570182179384,0.16274704081882949,-0.0018632692743472921,0.0008504360012011603,1
1.5397896766662598,0.019385112449526787,-0.002620596205815673,0.06550837308168411,0.13018657418854965,-0.04240840917855661,0.5144655101763409,0.04563194608941945,0.02978386826045254,-0.004124029834911003,0.5572282075881958,-0.6223672032356262,-0.027273656800389214,-0.7574784715198711,0.21552421410081943,24.813785190583403,-0.4110050861410301,0.21579380842469278,-0.001742247907019992,0.0008567920012865216,1
1.5498316287994385,0.020768554881215096,-0.003115343628451228,0.07068593800067902,0.142054826772777,-0.054759571214491425,0.5144692058827345,0.050751242004414276,0.02326659340542836,-0.004493495127539049,0.5104891061782837,-0.6321449279785156,-0.01000211574137203,-0.7998981949163775,0.22960394351100702,24.810095310840076,-0.3955692528942697,0.2290180155996683,-0.0020516071557059286,0.0008694339994690381,1
1.5597865581512451,0.02217520959675312,-0.003709695767611265,0.07595279067754745,0.1358654655843663,-0.061463987401305716,0.5334669346925862,0.050751242004414276,0.02326659340542836,-0.004493495127539049,0.5104891061782837,-0.6321449279785156,-0.01000211574137203,-0.8177831551154543,0.2545476376779296,24.806292041301855,-0.4031661101811741,0.23847519423230631,-0.0021782600908801615,0.0008632869994471548,1
1.5699386596679688,0.023566728457808495,-0.004329259041696787,0.08132782578468323,0.13789762570440808,-0.06038282988015756,0.5387471315345148,0.06084819903533356,0.006076701523189509,-0.006425780136058101,0.32472795248031616,-0.7204739451408386,-0.03585653379559508,-0.8318944560666697,0.2709761854044319,24.805670776735447,-0.40343493491324356,0.23850736810956652,-0.002205605795408059,0.0019583210014388897,1
1.5798580646514893,0.023566728457808495,-0.004329259041696787,0.08132782578468323,0.13789762570440808,-0.06038282988015756,0.5387471315345148,0.06084819903533356,0.006076701523189509,-0.006425780136058101,0.32472795248031616,-0.7204739451408386,-0.03585653379559508,-0.8686114352706692,0.25563770224148635,24.80627372711552,-0.33928108514858674,0.32822692498130057,-0.0015652425006225056,0.0009542259995214408,1
1.5896663665771484,0.026412276551127434,-0.005776543635874987,0.09225934743881226,0.13807189478091533,-0.08173031540323847,0.5520138140897392,0.06084819903533356,0.006076701523189509,-0.006425780136058101,0.32472795248031616,-0.7204739451408386,-0.03585653379559508,-0.9035067649433396,0.2998479523470706,24.79922047656707,-0.34014819297819504,0.3293831013956951,-0.001895317533452629,0.0026993089995812625,1
1.5996026992797852,0.02778281830251217,-0.0066204252652823925,0.09784696251153946,0.132438122445772,-0.08064536396774918,0.5604585403988088,0.06543763596929875,-0.011667989425399483,-0.008611596756534112,0.1321844458580017,-0.7290467023849487,-0.04085307568311682,-0.9411987654078652,0.30918470384649144,24.798830735383167,-0.2579437873327225,0.38157913498208185,-0.001521280279380779,0.0009577879991411464,1
1.6099002361297607,0.02914254367351532,-0.00748338270932436,0.10345234721899033,0.13209491889065483,-0.08730477488696285,0.5644419783670659,0.06543763596929875,-0.011667989425399483,-0.008611596756534112,0.1321844458580017,-0.7290467023849487,-0.04085307568311682,-0.9692746491722094,0.3329067107803334,24.79532522087883,-0.2572869570595587,0.3822122424514797,-0.0018300178025783302,0.001743965998684871,1
1.6196339130401611,0.03052876703441143,-0.008442358113825321,0.10908181220293045,0.13766941236728222,-0.09770840852243598,0.5619815583150246,0.0650357240355608,-0.026439694857165907,-0.010829474195911626,-0.09284509718418121,-0.7338396310806274,-0.06552040576934806,-1.0255681002729886,0.36103313839851514,24.794618043606274,-0.14634154000159483,0.4233558547197484,-0.0014489517719037275,0.0009295700001530349,1
1.6298620700836182,0.031865980476140976,-0.009482519701123238,0.11474275588989258,0.12052313199553302,-0.1006219542453902,0.5761875509628899,0.06264890635933806,-0.03650581849985857,-0.012578368599123646,-0.17923571169376373,-0.6833220720291138,-0.07945698499679557,-1.0433802072224425,0.38650794012119305,24.793215117996397,-0.09596990497961141,0.4269750762209314,-0.0014125839327996507,0.002827894000802189,1
1.639808177947998,0.0330987386405468,-0.010510850697755814,0.1204528883099556,0.11984845012534497,-0.0994851698908521,0.568657219133418,0.061384311738812425,-0.04006179365721119,-0.013035113171314006,-0.2598665654659271,-0.6592704653739929,-0.07791296392679206,-1.0613359141494856,0.3972414017171551,24.790512073146,-0.05372765416193223,0.41961076415392223,-0.001551406739550059,0.001044186999934027,1
1.649782657623291,0.03434046730399132,-0.011630368418991566,0.126101553440094,0.11588147786156938,-0.11324869450200974,0.5731752511080538,0.061384311738812425,-0.04006179365721119,-0.013035113171314006,-0.2598665654659271,-0.6592704653739929,-0.07791296392679206,-1.0726385505077627,0.441838646967212,24.786262461284643,-0.05270304293911252,0.4244761610100218,-0.0017686020348499456,0.003012704999491689,1
1.6597976684570312,0.03550209105014801,-0.012804737314581871,0.13179723918437958,0.1100666401361732,-0.10686205746748458,0.5738465188650465,0.05105965965735182,-0.056013658781833175,-0.016052880299259442,-0.5010730624198914,-0.6100225448608398,-0.08288615942001336,-1.079488136203577,0.4687769477965118,24.78560270597694,-0.05291140634579215,0.42450573657937934,-0.0018060478360654533,0.0011166160002176184,1
1.669618844985962,0.03550209105014801,-0.012804737314581871,0.13179723918437958,0.1100666401361732,-0.10686205746748458,0.5738465188650465,0.05105965965735182,-0.056013658781833175,-0.016052880299259442,-0.5010730624198914,-0.6100225448608398,-0.08288615942001336,-1.101087486227777,0.4744808359936753,24.786978180740235,0.09447713284676991,0.44323497927779293,-0.0016006048422040268,0.0027769070002250373,1
1.6796200275421143,0.03550209105014801,-0.012804737314581871,0.13179723918437958,0.1100666401361732,-0.10686205746748458,0.5738465188650465,0.05105965965735182,-0.056013658781833175,-0.016052880299259442,-0.5010730624198914,-0.6100225448608398,-0.08288615942001336,-1.1141239114825163,0.4780078825604725,24.78727286021222,0.09685342412225785,0.4433629328065357,-0.0019947322282283003,0.0009033790011017118,1
1.6896119117736816,0.039587363600730896,-0.01783526875078678,0.1543208211660385,0.08125307740152765,-0.12322289661303737,0.5760372877599991,0.0294626095932351,-0.07279638991178139,-0.020137617733057667,-0.7204688787460327,-0.3750423491001129,-0.10592614114284511,-1.12795802518485,0.5317292791758564,24.781008814830304,0.2144614807956304,0.4159276653103738,-0.0016830274786921084,0.0030243680012063123,1
1.69978666305542,0.039587363600730896,-0.01783526875078678,0.1543208211660385,0.08125307740152765,-0.12322289661303737,0.5760372877599991,0.0294626095932351,-0.07279638991178139,-0.020137617733057667,-0.7204688787460327,-0.3750423491001129,-0.10592614114284511,-1.1241340045578918,0.5866547708231902,24.777366571096966,0.26336495192298465,0.37302966292495404,-0.0015540996186627484,0.0009342499997728737,1
1.7096176147460938,0.0404057577252388,-0.019131112843751907,0.15995892882347107,0.07567668766893706,-0.1181142052053838,0.5739743711507033,0.02229170091717947,-0.0756035508362971,-0.020934508324716994,-0.7399534583091736,-0.3064180612564087,-0.08069267868995662,-1.1213994792441333,0.6226070266134244,24.774773068978195,0.2935001500015265,0.34636685372747233,-0.0017242390959497855,0.0008711800001037773,1
1.719763994216919,0.04120346158742905,-0.020424887537956238,0.16553090512752533,0.07152370380991409,-0.11379695076752915,0.5722507241603811,0.014791980953108297,-0.07818290770365266,-0.021885105833092666,-0.7640109062194824,-0.19805651903152466,-0.09281739592552182,-1.124868895782763,0.648784149107578,24.772100854207512,0.3261827226157173,0.2992296083582795,-0.0014558385099220472,0.0027259189992037136,1
1.7298705577850342,0.04189697653055191,-0.021718690171837807,0.1710907369852066,0.06017445498729306,-0.12210373571806396,0.5723558663891684,0.006899872533817408,-0.07928114814978482,-0.022959098245026066,-0.8111585974693298,-0.12050413340330125,-0.09253522008657454,-1.1118555867191497,0.6979157959331745,24.76907069084101,0.37037094024439726,0.26376699798144343,-0.0014970042596003097,0.0008824939995975001,1
1.7397449016571045,0.042474936693906784,-0.023052658885717392,0.17662516236305237,0.04849463807087435,-0.11315628877998574,0.5731751921653979,-0.0011438107911501127,-0.07973124406497112,-0.023705096639267786,-0.816464364528656,-8.299294859171854e-05,-0.07678819447755814,-1.0883092524664824,0.7246056929548246,24.765426193070777,0.3960944053902085,0.2056629357953832,-0.0014012339424895848,0.0027896890005649766,1
1.7498302459716797,0.04300148785114288,-0.024333545938134193,0.18212074041366577,0.0488343608479104,-0.11326856795877978,0.5680217152506057,-0.012546137450761385,-0.078464179018777,-0.024951185946619603,-0.7605195045471191,0.1310396045446396,-0.08759647607803346,-1.0845887665893785,0.766041841453773,24.76239320054332,0.39947802641025554,0.13614983821728963,-0.0009279694070296436,0.0008894789989426499,1
1.7597675323486328,0.043484799563884735,-0.025578372180461884,0.1875632405281067,0.04143826943037262,-0.10820656246631008,0.566765904498616,-0.019960279306828088,-0.0760445250953139,-0.025829007502226276,-0.7508668899536133,0.22530002892017365,-0.08367872238159182,-1.069572099411179,0.792891663792355,24.75855378563387,0.40475458097603867,0.08559868965592242,-0.000938599267387857,0.002610605999507243,1
1.7696080207824707,0.04388049989938736,-0.02684246376156807,0.19300062954425812,0.02998387186764845,-0.11084580939425887,0.5684028272827585,-0.027455523083815603,-0.07277511306991258,-0.02643807657388697,-0.7552335858345032,0.3455527126789093,-0.061403077095747036,-1.0613481363951487,0.8128999428842004,24.758143619622388,0.41497564465895054,0.08146886533461521,-0.0010605869215321564,0.001065419000951806,1
1.7797715663909912,0.044325221329927444,-0.029214486479759216,0.2038029283285141,0.016785913516669356,-0.09402297207186674,0.5640102627861829,-0.027455523083815603,-0.07277511306991258,-0.02643807657388697,-0.7552335858345032,0.3455527126789093,-0.061403077095747036,-1.03538089519816,0.8484349640252433,24.75448048912864,0.43742900321774714,0.013903804728679317,-0.0010593331233348068,0.002945863001514226,1
1.7896380424499512,0.044325221329927444,-0.029214486479759216,0.2038029283285141,0.016785913516669356,-0.09402297207186674,0.5640102627861829,-0.027455523083815603,-0.07277511306991258,-0.02643807657388697,-0.7552335858345032,0.3455527126789093,-0.061403077095747036,-0.9921672903786086,0.8427903333263574,24.746976279189006,0.43890748837602617,0.01398088597871997,-0.0012925384315464142,0.0008797009995760163,1
1.7996165752410889,0.044624701142311096,-0.03132360428571701,0.2144651710987091,0.004495070307620255,-0.08840425935554576,0.5631119014140279,-0.04891636421484291,-0.05470379450482454,-0.02899426801577132,-0.5321869254112244,0.5975068211555481,-0.028923412784934117,-0.9622302385310457,0.868385938041823,24.74151003656004,0.404497163086057,-0.11758845121870992,-0.000421179110918482,0.0029533360011555487,1
1.8095552921295166,0.044624701142311096,-0.03132360428571701,0.2144651710987091,0.004495070307620255,-0.08840425935554576,0.5631119014140279,-0.04891636421484291,-0.05470379450482454,-0.02899426801577132,-0.5321869254112244,0.5975068211555481,-0.028923412784934117,-0.910099934728557,0.8988711204894672,24.73676763336615,0.387292402793523,-0.1607092732766677,-0.0007149455918305789,0.000986074999673292,1
1.8197717666625977,0.04454577714204788,-0.03328084200620651,0.22508126497268677,-0.007366550401541621,-0.07251298208073914,0.5565481187546518,-0.05681971004938147,-0.04153750431531611,-0.030325115375037903,-0.33068275451660156,0.6808728575706482,-0.02681047841906556,-0.8500727057152764,0.923043161481576,24.7320497889437,0.36162288607903825,-0.203476468432378,-0.0005949776490477914,0.0033251229997404153,1
1.8296215534210205,0.04454577714204788,-0.03328084200620651,0.22508126497268677,-0.007366550401541621,-0.07251298208073914,0.5565481187546518,-0.05681971004938147,-0.04153750431531611,-0.030325115375037903,-0.33068275451660156,0.6808728575706482,-0.02681047841906556,-0.79952944595826,0.9301334345051981,24.72674555529197,0.3097476445692726,-0.2374373709855509,-0.00037483968163792955,0.0008968829988589277,1
1.8397881984710693,0.044476691633462906,-0.03413153812289238,0.23032310605049133,-0.005830579875178125,-0.06428971429245064,0.553143501593722,-0.059169538522410914,-0.034853175121414726,-0.030896162225268142,-0.21576537191867828,0.7128012180328369,-0.024220602586865512,-0.7634692039695391,0.9302625176633812,24.72152091934857,0.25930490643844434,-0.2717607896697516,-0.0002240561791872461,0.003357880001203739,1
1.8500511646270752,0.04440531134605408,-0.034939903765916824,0.23553022742271423,-0.008563630810363732,-0.0661652410040041,0.5515274409251066,-0.06060222372419943,-0.02734684053648806,-0.03166525212224336,-0.1175016537308693,0.7316450476646423,-0.015407314524054617,-0.7247329424442205,0.9470798535935105,24.71667087269602,0.21375413527563164,-0.301544571697269,-0.0002189641754999468,0.001041322000673972,1
1.859628438949585,0.04422787204384804,-0.035702768713235855,0.24075967073440552,-0.02265222181607556,-0.05540967368386406,0.5588857531505949,-0.06105542942332631,-0.01981849234155053,-0.032112718400715945,-0.010333467274904251,0.7267642617225647,-0.019446782767772765,-0.6552696109606188,0.9446407950539238,24.71114778563753,0.16214970075939023,-0.3183404980705656,-9.12095306724877e-05,0.0027405870005168254,1
1.8696510791778564,0.044000305235385895,-0.03639926388859749,0.24595490097999573,-0.017067293615466987,-0.054187352241938415,0.5491467717509138,-0.059405160145549196,-0.009401476095415529,-0.03258068998222097,0.13548393547534943,0.7133714556694031,0.01462088152766219,-0.6132887932891968,0.9431134755342425,24.710455074911994,0.1613252164283248,-0.31826349179001845,-0.0002674342464352723,0.0012595890002558008,1
1.879807949066162,0.0437963493168354,-0.03700832650065422,0.25108492374420166,-0.016162241098925723,-0.04357948806953147,0.5463091733355944,-0.05700355521979583,-0.0020264795558797566,-0.03320735462974023,0.25672200322151184,0.7054715156555176,0.007939878851175221,-0.5817571153254434,0.9487332008780848,24.705402779889774,0.08512590654480509,-0.3401062971991272,-0.00015074536157504663,0.0033701719985401724,1
1.8898093700408936,0.04327113553881645,-0.038017868995666504,0.26129475235939026,-0.024269334665320625,-0.030195232697359922,0.5428631306805872,-0.05384684357784675,0.004853596376483971,-0.03344936449178437,0.3462609052658081,0.6724361777305603,0.0023406809195875298,-0.5505855297147353,0.9339943369634423,24.6996903106924,0.018370076986183356,-0.35617951525911284,-6.150059862584542e-05,0.002626460998726543,1
1.8996045589447021,0.04327113553881645,-0.038017868995666504,0.26129475235939026,-0.024269334665320625,-0.030195232697359922,0.5428631306805872,-0.05384684357784675,0.004853596376483971,-0.03344936449178437,0.3462609052658081,0.6724361777305603,0.0023406809195875298,-0.49638102409043067,0.9003817777431354,24.691329928954538,-0.03434166558671964,-0.35747213316411935,7.6371916488832e-06,0.0009068710005522007,1
1.909860372543335,0.042753398418426514,-0.03887424245476723,0.2713177502155304,-0.023742476333357646,-0.02146718249127563,0.5362022519216331,-0.041365092251039126,0.020702499610075087,-0.033959868378830915,0.587236225605011,0.585651695728302,0.010679077357053686,-0.4579598173006501,0.8910900099072626,24.685326183821918,-0.12402450638496233,-0.3655982887821695,6.615110956734186e-05,0.002866587999960757,1
1.919767141342163,0.042753398418426514,-0.03887424245476723,0.2713177502155304,-0.023742476333357646,-0.02146718249127563,0.5362022519216331,-0.041365092251039126,0.020702499610075087,-0.033959868378830915,0.587236225605011,0.585651695728302,0.010679077357053686,-0.4061067910034229,0.8514775061076885,24.679976971269962,-0.18860288976300543,-0.35646991298186204,4.953324274390885e-05,0.0009053339999809396,1
1.9296269416809082,0.042494989931583405,-0.03918883204460144,0.27626484632492065,-0.01666532424667243,-0.020682879541532098,0.522996664153337,-0.03522295145385357,0.02612872388474985,-0.03394262262682668,0.6193378567695618,0.5427101850509644,0.013206180185079509,-0.3776782444643135,0.8180437502471932,24.675530331506796,-0.22192666470527594,-0.34982288454791427,-3.303802552661468e-05,0.000889339000423206,1
1.9398467540740967,0.04224385321140289,-0.039466045796871185,0.28117266297340393,-0.023532701952619875,-0.017527628967442737,0.527344584451197,-0.028507108313877705,0.03107957276792206,-0.03406161455897694,0.7037680149078369,0.4648991823196411,0.0008852111641317037,-0.33004011981043624,0.785549810580156,24.671246944739554,-0.2819552683374143,-0.32335515346925786,0.00019838968312082888,0.0027109729999210685,1
1.9499073028564453,0.04195262864232063,-0.03967617079615593,0.2860698103904724,-0.017252802071944538,-0.01269746526391535,0.5159751773066507,-0.020863823364379197,0.035693046739055934,-0.033985855837948,0.7707968950271606,0.40497586131095886,-0.008536459878087094,-0.3021820881216055,0.7456800731146526,24.66696269082831,-0.3361322290323214,-0.30563421186519035,0.0002526074052480665,0.000855673999467399,1
1.959813117980957,0.04175489395856857,-0.03990016505122185,0.2908458709716797,-0.012476310551523474,-0.01669614714819268,0.5116357803546046,-0.012956960579534105,0.03881862589045815,-0.034166877959049824,0.8125303983688354,0.32948386669158936,0.0075432700105011056,-0.2853966431261021,0.7197263538986282,24.662393712359044,-0.37927211059913296,-0.2765117284506464,0.00022090635009183146,0.002852548999726423,1
1.9699559211730957,0.04152572527527809,-0.040031757205724716,0.2956516146659851,-0.01625287778091519,-0.0030543624895344834,0.5103136301170439,-0.00037353472497603235,0.04346941434246698,-0.034211434432896315,0.8394539952278137,0.2788257896900177,-0.005399311892688308,-0.254127250822133,0.6536041021298586,24.65875561425885,-0.4084675382320516,-0.25630872290034995,0.0001232813533310569,0.002999504000399611,1
1.97953200340271,0.04133954644203186,-0.040069516748189926,0.30038803815841675,-0.009486454366060257,-0.009072978460501209,0.4980088174188872,0.00802414087103509,0.04501877726066583,-0.03447097035647406,0.8630091547966003,0.1793515682220459,-0.006596374791115544,-0.24096457033805915,0.6119730394345239,24.65758702423348,-0.4610153837556728,-0.21748953103989696,0.0003766725729103042,0.0008868950008036336,1
1.9898736476898193,0.041167568415403366,-0.04019232839345932,0.30508410930633545,-0.008661973160576531,-0.012251022493659447,0.49592199916284235,0.016731049481799154,0.04633956598372535,-0.03453073538202878,0.8666224479675293,0.09864513576030731,-0.023430051282048236,-0.22869882233560165,0.5800052345393509,24.660279010734406,-0.4750985757799475,-0.17837693428920198,0.0004792014266586846,0.0027261989998805802,1
1.9995293617248535,0.041167568415403366,-0.04019232839345932,0.30508410930633545,-0.008661973160576531,-0.012251022493659447,0.49592199916284235,0.016731049481799154,0.04633956598372535,-0.03453073538202878,0.8666224479675293,0.09864513576030731,-0.023430051282048236,-0.22051009509795472,0.5598159051491131,24.659383362163226,-0.4872823118295929,-0.1794399835091109,0.00035133565019112775,0.0009582059992681025,1
2.0098462104797363,0.04076986759901047,-0.04019355773925781,0.31892895698547363,-0.0011216084976600812,-0.01516613182076044,0.47629171589338093,0.03669099373630447,0.04541326650476174,-0.035462825434977585,0.7722158432006836,-0.09929773211479187,-0.0456864833831787,-0.21813346241007234,0.5044549150877544,24.683493492853845,-0.4869597526647381,-0.1322935637563386,0.0007388222433263452,0.0027731359987228643,1
2.0195400714874268,0.04076986759901047,-0.04019355773925781,0.31892895698547363,-0.0011216084976600812,-0.01516613182076044,0.47629171589338093,0.03669099373630447,0.04541326650476174,-0.035462825434977585,0.7722158432006836,-0.09929773211479187,-0.0456864833831787,-0.2272829611195558,0.48484567858699346,24.702432116570936,-0.4948551997021763,-0.0786136743632514,0.0010627970399044128,0.0008992570001282729,1
2.0296714305877686,0.040736738592386246,-0.040250152349472046,0.32345300912857056,0.0033627186023377858,-0.011633123640587571,0.46934762594393503,0.044257201679569036,0.04388356984700481,-0.03601726617046852,0.7583319544792175,-0.1899808645248413,-0.052592452615499476,-0.24237035591791567,0.45389275930061035,24.719800541107148,-0.5082946997540111,-0.029011432556693896,0.0011346249908564974,0.001428265000868123,1
2.039771318435669,0.04072509706020355,-0.04013201594352722,0.3324267566204071,0.00676906732551766,-0.004820649069538532,0.45536181319383606,0.05803528991705331,0.03813434390227055,-0.037493878414579296,0.6326331496238708,-0.33539992570877075,-0.0637375637888908,-0.2407541588216747,0.4044624535275907,24.72092720980825,-0.5029853582674723,0.02281338995331636,0.0012294945613376981,0.0026122819999727653,1
2.0499167442321777,0.04072509706020355,-0.04013201594352722,0.3324267566204071,0.00676906732551766,-0.004820649069538532,0.45536181319383606,0.05803528991705331,0.03813434390227055,-0.037493878414579296,0.6326331496238708,-0.33539992570877075,-0.0637375637888908,-0.2626343525892224,0.3660177765256295,24.75257653475385,-0.4830588248428353,0.06000305373255974,0.0013225037576305861,0.0009040069999173284,1
2.059823513031006,0.04078248515725136,-0.04010610654950142,0.33684206008911133,0.007197510288506603,-0.016306892694273597,0.450627893154629,0.06369408000320487,0.03424461016381475,-0.03860778012431343,0.5672324895858765,-0.41068360209465027,-0.07407041639089579,-0.2805992616835561,0.3585810948496715,24.76576609494475,-0.4668181748983402,0.10831243588857825,0.0014513643788547973,0.003042807999008801,1
2.069559097290039,0.040843598544597626,-0.04016759246587753,0.3411852717399597,0.005668246494450138,-0.0238528279060912,0.441765576514711,0.06885531024246516,0.029646063895693686,-0.03964502237077694,0.5028302073478699,-0.48701998591423035,-0.0831110998988151,-0.29301511460586455,0.36486257679788053,24.785106020355762,-0.44970168095619173,0.15945331995999912,0.0015045286995301922,0.0008908069994504331,1
2.079813003540039,0.04091261699795723,-0.04024573415517807,0.3455117642879486,0.007397527081576423,-0.021063909879618477,0.4356134831032594,0.07499298062507131,0.02195083506492601,-0.041470881333903975,0.37524649500846863,-0.5484877228736877,-0.09227777272462838,-0.3118092730688875,0.3505052660953552,24.802333698301414,-0.3946195755711836,0.20083913910599863,0.001600563895295541,0.002608998998766765,1
2.089585781097412,0.04098072275519371,-0.040279801934957504,0.3497704565525055,0.0035222567344340805,-0.01665156601163031,0.42970785492187036,0.07770256480979354,0.016113688100009238,-0.04312685550821316,0.25595706701278687,-0.6147253513336182,-0.11404648423194878,-0.31893243087299145,0.3235613251858084,24.81474710245048,-0.34671178768585703,0.25292528439290085,0.0017714137245165389,0.0008308790002047317,1
2.0998456478118896,0.04109005630016327,-0.04030653089284897,0.35398951172828674,0.010046111446184282,-0.022853717803446607,0.41776925319642116,0.07958834209302079,0.009687853342610353,-0.04480988501610961,0.1828620284795761,-0.6438968181610107,-0.11549717187881461,-0.3466649449940641,0.32125598887631324,24.841916671091308,-0.31697171859419615,0.2842574999748756,0.0017390518849388027,0.002541388999816263,1
2.1098849773406982,0.04122820869088173,-0.04043857008218765,0.35811957716941833,0.010676176151975544,-0.032982307286789005,0.41100716559650424,0.08072028924346464,0.003273220653268627,-0.046470512383710805,0.0988980382680893,-0.6676511168479919,-0.12714277207851402,-0.36429024484426625,0.31804287818056476,24.841086331852956,-0.31909185765825543,0.2935025892018086,0.0016683860834372257,0.0010102420001203427,1
2.1198201179504395,0.041459839791059494,-0.04079500958323479,0.3662111163139343,0.0024688095485483653,-0.03079585084722642,0.40001028720688964,0.0809342598866678,-0.0032593941697731665,-0.04842588538546,-0.022551624104380608,-0.6883955001831055,-0.14697623252868644,-0.38487478390355734,0.335547603103962,24.849517796374048,-0.2819418654068124,0.3226189172478041,0.0019126721693187342,0.0032769980007287813,1
2.1298091411590576,0.041459839791059494,-0.04079500958323479,0.3662111163139343,0.0024688095485483653,-0.03079585084722642,0.40001028720688964,0.0809342598866678,-0.0032593941697731665,-0.04842588538546,-0.022551624104380608,-0.6883955001831055,-0.14697623252868644,-0.3862748481935622,0.3356870266837038,24.852732346344727,-0.22216219741190524,0.35164850236300665,0.0022077913602627816,0.0008205409994843649,1
2.1398160457611084,0.04176229238510132,-0.041267748922109604,0.37406495213508606,0.007552879087445951,-0.048156880346338575,0.3795520060265273,0.0771846034505228,-0.020194582521267712,-0.053556018145665796,-0.22061821818351746,-0.6851727962493896,-0.16105552017688743,-0.41141366040755106,0.35639110057642337,24.87116433900108,-0.15529206404361973,0.3754027570982409,0.002400605492316621,0.00364277900007437,1
2.1495492458343506,0.04176229238510132,-0.041267748922109604,0.37406495213508606,0.007552879087445951,-0.048156880346338575,0.3795520060265273,0.0771846034505228,-0.020194582521267712,-0.053556018145665796,-0.22061821818351746,-0.6851727962493896,-0.16105552017688743,-0.4368525484621444,0.38823984312221793,24.88266579906534,-0.11441029892379334,0.39629691656462546,0.002469279915923834,0.0009195820002787514,1
2.159783363342285,0.04192660376429558,-0.04158400371670723,0.37788861989974976,-0.00028699732491372016,-0.042925924915881764,0.3757413028296258,0.07437070913724142,-0.026782928805018535,-0.05574631777668104,-0.3134431838989258,-0.6746851801872253,-0.17156486213207237,-0.44323397314882074,0.3938079338570098,24.88177091313325,-0.06002142102851721,0.40988554703446844,0.002666392759534483,0.0025380360002600355,1
2.169888734817505,0.0420258566737175,-0.041855588555336,0.3816634714603424,0.0006784152398886313,-0.043755310058940435,0.3640161152848485,0.07058599531628706,-0.03303026560360589,-0.057912935282158795,-0.40895745158195496,-0.6701499819755554,-0.1865326613187789,-0.45533457049812265,0.40256385862564725,24.899893320233556,-0.0020027355746389808,0.42476631577337803,0.002826386897138694,0.0008166300012817373,1
2.1803245544433594,0.04215216636657715,-0.042210184037685394,0.38531213998794556,-0.0029127800092085786,-0.05649252239988779,0.3578129998420651,0.06382101370990156,-0.04222826070335195,-0.06136383108992716,-0.4647195637226105,-0.6149965524673462,-0.18714436888694755,-0.4702475870695158,0.44289081886460246,24.906771773661337,0.04362796402761529,0.42297744876056137,0.003115762842495487,0.002585391001048265,1
2.189821243286133,0.04221392422914505,-0.042619459331035614,0.38897067308425903,-0.008130730246317146,-0.05225503415129101,0.3504125467748409,0.058893575837917655,-0.04767344707631871,-0.06351182099994368,-0.5237908363342285,-0.5434936285018921,-0.2116584330797195,-0.47663607384499257,0.46236578643637705,24.915071155627857,0.08705313169660776,0.4025458598888919,0.003640786157908047,0.0008325549988512648,1
2.1998050212860107,0.04231743514537811,-0.0430268719792366,0.39248940348625183,-0.0019506718774246876,-0.05950973417662517,0.33655008613297427,0.053289501130561856,-0.05278167569439596,-0.06602284751990961,-0.5675116777420044,-0.48142722249031067,-0.20353262126445765,-0.48050170435830614,0.47411612007302883,24.9163199274912,0.08766214408042175,0.40209747034233534,0.003570195366685831,0.0030924669990781695,1
2.2098701000213623,0.04238443076610565,-0.04349386319518089,0.3959973156452179,-0.014195498684298261,-0.05582845777157826,0.3361285620613282,0.04744710959968845,-0.0566466201535718,-0.06812568556194165,-0.6149393916130066,-0.4158535897731781,-0.21441774070262903,-0.503471459996462,0.505710251643737,24.941388735846676,0.12381297019628204,0.3850677859420457,0.00385651088800076,0.0010754770009953063,1
2.2197554111480713,0.0424114353954792,-0.04392588138580322,0.3994237780570984,-0.010003020016909015,-0.056951709074166294,0.32210099697721706,0.04120939271465618,-0.060833362024360405,-0.07043437065886815,-0.6346995830535889,-0.3606366813182831,-0.20977635681629175,-0.5094163314798091,0.5316564986372758,24.970266021296574,0.18208560568587323,0.3420147737396006,0.0044017907586724175,0.0025571040005161194,1
2.2296547889709473,0.0424114353954792,-0.04392588138580322,0.3994237780570984,-0.010003020016909015,-0.056951709074166294,0.32210099697721706,0.04120939271465618,-0.060833362024360405,-0.07043437065886815,-0.6346995830535889,-0.3606366813182831,-0.20977635681629175,-0.5161336535706346,0.5475765434402012,24.96454521253418,0.19152427408386904,0.34693554930758647,0.004336738442601453,0.0008399589987675427,1
2.2397589683532715,0.04234640672802925,-0.045430589467287064,0.4092976450920105,-0.025579899621636475,-0.05326993050380045,0.3026447293116795,0.025554062630345875,-0.06700711291724515,-0.07602887315106122,-0.6403930187225342,-0.20342214405536654,-0.22304305434226987,-0.49928027295910055,0.5825891343228012,24.976871769043868,0.21061320809867617,0.3252580099762461,0.0047674405489541395,0.002960529998745187,1
2.249661684036255,0.04234640672802925,-0.045430589467287064,0.4092976450920105,-0.025579899621636475,-0.05326993050380045,0.3026447293116795,0.025554062630345875,-0.06700711291724515,-0.07602887315106122,-0.6403930187225342,-0.20342214405536654,-0.22304305434226987,-0.487177855741422,0.5926558709776398,24.98302116939157,0.237927890349841,0.28749362280087337,0.005366695770666383,0.0017791680002119392,1
2.2596349716186523,0.04227840155363083,-0.045925989747047424,0.41243940591812134,-0.02260435898872741,-0.06140004111565446,0.29067307689176153,0.01943303009337871,-0.06827390589003857,-0.07832407896186178,-0.6140459775924683,-0.10777498036623004,-0.2205088883638382,-0.49077248370608534,0.6265097464317022,25.004687180333978,0.24153823610502992,0.2429076532462428,0.005854623037109625,0.0011509800006024307,1
2.2696847915649414,0.04216492548584938,-0.04647793248295784,0.41552478075027466,-0.0322008371905807,-0.0601787492352031,0.28691250062309787,0.013714249602404749,-0.06866852255765199,-0.0806031537474503,-0.5788358449935913,-0.041457433253526715,-0.2186332792043686,-0.47624018622212855,0.6543635331561639,25.006869373423914,0.2399904651327382,0.21129599452659456,0.006228256281659574,0.0019664920000650454,1
2.2797727584838867,0.04197084903717041,-0.047032926231622696,0.4185461103916168,-0.03896873051848226,-0.05522650428090136,0.27954375689563127,0.0056309170352046856,-0.06804037323222767,-0.08380673797915916,-0.5477442741394043,0.06402397900819776,-0.2245875746011734,-0.4557958567813379,0.6712711272343062,25.015887916251387,0.2473982011141256,0.15757344333721002,0.006833451793062547,0.0026326759998482885,1
2.290156126022339,0.04174383729696274,-0.04753245785832405,0.4214843511581421,-0.03508210064293188,-0.05409117735381138,0.2675293978631938,0.0005330611240363936,-0.06683693383400513,-0.08611924748517374,-0.5190491676330566,0.12195684015750882,-0.22398097813129428,-0.4498542366768967,0.6853706013282619,25.038751045835976,0.24770521892824887,0.12467636855323386,0.007185590379563227,0.00127237100059574,1
2.2995009422302246,0.041547439992427826,-0.04805011674761772,0.4243215024471283,-0.03705650048192605,-0.053050644063989245,0.2626808878858186,-0.0038179116595737916,-0.0646544786910268,-0.08842754612059478,-0.4456759989261627,0.20380546152591703,-0.21391263604164126,-0.4451408828114973,0.7013677489227498,25.044575427866032,0.2237956538338111,0.07778953735535406,0.007645099735143519,0.0008495269994455157,1
2.3096537590026855,0.041280291974544525,-0.048569295555353165,0.42710331082344055,-0.046687730369413524,-0.05664085569423661,0.2556350528165212,-0.007793445280794398,-0.06207735515924595,-0.09053165739783164,-0.3942866027355194,0.268096387386322,-0.21005116403102878,-0.4422778878918539,0.711000489013411,25.045470250452738,0.22329412171944035,0.07701346270760548,0.007596220602448852,0.0031404509991261875,1
2.319629192352295,0.04090716317296028,-0.049091629683971405,0.42984262108802795,-0.05299783171345033,-0.05326241977582513,0.2482053487771885,-0.011083308061467623,-0.059010547531030966,-0.09260333353549965,-0.3291374146938324,0.3507605791091919,-0.2183073610067368,-0.40441011991500736,0.7339571386706215,25.073719607888226,0.18159322341832507,-0.0055282326284017275,0.008379441370027035,0.0009358560000691796,1
2.329833984375,0.04016932100057602,-0.050017088651657104,0.4350176155567169,-0.04945894000378207,-0.04824831688564214,0.22969490282928262,-0.011083308061467623,-0.059010547531030966,-0.09260333353549965,-0.3291374146938324,0.3507605791091919,-0.2183073610067368,-0.3812381130864026,0.749691022103096,25.074414486707905,0.18531147460840225,-0.011037682858413327,0.008355525628978022,0.002626949000841705,1
2.339613676071167,0.039776138961315155,-0.05048159137368202,0.43748170137405396,-0.05787381664340063,-0.04545698217465916,0.22619970121169752,-0.01663063560460376,-0.04906770366883073,-0.09827330221915043,-0.16612498462200165,0.45404723286628723,-0.21393837034702307,-0.3628840514987981,0.7491926932143668,25.115614127737416,0.18608637471995285,-0.010829370456269721,0.00835538881138633,0.0008924819994717836,1
2.349776268005371,0.03929436579346657,-0.05093103647232056,0.4399046003818512,-0.06429478738746938,-0.04817432358882388,0.21953655744820913,-0.017682951962879834,-0.04402605290420736,-0.10038116024553823,-0.11601482331752777,0.49005958437919617,-0.20898105204105383,-0.33468325942314864,0.7588455435563405,25.12565062377591,0.12174278310134484,-0.08878996555118772,0.009251335989133774,0.0030271619998529786,1
2.359623908996582,0.03929436579346657,-0.05093103647232056,0.4399046003818512,-0.06429478738746938,-0.04817432358882388,0.21953655744820913,-0.017682951962879834,-0.04402605290420736,-0.10038116024553823,-0.11601482331752777,0.49005958437919617,-0.20898105204105383,-0.3005792655010069,0.777044921874989,25.14175791050602,0.09875444322330838,-0.12118897903926082,0.009461275639028575,0.0008625890004623216,1
2.369805335998535,0.03878146409988403,-0.051353681832551956,0.44223645329475403,-0.058685176868689765,-0.03886359854536922,0.20810091483033183,-0.01821597413766085,-0.039202785373175786,-0.10239147769320445,-0.04784016311168671,0.5232264995574951,-0.20717738568782812,-0.2862368608171086,0.7701721642593103,25.17149445426174,0.06741509799953196,-0.15174869313591072,0.009754294533699137,0.002772715999526554,1
2.3797357082366943,0.03831774368882179,-0.05173252522945404,0.44446423649787903,-0.05883460968667953,-0.04128553978152373,0.20187032209842232,-0.017839016818380404,-0.03110829871409848,-0.10568801805551287,0.03449193388223648,0.5340074896812439,-0.20571298897266393,-0.2745249904224366,0.7777610812597573,25.189485025802757,0.025258051350071607,-0.17998167064862558,0.010145475821988381,0.001727761000438477,1
2.3896231651306152,0.03776248171925545,-0.05211171880364418,0.44666799902915955,-0.06691122053230514,-0.03817874568169182,0.1987485885645324,-0.016796982472269573,-0.025533516886629304,-0.1075171085031621,0.09630049765110016,0.5620627999305725,-0.19020493328571325,-0.2469968590409089,0.7826586799494013,25.197558227378437,-0.008451707053177465,-0.20910346191108517,0.010236124471361787,0.0019484720014588675,1
2.3998467922210693,0.037167586386203766,-0.05245497450232506,0.44878339767456055,-0.06581996384775943,-0.03482265392488525,0.1892328709320374,-0.015236323859679768,-0.02019843720708181,-0.1095060437288291,0.1590820848941803,0.5608383417129517,-0.1904187053442002,-0.2278878151507608,0.7820879635700646,25.221326191595697,-0.04384542538834976,-0.22372595965811112,0.010451745544124267,0.0025242069987143623,1
2.409931182861328,0.03658098354935646,-0.05274690315127373,0.4508249759674072,-0.06164798908213584,-0.03194320907111259,0.18074893949315687,-0.013186880735915896,-0.014581631160770492,-0.11145542839699019,0.2074299454689026,0.5542340874671936,-0.18667623400688177,-0.2235990583367422,0.7771507594698367,25.24549214724388,-0.07069999812387798,-0.22883142604337847,0.010616957457208222,0.0009519899995211745,1
2.419814348220825,0.03600623086094856,-0.05308648943901062,0.4528049826622009,-0.0674178754140936,-0.03931143791199668,0.17992191014818723,-0.010614935310911289,-0.009020516140720414,-0.11331783994632705,0.2672725319862366,0.5366038680076599,-0.18349179625511175,-0.21911056383688948,0.7747688707926162,25.24847710617419,-0.07396464630247164,-0.23661442520731849,0.01057866250121341,0.0031662940000387607,1
2.4298713207244873,0.03539952263236046,-0.053388673812150955,0.4547401964664459,-0.06393056410818022,-0.026457058774387286,0.1705753058101494,-0.007597236253322759,-0.0040059588841665494,-0.11504435524974754,0.30904993414878845,0.5159087181091309,-0.1731043159961701,-0.205187534288217,0.7704816316886901,25.27180332968706,-0.13497791295487113,-0.23997596623217007,0.010917000071870108,0.0010675839985196944,1
2.4395294189453125,0.03539952263236046,-0.053388673812150955,0.4547401964664459,-0.06393056410818022,-0.026457058774387286,0.1705753058101494,-0.007597236253322759,-0.0040059588841665494,-0.11504435524974754,0.30904993414878845,0.5159087181091309,-0.1731043159961701,-0.1948715682748667,0.7683387275183875,25.274719063063266,-0.14015123808278773,-0.24685872713569051,0.010822638070885867,0.0008426830008829711,1
2.4498822689056396,0.03361400589346886,-0.05419144034385681,0.4600875675678253,-0.05829375265053754,-0.030116305697068545,0.14904087787303424,0.0010592634131318945,0.007533947176356026,-0.1195179812391074,0.37123268842697144,0.4206160604953766,-0.17903718352317816,-0.1777193615762968,0.7784210701437874,25.2968734201818,-0.16015180952051503,-0.2394166747673123,0.011074046012684479,0.003430587999901036,1
2.4599056243896484,0.033007726073265076,-0.054429423063993454,0.4617439806461334,-0.06455997384780308,-0.03148163079474436,0.1531138718379871,0.004912580770134234,0.011626802005630488,-0.12135415289750506,0.4019506871700287,0.37651658058166504,-0.16772310435771948,-0.18257007762229469,0.7895686784425662,25.329561925427292,-0.19565094859579815,-0.23214499779177175,0.011329072918242993,0.0013120429994160077,1
2.469792604446411,0.033007726073265076,-0.054429423063993454,0.4617439806461334,-0.06455997384780308,-0.03148163079474436,0.1531138718379871,0.004912580770134234,0.011626802005630488,-0.12135415289750506,0.4019506871700287,0.37651658058166504,-0.16772310435771948,-0.16701670469117863,0.8052110563165737,25.321926574370877,-0.22252660575333028,-0.22093737010852657,0.011375765193747455,0.0017957910004042787,1
2.479827642440796,0.03241439536213875,-0.05462006479501724,0.46334317326545715,-0.05468248951104886,-0.025599205685628373,0.13915227355496138,0.009025756124271034,0.01511025876105343,-0.12290716875569085,0.40590915083885193,0.3335637152194977,-0.18246509134769442,-0.17665018582382924,0.8020896753345771,25.355785787477625,-0.23572839272794358,-0.20996049904897238,0.011588103172442552,0.0008796310012257891,1
2.4898860454559326,0.031832505017519,-0.054799385368824005,0.46487072110176086,-0.05937434360949134,-0.03390096870939169,0.1393801718972914,0.012960048836397675,0.018029190902387082,-0.12477151883460635,0.4065132141113281,0.26353996992111206,-0.17510029673576358,-0.16818817786824314,0.8227160168374774,25.358543071038426,-0.2482235781705518,-0.18274630374441658,0.011712106524729666,0.002572540000983281,1
2.49991774559021,0.031225627288222313,-0.05499821528792381,0.46636778116226196,-0.05799593414831328,-0.028982703809314246,0.1306705475781177,0.019051037536497617,0.021413981588001896,-0.12721269915346767,0.40256646275520325,0.19716803729534146,-0.18127052485942843,-0.16321350906631218,0.8282264402028557,25.380619623925327,-0.25471010923674176,-0.15417802990909277,0.011911890842257515,0.0008275960008177208,1
2.50993013381958,0.030617348849773407,-0.05512560158967972,0.46780940890312195,-0.056587416741577364,-0.025847750856114425,0.12704233837142156,0.02286866811202426,0.022923633170454316,-0.12889437158052708,0.38742056488990784,0.1323292255401611,-0.17195971310138705,-0.15844144615776928,0.8313819054539442,25.38344313613914,-0.26323998603178805,-0.1583637948524563,0.011895197986032136,0.0032058959986898117,1
2.519848585128784,0.029466994106769562,-0.0554656907916069,0.4704854488372803,-0.052805677060230365,-0.03262014313539056,0.11595083028160379,0.026560995256889708,0.023686901964778517,-0.13059049035195613,0.367897629737854,0.055677272379398325,-0.16967132687568665,-0.15896311264310567,0.8465629049020794,25.419431058893252,-0.26277809485811277,-0.09388933057405464,0.0121047899705566,0.0008819359991321107,1
2.5298285484313965,0.029466994106769562,-0.0554656907916069,0.4704854488372803,-0.052805677060230365,-0.03262014313539056,0.11595083028160379,0.026560995256889708,0.023686901964778517,-0.13059049035195613,0.367897629737854,0.055677272379398325,-0.16967132687568665,-0.15671120607099318,0.8563882061124286,25.424778086154575,-0.26783557310752554,-0.09380642230109403,0.012023556996631324,0.0008327649993589148,1
2.5398244857788086,0.028394944965839386,-0.055725421756505966,0.4729239046573639,-0.043816533092129004,-0.03887220085826079,0.09758562592856335,0.033505529891699304,0.023582021850062418,-0.13406223447708498,0.3380233347415924,-0.06600631773471835,-0.1754409223794937,-0.15649264899930534,0.8562362765767281,25.4528008121271,-0.2725163381798298,-0.033380551766912056,0.012295866571693334,0.0032109949988807784,1
2.549889326095581,0.028394944965839386,-0.055725421756505966,0.4729239046573639,-0.043816533092129004,-0.03887220085826079,0.09758562592856335,0.033505529891699304,0.023582021850062418,-0.13406223447708498,0.3380233347415924,-0.06600631773471835,-0.1754409223794937,-0.16956924474565294,0.8828904865562193,25.475774508603816,-0.273478049914915,-0.03287682094399807,0.012258562236273092,0.0008327649993589148,1
2.5598220825195312,0.02733975648880005,-0.056035786867141724,0.4751583933830261,-0.04898071354047736,-0.03345931990212243,0.0879300980787361,0.04026134041578677,0.020590063095676125,-0.1384375075022155,0.2316986471414566,-0.20592051744461062,-0.18464031815528867,-0.15931270912769008,0.8962676139312632,25.487581505330905,-0.2505444815354555,0.015943619919720813,0.012464441280505806,0.00292295300096157,1
2.5698142051696777,0.02733975648880005,-0.056035786867141724,0.4751583933830261,-0.04898071354047736,-0.03345931990212243,0.0879300980787361,0.04026134041578677,0.020590063095676125,-0.1384375075022155,0.2316986471414566,-0.20592051744461062,-0.18464031815528867,-0.1442622439812839,0.8987151981733477,25.504719627233072,-0.2394999390929751,0.04653487922521168,0.01257878196796674,0.0008308090000355151,1
2.579792022705078,0.026323815807700157,-0.056367795914411545,0.4771438241004944,-0.04505351637900067,-0.0447157355461414,0.07726075479691465,0.043893598497339426,0.0156218176354872,-0.1423407963015002,0.1496059149503708,-0.29007455706596375,-0.19484244287014005,-0.14267512629733806,0.9183522148838169,25.526093725093656,-0.2290618546596043,0.07723050381967679,0.012600011038388792,0.00306425000053423,1
2.5896308422088623,0.026323815807700157,-0.056367795914411545,0.4771438241004944,-0.04505351637900067,-0.0447157355461414,0.07726075479691465,0.043893598497339426,0.0156218176354872,-0.1423407963015002,0.1496059149503708,-0.29007455706596375,-0.19484244287014005,-0.13521244665169843,0.9393834440750413,25.5366913394306,-0.21007132971057058,0.10294840382534194,0.012851065838215887,0.0008291329995699925,1
2.599759101867676,0.0258351918309927,-0.05653909966349602,0.47807031869888306,-0.043924458056992306,-0.03775266950582428,0.07144755132290066,0.045106929574323384,0.01234561169226378,-0.14439158893059734,0.10831141471862793,-0.3313741385936737,-0.19329671561717984,-0.12422041555135807,0.9373245360985409,25.55319063018063,-0.19225943620013455,0.1332002415358812,0.012969097389615008,0.0023520390004705405,1
2.60972261428833,0.02536514401435852,-0.05668478459119797,0.47894060611724854,-0.037500922851687254,-0.04007261921930458,0.06132709570969913,0.046119333299465826,0.007212157735323466,-0.14757440669338262,0.05921810120344162,-0.37182527780532837,-0.20114137232303614,-0.12508515297318487,0.9413187151117615,25.58175180958815,-0.16942555160378905,0.1606586176566142,0.013166724326546864,0.0008236150006268872,1
2.61976957321167,0.024916430935263634,-0.05688120424747467,0.47975486516952515,-0.044144515497474564,-0.044555768005903704,0.06281975639738853,0.046353678175952595,0.0036888461975865816,-0.14981562328023568,0.0021312646567821503,-0.3993358016014099,-0.21409477293491358,-0.10486912350971475,0.9526470337367494,25.581589516179385,-0.1435459310583279,0.1923602788988551,0.013420948267093568,0.002815252000800683,1
2.6296708583831787,0.02442779205739498,-0.05704497918486595,0.4805685579776764,-0.040651966108089105,-0.03982937692944001,0.05449035011574874,0.0459949939561084,-0.0005260742765780257,-0.15192185369503797,-0.04606258124113083,-0.4040123224258423,-0.21960861980915064,-0.09338434203053615,0.9475587909162911,25.603360225868755,-0.11831318021982151,0.2010529825417527,0.013617002130409261,0.0008357690003322205,1
2.6398706436157227,0.023977117612957954,-0.05719561502337456,0.48129045963287354,-0.041854381805334406,-0.04416206834240283,0.04898833475628066,0.0459949939561084,-0.0005260742765780257,-0.15192185369503797,-0.04606258124113083,-0.4040123224258423,-0.21960861980915064,-0.08374612252355916,0.958124269425691,25.62045403661938,-0.11790007053940732,0.20704876472672404,0.013640240141176383,0.0023701980007899692,1
2.6496517658233643,0.02305516041815281,-0.05762707442045212,0.48258525133132935,-0.04514110872311891,-0.042445432048528305,0.03981174887692676,0.043877501697139554,-0.008938783725913613,-0.15684194938361395,-0.1372988522052765,-0.44707250595092773,-0.2262227982282638,-0.07694373280281305,0.9649734843416709,25.622957452727622,-0.11787866607394126,0.20715337286599106,0.013650393760652482,0.0011694889999489533,1
2.6597909927368164,0.022590860724449158,-0.057807065546512604,0.48316723108291626,-0.04082773618915762,-0.04618900647464749,0.028225658485365762,0.04131022507718063,-0.015416873530172737,-0.16059114649067396,-0.18117479979991913,-0.4428884088993073,-0.23386974632740015,-0.04867311289241023,0.9629058080617483,25.647418486690846,-0.06689449643430379,0.25289908193686017,0.013947309304783915,0.0032783260012365645,1
2.670137405395508,0.022590860724449158,-0.057807065546512604,0.48316723108291626,-0.04082773618915762,-0.04618900647464749,0.028225658485365762,0.04131022507718063,-0.015416873530172737,-0.16059114649067396,-0.18117479979991913,-0.4428884088993073,-0.23386974632740015,-0.03247069885243278,0.9675013648565441,25.68173321806248,-0.037417483831209186,0.2695447658786693,0.014263089108227342,0.0018277109993505292,1
2.6796035766601562,0.02211577817797661,-0.05801912024617195,0.48368388414382935,-0.04911268452345523,-0.04315371119166533,0.030832663367760194,0.03905316386971869,-0.019801205287709234,-0.16333677905442245,-0.23385900259017944,-0.43286642432212835,-0.24577964842319483,0.0026832257405721913,0.9593967506901958,25.68011729149505,-0.004346496691164714,0.27799208014581317,0.014570314323500025,0.0008865460004017223,1
2.6896164417266846,0.021629469469189644,-0.05820414051413536,0.4841601550579071,-0.041043185223778415,-0.04353100382586774,0.0160919947480522,0.03663983440603635,-0.02383727445425432,-0.16593641274710658,-0.2527223527431488,-0.40745082497596746,-0.2537474930286407,0.013643863345540085,0.9538160647526283,25.718924940142895,0.012444194345008694,0.2762511106515722,0.014884747671732255,0.002495499998985906,1
2.699610948562622,0.02117280848324299,-0.05841969698667526,0.4845554232597351,-0.04906845193117861,-0.04575647672408174,0.015836914605033427,0.03391764767604588,-0.02803349353027418,-0.16876825168025,-0.28387606143951416,-0.42024523019790655,-0.25804278254508967,0.045673760485955284,0.9532277243769636,25.725526353980783,0.03544294855127326,0.2952688357327233,0.015068209288585125,0.0008618199990451103,1
2.7096238136291504,0.020647838711738586,-0.05861460044980049,0.48494285345077515,-0.04767955585735461,-0.041189613099002,0.00539930951623036,0.029450139612646087,-0.03359875095751885,-0.17282486121852259,-0.3111454248428345,-0.3772521913051606,-0.26806658506393427,0.0727637200569712,0.9372166274765078,25.754618377078135,0.06253406730930909,0.29005641271349475,0.015522733865094795,0.002542366999477963,1
2.7196125984191895,0.02016500197350979,-0.058809272944927216,0.4852202534675598,-0.049529541666424724,-0.04246887883229099,0.0003585467387860053,0.026257306322775786,-0.03697779677114621,-0.17587316006534515,-0.33003613352775574,-0.36031746864318853,-0.2831242382526397,0.09948939841388692,0.9269359232053628,25.772498553418856,0.081196098302036,0.2912899042880817,0.01590841748639689,0.0008817960006126668,1
2.729635000228882,0.019029971212148666,-0.05918387323617935,0.485674113035202,-0.05297444799824397,-0.03911312597910144,-0.010795134330925563,0.022981306910337285,-0.04006664641793112,-0.17862719217054002,-0.33220627903938293,-0.32053896784782415,-0.294569045305252,0.1156208162265098,0.9207533768505388,25.775074159980093,0.08146801971811331,0.2912117509958184,0.01598542368648404,0.0032782559992483584,1
2.7396137714385986,0.018481610342860222,-0.05933638662099838,0.4857989549636841,-0.05466971600167894,-0.03728472328541648,-0.014717810180530188,0.018239563176482232,-0.044296262859296665,-0.18327195501594762,-0.32819902896881104,-0.2739535868167878,-0.29929098486900324,0.1542370056078229,0.8990719617185674,25.815869863501174,0.09740719457458644,0.26412005913616526,0.016712918142236157,0.0009498950003035134,1
2.7497823238372803,0.017871761694550514,-0.059508781880140305,0.48589184880256653,-0.0626741575595467,-0.03597173777157118,-0.016610006044979597,0.01499485703684611,-0.046484530899693066,-0.1862744554150697,-0.33358120918273926,-0.22631709277629855,-0.304035484790802,0.19806301702139956,0.8817465387477876,25.82687206688047,0.11156034758769608,0.24973237991999725,0.017143464266751895,0.0025999890003731707,1
2.759652614593506,0.017871761694550514,-0.059508781880140305,0.48589184880256653,-0.0626741575595467,-0.03597173777157118,-0.016610006044979597,0.01499485703684611,-0.046484530899693066,-0.1862744554150697,-0.33358120918273926,-0.22631709277629855,-0.304035484790802,0.22561366003308514,0.872419466809417,25.82833508574628,0.1161730965740484,0.2524145470428203,0.017251043939533015,0.0008614010002929717,1
2.7696382999420166,0.01725749298930168,-0.05962033569812775,0.4859231412410736,-0.05540861222784729,-0.03041748029842387,-0.028473319796164444,0.0119368301652516,-0.04835737300741494,-0.18926447606355135,-0.3232632279396057,-0.18971481919288638,-0.3063734769821167,0.23586288839335443,0.8486504931986396,25.8602663460958,0.12068693624213074,0.23921461682342102,0.017581160011078588,0.0008753000001888722,1
2.7796008586883545,0.016641519963741302,-0.05974496901035309,0.4858928322792053,-0.06547465202741742,-0.03263376181906633,-0.0260066821095684,0.008873678881078373,-0.04978381775767371,-0.19259937425168872,-0.3156672716140747,-0.13669888675212863,-0.3214975595474243,0.26213809832034807,0.8393228835003729,25.85844418249452,0.12525030080601282,0.21750514387096861,0.018053962365825814,0.0008695730011822889,1
2.7896206378936768,0.015943653881549835,-0.059846099466085434,0.48584631085395813,-0.06571073862514935,-0.027754375767470148,-0.0334555213400977,0.005947855272400826,-0.050429097986341986,-0.19555197424036308,-0.3079807758331299,-0.05772790312767033,-0.31557437777519226,0.28105324052698194,0.8192948163030529,25.87787143144793,0.13053426477594693,0.17985519962749047,0.018411650525350237,0.000843451000037021,1
2.799603223800659,0.015267464332282543,-0.05991264432668686,0.48572587966918945,-0.06361401094573538,-0.023262708095046374,-0.037803244175970224,0.0031351556433825145,-0.051139487603188094,-0.19872032175027288,-0.2868085205554962,-0.027693212032318153,-0.31295889616012573,0.2927085034053152,0.7933343421546507,25.89249327299264,0.1286642350319142,0.16627468256982375,0.018694147650847898,0.000840307999169454,1
2.8096296787261963,0.014594673179090023,-0.059978384524583817,0.485537052154541,-0.0663946049051322,-0.027703930432401727,-0.04436128986385567,-0.0007313670149229345,-0.05067090892911974,-0.2036883559990148,-0.26828473806381226,0.03095412440598007,-0.3282185196876526,0.3024393690417418,0.7835633582002256,25.912216369325492,0.13018282276099533,0.1357864195601339,0.019290548447432363,0.0008763480000197887,1
2.819622278213501,0.013853613287210464,-0.060027532279491425,0.485332727432251,-0.07194277642286738,-0.016807281531556827,-0.04506314937831948,-0.0028203228068175434,-0.04975958856242757,-0.2066846859396283,-0.22860196232795715,0.08572359383106228,-0.3232087790966034,0.32188654480957757,0.7556586108525972,25.91676999759284,0.11756308712196921,0.10611310851902636,0.01968242144061282,0.000856093000038527,1
2.8296444416046143,0.013127769343554974,-0.06000479683279991,0.4850514829158783,-0.06859986491937893,-0.014667657278116948,-0.0547689942166997,-0.004837770991909185,-0.04876269749467488,-0.20996572464289232,-0.20636358857154846,0.14076167345046994,-0.3221433162689209,0.3271580009702635,0.7301522272871255,25.943196907810364,0.11256812497914358,0.07520327482626647,0.020034214325449325,0.0008644749996165046,1
2.839597702026367,0.01159451063722372,-0.059948649257421494,0.4843468964099884,-0.07799527028580439,-0.008272614073159983,-0.0588347690989409,-0.006538392484030542,-0.04686075682536517,-0.21319676798658138,-0.17322206497192383,0.18535457551479337,-0.32135090231895447,0.33037802211239947,0.7147156026416247,25.94708784877597,0.11231094626117367,0.07466625301933681,0.020089424621286822,0.0012160050009697443,1
2.8496627807617188,0.010780880227684975,-0.05984160676598549,0.48392191529273987,-0.06971693037696489,-0.007254736906348424,-0.0710152611255574,-0.008277830184938217,-0.043577186581995164,-0.2178800880376741,-0.11952148377895355,0.23761983215808866,-0.3136743307113648,0.35586795791665066,0.6957052175263687,25.958310767661818,0.1014004243780735,0.04809574009570212,0.020391577412069116,0.0012533730005088728,1
2.8598673343658447,0.008348964154720306,-0.05942641943693161,0.4822942018508911,-0.07090273368691268,0.00857123093835773,-0.08157020858536886,-0.009580349528464538,-0.035082644794464546,-0.22749641787282338,-8.348841220140457e-05,0.3335433900356292,-0.3118719160556794,0.3487562843075588,0.6780063643872821,25.992405466853572,0.08028021613249701,0.011518521295001763,0.020836933640378412,0.004354500999397715,1
2.9021735191345215,0.007549052592366934,-0.05920815095305443,0.48163262009620667,-0.0734756741882501,0.0018263563777376876,-0.08482821267674957,-0.008967699211616775,-0.029683003852790435,-0.23230763105688323,0.03826787322759628,0.3616109490394592,-0.3163262605667115,0.3384862383305193,0.639632881810859,26.025687079969632,0.02656020058411266,-0.060754417501708985,0.02175140096911151,0.0013288049995026086,1
2.912393808364868,0.005878748372197151,-0.05870305746793747,0.4802052676677704,-0.06980265550604565,0.011287645556984733,-0.09396480799813743,-0.006946727616495618,-0.022086550749936595,-0.2385135319883247,0.10902988165616989,0.38962376117706293,-0.3084141314029694,0.325450925183065,0.619496579087829,26.049663319627456,-0.01111525285820212,-0.10887130445597443,0.022438863154291656,0.0024985740001284285,1
2.9223132133483887,0.005878748372197151,-0.05870305746793747,0.4802052676677704,-0.06980265550604565,0.011287645556984733,-0.09396480799813743,-0.006946727616495618,-0.022086550749936595,-0.2385135319883247,0.10902988165616989,0.38962376117706293,-0.3084141314029694,0.297788227639706,0.6124788515438093,26.06784997368021,-0.03610483398910621,-0.12806847484518863,0.022901102335500915,0.0008511339983670041,1
2.9324746131896973,0.0042463443242013454,-0.05811462178826332,0.47857150435447693,-0.07011062575001652,0.01583937724607512,-0.09989999990670068,-0.0036153261212521492,-0.013926870966177951,-0.24462646329657645,0.18495745956897736,0.4116546809673309,-0.3065599203109742,0.2717086574832215,0.6105564681605891,26.079568752421444,-0.06288102956764352,-0.14855458632523683,0.02323083557783897,0.002541318001021864,1
2.9422404766082764,0.0042463443242013454,-0.05811462178826332,0.47857150435447693,-0.07011062575001652,0.01583937724607512,-0.09989999990670068,-0.0036153261212521492,-0.013926870966177951,-0.24462646329657645,0.18495745956897736,0.4116546809673309,-0.3065599203109742,0.25229676000124013,0.6114860450224777,26.088697357863932,-0.08357769168725653,-0.16291760468204883,0.02351823236023643,0.000828923000881332,1
2.952662944793701,0.0026621397119015455,-0.057405419647693634,0.4767394959926605,-0.06725848529223606,0.0183933233931398,-0.10729088628514644,-0.0015510674709005023,-0.009872720515509581,-0.24772793415592043,0.21326196193695068,0.43048822879791254,-0.29990446567535406,0.2304730644983307,0.6114762569946791,26.11052915077797,-0.10340990800808308,-0.18437132948572638,0.023742054608889156,0.002887611000915058,1
2.9622650146484375,0.0018628048710525036,-0.05700826644897461,0.47579076886177063,-0.06018771619813335,0.025073092161585576,-0.11345402896122549,0.0021722318748769176,-0.0034170058848670415,-0.25208050814611793,0.25336724519729614,0.4289011657238006,-0.294114500284195,0.190962713481273,0.6057535600435311,26.130561842521182,-0.13347418653758747,-0.20312239418784914,0.024082135157082865,0.0008509239996783435,1
2.9725282192230225,0.0011471640318632126,-0.056614238768815994,0.4747350811958313,-0.05497914524927733,0.019267825975520757,-0.11746868490763006,0.004787154647739822,0.00011568854152388397,-0.25512302995817393,0.2720501720905304,0.38469055294990534,-0.29319038987159735,0.16711525903300634,0.6021494811556194,26.133485053786575,-0.13403228397858324,-0.2032071531403648,0.02412169674559567,0.0029684229994018096,1
2.9823174476623535,0.00039720736094750464,-0.056194230914115906,0.4736933410167694,-0.05569611413544596,0.027066058873846402,-0.11785564566261092,0.009083330648283816,0.006043967840095643,-0.25922051005335955,0.28720077872276306,0.3801054954528808,-0.2804937064647675,0.1345059262763454,0.6182825765498893,26.144982127341653,-0.15130424802072276,-0.19194377890259895,0.024392618358918313,0.001016387999698054,1
2.9925413131713867,-0.0002936002565547824,-0.05576968565583229,0.4725627899169922,-0.04826264118432525,0.01954678183459191,-0.12591645124878506,0.010509771578402827,0.007454417360258425,-0.2607012068648866,0.2979241609573364,0.3404968678951263,-0.2750402688980103,0.08618860280173801,0.641824993564326,26.170006292356863,-0.1787010998832368,-0.18961949775996936,0.024687375192727838,0.0024486340007570107,1
3.0023422241210938,-0.0002936002565547824,-0.05576968565583229,0.4725627899169922,-0.04826264118432525,0.01954678183459191,-0.12591645124878506,0.010509771578402827,0.007454417360258425,-0.2607012068648866,0.2979241609573364,0.3404968678951263,-0.2750402688980103,0.05892497446445935,0.6551814719343367,26.173606541175896,-0.18098767438270003,-0.19123478542719233,0.02469603529446453,0.000847013001475716,1
3.0125272274017334,-0.0016683738213032484,-0.05485403165221214,0.4702625870704651,-0.04268596705585407,0.024686669702600857,-0.1316311210587554,0.017982367759239892,0.01500698491140895,-0.2675723426801033,0.30322280526161194,0.2679233253002166,-0.2715339064598084,0.05414119294227353,0.6553790047380419,26.161378566548507,-0.19171347048525375,-0.18256119807697702,0.024903182550942798,0.003144852000332321,1
3.0222764015197754,-0.0016683738213032484,-0.05485403165221214,0.4702625870704651,-0.04268596705585407,0.024686669702600857,-0.1316311210587554,0.017982367759239892,0.01500698491140895,-0.2675723426801033,0.30322280526161194,0.2679233253002166,-0.2715339064598084,0.019126832037020404,0.6698391913738905,26.188477552176888,-0.20495109049373064,-0.17720088967529796,0.02517561702924951,0.0009252389991161181,1
3.032498359680176,-0.0028962183278054,-0.05397232249379158,0.46781256794929504,-0.03692094502800151,0.025575766553722668,-0.13515533484068593,0.02391323171222437,0.019828827205692345,-0.27295825760708814,0.29526469111442566,0.1925566345453262,-0.2750612795352936,-0.009557917891265148,0.6953062209558717,26.192365635874594,-0.2135152822978033,-0.17482286872858005,0.025460711335774926,0.0025971249997382984,1
3.0423431396484375,-0.0028962183278054,-0.05397232249379158,0.46781256794929504,-0.03692094502800151,0.025575766553722668,-0.13515533484068593,0.02391323171222437,0.019828827205692345,-0.27295825760708814,0.29526469111442566,0.1925566345453262,-0.2750612795352936,-0.03502916127596625,0.7040476292719929,26.20334374575633,-0.21833415285696015,-0.15372921949023288,0.025665497208001483,0.0008208910003304482,1
3.0525588989257812,-0.0034555564634501934,-0.05353269353508949,0.46652767062187195,-0.032496679611894036,0.0208554676744742,-0.1381497383216793,0.026732532571678735,0.021447697534415777,-0.27554780373852683,0.28712862730026245,0.15591387450695035,-0.26739880442619324,-0.06319270366669127,0.7244600240324733,26.213284538670052,-0.22293969189694013,-0.1402134062322469,0.02579478720964488,0.0026407789991935715,1
3.0623481273651123,-0.0044944086112082005,-0.05266701802611351,0.4638952612876892,-0.026330001293553097,0.023761366288011464,-0.14404383292750772,0.029403235082682944,0.02272743574126057,-0.278219305146143,0.2661416530609131,0.10911951214075086,-0.27155813574790955,-0.08860535287152678,0.732403426126973,26.2324046611254,-0.21993445885827906,-0.12073324316230481,0.02601114297822174,0.0009916630006046034,1
3.0723259449005127,-0.004933302756398916,-0.05226550251245499,0.4625034034252167,-0.022617112970102556,0.013088508895889358,-0.1458201855940978,0.03301065024727956,0.023507667936422116,-0.2821793296479771,0.24260297417640686,0.042656213045120205,-0.26788467168807983,-0.11445078329765722,0.7669907460230788,26.24051484740045,-0.21978389196471754,-0.09002761539601642,0.026259322393358618,0.002705454999158974,1
3.083944082260132,-0.005375542212277651,-0.05189277231693268,0.46113061904907227,-0.01885333042499755,0.0177744009192471,-0.14804249984100074,0.03535062538115552,0.024041140481320777,-0.2846854572004247,0.23804186284542084,0.017745176330208747,-0.26094484329223633,-0.13502221277568008,0.7827099299704205,26.248199489397635,-0.22045537655583816,-0.07796888839219318,0.026371434942808115,0.0014160430000629276,1
3.0923330783843994,-0.005741836037486792,-0.05148054286837578,0.45969918370246887,-0.014731908368196414,0.016974519531428516,-0.15063202385770727,0.03732025504885428,0.023314236543209965,-0.28739279781181715,0.2051585167646408,-0.04800304025411609,-0.27030500769615173,-0.1478508812540788,0.7944306926382645,26.25712040350549,-0.21045705338387855,-0.04488946451885396,0.02660586359115357,0.0008217289996537147,1
3.1025071144104004,-0.006094735115766525,-0.05112729221582413,0.4582584500312805,-0.0109851992454328,0.009327533471893395,-0.15499418967871945,0.03899735531818038,0.022741154391266782,-0.28992025132072197,0.16848112642765045,-0.09557320922613147,-0.25767242908477783,-0.1547535683533928,0.8006493617647102,26.258867086089108,-0.2129011006695539,-0.043281909108856195,0.02663434601328201,0.0021366359997045947,1
3.1123509407043457,-0.006094735115766525,-0.05112729221582413,0.4582584500312805,-0.0109851992454328,0.009327533471893395,-0.15499418967871945,0.03899735531818038,0.022741154391266782,-0.28992025132072197,0.16848112642765045,-0.09557320922613147,-0.25767242908477783,-0.16570628592903558,0.8215923237214124,26.271452458391316,-0.2004527241035401,-0.01831678238572524,0.026700639842912887,0.00082165999992867,1
3.12248158454895,-0.0067305127158761024,-0.05044453591108322,0.455325722694397,-0.003733111182071591,0.009411675410370024,-0.15947286773344668,0.04208219456700668,0.018622251697273384,-0.2963812584502352,0.1112590804696083,-0.20382700860500338,-0.24679979681968686,-0.15102390126093332,0.827770545509481,26.266079714951065,-0.1908622991926157,0.014341073018531117,0.026880026169589122,0.002974220000396599,1
3.132309913635254,-0.0067305127158761024,-0.05044453591108322,0.455325722694397,-0.003733111182071591,0.009411675410370024,-0.15947286773344668,0.04208219456700668,0.018622251697273384,-0.2963812584502352,0.1112590804696083,-0.20382700860500338,-0.24679979681968686,-0.15526919888056334,0.8379168015884421,26.286618569395785,-0.18077329121997168,0.048113005128575345,0.026950356357217417,0.0007984009989741025,1
3.142491340637207,-0.007246619090437889,-0.049894560128450394,0.4523259401321411,-0.004469175920101312,0.008948465003657811,-0.15776728085629577,0.04315337490288229,0.01377339979384562,-0.3014762457629989,0.03278905153274536,-0.2884220480918885,-0.2493041008710861,-0.1467392242697468,0.8576797855232032,26.282389130320713,-0.16392436823568912,0.06984934226928485,0.027134655382262632,0.0031482739996135933,1
3.1523220539093018,-0.007246619090437889,-0.049894560128450394,0.4523259401321411,-0.004469175920101312,0.008948465003657811,-0.15776728085629577,0.04315337490288229,0.01377339979384562,-0.3014762457629989,0.03278905153274536,-0.2884220480918885,-0.2493041008710861,-0.12621869068860447,0.8519902897913982,26.287196815588093,-0.1447157721338877,0.10552408862180213,0.02723233134431294,0.0008857070006342838,1
3.1623239517211914,-0.007467032875865698,-0.049619730561971664,0.4507993161678314,0.0016810202363474762,0.0021490223735729126,-0.1611268669132204,0.04324992501030822,0.01061278806014565,-0.3041366853842504,0.015405470505356789,-0.3208958804607392,-0.2481831461191177,-0.11849543924861058,0.8587983276674394,26.297971614356072,-0.13666304481571848,0.13074728198914087,0.027345340890159688,0.0008164209993992699,1
3.172309160232544,-0.0078222481533885,-0.04919924587011337,0.4477291405200958,0.0022670795255136074,0.004742314218350846,-0.1596210152112056,0.043093110494916154,0.007360220004936746,-0.3067653984578005,-0.037022605538368225,-0.3597602844238282,-0.24698409438133234,-0.09768000271963685,0.8500806610538251,26.2985712985904,-0.10991496245894934,0.1601226133579563,0.027490229452806526,0.0008223570002883207,1
3.1823179721832275,-0.007965290918946266,-0.04899454861879349,0.44616299867630005,0.0055713201813095085,-0.005802332283194189,-0.1643143743305651,0.0421457925389781,0.0019312386841310314,-0.31054575650931415,-0.0756954476237297,-0.3764000535011292,-0.24311123788356775,-0.0804047375024622,0.8604527023748283,26.312393712416466,-0.08861119167944537,0.1841387573339787,0.02768388275967838,0.0008535790002497379,1
3.1922192573547363,-0.00814216211438179,-0.048840634524822235,0.4446337819099426,0.0022737920357881816,-0.002241238571180563,-0.16017235815204284,0.04110592389739587,-0.001637551188705899,-0.31316480401393676,-0.09936694800853729,-0.38495814800262457,-0.24846972525119776,-0.047450243099415444,0.8538281011657354,26.3052040834948,-0.0732335753566106,0.19954287606026785,0.027894976920163163,0.0008755799990467494,1
3.202331304550171,-0.00814216211438179,-0.048840634524822235,0.4446337819099426,0.0022737920357881816,-0.002241238571180563,-0.16017235815204284,0.04110592389739587,-0.001637551188705899,-0.31316480401393676,-0.09936694800853729,-0.38495814800262457,-0.24846972525119776,-0.02757747420544103,0.8499326359893864,26.30410063423077,-0.07298812295507862,0.19960964274690873,0.02793640376159493,0.0008452670008409768,1
3.212320566177368,-0.008425881154835224,-0.04855487495660782,0.4415460228919983,0.0014803331737879425,-0.007461535700051162,-0.1580946594356559,0.03716894867496112,-0.011608554810519145,-0.3195156353891684,-0.18229079246520996,-0.4000990986824036,-0.24165026843547815,-0.014190892463695282,0.8441262334376163,26.315003223016,-0.04557417237941324,0.2194343857142527,0.028058548401858244,0.001046491999659338,1
3.222322940826416,-0.008425881154835224,-0.04855487495660782,0.4415460228919983,0.0014803331737879425,-0.007461535700051162,-0.1580946594356559,0.03716894867496112,-0.011608554810519145,-0.3195156353891684,-0.18229079246520996,-0.4000990986824036,-0.24165026843547815,0.024770558111439245,0.8343908923878369,26.303498875837487,-0.02066054797812881,0.23649906808489937,0.02827091788739764,0.0008837519999360666,1
3.2323014736175537,-0.008583389222621918,-0.04842566326260567,0.4400300681591034,0.006543583894548275,-0.0067514130484334625,-0.16171190143075917,0.036141209098174976,-0.013634568885965592,-0.3207729796618528,-0.20813681185245514,-0.3922072350978852,-0.2415038496255874,0.04486179697673574,0.81880992577256,26.31289155837527,-0.004252195790961023,0.2381417204753947,0.028408050176559427,0.0008397490000788821,1
3.242307186126709,-0.008859364315867424,-0.048214707523584366,0.43702784180641174,0.007231504225843181,-0.004661614343500401,-0.15481567380502984,0.030135340879010375,-0.02318779755154976,-0.3271244072476214,-0.27154794335365295,-0.36457341909408575,-0.2321095615625381,0.08225083442497448,0.7978172474778027,26.300368833402292,0.019893765612415557,0.2551357457690533,0.028641488251951924,0.0008989079997263616,1
3.2523179054260254,-0.008859364315867424,-0.048214707523584366,0.43702784180641174,0.007231504225843181,-0.004661614343500401,-0.15481567380502984,0.030135340879010375,-0.02318779755154976,-0.3271244072476214,-0.27154794335365295,-0.36457341909408575,-0.2321095615625381,0.10759013298270953,0.7638592892403228,26.298236642752467,0.04544275739544221,0.25233364823899895,0.028819466370287032,0.0008451979992969427,1
3.2627065181732178,-0.008997855708003044,-0.04813268035650253,0.43556588888168335,-0.0002324780986674813,-0.010037106964794942,-0.14786657693339633,0.027331096560320844,-0.02658724037236926,-0.3295449448499972,-0.2878064811229706,-0.35304087400436407,-0.2416463047266006,0.14365243531235522,0.7483098371154568,26.28190955606723,0.06119798451125115,0.25672329123184406,0.029044763867991815,0.0025479539999651024,1
3.272312879562378,-0.00927705504000187,-0.04794732481241226,0.43276265263557434,0.002969959405626811,-0.009535663486176743,-0.1397615522221929,0.02442195003765235,-0.03003293201137547,-0.33200369748390823,-0.3082156181335449,-0.3295463919639588,-0.22951138019561765,0.16668494559431546,0.722510814560504,26.262708970968834,0.08019521383396475,0.2546736120216432,0.02918781014059847,0.0010001840000768425,1
3.2833430767059326,-0.00944129191339016,-0.04784167557954788,0.4314681589603424,0.0030598597594034245,0.00034177843792434495,-0.13432277738460574,0.018018392084319768,-0.035571247459918354,-0.3365637326913773,-0.3360815644264221,-0.24247254431247714,-0.22465445101261136,0.19569373707890775,0.6618419057537157,26.24820796369816,0.1140080505405823,0.22748618390954384,0.029584500260945445,0.000995993999822531,1
3.292309045791626,-0.009569685906171799,-0.04770943894982338,0.4302003085613251,0.002455391082435836,-0.004137737674178958,-0.12655065953431108,0.018018392084319768,-0.035571247459918354,-0.3365637326913773,-0.3360815644264221,-0.24247254431247714,-0.22465445101261136,0.20944778141410664,0.6340341747555551,26.22735617512341,0.1137380455673543,0.2266511564128564,0.029599332660896135,0.0013077830008114688,1
3.3024978637695312,-0.009757988154888153,-0.047588229179382324,0.42905429005622864,-0.0018140278004101994,0.0017500783033004093,-0.11394419520900374,0.013178476588628474,-0.03865240011619342,-0.34001472346079,-0.33000585436820984,-0.20242959260940555,-0.21670295298099515,0.23294749579599044,0.5920269393079003,26.19312899993794,0.12522374348606208,0.21603828078095516,0.029834154779241978,0.0026099070000782376,1
3.3124921321868896,-0.00990600697696209,-0.047440093010663986,0.4279673993587494,0.005068956265072394,-0.00016415618816641546,-0.11025033888911254,0.009840535864270361,-0.0406722619279436,-0.3421660741115877,-0.34223857522010803,-0.17162893712520602,-0.21980066597461698,0.24728917733581782,0.5667412838220838,26.187975893198946,0.12519602769642008,0.21572653301119327,0.02986983455740221,0.001077012999303406,1
3.3224525451660156,-0.010065938346087933,-0.04729316011071205,0.4269729256629944,-0.0018933930217791201,0.004121689627644578,-0.09583830833614111,0.004860729289507759,-0.041956216931854584,-0.34543492811034726,-0.3394577205181122,-0.08439140766859057,-0.21432743966579437,0.24199084361358164,0.5388526001829255,26.180059755456238,0.1409929049485467,0.20545360869509938,0.030082807495868596,0.003194861001247773,1
3.3322372436523438,-0.010276899673044682,-0.047107599675655365,0.42610400915145874,-0.004375579491465877,0.008241218512022194,-0.08274920285161137,0.0017819399950003145,-0.04254485940807706,-0.3474432985785594,-0.31986257433891296,-0.04658298939466479,-0.20715801417827606,0.24778241427123765,0.5032059738557639,26.143297363998173,0.15460127286949796,0.16606874057105311,0.03041415300531536,0.000957019001361914,1
3.342550277709961,-0.01046405266970396,-0.046877745538949966,0.4253363609313965,0.0028192440924061164,0.009402211211648302,-0.0760918631795941,-0.0012871725967125158,-0.04279280276145192,-0.34955049953974937,-0.312489777803421,-0.013438021764159227,-0.20380070805549622,0.25397687018062964,0.4675368975876666,26.105393651441368,0.1542163728481885,0.1483938359736149,0.030570203233481783,0.0019898210011888295,1
3.352295160293579,-0.01046405266970396,-0.046877745538949966,0.4253363609313965,0.0028192440924061164,0.009402211211648302,-0.0760918631795941,-0.0012871725967125158,-0.04279280276145192,-0.34955049953974937,-0.312489777803421,-0.013438021764159227,-0.20380070805549622,0.2392471413278649,0.4298764946841554,26.08432509896225,0.15975159669950614,0.13157585710738173,0.030747728490816768,0.0009132969989877893,1
3.3624520301818848,-0.010646151378750801,-0.04668603464961052,0.42468947172164917,-0.0056618003346072835,0.008558605810678134,-0.055030290044403955,-0.004056050761923835,-0.04206149035661788,-0.35154926446089396,-0.2902528643608093,0.04500456899404523,-0.20590387284755707,0.23337760135854332,0.4110390842716541,26.027376947439215,0.15633501238004718,0.10050877499526197,0.03101844850824276,0.0023578349992021685,1
3.3725626468658447,-0.010855297558009624,-0.046438075602054596,0.42419883608818054,-0.0005307829473875515,0.014382180868843231,-0.04825518279775711,-0.00666940230179236,-0.041405819042227066,-0.35351950160057566,-0.26209601759910583,0.09173443168401715,-0.20098590850830078,0.2164603310477906,0.378972265410025,26.00272757387006,0.15062493332582785,0.07445339495448776,0.031217271769059203,0.0008713890001672553,1
3.382291078567505,-0.011250520125031471,-0.045900847762823105,0.4235237240791321,-0.0033203172805304246,0.016100564931486365,-0.018802091517389097,-0.009868135017173874,-0.03906699208215736,-0.35649281858368376,-0.21334674954414368,0.1617786884307861,-0.19702629745006564,0.1935119411037899,0.35629741937339104,25.923816543046243,0.13556310478392608,0.03235396644183594,0.031532746187124365,0.002656913000464556,1
3.3923521041870117,-0.011509383097290993,-0.04556204378604889,0.4234004616737366,-0.0065895598281971775,0.026138469660188516,-0.0029109835951133907,-0.011638411482422839,-0.03699167519187174,-0.358364771951623,-0.18850772082805634,0.21021507680416104,-0.19063656032085421,0.18000284871541422,0.3425142737376421,25.91211914248687,0.1351771877014276,0.031708870214954395,0.031545827069690405,0.0009973899996111868,1
3.4024341106414795,-0.011718858033418655,-0.04523680359125137,0.42335256934165955,0.001306622384633665,0.018229121112395257,0.0015339095604604911,-0.011638411482422839,-0.03699167519187174,-0.358364771951623,-0.18850772082805634,0.21021507680416104,-0.19063656032085421,0.15080087247063664,0.32483176841984135,25.857548042470324,0.1283172187302457,0.001075498581096495,0.031695820234130916,0.0027942979995714268,1
3.412292957305908,-0.011949744075536728,-0.04488111659884453,0.4234362244606018,-0.006534185691336521,0.0277315415970054,0.021122595263687843,-0.014173298930918232,-0.032061682541912884,-0.3622539974267527,-0.1032644733786583,0.2563052773475647,-0.17578634619712832,0.13340307671995552,0.31408061565265194,25.849463460201452,0.12810684352535254,0.0006277564326781503,0.03169210352607207,0.0011280700000497745,1
3.4224627017974854,-0.012185917235910892,-0.04449255019426346,0.4236345589160919,5.9018087397089616e-05,0.03041428711373592,0.027108816468418746,-0.015049446613947914,-0.028011255398971535,-0.36479276899273483,-0.04470755159854889,0.29916900396347046,-0.177143007516861,0.1294575116564406,0.2975557456575242,25.79601758081059,0.09391682422976888,-0.035641850507518016,0.0319978255554227,0.003110417999778292,1
3.432478904724121,-0.012364826165139675,-0.04405083879828453,0.4239083528518677,0.0017619548496299942,0.031781997216171864,0.03534764044057797,-0.015166041638600802,-0.02468437922397504,-0.3665684124841735,-0.012751784175634384,0.3261822462081909,-0.16426102817058566,0.10463995839789952,0.2793083019145093,25.771554377975804,0.06741739338517612,-0.06968686949711533,0.03227772569283597,0.001098806000300101,1
3.4423201084136963,-0.01258725393563509,-0.04363293945789337,0.42425736784935,-0.00410631297006524,0.03258515150654495,0.0473939254629065,-0.014791015100745764,-0.021245092717524283,-0.3682074598020062,0.04047013074159622,0.3483320474624634,-0.16378957033157354,0.08291618848566659,0.27516795991233783,25.713091002843637,0.02468117742249004,-0.10896302160978139,0.03253065939229692,0.002466374999130494,1
3.4522247314453125,-0.01258725393563509,-0.04363293945789337,0.42425736784935,-0.00410631297006524,0.03258515150654495,0.0473939254629065,-0.014791015100745764,-0.021245092717524283,-0.3682074598020062,0.04047013074159622,0.3483320474624634,-0.16378957033157354,0.07120384554191805,0.2717686875049559,25.703509309820905,0.023437149125789834,-0.11427901233662521,0.03252098874584804,0.0008264790012617595,1
3.4624645709991455,-0.012996870093047619,-0.042635478079319,0.42507442831993103,0.00547819393933663,0.03567775286051784,0.05302729824339835,-0.012780135072866905,-0.014342352270706904,-0.3716764019892653,0.13618698716163635,0.35390105843544006,-0.159420058131218,0.05130010194631662,0.25665951108390633,25.69732309778024,0.0020882731047587345,-0.11986804717181573,0.032732102862516044,0.0034267470000486355,1
3.47230863571167,-0.012996870093047619,-0.042635478079319,0.42507442831993103,0.00547819393933663,0.03567775286051784,0.05302729824339835,-0.012780135072866905,-0.014342352270706904,-0.3716764019892653,0.13618698716163635,0.35390105843544006,-0.159420058131218,0.025952600821057627,0.25374113741006604,25.68368320451564,-0.029344147756403673,-0.13750183223868578,0.03287526383053082,0.0008905260001483839,1
3.482550859451294,-0.013187185861170292,-0.04211026057600975,0.42553380131721497,0.0004038715609621902,0.03988497318478221,0.057403065235406656,-0.01123274178276068,-0.010669596305302509,-0.3732048555912004,0.1739829182624817,0.3684665858745575,-0.1623178124427796,0.019976012955056556,0.2508753223393391,25.66896884382363,-0.05274742435464472,-0.15482447162463076,0.033009944347183524,0.0019074030005867826,1
3.4923665523529053,-0.013518141582608223,-0.041006967425346375,0.42643970251083374,0.012329862682214235,0.03837905812587239,0.05282985418564837,-0.009198505161641002,-0.00727472338420565,-0.3747158223073672,0.2190103977918625,0.3592049777507782,-0.14747856557369238,-0.01097461206304913,0.2443003884210328,25.67676489221656,-0.08082281450368022,-0.1611597712761772,0.03307489732478165,0.0012672020002355566,1
3.502298593521118,-0.01364745944738388,-0.0404498428106308,0.42688092589378357,0.00801187198592518,0.04626226730120993,0.05983487141454933,-0.005325287777783849,-0.0021027804586197796,-0.3771818429885183,0.27660512924194336,0.3530407249927521,-0.14459010958671575,-0.01904473440705929,0.23498665183758244,25.658394609032282,-0.12030966982908714,-0.1721250280773999,0.03324014259895311,0.0024649079987284495,1
3.512556314468384,-0.013750960119068623,-0.039838939905166626,0.42731910943984985,0.01640721691554077,0.04268733612584102,0.05082379279320096,-0.002243507280946133,0.0011752463231111676,-0.37858662897836437,0.3076545000076294,0.34027472138404846,-0.14776656031608587,-0.047021631135848854,0.23376186094557797,25.678403878775082,-0.14511909200547776,-0.17600264165680707,0.03338394217378631,0.002636658000483294,1
3.5226101875305176,-0.01380156073719263,-0.0392911322414875,0.4276809096336365,0.017292054068099385,0.03902065774925011,0.05278859660100927,0.0009983363291570235,0.004064974704057089,-0.38019538020948396,0.3465040922164917,0.32418766617774963,-0.1376367956399918,-0.07146821820509869,0.24683914886334496,25.67595380064625,-0.16983625241274994,-0.17237018307653568,0.033458402707653455,0.000784711999585852,1
3.5322186946868896,-0.01384826935827732,-0.038690537214279175,0.42807719111442566,0.021788006856858708,0.04656468827217034,0.04769048838603673,0.006548363793598355,0.008507514527923199,-0.3820197664470286,0.3708789646625519,0.2526244819164276,-0.1361210644245148,-0.08937790591762351,0.2424817246286793,25.68823516422997,-0.19425613845151718,-0.14709764521691454,0.03361341258812044,0.0025950999988708645,1
3.542238235473633,-0.013847197405993938,-0.0381196103990078,0.42838481068611145,0.021613335100335602,0.03586790549778606,0.045258265007014645,0.010358744941069808,0.010980092647786321,-0.3834376296815636,0.3828229308128357,0.2625599801540375,-0.1252323538064957,-0.0990604660354531,0.23779873301961985,25.689400631706594,-0.20230387683841142,-0.15274254944369134,0.03355814595840487,0.001026305999403121,1
3.5522186756134033,-0.013863327912986279,-0.037543583661317825,0.42870965600013733,0.021937384622766707,0.045558974601749805,0.04832978917868297,0.014313920034840333,0.01334200396424734,-0.3844073643607695,0.39703547954559326,0.23664973676204681,-0.113286167383194,-0.11735632333661056,0.2620537911430557,25.695271303554932,-0.2201863358111801,-0.16512536678183046,0.033546040702010005,0.002741426000284264,1
3.562325954437256,-0.013863327912986279,-0.037543583661317825,0.42870965600013733,0.021937384622766707,0.045558974601749805,0.04832978917868297,0.014313920034840333,0.01334200396424734,-0.3844073643607695,0.39703547954559326,0.23664973676204681,-0.113286167383194,-0.12058152104306899,0.25957285466146657,25.687618923059507,-0.2379975434721459,-0.158715307274825,0.03354385741570957,0.0009091049996641232,1
3.572482109069824,-0.013781784102320671,-0.03644826263189316,0.4291844069957733,0.027490008281939506,0.03515684791014491,0.04172606397768587,0.02236892198371887,0.016785344172634442,-0.38657675967277294,0.40288403630256653,0.13948114216327667,-0.1060786545276642,-0.14493492633305727,0.28444984224155917,25.710758841564484,-0.2579051082200679,-0.1408796787000356,0.03361447197510623,0.00298329999895941,1
3.582284450531006,-0.013781784102320671,-0.03644826263189316,0.4291844069957733,0.027490008281939506,0.03515684791014491,0.04172606397768587,0.02236892198371887,0.016785344172634442,-0.38657675967277294,0.40288403630256653,0.13948114216327667,-0.1060786545276642,-0.15499017662710815,0.29879546236577126,25.706487347428915,-0.2654837278275602,-0.12028691866908975,0.033610085777966835,0.0008291330013889819,1
3.592625379562378,-0.013697534799575806,-0.03587315231561661,0.42937159538269043,0.031076217260153798,0.03682236848515597,0.035247415372309555,0.02627170930984457,0.017890056834766632,-0.38760258265485525,0.4040279686450958,0.12050790339708327,-0.09469676762819292,-0.16801337355916923,0.3057989735249219,25.7227127531527,-0.2771498501063042,-0.11379353031429319,0.033541694473960174,0.0022038270017219475,1
3.60233998298645,-0.013482801616191864,-0.03490978479385376,0.4296243488788605,0.03099954121130013,0.029880864662605443,0.0310448836512066,0.03014956716718098,0.018794768906552406,-0.3884102263851914,0.3828066885471344,0.07691278308629988,-0.0809140130877495,-0.17974597313974747,0.32605253448398364,25.735688573788803,-0.27870112595992186,-0.09464318263128349,0.03346543536888875,0.0008264789994427701,1
3.612560987472534,-0.01335152331739664,-0.034434325993061066,0.4297198951244354,0.03778715138190593,0.02645382656239786,0.02659038456277573,0.035648233967658705,0.019492585247085525,-0.38961269998209147,0.3543402850627899,0.02392050251364707,-0.07568994909524918,-0.20182128212765987,0.3452216093363706,25.74910484359567,-0.2806454469695578,-0.07045306786547584,0.033451557829968205,0.002727456001593964,1
3.6224846839904785,-0.013151531107723713,-0.03402402624487877,0.42972496151924133,0.038960863053944444,0.01739098622456683,0.021783409636675806,0.03897475717014842,0.019133040626704734,-0.3903404806713322,0.3275408446788788,-0.0035228678025305345,-0.05944490060210228,-0.22391477451599226,0.3780236081603847,25.763411836525446,-0.27784122841109715,-0.0555997727625647,0.0333352436285093,0.0008433809998678043,1
3.632473945617676,-0.012992254458367825,-0.03364352136850357,0.4297584891319275,0.0356898831210684,0.01994421644292207,0.02395957522589284,0.04193023441944277,0.019039581687560148,-0.39086662661151994,0.2937009632587433,-0.07948094606399536,-0.05256740003824233,-0.23728825597398748,0.3978132689269771,25.76542716047244,-0.27771194499085955,-0.05529628807563435,0.03327656744254005,0.0031037129992910195,1
3.642577648162842,-0.01277768611907959,-0.0332510881125927,0.4297254681587219,0.04161107926783651,0.017138668507980525,0.017725767569909078,0.04589345548328572,0.017150094382320624,-0.3917143522772033,0.25093191862106323,-0.11168215423822403,-0.05219649896025656,-0.23996035206782923,0.41270530667151367,25.776396894163987,-0.2544415599318967,0.0017132065504658067,0.03324142584406001,0.0008877329983079107,1
3.652303695678711,-0.012568223290145397,-0.032939840108156204,0.4296717941761017,0.04073921215323597,0.005387160904106086,0.015186533320085953,0.047970235402590156,0.015780383882396887,-0.39210882721059814,0.20991747081279755,-0.15734580159187317,-0.04383299499750135,-0.24205522897854412,0.42018983808083404,25.77801479294447,-0.2594994404541674,0.005290539194484003,0.03316053335707744,0.00240693699925032,1
3.662897825241089,-0.01233169436454773,-0.03269929066300392,0.42957931756973267,0.04016312206559525,0.006630114725353048,0.014314383246853609,0.049684851701016,0.01400014722845988,-0.39260748767008025,0.1655971258878708,-0.1741074025630951,-0.031150052323937395,-0.24655370303646604,0.4501750112442591,25.784566806426483,-0.24647828221768875,0.03180009840004723,0.03307734648637865,0.0011724220003088703,1
3.6723060607910156,-0.01233169436454773,-0.03269929066300392,0.42957931756973267,0.04016312206559525,0.006630114725353048,0.014314383246853609,0.049684851701016,0.01400014722845988,-0.39260748767008025,0.1655971258878708,-0.1741074025630951,-0.031150052323937395,-0.2433404550373684,0.4646068029796818,25.787960992971538,-0.22919203243121555,0.04592158130187624,0.03296669936374875,0.0008690149988979101,1
3.682502269744873,-0.011600957252085209,-0.03211984038352966,0.429170161485672,0.04058406842027805,-0.005048751419471892,0.00621132641675393,0.05147857326226646,0.009188878784943899,-0.3934783883788451,0.06740861386060715,-0.2499345988035202,-0.017772000283002822,-0.23532213833403173,0.4717710085897768,25.79352879848682,-0.20362917539326486,0.06902108753184977,0.0328602580460597,0.0025179909989674343,1
3.6923365592956543,-0.011600957252085209,-0.03211984038352966,0.429170161485672,0.04058406842027805,-0.005048751419471892,0.00621132641675393,0.05147857326226646,0.009188878784943899,-0.3934783883788451,0.06740861386060715,-0.2499345988035202,-0.017772000283002822,-0.23615737289601965,0.4979976887453429,25.810791366648395,-0.1863139233327864,0.09780182137275284,0.032736238627246055,0.001056060000337311,1
3.702498197555542,-0.011340616270899773,-0.031982678920030594,0.4289933741092682,0.039166164053385875,-0.0056177361684354495,0.0049877432557787135,0.05165580269232306,0.005191670827878525,-0.39388260843214695,-0.014106228947639465,-0.28587833046913147,-0.019632469862699474,-0.2251079579313851,0.5097039188856493,25.81684833731562,-0.14631645829378953,0.1277883976438025,0.03269915651877874,0.0024591109995526494,1
3.7122273445129395,-0.011063640005886555,-0.03190711513161659,0.4287849962711334,0.04469800788799679,-0.01713362259781557,-0.0010924097844719589,0.05098635760673931,0.002219210273000094,-0.3941837270172388,-0.06185648590326309,-0.2952422499656677,-0.019397066906094516,-0.23538014843342825,0.5336507620859565,25.833782522018613,-0.12095317834754657,0.14057126267746028,0.03266751645546279,0.0008977210000011837,1
3.722440004348755,-0.010773229412734509,-0.031910452991724014,0.42853161692619324,0.03819263033021615,-0.017245630941468932,0.00332026118191444,0.05001271664164131,-0.0010340947646003684,-0.3945033853430395,-0.10807193070650101,-0.30650782585144043,-0.002665690612047873,-0.22223243490093944,0.5460697849050651,25.825168344532685,-0.09501621605125109,0.15637087986694798,0.03250390500022732,0.0023920599996927194,1
3.7324557304382324,-0.01050873938947916,-0.03188592195510864,0.4283057153224945,0.042389358314937904,-0.01892236575819909,-0.003784812128219479,0.04866443177681212,-0.0038943720316613195,-0.39458205962390025,-0.15060631930828094,-0.3360038995742798,-0.010334611870348412,-0.21433312082238734,0.5536651161106761,25.82385500911622,-0.09455947597041929,0.15661213537221474,0.03242892975357146,0.0011253459997533355,1
3.74252986907959,-0.010198463685810566,-0.031952839344739914,0.4279922842979431,0.04105081823190303,-0.028974996489376303,-0.0058744726426547475,0.045642844938419636,-0.009109007486415965,-0.3950595258134806,-0.2115267664194107,-0.3435990810394287,-0.012641355395317036,-0.20980201147412816,0.5678636056606577,25.849394929250654,-0.03172559828200071,0.19742917558178363,0.03246147719844287,0.00253349600097863,1
3.7524685859680176,-0.00994843803346157,-0.032034456729888916,0.4277273118495941,0.035361516524010816,-0.024988430277792236,-0.004034540658136423,0.044534861760259226,-0.010442767038875811,-0.3949761703070478,-0.2409168779850006,-0.33161112666130066,-0.008206210099160631,-0.2071686303700483,0.5765214235583087,25.85315475301518,-0.03065904183758159,0.19811729292116426,0.03240793380821631,0.0011395950004953193,1
3.762320041656494,-0.009683016687631607,-0.03213345259428024,0.4274090826511383,0.03750761728610842,-0.031557401703478975,-0.009491228607348736,0.040316172688666274,-0.016033786227850122,-0.3951158359567817,-0.28705111145973206,-0.3435218036174774,0.012821746058762115,-0.18970781558946526,0.5730954284891402,25.84956001860447,-0.012668698263831032,0.19657089203726344,0.03239638480110302,0.0009399070004292298,1
3.7724621295928955,-0.009447293356060982,-0.03229634463787079,0.42709630727767944,0.03288218461522957,-0.03254988239216585,-0.007386277542210777,0.03726377063389252,-0.01923067848300919,-0.3949665659835766,-0.31227216124534607,-0.3469527065753937,0.014615848660469097,-0.1781535487176075,0.5737061663606381,25.864614458740377,0.022158466968142283,0.21810262109856327,0.03216618409473768,0.0030541920004907297,1
3.7824933528900146,-0.009447293356060982,-0.03229634463787079,0.42709630727767944,0.03288218461522957,-0.03254988239216585,-0.007386277542210777,0.03726377063389252,-0.01923067848300919,-0.3949665659835766,-0.31227216124534607,-0.3469527065753937,0.014615848660469097,-0.15734219982811506,0.5720557613289204,25.862316329463873,0.04383678583859213,0.22956786938638749,0.032042634642289215,0.0013137189998815302,1
3.7922961711883545,-0.00897298101335764,-0.03263789787888527,0.4264090657234192,0.028312098758315817,-0.040299815590109214,-0.010530565997792986,0.0338895289395138,-0.02262822634151629,-0.39506246381987786,-0.33946916460990906,-0.3244774043560028,0.0190267097204924,-0.13877773457596904,0.5847063204963522,25.871950029563067,0.06665596853389416,0.22828439649274498,0.032016207322775186,0.0016616880002402468,1
3.8024988174438477,-0.008543604984879494,-0.033086128532886505,0.4256609082221985,0.02410661534766305,-0.04261370774862025,-0.014714146047868335,0.02504393511316083,-0.03021290327571169,-0.39464640665627915,-0.35571569204330444,-0.2930621802806854,0.023796055465936695,-0.1260064568547869,0.5705274977883925,25.885815989425822,0.08829338857777963,0.23414999465786993,0.03189762684661545,0.0027266889992461074,1
3.8123321533203125,-0.008543604984879494,-0.033086128532886505,0.4256609082221985,0.02410661534766305,-0.04261370774862025,-0.014714146047868335,0.02504393511316083,-0.03021290327571169,-0.39464640665627915,-0.35571569204330444,-0.2930621802806854,0.023796055465936695,-0.10148627004594638,0.5762438161988341,25.889183022760168,0.10087190858743497,0.23440978571687054,0.03191692641188385,0.0008435210002062377,1
3.8224334716796875,-0.008372437208890915,-0.03332556411623955,0.4252876341342926,0.02703000489203174,-0.03360587892719226,-0.015526158696128752,0.021341846031648348,-0.03294816740826212,-0.394251805190728,-0.36809074878692627,-0.26869097352027893,0.042127531021833454,-0.0819617370439493,0.5506024089699744,25.8932212855628,0.1190032360588136,0.2300732533127545,0.031794459460333595,0.0025610859993321355,1
3.832340717315674,-0.008179028518497944,-0.03354627639055252,0.42489323019981384,0.023778941013742023,-0.04055321605917597,-0.01838804967288116,0.017595181902151147,-0.03556211702764056,-0.3939994106817504,-0.36690154671669006,-0.24169133603572845,0.0437332019209862,-0.06622171630765927,0.5464403352340859,25.90262220422179,0.1288895370445917,0.22391432167951608,0.031754299534480335,0.0008599340017099166,1
3.8423163890838623,-0.008063163608312607,-0.03381489962339401,0.4245195984840393,0.01663052847175806,-0.035400789237000414,-0.014093288220234486,0.01400595491238521,-0.03773887176614199,-0.3935861329625854,-0.35202908515930176,-0.21970829367637634,0.04100970178842547,-0.03663123480486434,0.5336740699292292,25.8940449130253,0.13233475689701021,0.21962136171008748,0.031767874324952955,0.0026663420012482675,1
3.852536201477051,-0.007934393361210823,-0.0340457446873188,0.42414939403533936,0.023715342952047233,-0.037283010935589625,-0.018683942021052953,0.010616009302730323,-0.03982878020601488,-0.39310733444466406,-0.3451816439628601,-0.1913897693157196,0.04248718544840815,-0.018731623548143107,0.5259697814630226,25.892695904103295,0.13235494926709365,0.21946341298244826,0.031761166271529355,0.0032271290001517627,1
3.862293243408203,-0.007934393361210823,-0.0340457446873188,0.42414939403533936,0.023715342952047233,-0.037283010935589625,-0.018683942021052953,0.010616009302730323,-0.03982878020601488,-0.39310733444466406,-0.3451816439628601,-0.1913897693157196,0.04248718544840815,-0.021472721102377496,0.5140543138303553,25.906268790318357,0.1389980021381412,0.21055145700499633,0.0317878723327502,0.0008613310001237551,1
3.8724889755249023,-0.007746194023638964,-0.034555014222860336,0.42341670393943787,0.011013700569540067,-0.03592811163884281,-0.011655663112671067,0.0026782421748601237,-0.043242640564501666,-0.3917461320109754,-0.28363192081451416,-0.0997370183467865,0.04840474575757982,-0.005707586155140942,0.501782041193397,25.893200856925592,0.14011236887768286,0.1960058683589952,0.03168531234378982,0.0041096929999184795,1
3.8824870586395264,-0.007746194023638964,-0.034555014222860336,0.42341670393943787,0.011013700569540067,-0.03592811163884281,-0.011655663112671067,0.0026782421748601237,-0.043242640564501666,-0.3917461320109754,-0.28363192081451416,-0.0997370183467865,0.04840474575757982,0.010183109696725964,0.49833231049371113,25.89058383212969,0.131511868793846,0.1748933941019494,0.03180566016333654,0.0008134879990393529,1
3.8925750255584717,-0.0076156905852258205,-0.035199034959077835,0.4224187433719635,0.0037659722348318838,-0.024787895323634523,-0.005362538102786971,-0.004677672027957325,-0.04437670633493429,-0.3897571586468134,-0.19690902531147003,0.017899440601468097,0.07235068082809448,0.019177991733528493,0.4957862160321292,25.889978231990618,0.1313866336027066,0.16405833029955202,0.03168044191024879,0.003695232000609394,1
3.9029717445373535,-0.0076156905852258205,-0.035199034959077835,0.4224187433719635,0.0037659722348318838,-0.024787895323634523,-0.005362538102786971,-0.004677672027957325,-0.04437670633493429,-0.3897571586468134,-0.19690902531147003,0.017899440601468097,0.07235068082809448,0.03975219067277914,0.47260174630265317,25.876898795945277,0.11082576276475346,0.11944257488848223,0.03170620062147864,0.0010183440008404432,1
3.912343978881836,-0.007611712906509638,-0.03551338240504265,0.4218335449695587,0.008249597477332915,-0.024559647008717485,-0.007626748582558824,-0.007224810628454037,-0.04404939637625427,-0.3886183066371922,-0.15583106875419617,0.04886386170983315,0.0795385017991066,0.04810169065410918,0.4602951596143195,25.88233058003737,0.11040776759483609,0.1184260440261468,0.031655537572746854,0.00283676399885735,1
3.9223146438598633,-0.007611712906509638,-0.03551338240504265,0.4218335449695587,0.008249597477332915,-0.024559647008717485,-0.007626748582558824,-0.007224810628454037,-0.04404939637625427,-0.3886183066371922,-0.15583106875419617,0.04886386170983315,0.0795385017991066,0.04587523095769343,0.44617110059586507,25.88384897261818,0.09776548023491982,0.10171185790125,0.03161722132239478,0.0008122309991449583,1
3.9325549602508545,-0.00762983737513423,-0.03566711023449898,0.4215783178806305,-0.0028086480622137055,-0.0214270665592801,0.0005799154848585691,-0.008471710701678958,-0.04317845448411051,-0.38777034717015146,-0.12024065852165222,0.07526640594005586,0.08189634978771208,0.06357295491902647,0.4424086311689555,25.862952477368427,0.08336318876034647,0.08661140521201549,0.03158680607807897,0.002617381000163732,1
3.9423816204071045,-0.007712793070822954,-0.03575759381055832,0.42136502265930176,0.001417363483533659,-0.018165681420140363,-0.003551127127287916,-0.009240375425338065,-0.041879356035619875,-0.38666364791024144,-0.06864990293979645,0.11806256324052812,0.08322652429342269,0.0643545243785585,0.4323696995989361,25.871244669438415,0.06039399928776303,0.0609859498087052,0.0315978016560674,0.0008177479994628811,1
3.952326774597168,-0.007739913184195757,-0.03585236147046089,0.4211091995239258,0.0015771555333055538,-0.01585707253523716,-0.001243946137761934,-0.009629374292372095,-0.040850723504505915,-0.3858530555037962,-0.022063614800572395,0.17451182007789612,0.10686179995536801,0.059239717274736786,0.42491743034807594,25.867003426897615,0.03850485223600928,0.0293832468898262,0.03142906049027006,0.0024402529998042155,1
3.962613344192505,-0.00782880000770092,-0.03591189906001091,0.42091289162635803,-0.005123815355218029,-0.016452595669445676,0.0017276133886486317,-0.009583362848548216,-0.03858511898949457,-0.3848904923629841,0.023629674687981606,0.18645964562892914,0.09808691591024396,0.06353535346500573,0.43172304515380844,25.858302060531376,0.015080428885354595,0.020003442269047232,0.031449412317057786,0.0008194940000976203,1
3.9723141193389893,-0.007936784997582436,-0.035957179963588715,0.42072510719299316,-0.003410376166976796,-0.007843885393986883,0.0023476211302894687,-0.008745453294456418,-0.0357477203028842,-0.3831978200509245,0.07165756821632385,0.20623804628849032,0.11406387388706204,0.06336414964506425,0.42199861190409405,25.855654506178745,-0.009475098594717474,0.002749054122024551,0.031296108757879984,0.0025575929994374746,1
3.982530117034912,-0.007936784997582436,-0.035957179963588715,0.42072510719299316,-0.003410376166976796,-0.007843885393986883,0.0023476211302894687,-0.008745453294456418,-0.0357477203028842,-0.3831978200509245,0.07165756821632385,0.20623804628849032,0.11406387388706204,0.06393243868832396,0.416119398503781,25.855824715186337,-0.01107240089016362,-0.0014672563701894313,0.031229027831078202,0.0008233349999500206,1
3.9923946857452393,-0.008110864087939262,-0.03596138954162598,0.42036405205726624,-0.00903413104786954,-0.007198836531920844,0.00714752121162422,-0.006496380529376733,-0.030819453908351058,-0.38084205199723353,0.13843844830989838,0.23329012095928195,0.1273887753486633,0.06453230076836396,0.4263165700644458,25.8434021480311,-0.04892831450745685,-0.024922276153672956,0.031078722258471823,0.002501367000149912,1
4.00232720375061,-0.008110864087939262,-0.03596138954162598,0.42036405205726624,-0.00903413104786954,-0.007198836531920844,0.00714752121162422,-0.006496380529376733,-0.030819453908351058,-0.38084205199723353,0.13843844830989838,0.23329012095928195,0.1273887753486633,0.06559038236922213,0.43232089968503634,25.842077029644834,-0.0514177560965242,-0.02907190306933785,0.030996086342714103,0.0008102050014713313,1
4.0124831199646,-0.008524884469807148,-0.03580530360341072,0.4199410378932953,-0.012311422251925127,-0.004554535800161856,0.007236926820664008,-0.00180154229121543,-0.024143093413121708,-0.37757172018190044,0.21621063351631165,0.28342121839523315,0.13234625756740567,0.052059069567678855,0.4340578862863504,25.85187124676281,-0.07712172318193208,-0.05406677598822338,0.030970146021998015,0.0032723889999033418,1
4.022316217422485,-0.008524884469807148,-0.03580530360341072,0.4199410378932953,-0.012311422251925127,-0.004554535800161856,0.007236926820664008,-0.00180154229121543,-0.024143093413121708,-0.37757172018190044,0.21621063351631165,0.28342121839523315,0.13234625756740567,0.053429553081520316,0.4490932067489831,25.843914628043773,-0.10382484660471748,-0.0731018487264092,0.030813980024380985,0.0008154429997375701,1
4.032520532608032,-0.00869365967810154,-0.0357392318546772,0.41981011629104614,-0.007211782541437193,-0.002036488275568739,0.0034133870895975,0.0004136935199179348,-0.021624547275227446,-0.375975385153247,0.23057034611701965,0.2763073444366455,0.15085259079933164,0.04335592945765644,0.453743086227502,25.853156122801117,-0.1173033889077797,-0.07735308369561644,0.030549920727323144,0.0020670699996117037,1
4.042208671569824,-0.008821832947432995,-0.035645220428705215,0.41966503858566284,-0.009138466920132716,-0.0034824282214164356,0.0060262549349812105,0.0028918785367157973,-0.01897087884681925,-0.3746117323995959,0.24927760660648346,0.262362539768219,0.1479057669639587,0.03674667112404485,0.4671545617744527,25.847989451664223,-0.13427492773541588,-0.0778246472624777,0.03044112963803028,0.0008211000003939262,1
4.052217960357666,-0.009011882357299328,-0.03556322678923607,0.4195483326911926,-0.012709748054700773,-0.002914921664995627,0.006727479823445737,0.005350012921712555,-0.016200676136790104,-0.37292018661623505,0.25862759351730347,0.26357218623161316,0.15325573086738584,0.036712526865147144,0.4822466496221029,25.8455975040171,-0.1463984338252023,-0.08590704506775235,0.030244084299411465,0.002592376000393415,1
4.062237501144409,-0.009164156392216682,-0.03543217107653618,0.41941890120506287,-0.007679895306280743,0.0018077915227495444,0.004507932796053655,0.008047573651332574,-0.013818351660443984,-0.37135884370503947,0.2658693790435791,0.2533744275569916,0.15415638685226438,0.027636575775437537,0.4825446618503791,25.851473383786864,-0.15742926558824338,-0.08790899641783215,0.030105384874479554,0.0007960259990795748,1
4.072339296340942,-0.009340229444205761,-0.03534169867634773,0.41930320858955383,-0.015135731701197147,-0.004986961764536976,0.006976941557217893,0.008047573651332574,-0.013818351660443984,-0.37135884370503947,0.2658693790435791,0.2533744275569916,0.15415638685226438,0.03253863658669449,0.5031947430422783,25.845808065045496,-0.15847863183575608,-0.08752144796526086,0.03004711351979811,0.0036194499989505857,1
4.082275152206421,-0.009510106407105923,-0.035230882465839386,0.41919296979904175,-0.007245491635816931,0.0015176613715480397,0.0039871926386271335,0.014622096767932025,-0.008033996221796347,-0.36733397553714164,0.2600925862789154,0.22245083749294284,0.16620923578739163,0.03600076164279246,0.5156324518478029,25.845281377446724,-0.15844159703300076,-0.08752022810453396,0.030028795707119926,0.0012528839997685282,1
4.092508316040039,-0.009666135534644127,-0.035110875964164734,0.4190901815891266,-0.012193459202060712,-0.005955659400667517,0.007238587815838761,0.016995058854332168,-0.005903447961773001,-0.36558963992273386,0.242758110165596,0.201904371380806,0.16910904645919797,0.02244837773491489,0.5374101173612064,25.844680500589806,-0.1698727068482595,-0.08136794946584512,0.029568342082250905,0.003290967999419081,1
4.102316856384277,-0.009666135534644127,-0.035110875964164734,0.4190901815891266,-0.012193459202060712,-0.005955659400667517,0.007238587815838761,0.016995058854332168,-0.005903447961773001,-0.36558963992273386,0.242758110165596,0.201904371380806,0.16910904645919797,0.014969159645603452,0.5501337450210635,25.8448567175577,-0.17333080116591043,-0.08414464403307248,0.029411200225707358,0.0009753880003700033,1
4.112492084503174,-0.010035465471446514,-0.03485928475856781,0.4187813997268677,-0.0033296717386128304,-0.007923705185208968,0.003850592729344043,0.02252309364874261,-0.0017591731355315332,-0.36103113782169727,0.20643389225006104,0.15608134865760806,0.18600952625274655,-0.00027335395001472883,0.5493645110651566,25.842516748137918,-0.17258591351622307,-0.08424954706166268,0.029214695687833893,0.0027072010016127024,1
4.122314929962158,-0.010035465471446514,-0.03485928475856781,0.4187813997268677,-0.0033296717386128304,-0.007923705185208968,0.003850592729344043,0.02252309364874261,-0.0017591731355315332,-0.36103113782169727,0.20643389225006104,0.15608134865760806,0.18600952625274655,-0.020664132545028906,0.5621033004166675,25.854376174061002,-0.17146604030189821,-0.07360446862246767,0.028895313078425217,0.0008024519993341528,1
4.132470369338989,-0.010151653550565243,-0.0347626656293869,0.41869428753852844,-0.011612172991796463,0.0007852192842694396,0.010524227285938123,0.024482294752875777,-0.000472819702112659,-0.3591810126018542,0.19222219288349152,0.1442421227693558,0.18963946402072904,-0.008690658936095922,0.5584396885730167,25.83890335252479,-0.16963938894434408,-0.06999530480512316,0.02863133562841009,0.0022375619992089923,1
4.142298936843872,-0.010304267518222332,-0.034653440117836,0.4186321496963501,-0.006523396515168579,-0.008575141257634448,0.0017014291233619578,0.026200362449720238,0.0007107264038319627,-0.3569497567076141,0.17012180387973785,0.08601076900959018,0.20710456371307373,-0.016249212625167122,0.5757756395528362,25.859848910096602,-0.1644922541575436,-0.04488627922068428,0.028264456326507904,0.0008267580014944542,1
4.152289390563965,-0.010395891964435577,-0.03464927524328232,0.4184955358505249,-0.006447220006502723,-0.015814143726581426,0.00388613593316188,0.027625568685062607,0.0009762496130130138,-0.35516749619431165,0.15089812874794006,0.10210762172937396,0.2064705640077591,-0.027945690070381175,0.6024980305822506,25.857463485328346,-0.15963829568573437,-0.05335623083234268,0.028050207355787334,0.0008294119998026872,1
4.162205934524536,-0.010515120811760426,-0.03461502864956856,0.41842904686927795,-0.005408457374891592,-0.008286227565958018,0.0038026110363801706,0.028974916908866,0.002183824468625861,-0.35302512253004226,0.1155797615647316,0.036717496812343625,0.20213362574577332,-0.027258225276283295,0.6013640277132625,25.857633687349193,-0.14539377797442393,-0.024041029470791873,0.02783934566905598,0.000837445000797743,1
4.172337055206299,-0.010570723563432693,-0.0345805361866951,0.41829583048820496,-0.0010680472667282418,-0.01504089310290998,0.0003217248869723287,0.030017634637227175,0.0019308070332457739,-0.35098554389127345,0.10647644102573395,0.016873279586434392,0.21672244369983673,-0.0269263297333744,0.600712144382389,25.857660518185526,-0.14520490796725175,-0.023510917477234196,0.027767971485643788,0.001003956000204198,1
4.182222127914429,-0.010658331215381622,-0.03459031879901886,0.41820263862609863,-0.005821810802872926,-0.01117501611352926,0.0025850681347595406,0.03121731974582964,0.0022117035660595974,-0.3476221496713605,0.07173288613557816,-0.018222771584987613,0.2193571925163269,-0.02205422451049888,0.6081193537912652,25.86150814761528,-0.13040592629843828,0.004001848467304465,0.027225155055022446,0.000840516999232932,1
4.192315340042114,-0.010710598900914192,-0.0345851331949234,0.41806742548942566,0.0023504367248411277,-0.014932052242699891,-0.00566081235199497,0.031592877878246384,0.0014852737192176946,-0.3456408947716145,0.045517414808273315,-0.04290712252259252,0.2165078967809677,-0.03591895507825343,0.6156303498865829,25.883787335008982,-0.11790737150644316,0.01707953448521316,0.02694509702278875,0.0008327650011779042,1
4.202306032180786,-0.010710598900914192,-0.0345851331949234,0.41806742548942566,0.0023504367248411277,-0.014932052242699891,-0.00566081235199497,0.031592877878246384,0.0014852737192176946,-0.3456408947716145,0.045517414808273315,-0.04290712252259252,0.2165078967809677,-0.044298959673704216,0.6202051749067637,25.887476763023123,-0.11822412991652588,0.018370253306704165,0.026868337715805594,0.0008373050004593097,1
4.212521553039551,-0.010862248949706554,-0.03478896617889404,0.4176310896873474,-3.492199836442289e-05,-0.023314239353915703,-0.00672150221868115,0.03188857267741474,0.00022706927944859956,-0.34121987529614595,-0.004372745286673307,-0.07934896647930142,0.22755928337574005,-0.04149306252356761,0.6365728574355219,25.87879664060776,-0.10681882577593765,0.02765997089774943,0.02667604923873981,0.0032916660002229037,1
4.222331523895264,-0.010862248949706554,-0.03478896617889404,0.4176310896873474,-3.492199836442289e-05,-0.023314239353915703,-0.00672150221868115,0.03188857267741474,0.00022706927944859956,-0.34121987529614595,-0.004372745286673307,-0.07934896647930142,0.22755928337574005,-0.042231047140795286,0.6509929243857808,25.890836447342927,-0.09505382806071802,0.0404325723558269,0.026384977756197938,0.0008185160004359204,1
4.232471704483032,-0.010910307057201862,-0.03503487631678581,0.41729113459587097,-0.002765389332385054,-0.023879401405169396,-0.007376788178209604,0.031189213696138474,-0.0019088718248529979,-0.3368142512064902,-0.05487585440278053,-0.12375677376985547,0.2257480472326279,-0.03760483529513386,0.6623471435214571,25.89997570576975,-0.06812574251409305,0.06881037417788083,0.025976601858741878,0.003284751999672153,1
4.242352724075317,-0.010910307057201862,-0.03503487631678581,0.41729113459587097,-0.002765389332385054,-0.023879401405169396,-0.007376788178209604,0.031189213696138474,-0.0019088718248529979,-0.3368142512064902,-0.05487585440278053,-0.12375677376985547,0.2257480472326279,-0.025714696017342706,0.6658216259602495,25.89693127489434,-0.06756686209030852,0.06970861389210693,0.025856094416452133,0.0008003570001164917,1
4.252545118331909,-0.010896261781454086,-0.03519882634282112,0.4170793890953064,0.006112373621068939,-0.03252670909724623,-0.0172259734558082,0.03009936164823923,-0.004058181214452006,-0.33323830633306617,-0.07955559343099594,-0.14228270947933194,0.2239208817481995,-0.03745988946606177,0.6794678228263995,25.92316257362796,-0.052643632718879084,0.08402291870719701,0.02559927388081657,0.002404142998784664,1
4.2622785568237305,-0.010902795940637589,-0.035375770181417465,0.4168942868709564,-0.003687512077601669,-0.025765319983781215,-0.006519601298274399,0.02916175144262212,-0.005256494994132499,-0.3311978719648345,-0.09041891992092133,-0.12487551569938657,0.2352387756109238,-0.0174838788540982,0.6752970659294436,25.89966099191901,-0.04391198859054858,0.08013191213898799,0.025325109449123456,0.0008255709999502869,1
4.272587776184082,-0.010884842835366726,-0.03576808050274849,0.4164748787879944,-0.0028316933347400618,-0.0325407088951218,-0.010487379470790023,0.026599932898124568,-0.00883914816077791,-0.3266352921761233,-0.13900548219680786,-0.18833728134632108,0.22524075210094455,-0.017627028616810692,0.6762945816353813,25.927919622315798,-0.02202872303308613,0.11369705437787009,0.024929280356957607,0.003588788000342902,1
4.282214641571045,-0.010884842835366726,-0.03576808050274849,0.4164748787879944,-0.0028316933347400618,-0.0325407088951218,-0.010487379470790023,0.026599932898124568,-0.00883914816077791,-0.3266352921761233,-0.13900548219680786,-0.18833728134632108,0.22524075210094455,0.0008766553792842781,0.6811516084092388,25.91251386442496,-0.012584552373853874,0.12216994313992073,0.02482379692190833,0.0008082490003289422,1
4.292572498321533,-0.010904324240982533,-0.035983942449092865,0.41630199551582336,0.0033938012575756528,-0.03136326729290248,-0.01579134365961928,0.025283231358399494,-0.010271690495054386,-0.3242108763340985,-0.13939565420150757,-0.15492881834506986,0.22693666815757754,0.0007386181168327627,0.6758596902615538,25.924477450933345,-0.009835833214312228,0.10720940885641528,0.02468730200495637,0.002056383000308415,1
4.30230975151062,-0.010850858874619007,-0.03623337298631668,0.4160598814487457,0.0030060593174673013,-0.034914433896558565,-0.014497799839758763,0.022832420979975065,-0.01331388949236656,-0.3212122683331633,-0.16350200772285461,-0.18637110292911527,0.23892882466316226,0.008480578914369775,0.6741524353487646,25.92381969154534,0.007387545866286477,0.1290224400075456,0.024278194390010537,0.0009430500012967968,1
4.312479257583618,-0.010837560519576073,-0.03646733611822128,0.4159000515937805,0.0032706099767533118,-0.02995688468026684,-0.01250840816810514,0.021258014667507208,-0.015066091772796941,-0.31874962249036853,-0.16568371653556824,-0.20501381158828733,0.22540561854839328,0.020967477547798548,0.6594588527961616,25.91955921048784,0.014972929116900714,0.14548096639943642,0.024096237897481575,0.00209361099950911,1
4.322312831878662,-0.010837560519576073,-0.03646733611822128,0.4159000515937805,0.0032706099767533118,-0.02995688468026684,-0.01250840816810514,0.021258014667507208,-0.015066091772796941,-0.31874962249036853,-0.16568371653556824,-0.20501381158828733,0.22540561854839328,0.02806360650211113,0.6513399517083034,25.91937364044208,0.01723456336411153,0.14813444225485833,0.02407353602768277,0.0008176779992936645,1
4.3324971199035645,-0.010770372115075588,-0.037248969078063965,0.4154052138328552,0.004315710587576135,-0.03517998377488032,-0.016080355317890375,0.017040854545311124,-0.020142367374077708,-0.3132448453199861,-0.16231882572174072,-0.20583996176719663,0.21454063057899478,0.0503058557442473,0.659512892439756,25.906187537227044,0.020256484812339298,0.15706546938492236,0.024019674092220816,0.002544183000281919,1
4.342355012893677,-0.010770372115075588,-0.037248969078063965,0.4154052138328552,0.004315710587576135,-0.03517998377488032,-0.016080355317890375,0.017040854545311124,-0.020142367374077708,-0.3132448453199861,-0.16231882572174072,-0.20583996176719663,0.21454063057899478,0.05133509073685135,0.6574676295119414,25.92901017825733,0.02759738921925243,0.16275383093321835,0.02379698247147834,0.0008105540000542533,1
4.352335691452026,-0.010746849700808525,-0.037546250969171524,0.41526269912719727,-0.0026297263401043715,-0.03315557484230957,-0.0047993502926667935,0.015342813753407292,-0.02190304778406782,-0.3114276817585395,-0.15589997172355652,-0.16011826694011685,0.21439594030380252,0.06594438258220016,0.6532509500695828,25.90325741587044,0.029507682348681175,0.14558635029608957,0.023677443984734533,0.0024135719995683758,1
4.362508535385132,-0.010725112631917,-0.03778750076889992,0.41515496373176575,0.005425855935915,-0.02994347553392849,-0.011406990759035517,0.013828784394807059,-0.023455124250626458,-0.3091718969489614,-0.1568579077720642,-0.18355897068977353,0.21531219780445102,0.0663327861629227,0.6367999491792253,25.91757853988142,0.03499546252658533,0.16075400517243316,0.023455065256965,0.0008031500001379754,1
4.372330665588379,-0.010674851015210152,-0.038081731647253036,0.41503360867500305,-0.0014759734600281586,-0.035182438381958836,-0.004025455184510752,0.011445488572967122,-0.02599963861818866,-0.30601498719107845,-0.14913104474544525,-0.16569094359874723,0.20835946500301364,0.08007394229086054,0.6392633094668326,25.900846326160956,0.037476036486541936,0.15965841008596207,0.023278340149865705,0.002507444000002579,1
4.382528781890869,-0.010691599920392036,-0.038337189704179764,0.4149736166000366,-0.0016307325503460528,-0.02775479679983148,-0.0077528715816896345,0.010738970255597113,-0.026678528332116702,-0.3048239933552268,-0.13734450936317444,-0.14054302871227262,0.2055526822805405,0.09418040296924494,0.6255819773584712,25.908382710126382,0.03448946742545791,0.14921635616355133,0.023208184098188155,0.0008289229990623426,1
4.392357587814331,-0.010671533644199371,-0.03860871121287346,0.41486382484436035,-0.0014882138451563413,-0.03388885018298419,-0.007714755397133911,0.008493289009940508,-0.02924023324056302,-0.3018455370876061,-0.14274871349334717,-0.15322935581207273,0.20625767111778262,0.10541340993551827,0.6258379316317735,25.90980358077282,0.03996597586516655,0.15887809043953016,0.022951377218344077,0.0025864390008791815,1
4.4022533893585205,-0.010691220872104168,-0.038883909583091736,0.4147990942001343,-0.004587472683287124,-0.028219951229671632,-0.004662178468217139,0.00724299664153083,-0.030450858880646248,-0.29972366321111865,-0.1190715953707695,-0.12361676990985868,0.2057098299264908,0.11165736221822756,0.6268874201112195,25.91030232773598,0.04318749058474089,0.16252187663993975,0.022907265846270945,0.0012644779999391176,1
4.41249680519104,-0.010692639276385307,-0.03941009193658829,0.41463702917099,-0.0033742703768045424,-0.02842791166913163,-0.006285499347172858,0.006025880142243256,-0.031861199113131455,-0.29771876820448195,-0.10825620591640472,-0.11219243705272672,0.20248635113239288,0.12543811645686145,0.6175534376905808,25.90254598115429,0.03562951771440539,0.15159631985017677,0.0228114197315971,0.0028971800002182135,1
4.422312259674072,-0.010692639276385307,-0.03941009193658829,0.41463702917099,-0.0033742703768045424,-0.02842791166913163,-0.006285499347172858,0.006025880142243256,-0.031861199113131455,-0.29771876820448195,-0.10825620591640472,-0.11219243705272672,0.20248635113239288,0.13333326433205023,0.6122000481226765,25.906360176744016,0.03373487485926569,0.1495287671714396,0.02270144808384792,0.0007993780000106199,1
4.4324846267700195,-0.01077840942889452,-0.039862010627985,0.41453927755355835,-0.001555645673992603,-0.02271901819736891,-0.009048596952399141,0.003596495127850652,-0.03396641869648542,-0.29263946350345993,-0.08785367012023926,-0.08712986856698987,0.1987103819847107,0.1554047172484747,0.6023942400644298,25.897210523236403,0.034816886300125784,0.14152073828866696,0.0224922793197617,0.002773833999526687,1
4.442312002182007,-0.01077840942889452,-0.039862010627985,0.41453927755355835,-0.001555645673992603,-0.02271901819736891,-0.009048596952399141,0.003596495127850652,-0.03396641869648542,-0.29263946350345993,-0.08785367012023926,-0.08712986856698987,0.1987103819847107,0.15544592416285058,0.5880643569336707,25.913345777410353,0.0313205990085525,0.1427053213421283,0.022363057243781563,0.0008051060012803646,1
4.45248818397522,-0.01086520403623581,-0.04032665863633156,0.41447070240974426,-0.010309674663879135,-0.01978810071851344,-0.0025237620049493757,0.002233652459211477,-0.034559432605775875,-0.2885773589841376,-0.05661676451563835,-0.036687545478343936,0.21423545479774475,0.16588284518657803,0.5917068188291107,25.892853536567188,0.027037927523284957,0.14079194951307217,0.022287466156221562,0.003024928000741056,1
4.462321996688843,-0.01086520403623581,-0.04032665863633156,0.41447070240974426,-0.010309674663879135,-0.01978810071851344,-0.0025237620049493757,0.002233652459211477,-0.034559432605775875,-0.2885773589841376,-0.05661676451563835,-0.036687545478343936,0.21423545479774475,0.1785627859730384,0.5824942687670026,25.895509264142397,0.019771854357495185,0.11990763889744403,0.0219950197189399,0.0008055250000325032,1
4.472311496734619,-0.010906390845775604,-0.04054880887269974,0.4144059419631958,-0.007486993236025215,-0.022636007152899186,-0.004863013083989205,0.0016132564771362823,-0.035351954016603404,-0.28662739489036326,-0.0383635051548481,-0.014560347422957398,0.19118747115135193,0.17906018550850902,0.5826004985021693,25.902340887652088,0.012216470371985859,0.11037809666481858,0.02199980592484367,0.0008261299990408588,1
4.482512950897217,-0.010992201045155525,-0.04074762389063835,0.41438406705856323,-0.01206136645121071,-0.019207631680243264,-0.00202119425502399,0.0012175472401110277,-0.03468749506752955,-0.28374717325403465,-0.01926261931657791,0.02973233908414843,0.19263955950737,0.18642662031624135,0.5796678644429893,25.895716923213687,0.004011598275823551,0.08664860039584923,0.021841028916633896,0.0025713520008139312,1
4.493207931518555,-0.011066706851124763,-0.040938105434179306,0.41434216499328613,-0.00570245306505481,-0.018896380282760153,-0.006321887500416919,0.0011063697093356417,-0.034711606226336844,-0.28273831235186364,-0.009716218337416649,0.04560014232993129,0.20075973868370056,0.1776620681788054,0.5745730643586331,25.906293903701197,-0.0002039572034717909,0.0778351338648614,0.02169378378982342,0.0013319490008143475,1
4.502306938171387,-0.011066706851124763,-0.040938105434179306,0.41434216499328613,-0.00570245306505481,-0.018896380282760153,-0.006321887500416919,0.0011063697093356417,-0.034711606226336844,-0.28273831235186364,-0.009716218337416649,0.04560014232993129,0.20075973868370056,0.17236231857159737,0.5714909075644574,25.907874122100246,-0.00027704729542575996,0.07769936601537879,0.021650878026100148,0.0009830709986999864,1
4.5123372077941895,-0.01122832391411066,-0.041285958141088486,0.4142698049545288,-0.015314524129833005,-0.017857532871117243,-0.0002813706606048428,0.0012349896837506869,-0.032578901943236094,-0.2778137616224168,0.020359952002763748,0.09724162518978122,0.1917160153388977,0.17054935175327063,0.5690162825894239,25.903883290269608,-0.007871486055972815,0.059139446260704914,0.021520987343766642,0.0031119539999053814,1
4.522329330444336,-0.011367871426045895,-0.04140566661953926,0.4142740070819855,-0.01115983465412525,-0.009011729274936335,-0.0018693826070992365,0.0014797343576384847,-0.03165185893970435,-0.27581446123159115,0.034516382962465286,0.12458148598670962,0.20589195191860196,0.18073871706201056,0.5761475179976185,25.89145434047596,-0.01591567372498439,0.04633940455737645,0.02140683658634856,0.000987052999334992,1
4.532481908798218,-0.01144698541611433,-0.041534192860126495,0.4142373502254486,-0.008558340300013139,-0.01521686563108118,-0.001974052278476458,0.001829681947112416,-0.03045179847114099,-0.27407663026658646,0.04809650406241417,0.11631475389003756,0.18653950095176694,0.16948959942443437,0.5747877368802056,25.894018974133918,-0.030596650971896747,0.03162494875185333,0.021234802023229773,0.0025228800004697405,1
4.5423500537872314,-0.01144698541611433,-0.041534192860126495,0.4142373502254486,-0.008558340300013139,-0.01521686563108118,-0.001974052278476458,0.001829681947112416,-0.03045179847114099,-0.27407663026658646,0.04809650406241417,0.11631475389003756,0.18653950095176694,0.16298670380718178,0.5742315541289871,25.894521038463505,-0.031323914409072375,0.02973199661987977,0.021178560303491342,0.000816629999462748,1
4.552515268325806,-0.01177086029201746,-0.04183793440461159,0.41426655650138855,-0.015831714553402994,-0.008055607635522677,0.004992848247076622,0.003278047702688358,-0.026479122749073714,-0.26932624857310694,0.06644301861524582,0.15475577116012576,0.2016089558601379,0.14848956268143473,0.5702843129088405,25.900271889701614,-0.039457817000098906,-0.0001048833527657056,0.02103777559469164,0.002687505999347195,1
4.562341213226318,-0.01177086029201746,-0.04183793440461159,0.41426655650138855,-0.015831714553402994,-0.008055607635522677,0.004992848247076622,0.003278047702688358,-0.026479122749073714,-0.26932624857310694,0.06644301861524582,0.15475577116012576,0.2016089558601379,0.1599331157966952,0.5657703832375939,25.87663295519293,-0.044336472735754334,-0.000469614665817093,0.02073610855078831,0.0008007760006876197,1
4.572542667388916,-0.011901553720235825,-0.04191439598798752,0.41429051756858826,-0.007400715334113809,-0.00963645606879548,-0.0015313078260368923,0.003278047702688358,-0.026479122749073714,-0.26932624857310694,0.06644301861524582,0.15475577116012576,0.2016089558601379,0.14932401962945305,0.562079727484016,25.89035635045876,-0.04430289935590001,-0.0012557338954380676,0.020661509221204764,0.0021870640011911746,1
4.582331418991089,-0.011984916403889656,-0.04199578985571861,0.4142838716506958,-0.010259835981327167,-0.007634502369038591,0.0016731119248206536,0.004854259566140495,-0.023142465273716883,-0.2655116600756129,0.09185319393873215,0.19459845125675204,0.1915679574012756,0.14070697263005646,0.5625972211097716,25.883723237329388,-0.061466064237823345,-0.030319196233689498,0.020516125536757593,0.0008017529999051476,1
4.592381238937378,-0.012106272391974926,-0.04206497222185135,0.41431328654289246,-0.01071262823705512,-0.006924704681651386,0.0003977943007466081,0.006198202173195,-0.020242665996794695,-0.2625879343916404,0.09360989928245544,0.1896995306015015,0.1913959980010986,0.13293452779383036,0.5647874545682714,25.885898040208524,-0.06651709761031283,-0.03654473031109872,0.02029589542401426,0.002474267001161934,1
4.602336883544922,-0.01220744103193283,-0.042107872664928436,0.4143187999725342,-0.0071549522641245105,-0.0018995000664756897,-3.0523294100335616e-05,0.007170876074133581,-0.01852585061318246,-0.2608840946459905,0.10451667010784149,0.17550089955329898,0.1831305772066116,0.12183023859452381,0.5559416321208263,25.887316105423054,-0.07436029161128004,-0.0346234241601232,0.02020926880081173,0.0008098550006252481,1
4.612497329711914,-0.012290503829717636,-0.04215499386191368,0.4143202304840088,-0.005351167496224496,-0.009772186866004423,0.0016313735161363006,0.008288841394787472,-0.016593699740261147,-0.2589968581956197,0.11313092708587646,0.18342310190200808,0.18225581943988797,0.1023572525088678,0.5700487474931936,25.88307203433579,-0.0827652698661088,-0.044366075934202956,0.0200832106229743,0.002534962999561685,1
4.622520446777344,-0.012364188209176064,-0.04221620038151741,0.4143237769603729,-0.004866349162972644,-0.004482040015739172,0.00018815917506044062,0.009368472898963809,-0.014968644074374371,-0.2571632100467265,0.11316092312335968,0.18185685575008395,0.18118989467620847,0.09035615126605442,0.5691020296193892,25.886176438186105,-0.08555230481624243,-0.04822143478980815,0.019938119960707837,0.0008279459998448147,1
4.632563352584839,-0.012516602873802185,-0.0422917976975441,0.4143269956111908,-0.002348179149109347,-0.006597700448611235,-0.0023036429289400116,0.010353683903287614,-0.01321989584860983,-0.25537435416816523,0.10601174831390381,0.1626507937908173,0.18174770474433896,0.0831083343430118,0.5685328291252132,25.88663761193518,-0.08559650115207203,-0.04826079527545919,0.019896838806098365,0.0030884160005371086,1
4.642327785491943,-0.012516602873802185,-0.0422917976975441,0.4143269956111908,-0.002348179149109347,-0.006597700448611235,-0.0023036429289400116,0.010353683903287614,-0.01321989584860983,-0.25537435416816523,0.10601174831390381,0.1626507937908173,0.18174770474433896,0.07120214169061227,0.5735150669058315,25.893226577877588,-0.08513075371278171,-0.04387691126397582,0.019766649565539245,0.0008207509999920148,1
4.652535676956177,-0.01262651477009058,-0.04236327484250069,0.41432303190231323,-0.00221640653243068,-0.00798532174857913,-0.000494417917624398,0.012542087753370179,-0.010322246674021596,-0.25177778551012375,0.10856316238641739,0.14029103517532351,0.17372089624404904,0.062470516193290346,0.5718974140003937,25.88905783492699,-0.09250673025439553,-0.04074613796740965,0.019567566344946517,0.003248641000027419,1
4.662308216094971,-0.01262651477009058,-0.04236327484250069,0.41432303190231323,-0.00221640653243068,-0.00798532174857913,-0.000494417917624398,0.012542087753370179,-0.010322246674021596,-0.25177778551012375,0.10856316238641739,0.14029103517532351,0.17372089624404904,0.0545272099459251,0.5832963416078683,25.88869699634737,-0.09313995560127598,-0.04079270306361031,0.019506035173040566,0.000794490000771475,1
4.6725075244903564,-0.012709048576653004,-0.042401332408189774,0.4143276810646057,0.001983625283370349,-0.0074917972514466314,0.0012417561220668372,0.015107960322328307,-0.007498773815867388,-0.24734051788453604,0.11907614767551422,0.09935738891363147,0.17874273657798767,0.04979840176844963,0.5776588146219094,25.885394154304798,-0.09338146087172398,-0.03579223349971707,0.019284478275852054,0.002223243998741964,1
4.682325124740601,-0.012709048576653004,-0.042401332408189774,0.4143276810646057,0.001983625283370349,-0.0074917972514466314,0.0012417561220668372,0.015107960322328307,-0.007498773815867388,-0.24734051788453604,0.11907614767551422,0.09935738891363147,0.17874273657798767,0.03663298871827373,0.5892218142585083,25.883443375331318,-0.10579894696960253,-0.028583268730644727,0.019115768176680252,0.0008317869996972149,1
4.692593097686768,-0.012709503062069416,-0.04243198782205582,0.41432809829711914,0.003373456969600172,-0.0045328555548336215,0.0002399947343351252,0.016290166862642064,-0.00667728991835892,-0.24554757036416586,0.11213003098964691,0.09349512308835986,0.17487624287605286,0.026444356700213542,0.5908672969271069,25.885755335768778,-0.10570263034341415,-0.027868980230551815,0.018969504762084644,0.0023849350000091363,1
4.702230453491211,-0.012741201557219028,-0.04242677241563797,0.41435182094573975,0.0005078510183032615,-0.004782201268919846,0.004397833699963651,0.017851399671362067,-0.005340255058112753,-0.2429264068806214,0.10408573597669601,0.08724434673786166,0.17639663815498352,0.024841150474534692,0.5956828431663701,25.874973519038257,-0.10639695874345147,-0.02821117132810547,0.018744905216408432,0.0008451269986835541,1
4.712245225906372,-0.012740399688482285,-0.04245217144489288,0.41437289118766785,0.007423946466437422,-0.006569015942934075,0.0009815251605514669,0.018940226608682664,-0.004960708528433777,-0.24117972418975597,0.10630455613136292,0.05590423569083216,0.16997484862804413,0.009758149360984873,0.6018408608349571,25.882243434922362,-0.11071525750312394,-0.014289680230696537,0.01862134421656192,0.002023136999923736,1
4.722389221191406,-0.012740399688482285,-0.04245217144489288,0.41437289118766785,0.007423946466437422,-0.006569015942934075,0.0009815251605514669,0.018940226608682664,-0.004960708528433777,-0.24117972418975597,0.10630455613136292,0.05590423569083216,0.16997484862804413,0.0006049013489562109,0.6055557388710651,25.883314892585823,-0.11078653224445763,-0.014012797799028547,0.01857608921287279,0.0009663790006015915,1
4.7325356006622314,-0.012615988031029701,-0.042527876794338226,0.414444237947464,0.0056833803084759904,-0.008588575688539483,0.005134161570964119,0.02113715561278795,-0.0042623161795267706,-0.23688821251046877,0.08553264290094376,0.007629723753780147,0.1687837392091751,-0.018834242004405546,0.6093064885383377,25.88523903265267,-0.11033728826641394,-0.017344466738198887,0.018415359846416277,0.0032109259991557337,1
4.742671012878418,-0.012573660351336002,-0.042544227093458176,0.4144984483718872,0.012281076184154806,-0.004881821325820511,0.003659578278168791,0.02226402764128954,-0.004234569071005279,-0.23427392354322807,0.07254831492900848,-0.002823048969730714,0.17080938816070557,-0.01116792482449595,0.6174762440941126,25.87244363464531,-0.10718550829842512,0.008301804627086438,0.018222721561169837,0.0010763849986688,1
4.752331972122192,-0.012573660351336002,-0.042544227093458176,0.4144984483718872,0.012281076184154806,-0.004881821325820511,0.003659578278168791,0.02226402764128954,-0.004234569071005279,-0.23427392354322807,0.07254831492900848,-0.002823048969730714,0.17080938816070557,-0.018168502852822115,0.6121047053206013,25.874275352426643,-0.10350581724205327,0.013414473097708159,0.017978998622833517,0.0008347210005013039,1
4.7622857093811035,-0.0124581940472126,-0.04257332533597946,0.4145124852657318,0.01627060610069758,-0.010507254556082516,-0.0017882038227951724,0.02226402764128954,-0.004234569071005279,-0.23427392354322807,0.07254831492900848,-0.002823048969730714,0.17080938816070557,-0.034602825855548594,0.6205448045879757,25.88877137403713,-0.1038931800011082,0.013042849635855652,0.017917088696251627,0.0008352090007974766,1
4.7725255489349365,-0.012283513322472572,-0.042653024196624756,0.41460108757019043,0.018984347058100554,-0.010442072328648085,-0.0018574601543032533,0.023543536678428012,-0.005122485951954747,-0.23016174532264788,0.042143940925598145,-0.040163323283195475,0.1659822314977646,-0.02401064744428611,0.6182288429047215,25.865852381550955,-0.09855774704675722,0.02168257380246366,0.017810295419078668,0.003461251000771881,1
4.7824249267578125,-0.012283513322472572,-0.042653024196624756,0.41460108757019043,0.018984347058100554,-0.010442072328648085,-0.0018574601543032533,0.023543536678428012,-0.005122485951954747,-0.23016174532264788,0.042143940925598145,-0.040163323283195475,0.1659822314977646,-0.03929792272941947,0.6230374268869203,25.887393844014692,-0.09244701018238968,0.03419244552160863,0.017611745368846077,0.000821658999484498,1
4.792584419250488,-0.012182362377643585,-0.04272941127419472,0.4146355092525482,0.0092884702153565,-0.011811635486701059,0.007625740483623686,0.02381254219649298,-0.005606458583691243,-0.22873413332675074,0.03142230585217476,-0.060375601053237894,0.16527855396270752,-0.025685081092806136,0.6317112131173487,25.865442632513577,-0.08819654614219855,0.04676502031079329,0.01743351066612422,0.002401209001618554,1
4.802330255508423,-0.012080701999366283,-0.04276794567704201,0.4146749675273895,0.020434945989354174,-0.008633542508751766,-0.0018534510108293995,0.02410526627828391,-0.006208511014410778,-0.22697285743862805,0.016551166772842407,-0.06600442528724669,0.15025152266025543,-0.03873662921740126,0.6258022039373086,25.887118521019314,-0.0810624925244747,0.05054127205197083,0.01739273426227176,0.0008285050007543759,1
4.812525033950806,-0.011925183236598969,-0.04284375160932541,0.4146736264228821,0.014823902653324643,-0.01633613165436297,0.003636016994028982,0.024087266420188325,-0.007356830940520531,-0.22488121864512056,-0.004129174631088972,-0.0762905105948448,0.1460878551006317,-0.035581326232345944,0.6395610927354509,25.87579362053094,-0.07151963003637732,0.059389454443431876,0.017254434427956118,0.0025034629998117452,1
4.822340488433838,-0.01182046439498663,-0.04291391372680664,0.4147219657897949,0.019092838866024378,-0.008747932144145019,0.0005799331046393555,0.024064873770902828,-0.008329377402794158,-0.2231223562994713,-0.004676365293562412,-0.07560855150222777,0.1638900637626648,-0.03734932339322265,0.6296237531020035,25.88215557897893,-0.07016701402548345,0.06182403903755679,0.016973838198030045,0.0008337420003954321,1
4.832521438598633,-0.011500289663672447,-0.04305540397763252,0.41474077105522156,0.01596427496191967,-0.008938133154750501,0.004751913708045094,0.023863026197031623,-0.009368470216795988,-0.22184381300109868,-0.015756364911794662,-0.09722401201725005,0.15952694416046143,-0.03843511809141201,0.6236133363413847,25.883109433916673,-0.07017555731042441,0.06187178324038769,0.01689719354648535,0.003077380999457091,1
4.84247612953186,-0.011500289663672447,-0.04305540397763252,0.41474077105522156,0.01596427496191967,-0.008938133154750501,0.004751913708045094,0.023863026197031623,-0.009368470216795988,-0.22184381300109868,-0.015756364911794662,-0.09722401201725005,0.15952694416046143,-0.02993582627023323,0.6200249525989266,25.872256639871946,-0.06422255475920824,0.07586365299600133,0.016795392778037065,0.00083346399878792,1
4.852413177490234,-0.011157919652760029,-0.04325535148382187,0.4147786796092987,0.01708831770504829,-0.018250214344873724,0.005671575639350436,0.02308284250253756,-0.0121500770332581,-0.21803301829261823,-0.03530276566743851,-0.12012383341789244,0.14988759160041812,-0.02505377866246125,0.6352645140700315,25.868214392833575,-0.0536386541326347,0.09359797451459188,0.016561244710636875,0.0026322569992771605,1
4.862360954284668,-0.011157919652760029,-0.04325535148382187,0.4147786796092987,0.01708831770504829,-0.018250214344873724,0.005671575639350436,0.02308284250253756,-0.0121500770332581,-0.21803301829261823,-0.03530276566743851,-0.12012383341789244,0.14988759160041812,-0.022741127063534056,0.6447712665162607,25.867527912343803,-0.05284559903577103,0.0954252172653663,0.016504679899687173,0.0008038489995669806,1
4.8725080490112305,-0.010791654698550701,-0.043446142226457596,0.4148348867893219,0.019047547127570535,-0.018596850339078402,0.00421988405275103,0.022287986536121185,-0.015024243158053174,-0.21520286006306177,-0.03559929504990578,-0.13172823190689084,0.1558831185102463,-0.0368182972485682,0.6351914425710756,25.8865798696899,-0.05232581795162456,0.09592942932610857,0.016370033930158776,0.002707411000301363,1
4.882235765457153,-0.010791654698550701,-0.043446142226457596,0.4148348867893219,0.019047547127570535,-0.018596850339078402,0.00421988405275103,0.022287986536121185,-0.015024243158053174,-0.21520286006306177,-0.03559929504990578,-0.13172823190689084,0.1558831185102463,-0.02872012993453165,0.6438650209657011,25.874085700575876,-0.05031452575083389,0.10930888393888402,0.016210892640979236,0.0008366760011995211,1
4.892565727233887,-0.0104387691244483,-0.04364406690001488,0.41491207480430603,0.023214208225942997,-0.019471559420127862,0.0030495233366556705,0.021332252018874343,-0.01806133382889108,-0.21228882145917982,-0.050427600741386414,-0.15917569398880002,0.1486928313970566,-0.01957721251213307,0.6297183499191414,25.868911045110703,-0.04485788308364133,0.12132899766191085,0.016106576430561972,0.003065925999180763,1
4.902324676513672,-0.0104387691244483,-0.04364406690001488,0.41491207480430603,0.023214208225942997,-0.019471559420127862,0.0030495233366556705,0.021332252018874343,-0.01806133382889108,-0.21228882145917982,-0.050427600741386414,-0.15917569398880002,0.1486928313970566,-0.02075855656535236,0.6383472700361816,25.874570831073374,-0.040097715299760375,0.13165067979974468,0.01597785986825985,0.0008164909995684866,1
4.912336587905884,-0.010285374708473682,-0.04375718906521797,0.41498786211013794,0.015632951143710147,-0.011405497383825708,0.009144444959487859,0.02088588870704733,-0.019155354397038415,-0.21086670148573639,-0.05016443878412247,-0.16772396862506864,0.14605869352817538,0.0006152240577827588,0.6273763317691087,25.859173317607873,-0.03825784645318191,0.14000572046547904,0.015851318883205578,0.0029758960008621216,1
4.922549486160278,-0.01010935753583908,-0.043858353048563004,0.4150370955467224,0.025458754405029916,-0.01996519288757174,0.00036200530798649795,0.019950343825712924,-0.021999213037655174,-0.20874967140112766,-0.04962901398539543,-0.15371006727218625,0.13104517757892611,-0.006862061766166363,0.6356649922558669,25.880050890923425,-0.036344942524069154,0.14017726474330003,0.015827639242323516,0.0008651730004203273,1
4.932317495346069,-0.009918027557432652,-0.04400688782334328,0.41509997844696045,0.016154970471690743,-0.01379548152569208,0.009544011219881379,0.019509028039185417,-0.023049273470385323,-0.20739153340075278,-0.05134771391749382,-0.14924381673336026,0.14055319130420688,0.011411581764939751,0.6289323277858688,25.85875116924695,-0.033759636318131274,0.14186214946459408,0.015651246127681838,0.001641433000258985,1
4.942560195922852,-0.009918027557432652,-0.04400688782334328,0.41509997844696045,0.016154970471690743,-0.01379548152569208,0.009544011219881379,0.019509028039185417,-0.023049273470385323,-0.20739153340075278,-0.05134771391749382,-0.14924381673336026,0.14055319130420688,0.022468008117654713,0.6248837547457153,25.855569481811525,-0.033732397471490996,0.14184875882764544,0.01560460307941551,0.0008312979989568703,1
4.952520132064819,-0.009339749813079834,-0.04433850198984146,0.41535666584968567,0.02040864497896085,-0.011218808057473054,0.008253867774076154,0.017645409443014515,-0.027654330798598803,-0.20320915207389723,-0.05338124558329582,-0.11398281157016753,0.13903978466987613,0.021252883154312847,0.628069483174489,25.85485580089344,-0.028073528068351984,0.15264673267460485,0.015524632066765971,0.002891661999456119,1
4.962324619293213,-0.009339749813079834,-0.04433850198984146,0.41535666584968567,0.02040864497896085,-0.011218808057473054,0.008253867774076154,0.017645409443014515,-0.027654330798598803,-0.20320915207389723,-0.05338124558329582,-0.11398281157016753,0.13903978466987613,0.024340356206864665,0.614163670021987,25.857886708216725,-0.026788303641423622,0.13717458465374796,0.015354461739034738,0.0008202619992516702,1
4.972306966781616,-0.008968033827841282,-0.04458585008978844,0.41550832986831665,0.015137579781246835,-0.012592276958374192,0.011818843924490985,0.016825537575170912,-0.02916405529672117,-0.20138215251325597,-0.05410867929458618,-0.09894773364067076,0.14542585611343384,0.014738357873602724,0.6223277071227071,25.865704352466494,-0.027435951006672066,0.13645393953767246,0.01530732696504163,0.001048097999955644,1
4.982503890991211,-0.008780496194958687,-0.044712133705616,0.41556257009506226,0.025633516018249973,-0.019477514306628356,0.000983929120807892,0.016187750134040613,-0.030686604487589086,-0.19987645920292962,-0.051386717706918716,-0.10712115466594695,0.14598476886749268,0.03088013955394816,0.614771900183982,25.84958431438543,-0.024226165921957536,0.13410512270441954,0.015129977809581571,0.003112444001089898,1
4.992565631866455,-0.008780496194958687,-0.044712133705616,0.41556257009506226,0.025633516018249973,-0.019477514306628356,0.000983929120807892,0.016187750134040613,-0.030686604487589086,-0.19987645920292962,-0.051386717706918716,-0.10712115466594695,0.14598476886749268,0.02017459680088854,0.622123510047514,25.87581576948619,-0.02406394108219549,0.1414728680438572,0.01498835920298934,0.0016234129998338176,1
5.002386569976807,-0.008451730012893677,-0.04496772959828377,0.41569018363952637,0.021805042138206165,-0.01671730009743166,0.0008582009781429338,0.015167616734523826,-0.03205012950530861,-0.19725792087475114,-0.04279560595750809,-0.04566971212625502,0.13064908981323242,0.03703101184156353,0.6159231154557122,25.85449033737895,-0.02389583358609385,0.13742754795811854,0.014896771623199157,0.0028557619989442173,1
5.0125439167022705,-0.008451730012893677,-0.04496772959828377,0.41569018363952637,0.021805042138206165,-0.01671730009743166,0.0008582009781429338,0.015167616734523826,-0.03205012950530861,-0.19725792087475114,-0.04279560595750809,-0.04566971212625502,0.13064908981323242,0.03027940467933526,0.6179640501024544,25.876348452527868,-0.02513526094130852,0.11507222212375237,0.014939125724150163,0.000816629999462748,1
5.022512435913086,-0.008263375610113144,-0.04509688541293144,0.4157084822654724,0.017660291818163035,-0.013208558831998406,0.005714943172631671,0.014748477993518527,-0.03291913801880275,-0.19619670544868217,-0.037411946803331375,-0.06584011018276213,0.13124606013298035,0.03829073794679047,0.6124776614795564,25.866800541283926,-0.02636628562363033,0.12760743231491384,0.014853206540427858,0.0023850750003475696,1
5.032520771026611,-0.008131276816129684,-0.045215994119644165,0.4157572090625763,0.016002881932910537,-0.01582778272675312,0.0033206614035147073,0.014099607092796784,-0.03332577450408669,-0.19411090814778742,-0.03508102893829346,-0.04185790196061133,0.12910430133342743,0.04505406887314607,0.6155541534182082,25.87145084078523,-0.025927063951448268,0.11710728845250343,0.014742296069960817,0.0008065030015131924,1
5.042531728744507,-0.0079731997102499,-0.04533274471759796,0.41576114296913147,0.019510360120665284,-0.011631401680097369,0.00029623441616329554,0.013835029181871406,-0.03348357548540992,-0.19300864464192813,-0.025469981133937836,-0.003501967526972279,0.1217874214053154,0.040682379597288716,0.6074928697206864,25.8801110535181,-0.029409632377032337,0.09797967588211012,0.014743985626667797,0.0023654489996260963,1
5.05253791809082,-0.007723009679466486,-0.04556670039892197,0.41575509309768677,0.012007961243655602,-0.010343110936508899,0.0008096852461941906,0.013564513835421899,-0.03337554316968694,-0.19164669850485438,-0.019649440422654152,0.010972090065479294,0.13081350922584534,0.03807222318953876,0.6026074960691641,25.88140667342499,-0.02947356375571933,0.09765395535889308,0.01473911557468401,0.0010147119992325315,1
5.062520980834961,-0.007584383245557547,-0.045665983110666275,0.4157141447067261,0.02101010077156374,-0.016297746528302622,-0.0065792621939983545,0.013244673878888502,-0.03305755325403448,-0.18981318590027785,-0.015231476165354252,0.030635487288236632,0.1265672743320465,0.02877852836494617,0.6111444526197285,25.899675327094528,-0.03363022828362607,0.079679634472769,0.014541947212039861,0.002388917000644142,1
5.072521686553955,-0.007450860925018787,-0.045803502202034,0.4156781733036041,0.010255970125931676,-0.011669534212465237,0.0021308804814608754,0.013105813628533358,-0.03246036981077438,-0.18870624892775956,-0.005236450582742691,0.073806069791317,0.12331685423851012,0.022873860508585073,0.6164993140417697,25.902516564671274,-0.03322108298510148,0.07894250557209279,0.0144861305077012,0.001019879999148543,1
5.082529544830322,-0.007366549223661423,-0.04587721452116966,0.41565242409706116,0.016758879482483623,-0.011626113417545325,-0.007009823778411607,0.013015801017794981,-0.03158230107237614,-0.18726668847919692,-0.004590753931552172,0.09158357232809068,0.12679050862789154,0.0375819700733749,0.613855067114411,25.879800421166856,-0.03753670117790471,0.05663010648445306,0.01445729390609859,0.003177329999743961,1
5.092242479324341,-0.007366549223661423,-0.04587721452116966,0.41565242409706116,0.016758879482483623,-0.011626113417545325,-0.007009823778411607,0.013015801017794981,-0.03158230107237614,-0.18726668847919692,-0.004590753931552172,0.09158357232809068,0.12679050862789154,0.03143230495515517,0.6107293238366951,25.900637379308257,-0.03746884819863301,0.044329786982906155,0.014352298725081638,0.0008452669990219874,1
5.102522611618042,-0.00716603035107255,-0.04608677327632904,0.41554099321365356,0.009953828441386028,-0.009701163585368764,-0.0034430562437713016,0.012876922886555064,-0.029578102044402588,-0.18501790691967646,0.00044342363253235817,0.10278310626745225,0.12490881979465483,0.03066602870029413,0.6148734265627902,25.89249668068204,-0.038975159332618525,0.03611734562228403,0.014297211214598728,0.002403653999863309,1
5.11251974105835,-0.00716603035107255,-0.04608677327632904,0.41554099321365356,0.009953828441386028,-0.009701163585368764,-0.0034430562437713016,0.012876922886555064,-0.029578102044402588,-0.18501790691967646,0.00044342363253235817,0.10278310626745225,0.12490881979465483,0.03693051425250567,0.6103615458838051,25.89330550862811,-0.03957600343046245,0.03325353906402394,0.014189363315741036,0.0009091749998333398,1
5.122533798217773,-0.0070470180362463,-0.04618905112147331,0.4154359698295593,0.01807376709007621,-0.014033043214530706,-0.009792137845584527,0.012827083699043396,-0.029056270372219917,-0.18377098263078562,0.003080952912569046,0.11564476788043977,0.12922447919845578,0.019961862112850146,0.615340336251574,25.910604506647843,-0.0409711727428815,0.024520276435626855,0.014074225543506777,0.0024679819998709718,1
5.13313889503479,-0.006961442064493895,-0.04628220573067665,0.4153667092323303,0.007969266778159179,-0.009522601931902104,-0.0011112132363675397,0.012982095913164127,-0.02666381809822216,-0.18208362870894979,0.013899671845138073,0.14316868782043457,0.11014167964458464,0.024815241248263547,0.6128415887938019,25.89025804317989,-0.046684478237256195,0.004701006922391476,0.014102898001717193,0.0009524790002615191,1
5.142385244369507,-0.006884807720780373,-0.046366382390260696,0.41528865694999695,0.016281120534876407,-0.013018445048967486,-0.00945205428343241,0.012982095913164127,-0.02666381809822216,-0.18208362870894979,0.013899671845138073,0.14316868782043457,0.11014167964458464,0.009370173443184068,0.6171679447717509,25.909597301169086,-0.04690892100223752,0.003594217197829254,0.014117354840742013,0.000825989000077243,1
5.152519941329956,-0.0067863259464502335,-0.046454742550849915,0.4151882827281952,0.009002095804427698,-0.008988079799783714,-0.0029136084356383707,0.013249276594267112,-0.024296349853848653,-0.17984470482038084,0.015601991675794125,0.13644638657569888,0.11533536016941069,0.012320710537020016,0.6138865385853187,25.895436911443404,-0.04834596136430788,0.0008706789383556646,0.013934621163091099,0.0024341059997823322,1
5.162515878677368,-0.0067863259464502335,-0.046454742550849915,0.4151882827281952,0.009002095804427698,-0.008988079799783714,-0.0029136084356383707,0.013249276594267112,-0.024296349853848653,-0.17984470482038084,0.015601991675794125,0.13644638657569888,0.11533536016941069,0.014135855846170251,0.6119090262470548,25.893337973321444,-0.04837375098550395,0.000814669810618965,0.0138841964571586,0.0007966550001583528,1
5.17252254486084,-0.006562741938978434,-0.0466972291469574,0.4150051772594452,0.010254512710312889,-0.00972490928981963,-0.0003742934573219847,0.013757568065198456,-0.021358270540435154,-0.1770773686192828,0.024566322565078735,0.12349632382392885,0.10871017724275588,0.004835952579903102,0.6157811579456801,25.895633043956853,-0.05254529867119267,0.012933401312456341,0.013872176660498952,0.0031834059991524555,1
5.182256460189819,-0.006562741938978434,-0.0466972291469574,0.4150051772594452,0.010254512710312889,-0.00972490928981963,-0.0003742934573219847,0.013757568065198456,-0.021358270540435154,-0.1770773686192828,0.024566322565078735,0.12349632382392885,0.10871017724275588,0.0006075266519363076,0.6165649183097022,25.88725115147288,-0.05452837452943172,-0.0010750051579342494,0.013753227585984233,0.0008003559996723197,1
5.192562103271484,-0.006411274895071983,-0.04681396484375,0.41492223739624023,0.008734946115729971,-0.008409951833526557,0.003669888945955989,0.014256073366889943,-0.019243736097112496,-0.17496710215008493,0.02798757702112198,0.11780304461717607,0.10606313496828078,-0.0026468633411626022,0.6157803483280129,25.875484421535987,-0.05725317779030279,-0.0026504358523022527,0.0136150169294099,0.002424606998829404,1
5.202531337738037,-0.006411274895071983,-0.04681396484375,0.41492223739624023,0.008734946115729971,-0.008409951833526557,0.003669888945955989,0.014256073366889943,-0.019243736097112496,-0.17496710215008493,0.02798757702112198,0.11780304461717607,0.10606313496828078,-0.004597945059480419,0.6153517655962671,25.873829066638663,-0.05771374187435823,-0.00441318801387662,0.01357235198583889,0.000809994999144692,1
5.212517738342285,-0.006249920930713415,-0.04694102704524994,0.41487303376197815,0.009930149441578379,-0.008139650546149315,0.006346265326259817,0.014850090536949523,-0.017565216556712393,-0.17290880697553446,0.037015825510025024,0.06773974746465684,0.09858315438032149,-0.021541928950459557,0.619819327994642,25.88634427664832,-0.05954949052634134,0.009077533871161145,0.013517869781427548,0.0023934569999255473,1
5.222488641738892,-0.006249920930713415,-0.04694102704524994,0.41487303376197815,0.009930149441578379,-0.008139650546149315,0.006346265326259817,0.014850090536949523,-0.017565216556712393,-0.17290880697553446,0.037015825510025024,0.06773974746465684,0.09858315438032149,-0.018582452359553647,0.6186722843677215,25.868567832511562,-0.06402149436921323,0.015879682024105793,0.013455122263992878,0.0008157219999702647,1
5.232514381408691,-0.006188276223838329,-0.04699331149458885,0.4148835241794586,0.014645747679453855,-0.009996517755480737,0.003419355263765822,0.015344580866340163,-0.01665831127872197,-0.17130533138191328,0.03335908427834511,0.06195995211601259,0.10483418405055998,-0.02892693166661223,0.621666833832931,25.873595200429516,-0.0638176712687025,0.015857342768622374,0.013289733063248493,0.0024271919992315816,1
5.242486476898193,-0.006098006386309862,-0.047042444348335266,0.4148869514465332,0.012019882574844263,-0.006875254670055101,0.008716464993421148,0.015588715225235639,-0.016376048977752244,-0.17089138133308657,0.04244350641965866,0.04409993812441827,0.10043425112962723,-0.02826737928736811,0.6179772485932647,25.860378450017194,-0.06882110807523044,0.024231754362402616,0.013245812071933899,0.0008053159999690251,1
5.252515554428101,-0.006041699089109898,-0.04708263650536537,0.41493189334869385,0.013145651795387826,-0.009326775411732598,0.006929311432121803,0.016213340402427612,-0.015636589497453723,-0.16926739508890432,0.042354799807071686,0.04777535423636438,0.09180554002523422,-0.03278669447662149,0.6225018256856572,25.86288537386506,-0.07091864720442301,0.020293193341867535,0.013198821080563338,0.0024791569994704332,1
5.262515306472778,-0.005856639705598354,-0.04717924818396568,0.4150020182132721,0.01197693396720014,-0.007864688609584034,0.010313571432848244,0.016638067969136472,-0.015287627388864244,-0.1684213636457268,0.03975750878453255,0.034195233136415495,0.10308027267456055,-0.035507953056065744,0.625231023302935,25.863255946667937,-0.07093920001686367,0.02023446009834862,0.013185515775642023,0.0008681769995746436,1
5.272518634796143,-0.005760512314736843,-0.04723181948065758,0.41503915190696716,0.016916306823607032,-0.008982805333799877,0.007810700677826327,0.017313191091825164,-0.015028001342483499,-0.1668463853689146,0.05133585259318352,0.015737637877464305,0.09776368737220764,-0.03460866644475921,0.6243462304255462,25.854146713594442,-0.07077377750449339,0.026147728895917363,0.013032892862190674,0.0031628720007574884,1
5.2825188636779785,-0.005668151192367077,-0.047268472611904144,0.4150967597961426,0.012030700899500124,-0.006965099713052693,0.011862807915394747,0.017859987172565095,-0.014712380130151193,-0.16599780077545034,0.05525638163089752,0.02152302861213685,0.09419263899326324,-0.04442679160158027,0.6273200926889317,25.859251739263005,-0.07851889498239546,0.03426070636808967,0.012937015152639862,0.0010795979997055838,1
5.292519569396973,-0.005571241956204176,-0.0473172590136528,0.4151434004306793,0.018145182808698156,-0.009442945462749945,0.00666619047089676,0.018306224648535707,-0.014778678282985513,-0.1649198442151696,0.04674392193555832,-0.0031068895477801444,0.09442667663097382,-0.040461007433107966,0.6271175572858143,25.849053914871533,-0.08207893530880875,0.03108747196640437,0.012879916408810041,0.002963742999781971,1
5.302246809005737,-0.005571241956204176,-0.0473172590136528,0.4151434004306793,0.018145182808698156,-0.009442945462749945,0.00666619047089676,0.018306224648535707,-0.014778678282985513,-0.1649198442151696,0.04674392193555832,-0.0031068895477801444,0.09442667663097382,-0.05015388673035291,0.6315653409761222,25.861105977145353,-0.07936065022750423,0.04294246055034476,0.012782328556541815,0.0008102049996523419,1
5.312551259994507,-0.005348216276615858,-0.047402240335941315,0.41525164246559143,0.016891565154436107,-0.009281499339843985,0.00821761600747278,0.01945522547138223,-0.015063803148471777,-0.16265157934610075,0.04701757803559303,-0.01961473375558852,0.09438828378915787,-0.04912266618166947,0.6332295721407721,25.84902020419051,-0.08265057942462986,0.03534651491972411,0.012734987983641637,0.0033290340015810216,1
5.322531700134277,-0.005348216276615858,-0.047402240335941315,0.41525164246559143,0.016891565154436107,-0.009281499339843985,0.00821761600747278,0.01945522547138223,-0.015063803148471777,-0.16265157934610075,0.04701757803559303,-0.01961473375558852,0.09438828378915787,-0.0513324453024984,0.6375686458742923,25.856578720293133,-0.0828524181788897,0.05221798221976898,0.012585192820603868,0.0008113220010272926,1
5.335591554641724,-0.005102184135466814,-0.047494076192379,0.4153386652469635,0.018101045505303517,-0.008641703647087672,0.007237015779104371,0.020276910624900335,-0.015615496270745766,-0.16078582945532416,0.04118175432085991,-0.029024457558989514,0.09717737883329391,-0.05202688509269292,0.6376654541513475,25.856173997890288,-0.08093449737305361,0.057303862016927526,0.012503000892622192,0.001314487999479752,1
5.34236216545105,-0.005102184135466814,-0.047494076192379,0.4153386652469635,0.018101045505303517,-0.008641703647087672,0.007237015779104371,0.020276910624900335,-0.015615496270745766,-0.16078582945532416,0.04118175432085991,-0.029024457558989514,0.09717737883329391,-0.054369886767131635,0.6399183597606594,25.85991945976783,-0.08224292727218194,0.058805126331394834,0.012369062077264497,0.0008269680001831148,1
5.352522373199463,-0.004947527311742306,-0.047550786286592484,0.41535553336143494,0.020048886202221797,-0.009713072887213531,0.005169959759804835,0.020615097081947642,-0.01599521689382133,-0.1598939067089331,0.037107761949300766,-0.03366219252347945,0.09311842918395996,-0.059675363344443406,0.6439027759885573,25.865867760076462,-0.08130039239154142,0.062048668263683805,0.01230254817935007,0.0025119139991147676,1
5.362488746643066,-0.00481047248467803,-0.04760899022221565,0.41538646817207336,0.016241162684643977,-0.009598942931155898,0.0072812591788760095,0.020967339243041394,-0.01634506097662447,-0.15896490046805356,0.03689388930797577,-0.04984689876437186,0.09247807413339615,-0.05295688218154689,0.6478434836721021,25.861049266052646,-0.08226180866003109,0.0715334790514561,0.01220968803592237,0.0008273170005850261,1
5.372523069381714,-0.004480849485844374,-0.0477311946451664,0.4154145419597626,0.02001842659935803,-0.009862566532849344,0.006636257290165209,0.02129038398274563,-0.017026903609427713,-0.15806652967014445,0.0390002578496933,-0.04044866561889647,0.09432961046695709,-0.048916599420243165,0.6502243088980604,25.86032472817482,-0.08227194704068382,0.07168153723897279,0.012184461204186222,0.003168180001011933,1
5.382344722747803,-0.00432578707113862,-0.04778844863176346,0.41543149948120117,0.019363906222612515,-0.011942287923105496,0.0032392642465214607,0.02179098594872464,-0.01769110272845653,-0.1566935194100676,0.03352504223585129,-0.05981856212019919,0.09123145043849946,-0.055753067202246764,0.6521561367438964,25.86185498717168,-0.0841933946240309,0.0685809383364444,0.01212216753073833,0.0010418120000394993,1
5.392528533935547,-0.004151914734393358,-0.04786938056349754,0.41543102264404297,0.020864512949542655,-0.01271141948073847,0.00441126990279429,0.022059247369744295,-0.01841272122693871,-0.15578907325864355,0.03237427771091461,-0.060588732361793504,0.0968097820878029,-0.056060659193702504,0.6597292911074449,25.870948068912075,-0.08317795648991233,0.0801666621663428,0.012018282237837536,0.003082269999140408,1
5.402517080307007,-0.004151914734393358,-0.04786938056349754,0.41543102264404297,0.020864512949542655,-0.01271141948073847,0.00441126990279429,0.022059247369744295,-0.01841272122693871,-0.15578907325864355,0.03237427771091461,-0.060588732361793504,0.0968097820878029,-0.05925482848793222,0.6659653453260719,25.86923892967844,-0.08339433973883714,0.08267252420672994,0.011889605423389618,0.0007993780000106199,1
5.412522554397583,-0.003779059974476695,-0.048045940697193146,0.41540083289146423,0.023438630400211775,-0.012608805091026297,9.448243126979644e-05,0.02263321807407248,-0.019714850580573096,-0.15397424851264274,0.030274197459220886,-0.057503521442413316,0.09258298575878145,-0.06452655840285075,0.6710086662743251,25.880398644060154,-0.08358733106095098,0.08350102673313964,0.01177036827013841,0.0025418780005566077,1
5.422469615936279,-0.003779059974476695,-0.048045940697193146,0.41540083289146423,0.023438630400211775,-0.012608805091026297,9.448243126979644e-05,0.02263321807407248,-0.019714850580573096,-0.15397424851264274,0.030274197459220886,-0.057503521442413316,0.09258298575878145,-0.06834053691866886,0.6741630919035655,25.882156643880858,-0.08394158676775376,0.08472843135961482,0.011740982894127922,0.0008007749984244583,1
5.432467699050903,-0.003570321248844266,-0.048134006559848785,0.4153710603713989,0.020209686621464322,-0.011745646897433572,0.0015107421348170404,0.022793915921397456,-0.02028963209957535,-0.15312425942952324,0.022036397829651833,-0.06810732185840605,0.09408351778984071,-0.06199691824392979,0.6748588672796256,25.878801425544978,-0.08030151823802809,0.09199385287998926,0.011645269732066466,0.002451846999974805,1
5.44243860244751,-0.003386664902791381,-0.04822627454996109,0.4153282046318054,0.021556661945975265,-0.014829623148764251,-0.004415900888490738,0.023072292069541422,-0.021564678384523805,-0.15172618519356407,0.01925014890730381,-0.08033201843500136,0.09275101870298387,-0.058003342268834586,0.6838719009641638,25.894073192600686,-0.07993420451619565,0.10174629004793129,0.011524804390797895,0.0022464319990831427,1
5.452495574951172,-0.003166748909279704,-0.04834679141640663,0.4152543544769287,0.02447392781478988,-0.015169336602089032,-0.006394374176084193,0.023207822448465976,-0.02227180976844112,-0.1510010233262129,0.012896999716758728,-0.08114849776029585,0.08203314244747163,-0.06128079431927973,0.6897000971805495,25.901871334594873,-0.07717140900342676,0.1040475105327979,0.01152450667076888,0.0008091569998214254,1
5.462519884109497,-0.002959038130939007,-0.0484604686498642,0.4151929020881653,0.022529005662843965,-0.016236845817539012,-0.004980942215065326,0.02320320826261746,-0.022997038961198868,-0.14999572933082783,-0.0007299277931451797,-0.08332984149456023,0.09331900626420976,-0.058507931792285583,0.695302471841685,25.89953442119209,-0.07045692801550475,0.10744099688063614,0.011356362447138175,0.0023811629998817807,1
5.472547292709351,-0.0027420991100370884,-0.04858999699354172,0.415105402469635,0.02316313415173965,-0.014697540661729007,-0.003987138152189842,0.023116871528238825,-0.023817057998878344,-0.14923706811201498,-0.0026481333188712597,-0.07599662989377974,0.09372599422931673,-0.0577035863294237,0.694928568596968,25.896948294918605,-0.06896972647974639,0.10612856738497357,0.011264330773503924,0.0008538579986634431,1
5.4824981689453125,-0.0023126264568418264,-0.04884758219122887,0.41492679715156555,0.02250249311673177,-0.01828814856333466,-0.0069620348514810755,0.023073287006196264,-0.024539760455215553,-0.14831431280183605,-0.01194206066429615,-0.07661886513233183,0.08707109838724138,-0.0552576338554526,0.7033396562079582,25.904480769622023,-0.06464030635253368,0.10750822500247398,0.01121399645084256,0.0023843069993745303,1
5.492550373077393,-0.0020896175410598516,-0.048986271023750305,0.4148332476615906,0.022370109242177843,-0.016134418661095707,-0.006541220928771593,0.02267410330388886,-0.025704348327244997,-0.14708669153984744,-0.025486234575510025,-0.07446177303791045,0.08227176964282991,-0.051800351352416917,0.702288456166573,25.905199733007922,-0.05699039506246115,0.10918396072732459,0.01114207817081886,0.0008129979996738257,1
5.502497911453247,-0.0019045682856813073,-0.04913197457790375,0.4147569537162781,0.018790991550460677,-0.018341731664823085,-0.006132197552583809,0.022437733818153838,-0.026310564580256823,-0.1461755973234835,-0.032187316566705704,-0.06846636533737181,0.08750376105308534,-0.0503977632602505,0.7019912797605754,25.905574169089032,-0.056313535807869484,0.11080148251073556,0.011128780786268515,0.0030324010003823787,1
5.51252818107605,-0.0019045682856813073,-0.04913197457790375,0.4147569537162781,0.018790991550460677,-0.018341731664823085,-0.006132197552583809,0.022437733818153838,-0.026310564580256823,-0.1461755973234835,-0.032187316566705704,-0.06846636533737181,0.08750376105308534,-0.04210733252828932,0.7074848593439244,25.90476137660038,-0.05254045875789692,0.10987145290517014,0.011021736182765822,0.0008098550006252481,1
5.522502660751343,-0.0016901063499972224,-0.049294210970401764,0.4146515130996704,0.021935298783447747,-0.015358899116450619,-0.006606188107218805,0.02201603695072274,-0.027250858098343045,-0.14538690630407292,-0.03573833778500557,-0.05925015732645988,0.08224240690469743,-0.04274154904863708,0.7025731166004192,25.906423369213787,-0.04915872050220532,0.10765114311998145,0.010992700707466531,0.0023794169992470415,1
5.532527685165405,-0.0014867759309709072,-0.049459680914878845,0.4145634174346924,0.018802335615098986,-0.018612675252818903,-0.0067875483130883365,0.021613831186915622,-0.027487343103568485,-0.14455190404076657,-0.028861206024885178,-0.057234950363636,0.08586347848176958,-0.037402331897488796,0.708483177058375,25.907379808232193,-0.051696307741374195,0.10752529928828582,0.010909129502123154,0.0008579790010116994,1
5.542516708374023,-0.0010660899570211768,-0.04978089779615402,0.41438594460487366,0.019753617992195386,-0.02103267624454975,-0.004891371812270278,0.020501231026625266,-0.028600452216411387,-0.1424399470994735,-0.04192720353603363,-0.03310467675328253,0.08611273020505905,-0.03789595882824246,0.6981700458490129,25.913548115438143,-0.042429306262383795,0.10592064621623436,0.010830004565218074,0.005533348999961163,1
5.552579402923584,-0.0010660899570211768,-0.04978089779615402,0.41438594460487366,0.019753617992195386,-0.02103267624454975,-0.004891371812270278,0.020501231026625266,-0.028600452216411387,-0.1424399470994735,-0.04192720353603363,-0.03310467675328253,0.08611273020505905,-0.03904087338186856,0.7085831105310837,25.90418939055066,-0.042107303433555954,0.09844825697088545,0.010743059752960346,0.0009233540004061069,1
5.562527894973755,-0.0008958305697888136,-0.04997045546770096,0.41433119773864746,0.015573042602939883,-0.01761194492551745,-0.0028714011484702704,0.0200760244816256,-0.02893630014183568,-0.14157206343710804,-0.03797323629260063,-0.02313932217657565,0.08899196237325668,-0.03036366302447775,0.7082938555180486,25.897647539416255,-0.04251969456094343,0.09470807365240634,0.010649370569436552,0.002415876999293687,1
5.572514057159424,-0.0007051471038721502,-0.0501374751329422,0.41426822543144226,0.021122131319138385,-0.022105923071624883,-0.003224199627378686,0.01957855861803326,-0.029278649921329336,-0.1409046727770269,-0.04307817667722702,-0.017168426886200894,0.0811658427119255,-0.0396061482334176,0.7158579686257546,25.89795493509423,-0.038929532186385105,0.09200893674315391,0.010649733304061451,0.0008083190004981589,1
5.5825159549713135,-0.0004979709628969431,-0.05036558210849762,0.41422197222709656,0.018320336441675505,-0.020716892936004854,-0.000146113909956945,0.01916360732136413,-0.02932546638992717,-0.14005247873558568,-0.04329477623105049,-0.011708639562129966,0.07411335408687592,-0.04040310346734024,0.7176519241168112,25.890056828777745,-0.03749416295892374,0.08959762300237814,0.010649708431130722,0.002415947001281893,1
5.592533349990845,-0.0004979709628969431,-0.05036558210849762,0.41422197222709656,0.018320336441675505,-0.020716892936004854,-0.000146113909956945,0.01916360732136413,-0.02932546638992717,-0.14005247873558568,-0.04329477623105049,-0.011708639562129966,0.07411335408687592,-0.04086324800846802,0.7187509671983657,25.888885680843305,-0.03746340350042243,0.08955905560242473,0.010648732035007985,0.0007944190001580864,1
5.602511167526245,6.720736564602703e-05,-0.050885144621133804,0.41414710879325867,0.014814354402408986,-0.010956364773495788,0.0004198952336807521,0.01816938273919222,-0.029212904317235555,-0.13803273642457592,-0.042074352502822876,-0.003472497919574371,0.07465405017137527,-0.04095089964942738,0.7272686846203444,25.885101299239192,-0.03823292905158367,0.08453159681389585,0.010533975231007313,0.0029892370002926327,1
5.61260986328125,6.720736564602703e-05,-0.050885144621133804,0.41414710879325867,0.014814354402408986,-0.010956364773495788,0.0004198952336807521,0.01816938273919222,-0.029212904317235555,-0.13803273642457592,-0.042074352502822876,-0.003472497919574371,0.07465405017137527,-0.03329028380336663,0.7034796032578077,25.88700835441712,-0.034317583465021,0.08543218066493098,0.01049206414422348,0.0007920450007077307,1
5.622525453567505,0.0004446739621926099,-0.051282353699207306,0.41405561566352844,0.011976701097758037,-0.013644351707899422,-0.0003480790121298045,0.017415274181724172,-0.02900429827719453,-0.1366676699544649,-0.03566068410873413,0.011381848715245732,0.07435089349746704,-0.04722488909595744,0.7205735297325352,25.901844836501756,-0.03944353677630378,0.07062672622170045,0.010500245119318158,0.0032210529989242787,1
5.632524251937866,0.0004446739621926099,-0.051282353699207306,0.41405561566352844,0.011976701097758037,-0.013644351707899422,-0.0003480790121298045,0.017415274181724172,-0.02900429827719453,-0.1366676699544649,-0.03566068410873413,0.011381848715245732,0.07435089349746704,-0.03433434336876956,0.7071246581040967,25.891764948772064,-0.03564108557524548,0.07739236679328677,0.010414103004079642,0.0008049670013861032,1
5.642515659332275,0.0007932228036224842,-0.05164259299635887,0.4139130413532257,0.011496477678628884,-0.01762346369154339,-0.0012867579923273712,0.016786787857369312,-0.028737459408204824,-0.13531991050621084,-0.020369840785861015,0.02452813833951951,0.07171350717544556,-0.04532092979115217,0.7091019317101762,25.910224081168952,-0.043894847036588,0.06452379530072253,0.010385185310868933,0.002481950999936089,1
5.652574062347412,0.0007932228036224842,-0.05164259299635887,0.4139130413532257,0.011496477678628884,-0.01762346369154339,-0.0012867579923273712,0.016786787857369312,-0.028737459408204824,-0.13531991050621084,-0.020369840785861015,0.02452813833951951,0.07171350717544556,-0.03597490891629785,0.710955349111212,25.895921702327087,-0.04188899059008343,0.06991625834494727,0.010350016112298011,0.0008058050007093698,1
5.662511110305786,0.0011350262211635709,-0.0520014762878418,0.4137346148490906,0.016207050415840807,-0.021610898974905868,-0.007619280829322895,0.01624043619724347,-0.027970266926437226,-0.13371146256446664,-0.016174325719475746,0.030029987916350375,0.0768151581287384,-0.038943149881932725,0.7064234159152983,25.913274115574065,-0.04032560832767036,0.06698241800348907,0.010265632254790444,0.003084226000282797,1
5.672296524047852,0.0011350262211635709,-0.0520014762878418,0.4137346148490906,0.016207050415840807,-0.021610898974905868,-0.007619280829322895,0.01624043619724347,-0.027970266926437226,-0.13371146256446664,-0.016174325719475746,0.030029987916350375,0.0768151581287384,-0.04548637211995163,0.7186923627726347,25.91370701421995,-0.04262148075439959,0.06456999702389125,0.010201042414769402,0.0008116709996102145,1
5.68249249458313,0.0012651984579861164,-0.052175089716911316,0.4136599600315094,0.009016922690774705,-0.009933294715178958,-0.005481224042585568,0.016114962485880735,-0.027483111177040165,-0.1328183611223741,-0.012253383174538612,0.013945229351520547,0.06519097834825516,-0.030186659299525485,0.7021283123585226,25.90837319360883,-0.043272260815798935,0.071927850190356,0.01019575655601297,0.0023387679993902566,1
5.6924943923950195,0.0014268712839111686,-0.05234717205166817,0.413536012172699,0.017513448082327555,-0.019158041354817038,-0.01280112748523028,0.01595732013328144,-0.027528209425007333,-0.13233499800787651,-0.01171538420021534,0.017076671123504646,0.06397245824337006,-0.04191238932177019,0.7121168660534103,25.92736626594155,-0.04387459949435062,0.06974798557212056,0.010192643479400519,0.0023451240012946073,1
5.702290058135986,0.0014268712839111686,-0.05234717205166817,0.413536012172699,0.017513448082327555,-0.019158041354817038,-0.01280112748523028,0.01595732013328144,-0.027528209425007333,-0.13233499800787651,-0.01171538420021534,0.017076671123504646,0.06397245824337006,-0.0490228584382928,0.7181374241605761,25.93018936808777,-0.04385861563878267,0.0697422723099769,0.010189458606863579,0.0007845710006222362,1
5.712552547454834,0.001882461947388947,-0.052902571856975555,0.4132283329963684,0.01152755561485077,-0.017258420810115506,-0.005688372992807245,0.0157070775699637,-0.02657748049244013,-0.130762140041079,-0.003337826579809189,0.03976203128695489,0.06266560405492783,-0.046188166009989914,0.7201109888534102,25.912457865752145,-0.04751633881861516,0.05635542259448495,0.01012040039844105,0.00243648099967686,1
5.722228050231934,0.0020102073904126883,-0.05307209864258766,0.41316351294517517,0.01211851515223703,-0.015224262433039223,-0.006642900390660647,0.01574350652427947,-0.025917064432976034,-0.13009622171576263,-0.005862715188413858,0.02078163996338845,0.054186563938856125,-0.04480317714298854,0.7217479791641851,25.9101670080281,-0.047274869479251934,0.05593153082779811,0.010101052588869976,0.0010990149985445896,1
5.7325310707092285,0.0021834217477589846,-0.05326325073838234,0.4130503237247467,0.015777520462437904,-0.016841819830831977,-0.007610402508882313,0.01562137676102715,-0.025984403485107332,-0.1296235054142718,-0.007150925695896149,0.03635453432798386,0.048505239188671105,-0.04471137952326624,0.7186295897447397,25.912602101690585,-0.045979145504029074,0.06345583001796339,0.010103638493310942,0.0034129179985029623,1
5.742511987686157,0.002313098171725869,-0.05344162508845329,0.4129732549190521,0.007804316858484478,-0.01264432728630067,-0.0039872336200729155,0.01562474093196764,-0.02525465105881297,-0.12912777927323438,-0.002526181982830167,0.033699840307235725,0.03820724785327911,-0.05511221517563067,0.7198953772680576,25.91595293476356,-0.045097668242001655,0.05563653181292724,0.010135257808853384,0.0013591189999715425,1
5.753170967102051,0.002313098171725869,-0.05344162508845329,0.4129732549190521,0.007804316858484478,-0.01264432728630067,-0.0039872336200729155,0.01562474093196764,-0.02525465105881297,-0.12912777927323438,-0.002526181982830167,0.033699840307235725,0.03820724785327911,-0.04470034639858713,0.7139938485729057,25.907042631887126,-0.04715530737878848,0.05548216518768812,0.010181507573954023,0.0009369039999000961,1
5.762463331222534,0.002459712093695998,-0.053634319454431534,0.4128604829311371,0.015305069289395717,-0.015424223603304067,-0.01161456108211521,0.01553861135810175,-0.02504520807484667,-0.1282432510252951,-0.004449066240340471,0.02366647310554982,0.05527361109852791,-0.054405299894714126,0.7162121218222206,25.926311821186907,-0.04609058140674174,0.05923748101051152,0.01001295264435553,0.0008237540005211486,1
5.772518873214722,0.0027828430756926537,-0.05398118123412132,0.4126012921333313,0.013841358044472375,-0.014110387273592321,-0.012755264530524444,0.015314219381066252,-0.024119029180166507,-0.12722549293210328,-0.009505387395620346,0.04139046743512154,0.04875607043504714,-0.057785996883993475,0.7128937291282037,25.918533722887553,-0.04234717865934566,0.044494700790540354,0.010006077526559888,0.0033807890013122233,1
5.782452583312988,0.0027828430756926537,-0.05398118123412132,0.4126012921333313,0.013841358044472375,-0.014110387273592321,-0.012755264530524444,0.015314219381066252,-0.024119029180166507,-0.12722549293210328,-0.009505387395620346,0.04139046743512154,0.04875607043504714,-0.06300074120700205,0.7136559130834373,25.931875523569982,-0.04278549702921319,0.04771068138588301,0.009956718507230277,0.0007932320004329085,1
5.792516231536865,0.0030892295762896538,-0.05435224622488022,0.41232067346572876,0.010952005914730181,-0.016545107693599896,-0.010523259638804247,0.015241195257877038,-0.023551538292030383,-0.12679061295963745,-0.008460457436740398,0.051353167742490775,0.05052653327584266,-0.06345794349001252,0.7207318718857489,25.92803524714769,-0.04348137850248399,0.04216995444174141,0.009908918128976082,0.0023903830006020144,1
5.802438974380493,0.0032468049321323633,-0.054533701390028,0.41217824816703796,0.012270852992972706,-0.010935904381903911,-0.01055021677861308,0.015091502063526718,-0.022980017382173923,-0.12603522763115071,-0.008561013266444206,0.04028407111763955,0.04722921177744865,-0.06438488779001013,0.7258379366833299,25.92828780310312,-0.043380153269498394,0.041282998106308096,0.00989429490098703,0.0010241399995720712,1
5.8124730587005615,0.003399045905098319,-0.05470721796154976,0.4120502769947052,0.012098356895460714,-0.014955435085708875,-0.010042040603349007,0.0149513167629296,-0.022376600969259197,-0.12563092189798475,-0.008290739730000496,0.04477054625749589,0.04392142221331596,-0.06997888535861753,0.7253492823107355,25.927654459650576,-0.04269037641916147,0.04189103306319331,0.009868673693899606,0.0021573799986072117,1
5.822471380233765,0.0035608999896794558,-0.054890599101781845,0.41191428899765015,0.01319319193525146,-0.010647139543249029,-0.012241269458798575,0.01494306368423537,-0.02206466712636912,-0.12515526890232564,-0.0063466886058449745,0.04010953754186631,0.04374685510993003,-0.07365659837111185,0.7254553147715443,25.9279421880608,-0.04249184266830215,0.04108178321434504,0.009860841816657837,0.0009642130007705418,1
5.832465171813965,0.0037407504860311747,-0.05505667254328728,0.41177698969841003,0.01541359345121682,-0.01360568409525214,-0.010422745715336896,0.014926876082249851,-0.02159328161077445,-0.12483458065015185,-0.0012802914716303349,0.039978224784135825,0.03658441454172134,-0.07754886331383302,0.7165914939605481,25.934297347773338,-0.04300842892552364,0.042470353183684154,0.00983158284157282,0.002616751999084954,1
5.842432975769043,0.0037407504860311747,-0.05505667254328728,0.41177698969841003,0.01541359345121682,-0.01360568409525214,-0.010422745715336896,0.014926876082249851,-0.02159328161077445,-0.12483458065015185,-0.0012802914716303349,0.039978224784135825,0.03658441454172134,-0.08795771873812709,0.7181042025743462,25.930932607540434,-0.04580463841433747,0.040930799177617036,0.009867785631707614,0.0008084590008365922,1
5.852489709854126,0.00408654659986496,-0.05540888011455536,0.4115288555622101,0.015962146063285696,-0.010636411836794523,-0.009129287652806448,0.014779139299897714,-0.02044878987526877,-0.12384713851511497,-0.01236012578010559,0.03833975270390511,0.03733839094638824,-0.08764705167368753,0.7165855878155164,25.92693295708765,-0.040324012006036435,0.03723006258903482,0.009800556688921788,0.002915758999733953,1
5.862493276596069,0.00408654659986496,-0.05540888011455536,0.4115288555622101,0.015962146063285696,-0.010636411836794523,-0.009129287652806448,0.014779139299897714,-0.02044878987526877,-0.12384713851511497,-0.01236012578010559,0.03833975270390511,0.03733839094638824,-0.0983029374611632,0.7111854723042522,25.92734170894927,-0.039594418331066354,0.03835378855013012,0.009782851515947941,0.0008003570001164917,1
5.872496128082275,0.004292743746191263,-0.05559467524290085,0.41140273213386536,0.013132420326290122,-0.015128457951795495,-0.007107155396549494,0.014739226066248445,-0.02001974762823222,-0.12343458007603125,-0.0012077984865754843,0.050680302083492286,0.04331495612859725,-0.10269111619258423,0.720249635539278,25.92239424532559,-0.04546291572115555,0.03120230839781292,0.009723033724717577,0.002493824000339373,1
5.882503986358643,0.004443268291652203,-0.05575025454163551,0.41130906343460083,0.012576404020159058,-0.009059005426941361,-0.008558935484921813,0.014662267823475794,-0.019701554778231323,-0.12309839072599438,-0.005869342479854822,0.040362793952226646,0.03212710097432136,-0.10251266096677482,0.7122952864625804,25.925871737305133,-0.042470362515050084,0.035429523343567346,0.009754812794451033,0.00080440700003237,1
5.892497777938843,0.004649322014302015,-0.05593808367848396,0.4111920893192291,0.015681030050728618,-0.016275331533378946,-0.007228046649409796,0.014605243364411713,-0.019401947692945676,-0.12282862332560862,-0.004865249618887901,0.040106978267431266,0.0336301140487194,-0.11324597172747983,0.7235753631697383,25.923278869848165,-0.04344212692120855,0.034374528616966334,0.009742908054779727,0.0025115650005318457,1
5.902835369110107,0.0050407899543643,-0.0562862865626812,0.4110310971736908,0.017144696817379172,-0.013897775638326337,-0.0051884376465804165,0.014663169626166983,-0.01901142290886515,-0.12240771881847445,0.0009527928195893764,0.02019157819449902,0.03461090847849846,-0.12357658694169087,0.7261916627516574,25.91814465034879,-0.046277878727067755,0.04305186755462319,0.00970035103273964,0.0008017540003493195,1
5.912490129470825,0.005226039793342352,-0.056494589895009995,0.4109686613082886,0.010385696579283116,-0.011683839527869987,0.00022775749961904599,0.014702121556911418,-0.01863895517072489,-0.12172028664198953,-0.0015339262317866087,0.016532748937606815,0.031974393874406815,-0.11552696435533368,0.7241001830342169,25.903087978698967,-0.04506778835746857,0.04509458239145148,0.009649923868907081,0.002542227000958519,1
5.92256236076355,0.005400522146373987,-0.05665881559252739,0.4109176993370056,0.018408244288227855,-0.011411266676292352,-0.004678311268865231,0.014702121556911418,-0.01863895517072489,-0.12172028664198953,-0.0015339262317866087,0.016532748937606815,0.031974393874406815,-0.12876923185015285,0.7214114061949523,25.914090838364316,-0.04496516823770404,0.0438892776955197,0.009651255222914937,0.0008089479997579474,1
5.932315349578857,0.005636545829474926,-0.056877296417951584,0.41085314750671387,0.015988520946591533,-0.015752386598747472,0.0007579784261103889,0.014594070117770475,-0.018981938781148067,-0.1214252372115654,0.003503022715449333,0.00481178238987923,0.025042207911610603,-0.13722293354708065,0.7201189596937106,25.915883734441138,-0.044977864200564766,0.04389745363627481,0.009649725438260036,0.0014508259991998784,1
5.942507028579712,0.005831971298903227,-0.05704410746693611,0.4108397364616394,0.01667310660598074,-0.0070155027323330985,0.0015132728926584877,0.01483596583847957,-0.018719197371977803,-0.12108772777288701,0.00937662273645401,-0.018003117293119427,0.02226764522492886,-0.13662931463804714,0.7112121951849943,25.900159517145077,-0.05014261108891978,0.06185528476431754,0.009666830673193854,0.002688971000679885,1
5.952244997024536,0.005831971298903227,-0.05704410746693611,0.4108397364616394,0.01667310660598074,-0.0070155027323330985,0.0015132728926584877,0.01483596583847957,-0.018719197371977803,-0.12108772777288701,0.00937662273645401,-0.018003117293119427,0.02226764522492886,-0.13676874842845085,0.7061317280031933,25.89787443129772,-0.05059030068197526,0.06179868365167267,0.009670853630698561,0.000853020001159166,1
5.962308168411255,0.006266794633120298,-0.05742513760924339,0.41084375977516174,0.012633054410026805,-0.008706335107462538,0.006678058309376166,0.015030277937616798,-0.01920569958789109,-0.12056632660001076,0.011288786306977272,-0.033600784838199615,0.016555510461330417,-0.14460915229663418,0.7233937947054576,25.89507366245927,-0.054557598448940633,0.05881407148057679,0.009571464196519205,0.0035077669999736827,1
5.972226142883301,0.006266794633120298,-0.05742513760924339,0.41084375977516174,0.012633054410026805,-0.008706335107462538,0.006678058309376166,0.015030277937616798,-0.01920569958789109,-0.12056632660001076,0.011288786306977272,-0.033600784838199615,0.016555510461330417,-0.13341989545493754,0.7196505758305723,25.88348497997757,-0.05242221925166204,0.07120865991960297,0.009638029348280279,0.0008396100001846207,1
5.982306480407715,0.0064865415915846825,-0.05759893357753754,0.41085848212242126,0.01873143173632649,-0.013302507243270461,0.003055573702879123,0.015214917429416275,-0.02015060029063731,-0.12035846165553021,0.020721502602100372,-0.039367884397506714,0.01506888866424561,-0.13974686750184664,0.728526949293881,25.891317982438277,-0.05795618140650495,0.07638426852491317,0.009666756790022605,0.0008299010005430318,1
5.992496967315674,0.006694170646369457,-0.0578177236020565,0.4109030067920685,0.012214343761741981,-0.011909654567031903,0.00938487333129857,0.015526284804985746,-0.020311999681984272,-0.12001988076099357,0.02215210162103176,-0.05197858437895775,0.024388751015067107,-0.12909315486498865,0.7330884397535716,25.875591361242527,-0.05961599986770265,0.08380476780376148,0.00956460481039004,0.0024712649992579827,1
6.002496719360352,0.006899494212120771,-0.05798767879605293,0.41095250844955444,0.018898488755299175,-0.010037158924533917,0.004730059332822344,0.015611878472244545,-0.021183964272844413,-0.11996986789761532,0.018793238326907158,-0.06607986241579056,0.017518347129225738,-0.1345095770731346,0.7309555867287018,25.88552380905142,-0.05796391454754323,0.09286583304464564,0.00958514384220965,0.000804197999968892,1
6.01233983039856,0.007130250334739685,-0.05820430442690849,0.4110003411769867,0.012267575412266144,-0.013228099940345404,0.011208224115243587,0.015814458575729606,-0.021526284565464238,-0.11982310803435237,0.013807374984025955,-0.06767487525939941,0.005116609390825042,-0.1252480228690519,0.7385139687283958,25.869671961691804,-0.05652616383484237,0.0952830541779735,0.00965518445727979,0.002507024999431451,1
6.022514343261719,0.007313646376132965,-0.05839123949408531,0.4110845923423767,0.015154209842424958,-0.009636664860871455,0.007769174417937912,0.015927799775585783,-0.02245398614240779,-0.11959186405303956,0.01679244078695774,-0.0582670122385025,0.01858297176659108,-0.12420704294087401,0.7358287664740595,25.876160053759317,-0.057859434051129546,0.09309098181773627,0.009572150282725211,0.0008046170005400199,1
6.032313585281372,0.007765061222016811,-0.05880594253540039,0.4111926257610321,0.011939547871381863,-0.005177877048307055,0.009419660100966055,0.01612732880252743,-0.0231319425839569,-0.1197097468639381,0.017823191359639168,-0.09496116638183594,0.007499663159251224,-0.12358013880805761,0.7341957730147382,25.877123088919898,-0.057889113227706276,0.09304947526570737,0.009550174487707322,0.003029815999980201,1
6.042471408843994,0.00798027589917183,-0.0589701272547245,0.4112265706062317,0.018582159697931987,-0.012467036897036458,0.0009562513956943395,0.016446096873326432,-0.024315645877630576,-0.11945839752940746,0.020840661600232124,-0.06941590458154678,0.013405347242951402,-0.11285101642071195,0.7255813542891126,25.872638929121887,-0.05868358702419925,0.11357427869306529,0.009604255016441991,0.0008180969998647925,1
6.052459239959717,0.008175704628229141,-0.0591949038207531,0.41127875447273254,0.009187740974880964,-0.010046435693913511,0.010523931131815559,0.016654605172934378,-0.024919218646418884,-0.11944572033141387,0.017893804237246513,-0.09126461297273636,0.00020479026716203614,-0.12222564532644518,0.7380403491476704,25.894140648725102,-0.06167213406781443,0.10395253087565984,0.009586096787173135,0.002916178000305081,1
6.062313795089722,0.008175704628229141,-0.0591949038207531,0.41127875447273254,0.009187740974880964,-0.010046435693913511,0.010523931131815559,0.016654605172934378,-0.024919218646418884,-0.11944572033141387,0.017893804237246513,-0.09126461297273636,0.00020479026716203614,-0.10613533930152454,0.74199812542455,25.871907655196566,-0.06083667868545821,0.11718103882753725,0.009645375019253615,0.000821240999357542,1
6.072456121444702,0.008565403521060944,-0.059587638825178146,0.41133221983909607,0.011477290441184288,-0.014730450839255314,0.005345488438481399,0.0170627083289574,-0.026786169268074644,-0.11952192888518987,0.0116502046585083,-0.0995858833193779,-0.0029213209636509297,-0.111857500387114,0.7440206991272903,25.891014252486244,-0.06917513938357095,0.10558729119420618,0.00966171777605072,0.0024202770000556484,1
6.082457065582275,0.008565403521060944,-0.059587638825178146,0.41133221983909607,0.011477290441184288,-0.014730450839255314,0.005345488438481399,0.0170627083289574,-0.026786169268074644,-0.11952192888518987,0.0116502046585083,-0.0995858833193779,-0.0029213209636509297,-0.10254832026479048,0.7582291070832644,25.884970103857537,-0.05945737963885043,0.12645257986770367,0.009683029066172546,0.0007990989997779252,1
6.0925140380859375,0.008909056894481182,-0.05994059145450592,0.4113566279411316,0.013796923382715206,-0.015306111662622211,0.0009575585910253095,0.01750826649825532,-0.028535754029721083,-0.11969226416005263,0.020495962351560593,-0.05326317623257637,-0.0034428257495164806,-0.08907814103868178,0.7426432619704126,25.8888486970588,-0.05547595432553416,0.12853724159398514,0.009701269450409139,0.0024917980008467566,1
6.102540493011475,0.008909056894481182,-0.05994059145450592,0.4113566279411316,0.013796923382715206,-0.015306111662622211,0.0009575585910253095,0.01750826649825532,-0.028535754029721083,-0.11969226416005263,0.020495962351560593,-0.05326317623257637,-0.0034428257495164806,-0.09509196076750025,0.761757345259099,25.8960566652231,-0.06489758749814756,0.10850472647850685,0.009750270648521584,0.0008210310006688815,1
6.112529039382935,0.009217411279678345,-0.06029951572418213,0.4113571047782898,0.01497426156528344,-0.00987317422747066,-0.0031247616129236578,0.017669646203317235,-0.02893465208969559,-0.1196164337918284,0.0030838577076792717,-0.0835273489356041,-0.010121426545083512,-0.09683595565977485,0.7615046055122512,25.90805827101634,-0.056365418057249934,0.12439020979107196,0.009767474320234934,0.002407773999948404,1
6.122325897216797,0.00937485322356224,-0.06051379069685936,0.41134193539619446,0.005472651087268985,-0.01067786762599974,0.004563012623700111,0.017511683824682933,-0.029889519247967566,-0.11994935394870687,-0.012915430590510368,-0.05921851843595505,-0.01778395660221576,-0.07971766206265894,0.7636073308686002,25.889499757807403,-0.0481032459428672,0.11601338215028255,0.009832835927068208,0.000819773000330315,1
6.132310390472412,0.009496151469647884,-0.06064504757523537,0.41132938861846924,0.009393286876761695,-0.0028176133694271495,-0.005397128392087617,0.017495806913783607,-0.03031104439485688,-0.11996719841662218,-0.005910108797252178,-0.03377888724207878,-0.007685450837016101,-0.07491799508949895,0.7486641317044647,25.913071535035627,-0.050487597347423585,0.10421398356284696,0.009810668276482682,0.0024542219998693326,1
6.142252445220947,0.009496151469647884,-0.06064504757523537,0.41132938861846924,0.009393286876761695,-0.0028176133694271495,-0.005397128392087617,0.017495806913783607,-0.03031104439485688,-0.11996719841662218,-0.005910108797252178,-0.03377888724207878,-0.007685450837016101,-0.07202487927373043,0.7395988955330789,25.91657180435957,-0.050574254261447085,0.10399429337542032,0.00980429683324746,0.0008640560008643661,1
6.1523778438568115,0.009745265357196331,-0.061001334339380264,0.41127702593803406,0.009106712357946306,-0.003956197419824025,-0.0018302310234397398,0.017168835079232725,-0.03086876157638141,-0.1203908445222841,-0.024333739653229713,-0.01545562129467726,-0.017481369897723194,-0.07244099131650558,0.7349145104119728,25.907903837813038,-0.040845390466598755,0.09642868684167237,0.009893917369276814,0.0025594090002414305,1
6.162337779998779,0.009745265357196331,-0.061001334339380264,0.41127702593803406,0.009106712357946306,-0.003956197419824025,-0.0018302310234397398,0.017168835079232725,-0.03086876157638141,-0.1203908445222841,-0.024333739653229713,-0.01545562129467726,-0.017481369897723194,-0.07295142453164202,0.7325153591225568,25.90665845671781,-0.04056559367402763,0.09622696380606163,0.009917214015478275,0.0008981400005723117,1
6.172702312469482,0.01001714076846838,-0.061325423419475555,0.4112326502799988,0.00280933728887231,-0.0037713160595069916,0.0017288123512518888,0.01671243281746726,-0.030978940551947165,-0.12079878124023802,-0.022767720744013786,0.0009208687115460608,-0.020847637206315994,-0.07467128017317985,0.7434716072444638,25.906587612125517,-0.040263785190257105,0.09632246819505615,0.009950972297056715,0.0018216339994978625,1
6.182337522506714,0.01001714076846838,-0.061325423419475555,0.4112326502799988,0.00280933728887231,-0.0037713160595069916,0.0017288123512518888,0.01671243281746726,-0.030978940551947165,-0.12079878124023802,-0.022767720744013786,0.0009208687115460608,-0.020847637206315994,-0.06350552168334601,0.738800702170273,25.897120565708672,-0.040078283995558336,0.08888135053015565,0.009989963130651279,0.0008310880002682097,1
6.192514181137085,0.010214368812739849,-0.06161096319556236,0.41120442748069763,0.0033076672526839357,-0.00597824904866921,0.002355691278688686,0.016041899310900387,-0.030513705717592376,-0.12136498530901418,-0.03589559718966484,0.03062556497752666,-0.027347808703780178,-0.06689376705704336,0.7403225533929019,25.903767026331575,-0.036077710881455095,0.08014080982990816,0.010056267036398087,0.0024632320000819163,1
6.202524662017822,0.010214368812739849,-0.06161096319556236,0.41120442748069763,0.0033076672526839357,-0.00597824904866921,0.002355691278688686,0.016041899310900387,-0.030513705717592376,-0.12136498530901418,-0.03589559718966484,0.03062556497752666,-0.027347808703780178,-0.06524543235564943,0.7403195929077012,25.89513610914463,-0.03180729388323861,0.07230779620146716,0.010111176141728163,0.0008087379992502974,1
6.21251368522644,0.010293183848261833,-0.061754412949085236,0.41121238470077515,0.0035204288130589144,-0.005977901208611985,0.002027738840600179,0.01571514718100797,-0.03017749167367878,-0.12151787182479623,-0.03654978424310684,0.03875373676419258,-0.019348304718732837,-0.06636019677248349,0.7401685377211279,25.89469209453469,-0.030432493300267822,0.06714177899764043,0.010082061282575014,0.002449053999953321,1
6.2225401401519775,0.010293183848261833,-0.061754412949085236,0.41121238470077515,0.0035204288130589144,-0.005977901208611985,0.002027738840600179,0.01571514718100797,-0.03017749167367878,-0.12151787182479623,-0.03654978424310684,0.03875373676419258,-0.019348304718732837,-0.06701834337764995,0.7400813681019272,25.894627866290296,-0.03041196962247557,0.06705448163357638,0.010072884607816473,0.0010760360000858782,1
6.23231053352356,0.010564954951405525,-0.0622405931353569,0.4112617075443268,-0.000976703376926679,-0.0007890699157579459,0.005020048932427397,0.014872729259039819,-0.02868107103226869,-0.12206773410391047,-0.037263140082359314,0.06459693610668182,-0.025379657745361335,-0.06329474952720811,0.7290829520510286,25.886474180335327,-0.027226133066712156,0.050268886719266784,0.010170160368779171,0.0008019630004127976,1
6.2425127029418945,0.010650227777659893,-0.06239071860909462,0.41128018498420715,0.003027494702533629,-0.004595783571769443,0.005114645232875595,0.014395473992371954,-0.028057816963832583,-0.12234307008489909,-0.04661856219172478,0.06473802775144577,-0.02192638814449311,-0.07294858251503392,0.7288487675124153,25.88505044407469,-0.021501020573119096,0.04769178348305655,0.0101793744085624,0.0023301069995795842,1
6.252480983734131,0.010728934779763222,-0.06259562820196152,0.4113195836544037,-0.0005829041317570021,-0.004716760008180629,0.006462456647122544,0.014068745643647684,-0.027182151660839704,-0.12251767731837626,-0.039213087409734726,0.07628060132265091,-0.025679474696517,-0.07877257622240645,0.7287238235699486,25.8848481691256,-0.021409640653531674,0.047670935852885156,0.010182765315631412,0.0010227439997834153,1
6.2623021602630615,0.010822459124028683,-0.0627320408821106,0.4113488495349884,0.005099922884643395,0.001450530480628136,0.0032364986849616104,0.013844771886057039,-0.02638604973792802,-0.12280838677822103,-0.028364388272166252,0.08670516312122345,-0.018233958631753932,-0.07766411002615159,0.7304987255285773,25.88101329643241,-0.024205074706563287,0.03971825324569686,0.010239800752500364,0.0009718960009195143,1
6.272432088851929,0.010822459124028683,-0.0627320408821106,0.4113488495349884,0.005099922884643395,0.001450530480628136,0.0032364986849616104,0.013844771886057039,-0.02638604973792802,-0.12280838677822103,-0.028364388272166252,0.08670516312122345,-0.018233958631753932,-0.09031970253275183,0.7172880709010709,25.88892989646215,-0.028264071716615026,0.03168368231937021,0.010249920959402373,0.0008145350002450868,1
6.282314777374268,0.010929660871624947,-0.06290531903505325,0.41137200593948364,-0.00013076172484993308,-0.0065071592114024236,0.0077793104529069335,0.013441847778486338,-0.025491055323646705,-0.12312329009686485,-0.036943838000297546,0.08573237806558609,-0.033332917839288725,-0.09180477763198625,0.7274215690182069,25.877949188980452,-0.023863334622179447,0.029797921181241506,0.010359690630794182,0.000806502999694203,1
6.292431354522705,0.011000863276422024,-0.06306146085262299,0.4114129841327667,0.0025622877299657618,0.002954151480011411,0.005297375843275036,0.01305664761044012,-0.024051387679124847,-0.1234827375647587,-0.0299355648458004,0.09287991374731064,-0.029518693685531627,-0.09945624860559904,0.7119460389634419,25.88276531909819,-0.0251561832969005,0.021965659227578246,0.010410368718473654,0.0007993790004547918,1
6.302490472793579,0.011110718362033367,-0.06322619318962097,0.4114215672016144,0.002435409476258682,-0.006784204389842982,0.006010124925926418,0.012775078291772601,-0.022998185388043435,-0.1237691370123657,-0.025641970336437225,0.0990825742483139,-0.030661318451166163,-0.10993034661113486,0.7251374221010912,25.88147633451203,-0.027462623455085787,0.015616825645403752,0.010458068066889151,0.0008095060002233367,1
6.3125081062316895,0.01117419172078371,-0.0634208470582962,0.4114600419998169,-0.0023277187740016565,0.0007337980290271643,0.006870469542348634,0.012692370755795324,-0.021806378722914577,-0.12395140354172307,-0.028584007173776627,0.10488864034414291,-0.03457502648234369,-0.10670810933153368,0.7175474108415723,25.87881303598636,-0.025138545542089212,0.009730191129389968,0.010505070299440289,0.0007997970005817479,1
6.322485685348511,0.011387983337044716,-0.06376096606254578,0.4114426374435425,-0.00222871549914367,-0.0014074300084229805,0.006003445936110549,0.012405293671584161,-0.02102768741118366,-0.1243505916312655,-0.019308283925056458,0.11532837152481079,-0.025498859584331526,-0.10892369177939012,0.7194137915626209,25.88070845200083,-0.029055892887689595,0.0021533257360350604,0.010495080976527116,0.0008079689996520756,1
6.332428932189941,0.011470692232251167,-0.06389468908309937,0.4114377498626709,0.0035774112233909997,0.0037005443116071035,-0.0017459660183551603,0.012343327399378268,-0.019127009475095935,-0.1247137877302249,-0.006098597310483456,0.11824804544448853,-0.028654595836997046,-0.1251520086274532,0.7096060357026395,25.901412211994412,-0.03487386059707863,-0.005291843206134717,0.01056698250917554,0.0008175389993994031,1
6.342490196228027,0.011587484739720821,-0.06406461447477341,0.41139063239097595,0.002138924975187441,-0.003966126144913163,-0.0005912462955701386,0.012252266838918668,-0.01836706685382028,-0.12511616239164258,-0.006410269532352686,0.09216129779815674,-0.03348222002387048,-0.13416116764620975,0.7217987826796874,25.90157111498199,-0.03537219637458584,0.005475709387547523,0.010621215139451806,0.0008176079991244478,1
6.3525004386901855,0.011587484739720821,-0.06406461447477341,0.41139063239097595,0.002138924975187441,-0.003966126144913163,-0.0005912462955701386,0.012252266838918668,-0.01836706685382028,-0.12511616239164258,-0.006410269532352686,0.09216129779815674,-0.03348222002387048,-0.13963912031674955,0.7291661684907268,25.90159215270986,-0.03534299154772269,0.005687519668450848,0.01063563024430254,0.0008228469996538479,1
6.362583160400391,0.011787486262619495,-0.06437021493911743,0.4112902581691742,0.00628852142155222,-0.004330071203088549,-0.0029403718620974934,0.012229678491614049,-0.01625832496966817,-0.12590288180205977,-0.0012283611577004194,0.06486928462982178,-0.034714236855506904,-0.15518939879914065,0.7346935518765118,25.907922179328033,-0.0379084109078095,0.014170939730257633,0.01070036418687929,0.0009698009998828638,1
6.372509241104126,0.011787486262619495,-0.06437021493911743,0.4112902581691742,0.00628852142155222,-0.004330071203088549,-0.0029403718620974934,0.012229678491614049,-0.01625832496966817,-0.12590288180205977,-0.0012283611577004194,0.06486928462982178,-0.034714236855506904,-0.16480323625194518,0.7383520890776144,25.90906901620581,-0.037842696086355036,0.013081825546370036,0.010713038873343898,0.0009149020006589126,1
6.382552623748779,0.011982690542936325,-0.06464771181344986,0.411189466714859,0.006260322888779704,0.00398471856051075,-0.0053454260298009945,0.012538383413537524,-0.01514522520106043,-0.126546343498815,0.010142385959625244,0.03926886245608329,-0.03314073011279107,-0.1507414840072902,0.7224660099462942,25.89264999728103,-0.043524934728609715,0.015703141613804525,0.010724944870729803,0.0027611219993559644,1
6.392368316650391,0.011982690542936325,-0.06464771181344986,0.411189466714859,0.006260322888779704,0.00398471856051075,-0.0053454260298009945,0.012538383413537524,-0.01514522520106043,-0.126546343498815,0.010142385959625244,0.03926886245608329,-0.03314073011279107,-0.1605350146901988,0.714888433323923,25.913490676277277,-0.04370825398530884,0.022791606929232586,0.010745882826069733,0.0008141859998431755,1
6.402384281158447,0.012194758281111717,-0.06493797898292542,0.4110763669013977,0.004099396148536667,0.006930200327125185,-0.002787003278325083,0.012955981900371949,-0.014378008279199772,-0.12714135527915937,0.023553336039185524,0.02568809315562248,-0.0416276752948761,-0.15672255160009343,0.7207845668046968,25.89762421695212,-0.04532449826043182,0.019428074438207304,0.010776250253566462,0.002711670998905902,1
6.4123241901397705,0.012194758281111717,-0.06493797898292542,0.4110763669013977,0.004099396148536667,0.006930200327125185,-0.002787003278325083,0.012955981900371949,-0.014378008279199772,-0.12714135527915937,0.023553336039185524,0.02568809315562248,-0.0416276752948761,-0.16041135944884385,0.7104697740317661,25.907820181849974,-0.05139653954732885,0.027634047022808566,0.010861065902283331,0.0007937919999676524,1
6.422311067581177,0.01244047749787569,-0.06522754579782486,0.4109543561935425,0.0016640364161380787,0.009981546580300479,0.0009349175812332806,0.013175758735763488,-0.01421050460543416,-0.12763329845056282,0.028649352490901947,0.008585726842284199,-0.029653256759047508,-0.15687401264094478,0.6994168563582118,25.899969308624517,-0.05445150291796208,0.036075074592175946,0.010814039561116873,0.0024243980005849153,1
6.432502746582031,0.012580285780131817,-0.06534002721309662,0.41088131070137024,0.0087343854843972,0.00042141365358862044,-0.0041155312170261665,0.013746268378101778,-0.014327380751391061,-0.1280346106829664,0.03418556600809097,-0.011416739784181121,-0.029911614954471588,-0.17178750399982462,0.7151257508233746,25.912330287658687,-0.05973010969369828,0.045794331354226676,0.010828672919733877,0.000794071000200347,1
6.4422972202301025,0.012712530791759491,-0.0654970183968544,0.41084060072898865,0.000383147243727986,0.007259854093065055,0.004402674749352375,0.014120935471277907,-0.014315243112290155,-0.12854706437034746,0.03271474689245224,-0.022144380956888206,-0.04574239253997803,-0.1609581018351706,0.7114346546847923,25.89185009389005,-0.059683530072841696,0.05206986267737452,0.010961471094701504,0.0023718740012554917,1
6.452328205108643,0.012837902642786503,-0.0655980035662651,0.4108017683029175,0.009224983030960242,0.005405126429756083,-0.0032649326287157764,0.014594210335694857,-0.014626924076688752,-0.128728876975007,0.04530726745724678,-0.023047938942909244,-0.03083010762929916,-0.17384860684083514,0.714305233018908,25.909154187808983,-0.06729273758548789,0.0527384961260944,0.0109175596434487,0.0008308090000355151,1
6.4624457359313965,0.012837902642786503,-0.0655980035662651,0.4108017683029175,0.009224983030960242,0.005405126429756083,-0.0032649326287157764,0.014594210335694857,-0.014626924076688752,-0.128728876975007,0.04530726745724678,-0.023047938942909244,-0.03083010762929916,-0.18165692298662983,0.7160040686387802,25.91172716080409,-0.06741015741971398,0.0527859278480324,0.010904637270367414,0.0008264780008175876,1
6.472496271133423,0.013102997094392776,-0.06583214551210403,0.4107663333415985,0.003352241295213983,0.011237701330892094,0.0027726169493075647,0.015621578788594714,-0.015911472127306148,-0.12964282185458353,0.0367087721824646,-0.05064922571182252,-0.03451953083276748,-0.17348131394063446,0.7215195993112268,25.888958456588405,-0.07020040247895618,0.05738600538964493,0.010971973774399622,0.0029210680004325695,1
6.482477426528931,0.013102997094392776,-0.06583214551210403,0.4107663333415985,0.003352241295213983,0.011237701330892094,0.0027726169493075647,0.015621578788594714,-0.015911472127306148,-0.12964282185458353,0.0367087721824646,-0.05064922571182252,-0.03451953083276748,-0.16375950795269467,0.7100310869542509,25.893005197862955,-0.0657591381341321,0.0708605217502245,0.010972534892593408,0.0008142549995682202,1
6.4925220012664795,0.013396757654845715,-0.06611226499080658,0.41074493527412415,0.002319718938974104,0.010268630462017855,0.007737090810260319,0.016477783519299738,-0.017010189532675746,-0.13058560590242063,0.03687572106719017,-0.07277432084083557,-0.03962701559066772,-0.1682487159887138,0.7281102527265777,25.893647271530305,-0.06753632032686566,0.0831460014123249,0.01095172385176809,0.00299217000065255,1
6.502516984939575,0.013396757654845715,-0.06611226499080658,0.41074493527412415,0.002319718938974104,0.010268630462017855,0.007737090810260319,0.016477783519299738,-0.017010189532675746,-0.13058560590242063,0.03687572106719017,-0.07277432084083557,-0.03962701559066772,-0.1570172119180516,0.7183672013680518,25.880717526220728,-0.06843389647445863,0.08548855431182065,0.011041468032188645,0.0007921150008769473,1
6.512528657913208,0.013718033209443092,-0.0663488581776619,0.4107751250267029,0.00010203630197430473,0.011782520443618537,0.011128964838968832,0.017101691350554837,-0.01840143967043062,-0.13146084736467945,0.02502274140715599,-0.08242614567279816,-0.03449565172195434,-0.16599279851842977,0.7234534343240204,25.89217770407533,-0.0652016314254649,0.09570838431543317,0.011142037055427035,0.0031447119999938877,1
6.52251410484314,0.013718033209443092,-0.0663488581776619,0.4107751250267029,0.00010203630197430473,0.011782520443618537,0.011128964838968832,0.017101691350554837,-0.01840143967043062,-0.13146084736467945,0.02502274140715599,-0.08242614567279816,-0.03449565172195434,-0.14891696476458013,0.7131800506210547,25.871529521303895,-0.06426354474210523,0.09467872984804364,0.011086787846848094,0.000803569999334286,1
6.532518148422241,0.013844342902302742,-0.06642810255289078,0.4108213186264038,0.007960124897191804,0.006866647358959411,0.0031962746377439946,0.017276279312597786,-0.019731243326683856,-0.1317733535707286,0.01872389391064644,-0.10240720212459564,-0.045791968703269945,-0.15286003269796822,0.7172154176217033,25.88934717041876,-0.062034552364046334,0.10765889998831563,0.011167876861430576,0.0023773220000293804,1
6.542516708374023,0.013844342902302742,-0.06642810255289078,0.4108213186264038,0.007960124897191804,0.006866647358959411,0.0031962746377439946,0.017276279312597786,-0.019731243326683856,-0.1317733535707286,0.01872389391064644,-0.10240720212459564,-0.045791968703269945,-0.15529806678731722,0.7196416364065841,25.891989418045622,-0.06198453622610081,0.10789389085338036,0.011187837865890752,0.0008050359992921585,1
6.552542209625244,0.014308921992778778,-0.06679508090019226,0.41095107793807983,0.00785919652660098,0.002440560918468869,0.006507068901238793,0.01781790013465434,-0.021961607964689822,-0.13290143674911814,0.011188128963112831,-0.10249711573123932,-0.046290539205074296,-0.15657557112731135,0.7322166061231711,25.883294603012104,-0.06028746888361725,0.11421982554970934,0.011254455038317549,0.0024274019997392315,1
6.562543869018555,0.014452274888753891,-0.06691315770149231,0.4110192060470581,0.0029446952964069383,0.013527646661355839,0.010909899137665071,0.018034565770253863,-0.02247695665675087,-0.13347767902587293,0.010826966725289822,-0.08009566366672516,-0.03922317922115325,-0.1453927503976761,0.7160294141042903,25.87017976203748,-0.059683043788487225,0.10517667885473793,0.011265740200939315,0.0008634969999548048,1
6.572521448135376,0.014629755169153214,-0.06700482219457626,0.4110580384731293,0.011076159757683557,0.00579460621864447,0.0031136674697381916,0.018117112028313453,-0.023624314353219766,-0.13388256631731732,0.008229497820138931,-0.0975339263677597,-0.04828172922134398,-0.1543147155851343,0.7228132348913938,25.88890053007952,-0.059186159490519336,0.11461781103064458,0.011352166839527023,0.002552842999648419,1
6.582899332046509,0.014804767444729805,-0.06712563335895538,0.4110942482948303,0.0007501800481549889,0.013508514455238579,0.010865491845872523,0.018269167522670493,-0.024408782393082085,-0.13467177730416102,0.003654424101114273,-0.06747932732105255,-0.05331096798181533,-0.1377373788382733,0.7112709909850918,25.87102465387389,-0.05667829503076568,0.10348440238861258,0.011468765022473987,0.0009616290008125361,1
6.592497110366821,0.014804767444729805,-0.06712563335895538,0.4110942482948303,0.0007501800481549889,0.013508514455238579,0.010865491845872523,0.018269167522670493,-0.024408782393082085,-0.13467177730416102,0.003654424101114273,-0.06747932732105255,-0.05331096798181533,-0.12821150980693152,0.7045214207791693,25.868256646359367,-0.05688776521596016,0.10432133894656745,0.011501597185717393,0.0008224279990827199,1
6.602519750595093,0.015061485581099987,-0.06730052083730698,0.4111630618572235,-0.000155797014247715,0.007428510117408598,0.005547473204261793,0.018148081398372984,-0.026119401526289998,-0.13561963387158116,-0.008714774623513222,-0.07486830651760101,-0.05428942665457725,-0.12347528987006866,0.7037581072066323,25.886331450354866,-0.054699914627629256,0.11141630284374981,0.011370120156301556,0.002480344999639783,1
6.612533330917358,0.015061485581099987,-0.06730052083730698,0.4111630618572235,-0.000155797014247715,0.007428510117408598,0.005547473204261793,0.018148081398372984,-0.026119401526289998,-0.13561963387158116,-0.008714774623513222,-0.07486830651760101,-0.05428942665457725,-0.11557048911184017,0.71427477214347,25.88432900141976,-0.05098970476888682,0.11306034792655986,0.011517544671249621,0.0008076899994193809,1
6.6225244998931885,0.015299887396395206,-0.06752476841211319,0.4111715257167816,0.006886915965730559,0.008442746311813057,-0.00305940717302951,0.01784287665324058,-0.027620328148261653,-0.13667336240887806,-0.01690315641462803,-0.04814720898866654,-0.03931471332907676,-0.1110810816789702,0.7226095611496983,25.88438149726661,-0.048773384849853156,0.10904965762582028,0.011580501595570475,0.002466374999130494,1
6.6325671672821045,0.015299887396395206,-0.06752476841211319,0.4111715257167816,0.006886915965730559,0.008442746311813057,-0.00305940717302951,0.01784287665324058,-0.027620328148261653,-0.13667336240887806,-0.01690315641462803,-0.04814720898866654,-0.03931471332907676,-0.12198294428268058,0.7221149907964761,25.90685185674536,-0.045627208666834965,0.1034418217493394,0.01154898250299577,0.0008039180011110147,1
6.642513275146484,0.015433933585882187,-0.06760203093290329,0.4111488461494446,-0.000545426019740689,0.01239793561007313,0.0028039063424343596,0.01766120409505767,-0.027701330190506024,-0.1371375731037694,-0.02711729146540165,-0.06398029625415803,-0.05902104824781417,-0.11134938294336656,0.7130701713447228,25.894819440140434,-0.03983495841500069,0.11210592627328071,0.011678843390818913,0.0023844469997129636,1
6.652562856674194,0.015656795352697372,-0.06778330355882645,0.41106855869293213,0.0007168974089604149,0.010386450197414823,-0.0017099093894443935,0.01739500585085052,-0.028458431850246768,-0.1376099491386591,-0.02575957030057907,-0.0296887755393982,-0.04861408099532127,-0.10956484816376125,0.7127688655622014,25.90517085201741,-0.039761107035418054,0.09721356817344433,0.011700086337696109,0.0008019630004127976,1
6.662487745285034,0.015761494636535645,-0.06787388771772385,0.411019891500473,-0.00047704972397357587,0.010120966472807393,-0.0034528323315280735,0.017068388557957448,-0.028685485878010564,-0.1384139631314496,-0.025086158886551857,-0.026045400649309165,-0.054276421666145325,-0.10586861063238909,0.7134727340254866,25.911463040150306,-0.03920787961391675,0.09589013081589687,0.01179681450646711,0.002361606999329524,1
6.672563791275024,0.015856394544243813,-0.06793439388275146,0.4109610915184021,-0.00027316621523046017,0.013775735158001777,-0.003952122273004603,0.01676568284503066,-0.028886087704458774,-0.13904640234121501,-0.03287509083747864,-0.01612281426787377,-0.0629706010222435,-0.10381571367274492,0.7044578565886357,25.913979706047204,-0.03413970199389729,0.09148658588428168,0.011928463317346257,0.0008887799995136447,1
6.682518482208252,0.015957776457071304,-0.06800614297389984,0.4108905792236328,0.0002475560902525032,0.00892506353086379,-0.006489685253398086,0.016452658097262596,-0.028953927943724977,-0.1396082861225536,-0.03528287261724472,-0.014108688570559032,-0.05112824961543083,-0.10256359966617166,0.6990204939434427,25.914355553349505,-0.03408602109008573,0.09140197995870405,0.011963555390611716,0.0029886779993830714,1
6.69256329536438,0.016035938635468483,-0.06809362024068832,0.4108230471611023,-0.005319860454800596,0.013399865577397007,-0.002643984965424022,0.016099489590702287,-0.028772295511646284,-0.14042446537159536,-0.02730223909020424,0.014425681903958314,-0.058590274304151535,-0.10436461094920975,0.7063762087831936,25.921334732305905,-0.032396512421855525,0.09053043770682041,0.011917333578194376,0.0009390690011059633,1
6.7025251388549805,0.0161143746227026,-0.06814549118280411,0.41074445843696594,0.0004638752802438563,0.010777425955960077,-0.007933729336739224,0.01575487719705304,-0.028877789667818288,-0.14111209531685853,-0.03128556162118912,0.004796966910362236,-0.06380265206098557,-0.10762808660771074,0.7058172673165923,25.926477183226552,-0.03262742346925772,0.08070248511839957,0.012116509900882191,0.0023294780003197957,1
6.712567090988159,0.0161143746227026,-0.06814549118280411,0.41074445843696594,0.0004638752802438563,0.010777425955960077,-0.007933729336739224,0.01575487719705304,-0.028877789667818288,-0.14111209531685853,-0.03128556162118912,0.004796966910362236,-0.06380265206098557,-0.10976695058693396,0.7056247801442314,25.927474762219752,-0.03216094330876398,0.08068429659465921,0.012168439096106381,0.0009466829997109016,1
6.722523212432861,0.0162352342158556,-0.0682900920510292,0.41060882806777954,-0.0031749748672932057,0.01516073848246135,-0.007253585852034018,0.015150327203538705,-0.028341994121817926,-0.14216874127827106,-0.040318429470062256,0.01614949479699134,-0.06715156883001328,-0.09761045303790614,0.70868264349224,25.91227988162599,-0.030678488343370836,0.07949914016492113,0.012138032607819708,0.002538176000598469,1
6.732517719268799,0.0162352342158556,-0.0682900920510292,0.41060882806777954,-0.0031749748672932057,0.01516073848246135,-0.007253585852034018,0.015150327203538705,-0.028341994121817926,-0.14216874127827106,-0.040318429470062256,0.01614949479699134,-0.06715156883001328,-0.09707389913536991,0.6969028608060096,25.924014118689403,-0.02553594548176201,0.0737994900425347,0.01226151775858051,0.0008003570001164917,1
6.742519378662109,0.016352225095033646,-0.06843414157629013,0.41047748923301697,-0.010326665441891881,0.017822072097359285,0.0003250793638395494,0.01456360331416251,-0.027236297505792706,-0.14345795283280527,-0.03970545157790184,0.036295179277658456,-0.07293727248907089,-0.10392889068019576,0.7053878655721311,25.921373752985318,-0.026218748427941353,0.06916928131296347,0.012394492382785359,0.0023327609997068066,1
6.752238512039185,0.016352225095033646,-0.06843414157629013,0.41047748923301697,-0.010326665441891881,0.017822072097359285,0.0003250793638395494,0.01456360331416251,-0.027236297505792706,-0.14345795283280527,-0.03970545157790184,0.036295179277658456,-0.07293727248907089,-0.09064472710734109,0.6893706602135934,25.905722301113634,-0.023973377068981505,0.0609866826451842,0.012464806622853554,0.0008602139987488044,1
6.762575626373291,0.016451003029942513,-0.06855746358633041,0.41037851572036743,-0.011677250307616271,0.01623866145670399,0.00522073824112613,0.013968579660789349,-0.02656026518232535,-0.1446367827765882,-0.042446069419384,0.04627593606710433,-0.0757325291633606,-0.08423444286671414,0.6820354714283398,25.890840138575225,-0.021101014959906718,0.05391797536581426,0.01258373719363002,0.002349873000639491,1
6.772527456283569,0.01647059991955757,-0.06857932358980179,0.41035333275794983,-0.0023664168986444216,0.015728384252215365,-0.005487682766347537,0.013968579660789349,-0.02656026518232535,-0.1446367827765882,-0.042446069419384,0.04627593606710433,-0.0757325291633606,-0.09897836215881725,0.6772335546235486,25.917063983718318,-0.02093283999485229,0.05303785562289117,0.012629085183776425,0.0009354379999422235,1
6.782665491104126,0.01653442159295082,-0.06864117085933685,0.4102945029735565,-0.00902521213160728,0.014015179263183315,0.0026946815139823775,0.013130010792012925,-0.025521298726401742,-0.1460381182515098,-0.03955172002315521,0.07690416276454924,-0.06157875061035157,-0.10069031918932017,0.6779686386253408,25.8994699447339,-0.020167074647752414,0.03531561255788364,0.012641794363845198,0.001698915999440942,1
6.792412042617798,0.016527138650417328,-0.06865522265434265,0.41028621792793274,-0.008041530218272381,0.0195290858132825,-0.0014503972951885834,0.012856299344357947,-0.02431739124120691,-0.14650111731680715,-0.04128437489271164,0.062452550977468484,-0.05976034328341485,-0.10164376287696429,0.6784301009987512,25.896863571312718,-0.020161208201925986,0.035011339230016966,0.012639612946952577,0.0009313859991380014,1
6.802491903305054,0.01658012717962265,-0.06870105117559433,0.4101947844028473,-0.003727220412107601,0.011968029675557754,-0.005955490282066864,0.012172532003652758,-0.02364017499430382,-0.1478699267892356,-0.04565279185771942,0.05847027897834777,-0.08206726610660554,-0.10294067079175737,0.6656922204056923,25.907464045858358,-0.017943317809714136,0.038805122553410676,0.012646518944794353,0.002952638000351726,1
6.81232476234436,0.01658012717962265,-0.06870105117559433,0.4101947844028473,-0.003727220412107601,0.011968029675557754,-0.005955490282066864,0.012172532003652758,-0.02364017499430382,-0.1478699267892356,-0.04565279185771942,0.05847027897834777,-0.08206726610660554,-0.1167990796698095,0.6725060710373676,25.921288580569964,-0.014488931553867773,0.038417580447416166,0.012902262860485068,0.0008050359992921585,1
6.822542905807495,0.016597086563706398,-0.06874971836805344,0.4100698232650757,-0.003213104208039586,0.01756002758289878,-0.008535742743518484,0.011406816918016816,-0.02232583141549327,-0.1492385134732661,-0.03521442785859108,0.07435761392116545,-0.08646972477436067,-0.12843094355670706,0.6632620081153168,25.930309586901462,-0.017373155461584064,0.02704532787911163,0.013118951402954975,0.0024569460001657717,1
6.832494735717773,0.016597086563706398,-0.06874971836805344,0.4100698232650757,-0.003213104208039586,0.01756002758289878,-0.008535742743518484,0.011406816918016816,-0.02232583141549327,-0.1492385134732661,-0.03521442785859108,0.07435761392116545,-0.08646972477436067,-0.13544016256756816,0.6577367038532116,25.931914596750715,-0.016872084458077967,0.026632549832159257,0.013172188374140966,0.0008351399992534425,1
6.84243631362915,0.01661972887814045,-0.06877309083938599,0.4099830985069275,-0.011462606199809029,0.0200406519205072,-0.0035441333909827467,0.011148750801449392,-0.021132446852015985,-0.15002609162477354,-0.03206707537174225,0.07315163314342497,-0.0839923992753029,-0.12379917839845533,0.650788320913631,25.91917788925677,-0.01758474830734057,0.02456969056805127,0.01321117621296329,0.002595239999209298,1
6.852522611618042,0.016623057425022125,-0.06875402480363846,0.4099150002002716,-0.006680689803212239,0.023548066605363974,-0.006607585122553132,0.010819907474432178,-0.020731990339220463,-0.15075007748836722,-0.02486366033554077,0.06594066321849822,-0.07476991415023805,-0.126118195285845,0.637098228784189,25.92569007714112,-0.01977799205224034,0.02660590264351289,0.013209346175624255,0.0008016829997359309,1
6.862507581710815,0.016608215868473053,-0.06875096261501312,0.4097711741924286,-0.01206665991377477,0.022694653133633887,-0.0033717521000677605,0.010598278867798072,-0.02000287868870121,-0.15152026105767824,-0.02575531043112278,0.053698755800724016,-0.08783096075057983,-0.11686143824913117,0.6316793890063217,25.91857847072882,-0.018984080095328516,0.03109963023466964,0.013339389865929113,0.002470915000230889,1
6.872535467147827,0.016619523987174034,-0.06874895095825195,0.40966877341270447,-0.005408983351988273,0.017640739754314936,-0.006241012821593608,0.010215599068579717,-0.019407337110696865,-0.1527107698332899,-0.0255816038697958,0.04191636666655539,-0.09143167734146118,-0.12818497118787045,0.6369690401615138,25.925531735998838,-0.018329168586570667,0.03465658782560841,0.01348134757223624,0.000799867999376147,1
6.882522344589233,0.01662416197359562,-0.06874848902225494,0.4096026122570038,-0.010493461120936833,0.022945488185177564,-0.0011164995291833792,0.010088883096097678,-0.018644543046457684,-0.1536283203096822,-0.017554830759763718,0.052942056208848946,-0.08393929898738861,-0.12528318096579943,0.6297221755162671,25.913217549221695,-0.021474966392167148,0.027566606210430025,0.013530957712585074,0.002382001999649219,1
6.892567157745361,0.01662374474108219,-0.06870612502098083,0.4095393121242523,-0.005549819350700648,0.021283764452155744,-0.005442955986152516,0.01006594800042393,-0.018322581677215677,-0.15439937092144618,-0.010052825324237347,0.027671676129102697,-0.08732898533344269,-0.1333021506091737,0.6282219369012096,25.922890727351316,-0.025309699729129765,0.03912189671073974,0.01361786013027765,0.0008036399995035026,1
6.90250825881958,0.016626451164484024,-0.0686887577176094,0.40948203206062317,-0.011743149210140106,0.022151142580563082,0.0011046060840650192,0.010024008813391827,-0.018056153477642223,-0.155302479696112,-0.0024059724528342485,0.020212922245264043,-0.0881558507680893,-0.12503606989688815,0.6271941803851329,25.90740468355235,-0.029051645968763834,0.04238421191968875,0.013697125859630517,0.0023697090000496246,1
6.912537574768066,0.016597608104348183,-0.06863784790039062,0.40944570302963257,-0.008697455448579342,0.023143541155006966,-0.0024271926312715093,0.010083582769872645,-0.017668592698118157,-0.1561075509529264,-0.004709518048912287,0.022075748071074475,-0.09174482524394989,-0.12003094974115167,0.6265758808548207,25.905103559033083,-0.02911055929247197,0.04242169464111569,0.013718609040685371,0.0010575270007393556,1
6.922498464584351,0.01661376841366291,-0.06859743595123291,0.4093802571296692,-0.0054938375015663645,0.022967359110291245,-0.0012911356614041275,0.010131285215667418,-0.017383785018437514,-0.15759963853221848,0.007876813411712646,0.030180200934410085,-0.09034530818462372,-0.1331228841073815,0.6229583651859877,25.911245850677815,-0.034244584909094794,0.0353522991942188,0.013911631691217891,0.0024794360015221173,1
6.9325854778289795,0.01661376841366291,-0.06859743595123291,0.4093802571296692,-0.0054938375015663645,0.022967359110291245,-0.0012911356614041275,0.010131285215667418,-0.017383785018437514,-0.15759963853221848,0.007876813411712646,0.030180200934410085,-0.09034530818462372,-0.1409952146557966,0.6206509644082915,25.912359975652667,-0.03440709214565104,0.034875740562289266,0.01395933308928306,0.0008050370015553199,1
6.942502498626709,0.01663537509739399,-0.06846838444471359,0.40929126739501953,-0.005326727892310776,0.026332790086232537,-0.0013433832021996549,0.010279678483483323,-0.017018483425389697,-0.15944749525373414,0.0051078880205750465,0.015507733449339856,-0.09126468747854233,-0.13875224327655167,0.6150178811397822,25.908632031071807,-0.034595760541491306,0.04197929664148241,0.014053887742905917,0.0023340180014201906,1
6.9525158405303955,0.01663537509739399,-0.06846838444471359,0.40929126739501953,-0.005326727892310776,0.026332790086232537,-0.0013433832021996549,0.010279678483483323,-0.017018483425389697,-0.15944749525373414,0.0051078880205750465,0.015507733449339856,-0.09126468747854233,-0.14347667428552655,0.6075256199816538,25.912455649205707,-0.03316878197557348,0.04131227295681911,0.014112254688988983,0.0007926039997983025,1
6.962503910064697,0.016641847789287567,-0.06831537932157516,0.4092310070991516,-0.006640722175831955,0.026578791494890515,-0.0003110689445427188,0.010616869001279117,-0.01666453092785103,-0.16140541166999256,0.013851815834641457,0.016844134777784334,-0.09961298853158951,-0.1376439322362194,0.6011169694602613,25.906128957831488,-0.03858435135917422,0.03760794332158926,0.01427530013616143,0.002481392000845517,1
6.9725377559661865,0.016641847789287567,-0.06831537932157516,0.4092310070991516,-0.006640722175831955,0.026578791494890515,-0.0003110689445427188,0.010616869001279117,-0.01666453092785103,-0.16140541166999256,0.013851815834641457,0.016844134777784334,-0.09961298853158951,-0.14109524163758616,0.599531757722411,25.90951468473795,-0.038584989832309353,0.039658522158203736,0.014363284652937583,0.0008401680006500101,1
6.982519626617432,0.016667161136865616,-0.06815196573734283,0.4092012047767639,-0.007111581017597657,0.02698224224588068,0.0016951629668872138,0.010741279456348174,-0.016365581226352788,-0.16239938200605675,0.01412217877805233,0.014639200642704952,-0.0985143780708313,-0.14291994456890117,0.5971169515660172,25.90482787350606,-0.03904775650118311,0.039978641642426586,0.014439820179012715,0.002473778999046772,1
6.992532968521118,0.016696318984031677,-0.06805428862571716,0.4091964364051819,-0.003365864951154635,0.028443485527655493,0.0031116335259390696,0.01108318787774909,-0.016234740341376508,-0.16392595092388662,0.018121158704161644,0.0086118597537279,-0.10582037270069122,-0.15235564788656397,0.5912389207621195,25.90046157903492,-0.0418561278592266,0.042271806720472836,0.014617039093230186,0.0008208220006054034,1
7.002913236618042,0.016743920743465424,-0.06796662509441376,0.40920504927635193,-0.006267096160532146,0.02631851109531224,0.003963960831292453,0.011301560598344196,-0.016148721095732732,-0.1649964173049714,0.019723599776625633,0.006952291354536998,-0.10200498253107071,-0.15280147328536156,0.593573970082202,25.897483418139295,-0.043576071975797756,0.04315107526082009,0.014698124578968326,0.0024964090007415507,1
7.01224684715271,0.016762226819992065,-0.06788191944360733,0.4092305302619934,-0.004673465335543786,0.029002925433712433,0.004764259832698301,0.011301560598344196,-0.016148721095732732,-0.1649964173049714,0.019723599776625633,0.006952291354536998,-0.10200498253107071,-0.1530715684691795,0.5949825145783076,25.897040928058317,-0.04359643772875037,0.0431689300208086,0.014719745600627214,0.0008274570009234594,1
7.02249002456665,0.016822727397084236,-0.06776881217956543,0.4092484712600708,-0.0015465908362743417,0.028649080532154425,0.0035911926758646706,0.01197689526714818,-0.016071594644837983,-0.1676373419926538,0.026400038972496986,-0.0026989134494215384,-0.10841431468725204,-0.15597898004494304,0.5886891303024785,25.894820233642744,-0.04331438243581648,0.04305579202459447,0.01472873303344878,0.0008555339991289657,1
7.032524824142456,0.01686086319386959,-0.06767434626817703,0.4092726409435272,-0.0059943215580690575,0.028987869696071696,0.006365515328602793,0.012342202213778464,-0.016110482677574645,-0.16858177430402943,0.029666505753993988,-0.015399637632071984,-0.10343439877033234,-0.16486192051311802,0.5857599413501118,25.897518884294048,-0.04857794573722581,0.04735781848213025,0.014948597654245062,0.0030297470002551563,1
7.042264938354492,0.01686086319386959,-0.06767434626817703,0.4092726409435272,-0.0059943215580690575,0.028987869696071696,0.006365515328602793,0.012342202213778464,-0.016110482677574645,-0.16858177430402943,0.029666505753993988,-0.015399637632071984,-0.10343439877033234,-0.15960756005893695,0.5850756774040033,25.890486179301767,-0.05139069533674205,0.054304091683683234,0.015018189244319137,0.0009577879991411464,1
7.0522685050964355,0.016910092905163765,-0.06755789369344711,0.4092920422554016,-0.0006477225480716787,0.02894075951819148,0.0039842902580958595,0.012660092571803006,-0.01638761463933891,-0.16976416069874878,0.03670685738325119,-0.015404055826365962,-0.10919060558080673,-0.1680238755637141,0.5835661530920334,25.895692348876793,-0.05575070712754488,0.054726622142676186,0.015165785600472326,0.0010598320004646666,1
7.062280178070068,0.016970353201031685,-0.06745822727680206,0.4093114733695984,-0.004331978792298882,0.027469359377235995,0.005415546747708054,0.013098164349559571,-0.016457374375473233,-0.1708055006565048,0.03720667585730553,-0.022948361933231368,-0.11415080726146698,-0.1652246552222241,0.5875706849375468,25.892568364944626,-0.057557280012266634,0.05901470223356211,0.01529799399906722,0.0010701689989218721,1
7.072573661804199,0.017079021781682968,-0.0672144815325737,0.409351646900177,-0.0021278033935425086,0.02630730718370107,0.0031912000852000835,0.014206804376001081,-0.017133253705254425,-0.1735875494383312,0.04367462918162346,-0.028451902791857733,-0.1106104701757431,-0.16384136733005103,0.5807915795701426,25.895894514567626,-0.06015485229365315,0.06112436706289581,0.015344860839797173,0.002845913999408367,1
7.082565546035767,0.017079021781682968,-0.0672144815325737,0.409351646900177,-0.0021278033935425086,0.02630730718370107,0.0031912000852000835,0.014206804376001081,-0.017133253705254425,-0.1735875494383312,0.04367462918162346,-0.028451902791857733,-0.1106104701757431,-0.1668106989593774,0.5893441658570097,25.89829909512461,-0.06409942460122796,0.06359859209176312,0.015495983689770954,0.0008202620010706596,1
7.092578649520874,0.017186589539051056,-0.0669768899679184,0.4093804359436035,0.00019446483651916228,0.029047334500980862,0.0006221390212556589,0.014672177149033239,-0.017596575051651797,-0.17476593754491,0.04515901952981949,-0.03637270256876947,-0.11316981166601181,-0.17125498472556816,0.5876203064519796,25.905379854656942,-0.06591910377103996,0.06877839727248725,0.015629538769993807,0.0025448119995417073,1
7.1025309562683105,0.017250364646315575,-0.06687932461500168,0.40938815474510193,-0.0058054279669814335,0.02800821892480182,0.0035769897928787688,0.015158623848991137,-0.01786417657819417,-0.17593516761337158,0.048525791615247726,-0.0455090142786503,-0.10982799530029297,-0.16042803385577076,0.5915871541956825,25.898538178382218,-0.06923279552743597,0.07471578236298294,0.01570022798075863,0.0007979819984029746,1
7.112624645233154,0.01729414612054825,-0.06674506515264511,0.4093964099884033,-0.00012724149335501352,0.030911104712445413,-0.0008805177198955813,0.01572276009796303,-0.0182452314057846,-0.1769079791471122,0.048324182629585266,-0.05205028131604196,-0.11505770683288574,-0.1636413262006517,0.5866567441386867,25.9093431730445,-0.0696531928505424,0.07818660242246492,0.015824588662300337,0.002596426000309293,1
7.122305631637573,0.017374463379383087,-0.06662767380475998,0.40937986969947815,-0.003385288157616191,0.027287285790805704,0.0003602908780715904,0.016462146327465454,-0.018999156412311535,-0.17867231033375752,0.04723937809467316,-0.04976874962449075,-0.11445291340351105,-0.15925193466060844,0.5932908018428679,25.907637786794066,-0.07246038967934962,0.0800221596549456,0.01595459323655062,0.0007822670013410971,1
7.132549524307251,0.017410576343536377,-0.0664927065372467,0.4093860685825348,-0.0029699355002673986,0.0321442410363442,-0.0013232356644959577,0.01675555658420924,-0.019146241394656816,-0.17917782248505043,0.05058611184358597,-0.04003842175006868,-0.1107289046049118,-0.15583036360559122,0.5870353716388502,25.911820605361886,-0.07409490000105814,0.07547694072243985,0.016004269288327853,0.002560666000135825,1
7.142520904541016,0.01749086193740368,-0.0663648396730423,0.4093506634235382,-0.001086267581699642,0.02842159565638249,-0.0018097862366893728,0.01749720393551879,-0.020099393690033995,-0.18095634548858452,0.05163155868649483,-0.04979521036148073,-0.10721410810947418,-0.15379677337247,0.582882985451963,25.912427218745627,-0.07454822594391472,0.07559029329791922,0.01601829400978323,0.0007886230014264584,1
7.152547836303711,0.0175703763961792,-0.06610455363988876,0.4093157649040222,0.0027065226616120267,0.029119130212096368,-0.007524045176233018,0.018072845265800552,-0.020521153989788488,-0.1818662013243122,0.04616802930831909,-0.07605956494808198,-0.10730738192796706,-0.15602107811810564,0.5889574863940191,25.913952339283444,-0.07755940780862265,0.08296089959195241,0.016102523996709837,0.002887541999371024,1
7.162240266799927,0.0175703763961792,-0.06610455363988876,0.4093157649040222,0.0027065226616120267,0.029119130212096368,-0.007524045176233018,0.018072845265800552,-0.020521153989788488,-0.1818662013243122,0.04616802930831909,-0.07605956494808198,-0.10730738192796706,-0.16171808050443245,0.5900153159444783,25.929456911680557,-0.07642138602692809,0.09713675790706727,0.016162860187001162,0.0008185160004359204,1
7.172264814376831,0.017632467672228813,-0.0659983903169632,0.40927618741989136,-0.007737838137997088,0.02752502272157065,0.000774120075504634,0.01912649755274254,-0.02155109610294481,-0.18429305479966196,0.04986414685845375,-0.05195677280426027,-0.1206677258014679,-0.1445830902697378,0.5988291264168253,25.909819815197025,-0.08163750355801434,0.08913107714911446,0.016430041049631493,0.002552844000092591,1
7.1825292110443115,0.017654940485954285,-0.06586305052042007,0.40925779938697815,-0.0028286630278278884,0.03295046091678008,-0.006905842977147575,0.019670769368377528,-0.02259592136895705,-0.18545167853830602,0.053837455809116364,-0.06040921807289125,-0.11076363921165465,-0.13855222729342265,0.5921244257353018,25.927339931944328,-0.08463124709911464,0.09591797529677376,0.016508193621005654,0.0008583280014136108,1
7.192563056945801,0.017718743532896042,-0.06574656814336777,0.40919703245162964,-0.004316907839661607,0.023768397091693365,-0.0022433693135647994,0.019670769368377528,-0.02259592136895705,-0.18545167853830602,0.053837455809116364,-0.06040921807289125,-0.11076363921165465,-0.13669052518791533,0.6079861945235625,25.917763256572876,-0.085582579634697,0.09594352636233285,0.01652558245832336,0.0026598459990054835,1
7.2026238441467285,0.017733057960867882,-0.06566301733255386,0.40917935967445374,-0.0058205721304639664,0.028289649714796104,-0.0008550474301205908,0.02036373617799736,-0.023101573908768103,-0.18720326386667052,0.0470830500125885,-0.05336127057671548,-0.11174506694078445,-0.13042867739307715,0.6080801128199723,25.91274398337749,-0.0838223534310715,0.0940681267876477,0.01664311904889807,0.000935018000745913,1
7.21251916885376,0.017811069265007973,-0.06554100662469864,0.4091115891933441,0.002891338916471897,0.027728361965891138,-0.0080014578691185,0.020730734580125088,-0.023915588163530455,-0.18842536374274488,0.03901917487382889,-0.031119359657168402,-0.11755684018135071,-0.14527888884377163,0.6068979263157278,25.93098136359584,-0.08023800639956127,0.08339225498611366,0.016816973410665306,0.0024850230001902673,1
7.222309827804565,0.017841914668679237,-0.06544088572263718,0.40909650921821594,-0.009921996057249985,0.026540493802539852,0.0030228482136914693,0.021349278541806793,-0.024095110509585904,-0.1902395668464436,0.03365502133965492,-0.02503822557628156,-0.12478382885456085,-0.12922734614601614,0.6119463316681497,25.904665725975846,-0.08021543344338275,0.0828418089542031,0.01701314178541943,0.0007934419991215691,1
7.232515573501587,0.017871633172035217,-0.06530193239450455,0.40906843543052673,0.0013580486559160564,0.0313426330948552,-0.006070002939084414,0.02166722317639236,-0.02495658813609225,-0.19151570343574198,0.02945476770401001,-0.050466556102037444,-0.12080813199281693,-0.13682335908650187,0.6011955875532733,25.925059990629276,-0.07795428349196722,0.09593514780612954,0.017105333684385198,0.0024139910001395037,1
7.242518186569214,0.01793479733169079,-0.06520425528287888,0.40901464223861694,-0.006460272675728658,0.021762056371620268,0.0008737891700855766,0.021962309339120356,-0.024802316003431635,-0.19277839812182496,0.021223273128271103,-0.036436192691326155,-0.12323349714279175,-0.141579519694785,0.5943092667026522,25.92818455286402,-0.0783779180318461,0.09736594924465697,0.017129028045345066,0.0007908570005383808,1
7.252507925033569,0.017916344106197357,-0.06509945541620255,0.40901488065719604,-0.009626868113496554,0.030646992861625574,-0.001063028112762178,0.02229267759006115,-0.025144100150988447,-0.1939043580647839,0.01839330419898033,-0.014366023242473618,-0.12950964272022247,-0.13467593254113472,0.6130304953949155,25.91026260538619,-0.07621434155813439,0.09041040382785528,0.017223784205565182,0.0029702390002057655,1
7.262515068054199,0.017916344106197357,-0.06509945541620255,0.40901488065719604,-0.009626868113496554,0.030646992861625574,-0.001063028112762178,0.02229267759006115,-0.025144100150988447,-0.1939043580647839,0.01839330419898033,-0.014366023242473618,-0.12950964272022247,-0.12014354838333566,0.6060741446567757,25.912666697480947,-0.07490761268092246,0.08069359521411223,0.0173812217980581,0.0008066430000326363,1
7.27252197265625,0.0179202388972044,-0.06476787477731705,0.40887296199798584,-0.0035400856503681674,0.028488677061707737,-0.008427290113234424,0.022878735704756625,-0.0253385752648021,-0.1970112647521507,0.021229945123195648,0.0011363271623849721,-0.11996103078126907,-0.10921965966364318,0.6112244649655387,25.910122983009707,-0.08010512015978169,0.08205280521740833,0.017442947860464564,0.0027432419992692303,1
7.282575845718384,0.017930058762431145,-0.06469674408435822,0.408804714679718,-0.010037937696371771,0.019907837902189245,-0.0005238526870996566,0.022873941967230582,-0.025429367606114806,-0.19837471930470185,0.0038474425673484802,-0.011904833838343636,-0.12907610833644867,-0.11873203540362326,0.6086201544083161,25.93253406758841,-0.07810641848678754,0.07282879187187442,0.017589002900866013,0.002567092000390403,1
7.292550802230835,0.017930058762431145,-0.06469674408435822,0.408804714679718,-0.010037937696371771,0.019907837902189245,-0.0005238526870996566,0.022873941967230582,-0.025429367606114806,-0.19837471930470185,0.0038474425673484802,-0.011904833838343636,-0.12907610833644867,-0.11468110272919031,0.6256177771594539,25.915136302575753,-0.07044881467087041,0.07977456504884783,0.017739297621280063,0.000804197999968892,1
7.302512884140015,0.017871946096420288,-0.06457345187664032,0.4087758958339691,-0.010251840254186819,0.030523779166889416,-0.004825367037721534,0.023146488974033375,-0.025058712325141563,-0.19949132003814896,0.013782212510704994,0.01579654216766356,-0.12292063236236572,-0.10880344530267018,0.613939744444932,25.923971339041547,-0.07491611488881972,0.06528310355301228,0.017845249166592657,0.0023158589992817724,1
7.312391996383667,0.017868423834443092,-0.06448196619749069,0.40869826078414917,-0.006057341468028125,0.019301915671302676,-0.006328776902922552,0.0231218505575006,-0.02532587483789861,-0.20079805062247358,0.0018502315506339073,0.0015642503276467163,-0.13168060779571533,-0.11784699789029644,0.6290252828997678,25.929519393074916,-0.07007410281902296,0.0722871636846131,0.01799603894689726,0.0008191450015146984,1
7.322494029998779,0.017825759947299957,-0.06439387798309326,0.40866678953170776,-0.015381190967603974,0.02968566527267122,0.0017258988662940033,0.023145363098979743,-0.024839700438992196,-0.20212576509328928,-0.0098011065274477,0.012904577888548359,-0.13310940563678741,-0.10152393464289527,0.6158666007256518,25.909169417292595,-0.06343762906953004,0.06632427078959423,0.01811974005047101,0.002350361999560846,1
7.332516670227051,0.017767932265996933,-0.06427961587905884,0.40862295031547546,-0.007446067616171863,0.019752240010973362,-0.006676565809509343,0.023096503949915803,-0.02464363926444335,-0.20317250587728708,-0.003686764044687152,0.033107236027717576,-0.13499777019023895,-0.09160040318722487,0.6079700120734286,25.90614864079501,-0.06337224397093087,0.06617054718887189,0.01815547085665958,0.0008207509999920148,1
7.342518329620361,0.017742523923516273,-0.06421052664518356,0.4085689187049866,-0.012839650275922815,0.024513458645547583,0.0015205064322728185,0.023081910807551065,-0.023957550600042676,-0.20525593444134627,-0.01757478341460228,0.009660851210355743,-0.12156058847904205,-0.108015745056058,0.6236934381289878,25.92792683853239,-0.0670189314362487,0.054682803282252564,0.01828505892189162,0.003262051999627147,1
7.352549076080322,0.017693480476737022,-0.06408228725194931,0.40854182839393616,-0.007682945792417644,0.026411427321503683,-0.003934991026618718,0.022931298004079448,-0.02387661490268833,-0.2064170621436756,-0.022764425724744797,0.04988036304712294,-0.126138374209404,-0.11827757842278952,0.6149235078874756,25.924200664539764,-0.056649186267276615,0.04421582919134617,0.01845082963607307,0.0007984009989741025,1
7.362491607666016,0.017676912248134613,-0.06400635838508606,0.40848293900489807,-0.01004751904175403,0.01926750897604956,-0.0033621154467770495,0.022931298004079448,-0.02387661490268833,-0.2064170621436756,-0.022764425724744797,0.04988036304712294,-0.126138374209404,-0.12424590920018257,0.6094087303859641,25.923744345169432,-0.056303725985443656,0.04394453813642476,0.01849570993948242,0.0009086859990929952,1
7.372501611709595,0.017508452758193016,-0.06382343173027039,0.40843281149864197,-0.009394401076201707,0.01801772067582673,-0.004482964490388848,0.02246973802954777,-0.022749402528577267,-0.20875354821382341,-0.02955460362136364,0.060689974576234804,-0.12534195184707642,-0.12588900885666904,0.6228458328419488,25.922245831207736,-0.05702386941301496,0.04403232856151657,0.018503056803463612,0.0025842039995040977,1
7.382527589797974,0.017508452758193016,-0.06382343173027039,0.40843281149864197,-0.009394401076201707,0.01801772067582673,-0.004482964490388848,0.02246973802954777,-0.022749402528577267,-0.20875354821382341,-0.02955460362136364,0.060689974576234804,-0.12534195184707642,-0.13161311362643716,0.6313603339594469,25.92509646471634,-0.05235256065031845,0.035354542031563296,0.018651717934288603,0.0008604229988122825,1
7.392317295074463,0.01742764189839363,-0.06376715004444122,0.4084036946296692,-0.016483066634095222,0.022655036282807604,0.0031729533795032045,0.021885054966437778,-0.022321620202482517,-0.2109219012353325,-0.04430864006280899,0.030536439269781095,-0.13488318026065826,-0.11702703111146784,0.6250500235180528,25.905511389493505,-0.04303788462689709,0.04966259613125945,0.01883722502464005,0.0024041430006036535,1
7.402848958969116,0.01734953559935093,-0.06365743279457092,0.40838822722435,-0.008047693911912639,0.022544374563331932,-0.004762591359518312,0.021512815358280868,-0.021872724284745626,-0.2120436509506649,-0.04645019397139549,0.04806040972471236,-0.12537704408168793,-0.12769249900156837,0.6177302687267019,25.923651645006448,-0.040508833889063435,0.03918129244477255,0.01892751273409935,0.0009654710011091083,1
7.412475109100342,0.017296746373176575,-0.06357967853546143,0.4083569645881653,-0.014714168686798416,0.021486102009684913,0.003805455768748155,0.02098621392129374,-0.02172125651388912,-0.21353054629998613,-0.05188976973295212,0.03597360476851462,-0.11972445994615555,-0.12076325801163938,0.6151999145476496,25.903861573989218,-0.03652088060064827,0.045139263974442644,0.018968665109926085,0.0024087530000542756,1
7.422547340393066,0.017191024497151375,-0.06346461921930313,0.40838515758514404,-0.014304475217166823,0.026295464748230232,0.003571564124982663,0.02054152723538394,-0.02102378856621545,-0.21462686970187805,-0.05183519050478935,0.022255960851907716,-0.12049734592437744,-0.11504840406489342,0.6013890048177453,25.901528313681883,-0.03473567451547715,0.05013405409713795,0.019046721805638735,0.0008106940003926866,1
7.432521343231201,0.01710881106555462,-0.06337501853704453,0.4083685278892517,-0.01401463205096171,0.016309866950068762,0.001339185520037193,0.019901879084955443,-0.021209535990320383,-0.21591577957138997,-0.05761798471212387,0.02044880390167235,-0.12090369313955307,-0.11601616127356196,0.6135813081704433,25.907072894701283,-0.03094185290482246,0.051442206939278645,0.019144549621847015,0.002440184000079171,1
7.442538499832153,0.016975490376353264,-0.06330142170190811,0.4084039032459259,-0.019197936560996512,0.021871522450048957,0.0075448751478766635,0.019431410328256682,-0.02057520401940538,-0.2172068342567881,-0.055962830781936646,0.023966927081346494,-0.13389362394809723,-0.11661924913404598,0.6209525921960739,25.907887761791134,-0.03084659107693943,0.051463774147976184,0.01917191759739488,0.0008217990016419208,1
7.452526092529297,0.01688169687986374,-0.06320107728242874,0.40840595960617065,-0.01012964087914091,0.01896705289404905,0.00020472380631445745,0.018596095612325225,-0.020766017540036597,-0.219207734919038,-0.05387825146317482,0.025160893797874437,-0.12133800983428955,-0.1051680332575474,0.6131843008373996,25.89152533781948,-0.02989945266565041,0.04838429915845498,0.019359731827510423,0.0031056679999892367,1
7.462536334991455,0.01677720807492733,-0.06311342865228653,0.40843042731285095,-0.01989381032690982,0.02231813023414521,0.011073251254831025,0.018154223637098177,-0.020120655573419466,-0.22042835614455614,-0.049670957028865814,-0.014913150109350697,-0.13249912858009338,-0.1181216713171947,0.6098684559263456,25.908587007001056,-0.028540925528378946,0.04748180376529647,0.019454740625644385,0.0009679160011728527,1
7.4725306034088135,0.01654772087931633,-0.06290797144174576,0.4084627628326416,-0.01709646879464021,0.019986713568389672,0.00776729919026354,0.01772216427616158,-0.02047727640864272,-0.22165902593101539,-0.041300512850284576,0.023720119148492796,-0.13522030413150787,-0.10231628061563963,0.6023736699946628,25.882396992029477,-0.02931795700497566,0.0664724616256304,0.019591327156117843,0.002591607000795193,1
7.482554197311401,0.016394926235079765,-0.06279637664556503,0.40850749611854553,-0.016591172293934,0.022414965770806726,0.004807007037225371,0.017229782652417924,-0.019884738756756004,-0.22359701875879345,-0.035507675260305405,0.024253822863101942,-0.12932612001895905,-0.10122159907614159,0.6013757280920983,25.88707214870484,-0.032317494235509864,0.048249855954925966,0.01978453003776522,0.0025653450011304813,1
7.492518424987793,0.016394926235079765,-0.06279637664556503,0.40850749611854553,-0.016591172293934,0.022414965770806726,0.004807007037225371,0.017229782652417924,-0.019884738756756004,-0.22359701875879345,-0.035507675260305405,0.024253822863101942,-0.12932612001895905,-0.10072224976793956,0.5945830480324896,25.89542611044656,-0.03355251216463443,0.046028790471092394,0.019914563790200044,0.0008399590005865321,1
7.502547979354858,0.016183676198124886,-0.06259507685899734,0.40851038694381714,-0.019238923845765355,0.021413932170717503,0.006935961539525762,0.016583527646229612,-0.02007956602312211,-0.22641498953703199,-0.02928195707499981,0.0041549182496964775,-0.1282101571559906,-0.10810075355871249,0.5946985610726443,25.90396210966828,-0.033840209391024036,0.0708078046096906,0.019979537367477866,0.0023894050009403145,1
7.5125813484191895,0.016183676198124886,-0.06259507685899734,0.40851038694381714,-0.019238923845765355,0.021413932170717503,0.006935961539525762,0.016583527646229612,-0.02007956602312211,-0.22641498953703199,-0.02928195707499981,0.0041549182496964775,-0.1282101571559906,-0.0974016582404386,0.5921620149815756,25.892357416980392,-0.03494838424699463,0.05724684382342745,0.020123209109800425,0.0008109030004561646,1
7.522486925125122,0.01606414094567299,-0.062486905604600906,0.4085010290145874,-0.014255298158381129,0.019472897666260293,0.0016195155974553543,0.01637370033688157,-0.020427920972699187,-0.22753818725384667,-0.0257742740213871,-0.017829511314630526,-0.1358264684677124,-0.09911152362829048,0.5927098594839966,25.904778017862245,-0.036220070409314124,0.06850051901202653,0.02027546767567325,0.0008083190004981589,1
7.532491445541382,0.01592254638671875,-0.06237232685089111,0.4085020422935486,-0.02030013889783367,0.021869407850827235,0.006568424405494831,0.01617408729223735,-0.02038874711599048,-0.2289750597283975,-0.017095156013965607,-0.022334609180688875,-0.13822869956493378,-0.08572568625456507,0.5898919687971239,25.893524589727114,-0.03987262250955562,0.07139573834019874,0.020423429876305032,0.0008048270010476699,1
7.54248833656311,0.015775108709931374,-0.06224746257066727,0.40849778056144714,-0.012595039294073662,0.020779097681225912,-0.0009263056489770637,0.016041567213366914,-0.020526789439744952,-0.23022786331027945,-0.015011375769972801,-0.0077034686692059205,-0.13555635511875153,-0.09438983863793343,0.5872218103131834,25.911680353906746,-0.04046054424496452,0.06387503144801471,0.020547290068134126,0.0007982610004546586,1
7.552494525909424,0.015662219375371933,-0.06212381273508072,0.4084666669368744,-0.0176680334123179,0.02081174377037194,0.0036149884137318344,0.01593147133534556,-0.02083419112833651,-0.23165834495755977,-0.008805370889604092,-0.029592350125312823,-0.13681471347808838,-0.09962583655731769,0.5855818561036994,25.91438201843099,-0.040488311572073526,0.06376828001164893,0.020578912598387213,0.0011194789985893294,1
7.562488079071045,0.015662219375371933,-0.06212381273508072,0.4084666669368744,-0.0176680334123179,0.02081174377037194,0.0036149884137318344,0.01593147133534556,-0.02083419112833651,-0.23165834495755977,-0.008805370889604092,-0.029592350125312823,-0.13681471347808838,-0.08959004435584456,0.5862613320639585,25.9029200628964,-0.04340007179101843,0.07600713668932498,0.020666620671045643,0.0008299010005430318,1
7.572582960128784,0.01538617443293333,-0.061867740005254745,0.4084033966064453,-0.01569134188123059,0.02512413819806824,-0.002274649683861183,0.015734875529892278,-0.02132366039020317,-0.2349878307478832,-0.009551317431032658,-0.03718891739845277,-0.13359352946281433,-0.08235038772462873,0.5756709010902274,25.916880675392072,-0.04200274495935525,0.08098051607591565,0.02087270323682163,0.002449752000757144,1
7.58289909362793,0.015221749432384968,-0.06170884147286415,0.40837544202804565,-0.02169936224417475,0.0236836251510118,0.001543499511835737,0.015738520937389477,-0.021546643299049872,-0.23631780478267173,0.0001920820213854313,-0.04224038124084475,-0.1419849991798401,-0.077682034727642,0.5690265503817664,25.91910554738795,-0.0420249227516847,0.08145638963659199,0.020929248932516183,0.0009471020002820296,1
7.592451810836792,0.014933627098798752,-0.06142845377326012,0.4082632064819336,-0.020229114428620614,0.024043759193819073,0.0005360047822298087,0.015722428934082266,-0.022155055355070896,-0.23773418765481003,-0.002971565816551447,-0.02556815370917322,-0.13225813210010529,-0.061591992250885394,0.5711064980560636,25.909375903139495,-0.04718093988881748,0.08508468749334033,0.021087895343433586,0.002931613998953253,1
7.60235333442688,0.014933627098798752,-0.06142845377326012,0.4082632064819336,-0.020229114428620614,0.024043759193819073,0.0005360047822298087,0.015722428934082266,-0.022155055355070896,-0.23773418765481003,-0.002971565816551447,-0.02556815370917322,-0.13225813210010529,-0.05362709734400164,0.5697128099888069,25.91098488232991,-0.04552237434323657,0.07846004867120325,0.02115869886647856,0.0008196340004360536,1
7.612381458282471,0.014620428904891014,-0.06111704185605049,0.40814638137817383,-0.01975779796073983,0.02582301757100201,-0.0004316730772777977,0.015899658010850803,-0.02297423486344874,-0.24114945337916316,0.008891239762306213,-0.041226532310247435,-0.13716129958629608,-0.04999983918772679,0.5714591903144551,25.918568035026976,-0.04855931862705091,0.09114744443696728,0.021350790920259485,0.002931125000031898,1
7.622320890426636,0.014620428904891014,-0.06111704185605049,0.40814638137817383,-0.01975779796073983,0.02582301757100201,-0.0004316730772777977,0.015899658010850803,-0.02297423486344874,-0.24114945337916316,0.008891239762306213,-0.041226532310247435,-0.13716129958629608,-0.04254616937915413,0.5660441410428663,25.915344728126023,-0.051779893376054854,0.08871829493577318,0.02147951050179504,0.0009064519999810727,1
7.63243842124939,0.014469758607447147,-0.06095828115940094,0.4080965220928192,-0.017741448063281,0.0203490991230037,-0.001106647908453095,0.015988560500581173,-0.023158813528163957,-0.24253538036825883,0.012559691444039345,-0.03558300435543062,-0.13684125244617462,-0.0449585977269468,0.5738888259547527,25.916798432482405,-0.05437081605108384,0.08608552690035319,0.021609900646297735,0.002493963998858817,1
7.642240047454834,0.01431826688349247,-0.06080108880996704,0.4080517292022705,-0.020479620064731044,0.02568012742301508,0.0005702832004256909,0.016237423707329945,-0.023590286563782925,-0.243901313271925,0.012809023261070251,-0.036358971148729345,-0.14590157568454742,-0.036281100862966875,0.567947971854869,25.91274534430265,-0.054841214665133996,0.08801602823985462,0.02179314008519428,0.0008412160004809266,1
7.652438640594482,0.014154545962810516,-0.06060899794101715,0.4080202579498291,-0.0195633594546446,0.02368964112190496,-0.0007298339709936954,0.01647382410696796,-0.024048761073589553,-0.2460037879703223,0.012014608830213547,-0.03835879638791086,-0.13435223698616028,-0.03223793790512074,0.5681949342267008,25.915680653059315,-0.05528536730183046,0.09026055660479375,0.021886272870632936,0.002370337999309413,1
7.662301778793335,0.014154545962810516,-0.06060899794101715,0.4080202579498291,-0.0195633594546446,0.02368964112190496,-0.0007298339709936954,0.01647382410696796,-0.024048761073589553,-0.2460037879703223,0.012014608830213547,-0.03835879638791086,-0.13435223698616028,-0.029805257584460128,0.5683423365174392,25.91611107968778,-0.05528936361842629,0.0902893581787642,0.02191186996560153,0.0008171190002030926,1
7.672330141067505,0.013805857859551907,-0.06025712192058563,0.40796953439712524,-0.02039744065250889,0.027271647467655046,0.0006013135964583531,0.016873735455176675,-0.02445993658432677,-0.2488061161945061,0.014523467049002647,-0.012583777308464068,-0.1451435685157776,-0.02097410444059163,0.5682990273523609,25.914035291175413,-0.05632116481023892,0.08708256053728305,0.021977781746721818,0.003076613000303041,1
7.682323217391968,0.013805857859551907,-0.06025712192058563,0.40796953439712524,-0.02039744065250889,0.027271647467655046,0.0006013135964583531,0.016873735455176675,-0.02445993658432677,-0.2488061161945061,0.014523467049002647,-0.012583777308464068,-0.1451435685157776,-0.019494309040455612,0.5604787032946517,25.91248131261307,-0.057391065436055794,0.07866792567705987,0.02221288156172994,0.0008129990001179976,1
7.692306995391846,0.013233582489192486,-0.05966704338788986,0.4079490005970001,-0.02023899337596474,0.02402417568355716,0.0017892367864160898,0.01723466340442803,-0.024634938968075115,-0.2513899604365788,0.01795518398284912,-0.004519626498222367,-0.128835067152977,-0.011410529031526812,0.5686978938778902,25.907871724582797,-0.05602358540396747,0.08106203776963028,0.022289272477698876,0.0028824430009990465,1
7.702328205108643,0.013233582489192486,-0.05966704338788986,0.4079490005970001,-0.02023899337596474,0.02402417568355716,0.0017892367864160898,0.01723466340442803,-0.024634938968075115,-0.2513899604365788,0.01795518398284912,-0.004519626498222367,-0.128835067152977,-0.013961323453162434,0.566757921568536,25.908444023033653,-0.060355149897408276,0.07499185066856207,0.02234623221727188,0.0008587470001657493,1
7.712307453155518,0.013026859611272812,-0.05948857590556145,0.40796762704849243,-0.026557993529709792,0.025373767409447832,0.005174140867328577,0.017441593027327507,-0.02453863378428167,-0.2535727803530383,0.016062965616583824,0.005645779892802222,-0.13546371459960938,-0.0019266324952433057,0.5652586017727197,25.899413621862386,-0.06013280327623025,0.07011853933381927,0.022544865407900957,0.002713068000957719,1
7.722332954406738,0.01283431425690651,-0.05925673991441727,0.40798115730285645,-0.018002379566590697,0.028744256178803294,-0.0005236470013868804,0.017697991007328273,-0.02452340694348587,-0.254846051740794,0.011274853721261024,-0.0026296516880393193,-0.13285575807094574,-0.008861533018473242,0.5522387177810737,25.91320627162489,-0.05797717799841426,0.07346845858118625,0.022657672721676538,0.0008111120005196426,1
7.732327699661255,0.012659057043492794,-0.05904221534729004,0.40797775983810425,-0.02466207095900473,0.024727240890320953,0.006079913095794971,0.017846635002181976,-0.0245158678896904,-0.25636171803264096,0.02096238173544407,0.020457088947296125,-0.13817869126796722,-0.0034957709070255506,0.556338302600135,25.89768632306267,-0.06371777702138895,0.062447457270058605,0.02284568979471628,0.002521832000638824,1
7.742326498031616,0.01243587490171194,-0.05879521742463112,0.408016562461853,-0.022145137882491808,0.03285883425814148,0.002901962267757212,0.018155289774582695,-0.024102159334281836,-0.25752905176513297,0.02496417984366417,0.008001955226063713,-0.13242167234420776,0.0008927907871125879,0.5399764172474627,25.903701973961685,-0.06585283223474335,0.06730332474255911,0.02292179846960158,0.0008140460013237316,1
7.752287149429321,0.012254582718014717,-0.05853794142603874,0.4080084562301636,-0.022782819312865486,0.024501193338228054,0.0022798101413026776,0.018457996195882398,-0.024183899064114556,-0.2589941740776647,0.030831122770905495,0.0203716531395912,-0.131547212600708,6.900633056976203e-05,0.5493201596377529,25.906141511363632,-0.07046180180986035,0.06132453823355827,0.02304501141542608,0.0025152670004899846,1
7.762300252914429,0.011999673210084438,-0.05832187086343765,0.40804558992385864,-0.029533531060789403,0.028784007197064115,0.006339416830798115,0.018903406500769382,-0.02345349219156878,-0.260846238010338,0.027919193729758263,0.041524711996316896,-0.12948112189769745,0.013834481118805256,0.5486557728989229,25.89551326743381,-0.0700875278942836,0.04927715542447681,0.023181393735780608,0.0008236849989771144,1
7.7723305225372314,0.011771841906011105,-0.058051444590091705,0.4080512225627899,-0.02081433506415733,0.029429893010468923,-0.002701702279381481,0.019091540411990238,-0.02352547765520452,-0.2615850188501443,0.03491724655032158,0.042510721832513795,-0.13081207871437073,0.0057745794882398446,0.5439490632024162,25.917860921777656,-0.0735559193933028,0.04796438083766096,0.023297136962331492,0.002400720999503392,1
7.78232479095459,0.011546065099537373,-0.05783897638320923,0.4080541431903839,-0.029761350274044366,0.02357827823727506,0.007902502097449964,0.019664282738995453,-0.022663397256667217,-0.26365858720806123,0.036574095487594604,0.017840165644884092,-0.13904762268066406,0.01579877011338414,0.5578787384491618,25.893029438266247,-0.07639289940926264,0.05966461047305936,0.023498906787742895,0.0008197039987862809,1
7.792490005493164,0.011295180767774582,-0.05758346617221832,0.40807926654815674,-0.022529946227864143,0.0307903254791249,0.0009003680365763065,0.020059876639981322,-0.022647224371726615,-0.2649776541315658,0.037939611822366714,0.027370966970920545,-0.13898847997188568,0.011956649390721026,0.5475299184217943,25.90789185530954,-0.07757176228583788,0.05347944735837516,0.023644410469648096,0.0028265669989195885,1
7.802368640899658,0.011295180767774582,-0.05758346617221832,0.40807926654815674,-0.022529946227864143,0.0307903254791249,0.0009003680365763065,0.020059876639981322,-0.022647224371726615,-0.2649776541315658,0.037939611822366714,0.027370966970920545,-0.13898847997188568,0.010355122679962069,0.5407730227514871,25.910033790997225,-0.07817271739278876,0.053369610527520074,0.0236817665593866,0.0008270380003523314,1
7.812471151351929,0.010593395680189133,-0.05683562904596329,0.4080928564071655,-0.022323477642838135,0.024205832069780633,-0.00217306078287839,0.021248707478171536,-0.02199227972382012,-0.2683617611559921,0.04488995671272278,0.01368337217718361,-0.13910406827926636,0.022470533306838084,0.5400811824377549,25.901641104372082,-0.07699774745200659,0.059727878278340356,0.02382875935917034,0.0027457560008770088,1
7.822395324707031,0.010593395680189133,-0.05683562904596329,0.4080928564071655,-0.022323477642838135,0.024205832069780633,-0.00217306078287839,0.021248707478171536,-0.02199227972382012,-0.2683617611559921,0.04488995671272278,0.01368337217718361,-0.13910406827926636,0.015771563695267693,0.5520355020096634,25.91700258930041,-0.0856436328397933,0.05830543706843848,0.023941864446505392,0.0009362750006403076,1
7.8324713706970215,0.010344395413994789,-0.05662093684077263,0.40810874104499817,-0.029986891887688816,0.024399036548993863,0.006069120485210861,0.021740282494909113,-0.02152581086183636,-0.26979379052999874,0.05657330900430679,0.03412625566124915,-0.13556607067584991,0.025367213834044527,0.5630349860348327,25.897323083018016,-0.09308341181040507,0.047425798436047994,0.0240521936892811,0.0025325189999421127,1
7.8424084186553955,0.010080831125378609,-0.05635060369968414,0.408130019903183,-0.023998388940131378,0.028167182631213726,-0.0005724168138355456,0.022391664876606043,-0.02131212213357525,-0.27103127008940797,0.0518476665019989,0.0064774770289659335,-0.13727688789367676,0.024674165531807436,0.5592312665625117,25.911936463796483,-0.09227111102834168,0.06002634148133851,0.024150690992361373,0.0008041279997996753,1
7.852486610412598,0.009842938743531704,-0.056133933365345,0.40812617540359497,-0.030191606664722204,0.0200807408966362,0.0034832330092702834,0.022770086795911304,-0.02137767502358434,-0.2725498077675761,0.04766768217086792,-0.005828329827636498,-0.14019931852817535,0.03414371285580776,0.5775068788245814,25.903237858378052,-0.09220645428119628,0.06691008364231024,0.024271886317816627,0.0023603499994351296,1
7.862504243850708,0.009547587484121323,-0.0558943971991539,0.4081592559814453,-0.02861692858921003,0.029441683238646515,0.0017917705782528246,0.023446896200608247,-0.0209897094727296,-0.27382680555212113,0.052732329815626144,0.01832908391952513,-0.14059647917747498,0.0409431435700227,0.568396335364294,25.906316879756986,-0.09566282924432741,0.053966171126693885,0.024410122593923427,0.0007892520006862469,1
7.872517347335815,0.00929664634168148,-0.05566221848130226,0.40814176201820374,-0.027528343443291796,0.020227045107689325,0.0003724314407159778,0.024147387614032123,-0.02112645769802679,-0.2760037867206413,0.05304836109280586,0.020753480494022352,-0.14515702426433563,0.038166953117666214,0.5836764461101713,25.910437051929275,-0.09877390473148416,0.05259626054513389,0.024628877050227094,0.0024287989999720594,1
7.882524251937866,0.00929664634168148,-0.05566221848130226,0.40814176201820374,-0.027528343443291796,0.020227045107689325,0.0003724314407159778,0.024147387614032123,-0.02112645769802679,-0.2760037867206413,0.05304836109280586,0.020753480494022352,-0.14515702426433563,0.03647601324167514,0.5928947355977863,25.911032196939278,-0.09878457382549262,0.052583070210728264,0.024686021570513625,0.0007987500011950033,1
7.892508268356323,0.008733863942325115,-0.05519043281674385,0.40816694498062134,-0.023069640490591875,0.02341879727719115,-0.003341812638549356,0.02521960787660804,-0.021061619291269817,-0.27863664771656715,0.05417761579155922,-0.009702905081212536,-0.12879987061023712,0.05145931871943726,0.5839948863805611,25.89943940022401,-0.09782796403947325,0.0546072576363099,0.024619561924758317,0.003372617000422906,1
7.902345657348633,0.008733863942325115,-0.05519043281674385,0.40816694498062134,-0.023069640490591875,0.02341879727719115,-0.003341812638549356,0.02521960787660804,-0.021061619291269817,-0.27863664771656715,0.05417761579155922,-0.009702905081212536,-0.12879987061023712,0.04225489435019311,0.5851486311719576,25.919176328712762,-0.10201748809858079,0.06739213038085087,0.02470161090961889,0.0008437300002697157,1
7.912575721740723,0.007886026985943317,-0.05455832928419113,0.4081653952598572,-0.029467823721271,0.01669311483477543,0.0003208320064921296,0.026143266658196218,-0.020868080372473674,-0.2811619970420991,0.04291136935353279,0.011857176199555381,-0.1290827989578247,0.05540083837610887,0.5936086821752214,25.90093675861135,-0.09973467631593458,0.060784544658193225,0.024943583085526477,0.0026950479987135623,1
7.9224934577941895,0.007886026985943317,-0.05455832928419113,0.4081653952598572,-0.029467823721271,0.01669311483477543,0.0003208320064921296,0.026143266658196218,-0.020868080372473674,-0.2811619970420991,0.04291136935353279,0.011857176199555381,-0.1290827989578247,0.0551764321646662,0.6082838133593551,25.90945254372794,-0.09984384188097675,0.05661510488459723,0.02495191035261641,0.0008046170005400199,1
7.932516574859619,0.007281837053596973,-0.0541653074324131,0.4081757962703705,-0.024897502163939978,0.015437200411702804,-0.00342089939968286,0.027227461367564487,-0.020913557502963087,-0.2845335322257587,0.040202971547842026,0.018420506268739683,-0.13727551698684692,0.06911466648283088,0.6073234925031584,25.901075706726385,-0.10249695114454592,0.05984093774607331,0.025041455722321526,0.0024582030000601662,1
7.942489147186279,0.007281837053596973,-0.0541653074324131,0.4081757962703705,-0.024897502163939978,0.015437200411702804,-0.00342089939968286,0.027227461367564487,-0.020913557502963087,-0.2845335322257587,0.040202971547842026,0.018420506268739683,-0.13727551698684692,0.05508267708464519,0.6184680904825546,25.91924798222574,-0.10165898510044051,0.05302160773189354,0.025261790332113274,0.0007993789986358024,1
7.952512502670288,0.006985372863709927,-0.0539977140724659,0.408184677362442,-0.03695870908977445,0.01995500213977853,0.007800546931935328,0.02755846149766894,-0.020638994746911887,-0.2860768185156357,0.03528139740228653,0.022557064890861494,-0.12895643711090088,0.07406048503727503,0.6198873483202748,25.892206795736072,-0.10001259671870356,0.05125755820078608,0.025336560452211547,0.002264871000079438,1
7.96256685256958,0.0066518634557724,-0.05379562824964523,0.40821805596351624,-0.02892858265096813,0.01806585030740527,-0.001267232594613746,0.027971977184586105,-0.020550736979919826,-0.28706229009918927,0.0319121815264225,-0.009531877934932726,-0.142790749669075,0.07229428149143152,0.6223711191299852,25.9120425857761,-0.09956444319419173,0.06620497067410631,0.02549520649697281,0.0026052279990835814,1
7.972519636154175,0.00637716194614768,-0.053651321679353714,0.4081985056400299,-0.03146639485902297,0.013395669545072241,0.003182744152146241,0.028451771169689444,-0.020600893628222927,-0.28935128032689317,0.02836325578391552,-0.00764516135677697,-0.14410823583602905,0.0735687221453283,0.6349578198965538,25.903198550052807,-0.09966086008640554,0.06575991185297425,0.025687501243878648,0.0008164209993992699,1
7.982505798339844,0.006036010105162859,-0.05348353460431099,0.40826091170310974,-0.03497142682116444,0.01857979457852106,0.00721881817008193,0.0286937696632954,-0.020563741600431396,-0.290414309213161,0.024333007633686066,0.014471788890659794,-0.1294407993555069,0.07434240534833061,0.6425796275163669,25.901870032396015,-0.09962793569219586,0.0657477920991936,0.025738483853615404,0.0029803659999743104,1
7.992236614227295,0.005740063730627298,-0.053335562348365784,0.40825986862182617,-0.027426922351896966,0.010116887903185582,-0.0009426026025931638,0.028851434600722925,-0.020965647340493554,-0.29199848171262976,0.018557028844952583,0.017509676516056047,-0.12164052575826645,0.08461817134346099,0.6367929225631951,25.89080548271166,-0.09785418314374972,0.055100631946950314,0.02572358479306124,0.001052707999406266,1
8.002501010894775,0.005096917971968651,-0.05306008458137512,0.4083235561847687,-0.027387160102122714,0.012891122264684206,-0.0021479735405340095,0.029102406770645572,-0.020260040440610805,-0.2931645683154751,0.014449946582317352,-0.017678625881671923,-0.14240193367004395,0.07198427882588107,0.6488713688467034,25.910633349805323,-0.09600851987592082,0.05372348893623881,0.025772850311426555,0.0031447119999938877,1
8.012515544891357,0.005096917971968651,-0.05306008458137512,0.4083235561847687,-0.027387160102122714,0.012891122264684206,-0.0021479735405340095,0.029102406770645572,-0.020260040440610805,-0.2931645683154751,0.014449946582317352,-0.017678625881671923,-0.14240193367004395,0.07036348005420967,0.6501640885243096,25.916560212334847,-0.09449130654487439,0.06931771170074193,0.02596333168208559,0.0008898980013327673,1
8.022521734237671,0.004433847032487392,-0.05284357815980911,0.4083688259124756,-0.03396272296840845,0.014188820329992571,-0.00037945672613044914,0.029223015629098903,-0.020292955828431936,-0.29691062689059944,-0.000500991940498352,0.0355374440550804,-0.12762877345085144,0.08108830308046239,0.6644832105432468,25.902115022137586,-0.08835058895376131,0.04330387144511348,0.026170424281676166,0.002791922999676899,1
8.032614469528198,0.004433847032487392,-0.05284357815980911,0.4083688259124756,-0.03396272296840845,0.014188820329992571,-0.00037945672613044914,0.029223015629098903,-0.020292955828431936,-0.29691062689059944,-0.000500991940498352,0.0355374440550804,-0.12762877345085144,0.08872027036589573,0.6595659081551534,25.910283910265015,-0.08722484240596416,0.043349299482101956,0.026238200595039687,0.0012289269998291275,1
8.042387008666992,0.004149308428168297,-0.05274143069982529,0.40832462906837463,-0.029040413028342607,0.005240715891982149,-0.0019169910733305509,0.029223015629098903,-0.020292955828431936,-0.29691062689059944,-0.000500991940498352,0.0355374440550804,-0.12762877345085144,0.0780578885563064,0.673329982073664,25.91564009849914,-0.08790253157604686,0.042673188356446734,0.02626954376542395,0.002577917999587953,1
8.052521705627441,0.003813757561147213,-0.05267096683382988,0.40833476185798645,-0.036321092600168296,0.010284268771735154,0.005038539432143791,0.029108917281663427,-0.01962504160875911,-0.2992040860711289,-0.017719876021146774,0.005352419801056369,-0.12579847872257233,0.09175291944320707,0.671942343998205,25.898079130871217,-0.07880583506616844,0.05660653401295736,0.026335183588666395,0.0008192840014089597,1
8.062487602233887,0.003499668324366212,-0.0525590255856514,0.4083162248134613,-0.028246274525582024,0.007301776897636777,-0.004719498537763943,0.02894222504336197,-0.01965926610318869,-0.3003940736591537,-0.02188471332192421,0.041876949369907365,-0.13707365095615387,0.0802417916212535,0.6742602579939956,25.921267111397107,-0.07611311897123678,0.037909176915651106,0.026579150028297454,0.0023432379985024454,1
8.072516202926636,0.0031887476798146963,-0.05252067744731903,0.4082791209220886,-0.03687959917588594,0.0022513760066032247,0.003576691518781597,0.028567433372439943,-0.01926506245936732,-0.301842308132271,-0.038225460797548294,0.01613888517022131,-0.13764438033103943,0.08955020397138576,0.6883681780553346,25.902833641500912,-0.06766361700926901,0.0499194439869777,0.026672323081511833,0.0008090170013019815,1
8.082498550415039,0.002831090707331896,-0.05242821201682091,0.4082779884338379,-0.03260325233788468,0.009666232178379619,-0.0029201682444699117,0.028358622116614995,-0.018579853628738263,-0.3029673179369192,-0.03436584025621414,0.058047242462635026,-0.1364537477493286,0.08843871566571081,0.6795390562746215,25.91732264328315,-0.06789093007927181,0.0271055547873656,0.026834156253680738,0.0008122300005197758,1
8.092538118362427,0.002531706588342786,-0.052381984889507294,0.4082181751728058,-0.030959838820392823,-0.0017664415345096292,-0.0035379842099322162,0.027591921016803855,-0.01816151610298755,-0.3050551892092197,-0.05129843205213547,0.03290503472089766,-0.13437092304229736,0.07772769580034083,0.6952385571315065,25.92108101562711,-0.059447355763061344,0.03817670307969662,0.026942294330889505,0.002436061999105732,1
8.102539539337158,0.0018773756455630064,-0.05227980390191078,0.4081422686576843,-0.026680665078960185,-0.0008323051504229223,-0.007853736174414629,0.027163289749681407,-0.017495853982449017,-0.30626559335369663,-0.05827818065881729,0.03031541779637335,-0.13756829500198364,0.07197096708155845,0.70496369765097,25.921799452281096,-0.05818401783406311,0.03782972877938865,0.026974255845429815,0.0010108700007549487,1
8.112293004989624,0.0018773756455630064,-0.05227980390191078,0.4081422686576843,-0.026680665078960185,-0.0008323051504229223,-0.007853736174414629,0.027163289749681407,-0.017495853982449017,-0.30626559335369663,-0.05827818065881729,0.03031541779637335,-0.13756829500198364,0.06177223314871457,0.7059233540850647,25.93362461492779,-0.05323371271658263,0.03691448082828934,0.027079216785030457,0.002146483999240445,1
8.122466325759888,0.0012550565879791975,-0.05224073678255081,0.40807974338531494,-0.031022542590647774,0.004614845088897223,-0.0025796651095600096,0.025753923357795916,-0.016313138670392302,-0.3094370039930108,-0.05522406846284866,0.05759940668940543,-0.12658782303333282,0.06485323411823488,0.70750458675586,25.913870169740115,-0.05072392509736221,0.020521872967043372,0.027257818806982498,0.0028652609998971457,1
8.132494449615479,0.0009706232813186944,-0.052250936627388,0.40803152322769165,-0.02917772534391903,-0.006998629378056706,-0.0025599471104744043,0.02502554374885424,-0.016304034375144383,-0.31079967061739344,-0.06597688794136047,0.025599982589483244,-0.12851384282112122,0.06706698074846701,0.6951378854023094,25.918865319392044,-0.050099667442675425,0.02019573617501826,0.027299585903483706,0.002544811000916525,1
8.14249062538147,0.0009706232813186944,-0.052250936627388,0.40803152322769165,-0.02917772534391903,-0.006998629378056706,-0.0025599471104744043,0.02502554374885424,-0.016304034375144383,-0.31079967061739344,-0.06597688794136047,0.025599982589483244,-0.12851384282112122,0.05967732934028104,0.7097672145051341,25.91969107392436,-0.04376150172874763,0.03563325558024509,0.027364514864578967,0.000803640001322492,1
8.152514457702637,0.00034663002588786185,-0.05224338918924332,0.4080277979373932,-0.025600358851428036,-0.006229220310520137,-0.005048705272343501,0.02384879768100978,-0.015447449455180617,-0.3131482362454898,-0.06039546802639961,0.04388637840747832,-0.13587427139282227,0.07433547561998669,0.694464589690764,25.901685084399105,-0.043538068019313834,0.03877069835181329,0.027414665743120917,0.002463093000187655,1
8.162514686584473,0.00034663002588786185,-0.05224338918924332,0.4080277979373932,-0.025600358851428036,-0.006229220310520137,-0.005048705272343501,0.02384879768100978,-0.015447449455180617,-0.3131482362454898,-0.06039546802639961,0.04388637840747832,-0.13587427139282227,0.05569242558408117,0.7045265056843592,25.923819595744277,-0.042776860962590126,0.024063898225277394,0.027647983085008095,0.000803640001322492,1
8.172505617141724,5.1477880333550274e-05,-0.05229908227920532,0.4080273509025574,-0.03459650644951024,-0.001578723689785925,0.005724790011384933,0.02326770127641664,-0.015030389197041583,-0.31472088919509833,-0.058408088982105255,0.016853619366884218,-0.11884358525276184,0.06802576501458624,0.7038940592202987,25.898750812523257,-0.04194366725646195,0.037100378123289625,0.027621471226622906,0.002381303000220214,1
8.182511806488037,-0.0002853760670404881,-0.052287038415670395,0.4080602824687958,-0.02912153291780346,-0.0018600477521751775,-0.0009675113299713439,0.022465030090346616,-0.014857341711872696,-0.31635544980669605,-0.06617821007966995,-0.0017102952115237884,-0.1401348114013672,0.06634853195337838,0.6998575032863168,25.91267314781894,-0.03566255511132341,0.04553932848310208,0.02786407116722974,0.0008061540011112811,1
8.192535877227783,-0.0005517572280950844,-0.05235162749886513,0.40803930163383484,-0.02880148017805831,-0.010777780467785795,0.004453582265874817,0.021873678390954776,-0.014494941041979459,-0.3179210041312577,-0.06338236480951309,0.0008069300092756578,-0.13935042917728424,0.05706129015956351,0.7151071148682171,25.900493669533233,-0.03604590620370246,0.04308680775963105,0.028040149594352734,0.002380674999585608,1
8.202308177947998,-0.0008629830554127693,-0.05237432196736336,0.40809231996536255,-0.029706381249474723,0.000919090824161546,0.006467694413743377,0.02136910653098667,-0.014221254385610393,-0.31898985917016365,-0.059512052685022354,-0.00823659729212524,-0.13065528869628906,0.06207052529110902,0.6984963131731555,25.89351850567642,-0.03614294130245209,0.04761231460978422,0.028071185680886606,0.0008233360003941925,1
8.212520837783813,-0.0014265661593526602,-0.05249404162168503,0.4081405997276306,-0.03270361197881097,-0.004154162507974535,0.009987842217079728,0.020748141883932814,-0.014493247206110116,-0.32043697066996035,-0.041061170399188995,0.014277295209467397,-0.11876284331083298,0.06579982924067401,0.6888016683075906,25.89233204298554,-0.03548078925027712,0.04731463950844466,0.028082839552121378,0.0033712899985403055,1
8.222515344619751,-0.0014265661593526602,-0.05249404162168503,0.4081405997276306,-0.03270361197881097,-0.004154162507974535,0.009987842217079728,0.020748141883932814,-0.014493247206110116,-0.32043697066996035,-0.041061170399188995,0.014277295209467397,-0.11876284331083298,0.07089062703605557,0.6969523576409097,25.88262904253765,-0.043350243874570885,0.03700561615281433,0.028123495234966916,0.000809437000498292,1
8.232607126235962,-0.0019698250107467175,-0.05260481312870979,0.4081786572933197,-0.030493292943974903,-0.006997488598179601,0.010114837447363698,0.01995583238225107,-0.014684798605819172,-0.3229169263069984,-0.03398406505584717,-0.02258621156215669,-0.1212744265794754,0.05572625635703862,0.7046151731609993,25.908706875948194,-0.04477246774072737,0.05484248431533533,0.028282588897057585,0.003340138999192277,1
8.242401599884033,-0.0019698250107467175,-0.05260481312870979,0.4081786572933197,-0.030493292943974903,-0.006997488598179601,0.010114837447363698,0.01995583238225107,-0.014684798605819172,-0.3229169263069984,-0.03398406505584717,-0.02258621156215669,-0.1212744265794754,0.06267371075601028,0.7112063810514215,25.884661186501496,-0.04494901654110017,0.055842368861877115,0.028317607340996243,0.0008213799992518034,1
8.252572536468506,-0.002512914128601551,-0.05273197218775749,0.4082271456718445,-0.024112168996395716,-0.014846000109846902,0.002963811337145037,0.019377799606560053,-0.015136648277201736,-0.3262171796269886,-0.023213466629385948,-0.04252982139587404,-0.1292640119791031,0.05958241050434279,0.7099195818358922,25.898219197263515,-0.046458538684143603,0.05937299238061404,0.028432777873706124,0.0029756870007986436,1
8.262512922286987,-0.002512914128601551,-0.05273197218775749,0.4082271456718445,-0.024112168996395716,-0.014846000109846902,0.002963811337145037,0.019377799606560053,-0.015136648277201736,-0.3262171796269886,-0.023213466629385948,-0.04252982139587404,-0.1292640119791031,0.0500550624556093,0.7291254986946518,25.90179686462033,-0.04917754368543517,0.0663876407644771,0.028625081503247867,0.0008064329995249864,1
8.272551536560059,-0.002797209657728672,-0.05280493572354317,0.4082750678062439,-0.02756820433711705,-0.004300804210715113,0.007873772584900058,0.019416253452550603,-0.01485494549949573,-0.32755547275113006,-0.021832408383488655,-0.05771545320749284,-0.13145682215690613,0.0602149993073879,0.7202317167716289,25.8892883999064,-0.04917062858491156,0.07390923654232527,0.02875196185688887,0.00241385100162006,1
8.28252911567688,-0.003041071118786931,-0.05288152024149895,0.40826764702796936,-0.021124603956111807,-0.01529129540054332,-0.000881415446484812,0.019162857006282064,-0.01566350130280103,-0.3287351236332743,-0.006159043405205011,-0.019998773932456988,-0.13329467177391052,0.04456207716363434,0.737055426128845,25.910443845858783,-0.056915055056981925,0.056658643017460104,0.02893743706357919,0.0008122300005197758,1
8.292888402938843,-0.0033076407853513956,-0.052995335310697556,0.40827059745788574,-0.030835241323682955,-0.008524734401052864,0.008174283304775477,0.019162857006282064,-0.01566350130280103,-0.3287351236332743,-0.006159043405205011,-0.019998773932456988,-0.13329467177391052,0.06077380177924584,0.7387728938151709,25.889660633972657,-0.05676351470431075,0.05743612635064125,0.028962845111235012,0.0024130129986588145,1
8.302513599395752,-0.003589846193790436,-0.053053002804517746,0.4082774221897125,-0.021519673947039276,-0.01179807086596453,-0.0031380702181723757,0.01932534337731795,-0.016976495858645357,-0.3320580636525108,0.022040337324142456,-0.03681049868464471,-0.1365128457546234,0.053984405966264165,0.7453954330326741,25.91637385203701,-0.07120804502992537,0.06869621299836581,0.029222098129439676,0.0007993790004547918,1
8.312515258789062,-0.0038251890800893307,-0.05318694934248924,0.40822961926460266,-0.025563269943826506,-0.015111220769628241,0.002399725355286573,0.01967218178260932,-0.017156564312555744,-0.33353693616539415,0.02858687750995159,-0.042348589748144164,-0.12234031409025192,0.05604463454138894,0.7601411705589827,25.90566586145334,-0.07562054312651251,0.07222077264590558,0.029275376123956115,0.0024364109995076433,1
8.322564840316772,-0.00410241074860096,-0.053256530314683914,0.40824034810066223,-0.02485324629728004,-0.0071960919528619135,0.00014057385203939928,0.02000844102034538,-0.01795525182265978,-0.3346793937065806,0.03865700960159302,-0.05589217320084573,-0.1329384744167328,0.0654873139581775,0.7540731339860258,25.91019883576668,-0.0809417236175093,0.08065633607977123,0.029429085569574773,0.0007940699997561751,1
8.332520246505737,-0.0043362099677324295,-0.05336952209472656,0.4081786274909973,-0.02259611028978588,-0.019165501767402535,-0.003855403383654077,0.02036046586107343,-0.018822890916081914,-0.33625181652136593,0.04955486208200455,-0.06183734908699991,-0.11951231211423873,0.0716251734689493,0.7507109468396183,25.910831135943532,-0.08151292591045364,0.08188879133449536,0.029473079213323043,0.0031447119999938877,1
8.342519998550415,-0.0043362099677324295,-0.05336952209472656,0.4081786274909973,-0.02259611028978588,-0.019165501767402535,-0.003855403383654077,0.02036046586107343,-0.018822890916081914,-0.33625181652136593,0.04955486208200455,-0.06183734908699991,-0.11951231211423873,0.0648462389325102,0.776135721633087,25.921537305965995,-0.08894822033062968,0.08684824633713589,0.02949636339332862,0.0007974930013006087,1
8.352510213851929,-0.005133257247507572,-0.05373816937208176,0.40809714794158936,-0.02802456957397031,-0.013366294534068556,0.004719250246537054,0.021768006675853435,-0.020596978765707874,-0.33973160699226446,0.049621131271123886,-0.10141653567552568,-0.1325746476650238,0.06023065207339974,0.7840941261292041,25.930659265969464,-0.09114963420274563,0.08549077123802962,0.02972335441512048,0.0025107959991146345,1
8.362521171569824,-0.005133257247507572,-0.05373816937208176,0.40809714794158936,-0.02802456957397031,-0.013366294534068556,0.004719250246537054,0.021768006675853435,-0.020596978765707874,-0.33973160699226446,0.049621131271123886,-0.10141653567552568,-0.1325746476650238,0.08103755960332215,0.7914748479982225,25.902078402289277,-0.0929972159532514,0.11239087360616293,0.029828328014345984,0.0008164209993992699,1
8.372586250305176,-0.005683213006705046,-0.053993791341781616,0.40806564688682556,-0.025028465745592143,-0.018927258541810914,0.0011602375017665853,0.023171011434480082,-0.02229321547558527,-0.3422877119859331,0.07237116247415543,-0.0951158031821251,-0.12704654037952423,0.08297854283801888,0.8030273286068651,25.915128751928908,-0.10578368529238423,0.08923902937589112,0.029996839684344176,0.0027463850001367973,1
8.382305383682251,-0.005683213006705046,-0.053993791341781616,0.40806564688682556,-0.025028465745592143,-0.018927258541810914,0.0011602375017665853,0.023171011434480082,-0.02229321547558527,-0.3422877119859331,0.07237116247415543,-0.0951158031821251,-0.12704654037952423,0.0888669772808981,0.8199390416122995,25.909043975016566,-0.1089280498747842,0.1137583233567609,0.0300572273273349,0.0007984710009623086,1
8.392466306686401,-0.006250845268368721,-0.054241057485342026,0.408093124628067,-0.020983500502688174,-0.021928900719036373,-0.0023968240878080257,0.024859119905314753,-0.02411332223405438,-0.34569353399622216,0.06744006276130676,-0.0707591399550438,-0.1353192776441574,0.10392144955965259,0.8190623572296342,25.896935622273215,-0.10662631281163683,0.10254607587898124,0.030275802091887752,0.0024420000008831266,1
8.403455972671509,-0.006250845268368721,-0.054241057485342026,0.408093124628067,-0.020983500502688174,-0.021928900719036373,-0.0023968240878080257,0.024859119905314753,-0.02411332223405438,-0.34569353399622216,0.06744006276130676,-0.0707591399550438,-0.1353192776441574,0.093864576734526,0.8386601674733623,25.91545962873673,-0.11149487624466224,0.10658017213286812,0.030426543023324325,0.0009202809997077566,1
8.41248893737793,-0.006537443492561579,-0.054401472210884094,0.40811485052108765,-0.031594779547204285,-0.015355132795404692,0.008742938683030875,0.025618533038268776,-0.024311882262511908,-0.34694889376061155,0.0633670762181282,-0.07386424392461778,-0.12671999633312225,0.11437057215603949,0.8439452339405836,25.888597423516572,-0.11150450485918907,0.1098897737626256,0.030445549386594373,0.002611234000141849,1
8.422314882278442,-0.006537443492561579,-0.054401472210884094,0.40811485052108765,-0.031594779547204285,-0.015355132795404692,0.008742938683030875,0.025618533038268776,-0.024311882262511908,-0.34694889376061155,0.0633670762181282,-0.07386424392461778,-0.12671999633312225,0.12678618828170107,0.8471876377614957,25.884581752802173,-0.11148005738791929,0.10989279969294943,0.03045341810215193,0.0008254309996118536,1
8.432608842849731,-0.007435267325490713,-0.05484257638454437,0.4082028269767761,-0.030618674885842762,-0.014724249582069662,0.0057271216661007466,0.027070072046369464,-0.0260394018858916,-0.3502315300679575,0.05568716675043106,-0.05343532562255861,-0.1304323375225067,0.12751858484563033,0.8680898849688997,25.89654247681427,-0.10919194183375097,0.11622087682675335,0.030598894520081646,0.0024902620007196674,1
8.442227363586426,-0.007734931074082851,-0.05499893054366112,0.40822210907936096,-0.026678515804734255,-0.024612426439432608,0.0026899773675043807,0.027431177841300336,-0.027056547817096988,-0.351608641438133,0.042541101574897766,-0.0744626969099045,-0.12978437542915344,0.1375216620116713,0.8657010744916045,25.893207044436114,-0.11173062940037916,0.10471276391832145,0.03073580265138313,0.0010064699999929871,1
8.4524986743927,-0.008068017661571503,-0.05518609285354614,0.4082830250263214,-0.0329764000840471,-0.01756573661229934,0.009952701635597546,0.027954170303235326,-0.027220077978269863,-0.35300701486804,0.04157828167080879,-0.05202177911996843,-0.1386202871799469,0.13245561403961326,0.8839848289408567,25.900622830634116,-0.10715730611037774,0.11727205941138077,0.030836741445214116,0.002002393001021119,1
8.462292432785034,-0.008068017661571503,-0.05518609285354614,0.4082830250263214,-0.0329764000840471,-0.01756573661229934,0.009952701635597546,0.027954170303235326,-0.027220077978269863,-0.35300701486804,0.04157828167080879,-0.05202177911996843,-0.1386202871799469,0.14556240140457397,0.8849951204021117,25.88223459297943,-0.10766554616791764,0.10746982253389449,0.031017872757914015,0.0008060139989538584,1
8.472492933273315,-0.008729372173547745,-0.05550798028707504,0.40838027000427246,-0.036746129499705044,-0.0256510002207259,0.00830448136736123,0.028420403767979607,-0.02814582608223004,-0.35563658711476664,0.016022183001041412,-0.033962644636631026,-0.13233089447021484,0.1406219922778647,0.8868634802227945,25.894113476487814,-0.09996117906060811,0.10062926856350138,0.03109595462828507,0.0020425549992069136,1
8.482313871383667,-0.008729372173547745,-0.05550798028707504,0.40838027000427246,-0.036746129499705044,-0.0256510002207259,0.00830448136736123,0.028420403767979607,-0.02814582608223004,-0.35563658711476664,0.016022183001041412,-0.033962644636631026,-0.13233089447021484,0.15433540322575678,0.9086744248234102,25.885003388650713,-0.09710584477982019,0.10091950785742056,0.03119557253246342,0.0008356979997188319,1
8.49249267578125,-0.009097874164581299,-0.05568030849099159,0.40843912959098816,-0.030631552010674554,-0.020923857437980548,0.00384010058736202,0.028628216370181203,-0.028218504153869617,-0.3568915952006,0.005792213603854179,-0.027254085987806338,-0.1383737176656723,0.1548340897258855,0.9088416440990301,25.895330762838615,-0.0919258487641595,0.09739492713393016,0.03134920253168118,0.002420347000224865,1
8.502508163452148,-0.009442643262445927,-0.05587919056415558,0.40846219658851624,-0.03367789247744268,-0.02760054450219151,0.0036460567379159106,0.028574361815182137,-0.028383878647640248,-0.3589477993280217,-0.00855978112667799,-0.00815434847027065,-0.1316308081150055,0.15554827998284884,0.9257941746543811,25.897119765671064,-0.08525000457987292,0.08835152312738262,0.03147488764897716,0.0023796269997546915,1
8.512598991394043,-0.009846670553088188,-0.05607679858803749,0.40851375460624695,-0.037908830465642446,-0.02094297838099246,0.005795412463291399,0.028473145205980543,-0.028225116350855117,-0.36022097887439486,-0.017811067402362823,-0.005266154184937494,-0.1351097822189331,0.17017475360255827,0.9249573705968706,25.89150645702135,-0.07981972422670108,0.08685852521043264,0.03159032767193894,0.000803359998826636,1
8.52222204208374,-0.010220788419246674,-0.056272368878126144,0.40853556990623474,-0.031440340973623235,-0.028583633034472894,-0.0012714829998649588,0.02824147542156208,-0.028253053243939785,-0.3616155035234718,-0.024979595094919205,0.033371653407812105,-0.13110922276973724,0.15844790176549714,0.9378772598545256,25.909208736765347,-0.07587650947935679,0.06685448172876562,0.03174460541552479,0.0024998300013976404,1
8.532606363296509,-0.011016461998224258,-0.05668920651078224,0.4085664451122284,-0.0344922440030937,-0.02751931000869763,-0.0018556249369273926,0.028005373036385173,-0.027584857384186368,-0.36291819128746994,-0.031842321157455444,0.03770413994789122,-0.12834644317626953,0.1513773767842294,0.9456557940034598,25.91183216010997,-0.07580942267351803,0.06653440085684743,0.03177735245009611,0.000947660000747419,1
8.542294979095459,-0.011387786827981472,-0.05693493038415909,0.40853166580200195,-0.03529399295395828,-0.030145033587870386,-0.002143487175355699,0.02735888374886608,-0.027195313325348636,-0.3649246275984721,-0.04883758723735809,0.05128589645028113,-0.13689884543418884,0.15241820664070607,0.956695899961048,25.914378337057254,-0.06260879944503472,0.05539853570162853,0.032025012282215305,0.002507513998352806,1
8.552326679229736,-0.011816169135272503,-0.05714604631066322,0.4085369408130646,-0.04278575590569849,-0.025246587698377624,0.001547638554511321,0.026840759286485216,-0.026236006979616366,-0.3661815867242475,-0.05651883780956268,0.06907738745212554,-0.13567788898944855,0.15373109936021032,0.9643384688719385,25.914832840366202,-0.061490897703591584,0.05466496773353618,0.032090642002909446,0.001023371998599032,1
8.562322616577148,-0.012243891134858131,-0.0573849081993103,0.4084946811199188,-0.034863739706689933,-0.03372403312633644,-0.008021407666955175,0.026209747152662555,-0.02587977496369298,-0.3673157840889103,-0.062084950506687164,0.06717846542596816,-0.12153355777263643,0.1711429017409281,0.9634196141537886,25.90507389648553,-0.05595134733195857,0.043822011872453735,0.032177429709401344,0.00314331499976106,1
8.57232928276062,-0.012243891134858131,-0.0573849081993103,0.4084946811199188,-0.034863739706689933,-0.03372403312633644,-0.008021407666955175,0.026209747152662555,-0.02587977496369298,-0.3673157840889103,-0.062084950506687164,0.06717846542596816,-0.12153355777263643,0.16058562593657172,0.9768529991267939,25.929084970833234,-0.051693092998199436,0.04266220988719681,0.032178667987778416,0.0008235449986386811,1
8.58245301246643,-0.013077858835458755,-0.05783608928322792,0.4084104001522064,-0.03600106836824121,-0.029967569257053035,-0.008331130408661312,0.024779045511357012,-0.023974509052320236,-0.369917933309063,-0.08011038601398468,0.10173353552818297,-0.1275303214788437,0.17025469768509197,0.9713539195492532,25.914668936861144,-0.04299407519524578,0.042959187326743774,0.03229697367823458,0.002781795999908354,1
8.592486381530762,-0.013077858835458755,-0.05783608928322792,0.4084104001522064,-0.03600106836824121,-0.029967569257053035,-0.008331130408661312,0.024779045511357012,-0.023974509052320236,-0.369917933309063,-0.08011038601398468,0.10173353552818297,-0.1275303214788437,0.1603348816312377,0.973171482661655,25.93177419494258,-0.038053778360651026,0.02014131469730749,0.03245312956606465,0.0023784389995853417,1
8.602521419525146,-0.013077858835458755,-0.05783608928322792,0.4084104001522064,-0.03600106836824121,-0.029967569257053035,-0.008331130408661312,0.024779045511357012,-0.023974509052320236,-0.369917933309063,-0.08011038601398468,0.10173353552818297,-0.1275303214788437,0.15437532624446448,0.974246439227373,25.93431512479453,-0.03800407049860441,0.019767967036157373,0.03248152060023558,0.0008080390016402816,1
8.612498998641968,-0.013881401158869267,-0.0583050400018692,0.40829944610595703,-0.03973764125351457,-0.027027375431498274,-0.0021105824269040275,0.022619809653435574,-0.02165102288273335,-0.37298400200363835,-0.09630236029624939,0.08014649152755736,-0.1189396157860756,0.15823218482920517,0.9675588915293215,25.918990272011218,-0.02366105662790782,0.024297888915070284,0.032560649290575235,0.002439973999571521,1
8.622353792190552,-0.014270524494349957,-0.05855431780219078,0.4082217812538147,-0.031946320204318604,-0.03347744775676772,-0.009259753877304567,0.021652053306540964,-0.02098601148184942,-0.3743952055026156,-0.09580283612012863,0.1172177493572235,-0.118053175508976,0.13609741930545305,0.9719756445176715,25.93596983469363,-0.02105187054725428,0.0030873328198017524,0.03275214042512694,0.0008521119998476934,1
8.632511615753174,-0.014665733091533184,-0.05878882482647896,0.4081757068634033,-0.039919239628564404,-0.026620301631792513,0.000389752673075383,0.020638947514063144,-0.019434682471112463,-0.37551545799201635,-0.10452820360660553,0.08686115592718123,-0.1305830329656601,0.143717599102692,0.9634254437830012,25.913363290316063,-0.013620541003402792,0.014312813632260073,0.03288275909295027,0.0025719810000737198,1
8.642740488052368,-0.015455424785614014,-0.059271831065416336,0.40807414054870605,-0.03401503318337671,-0.030099861680797757,-0.0012123930201101759,0.019557077729303263,-0.018835535267395453,-0.3766624170602104,-0.10862091928720474,0.11768164485692977,-0.1247425600886345,0.1483291634258356,0.9583186059949788,25.910010919900518,-0.013501909931888809,0.014479409991978788,0.03293430734924489,0.000983212001301581,1
8.652483224868774,-0.0158404354006052,-0.059482041746377945,0.4080580472946167,-0.03257300331718331,-0.026818076157304974,-0.001374849699725507,0.018066202892492722,-0.016893969315427082,-0.3784181342759245,-0.10314160585403442,0.10406740754842757,-0.11764629930257799,0.13403595898951565,0.9585758915958816,25.914272748177407,-0.00839035486547116,-0.0032172657487419907,0.03302919374675858,0.0019406499995966442,1
8.662294864654541,-0.0158404354006052,-0.059482041746377945,0.4080580472946167,-0.03257300331718331,-0.026818076157304974,-0.001374849699725507,0.018066202892492722,-0.016893969315427082,-0.3784181342759245,-0.10314160585403442,0.10406740754842757,-0.11764629930257799,0.12288361329662804,0.9493374342439673,25.915632976319518,-0.006374923577156515,-0.002264611600496595,0.033093707389501785,0.000825780000013765,1
8.672537803649902,-0.016544390469789505,-0.059953175485134125,0.4080159664154053,-0.033372826931638004,-0.02691565257059757,0.003875457907585669,0.015933107566716842,-0.015036748907346631,-0.3808083439829879,-0.10652770847082138,0.0701390504837036,-0.11502663791179658,0.10614314033601965,0.9510815920363187,25.918680230215305,-0.0005151000200543177,0.0033970818353147242,0.033158996462024345,0.0033774359999370063,1
8.682514905929565,-0.016544390469789505,-0.059953175485134125,0.4080159664154053,-0.033372826931638004,-0.02691565257059757,0.003875457907585669,0.015933107566716842,-0.015036748907346631,-0.3808083439829879,-0.10652770847082138,0.0701390504837036,-0.11502663791179658,0.10705730451700682,0.9431838895758774,25.90292884418308,0.0014291879870514197,0.00956744810022408,0.03322361825699995,0.0020346620003692806,1
8.692293167114258,-0.01688438653945923,-0.060184236615896225,0.40799760818481445,-0.02676944183839861,-0.03174147230480158,-0.0024975776805421144,0.014899950971683396,-0.01450379979899541,-0.3818315660831444,-0.1014198511838913,0.06865413486957549,-0.11868178844451906,0.08990180183118568,0.9437521466925468,25.91760166820505,0.001768677418761863,0.008152996383234454,0.03335992284821214,0.0021682059996237513,1
8.702515363693237,-0.017538487911224365,-0.060623303055763245,0.40802904963493347,-0.023464609837147692,-0.028439960283956504,0.0012786632190232795,0.013117644481410284,-0.012932429551072655,-0.3842051792546197,-0.09130330383777618,0.07031984627246855,-0.11284876614809038,0.09320880958801926,0.932926703074063,25.894681335541115,0.001548371867765769,0.009407183223011074,0.033520086183572606,0.003264984999987064,1
8.712500095367432,-0.017538487911224365,-0.060623303055763245,0.40802904963493347,-0.023464609837147692,-0.028439960283956504,0.0012786632190232795,0.013117644481410284,-0.012932429551072655,-0.3842051792546197,-0.09130330383777618,0.07031984627246855,-0.11284876614809038,0.07450096241971053,0.9270498670611349,25.9066009040224,0.002277841495594187,0.0026700300343516442,0.03356197595477293,0.0008069909999903757,1
8.722300291061401,-0.01781010441482067,-0.06085602939128876,0.40803495049476624,-0.024220886202045926,-0.02799015989160772,0.007430268415454386,0.012236484011712623,-0.012610041591317955,-0.3854776373966584,-0.0883742943406105,0.032240707427263246,-0.116009421646595,0.06720272762184344,0.9222253451443938,25.892293178148602,0.0032058726708440754,0.02072134808719908,0.033632713732800565,0.000806922000265331,1
8.732499837875366,-0.018100125715136528,-0.06104685366153717,0.40809422731399536,-0.023907087615364232,-0.024059905947782248,0.007243994960226963,0.011133216944095636,-0.01180735242474995,-0.38712264557036224,-0.075346939265728,0.030423628166317926,-0.11976495385169983,0.06429034915660146,0.9107765986179193,25.890578889276743,0.00033029208907327766,0.019753988947419792,0.03380119879984845,0.002450449999741977,1
8.74232530593872,-0.018597636371850967,-0.06143484637141228,0.4081796109676361,-0.0212354719526107,-0.022217779852614663,0.010347484586164343,0.010417944143459312,-0.011616007623418412,-0.38838461926548185,-0.06772392988204956,0.03826595097780226,-0.11753875762224197,0.05722721151274976,0.8974222071143385,25.882218395782132,-0.00221237747225534,0.015364674856981037,0.033923151404808234,0.0008113919993775198,1
8.752304553985596,-0.018816374242305756,-0.06161320209503174,0.4082206189632416,-0.013214731884606434,-0.02649803064364517,0.0018631466534205492,0.009462995595450607,-0.011351283857809147,-0.3901009571982863,-0.06394661962985992,0.011615382507443412,-0.12074030935764313,0.05372731710105355,0.8907087194608382,25.88072505103254,-0.0013123473334950811,0.015059641420433032,0.03395183836980502,0.0031553280005027773,1
8.762333869934082,-0.018816374242305756,-0.06161320209503174,0.4082206189632416,-0.013214731884606434,-0.02649803064364517,0.0018631466534205492,0.009462995595450607,-0.011351283857809147,-0.3901009571982863,-0.06394661962985992,0.011615382507443412,-0.12074030935764313,0.03341817331625013,0.8889643265946847,25.902873534370006,-0.00048244957241696585,0.026767481741795003,0.03409234634796565,0.000828923000881332,1
8.772311449050903,-0.019186317920684814,-0.06194739043712616,0.40830788016319275,-0.0109131137249494,-0.0234112884268276,0.003938218089332483,0.00875364672684853,-0.011134679112226653,-0.3924302831395279,-0.0353287011384964,-0.013008421286940589,-0.11445190757513046,0.02778151499189674,0.8804697837200017,25.885467314275903,-0.011463413947719823,0.023388387106411092,0.03423113604424625,0.0031392639994010096,1
8.782321214675903,-0.019186317920684814,-0.06194739043712616,0.40830788016319275,-0.0109131137249494,-0.0234112884268276,0.003938218089332483,0.00875364672684853,-0.011134679112226653,-0.3924302831395279,-0.0353287011384964,-0.013008421286940589,-0.11445190757513046,0.017061688894307626,0.8767185424014374,25.89787183937848,-0.012509362958445272,0.03855766198997352,0.034269368001768684,0.0008238239988713758,1
8.792295217514038,-0.019324766471982002,-0.06211775541305542,0.4083230197429657,-0.008556960193580262,-0.020656719775552466,0.006768377961848358,0.008483952621132662,-0.011566979733933724,-0.39370002358258693,-0.029785681515932083,-0.026282876729965224,-0.11969922482967377,0.009437850980455492,0.8670405607275246,25.89228377955287,-0.014243047391553602,0.04658053218132161,0.034397420921752825,0.0024182519991882145,1
8.802340030670166,-0.019460877403616905,-0.06224127113819122,0.40836283564567566,-0.008987408985119865,-0.018165066897058817,0.006212033800205462,0.00847436919062794,-0.011665742693621084,-0.39537565124572227,0.0008409139700233936,-0.017941374331712737,-0.11370427161455154,0.0073169517176169575,0.8594853195717342,25.892689066525662,-0.02918780637620651,0.04299337472484152,0.03450862039635038,0.0008819359991321107,1
8.812325477600098,-0.019557615742087364,-0.062391359359025955,0.4083619713783264,-0.003161968076740532,-0.0227613673034962,0.0017952700178117307,0.008456900433589265,-0.012081866559827237,-0.3966467870616941,0.0021691881120204926,-0.03803334757685663,-0.11929188668727875,-0.0076514846760024225,0.8605909504751419,25.904450295383125,-0.030271257000818126,0.05350717926802687,0.03466639837491857,0.002617240999825299,1
8.822237253189087,-0.019648222252726555,-0.06251806020736694,0.4083765745162964,-0.00619184357496595,-0.01661442354438424,0.0046794549255755125,0.008506174413273282,-0.01201955150727585,-0.3972372034015188,0.004922559484839439,-0.0334196910262108,-0.1248815655708313,-0.005783581155504664,0.8516122874199107,25.89852417681103,-0.03138921480217764,0.05171246235705322,0.03477892912084946,0.000859236000906094,1
8.83248782157898,-0.019731583073735237,-0.06263167411088943,0.408378928899765,5.345307567278272e-06,-0.020792892259440518,-0.000778378097534063,0.008770907461668198,-0.012796025606761852,-0.3989738878857567,0.02164565399289131,-0.044892393052577986,-0.12174688279628754,-0.01866338283460169,0.8524138002286987,25.91200389465673,-0.04059626457070404,0.05896837896293005,0.034911632313404994,0.0025566849999449914,1
8.842851400375366,-0.01976604573428631,-0.06273756921291351,0.40836289525032043,0.001890869364102831,-0.016510326327762663,0.0017719239498090547,0.009131348507382508,-0.012978147215364277,-0.4002351431625275,0.03564535826444626,-0.038612291216850295,-0.11771766096353531,-0.0275208879886481,0.8441884921009675,25.90730785336308,-0.048280733882419574,0.05650559904217784,0.035004473502177884,0.0009616299994377187,1
8.852524757385254,-0.019782962277531624,-0.06282930821180344,0.4083540737628937,0.0036870003269878133,-0.015994427732637248,-0.0010030808668471073,0.0095075097315096,-0.013577963187056508,-0.4013137415840018,0.044293276965618134,-0.047313772141933455,-0.11539693176746368,-0.03426179817072758,0.8385752869797544,25.913935439855823,-0.053688627088816956,0.06243592607396491,0.035083820306689995,0.0024855129995557945,1
8.862325668334961,-0.019802946597337723,-0.0629902258515358,0.40830036997795105,0.001071234311161758,-0.014855760099373354,0.0004935518285524409,0.009958331573842738,-0.014079829040213099,-0.402513563311496,0.04511382803320885,-0.05292189866304399,-0.11200929433107376,-0.038355381215671,0.8351618286056005,25.914926441838375,-0.053785251909241424,0.062562354828486,0.03510411065597384,0.000932085000385996,1
8.872491359710693,-0.019802726805210114,-0.0630606934428215,0.40826842188835144,0.008348556741153913,-0.013634740868108692,-0.003236648631450072,0.010785458601422437,-0.015002162537275598,-0.4041731260273669,0.06407129019498825,-0.0713666155934334,-0.118124783039093,-0.04422838936473551,0.8291727817175387,25.921109690378703,-0.06582433917555158,0.0770934557920319,0.03531798854410375,0.001924375999806216,1
8.882299661636353,-0.019802726805210114,-0.0630606934428215,0.40826842188835144,0.008348556741153913,-0.013634740868108692,-0.003236648631450072,0.010785458601422437,-0.015002162537275598,-0.4041731260273669,0.06407129019498825,-0.0713666155934334,-0.118124783039093,-0.047996341558296365,0.8255623880296711,25.92213096429981,-0.06717706745908134,0.07863728729641542,0.03537183369943906,0.0008460349999950267,1
8.892475605010986,-0.01970783807337284,-0.06318211555480957,0.40819624066352844,0.00983567927272403,-0.01641320244306687,-0.0033640183963538507,0.012189406731984764,-0.01617421988140144,-0.40647768126889616,0.0714944526553154,-0.06066204980015756,-0.11354447156190871,-0.051881200614438516,0.825547403212392,25.918132052407827,-0.07189271876160531,0.07212814285411596,0.035425174878629256,0.0027557440007512923,1
8.902296543121338,-0.01970783807337284,-0.06318211555480957,0.40819624066352844,0.00983567927272403,-0.01641320244306687,-0.0033640183963538507,0.012189406731984764,-0.01617421988140144,-0.40647768126889616,0.0714944526553154,-0.06066204980015756,-0.11354447156190871,-0.05788979279031706,0.8316264364393092,25.922164650503834,-0.07521270388461143,0.07637404335757739,0.03552162356941571,0.0008237550009653205,1
8.912487983703613,-0.019574861973524094,-0.06324891000986099,0.4081396162509918,0.010491481387656734,-0.01177689560653657,-0.0018161376915929793,0.01417984389226401,-0.01783981634433962,-0.4092363656644835,0.0789685845375061,-0.06823918223381044,-0.10432142764329909,-0.05680192433179403,0.8204947530054169,25.918658685029772,-0.07958475059527195,0.0854827021259111,0.03566984457922081,0.0027076900005340576,1
8.92229676246643,-0.019574861973524094,-0.06324891000986099,0.4081396162509918,0.010491481387656734,-0.01177689560653657,-0.0018161376915929793,0.01417984389226401,-0.01783981634433962,-0.4092363656644835,0.0789685845375061,-0.06823918223381044,-0.10432142764329909,-0.05555333345101287,0.8226189607333294,25.91826808074153,-0.08441407426863774,0.08530959918970792,0.03568362926204722,0.0008328349995281314,1
8.932497262954712,-0.019504792988300323,-0.06326934695243835,0.4081152379512787,0.012948281748137986,-0.007526388744474271,-0.0013846522097381438,0.01499885424887859,-0.01858820310986742,-0.41048584609937944,0.08025646209716797,-0.07306940853595735,-0.11468336731195448,-0.05489855732548822,0.8143081877855267,25.91717804735651,-0.08707905607119303,0.08979483492881338,0.035844916625870256,0.002390035000644275,1
8.942342281341553,-0.019395744428038597,-0.06328760832548141,0.40809768438339233,0.016818349804192296,-0.01193575596058264,-0.0007006109725311668,0.015849562842177978,-0.01933038529391551,-0.4116251882899373,0.08403719961643219,-0.07381477206945421,-0.10884682834148406,-0.06596765117190007,0.8167962197473193,25.91528320438464,-0.09171979669508545,0.09188160593734658,0.035925276542032925,0.0008032200003071921,1
8.9524986743927,-0.019184431061148643,-0.06328536570072174,0.4081173241138458,0.014954088400838783,-0.007930753757926874,0.0020315232978024805,0.016729500339823122,-0.02003609128510897,-0.4127026780139369,0.088560551404953,-0.07470520585775377,-0.11051075160503386,-0.06463186148671893,0.813176042190712,25.90774736669961,-0.09509866333217713,0.09373895570048235,0.03602403122374789,0.0025104470005317125,1
8.962244987487793,-0.01908351294696331,-0.06328430026769638,0.4081382155418396,0.012129054362035966,-0.009514936281430466,0.003615492024248611,0.01803139463600134,-0.02114246287838517,-0.41438634352440396,0.08882300555706024,-0.07683969289064409,-0.11608711630105971,-0.06436183591250133,0.8106649627891703,25.906579293276515,-0.09638521682863321,0.09473087164501948,0.03604904533388534,0.0010631850000208942,1
8.97250485420227,-0.01898706704378128,-0.06326170265674591,0.4081777036190033,0.018430421361885094,-0.005905231987465233,0.0017184263392682607,0.018895944610749282,-0.021767016243210868,-0.4155468978539245,0.08463512361049652,-0.07739465683698656,-0.11918654292821883,-0.0584959246089786,0.8171839441977267,25.902043916220993,-0.10060346690767602,0.09915096564747414,0.0361950383065225,0.0026826160010386957,1
8.982303142547607,-0.018827304244041443,-0.06324551999568939,0.40820127725601196,0.020466982978735313,-0.009655681883651443,0.0014060939590880808,0.019773964012030465,-0.02261054573998411,-0.416786487947697,0.08557654172182083,-0.06908405572175981,-0.11567211896181105,-0.0638050750641489,0.8091136313257214,25.906325529768807,-0.10052584298823079,0.10089621553205323,0.03633445905933052,0.000983769999947981,1
8.992496728897095,-0.018700242042541504,-0.06322573870420456,0.4082571566104889,0.014922231679372627,-0.004923986805330955,0.007187824679460788,0.020643402721747695,-0.023243523656022447,-0.4178877175992728,0.09052637964487076,-0.061628017574548735,-0.10777930170297621,-0.059558412188179324,0.8078336018601368,25.892302879929453,-0.10733583474066492,0.09675052241019551,0.036438853681884854,0.00218734299960488,1
9.002296686172485,-0.018700242042541504,-0.06322573870420456,0.4082571566104889,0.014922231679372627,-0.004923986805330955,0.007187824679460788,0.020643402721747695,-0.023243523656022447,-0.4178877175992728,0.09052637964487076,-0.061628017574548735,-0.10777930170297621,-0.0573074343281485,0.8067691158748458,25.890060377861367,-0.10866294744146611,0.09753626964423869,0.036469024907159614,0.0008407969999097986,1
9.01250171661377,-0.018416214734315872,-0.0631646141409874,0.40838512778282166,0.015131653847552492,-0.006455249652861838,0.008538093437305086,0.02278594749985352,-0.02469359296038043,-0.42071874868564674,0.0837683156132698,-0.05939386039972307,-0.11173302680253981,-0.06940984837320091,0.8041085444064993,25.89742023736604,-0.1079425517597525,0.09738583032392131,0.0366445848337211,0.0025724000006448478,1
9.022339820861816,-0.018416214734315872,-0.0631646141409874,0.40838512778282166,0.015131653847552492,-0.006455249652861838,0.008538093437305086,0.02278594749985352,-0.02469359296038043,-0.42071874868564674,0.0837683156132698,-0.05939386039972307,-0.11173302680253981,-0.06456068474764189,0.809961767722107,25.886743048668855,-0.11168956667747071,0.1005241290754792,0.036722004486088,0.0008331830013048602,1
9.03250503540039,-0.018315130844712257,-0.0631214901804924,0.4084835648536682,0.019458857386682456,-0.006080390590296362,0.004372005424473892,0.023553046064378247,-0.025535794251746236,-0.4217105638204628,0.0789632573723793,-0.06458514183759691,-0.09910949319601058,-0.06771866311649105,0.8103235620941514,25.895868111277355,-0.11133568359632547,0.10530391464953254,0.03670718072029757,0.002613679000205593,1
9.042937755584717,-0.018315130844712257,-0.0631214901804924,0.4084835648536682,0.019458857386682456,-0.006080390590296362,0.004372005424473892,0.023553046064378247,-0.025535794251746236,-0.4217105638204628,0.0789632573723793,-0.06458514183759691,-0.09910949319601058,-0.06965383644967797,0.8105307781501806,25.897224412253742,-0.11132534680812656,0.10539461210530668,0.036700737892074536,0.0009443779999855906,1
9.05257272720337,-0.01799994707107544,-0.06306587904691696,0.4086334705352783,0.01731225084779731,-0.0030919336128102854,0.009723235874631402,0.025084973955340484,-0.026208023108719836,-0.42399654062723213,0.07390125095844269,-0.031849741935729994,-0.10602696239948273,-0.06805910381275539,0.8067452182319875,25.882675027103605,-0.11303471517172597,0.09121266286500555,0.03690805332238083,0.0025485830010438804,1
9.062329053878784,-0.017829539254307747,-0.063002809882164,0.40870359539985657,0.02500400795795553,-0.006111699889114473,0.003515460848305651,0.02572400269142383,-0.026910580250439686,-0.4252756053869562,0.06992655992507935,-0.048668388277292265,-0.10779018700122833,-0.08245843732143843,0.8053699333993566,25.89680677728455,-0.11295859984334954,0.10066802801423368,0.037057062689842483,0.0008500859985360876,1
9.07248067855835,-0.01759888045489788,-0.06294962018728256,0.40888285636901855,0.019343426465857783,-0.0032452486572274687,0.006208891047097403,0.026357046853008548,-0.02691720823310728,-0.4262600110717649,0.05740881338715553,-0.026580030098557486,-0.11582441627979279,-0.07984709445109608,0.8031294207276983,25.891539282325304,-0.10765514879798298,0.09040096722049781,0.037212575030345973,0.002571491999333375,1
9.082499980926514,-0.017445597797632217,-0.06291553378105164,0.4089277684688568,0.02066474263901007,-0.013074056759584896,0.0035126193370391997,0.027197875944997563,-0.02752695903103186,-0.42782847394686074,0.049008432775735855,-0.016677802428603186,-0.1097186952829361,-0.07872349848382215,0.801326332868578,25.890240908815006,-0.10846448916450975,0.09020941040412835,0.037253307629611744,0.0010145719988940982,1
9.092294216156006,-0.017445597797632217,-0.06291553378105164,0.4089277684688568,0.02066474263901007,-0.013074056759584896,0.0035126193370391997,0.027197875944997563,-0.02752695903103186,-0.42782847394686074,0.049008432775735855,-0.016677802428603186,-0.1097186952829361,-0.08996995632229389,0.820696277798695,25.896883111986078,-0.10751079422678796,0.08657336839006909,0.037321420903276475,0.0008802600004855776,1
9.102519989013672,-0.017188454046845436,-0.06282957643270493,0.4090524911880493,0.02215728201037073,-0.0073758273626186015,-0.00011026987371373896,0.028088919602331064,-0.027436992360006407,-0.42979372634266966,0.03471437469124794,0.0053870105184614546,-0.0927693173289299,-0.09653686338025975,0.8200299691553892,25.907079111021798,-0.10178621705404316,0.07520993691514039,0.03734055628689542,0.0025147079995804233,1
9.112302780151367,-0.017188454046845436,-0.06282957643270493,0.4090524911880493,0.02215728201037073,-0.0073758273626186015,-0.00011026987371373896,0.028088919602331064,-0.027436992360006407,-0.42979372634266966,0.03471437469124794,0.0053870105184614546,-0.0927693173289299,-0.1007642390513635,0.8192757206984679,25.908467891030764,-0.10218796966175903,0.0752807134311912,0.03734474379248842,0.0008320670003740815,1
9.122316598892212,-0.016987454146146774,-0.06278793513774872,0.40913569927215576,0.01846348321938356,-0.0015230489900212106,0.0016132294870368317,0.028603774397530923,-0.026802336532804727,-0.4318459018040981,0.014338777400553226,0.03726474940776824,-0.07729224115610123,-0.0935528329664113,0.8343319096418322,25.895425445418166,-0.09870165390386108,0.07189326631242471,0.03735893298969584,0.0026687869994930224,1
9.132529020309448,-0.016987454146146774,-0.06278793513774872,0.40913569927215576,0.01846348321938356,-0.0015230489900212106,0.0016132294870368317,0.028603774397530923,-0.026802336532804727,-0.4318459018040981,0.014338777400553226,0.03726474940776824,-0.07729224115610123,-0.09120470861000168,0.8174326211791804,25.90175683651713,-0.0929992506980057,0.05806028480478703,0.03736671201295902,0.0008108339989121305,1
9.142319202423096,-0.016858717426657677,-0.06277397274971008,0.4091247022151947,0.018228287338677675,-0.01577619428549788,-0.0031753955428195043,0.028653454715036553,-0.026529258699017788,-0.4327188819590986,0.00521289836615324,0.026201382279396047,-0.08177560567855835,-0.10211764307146715,0.8375201989567228,25.91520019016755,-0.08986583736322826,0.062046168873822666,0.03743789802990131,0.002684082999621751,1
9.152239084243774,-0.01677393913269043,-0.06278245896100998,0.409131795167923,0.015196079743734594,-0.0048640356906564,0.0010920409531287771,0.02861012568497001,-0.025866018688390113,-0.43330838310367437,-0.013149549253284931,0.04160825908184051,-0.06731124222278595,-0.09607356109765924,0.8268330862636134,25.905949930060025,-0.07963285383058674,0.05323260850353024,0.03737390367484993,0.0008411460003117099,1
9.162499904632568,-0.016666589304804802,-0.06273899227380753,0.4091135561466217,0.01981076198689026,-0.010993064692729178,-0.006062286897289,0.028269386996255363,-0.025581883070703082,-0.4340047885743088,-0.026353172957897186,0.056500457227230065,-0.059495620429515846,-0.1084484692115577,0.8285340421123801,25.923513998850318,-0.07223272412339127,0.044282178229799164,0.03735763180239142,0.0026791229993250454,1
9.172348022460938,-0.016533784568309784,-0.06274589151144028,0.40907031297683716,0.017491643394318336,-0.006761662116975049,-0.004414285484951956,0.02806275106286371,-0.02460456325041127,-0.4345115063286946,-0.03780994936823845,0.0699985697865486,-0.05964374914765359,-0.11109395498278168,0.8209576043168155,25.92176641397686,-0.06582794523529724,0.03629557117390405,0.037391720911160345,0.0008285740004794206,1
9.18250036239624,-0.016439631581306458,-0.06275265663862228,0.4090035855770111,0.014776608945965433,-0.015464191868843196,-0.004410437315852902,0.027285645409727444,-0.02388419836561617,-0.435240178756227,-0.04855090752243996,0.08413638919591904,-0.03469489142298699,-0.11861261930193702,0.8343654903444331,25.921544749856363,-0.059707816001763066,0.026639130888787686,0.03726071284172133,0.0024124550000124145,1
9.192478656768799,-0.016403350979089737,-0.06276167929172516,0.4089887738227844,0.013244519232120193,-0.007719686559015233,-0.00041791076319516263,0.026703829906517207,-0.02269016989602335,-0.43550965446876777,-0.06466993689537048,0.08612572401762009,-0.02771306037902833,-0.11633398215453339,0.8241786038841385,25.911286294810616,-0.0490122562170453,0.023124542376086406,0.03717263041936197,0.0009021210007631453,1
9.202299356460571,-0.016403350979089737,-0.06276167929172516,0.4089887738227844,0.013244519232120193,-0.007719686559015233,-0.00041791076319516263,0.026703829906517207,-0.02269016989602335,-0.43550965446876777,-0.06466993689537048,0.08612572401762009,-0.02771306037902833,-0.11486169787488605,0.8181337948197875,25.909818641600452,-0.048055962623971965,0.021411942052968404,0.03715070530116977,0.0008137670010910369,1
9.212554216384888,-0.01628461293876171,-0.06276991963386536,0.4089168608188629,0.008374683710850928,-0.010907689038489918,0.003698013725681517,0.025125511751208585,-0.020923490862942096,-0.4360302444387223,-0.08926118910312653,0.08575359731912613,-0.022084401920437823,-0.1283318878135094,0.818334040001397,25.925813345867738,-0.03932573792851679,0.020230387747547564,0.03719131385772862,0.0030365220009116456,1
9.222284078598022,-0.01628461293876171,-0.06276991963386536,0.4089168608188629,0.008374683710850928,-0.010907689038489918,0.003698013725681517,0.025125511751208585,-0.020923490862942096,-0.4360302444387223,-0.08926118910312653,0.08575359731912613,-0.022084401920437823,-0.12008334671946205,0.8194924807734354,25.901399680924218,-0.03163643521144517,0.01672798772711376,0.03711843215737015,0.0009245410001312848,1
9.23250675201416,-0.01614796184003353,-0.06278704106807709,0.4088580906391144,0.011699306026879944,-0.013160591432030728,0.004497880106649616,0.022619556282421183,-0.018325311695126967,-0.4361747464281467,-0.10789299756288528,0.11796574294567108,-0.013105157762765898,-0.14372634137669116,0.8109204304177344,25.925321617022146,-0.024632295386280804,0.007106642449541813,0.037122678926432104,0.0034018820006167516,1
9.242248058319092,-0.01614796184003353,-0.06278704106807709,0.4088580906391144,0.011699306026879944,-0.013160591432030728,0.004497880106649616,0.022619556282421183,-0.018325311695126967,-0.4361747464281467,-0.10789299756288528,0.11796574294567108,-0.013105157762765898,-0.14708787446140453,0.8095988897552393,25.899614375632982,-0.014890157747824454,-0.0074077389593874225,0.03708393764002057,0.0008299010005430318,1
9.255187034606934,-0.016154048964381218,-0.06277947127819061,0.40888524055480957,0.012241651114401645,-0.007504849424950373,0.0008615918946723319,0.021546255107523393,-0.01762849543307432,-0.43574517510135635,-0.10775027424097061,0.11154381930828094,0.023313086479902254,-0.14460639536096553,0.795224960965255,25.905424781114032,-0.011084490392181444,-0.006137820341563784,0.036756965186662514,0.001155240001025959,1
9.262381553649902,-0.016091104596853256,-0.06279193609952927,0.40883582830429077,0.016917057366175433,-0.015705140286218618,-0.002340694656460291,0.020372856193430877,-0.016744882384325255,-0.43589895607489515,-0.11386486142873764,0.10300969332456589,0.022131551057100282,-0.16171310206232511,0.7967410120045273,25.915011987883112,-0.005164182294341229,-0.0051376879402839255,0.03668646786329439,0.0008623100002296269,1
9.272539615631104,-0.016066068783402443,-0.06282604485750198,0.4088439345359802,0.012692494175228407,-0.01019418809762128,0.004517342429573434,0.019284421763372528,-0.015488380270587854,-0.4353971893003261,-0.11979173868894577,0.09082344174385071,0.020684801042079915,-0.1605547644964328,0.7863897766037962,25.89844248289098,0.0012451378999375103,-0.0021224832359169553,0.03662580287774116,0.002743731000009575,1
9.282260417938232,-0.015978699550032616,-0.06281425058841705,0.4088115096092224,0.021933552249294854,-0.011189386206366449,-0.003286489024475876,0.01801995161712444,-0.014925981337532868,-0.43526416474275376,-0.11466454714536667,0.08537711203098297,0.03874402493238448,-0.17982198650735898,0.7723654245726508,25.91686867592067,0.0028184122316797823,-0.0017170337429245135,0.03648658007089909,0.0008288539993372979,1
9.29250979423523,-0.015897102653980255,-0.06283683329820633,0.4088171124458313,0.01730741957873089,-0.008570064481221985,0.0003243947533963269,0.01694369364517989,-0.013525031787795072,-0.43471212379730595,-0.10988958925008774,0.09176105260848999,0.029457325115799893,-0.19149296507931865,0.7638730670221653,25.91961158514753,0.0028012627993142425,-0.0016594571518675839,0.03644702450686016,0.001999948999582557,1
9.302308797836304,-0.015897102653980255,-0.06283683329820633,0.4088171124458313,0.01730741957873089,-0.008570064481221985,0.0003243947533963269,0.01694369364517989,-0.013525031787795072,-0.43471212379730595,-0.10988958925008774,0.09176105260848999,0.029457325115799893,-0.19055981170700187,0.7553037201025857,25.91048509850404,0.0035389167093841907,-0.008437744689989564,0.036482334231276406,0.000828295000246726,1
9.312543153762817,-0.015797074884176254,-0.06285605579614639,0.4088185131549835,0.01502726735247853,-0.007907992821062065,0.005829292821684214,0.014368277944646124,-0.011739706229805247,-0.4332888522806151,-0.10299687832593918,0.05812428146600724,0.05760206282138824,-0.19444029042599167,0.7621051783611172,25.899449718238845,0.0021690945739838343,-0.008636088811789401,0.03622801602072844,0.0022467119997600093,1
9.322283029556274,-0.015797074884176254,-0.06285605579614639,0.4088185131549835,0.01502726735247853,-0.007907992821062065,0.005829292821684214,0.014368277944646124,-0.011739706229805247,-0.4332888522806151,-0.10299687832593918,0.05812428146600724,0.05760206282138824,-0.18827933986903858,0.7496833138907156,25.89322005134875,0.0074620154272106295,0.0032630394299134283,0.03608738509408545,0.0008205419999285368,1
9.33249306678772,-0.015634730458259583,-0.06287132948637009,0.40880250930786133,0.013175402446961953,-0.00800298653046074,0.010315176102181356,0.012669313231812307,-0.010750117977098572,-0.43202552059819155,-0.07405775785446167,0.02484155446290971,0.0836893692612648,-0.20996612292639324,0.7455997052782305,25.910045973913725,0.0008594820079804678,-0.009950315775573072,0.035963321915140276,0.0026313500002288492,1
9.342337369918823,-0.015634730458259583,-0.06287132948637009,0.40880250930786133,0.013175402446961953,-0.00800298653046074,0.010315176102181356,0.012669313231812307,-0.010750117977098572,-0.43202552059819155,-0.07405775785446167,0.02484155446290971,0.0836893692612648,-0.193749552948863,0.7400472955292468,25.883159799302728,-0.002171284651151932,0.01713682780431725,0.03572888544875853,0.0008062239994615084,1
9.35250473022461,-0.01555666048079729,-0.0628456324338913,0.40880417823791504,0.02505152285819212,-0.009275208449114853,-0.0013338897805663136,0.01160851501854232,-0.010729449059752483,-0.43065791844687595,-0.06811859458684921,0.028851794078946124,0.07601458579301834,-0.20912352228369127,0.7275524007968512,25.910011698793134,-0.001642219915997896,0.01447397336582372,0.035681181838092504,0.002649997999469633,1
9.362307071685791,-0.01546070072799921,-0.06285515427589417,0.4087911546230316,0.015314112575638097,-0.009973244563713912,0.008861646061898668,0.011118601491289404,-0.010046648522230583,-0.4298026015883156,-0.05041913688182831,0.03342682123184205,0.08415668457746506,-0.20165243183715817,0.7300979607537719,25.887096689823085,-0.009530343894798333,0.010930993307919336,0.03555039276432539,0.0008180969998647925,1
9.372493267059326,-0.015405019745230675,-0.06282231956720352,0.4088134467601776,0.021708496163306612,-0.006498728896915187,0.0013798726639917065,0.010707466051261605,-0.010397838262127479,-0.4287221954917828,-0.03473404049873352,0.019575459882617007,0.09074193984270096,-0.20439159116665537,0.7194035745084089,25.90341972923524,-0.015617858810120174,0.018399920159908,0.035402888398131147,0.002364541000133613,1
9.382335662841797,-0.015271558426320553,-0.06282448768615723,0.4087666869163513,0.023096673673720147,-0.013389822674028048,0.0017255902235184788,0.010389663503534763,-0.010303949623774233,-0.4279508148607265,-0.025165069848299026,-0.02383863367140292,0.09794014692306519,-0.21242440767857715,0.7259746673175969,25.905165034630894,-0.020212385323754092,0.0395217450983175,0.03524278023671468,0.0008064329995249864,1
9.392373085021973,-0.015062326565384865,-0.06278516352176666,0.4087435305118561,0.029735832219991803,-0.010064244398518241,-0.0033306688652627934,0.01027140649165581,-0.010175829829510263,-0.4265958253782971,-0.010287989862263203,0.015098106116056456,0.11239758133888245,-0.2309885128925031,0.7181142130375722,25.918723008868344,-0.02675208527167262,0.01989992387488721,0.03505038101012802,0.0018583019991638139,1
9.402550220489502,-0.014930720441043377,-0.06276442855596542,0.4087170362472534,0.01906664040223258,-0.005619167219932833,0.007420844888778288,0.010284679818676867,-0.010635389656540095,-0.42514791775869654,0.013573485426604748,0.001067747594788685,0.1187237799167633,-0.2147156152929204,0.7148289271097712,25.892451379817455,-0.03868155831893885,0.028095135887521064,0.03483823512026723,0.0025605959999666084,1
9.412271976470947,-0.014804179780185223,-0.06271009147167206,0.40869206190109253,0.029483141058361823,-0.00539912268209499,-0.004740226530322105,0.010523271366015052,-0.010932541967358933,-0.42367642431849717,0.023363303393125534,-0.05209907144308089,0.12452582269906998,-0.20520152536087374,0.7126468856625228,25.888628883724103,-0.03889535242359174,0.028817471205360868,0.03478397091448042,0.0010059110009024153,1
9.42237663269043,-0.014643864706158638,-0.06269141286611557,0.4086223244667053,0.021250321889966225,-0.009879425921833312,0.0020953992049894303,0.010788940525119362,-0.011593849662633993,-0.4226262819920783,0.03368212655186653,-0.05968941375613211,0.1304653286933899,-0.20029538413725415,0.7211471228926608,25.902263643803742,-0.050311107848235725,0.06067446342442859,0.034507497260431966,0.0024269130008178763,1
9.432230234146118,-0.014643864706158638,-0.06269141286611557,0.4086223244667053,0.021250321889966225,-0.009879425921833312,0.0020953992049894303,0.010788940525119362,-0.011593849662633993,-0.4226262819920783,0.03368212655186653,-0.05968941375613211,0.1304653286933899,-0.1978187470373458,0.7260212047209422,25.904481372587213,-0.05085873962442786,0.06211249324444415,0.03443389765936825,0.0008666390003781999,1
9.442482948303223,-0.014383958652615547,-0.06259109824895859,0.40854474902153015,0.029284738022053183,-0.010088521957299534,-0.004093561787855738,0.011655919563751116,-0.01278366411555476,-0.41968220665546463,0.06146356463432312,-0.06658928841352461,0.15001675486564636,-0.18942647089006867,0.7132756935826552,25.909302506810693,-0.05399106168538572,0.06743642358509082,0.034321619766281154,0.0027274570002191467,1
9.452496767044067,-0.014383958652615547,-0.06259109824895859,0.40854474902153015,0.029284738022053183,-0.010088521957299534,-0.004093561787855738,0.011655919563751116,-0.01278366411555476,-0.41968220665546463,0.06146356463432312,-0.06658928841352461,0.15001675486564636,-0.20445731016292948,0.7184970896727336,25.922111212597066,-0.0668273627333809,0.06845754872283821,0.03407237511810299,0.0008977210000011837,1
9.462323427200317,-0.014247984625399113,-0.0625530481338501,0.40852129459381104,0.020414499108195077,-0.0022352900844036807,0.0049290736610895685,0.012685324598265879,-0.013332569438607056,-0.4174756151193262,0.07056604325771332,-0.0794277712702751,0.15632504224777222,-0.18643421746263447,0.7150220356308051,25.90023673516541,-0.07425454001360245,0.07751544977172267,0.03380053451416402,0.0009433990016987082,1
9.472280502319336,-0.014084907248616219,-0.062470778822898865,0.4084762632846832,0.031209443847114313,-0.00445677837018751,-0.004863053488945238,0.013371076954067806,-0.014691142847211403,-0.4160394701820844,0.07581551373004913,-0.06607405841350554,0.1630989909172058,-0.19731804620937055,0.7102899836059524,25.923021012954777,-0.07859609963691978,0.07397049697719746,0.03361270025605284,0.0013076420000288635,1
9.482330083847046,-0.013924997299909592,-0.06243177503347397,0.4084380865097046,0.019272608516167557,-0.006662850539556878,0.006276228472455098,0.014224885972986101,-0.015112011986986307,-0.4143848427485577,0.09130163490772247,-0.08520765602588651,0.17512914538383484,-0.18009827847967957,0.7243446125575165,25.89702729887409,-0.08956560304403392,0.08556457925588823,0.033347253004183376,0.0008685249995323829,1
9.492525339126587,-0.013808918185532093,-0.06236621364951134,0.4084421694278717,0.02591927492107169,-0.002024305387976317,-0.00022152077575975627,0.015573240173377023,-0.017279980824058683,-0.4119081359586687,0.0934002548456192,-0.1266285181045532,0.1704974472522736,-0.17018880205743445,0.7206297944910898,25.910447216277156,-0.0940103128195954,0.11233058108085799,0.03314954282141118,0.0025327969997306354,1
9.502598524093628,-0.013522094115614891,-0.06224317103624344,0.4084351658821106,0.01963953084941695,-2.6897452739871936e-05,0.006549148412078078,0.016067577425483925,-0.017565863872009757,-0.4110928654813075,0.09697951376438141,-0.12256973236799239,0.16944850981235507,-0.15034942742325194,0.7198303246212108,25.894495565869473,-0.09672421670387965,0.11172217102736375,0.0330322352651367,0.0008618900010333164,1
9.513006925582886,-0.013359887525439262,-0.062166567891836166,0.40843498706817627,0.026154360755329346,-0.006861998658613087,0.0013813799735700562,0.017539235644740803,-0.019499929962201623,-0.4081815411892289,0.09866739809513092,-0.12704734504222867,0.18089342117309573,-0.15328599092010828,0.7309729910783132,25.905813191586294,-0.10280050004718344,0.11916144307984648,0.03274216519441373,0.0025327980001748074,1
9.522368431091309,-0.01323708239942789,-0.06214216724038124,0.4084709584712982,0.016632537788708955,-0.00544499083157421,0.009752271728282436,0.018519085673001978,-0.020474335298815927,-0.40648746458912743,0.10280691087245941,-0.11911693215370175,0.18211911618709567,-0.15508191861538229,0.7376829631594977,25.90748338797892,-0.10287883112109489,0.11929052457289119,0.03266351193078785,0.000900933999218978,1
9.53249716758728,-0.013102413155138493,-0.062068719416856766,0.40850743651390076,0.028412476020166555,-0.004342266330052604,5.758910587538219e-05,0.01959127129489291,-0.021659486451645282,-0.4044928516043793,0.10648202896118164,-0.0942057445645332,0.20251178741455078,-0.13516853363516726,0.7480380632275757,25.885371655017163,-0.10798096149950022,0.11896118143786683,0.03251228719389063,0.0026323980000597658,1
9.542308568954468,-0.013102413155138493,-0.062068719416856766,0.40850743651390076,0.028412476020166555,-0.004342266330052604,5.758910587538219e-05,0.01959127129489291,-0.021659486451645282,-0.4044928516043793,0.10648202896118164,-0.0942057445645332,0.20251178741455078,-0.14440647033314155,0.745376835884005,25.90760077002347,-0.11222154122695785,0.10909888458870426,0.032229418043732354,0.000836606999655487,1
9.552467584609985,-0.012803508900105953,-0.061982668936252594,0.40858808159828186,0.02128573296157874,0.0007767646393098208,0.005102797028212044,0.02148723640721517,-0.023581140676014023,-0.40060099284746453,0.10024373978376389,-0.08812886476516721,0.1969352513551712,-0.1338504822504817,0.7576806069029817,25.885993969669126,-0.1103715407376784,0.13325445197349567,0.031999265549016345,0.0030592220009566518,1
9.56230878829956,-0.012803508900105953,-0.061982668936252594,0.40858808159828186,0.02128573296157874,0.0007767646393098208,0.005102797028212044,0.02148723640721517,-0.023581140676014023,-0.40060099284746453,0.10024373978376389,-0.08812886476516721,0.1969352513551712,-0.12180515757454341,0.7486266062435181,25.89399365430473,-0.11443905576964464,0.11265476271673482,0.03186233773077456,0.0008267579996754648,1
9.57248330116272,-0.01254575327038765,-0.06191685050725937,0.4086514413356781,0.013223834982024747,-0.0035652358191507207,0.008637218763212233,0.023853152511420284,-0.026118967989316566,-0.395326366234273,0.08680116385221481,-0.09566006064414975,0.2125701904296875,-0.12116422512386384,0.7694970431543914,25.903487750768022,-0.11896870125921648,0.1166691529292577,0.03151901071164684,0.0030960300009610364,1
9.582306146621704,-0.01254575327038765,-0.06191685050725937,0.4086514413356781,0.013223834982024747,-0.0035652358191507207,0.008637218763212233,0.023853152511420284,-0.026118967989316566,-0.395326366234273,0.08680116385221481,-0.09566006064414975,0.2125701904296875,-0.09555338509316483,0.7746718314928094,25.88682554120996,-0.11531995374391836,0.12401990531298174,0.03125888486421878,0.0007889019998401636,1
9.592381238937378,-0.012437408789992332,-0.0618445947766304,0.40867751836776733,0.021882664060453288,-0.0054399048060158025,-0.0012844173029254804,0.02450882583407843,-0.027335676704485667,-0.3931787818964976,0.0808674618601799,-0.0779708996415138,0.21213684976100922,-0.09621373674245856,0.7771578932218304,25.910492914827824,-0.11394466679118465,0.11810410813062155,0.03107622129633767,0.0026214320005237823,1
9.602349281311035,-0.012245187535881996,-0.061819255352020264,0.4087100327014923,0.013000478804117655,-0.0006303636592348842,0.004044562618988505,0.025309821366679586,-0.027637897865914418,-0.3910715351007221,0.07258857041597366,-0.061412088572978946,0.22122518718242645,-0.07591611513144751,0.7755874096066283,25.899623584106376,-0.11197560661840157,0.11155015277823407,0.030812920104645303,0.0008279459998448147,1
9.612707376480103,-0.012142068706452847,-0.06180186569690704,0.40868455171585083,0.01747285975859446,-0.01333271686296705,-0.004203776836027884,0.026310564060814112,-0.028626100802038756,-0.38754408196099854,0.06895498931407928,-0.048828117549419375,0.22001154720783234,-0.08032528111487391,0.8017569921845242,25.9196936260923,-0.11392034873549882,0.10726831859235822,0.030548627413750126,0.0024692389997653663,1
9.622464656829834,-0.012142068706452847,-0.06180186569690704,0.40868455171585083,0.01747285975859446,-0.01333271686296705,-0.004203776836027884,0.026310564060814112,-0.028626100802038756,-0.38754408196099854,0.06895498931407928,-0.048828117549419375,0.22001154720783234,-0.08298464895067711,0.8175424521569925,25.922642634855997,-0.11387744561832491,0.10720264480598113,0.030477809979386258,0.0007976320011948701,1
9.63249135017395,-0.011979905888438225,-0.0617852620780468,0.40867844223976135,0.01778252386597625,-0.009832502789580718,-0.005918627585823393,0.027668771325827013,-0.028971370550300524,-0.38173698366622233,0.05691589415073395,-0.007645001169294089,0.24259403347969055,-0.08318979595513998,0.8221759198845844,25.927429668170888,-0.11032818099858484,0.08733771147792589,0.029941608922678862,0.002473848000590806,1
9.642237663269043,-0.01188337430357933,-0.06182926893234253,0.40863993763923645,0.00980285790693227,-0.011597059912920019,0.000585606434521712,0.027869227474499603,-0.028809334987302204,-0.3806648639353556,0.046985410153865814,0.00372435525059703,0.2435932606458664,-0.08347191866404136,0.8247585555602887,25.92815714073356,-0.11121319925335851,0.08759578083741765,0.02980419335686823,0.0008090179999271641,1
9.652478694915771,-0.011847845278680325,-0.06182197108864784,0.40865641832351685,0.010970333779467628,-0.00536706505955598,-0.0016708320582839757,0.02828951082041975,-0.028111971676346492,-0.37800060639392186,0.03494758903980255,0.02060423232614997,0.24119782447814941,-0.07139509495553141,0.8347962404203618,25.911025313370043,-0.10732602438824666,0.08202480494634465,0.029678118873900327,0.0027580480000324314,1
9.662307500839233,-0.011847845278680325,-0.06182197108864784,0.40865641832351685,0.010970333779467628,-0.00536706505955598,-0.0016708320582839757,0.02828951082041975,-0.028111971676346492,-0.37800060639392186,0.03494758903980255,0.02060423232614997,0.24119782447814941,-0.06292621030711809,0.8272036214237691,25.914334311938312,-0.10188725520137214,0.07165994412337832,0.029501838209933694,0.0008136969991028309,1
9.6726393699646,-0.011765728704631329,-0.06191297248005867,0.40862852334976196,0.004134907255038932,-0.009305900107968468,0.0027123104993752715,0.028748107798385547,-0.026810964514358826,-0.37166292638890885,0.015083324164152145,0.07534809410572055,0.25186654925346375,-0.05365600447628794,0.8354282917498282,25.90298959188309,-0.09352454139952097,0.0421954446693219,0.029015514100566485,0.001208601999678649,1
9.682271003723145,-0.011765728704631329,-0.06191297248005867,0.40862852334976196,0.004134907255038932,-0.009305900107968468,0.0027123104993752715,0.028748107798385547,-0.026810964514358826,-0.37166292638890885,0.015083324164152145,0.07534809410572055,0.25186654925346375,-0.047900595849771896,0.8405242741919701,25.901271598859253,-0.09359976223413755,0.04038946403607432,0.028886873062941416,0.0008516230009263381,1
9.692265033721924,-0.011727353557944298,-0.06194261088967323,0.40861761569976807,0.011687882730961639,-0.012903194218526346,-0.004335172479423961,0.028709541500629765,-0.026280146723902664,-0.36915873812332656,0.010202586650848389,0.09999555349349978,0.2543259263038635,-0.06443150749298407,0.8468253881744171,25.91964615559895,-0.0910574937471538,0.02583574444892501,0.028717576255356578,0.0029249089984659804,1
9.702338457107544,-0.011687560006976128,-0.06206027418375015,0.40862223505973816,0.00826436119410301,-0.009567878997066246,-0.0012808486311292478,0.0286656841923274,-0.024842800973730927,-0.36647195326611914,-0.003902615513652563,0.1180159077048302,0.25810548663139343,-0.06917365416146053,0.844773881232694,25.914212545689292,-0.083720932296298,0.012918209553558197,0.028474134554635322,0.0008423340004810598,1
9.712248802185059,-0.0116436081007123,-0.062145642936229706,0.40860408544540405,0.0054423285966164366,-0.018309254216249904,0.0006371979163014378,0.02828386399436056,-0.02257859837293097,-0.3610822173157864,-0.01855301484465599,0.13128492236137393,0.2695470452308655,-0.07811586285130809,0.8625822712661257,25.90812527991305,-0.07665241248357303,0.002702367456073681,0.027995035419969755,0.002427540999633493,1
9.722321510314941,-0.011663882061839104,-0.062243133783340454,0.40863296389579773,0.0007273056749726214,-0.011558839110429845,0.003707975840568789,0.02828386399436056,-0.02257859837293097,-0.3610822173157864,-0.01855301484465599,0.13128492236137393,0.2695470452308655,-0.06842536407027497,0.8622070150023585,25.899163720576894,-0.07554405182035269,4.6649667524262164e-05,0.02785356028023534,0.0008420539998041932,1
9.732320785522461,-0.011654378846287727,-0.062335118651390076,0.40863218903541565,0.008030362706908585,-0.018773900491597887,-0.0025740783062719952,0.02784123326401522,-0.020547786905241505,-0.35681848567372265,-0.029081251472234726,0.1693835109472275,0.2727886140346527,-0.08929521164304385,0.872215396496827,25.91422947243578,-0.06999958516601491,-0.022868216722353545,0.027591165863001123,0.0024686790002306225,1
9.742360591888428,-0.011641268618404865,-0.06248006224632263,0.4086286127567291,0.0006833408335386659,-0.015505736694629521,0.0037237342918309243,0.027390938040651402,-0.018889696464472472,-0.3541309241078787,-0.04453379288315773,0.1515564173460007,0.2791458070278168,-0.08584900295998517,0.873799534241907,25.899849001505494,-0.06099256301952878,-0.018864130899840598,0.027246581523943297,0.0008199130006687483,1
9.75232982635498,-0.011652657762169838,-0.06257720291614532,0.4086504578590393,0.004743217969268069,-0.014651601135743392,0.0006756437060426396,0.026986726733077226,-0.017057682335719804,-0.35112633557780226,-0.042887501418590546,0.16126984357833865,0.27661213278770447,-0.08369204822865788,0.8751663384508708,25.89772532931413,-0.06024821159563032,-0.021074079325117467,0.027162269963313668,0.003217700999812223,1
9.76232099533081,-0.011652657762169838,-0.06257720291614532,0.4086504578590393,0.004743217969268069,-0.014651601135743392,0.0006756437060426396,0.026986726733077226,-0.017057682335719804,-0.35112633557780226,-0.042887501418590546,0.16126984357833865,0.27661213278770447,-0.09375267258736379,0.8716431226667585,25.905395551147222,-0.05972864602447134,-0.031543685025880994,0.02700338773362361,0.0008179570013453485,1
9.772340059280396,-0.011622784659266472,-0.06273122876882553,0.4086243808269501,0.0057549738016105445,-0.02303195571268094,-2.3916681834687133e-05,0.02622858189504962,-0.014821734002606668,-0.346937015330254,-0.04441692680120468,0.1643490791320801,0.28443294763565063,-0.11236908478948908,0.8862012507768114,25.908365764577635,-0.057564050754952294,-0.04000972381246291,0.026650586286093948,0.0025393630003236467,1
9.78235912322998,-0.011642049066722393,-0.06287367641925812,0.40863919258117676,-0.000572521782828589,-0.013659388684879885,0.003588413790886874,0.025873374458428966,-0.012838635889607986,-0.3437874841557953,-0.03790916129946709,0.18834495544433597,0.2960173189640045,-0.10826479389269454,0.8793388021154002,25.899219402795385,-0.059077811436904444,-0.05690383888015992,0.026299425135432777,0.0008327649993589148,1
9.792319536209106,-0.01164571475237608,-0.06302260607481003,0.4086287021636963,0.006542040049607092,-0.025939630442100115,-0.0027536815924291426,0.02532215866440435,-0.011621471408039152,-0.3408436756926889,-0.04708576947450638,0.16272747516632083,0.30033859610557556,-0.12951979329909727,0.8968117371365352,25.914571255365715,-0.05390458572666422,-0.04890135087450012,0.025958127602579706,0.0029382500015344704,1
9.80233883857727,-0.011670566163957119,-0.06342681497335434,0.4086270332336426,0.00579944654033516,-0.022092344332026666,-0.0016683423451604087,0.024982550198963782,-0.009545365369562742,-0.337764493200996,-0.038612592965364456,0.16403816640377047,0.3025129735469818,-0.14187798505467944,0.9012018770993885,25.913976866955934,-0.05681447938750128,-0.0551352628221488,0.025679878964761378,0.0008037089992285473,1
9.812328577041626,-0.011620331555604935,-0.0636695995926857,0.40857744216918945,0.007807696771498158,-0.02687967009038859,0.0009213492202545419,0.024431184291301644,-0.0064810361732923205,-0.3316687192939076,-0.0280593428760767,0.13506379723548892,0.31053808331489563,-0.15994185086946835,0.9132248202299779,25.907171244875187,-0.06107093523074346,-0.04988472813993207,0.02514645974333957,0.0023905229991214583,1
9.822355508804321,-0.011602628044784069,-0.06386495381593704,0.40860387682914734,0.005139566999571797,-0.016298726194583675,0.004626013341265036,0.024431184291301644,-0.0064810361732923205,-0.3316687192939076,-0.0280593428760767,0.13506379723548892,0.31053808331489563,-0.15771789162235744,0.8993590301512232,25.89644835269903,-0.0602816634648141,-0.0492142122981292,0.024988172745680347,0.0008191450015146984,1
9.832322835922241,-0.011545654386281967,-0.06408620625734329,0.4085800349712372,0.009468984019521294,-0.030127022654182784,-0.0006492244409452129,0.02407266500898686,-0.004460809308049818,-0.32656080793587083,-0.019719431176781654,0.14331924915313723,0.32344555854797363,-0.15638934040100028,0.890995073056543,25.894871262644,-0.06030432790359444,-0.04920683547002782,0.024946105971347006,0.003196536999894306,1
9.842337846755981,-0.011545654386281967,-0.06408620625734329,0.4085800349712372,0.009468984019521294,-0.030127022654182784,-0.0006492244409452129,0.02407266500898686,-0.004460809308049818,-0.32656080793587083,-0.019719431176781654,0.14331924915313723,0.32344555854797363,-0.17866044718077254,0.9152392628642285,25.90837338833067,-0.06459199776459794,-0.059877754833534955,0.024554123945371088,0.0008008459990378469,1
9.852327823638916,-0.011498814448714256,-0.06461910903453827,0.4085957705974579,0.011231835030055115,-0.028683640056461897,-0.0018654327119916926,0.024103270769129548,-0.0012870496345751548,-0.3181644936736503,0.0040551540441811085,0.11618503928184513,0.3452775478363037,-0.17344667168871722,0.9239593179703398,25.887356229661094,-0.07802547707778187,-0.07388909393967139,0.024063968230207813,0.0033175089993164875,1
9.862366914749146,-0.011498814448714256,-0.06461910903453827,0.4085957705974579,0.011231835030055115,-0.028683640056461897,-0.0018654327119916926,0.024103270769129548,-0.0012870496345751548,-0.3181644936736503,0.0040551540441811085,0.11618503928184513,0.3452775478363037,-0.19394811058925832,0.9358113645982131,25.91026256087507,-0.07665382120574624,-0.05589377825702023,0.02360223197695085,0.0008175390012183925,1
9.872345924377441,-0.011358379386365414,-0.06522264331579208,0.4085901975631714,0.011174394593469836,-0.02503667988140165,0.0025693927060488862,0.024539036870578457,0.0011821425560767373,-0.31119222527928914,0.024365196004509926,0.11972414702177052,0.35246995091438293,-0.2060138154804206,0.9526599872451548,25.895522034649996,-0.08312652356772579,-0.0636271622560484,0.02332992048113407,0.002792901999782771,1
9.882437705993652,-0.011358379386365414,-0.06522264331579208,0.4085901975631714,0.011174394593469836,-0.02503667988140165,0.0025693927060488862,0.024539036870578457,0.0011821425560767373,-0.31119222527928914,0.024365196004509926,0.11972414702177052,0.35246995091438293,-0.21530526531581773,0.949558620537743,25.899667981175664,-0.08788561866831478,-0.06433641485380402,0.022924548986010186,0.0009724550000100862,1
9.892524242401123,-0.011151446029543877,-0.06586189568042755,0.40856972336769104,0.005380300404201611,-0.02600435364414883,0.009289051294310381,0.025324704227487782,0.002959389424101566,-0.30395670048956047,0.034197695553302765,0.04948803782463078,0.3515310287475586,-0.23708005796253442,0.9686424745148964,25.909556636984224,-0.09465975184581739,-0.061358102454506375,0.02261572742127847,0.0035245300005044555,1
9.90229845046997,-0.011151446029543877,-0.06586189568042755,0.40856972336769104,0.005380300404201611,-0.02600435364414883,0.009289051294310381,0.025324704227487782,0.002959389424101566,-0.30395670048956047,0.034197695553302765,0.04948803782463078,0.3515310287475586,-0.21887046771013446,0.968852592225884,25.88395866212968,-0.09577781064270229,-0.03376891133604893,0.022192193950880006,0.0008846599994285498,1
9.912455797195435,-0.010955807752907276,-0.06662943214178085,0.40853017568588257,0.008809766584051538,-0.03928552583736351,0.005319430789752269,0.025324704227487782,0.002959389424101566,-0.30395670048956047,0.034197695553302765,0.04948803782463078,0.3515310287475586,-0.22641047033888528,0.9996032742862568,25.890483326298945,-0.09698213611492171,-0.034035042740627,0.022089565990631145,0.0023791380008333363,1
9.922325849533081,-0.010955807752907276,-0.06662943214178085,0.40853017568588257,0.008809766584051538,-0.03928552583736351,0.005319430789752269,0.025324704227487782,0.002959389424101566,-0.30395670048956047,0.034197695553302765,0.04948803782463078,0.3515310287475586,-0.2309123017056217,1.0181863903451098,25.891413451848756,-0.09692324049805665,-0.03402119338030307,0.022061751664717015,0.0008074109991866862,1
9.93268609046936,-0.010647409595549107,-0.06744905561208725,0.4084659516811371,0.020367843516215612,-0.04053932507622184,0.0016894854013044403,0.027142510903696238,0.0033797558838939423,-0.29137152136486755,0.060909152030944824,-0.00018851575441653946,0.3715978264808655,-0.254254254179417,1.0354237367174097,25.901017303346144,-0.11533355028315118,-0.011276932639461168,0.02108730424027248,0.0024138520002452424,1
9.942474126815796,-0.010489800944924355,-0.06786754727363586,0.40845635533332825,0.01561985383963461,-0.03604810355119441,0.00337764838617883,0.027872335147419047,0.003638213468690754,-0.2874782432941698,0.06429961323738098,-0.004255461506545496,0.3905978798866272,-0.2541386744713608,1.0414874636470948,25.897946805521606,-0.1182114228757081,-0.008570442651588845,0.02040378870129198,0.0008113919993775198,1
9.952473402023315,-0.010489800944924355,-0.06786754727363586,0.40845635533332825,0.01561985383963461,-0.03604810355119441,0.00337764838617883,0.027872335147419047,0.003638213468690754,-0.2874782432941698,0.06429961323738098,-0.004255461506545496,0.3905978798866272,-0.2546631085304327,1.045889849005709,25.89750659311588,-0.11928191501227497,-0.00888118317199661,0.020222490702539623,0.0025029050011653453,1
9.962421894073486,-0.010489800944924355,-0.06786754727363586,0.40845635533332825,0.01561985383963461,-0.03604810355119441,0.00337764838617883,0.027872335147419047,0.003638213468690754,-0.2874782432941698,0.06429961323738098,-0.004255461506545496,0.3905978798866272,-0.2549706454001292,1.0485490316903225,25.897435395469273,-0.1192865277125458,-0.008887942976100382,0.02017370515013725,0.000816072000816348,1
9.972485065460205,-0.009945614263415337,-0.06929302960634232,0.4083564877510071,0.021181074837393756,-0.04438006507433455,0.00019238385028826711,0.030018806425959,0.001462698282276964,-0.2741290937902501,0.05649034306406975,-0.06770587712526317,0.3894461393356323,-0.2588356430598038,1.0799636963751709,25.90692274112325,-0.12335759834259151,0.01390495821410946,0.019674844670502782,0.0029355250007938594,1
9.982474327087402,-0.009736554697155952,-0.06979361176490784,0.40833234786987305,0.019713045943923552,-0.045918189531523414,0.0012838245809492152,0.030519208543320797,0.000568683417361715,-0.27018468086606173,0.045860402286052704,-0.08638491481542583,0.3924192190170288,-0.2643399919828106,1.0951647750528397,25.907213345339354,-0.12238705123813422,0.028876009025901844,0.01912876097763995,0.0016546340011700522,1
9.99229121208191,-0.009736554697155952,-0.06979361176490784,0.40833234786987305,0.019713045943923552,-0.045918189531523414,0.0012838245809492152,0.030519208543320797,0.000568683417361715,-0.27018468086606173,0.045860402286052704,-0.08638491481542583,0.3924192190170288,-0.2618531658460254,1.1107193961052753,25.904418364799852,-0.11877018583262906,0.04118701954368365,0.018678579007350118,0.0008157920001394814,1
10.002464056015015,-0.00951186940073967,-0.07033615559339523,0.4082948863506317,0.02333725208426449,-0.05080381848103018,-0.0009043903084969681,0.03098010217740299,-0.0005586490074653838,-0.26625175297929005,0.04708316922187805,-0.0932945236563682,0.3987930119037628,-0.26835565765425806,1.1329096356349129,25.90976480718752,-0.12097500789616758,0.04770333605292297,0.018256181167159574,0.002403862999926787,1
10.012492418289185,-0.00907760951668024,-0.0714423656463623,0.40825146436691284,0.024654063170511647,-0.05187791250108788,-0.002262032254430543,0.03150686121749757,-0.0015983072180270064,-0.2622607678993818,0.042188093066215515,-0.12120100855827326,0.40393880009651184,-0.2726340889904491,1.153539916538995,25.91423630891267,-0.1201935112363629,0.06464075188377974,0.017814372503309226,0.00261814799887361,1
10.022376537322998,-0.00883354339748621,-0.07207885384559631,0.40821242332458496,0.020481120172636574,-0.05831652187952275,0.0012630699812280698,0.0320335377733354,-0.004401324282117702,-0.2543078106824441,0.020598486065864563,-0.1415938884019851,0.4086917042732239,-0.2606744081688594,1.1842616618952169,25.905720270700392,-0.11165985646027884,0.08346702632148893,0.017108999342118004,0.001769739001247217,1
10.03252649307251,-0.008619525469839573,-0.0726817175745964,0.40821853280067444,0.020521389056730923,-0.04948557226600829,0.001729170316551794,0.0320335377733354,-0.004401324282117702,-0.2543078106824441,0.020598486065864563,-0.1415938884019851,0.4086917042732239,-0.2499947267022497,1.185242555872592,25.903334850911392,-0.11071210782449224,0.08397692513011092,0.016917490177343095,0.0024194389989133924,1
10.042520999908447,-0.00837174616754055,-0.07331597059965134,0.4081825017929077,0.02539550698377819,-0.06217174232250124,-0.0012722249386114188,0.03229364668695567,-0.006990791178753675,-0.24828884055857037,0.017726916819810867,-0.1520110964775085,0.4038221836090088,-0.254344884776411,1.2156463041953416,25.910889163232735,-0.11096871554090793,0.09587503067114714,0.016514294588889335,0.0008056650003709365,1
10.052322387695312,-0.00814056396484375,-0.07399970293045044,0.40817880630493164,0.01799670670928489,-0.05463503326520597,0.00556635749134688,0.032444027363654815,-0.008384858505793513,-0.24435537011731379,0.011708943173289299,-0.1595108658075332,0.409516304731369,-0.23218225938322976,1.220579836943722,25.894160288686834,-0.10768821136334131,0.10275946919417164,0.01606593955856884,0.0026156340009038104,1
10.06224274635315,-0.00814056396484375,-0.07399970293045044,0.40817880630493164,0.01799670670928489,-0.05463503326520597,0.00556635749134688,0.032444027363654815,-0.008384858505793513,-0.24435537011731379,0.011708943173289299,-0.1595108658075332,0.409516304731369,-0.21987620672800515,1.2249600000933496,25.89164789934781,-0.10783510679413674,0.10474281301914852,0.015961323205350358,0.0008691539987921715,1
10.07284140586853,-0.0076927198097109795,-0.07534453272819519,0.4081675112247467,0.018115975224518188,-0.06620865311081833,0.004742330903115064,0.03240947967128749,-0.012482883700088099,-0.2343100620856422,-0.0038010599091649055,-0.15199930965900416,0.40583938360214233,-0.2174238897735738,1.2405898228398313,25.906510470720054,-0.1019305163792331,0.11108649226775899,0.015569437020658659,0.002389405999565497,1
10.082381248474121,-0.007499605417251587,-0.07602223753929138,0.4081963896751404,0.01990445641865556,-0.05691495222032839,0.00320796057951922,0.03230901456272184,-0.014134596806682165,-0.2301744733314699,-0.0037035313434898853,-0.14255236089229578,0.41385170817375183,-0.20848003605742987,1.2679286604369753,25.8956448898494,-0.10084131117307148,0.1126121884649368,0.015218492321623108,0.0011991720002697548,1
10.092559814453125,-0.007237432058900595,-0.07672364264726639,0.4081694483757019,0.02469748963760307,-0.06740700463126209,-0.0004779642779892342,0.03202179899042701,-0.01584000140164088,-0.22637157400089514,-0.022854408249258995,-0.16205580532550806,0.3983682692050934,-0.19889895849213085,1.266107192666595,25.898223324080906,-0.09951362928259536,0.11273092903875329,0.014818311664352768,0.002987700001540361,1
10.102313041687012,-0.007237432058900595,-0.07672364264726639,0.4081694483757019,0.02469748963760307,-0.06740700463126209,-0.0004779642779892342,0.03202179899042701,-0.01584000140164088,-0.22637157400089514,-0.022854408249258995,-0.16205580532550806,0.3983682692050934,-0.20369094802868473,1.2881020013052853,25.90848513308185,-0.0900183305873212,0.12663801965261048,0.014559949908001461,0.0009645619993534638,1
10.112324476242065,-0.0070327031426131725,-0.07745601236820221,0.40820184350013733,0.013825318357120569,-0.061656661610922835,0.007835916893980659,0.03178934606342665,-0.01689780612732239,-0.22201035690217452,-0.024363933131098747,-0.14503425359725947,0.4292137026786804,-0.1792375276530775,1.29417158728907,25.88799387336531,-0.08812296867801953,0.12260738183836858,0.013969367689157984,0.0009757379993970972,1
10.122326374053955,-0.006621841341257095,-0.07889895141124725,0.40824103355407715,0.012460649344997788,-0.0671186820178904,0.006726591772478513,0.03139725677418692,-0.01881317585327924,-0.21802656362670358,-0.025540262460708618,-0.1246239766478538,0.41659149527549744,-0.16297737930612552,1.3161691957622506,25.887667507271374,-0.08682176934377905,0.11770956112661875,0.013679925625734878,0.0025010189983731834,1
10.132368326187134,-0.006621841341257095,-0.07889895141124725,0.40824103355407715,0.012460649344997788,-0.0671186820178904,0.006726591772478513,0.03139725677418692,-0.01881317585327924,-0.21802656362670358,-0.025540262460708618,-0.1246239766478538,0.41659149527549744,-0.15309436354041692,1.3294321094392891,25.88757337033971,-0.08672647654471462,0.11758845819038764,0.013604992645471253,0.0008426130007137544,1
10.142354249954224,-0.006243575364351273,-0.08039017021656036,0.40829041600227356,0.016928436514212795,-0.06897170118404795,0.0006594207255685876,0.030202049324312252,-0.021869733259281876,-0.20781642964932256,-0.0521063469350338,-0.11940055340528483,0.4203633666038513,-0.14891997934390247,1.3435916876041536,25.903786242996173,-0.06999311703849666,0.12332863983139687,0.012908231334338641,0.0027972320003755158,1
10.152565240859985,-0.00608628336340189,-0.0811559185385704,0.4083467721939087,0.00711930899239408,-0.0617616437916507,0.008043893347576579,0.029662233834609086,-0.02233288713720194,-0.20366841678321546,-0.05730678513646126,-0.10228183120489115,0.424765944480896,-0.12240664783354896,1.3402166742696457,25.88655657678856,-0.06516789870854778,0.11720237847153811,0.012415101385486427,0.0008342310011357768,1
10.162379741668701,-0.005914408713579178,-0.08188734948635101,0.4083649218082428,0.017738512243981857,-0.06329766684585907,-0.004132341749226507,0.028933869468649398,-0.023537420061237047,-0.19928461627046268,-0.06198211386799812,-0.05829094350337977,0.418750524520874,-0.10635555178449127,1.338167841102531,25.883969416144904,-0.06506849603191588,0.11704317531900167,0.012284467179274599,0.0032792339989100583,1
10.172544717788696,-0.005736985709518194,-0.08266293257474899,0.4083740711212158,0.0062950411492752045,-0.06539586932969994,0.006990155950205055,0.02780620436389558,-0.02409295837494918,-0.19301457085990315,-0.06846603006124496,-0.0352331325411796,0.42533159255981445,-0.11895910220770604,1.340462577169927,25.915795975298845,-0.06037364628043329,0.09758169515757849,0.012116267024813767,0.0011180829988006735,1
10.182526588439941,-0.00562903331592679,-0.0834169015288353,0.4084121882915497,0.009042119447949656,-0.0631272643878756,-0.00021119459916864902,0.02682793955745133,-0.02501287241483663,-0.18862883531643515,-0.08705292642116547,-0.052487447857856695,0.42791038751602173,-0.10336400665212343,1.349391106768245,25.891151177287913,-0.054289503943355355,0.08823144515017667,0.011609800922554583,0.0030238789986469783,1
10.19231367111206,-0.00562903331592679,-0.0834169015288353,0.4084121882915497,0.009042119447949656,-0.0631272643878756,-0.00021119459916864902,0.02682793955745133,-0.02501287241483663,-0.18862883531643515,-0.08705292642116547,-0.052487447857856695,0.42791038751602173,-0.09289530195734245,1.3503129445320308,25.90666884717498,-0.041745890756246976,0.09914768173394632,0.011129768131051715,0.000788412999099819,1
10.202454328536987,-0.0054040527902543545,-0.08498219400644302,0.4084365665912628,0.00205788943187867,-0.06144935636301681,0.003563255267561335,0.024841958701514066,-0.025457923466414734,-0.1798599742315674,-0.09083134680986404,-0.0073236697353422095,0.4486333727836609,-0.08591742507860184,1.3663201274904486,25.902189034408178,-0.0378184100609606,0.07798344548714463,0.010708737720356215,0.0028774839993275236,1
10.212525129318237,-0.0054040527902543545,-0.08498219400644302,0.4084365665912628,0.00205788943187867,-0.06144935636301681,0.003563255267561335,0.024841958701514066,-0.025457923466414734,-0.1798599742315674,-0.09083134680986404,-0.0073236697353422095,0.4486333727836609,-0.06725678983525389,1.3613474474760598,25.898380767055027,-0.03375303691612215,0.07831617120624286,0.010222118636925345,0.0007868060001783306,1
10.222540855407715,-0.005179380066692829,-0.0864688903093338,0.4084324538707733,0.00040437817168582533,-0.06449905028722223,0.0029746462396520517,0.02252685932796794,-0.025525274497813832,-0.1712031420265676,-0.112289197742939,0.010705360211432034,0.4398026168346405,-0.07036452991762092,1.3561839098192685,25.914536527715743,-0.022853935156038747,0.07633804700321933,0.009958318583352466,0.0026493000004848,1
10.232544898986816,-0.005179380066692829,-0.0864688903093338,0.4084324538707733,0.00040437817168582533,-0.06449905028722223,0.0029746462396520517,0.02252685932796794,-0.025525274497813832,-0.1712031420265676,-0.112289197742939,0.010705360211432034,0.4398026168346405,-0.05432999504377614,1.3630239588136543,25.902119710099573,-0.0166210911817676,0.06946177750253209,0.009548678042454397,0.0018717820003075758,1
10.242493867874146,-0.00502150971442461,-0.08797095715999603,0.40843042731285095,0.0032995138078007347,-0.06262463326645973,-0.00031969349567730597,0.02132068823358635,-0.025693336316926274,-0.16674151437386486,-0.11079734563827515,0.021981110796332415,0.4444302022457123,-0.04958616520114241,1.3665849978862366,25.909182509249725,-0.01349901030812107,0.06391778073364814,0.00914863555017877,0.0008073409990174696,1
10.252519845962524,-0.004981114994734526,-0.08870595693588257,0.4084393382072449,-0.004941974300657572,-0.05879694968465722,0.0032500282395947744,0.019457252351321674,-0.0253135147415402,-0.1601202942746447,-0.1163753792643547,0.03188431262969976,0.4460965096950531,-0.026390935622266222,1.3615241378761318,25.900995740647126,-0.005152269021480953,0.0584926373189487,0.008594765032308705,0.002411127001323621,1
10.26271653175354,-0.004951351787894964,-0.08943837136030197,0.4084433913230896,0.0010169646007902424,-0.060798786494809944,-0.0009326305975258724,0.018150033777550423,-0.025219371849116712,-0.1556350021148991,-0.11599723249673843,0.01886006630957132,0.4430442750453949,-0.02300879849494921,1.362246394163133,25.911095580716413,-0.0015113781043031107,0.06398309274344004,0.008194638422727397,0.0007984009989741025,1
10.272523164749146,-0.0048788259737193584,-0.09016173332929611,0.4084200859069824,0.0005682456182906631,-0.05646607271222034,0.00036114893750798654,0.018150033777550423,-0.025219371849116712,-0.1556350021148991,-0.11599723249673843,0.01886006630957132,0.4430442750453949,-0.020996946309616293,1.3626692271099774,25.91258844435094,-0.0014736737958536996,0.06408114516036927,0.008092868120861952,0.0033188359993800987,1
10.282489776611328,-0.004852148704230785,-0.09087026864290237,0.40842172503471375,-0.004084983514328877,-0.059044189601875074,0.002111322121618884,0.015103114668467033,-0.024364638847284237,-0.14472621496306726,-0.10955748707056046,0.04757115989923483,0.43658706545829773,-0.00804472684482232,1.3589011228964871,25.9052643601181,-0.00013865330656533483,0.04885532058220968,0.007442579304284589,0.0009079190003831172,1
10.292463779449463,-0.00480960588902235,-0.09157495200634003,0.4084039032459259,0.0011911712255885394,-0.05218564341151325,-0.0005666986566586424,0.01450694828935184,-0.024318679375096686,-0.1425590374307335,-0.11026541143655777,0.044146515429019983,0.44370037317276,-0.00035433394444688796,1.3586330913349127,25.90414148162935,0.00412802547690413,0.04731079622777924,0.007282635477130124,0.002770761000647326,1
10.302674055099487,-0.004763375036418438,-0.09223179519176483,0.40838417410850525,-0.0038972482970223202,-0.053992122314460336,0.0008200623405335547,0.012658410853287005,-0.023463266459277765,-0.13608503418357643,-0.11410155892372131,0.05428230017423635,0.4384371340274811,-0.004079652396953718,1.3432674047661857,25.911338694365742,0.007024442952175147,0.0484754764861881,0.007061810366625746,0.0009438190008950187,1
10.312450408935547,-0.00476166931912303,-0.09292250871658325,0.408375084400177,-0.0037358789754517474,-0.05279820036620113,0.0007743582588414415,0.01154682862010592,-0.023080254273666334,-0.1317802417521814,-0.10504530370235443,0.048759996891021784,0.42699769139289856,0.004365929273749691,1.3384036901791891,25.909041806398662,0.013901212534626133,0.04134827481559286,0.0066350099993256525,0.0028944559999217745,1
10.32243824005127,-0.00476166931912303,-0.09292250871658325,0.408375084400177,-0.0037358789754517474,-0.05279820036620113,0.0007743582588414415,0.01154682862010592,-0.023080254273666334,-0.1317802417521814,-0.10504530370235443,0.048759996891021784,0.42699769139289856,0.010868279461394657,1.3342077778072199,25.909013050479043,0.012767661725331364,0.0428041981815723,0.006343663816909266,0.0007979120000527473,1
10.332566022872925,-0.0047120205126702785,-0.09354877471923828,0.4083470106124878,0.0012797856865811776,-0.04493019730444491,-0.0016013237060824568,0.010481199970666655,-0.02255288413336487,-0.12757685517103834,-0.09864926338195801,0.06030156463384634,0.4279094636440277,0.005700303249832583,1.3135961602802884,25.915610838746332,0.013449349731485177,0.03514658720833883,0.006032561245469503,0.002406588000667398,1
10.342487096786499,-0.004652760922908783,-0.09477908909320831,0.4083220064640045,0.000822291766342906,-0.03877212104981766,-0.0007625716771916756,0.00939541702043556,-0.021861433403111974,-0.12325616211437218,-0.09781717509031296,0.06744869053363806,0.42391085624694824,0.004313341445084801,1.2902501628792833,25.914653137981677,0.016590305949450816,0.029530027072713842,0.005710933179071522,0.0007953970016387757,1
10.352515459060669,-0.004582283552736044,-0.09533387422561646,0.40827521681785583,0.0008569651201452906,-0.044331960354213225,-0.0002998339917765446,0.00939541702043556,-0.021861433403111974,-0.12325616211437218,-0.09781717509031296,0.06744869053363806,0.42391085624694824,0.0011686913875696352,1.2910666448602879,25.913433945474775,0.016025920574335696,0.029359558198271032,0.005623815447017682,0.0024313129997608485,1
10.362595558166504,-0.004556230269372463,-0.0959266722202301,0.4082663953304291,-0.0035257212343319773,-0.039356198148803,0.00329566140868259,0.007071989938714385,-0.02011604075635187,-0.11281988125806652,-0.07690995931625366,0.08209913969039923,0.4196368157863617,0.009807096936077698,1.2808932122417107,25.904038407834683,0.012599188108487846,0.0173915947848189,0.005007365106947934,0.0008178180014510872,1
10.372525215148926,-0.004501758608967066,-0.09641940146684647,0.4082251489162445,0.005274265035104233,-0.034345392186076046,-0.004118082594760019,0.006352991327473134,-0.01973644212058412,-0.10870740300248993,-0.06733298301696777,0.07637331634759909,0.41125404834747314,-0.0012074438256363725,1.2630413613020708,25.922507274353496,0.010537268397286432,0.018172868305990433,0.004672194332209121,0.002479576000041561,1
10.382492065429688,-0.004501758608967066,-0.09641940146684647,0.4082251489162445,0.005274265035104233,-0.034345392186076046,-0.004118082594760019,0.006352991327473134,-0.01973644212058412,-0.10870740300248993,-0.06733298301696777,0.07637331634759909,0.41125404834747314,-0.007928206580132024,1.2522562112412772,25.9252521118332,0.010442751710415997,0.01820762271565856,0.004578310335172229,0.000806293999630725,1
10.392501831054688,-0.004437243100255728,-0.09737996757030487,0.40817105770111084,0.00027376782124994843,-0.023481378325988688,1.480230285031636e-05,0.004799600396176107,-0.018153319803337897,-0.09846215189733742,-0.04750026389956474,0.04375924170017247,0.41147688031196594,0.008798840109248711,1.2540731763784538,25.904584842296273,0.009852324040588417,0.023150732622222323,0.004223330643377374,0.003104900000835187,1
10.402347326278687,-0.004437243100255728,-0.09737996757030487,0.40817105770111084,0.00027376782124994843,-0.023481378325988688,1.480230285031636e-05,0.004799600396176107,-0.018153319803337897,-0.09846215189733742,-0.04750026389956474,0.04375924170017247,0.41147688031196594,0.014902284757852694,1.2256619574470713,25.912033411181408,0.005792206174296942,0.03049887896680512,0.003811607732462121,0.0008648930015624501,1
10.412526607513428,-0.004307273309677839,-0.09826083481311798,0.408089816570282,-0.001963449888690207,-0.023793956234498887,0.0023912775646984046,0.004102508840332142,-0.017085949542062107,-0.0903303840397145,-0.02353842183947563,0.054198086261749316,0.40123918652534485,0.009645395940157325,1.2295624579974236,25.913930557696144,-0.0010407694614036926,0.028661576811404174,0.003542982842128801,0.002663338000274962,1
10.422292232513428,-0.004307273309677839,-0.09826083481311798,0.408089816570282,-0.001963449888690207,-0.023793956234498887,0.0023912775646984046,0.004102508840332142,-0.017085949542062107,-0.0903303840397145,-0.02353842183947563,0.054198086261749316,0.40123918652534485,0.01974149854162404,1.2162649964623522,25.907384779471602,-0.004553180894894629,0.022454660674706244,0.0032193224153348066,0.0007969340003910474,1
10.432454109191895,-0.004159982781857252,-0.09903853386640549,0.40800607204437256,-0.0014820118529354528,-0.022029988457154703,0.0026072401026408557,0.003895924813396512,-0.016356629309550286,-0.08228628563171414,0.0043092877604067326,0.02913670428097253,0.40670108795166016,0.012660781307819294,1.2085492021163728,25.922009509552037,-0.012945415914710462,0.02595546610656246,0.0028646216616731875,0.0026101860003109323,1
10.44232702255249,-0.004159982781857252,-0.09903853386640549,0.40800607204437256,-0.0014820118529354528,-0.022029988457154703,0.0026072401026408557,0.003895924813396512,-0.016356629309550286,-0.08228628563171414,0.0043092877604067326,0.02913670428097253,0.40670108795166016,0.024255225541859715,1.2045974418554226,25.908220628265127,-0.017913509078499867,0.03276272114146037,0.0025088328813280803,0.0008088780014077201,1
10.45231819152832,-0.004037015605717897,-0.09963840246200562,0.40796369314193726,0.0033784215219387526,-0.01735283624438329,0.0016659825316647124,0.003993754836049135,-0.016346213144097455,-0.07823258832895785,0.016545388847589493,0.03343452140688901,0.40679171681404114,0.021891740574757703,1.1943964632844786,25.908773630926607,-0.023895050192910744,0.030267191826030784,0.002183915044635947,0.002393736000158242,1
10.46245813369751,-0.00396356638520956,-0.09993495792150497,0.4079667329788208,0.0017284568756086964,-0.008503709929365574,0.003407848998215578,0.004140636669298203,-0.015970142732358195,-0.07220506602289367,0.01979050785303116,0.016620025038719226,0.4075612425804138,0.028374460824020658,1.170048624627551,25.90422121418877,-0.025303724241503307,0.03777712480214055,0.0017056567860391759,0.000798401000793092,1
10.472329378128052,-0.0038399393670260906,-0.10018482059240341,0.4079526662826538,0.007483794687557101,-0.010391914373249283,0.0005797181065412915,0.004331394767402852,-0.01616556157019744,-0.0682200075200119,0.027554040774703026,-0.0009931189706548556,0.40210598707199097,0.022182185552147387,1.1610074410450535,25.91104852323228,-0.029922308991070533,0.04671898009435409,0.0013871915644557051,0.002387730000918964,1
10.482273817062378,-0.0038399393670260906,-0.10018482059240341,0.4079526662826538,0.007483794687557101,-0.010391914373249283,0.0005797181065412915,0.004331394767402852,-0.01616556157019744,-0.0682200075200119,0.027554040774703026,-0.0009931189706548556,0.40210598707199097,0.018390588523155567,1.1555380403128175,25.91206792603455,-0.030052663632387996,0.046876838442198296,0.0012981636284315299,0.000856093000038527,1
10.49231481552124,-0.0036183565389364958,-0.10062622278928757,0.40797314047813416,0.004602173808282697,0.00039328345991120213,0.002715754557240126,0.005044680674409996,-0.0163456348803086,-0.05827577310693988,0.02588343247771263,-0.013256922364234876,0.3964526951313019,0.026165044394144896,1.1476122078898072,25.896860024228957,-0.034665950057436175,0.04887027697344913,0.0010391010761187224,0.0031676910002715886,1
10.502496480941772,-0.0036183565389364958,-0.10062622278928757,0.40797314047813416,0.004602173808282697,0.00039328345991120213,0.002715754557240126,0.005044680674409996,-0.0163456348803086,-0.05827577310693988,0.02588343247771263,-0.013256922364234876,0.3964526951313019,0.03315086314356756,1.1263380764281339,25.90415341494974,-0.03048558523973196,0.05393877349522296,0.0006106905507997898,0.0008608419993834104,1
10.51250147819519,-0.0033713816665112972,-0.10095406323671341,0.40799152851104736,0.005786655956996177,0.004312311253170157,0.003951558395111586,0.005721804996478674,-0.016689883082121604,-0.050454244533934656,0.03935496136546135,-0.033963341265916776,0.3985373079776764,0.03450548716750778,1.1220072182069754,25.90247689733363,-0.03596590946564534,0.05107785031622399,0.00027818055890265164,0.003868936999424477,1
10.522327661514282,-0.003226127475500107,-0.10107050836086273,0.40799710154533386,0.010186346252482341,0.003022235098398317,0.0012297174046776427,0.006001191485680568,-0.0171380491885893,-0.0465867348544684,0.037820328027009964,-0.031169196590781163,0.39024803042411804,0.04027659203348638,1.10558664798749,25.9015507912551,-0.03886528466294098,0.06522822847891079,-9.12118823860908e-05,0.0009734329996717861,1
10.532427787780762,-0.003226127475500107,-0.10107050836086273,0.40799710154533386,0.010186346252482341,0.003022235098398317,0.0012297174046776427,0.006001191485680568,-0.0171380491885893,-0.0465867348544684,0.037820328027009964,-0.031169196590781163,0.39024803042411804,0.03550470029031685,1.099298320979886,25.908569860072962,-0.039104225485982254,0.06496351999422233,-0.00036268075412526185,0.0008421239999734098,1
10.542512893676758,-0.002947756554931402,-0.10123944282531738,0.40804460644721985,0.009129917259381249,0.009585915121523571,0.002293538308482595,0.006463389170511924,-0.017255513130744582,-0.042687282593623976,0.04335378482937813,-0.03650038316845889,0.3911817669868469,0.03656557412471171,1.0826276499645153,25.906575258023615,-0.04261087859173244,0.06811521435777802,-0.0006891338990531612,0.0023617469996679574,1
10.552507400512695,-0.0027830819599330425,-0.1013055369257927,0.4080547094345093,0.007558150698790393,0.010540200379979686,0.0046795695205403874,0.007125488646454681,-0.018260053722904956,-0.03692220169287541,0.05215795710682869,-0.05743020772933955,0.3874581754207611,0.045819954997832125,1.0727625205585727,25.899863404706252,-0.04891781480410665,0.08165681404956111,-0.0011151206812152308,0.0008318569998664316,1
10.562450647354126,-0.002637393306940794,-0.10132715851068497,0.4080841541290283,0.008069201420004606,0.015750663321717498,0.004121101956594055,0.007684467672236295,-0.018694831073744034,-0.03306933576694426,0.05988512560725212,-0.051286716014146756,0.38551366329193115,0.05193949336079479,1.0567147474689114,25.900148965801275,-0.054003324446814285,0.08003866420462867,-0.0014522489990404365,0.0023579060016345466,1
10.57249140739441,-0.0024557355791330338,-0.10133953392505646,0.40809622406959534,0.01068468858701,0.015216614108594333,0.0038913027488995736,0.008213564698583475,-0.01942800007613199,-0.02924342737016783,0.06205329671502113,-0.062488742172718,0.38623538613319397,0.05276955440515599,1.0494261903551276,25.900736225500808,-0.05673102633407186,0.08745650957883778,-0.001781319955221594,0.002434316000289982,1
10.582282066345215,-0.002281311433762312,-0.10132796317338943,0.4081162214279175,0.007753329372755707,0.019481740877511113,0.005822911411404985,0.008762319575406963,-0.01989914031224682,-0.025432260063270373,0.06283588707447052,-0.062344543635845136,0.3851439356803894,0.061502064218385534,1.0363930478342072,25.895584963584852,-0.058403681373614486,0.08916037079308077,-0.002111233302125887,0.0008029410000744974,1
10.592516660690308,-0.0021199705079197884,-0.10128116607666016,0.4081365168094635,0.009843271265307775,0.021743483817097863,0.002640630862292573,0.009732483507873813,-0.020911882198825893,-0.019732606727441482,0.07244008779525757,-0.05384569987654681,0.3841748535633087,0.0667569161099039,1.0284962375130935,25.894819296615044,-0.0584683157889122,0.08916128837342686,-0.002199223363702276,0.0031805430007807445,1
10.602517366409302,-0.0021199705079197884,-0.10128116607666016,0.4081365168094635,0.009843271265307775,0.021743483817097863,0.002640630862292573,0.009732483507873813,-0.020911882198825893,-0.019732606727441482,0.07244008779525757,-0.05384569987654681,0.3841748535633087,0.068686568690545,1.0213780409778812,25.90288907634273,-0.0657328912219538,0.08769910548362847,-0.002560395250897901,0.0007995880005182698,1
10.61250638961792,-0.001744086155667901,-0.10114540159702301,0.4081481695175171,0.007508181045782305,0.022533873090376445,0.00233412233313168,0.01104589550918611,-0.021944829453485415,-0.012063222996204104,0.07289344817399979,-0.05475618690252299,0.375806987285614,0.06493168567481385,1.0142352990598105,25.909535626154405,-0.06572003369133564,0.08746713841143636,-0.0026508032229203425,0.003003764000823139,1
10.622572898864746,-0.001744086155667901,-0.10114540159702301,0.4081481695175171,0.007508181045782305,0.022533873090376445,0.00233412233313168,0.01104589550918611,-0.021944829453485415,-0.012063222996204104,0.07289344817399979,-0.05475618690252299,0.375806987285614,0.07642556503360341,1.0132825902838423,25.905658234741434,-0.06980606552934039,0.09135655419146826,-0.003106539716410856,0.000825222001367365,1
10.632322311401367,-0.0013806828064844012,-0.10090791434049606,0.4081367254257202,0.00966397021748245,0.026941154148263986,0.000414274121308504,0.012491904460314451,-0.02308665019712297,-0.0046729418337498885,0.0836189016699791,-0.04472046345472331,0.3802824020385742,0.0800673582898735,0.9956208291669303,25.911611258184323,-0.07305550925333847,0.09167700871189527,-0.0034261242405351565,0.0025374079996254295,1
10.64232063293457,-0.0013806828064844012,-0.10090791434049606,0.4081367254257202,0.00966397021748245,0.026941154148263986,0.000414274121308504,0.012491904460314451,-0.02308665019712297,-0.0046729418337498885,0.0836189016699791,-0.04472046345472331,0.3802824020385742,0.08380620273467962,0.99502122860507,25.910914780529048,-0.07895374678081937,0.08952868984311418,-0.0037962156296093993,0.0007974229993124027,1
10.652321100234985,-0.0010208047460764647,-0.10062135010957718,0.4081445038318634,0.01046118047120999,0.031276315449783085,0.0003960871297129716,0.013257304865143649,-0.02353811202499667,-0.0009092683438360893,0.08576109260320663,-0.04132737591862674,0.37340179085731506,0.08468147469646108,0.9852994587004172,25.91079499391096,-0.08188912563366553,0.08901258964819798,-0.004074136420197229,0.0024370400005864212,1
10.662318229675293,-0.0008482099510729313,-0.10049553960561752,0.40814685821533203,0.006227490015032482,0.029671020805403615,0.0022716727432385334,0.014355268246997177,-0.024239460400068857,0.0045963272420137535,0.08281035721302032,-0.03739450126886363,0.37102892994880676,0.09680213443759617,0.9843570857369386,25.90563148881265,-0.08382642048962179,0.08948029635583733,-0.004487954263204438,0.0007959570011735195,1
10.672315120697021,-0.0006740744574926794,-0.10030980408191681,0.40814870595932007,0.009469415970420012,0.041726369417298945,-0.0015910547802915366,0.015231968288162534,-0.024657287697291252,0.008309413649983277,0.09173741191625595,-0.03144283965229983,0.37655195593833923,0.0983047246443295,0.9585247854035468,25.9150702283218,-0.08957931790263467,0.08745136436285636,-0.004856248401266807,0.0024484240002493607,1
10.682243347167969,-0.00045858669909648597,-0.10012035071849823,0.40812888741493225,0.010343664305421267,0.03228493035549357,-0.000933545599573593,0.01603775025836862,-0.025028604473847693,0.011848448247588461,0.09802932292222977,-0.029900329187512353,0.3621232807636261,0.09808686934968443,0.9659815713707584,25.91463325020242,-0.09611678192510027,0.0876122437982742,-0.005056612697948324,0.0008412859988311538,1
10.692488670349121,-0.00028302063583396375,-0.09995150566101074,0.4081399142742157,0.005316484683864359,0.041528973732031974,0.00019899036942491567,0.016870425371080078,-0.02515666257733251,0.0154691267405207,0.0843798816204071,-0.015709206461906388,0.3591351807117462,0.10841689542520798,0.9487907137451934,25.911495485395417,-0.09098257778316991,0.08138059816637802,-0.005336215177759406,0.0024728709995542886,1
10.702330827713013,-8.070968760875985e-05,-0.09971996396780014,0.40812209248542786,0.010944497699213405,0.038682598644771665,-0.0021941770276432413,0.017610112415070045,-0.02550254203160085,0.01901967485823164,0.08816493302583694,0.0001024045050144643,0.36541125178337097,0.10270565086572193,0.9471753001669243,25.91729343033093,-0.09413669628478487,0.07341006656373802,-0.005653531500058536,0.0008445690000371542,1
10.712867498397827,0.00011984344746451825,-0.09956994652748108,0.40812548995018005,0.005228633048580724,0.037026181818077285,0.001562950677761361,0.018879058358316936,-0.025434813324653582,0.02437735534858243,0.08931677788496017,0.004743781406432434,0.3523491322994232,0.11132190320260818,0.9505372683318434,25.908045525316822,-0.09966529258400243,0.07178843481956748,-0.005978945298306227,0.0027257109995844075,1
10.722397804260254,0.00030064707971177995,-0.09932451695203781,0.40813928842544556,0.009316099682542914,0.05047244208470352,-0.001727118971839615,0.019322598324892137,-0.025444418405366598,0.026081422294753853,0.07728679478168488,0.016748337075114295,0.35471808910369873,0.11655464713696036,0.9525482057496406,25.90666219085447,-0.09973890826448667,0.07172277676673582,-0.006066532037036429,0.0012927659990964457,1
10.732232570648193,0.00030064707971177995,-0.09932451695203781,0.40813928842544556,0.009316099682542914,0.05047244208470352,-0.001727118971839615,0.019322598324892137,-0.025444418405366598,0.026081422294753853,0.07728679478168488,0.016748337075114295,0.35471808910369873,0.10908766141314315,0.9226904674250532,25.91530191398672,-0.09374165441728767,0.06538903204297875,-0.006213583706575518,0.0008861269998305943,1
10.742467641830444,0.0007390740211121738,-0.09890475869178772,0.40814459323883057,0.004365679362554096,0.047234371304141924,0.0036742496178310776,0.020863373773776672,-0.025061087019921935,0.03472593884827058,0.06588025391101837,0.03177426010370259,0.3350142240524292,0.10327852239921922,0.9321110882418513,25.913410729753686,-0.09455824337547593,0.06176065741859044,-0.00649778442323661,0.0029195309998613084,1
10.752248287200928,0.0007390740211121738,-0.09890475869178772,0.40814459323883057,0.004365679362554096,0.047234371304141924,0.0036742496178310776,0.020863373773776672,-0.025061087019921935,0.03472593884827058,0.06588025391101837,0.03177426010370259,0.3350142240524292,0.10987352514168962,0.9169434100141962,25.901824762472412,-0.09292488196158126,0.05710179841993647,-0.006728012524920165,0.0008365369994862704,1
10.76250958442688,0.0013941137585788965,-0.09824618697166443,0.40822285413742065,0.012413673130902513,0.05142844467651056,-0.0030839787986405866,0.02164065615746935,-0.024661945906141902,0.041341845148110234,0.034084539860486984,0.03594506531953816,0.32940614223480225,0.09969051855473945,0.922132437047516,25.91200067563797,-0.08969196718431763,0.05711034628789226,-0.00700427147195309,0.0026852699993469287,1
10.772239208221436,0.0013941137585788965,-0.09824618697166443,0.40822285413742065,0.012413673130902513,0.05142844467651056,-0.0030839787986405866,0.02164065615746935,-0.024661945906141902,0.041341845148110234,0.034084539860486984,0.03594506531953816,0.32940614223480225,0.08836531908939627,0.8998659595674925,25.91933641293954,-0.07896586256036636,0.053104848406050245,-0.007250390342835216,0.0008169100001396146,1
10.782472372055054,0.0016582031967118382,-0.09802988171577454,0.4082488715648651,0.009620649559773738,0.042168989805425966,0.003082608439680427,0.021821091803182924,-0.024390946012740944,0.04617388776843789,0.014595724642276764,0.024515653029084244,0.32381707429885864,0.08806466669194934,0.9040626160030141,25.90398479611046,-0.07066281028894364,0.05824748879667291,-0.0076113149684455695,0.0023326209993683733,1
10.792282581329346,0.001870162202976644,-0.09780489653348923,0.4083153307437897,0.005776739404987177,0.05261437223388053,0.00451003586784884,0.022057149782536367,-0.02367408650925551,0.049524534061760495,0.011549875140190125,0.050646819174289745,0.3204672336578369,0.09158505317739687,0.881266540206046,25.897771231126637,-0.06874496139145805,0.04356061265774731,-0.00787256459209874,0.0008154429997375701,1
10.802281618118286,0.0021308716386556625,-0.09756139665842056,0.40834125876426697,0.013093847399541978,0.04531586551828001,0.0012318190107819364,0.021857384412076186,-0.023578209537916006,0.05269597844762819,-0.008804579265415668,0.05255574733018879,0.3219769299030304,0.07801908043444221,0.8828463027808877,25.905458412791187,-0.05878100733897355,0.04143468731168288,-0.008160114027815739,0.0007972139992489247,1
10.812517881393433,0.002361188642680645,-0.09735694527626038,0.4084032475948334,0.003423475365852968,0.049292635164256846,0.008070322798824647,0.021700868640960547,-0.022695034664241387,0.055887721428597104,-0.026337934657931328,0.0569599345326424,0.310132771730423,0.08765059831437738,0.8694618427949263,25.888359368794628,-0.049174082773825484,0.03751473746414388,-0.00837558502777353,0.0023498729988205014,1
10.82251501083374,0.002361188642680645,-0.09735694527626038,0.4084032475948334,0.003423475365852968,0.049292635164256846,0.008070322798824647,0.021700868640960547,-0.022695034664241387,0.055887721428597104,-0.026337934657931328,0.0569599345326424,0.310132771730423,0.09348834695055874,0.8614087965477157,25.88582637892587,-0.04904158001480424,0.037442955411387584,-0.008429431014163578,0.0007864570015954087,1
10.832515716552734,0.002907351590692997,-0.09687436372041702,0.40845879912376404,0.00945512612029424,0.04875845841662822,0.004689436161721366,0.020856424218966385,-0.02109454448445236,0.06360413310936597,-0.045574385672807693,0.048928026109933895,0.3124907612800598,0.06835813437363546,0.8603776773297748,25.91395887408501,-0.05029186325268483,0.024042364135989473,-0.008732733285531105,0.003140941000310704,1
10.842586517333984,0.0031401608139276505,-0.0966133326292038,0.40852004289627075,0.010897926797607376,0.052736695887048955,0.0002907896512374324,0.020211118591725086,-0.02065930249997816,0.066906824374247,-0.052787065505981445,0.09478186070919041,0.2956596612930298,0.06608544914571352,0.8535939099538075,25.8985416927023,-0.03719172925675259,0.036089765819685704,-0.00904424214712471,0.0008556049997423543,1
10.852553367614746,0.0036914548836648464,-0.09615273773670197,0.40855783224105835,0.004939012273605614,0.05431414768011851,0.005818871302476941,0.019635950045591155,-0.019814547053436105,0.06963146732996162,-0.06235917657613754,0.07905597984790806,0.3086598813533783,0.0567284629792218,0.8386478413992109,25.90772017215907,-0.03126208897318174,0.011996491272227947,-0.009148101732910455,0.0025855999992927536,1
10.862513542175293,0.0036914548836648464,-0.09615273773670197,0.40855783224105835,0.004939012273605614,0.05431414768011851,0.005818871302476941,0.019635950045591155,-0.019814547053436105,0.06963146732996162,-0.06235917657613754,0.07905597984790806,0.3086598813533783,0.061420127382284126,0.8202944984175095,25.894473542519126,-0.0245633682948005,0.017531433692296847,-0.00948794680840076,0.0008358380000572652,1
10.872527360916138,0.0042976392433047295,-0.09563510119915009,0.40852922201156616,0.010900004511788818,0.05183421824227409,0.003244366799124045,0.017769821936037822,-0.017856338459445897,0.07701270241389002,-0.0652240514755249,0.10257727652788166,0.2929401993751526,0.032630915371709465,0.8142862847977608,25.926299462524927,-0.01883271246234642,0.01365438040188474,-0.009895271246284264,0.002729272999204113,1
10.882596969604492,0.0042976392433047295,-0.09563510119915009,0.40852922201156616,0.010900004511788818,0.05183421824227409,0.003244366799124045,0.017769821936037822,-0.017856338459445897,0.07701270241389002,-0.0652240514755249,0.10257727652788166,0.2929401993751526,0.0273915948073116,0.8069482630239032,25.904312169855192,-0.017985426296307422,-0.00037694341279903565,-0.00998321572082457,0.0014599749993067235,1
10.892499923706055,0.004582311492413282,-0.09537559002637863,0.40852096676826477,0.01728604321741856,0.05534746509810285,-0.006894111055743467,0.017093580970949596,-0.016893116630975147,0.08011713853059588,-0.0719815269112587,0.09915133565664296,0.29249611496925354,0.008543636799812494,0.7945249831427318,25.927943852116247,-0.012323100184417509,-0.002254375650402436,-0.010199880992778316,0.0008284340001409873,1
10.90222716331482,0.004949054215103388,-0.0951196700334549,0.40846261382102966,0.018550997549895764,0.049257669614961024,-0.002655209261501671,0.016167209419997164,-0.016612738722520337,0.08275730355948907,-0.08066900074481964,0.0523779354989529,0.2863452434539795,-0.0028658426200215206,0.7970349401039818,25.92062088845993,-0.0058948323522896705,0.020139199962841598,-0.010435086310846586,0.0025319589985883795,1
10.91246247291565,0.005263351835310459,-0.09485321491956711,0.408463716506958,0.014719663019023511,0.058730024879300256,-0.0008718811063033125,0.015530679464670794,-0.015383941526618816,0.08569025817310072,-0.07384661585092545,0.079226128757,0.2706357538700104,-0.008675838437523299,0.7742246351712899,25.91491799646557,-0.006538828739882729,0.0038436182537529874,-0.01050885032513414,0.0009491969994996907,1
10.922603130340576,0.005631784908473492,-0.09454582631587982,0.4084037244319916,0.02365226457608897,0.0547299907713536,-0.0061268219071866255,0.014673737101414286,-0.015208820131543455,0.08846946672276523,-0.07406269013881683,0.06921514123678212,0.28478702902793884,-0.012162728182636778,0.760452899452845,25.914083957352776,-0.006576013190643483,0.0035724366332624685,-0.010538884531213055,0.003168179999192944,1
10.932484865188599,0.005980452988296747,-0.09427222609519958,0.408390074968338,0.012952513424267518,0.05641778940469482,0.004202474941542968,0.013731370690066136,-0.013833790692567405,0.0925732474586658,-0.07039619982242584,0.03728910535573963,0.2596634030342102,-0.03349604468970854,0.7610521679704781,25.928141225667083,-0.00439053801055129,0.007281112931498657,-0.010824968220243805,0.0008426820004387992,1
10.942521572113037,0.006324749439954758,-0.09396345168352127,0.4083654284477234,0.02401583951974894,0.05827416503129,-0.006567937665284672,0.013008958713572216,-0.013956335708129597,0.09515902577372337,-0.05305374786257744,0.07457126677036288,0.26809144020080566,-0.05156933552934406,0.750426206858146,25.931582232289827,-0.010683875614059719,0.0007850989833452452,-0.011168651958517467,0.0024229310001828708,1
10.952558040618896,0.006734281778335571,-0.0936909168958664,0.40831661224365234,0.019196129965176608,0.053235031773514595,0.003053500380637481,0.01253664150110767,-0.012959964895007392,0.09768114707345354,-0.05816400423645973,0.026352182030677827,0.2603807747364044,-0.06337074139047276,0.7434645825819081,25.93217862544045,-0.009786009897123733,0.0008550183375715143,-0.011263555254635963,0.0010134540007129544,1
10.962494373321533,0.006734281778335571,-0.0936909168958664,0.40831661224365234,0.019196129965176608,0.053235031773514595,0.003053500380637481,0.01253664150110767,-0.012959964895007392,0.09768114707345354,-0.05816400423645973,0.026352182030677827,0.2603807747364044,-0.0588084765210149,0.7462816111485217,25.907139660992826,-0.006425123485571262,0.0224695845524174,-0.011438303697409915,0.0008115319997159531,1
10.972521305084229,0.0075258007273077965,-0.09307718276977539,0.4082547426223755,0.030600524518614294,0.05820135443138991,-0.003388540184949741,0.012002858632278457,-0.012873709697470037,0.10044854688458305,-0.0479247011244297,0.05033907294273379,0.2428036779165268,-0.08758397290136626,0.7377363941060163,25.920745110162784,-0.009528781017313886,0.00945006274130291,-0.011466570170653244,0.002408263999313931,1
10.982532739639282,0.007939686067402363,-0.09277087450027466,0.40824761986732483,0.017458904174572902,0.062183708028349376,0.0060526254155282575,0.011400534670529261,-0.012027292176047588,0.10382692213410705,-0.03853832930326462,0.042764484882354764,0.23159074783325195,-0.07914065754940383,0.7179330061216902,25.89792200254175,-0.012090363667234632,0.011705373190862026,-0.011623724806725348,0.0008339519990840927,1
10.99251937866211,0.008353786543011665,-0.09242361783981323,0.40821579098701477,0.031202233553177233,0.06050195580849445,-0.005601282107969257,0.010990665328020288,-0.012154412137670434,0.10641646287533657,-0.026660973206162453,0.03612614423036578,0.2307373583316803,-0.10408574692993908,0.7134784365763124,25.925431798505606,-0.017057806604019222,0.014158406090986106,-0.011798312717606067,0.0024775499987299554,1
11.002533435821533,0.00882219523191452,-0.09211935102939606,0.4081759750843048,0.02176783596462325,0.059925071923773436,0.006072913775661069,0.010811430692205803,-0.011939351366560214,0.10853564493504786,-0.015715990215539932,0.041796199977397946,0.23446670174598694,-0.10128850555447821,0.7081379135001725,25.898862011224235,-0.022103343255425578,0.011585666639580626,-0.01201036979453664,0.0007940010000311304,1
11.01252293586731,0.00924239493906498,-0.09177306294441223,0.4081745445728302,0.028462184351714118,0.06460971394407133,-0.002699071973648236,0.010584234938877835,-0.011937595905436638,0.11214231200568303,-0.01134533528238535,0.0019571399316191964,0.23581691086292267,-0.11272155288167886,0.6957419466685735,25.91816378495052,-0.02321591287892079,0.030752644772176083,-0.012313773729345775,0.0023559500004921574,1
11.022518873214722,0.009756957180798054,-0.0914328470826149,0.40811285376548767,0.03131388064544784,0.061551794683954025,0.0020834080382314234,0.010560294243203927,-0.01201784400785666,0.1130664755684414,-0.006693629547953606,-0.01738419570028779,0.22885660827159882,-0.12630058312974451,0.6947148447185236,25.908702307383283,-0.02587837172448238,0.040677869306912584,-0.01240491677569385,0.0007993789986358024,1
11.032522916793823,0.010208019986748695,-0.09107763320207596,0.4081248939037323,0.024745908965097135,0.06691662982972979,0.003981163326303776,0.01072274961407027,-0.011568044026021962,0.1165770385660081,0.011084014549851418,0.016704475507140187,0.22672274708747864,-0.1250615880936993,0.6814477431547651,25.90218573900413,-0.034460908294507084,0.023722206021828243,-0.012612727561980844,0.002464698000039789,1
11.042544603347778,0.010208019986748695,-0.09107763320207596,0.4081248939037323,0.024745908965097135,0.06691662982972979,0.003981163326303776,0.01072274961407027,-0.011568044026021962,0.1165770385660081,0.011084014549851418,0.016704475507140187,0.22672274708747864,-0.12536155060398593,0.6726882934390057,25.90119905919076,-0.034823625993352536,0.02277514368118546,-0.012667563619668983,0.0008011949994397582,1
11.05251145362854,0.011217424646019936,-0.09036266803741455,0.4080614149570465,0.0234811989554794,0.067032702417248,0.008734209531403416,0.011112660151357368,-0.011540421545162438,0.1207322014237735,0.010771822184324265,-0.036999575793743106,0.20595315098762512,-0.12128761674263934,0.6655370046580024,25.88879313032971,-0.035426779951637254,0.050121652336009244,-0.012817817178224776,0.0024122449995047646,1
11.062597274780273,0.011698033660650253,-0.08996858447790146,0.40803804993629456,0.03572796549757517,0.06662333062156957,-0.004667578577689982,0.011183389070932748,-0.012417535810303804,0.1227528369003128,0.02505583129823208,0.006725378800183561,0.21060049533843994,-0.12009320870523227,0.6605158829489969,25.886989806592634,-0.035884479583037567,0.0499299935003512,-0.012857532445911517,0.0010565490010776557,1
11.072510719299316,0.012717793695628643,-0.08921463787555695,0.4079766571521759,0.029006365258401976,0.06966592386267999,-0.0009743768048586165,0.01156950886047392,-0.012052732298400315,0.12466266232222933,0.025439012795686722,-0.04612974449992177,0.20893502235412598,-0.14915060951933293,0.6634826364926438,25.922104548005333,-0.04324727854176352,0.029548283558047894,-0.01298294137779974,0.0029047240004729247,1
11.08253788948059,0.01327341515570879,-0.0888277217745781,0.4078957438468933,0.036714869739433054,0.06390824950845678,-0.002233125159613711,0.011950100199149993,-0.013115300735304203,0.12779144970848044,0.02957518957555294,-0.03306971490383146,0.19718888401985168,-0.1531899541560008,0.6544075731592456,25.917856968670357,-0.04423846189929143,0.05508190688007865,-0.01315558391905723,0.002591956999822287,1
11.092418432235718,0.01327341515570879,-0.0888277217745781,0.4078957438468933,0.036714869739433054,0.06390824950845678,-0.002233125159613711,0.011950100199149993,-0.013115300735304203,0.12779144970848044,0.02957518957555294,-0.03306971490383146,0.19718888401985168,-0.17213098239117983,0.6645933847992437,25.920844108181036,-0.048092441201020644,0.05137290538131374,-0.013297648102451669,0.0008137670010910369,1
11.102558135986328,0.013769794255495071,-0.08844859153032303,0.4078865349292755,0.02507060269900277,0.06846538221286251,0.004526348012193294,0.012464374859875171,-0.01279555762302298,0.12984230836228594,0.04473352059721947,-0.020789727568626376,0.21633906662464142,-0.16263680396058539,0.6573076386055409,25.903401383773808,-0.056563879463888286,0.04528227762037324,-0.013606528762093903,0.0026858979999815347,1
11.112522840499878,0.014293627813458443,-0.08804687112569809,0.40782588720321655,0.037543951613084985,0.06469971729801936,-0.005815497468862188,0.012913071672538745,-0.013638968651569439,0.13205362731402026,0.048752542585134506,-0.05625849217176435,0.19717925786972046,-0.18001743409725895,0.6666590007778418,25.92837098457438,-0.060413401478063566,0.06416793406858054,-0.013683488957779811,0.002580431999376742,1
11.122822999954224,0.014293627813458443,-0.08804687112569809,0.40782588720321655,0.037543951613084985,0.06469971729801936,-0.005815497468862188,0.012913071672538745,-0.013638968651569439,0.13205362731402026,0.048752542585134506,-0.05625849217176435,0.19717925786972046,-0.1905859526722807,0.6722971202326241,25.932079376725866,-0.060482632383443556,0.0645369409285761,-0.013707508230762933,0.0009498950003035134,1
11.132230758666992,0.015316040255129337,-0.08727801591157913,0.4077540338039398,0.03370994290863526,0.0682569147790645,-0.006105979380580317,0.014135928155222466,-0.014015868009510601,0.13619551279562359,0.06812019646167755,-0.007886616513133023,0.21229857206344604,-0.19619926621262457,0.668575752245699,25.933486627754043,-0.0732000680025335,0.041798904602347704,-0.014057266215492373,0.000873764000061783,1
11.142473697662354,0.015888508409261703,-0.0868925228714943,0.40767183899879456,0.03248713135297635,0.062127243859231046,6.983578008683291e-05,0.014744864131553292,-0.014720716616662077,0.1379461742420327,0.06951004266738892,-0.04873909428715703,0.20753853023052216,-0.19143500635475655,0.6800601420992901,25.917499211831988,-0.07554347670733716,0.06294420101243983,-0.014244744338267149,0.002784170999802882,1
11.152492761611938,0.016373123973608017,-0.08650381863117218,0.40765580534935,0.027385697497657964,0.06789508498900813,-0.0019013627350054625,0.01586236025014598,-0.014836893088106873,0.1412422305427774,0.07461078464984894,-0.025701131671667075,0.19894041121006012,-0.1820186467735783,0.6744019992101918,25.920455564204513,-0.08004099871267129,0.05332515602815773,-0.014433923896458324,0.0018621440012793755,1
11.16230058670044,0.016373123973608017,-0.08650381863117218,0.40765580534935,0.027385697497657964,0.06789508498900813,-0.0019013627350054625,0.01586236025014598,-0.014836893088106873,0.1412422305427774,0.07461078464984894,-0.025701131671667075,0.19894041121006012,-0.17756850395892002,0.6700806219654482,25.92095129309924,-0.08165678835818103,0.05327761800727259,-0.014479469559818539,0.0008113919993775198,1
11.172462224960327,0.01742093451321125,-0.08577309548854828,0.40753844380378723,0.025857002193334058,0.0652868006416629,0.0008029948388736353,0.017544092309431658,-0.01520068680758957,0.145165364699686,0.08448921889066696,-0.01064132340252397,0.19697201251983643,-0.18987256827231305,0.6847306659531996,25.938727064130322,-0.08501115563314435,0.053729643793235006,-0.014581975335400779,0.0025993599992943928,1
11.182327270507812,0.01742093451321125,-0.08577309548854828,0.40753844380378723,0.025857002193334058,0.0652868006416629,0.0008029948388736353,0.017544092309431658,-0.01520068680758957,0.145165364699686,0.08448921889066696,-0.01064132340252397,0.19697201251983643,-0.18277350613564533,0.6836079518882539,25.91679192747864,-0.09170395420214568,0.04692148630614603,-0.01474033289008056,0.0007925339996290859,1
11.192481279373169,0.018940864130854607,-0.08462028205394745,0.4074331820011139,0.02542203926151781,0.06219803577145901,0.0015613500256941699,0.01949083667164775,-0.015712644953915333,0.1502821975517965,0.08770190924406052,-0.03109655529260633,0.21160271763801575,-0.18633459190401533,0.6891699100697289,25.91123236712825,-0.09179460327639123,0.05522639860613501,-0.015063681392934021,0.0030384069996216567,1
11.202330350875854,0.018940864130854607,-0.08462028205394745,0.4074331820011139,0.02542203926151781,0.06219803577145901,0.0015613500256941699,0.01949083667164775,-0.015712644953915333,0.1502821975517965,0.08770190924406052,-0.03109655529260633,0.21160271763801575,-0.18166325141809833,0.6940483630886263,25.911005691169425,-0.0992312282895586,0.05863315625874767,-0.015315456580496814,0.0007991689999471419,1
11.212486982345581,0.01945740543305874,-0.08428261429071426,0.40739011764526367,0.0336470739782187,0.05400564590158467,-0.000529911639786427,0.02023200565872152,-0.01660900826466305,0.1522275199940779,0.0797913670539856,-0.0391217656433582,0.20723800361156464,-0.19369075531576058,0.7189117762483163,25.916599261431653,-0.09842875502535348,0.06458384860130642,-0.015477480164714433,0.0024020470009418204,1
11.222476243972778,0.01993965357542038,-0.08398469537496567,0.4073988199234009,0.022868721318023484,0.05779998735039149,0.006567718374548142,0.02111259509954566,-0.016327879000872958,0.15411102412461686,0.08269656449556351,-0.014578416943550086,0.1994338482618332,-0.1833805911092184,0.721353603295363,25.898553831847313,-0.10190414633698103,0.052505046524977075,-0.01557751842108467,0.000797980999777792,1
11.232500553131104,0.02042132429778576,-0.08364354074001312,0.40739986300468445,0.03168316849225224,0.05906710436809785,-0.00048347503443226257,0.021905913626690587,-0.016691699220555467,0.1561773054487281,0.08134396374225616,-0.004727907478809332,0.19635306298732758,-0.198229452423091,0.7252815201610943,25.914475191519514,-0.10354474683334589,0.04759914727522307,-0.015684690140751745,0.0024176919996534707,1
11.242342710494995,0.020950257778167725,-0.08333909511566162,0.40739476680755615,0.030312657879967484,0.054292917836918295,0.005216158720313513,0.022973732007185887,-0.016868538396921373,0.15887442248027295,0.07201682776212692,-0.019754596054553965,0.18337956070899963,-0.20720264067593572,0.727647159639724,25.916842716483853,-0.10355406392929105,0.04754916569120622,-0.015712229105187023,0.0009749000000738306,1
11.252516984939575,0.021425407379865646,-0.08301147073507309,0.40744176506996155,0.025574005920185487,0.0581128821506701,0.00396041669332045,0.0236859972530703,-0.017159228389560077,0.1609166636551862,0.06278227269649506,-0.027060201391577696,0.1974448263645172,-0.19851539744041566,0.7294067205531093,25.90541860667581,-0.09851399908070377,0.06016121304831641,-0.016070521128362124,0.002444373998514493,1
11.262503385543823,0.021425407379865646,-0.08301147073507309,0.40744176506996155,0.025574005920185487,0.0581128821506701,0.00396041669332045,0.0236859972530703,-0.017159228389560077,0.1609166636551862,0.06278227269649506,-0.027060201391577696,0.1974448263645172,-0.19455336987599356,0.7298086524127484,25.903586908377452,-0.09942906383388837,0.06075655709388416,-0.016169250712177643,0.0007921149990579579,1
11.272530317306519,0.022362705320119858,-0.08247587084770203,0.40750524401664734,0.020701136374941833,0.05206571521188075,0.006621942401867636,0.024994889321047875,-0.017568614818586514,0.1647703611640563,0.06495260447263718,-0.018038509413599944,0.19265633821487427,-0.18142061518082764,0.7434049129724464,25.896000272136853,-0.10380619773761608,0.05782540193662651,-0.016405114392846268,0.0024003010003070813,1
11.282228946685791,0.022362705320119858,-0.08247587084770203,0.40750524401664734,0.020701136374941833,0.05206571521188075,0.006621942401867636,0.024994889321047875,-0.017568614818586514,0.1647703611640563,0.06495260447263718,-0.018038509413599944,0.19265633821487427,-0.17460229893770401,0.751118520338201,25.894703915641866,-0.1048423700789259,0.05778758329268291,-0.0164660280350815,0.0008553939987905324,1
11.292511463165283,0.023766053840517998,-0.08173597604036331,0.40760305523872375,0.02504151114923773,0.05155532439489083,0.0035702442081775114,0.02599145724801799,-0.01811662674451009,0.1684956997532634,0.0467187762260437,-0.02426471561193464,0.18099018931388855,-0.1897629038861278,0.7649262135249284,25.910267774824614,-0.09885620041537439,0.06922795688994117,-0.016666143999681186,0.0028322939997451613,1
11.302616596221924,0.023766053840517998,-0.08173597604036331,0.40760305523872375,0.02504151114923773,0.05155532439489083,0.0035702442081775114,0.02599145724801799,-0.01811662674451009,0.1684956997532634,0.0467187762260437,-0.02426471561193464,0.18099018931388855,-0.19262232785624692,0.7665218102063649,25.904548482571744,-0.09868858619381853,0.062214278415047106,-0.01669845440573955,0.002882652999687707,1
11.312609195709229,0.024238621816039085,-0.08153261989355087,0.4076075553894043,0.026379007455014227,0.03858261576894864,0.00219065611376983,0.02667890654319871,-0.018896352080919776,0.17131880083753437,0.047730401158332825,-0.031152809038758254,0.19012214243412018,-0.19115436294884142,0.7990825999143737,25.90706064008365,-0.10235926355367167,0.0678724200567791,-0.016969681407135957,0.0009758069991221419,1
11.322630643844604,0.024669447913765907,-0.08137858659029007,0.40764591097831726,0.01987718164078407,0.044552710121571984,0.006197624507336904,0.0271629864352807,-0.0190894279754108,0.17319798928752395,0.03649183362722397,-0.04694817215204237,0.18499043583869934,-0.17837053278618897,0.8015022921592749,25.89681837900542,-0.09751895089486443,0.0768228482647884,-0.01715393570994625,0.002529585000957013,1
11.332258701324463,0.025104984641075134,-0.08119447529315948,0.4076555669307709,0.02647851862856105,0.03785098404366798,-0.0019279287680452023,0.027498504415144787,-0.019623925147498333,0.17506590366772867,0.04290388897061348,-0.022625135257840136,0.18352225422859192,-0.18372187320638705,0.8239722028368333,25.91648130086145,-0.102326456553556,0.06590602583856621,-0.017273741440362856,0.0009115499997278675,1
11.34257435798645,0.0255446657538414,-0.08108583092689514,0.407660573720932,0.018615978942181147,0.03587017237957428,0.0030162210272979776,0.028099980591387297,-0.01987910961546424,0.17767525288074504,0.03916967287659645,-0.020034212619066218,0.17960944771766663,-0.17017922810810446,0.8385222496311098,25.906197429538157,-0.10230728528060204,0.0658301204463232,-0.0174535982947642,0.0026536299992585555,1
11.352341890335083,0.025932196527719498,-0.08093317598104477,0.40766915678977966,0.020839910174524127,0.040824741447718096,-0.003093470656797981,0.02830152627654048,-0.020120860656279493,0.17861017363737552,0.03976992145180702,-0.022117691114544848,0.18373452126979828,-0.16197177178877106,0.8473196376886792,25.904641458316718,-0.10226580152057185,0.06579444156765216,-0.017500438516507684,0.0010285409989592154,1
11.36247181892395,0.02638988569378853,-0.08083735406398773,0.40761899948120117,0.025640384161272855,0.029046495312254412,-0.00296200692912567,0.02866445995900868,-0.020713387463262567,0.18112701614785376,0.018482597544789314,-0.04295293614268301,0.17109619081020355,-0.16676833329787896,0.8721456641521881,25.920113359520784,-0.09386726111758158,0.07825779294254184,-0.01771222952398951,0.0025918869996530702,1
11.372514009475708,0.026797980070114136,-0.08077187091112137,0.4076117277145386,0.01813264459590887,0.0345367346495412,-4.424801718112527e-05,0.02891397100325399,-0.020922334553872268,0.18296919126041677,0.026390869170427322,-0.00872351787984369,0.17831026017665863,-0.15938321499895713,0.8721498596365842,25.914814727794358,-0.09786022988928508,0.06311352247703597,-0.017894837557122966,0.0008275259988295147,1
11.382290601730347,0.026797980070114136,-0.08077187091112137,0.4076117277145386,0.01813264459590887,0.0345367346495412,-4.424801718112527e-05,0.02891397100325399,-0.020922334553872268,0.18296919126041677,0.026390869170427322,-0.00872351787984369,0.17831026017665863,-0.15585869189074564,0.8721408315227336,25.914050502345326,-0.09824571666754751,0.06310072374235541,-0.017940886877423,0.0008027320000110194,1
11.392549753189087,0.027600284665822983,-0.08066093921661377,0.4075322449207306,0.014056320955129051,0.026084821783288335,0.0022590833826491583,0.029175954868980725,-0.02150912428339069,0.1863957229354467,0.00421812804415822,-0.02569131553173063,0.1635379195213318,-0.14033588171808462,0.8879322365047877,25.90790684677908,-0.08856811695871328,0.07352292149443965,-0.01811765758229696,0.0027646840007946594,1
11.40243673324585,0.027600284665822983,-0.08066093921661377,0.4075322449207306,0.014056320955129051,0.026084821783288335,0.0022590833826491583,0.029175954868980725,-0.02150912428339069,0.1863957229354467,0.00421812804415822,-0.02569131553173063,0.1635379195213318,-0.13186672552490103,0.8976083875036057,25.907049941765788,-0.08860424695300702,0.0737897864935372,-0.01816024765275689,0.0008197040006052703,1
11.412311553955078,0.028703894466161728,-0.08067617565393448,0.40740352869033813,0.012571558407279533,0.02531707098537077,-0.0025610982078320597,0.029001415195939018,-0.022192147107253923,0.1904691974623196,-0.004675992298871279,-0.046780530363321284,0.16268306970596313,-0.13358737469332882,0.9215358617415251,25.916931719906653,-0.08512046073110723,0.07370521389802227,-0.01838436488748781,0.002744707999227103,1
11.42249608039856,0.028703894466161728,-0.08067617565393448,0.40740352869033813,0.012571558407279533,0.02531707098537077,-0.0025610982078320597,0.029001415195939018,-0.022192147107253923,0.1904691974623196,-0.004675992298871279,-0.046780530363321284,0.16268306970596313,-0.1231252006223022,0.9206415339569073,25.921549545322907,-0.08356582669038848,0.08640055827233793,-0.018523976041412683,0.000816072000816348,1
11.432236433029175,0.029065903276205063,-0.08067481964826584,0.407321959733963,0.018983196760244365,0.01856159019032109,-0.007476146408686161,0.028828419023076535,-0.023034285568011015,0.19206871655451385,-0.01425609365105629,-0.0396565683186054,0.15418507158756256,-0.12705840244037137,0.9388411223185074,25.9354153573736,-0.07906904597839048,0.08498903492723667,-0.018590020053085424,0.0027069220013800077,1
11.442546844482422,0.02939673699438572,-0.08075590431690216,0.4072783589363098,0.005773123740452603,0.014806778287106368,0.005220134375518487,0.028643831209040904,-0.023028250037471665,0.19360189727656518,-0.021217962726950645,-0.03690631687641142,0.15159757435321808,-0.10193064151196835,0.9486500295904424,25.904003438671722,-0.0751550041173071,0.08469662369388245,-0.018714470341515313,0.0024257949989987537,1
11.452407598495483,0.0296911783516407,-0.08084490150213242,0.40724197030067444,0.01533508469870364,0.015016481440560938,-0.006632625081658407,0.028123088089752724,-0.023837112946568872,0.1960970660402861,-0.035743553191423416,-0.03612051159143446,0.16866417229175568,-0.10416349375542878,0.9602986817432748,25.93084410066323,-0.06640390536505514,0.0858642555099231,-0.0190298189361929,0.0008337420003954321,1
11.462349891662598,0.03003992699086666,-0.08096610009670258,0.4071699380874634,0.009742891277671648,0.010048613056274188,0.0017375047638377035,0.027857842021532075,-0.02358774154501564,0.19739839371576018,-0.03533054143190384,-0.01947824098169802,0.14493027329444885,-0.10554722225533418,0.9673147777999286,25.93481366002433,-0.06623705760740459,0.08590033673977907,-0.01911597102551232,0.0035871119998773793,1
11.472537755966187,0.030297502875328064,-0.08108994364738464,0.40716540813446045,0.008309508499981667,0.015021741463367442,0.00038671491078027604,0.027468781177287127,-0.02394149302303994,0.19917181277116036,-0.04082786291837692,0.003934853710234185,0.16532108187675476,-0.09605608641427604,0.9659950212390062,25.91710953224963,-0.06232788831815823,0.06625767942471188,-0.019269430567490694,0.0008355589998245705,1
11.48231816291809,0.03063781000673771,-0.0812053456902504,0.4070887565612793,0.016012063049119448,0.009968804475505098,-0.004325008892011981,0.026828827361474517,-0.02422720513876353,0.20039888662062122,-0.05624951794743538,0.0014059823006391736,0.17182405292987823,-0.09081327682981927,0.9656900957169734,25.914488836061434,-0.061696561628863306,0.06637157557963094,-0.01931179803769541,0.0030909320012142416,1
11.492228984832764,0.03063781000673771,-0.0812053456902504,0.4070887565612793,0.016012063049119448,0.009968804475505098,-0.004325008892011981,0.026828827361474517,-0.02422720513876353,0.20039888662062122,-0.05624951794743538,0.0014059823006391736,0.17182405292987823,-0.10156480211591135,0.9799549490623535,25.9268659372901,-0.052770954846015766,0.06788559959927186,-0.019459962646980633,0.0008887809999578167,1
11.502497673034668,0.03149453178048134,-0.08174177259206772,0.40695834159851074,0.004789128400078083,0.001748297083208329,5.88209705750437e-05,0.025432209183799515,-0.024374110370757762,0.20418454027731991,-0.06613611429929733,-0.02492913976311682,0.1427806317806244,-0.07767976271423489,0.9794971238882859,25.905848444203034,-0.05382007656995767,0.06490911527715199,-0.019526410389103518,0.003620008999860147,1
11.512264728546143,0.03149453178048134,-0.08174177259206772,0.40695834159851074,0.004789128400078083,0.001748297083208329,5.88209705750437e-05,0.025432209183799515,-0.024374110370757762,0.20418454027731991,-0.06613611429929733,-0.02492913976311682,0.1427806317806244,-0.06493881368403406,1.000015077481068,25.914395311532,-0.04434656855050108,0.08238020552913186,-0.019611559345191702,0.0008389810009248322,1
11.525016784667969,0.0320088192820549,-0.08219095319509506,0.40681007504463196,0.011533027532233824,0.000388932280215766,-0.008853969195791508,0.02403344104397309,-0.024373233585650134,0.2072100955419427,-0.06370501965284348,0.03431232646107676,0.14333641529083252,-0.05736851026940065,1.0030716237143409,25.92713465994183,-0.0414148829975836,0.05869146344694466,-0.0197026098061928,0.0022005439986969577,1
11.532217502593994,0.0320088192820549,-0.08219095319509506,0.40681007504463196,0.011533027532233824,0.000388932280215766,-0.008853969195791508,0.02403344104397309,-0.024373233585650134,0.2072100955419427,-0.06370501965284348,0.03431232646107676,0.14333641529083252,-0.07061934334702495,1.0224304613725772,25.941569702332348,-0.04152180615782071,0.052151223120361544,-0.019750535478618228,0.0008417749995714985,1
11.54231595993042,0.032268207520246506,-0.08244777470827103,0.4067455232143402,-0.003423836370000242,0.0019962539589365295,-0.0008554904547046206,0.023472317951181765,-0.023821729153114646,0.20844920711922432,-0.06697065383195877,-0.004873739555478078,0.14763188362121582,-0.045865191071869246,1.021453059753916,25.922862132135542,-0.03780814954716294,0.07130546255022102,-0.019965435736009375,0.0024322209992533317,1
11.55232572555542,0.03248392045497894,-0.08267062902450562,0.4066617786884308,0.004815218946213121,0.0026047872948988995,-0.008417508556206236,0.022674940911688424,-0.02396311075036328,0.21002618242917404,-0.07394589483737946,0.014194625429809109,0.130708709359169,-0.049483186097384536,1.0241043482538985,25.940448040866407,-0.03213697567442441,0.06171400921606012,-0.019943192489651294,0.0008019630004127976,1
11.562328338623047,0.032718759030103683,-0.0829496830701828,0.4065695106983185,-0.0025905438905371044,-0.004638936433110759,-0.0014502974478389397,0.02173558923142549,-0.023686741589439286,0.21194367003183912,-0.06514327973127365,0.015789220109581965,0.1312134712934494,-0.03385349542668306,1.0371203599013317,25.924900807839236,-0.03427788092047578,0.06071556283810978,-0.020072952729917888,0.002411616000244976,1
11.572389125823975,0.032909661531448364,-0.08323881775140762,0.40650632977485657,0.0024069657886837256,-0.0020354384322425565,-0.0055900509440075345,0.02107006687635149,-0.023900625918175766,0.21326915428054383,-0.06499115377664566,0.003921132534742372,0.13342493772506714,-0.03443403820729177,1.0425034260801762,25.93391020332116,-0.03222648615100416,0.06672681847540915,-0.0202109587018354,0.0008658009992359439,1
11.582383871078491,0.033166706562042236,-0.0835224911570549,0.4063999652862549,0.0030662753103034603,-0.0028883558149940796,-0.004316946024860412,0.020410022078725998,-0.023829714910100552,0.2143246935469758,-0.05982222408056259,0.01225124485790731,0.12040596455335617,-0.037079112813651026,1.047354328515702,25.93200678549287,-0.033916516843066825,0.06247573181983134,-0.020198123245623433,0.0024826490007399116,1
11.592324256896973,0.03335152193903923,-0.08382352441549301,0.40636417269706726,-0.006936210560851208,-0.002957283964825243,0.001545851086100866,0.01973075165560445,-0.0237288580800481,0.21571929981421034,-0.0670001432299614,-0.0205230377614498,0.1255718469619751,-0.03906736511125779,1.0511710221626782,25.932032126007087,-0.033016996606628365,0.06230018325491549,-0.020193917827650062,0.0010474690006958554,1
11.602478981018066,0.03374864161014557,-0.08447371423244476,0.40627437829971313,-0.002949058844281974,-0.007970945028026626,0.003113860010072343,0.019058463781757684,-0.024225830764047274,0.2167488187011033,-0.06650728732347488,-0.01598172821104525,0.1117536798119545,-0.016517936939395985,1.0470389596917304,25.916768597217143,-0.02729531999491977,0.07923963508571248,-0.02038954624420454,0.0032334150000679074,1
11.612477540969849,0.03391209989786148,-0.08479832857847214,0.40627485513687134,-0.0026587946836013395,-0.0051534134746488575,0.0016974986977183082,0.018086093783645563,-0.024106440091319126,0.218298815854987,-0.06266921758651733,-0.024508571252226816,0.10452422499656677,-0.009815331485139203,1.0592397173382366,25.910736973236656,-0.026173826562341233,0.07830404994610664,-0.02037981098586054,0.001013244998830487,1
11.62230134010315,0.03391209989786148,-0.08479832857847214,0.40627485513687134,-0.0026587946836013395,-0.0051534134746488575,0.0016974986977183082,0.018086093783645563,-0.024106440091319126,0.218298815854987,-0.06266921758651733,-0.024508571252226816,0.10452422499656677,-0.006817723894177249,1.0605697065411543,25.913732759253854,-0.024961016873719953,0.08209728452938621,-0.020420479082674324,0.000791136999396258,1
11.63247561454773,0.034269243478775024,-0.08546023815870285,0.40627986192703247,-0.007071689584848366,-0.006842253846374699,0.006625366840508752,0.016794488209246783,-0.024547203332999423,0.22006762155654203,-0.06783739477396011,-0.03557037934660911,0.08400651067495346,-0.006373947430939914,1.0668495589429667,25.91145562124074,-0.02112732591976509,0.08534943767897016,-0.020461740260653744,0.0026247139994666213,1
11.64249062538147,0.034269243478775024,-0.08546023815870285,0.40627986192703247,-0.007071689584848366,-0.006842253846374699,0.006625366840508752,0.016794488209246783,-0.024547203332999423,0.22006762155654203,-0.06783739477396011,-0.03557037934660911,0.08400651067495346,0.006324202610881155,1.0659702379331861,25.90099079671791,-0.01877238964656566,0.0893281223044877,-0.020424711726910044,0.0017242000012629433,1
11.65230679512024,0.03443175554275513,-0.08579270541667938,0.4062976539134979,-0.0008898171377258807,-0.007653615434191949,0.003828052203937896,0.016160315641688516,-0.025016640585096006,0.22089740218578502,-0.06697529554367065,-0.018831389024853696,0.07890771329402924,0.0007275953360885859,1.0711604097563325,25.906874327916295,-0.017551056849688912,0.0818265888577902,-0.020393106605514164,0.0007974230011313921,1
11.662513971328735,0.03461506590247154,-0.08613968640565872,0.4063135087490082,-0.006397731750233068,-0.007761204496701566,0.0074345148415948525,0.015563497767730805,-0.025264710320973993,0.22156174834336273,-0.05753082036972046,-0.030197329819202413,0.07674960047006607,0.010139696675208289,1.0723845037065183,25.89820558840261,-0.020408931529745784,0.08855695090354027,-0.020430275092880527,0.00242181399880792,1
11.672533512115479,0.034744031727313995,-0.08647758513689041,0.40634527802467346,-0.00630992702107122,-0.0077380435204648995,0.004983458209555851,0.014719979776215197,-0.02581753063722081,0.22256019235315838,-0.05807366967201233,-0.03983539715409278,0.06324582546949387,0.01824270291656574,1.0732581301579478,25.903401305722056,-0.017756069300578665,0.09503311888219519,-0.020409069555846697,0.0008329740012413822,1
11.68231201171875,0.03490418195724487,-0.08682045340538025,0.4063531458377838,-0.005970650780235617,-0.007008088781840908,0.004475680173800146,0.014197928443873575,-0.026091266454138395,0.22300463013447214,-0.055646318942308426,-0.03515949472784995,0.0488848090171814,0.022017680212611294,1.073094778509552,25.905550882823963,-0.017410032241255095,0.09350498763757241,-0.020310933137198225,0.0008331839999300428,1
11.692480325698853,0.03516111150383949,-0.08750642091035843,0.4063819944858551,-0.006757502003247304,-0.006785666548215421,0.0038009658498394253,0.01373105435413402,-0.02631276700259111,0.2234544464234629,-0.0473795160651207,-0.03204783052206039,0.044712662696838386,0.024300033698105118,1.0729938952645524,25.90586516071437,-0.01740446709393242,0.0934686655560273,-0.020284383158629463,0.003131441999357776,1
11.70243787765503,0.03516111150383949,-0.08750642091035843,0.4063819944858551,-0.006757502003247304,-0.006785666548215421,0.0038009658498394253,0.01373105435413402,-0.02631276700259111,0.2234544464234629,-0.0473795160651207,-0.03204783052206039,0.044712662696838386,0.027426222423700373,1.074908136343502,25.907605491593362,-0.020158796277273475,0.09261080237519691,-0.020263701419587894,0.0008431710011791438,1
11.712482213973999,0.03543782979249954,-0.08815142512321472,0.40637221932411194,-0.011908327882355834,-0.0085792712375525,0.0030825149176283337,0.012685366662606334,-0.02673361775229033,0.2240995062495137,-0.045130565762519836,-0.009160680696368216,0.0190203208476305,0.04056115979732677,1.0775986195293787,25.909781453070593,-0.019054115511133653,0.0828125734451028,-0.020099894983867054,0.001996246999624418,1
11.722316980361938,0.03543782979249954,-0.08815142512321472,0.40637221932411194,-0.011908327882355834,-0.0085792712375525,0.0030825149176283337,0.012685366662606334,-0.02673361775229033,0.2240995062495137,-0.045130565762519836,-0.009160680696368216,0.0190203208476305,0.04841812570975739,1.0801134127611738,25.910091843942734,-0.018456434960126333,0.08263682642931801,-0.020054686507900966,0.0008141159996739589,1
11.732527732849121,0.035557229071855545,-0.08846547454595566,0.4063408672809601,-0.006128732936485218,-0.00206063079194754,-0.0031188538134201108,0.012320257868937645,-0.026926352109154283,0.2243018319934036,-0.039535485208034515,-0.006069826427847144,0.020068084821105003,0.03857356345897506,1.0718509871050372,25.926761962635794,-0.0196003039990876,0.08102996032595354,-0.02003615960576095,0.002771948000372504,1
11.742320537567139,0.03570057079195976,-0.08877523243427277,0.4062860310077667,-0.010449671997290494,-0.007865016476828263,0.00045024662460375756,0.01202929937013053,-0.026957147457899566,0.224154074819221,-0.03141013905405998,-0.002820749767124652,0.007581142708659172,0.04366402101270961,1.0786737367128683,25.919912121629213,-0.02338947116836336,0.07995083017252333,-0.01993059524376427,0.000998368001091876,1
11.752355098724365,0.03578101843595505,-0.08910185843706131,0.4062584340572357,-0.012882162656238814,-0.0017965292782222673,-0.0018222464310713006,0.011773655792531645,-0.026745908788344597,0.2243508352941399,-0.030930474400520325,0.012839121744036674,-0.00532926991581917,0.047906470428363886,1.0691373861625775,25.924992505241896,-0.022363533633491757,0.07159802034733824,-0.019806554070950964,0.0026987510009348625,1
11.76233172416687,0.035907063633203506,-0.08937305957078934,0.40616390109062195,-0.00648209599704561,-0.002829980473792433,-0.006677111129240914,0.011480504574650663,-0.027079229843455455,0.22413889162324718,-0.027786824852228165,0.0025043713394552465,-0.004893997684121132,0.039233959023481174,1.0703849759137698,25.93900060735657,-0.02324474278391076,0.07704302381819635,-0.01975498578162497,0.0008280150013888488,1
11.77240252494812,0.03600079193711281,-0.0896945670247078,0.4061022400856018,-0.017023136854005787,-0.005606801683209133,-0.0007175794990806444,0.011165125225149009,-0.02648514000992419,0.2239102974288083,-0.026684854179620743,0.025849871337413784,-0.02088721096515656,0.05391186618064787,1.0721184107242636,25.925396570401855,-0.023115417501533016,0.06474416846637523,-0.01961219333127391,0.002443326000502566,1
11.782330989837646,0.03609061241149902,-0.08997385203838348,0.406012624502182,-0.008352629829588109,0.0017969144922202489,-0.011211496805589088,0.010994449351780844,-0.026793488242168095,0.22353386239735418,-0.01720621809363365,0.03469105064868927,-0.019340699538588527,0.04207123224793891,1.0637990968569957,25.951493779504073,-0.02667101131274731,0.06012585364263379,-0.019521688562981965,0.0008055950002017198,1
11.792491912841797,0.03627235069870949,-0.09054573625326157,0.4058268368244171,-0.015519171014694659,0.0014586939005929635,-0.008212593394916892,0.010881615712409864,-0.026095683253985147,0.22313903259793832,-0.0183526910841465,0.03652136027812958,-0.027113366872072223,0.03488484690630186,1.0587397957255262,25.95537903915136,-0.026759027369782938,0.06008053447309582,-0.019500513843710397,0.003067602001465275,1
11.802323579788208,0.03627235069870949,-0.09054573625326157,0.4058268368244171,-0.015519171014694659,0.0014586939005929635,-0.008212593394916892,0.010881615712409864,-0.026095683253985147,0.22313903259793832,-0.0183526910841465,0.03652136027812958,-0.027113366872072223,0.043943098723149984,1.0546367473279958,25.948593979940576,-0.025866346737447112,0.05780067566719982,-0.019426990195338893,0.0008018230000743642,1
11.812493324279785,0.03646678850054741,-0.09108570963144302,0.40559259057044983,-0.019545357589177664,4.3213418820120045e-05,-0.003677595016523463,0.010716846362556876,-0.025399928346512723,0.22197241748146457,-0.00614635506644845,0.03704785928130149,-0.05564333871006966,0.038033106302889044,1.064476624271296,25.956051291215456,-0.029204798720082997,0.07052178637585715,-0.019217298340349808,0.003037499998754356,1
11.822293996810913,0.03646678850054741,-0.09108570963144302,0.40559259057044983,-0.019545357589177664,4.3213418820120045e-05,-0.003677595016523463,0.010716846362556876,-0.025399928346512723,0.22197241748146457,-0.00614635506644845,0.03704785928130149,-0.05564333871006966,0.051975268211404406,1.0617985227807258,25.93745846809744,-0.031688911422400226,0.05601830024039457,-0.01905351544603962,0.0007972839994181413,1
11.832521200180054,0.03664293885231018,-0.09157366305589676,0.40537941455841064,-0.015694964675101546,0.000120020514428157,-0.0037098240590543556,0.010743303962473583,-0.024915575443729576,0.22062606437353782,-0.00262348516844213,0.05465809628367423,-0.07656974345445633,0.039881458953110425,1.0558786959928637,25.95787163180373,-0.03282779268441553,0.05219203590735679,-0.018989265891132825,0.002736956001172075,1
11.84253215789795,0.03664293885231018,-0.09157366305589676,0.40537941455841064,-0.015694964675101546,0.000120020514428157,-0.0037098240590543556,0.010743303962473583,-0.024915575443729576,0.22062606437353782,-0.00262348516844213,0.05465809628367423,-0.07656974345445633,0.04106408756765787,1.0608607732470121,25.93857052177999,-0.03379211130084665,0.045120831276073525,-0.018725211029021232,0.0008032200003071921,1
11.852522373199463,0.036805249750614166,-0.09202001243829727,0.4052382707595825,-0.011663333508839208,0.0034311446651422934,-0.005453850605548808,0.010779515506126103,-0.024055354545973184,0.21915266919507115,-0.00037857145071029663,0.03523893281817435,-0.08612995594739914,0.035264932624951555,1.0458091267925607,25.940260302116556,-0.032947623931579545,0.04218329215781459,-0.018610051928238697,0.0028160900001239497,1
11.862385034561157,0.036805249750614166,-0.09202001243829727,0.4052382707595825,-0.011663333508839208,0.0034311446651422934,-0.005453850605548808,0.010779515506126103,-0.024055354545973184,0.21915266919507115,-0.00037857145071029663,0.03523893281817435,-0.08612995594739914,0.026964139106903956,1.0517702230106358,25.941144049928283,-0.03481106065332873,0.05173465337112812,-0.01845335613114471,0.0007902289999037748,1
11.872516870498657,0.03685277700424194,-0.09225061535835266,0.4052164852619171,-0.022639751559600328,0.0066007513243561,0.0022931077370344543,0.010865719163274168,-0.023329819024271004,0.2182504429405805,-0.0027425179723650217,0.037899807095527635,-0.10145319998264313,0.04096708584231856,1.0429002753750214,25.920824432968278,-0.03353912782549612,0.04935377245162734,-0.018262869011755452,0.002457714001138811,1
11.882394552230835,0.0368986539542675,-0.09244470298290253,0.4051755368709564,-0.012435481126546738,0.008036335561031917,-0.0065622409138957685,0.01084690782290565,-0.023099503693184253,0.21684075141199033,-0.005422183778136969,0.03543188422918318,-0.10482529550790787,0.02700698859196526,1.0408808900790805,25.941414255932767,-0.03213006816358659,0.048946712615545285,-0.018074492231756653,0.0008102049996523419,1
11.892553806304932,0.036986369639635086,-0.09265506267547607,0.40513378381729126,-0.017914587677589664,0.006281949383209932,3.600774108663293e-05,0.01084082683481924,-0.022301563340085817,0.21576581366947511,-0.007143940776586533,0.03801040351390837,-0.10259201377630234,0.02775793709615777,1.0409235916682453,25.927159434098208,-0.03138593026036083,0.045878382263860845,-0.017985131692799854,0.0023669150014029583,1
11.902355670928955,0.037019066512584686,-0.09283161163330078,0.40512508153915405,-0.017221477073274663,0.012686215941984855,-0.0020362136626133945,0.010812695515182824,-0.022247320115137637,0.2147242502521336,-0.00963897816836834,0.01093514263629912,-0.11624839901924133,0.02569180211952844,1.027598848759601,25.930655004482364,-0.029457942912895416,0.05897535589435463,-0.017807327286135436,0.0008005660001799697,1
11.912479877471924,0.03712671995162964,-0.09315720200538635,0.4050787687301636,-0.022025324438796418,0.012424222114353334,0.0021182952858619757,0.010768766545236286,-0.02194906901537852,0.21349615157518853,-0.01134698186069727,0.02152883447706698,-0.1145644560456276,0.024409066405195533,1.0195474970345744,25.931179887224953,-0.02945500102241657,0.059208350983221976,-0.017756527164851894,0.002887193000788102,1
11.92231822013855,0.03712671995162964,-0.09315720200538635,0.4050787687301636,-0.022025324438796418,0.012424222114353334,0.0021182952858619757,0.010768766545236286,-0.02194906901537852,0.21349615157518853,-0.01134698186069727,0.02152883447706698,-0.1145644560456276,0.03154887640388184,1.0136453728431327,25.920417576141052,-0.02851229322493496,0.053481248122835626,-0.017683214343720156,0.000828713000373682,1
11.932462692260742,0.03722979500889778,-0.09344270080327988,0.405042439699173,-0.020866662859025404,0.014509946895583296,0.001995881486135212,0.010556787465166195,-0.021490569735088894,0.21022144564048206,-0.015786223113536835,0.01892672106623648,-0.13990767300128937,0.030048471567692546,1.0059699773186774,25.919295680994477,-0.02577331708297153,0.0534059298701799,-0.017266431452794922,0.002609417999337893,1
11.942840814590454,0.03725143149495125,-0.09355038404464722,0.4050388038158417,-0.018525362598974207,0.016510545392871445,-0.00087514256235812,0.010503259152610411,-0.021309930859769288,0.20892261270739887,-0.014122910797595978,0.016147620975971205,-0.13597938418388367,0.029109716444046627,1.001704238765808,25.919186247428737,-0.02558512147201244,0.05314747771288385,-0.01715417088306857,0.0011707460016623372,1
11.952301502227783,0.03725143149495125,-0.09355038404464722,0.4050388038158417,-0.018525362598974207,0.016510545392871445,-0.00087514256235812,0.010503259152610411,-0.021309930859769288,0.20892261270739887,-0.014122910797595978,0.016147620975971205,-0.13597938418388367,0.022331221134634458,0.9964841973462834,25.926792194920015,-0.02607202183939201,0.05378889183441153,-0.017065193813690163,0.0008326949991896981,1
11.96249532699585,0.03730278089642525,-0.09366495162248611,0.4050094485282898,-0.016681177658540904,0.014475218783875369,-0.001481935856811457,0.010399782874749519,-0.021367518404824093,0.20738523691655786,-0.018914787098765373,0.0019649520982056665,-0.1571354866027832,0.015660382784224745,0.9986702520830834,25.929683819170663,-0.023690576088176502,0.06089628087808883,-0.016797405025117954,0.0008355580011993879,1
11.972472906112671,0.03732191398739815,-0.09376806020736694,0.4050036668777466,-0.021742914260880153,0.017800885594638938,0.0002774665431099442,0.01023956525589309,-0.02122805472521261,0.20579441988031233,-0.026259666308760643,-0.013193760998547096,-0.15905892848968506,0.021450182919001033,0.9893895915267186,25.9255416719072,-0.019138641478453303,0.06857869327147853,-0.016636344811724903,0.0008146750005835202,1
11.982389450073242,0.037348419427871704,-0.09386368095874786,0.40498727560043335,-0.015859967486869308,0.018407001678201362,-0.002652367828259048,0.009906301432507814,-0.021534908230534278,0.20330253499215045,-0.02992306649684906,-0.020445190370082876,-0.16655293107032776,0.012312793556711062,0.9847697371856546,25.93285911320377,-0.016345515075758744,0.07265276279038156,-0.016373017986477778,0.001735305000693188,1
11.992359161376953,0.03739270195364952,-0.09394947439432144,0.40498262643814087,-0.0211697930067479,0.02117537316740866,0.0018021882184215566,0.009712579921445474,-0.021458556525999484,0.20151278919901117,-0.03123079612851143,-0.02734040655195715,-0.17837128043174744,0.01609071147657986,0.9726660226700824,25.922249337781313,-0.014822747955054245,0.07634364125971654,-0.016115697729793294,0.0016785909992904635,1
12.002552509307861,0.0374036468565464,-0.09400556236505508,0.4049842059612274,-0.018347531767933883,0.02205009550744913,-0.00042562458396418196,0.009446632541876276,-0.021831545906452643,0.19965374867172336,-0.034180235117673874,-0.026359163224697137,-0.1933363676071167,0.012048869102974202,0.9642463568300467,25.926637453721696,-0.012591924080140978,0.07669797474203774,-0.0158119479911808,0.0024149689998012036,1
12.012470483779907,0.0374036468565464,-0.09400556236505508,0.4049842059612274,-0.018347531767933883,0.02205009550744913,-0.00042562458396418196,0.009446632541876276,-0.021831545906452643,0.19965374867172336,-0.034180235117673874,-0.026359163224697137,-0.1933363676071167,0.00960834155847684,0.9591566864917732,25.927294234099058,-0.012579050770658384,0.07671273834592318,-0.015729553953844802,0.0008022420006454922,1
12.022481679916382,0.03747965395450592,-0.09416259080171585,0.40498483180999756,-0.01691953451690205,0.025553614012251518,-0.0016456481486947193,0.008691125197964222,-0.02270455660893944,0.19477443886099666,-0.0429665707051754,-0.04742399603128436,-0.20825302600860596,0.014756790827038742,0.9516534851111551,25.92387945421035,-0.009734757361034796,0.08352797234641511,-0.0156266617197727,0.002796953000142821,1
12.032452583312988,0.037503670901060104,-0.09418126940727234,0.40498724579811096,-0.02161946417149173,0.026486399689937712,-5.686936721102107e-05,0.008391246854052348,-0.023145686905801988,0.1925912346866694,-0.03820423781871796,-0.04640599340200427,-0.21261604130268097,0.008344432662129952,0.9425538105172638,25.930349950171507,-0.005749356942665617,0.08963567300362736,-0.015278888039491288,0.0007946290006657364,1
12.042520999908447,0.03750090301036835,-0.09420579671859741,0.40499258041381836,-0.01951559416598494,0.025955034695765516,-0.0009434046055026565,0.008040453470515185,-0.02372679330016414,0.19050625982856495,-0.04267514497041702,-0.06156795099377635,-0.2135142683982849,0.014258823819887669,0.9325048014216263,25.92710821617578,-0.007063599865730574,0.0909136857242632,-0.015019986452956742,0.0031987029997253558,1
12.052543640136719,0.03750090301036835,-0.09420579671859741,0.40499258041381836,-0.01951559416598494,0.025955034695765516,-0.0009434046055026565,0.008040453470515185,-0.02372679330016414,0.19050625982856495,-0.04267514497041702,-0.06156795099377635,-0.2135142683982849,0.01534507926890182,0.9275173207401343,25.92907629447258,-0.003960657179902681,0.0999849758461849,-0.014822079741125838,0.0008140459995047422,1
12.062498569488525,0.03749596327543259,-0.09419059008359909,0.40501201152801514,-0.023594506974668326,0.028948663791479957,0.00016552566588679088,0.007079892296292911,-0.025233242838621273,0.18478595977651313,-0.04678349569439888,-0.06291963160037997,-0.23448501527309418,0.015294978951325014,0.9126816047501524,25.927694518495176,-0.0004346406689681409,0.10112040359008567,-0.014523397284507102,0.002916738001658814,1
12.072557210922241,0.03749596327543259,-0.09419059008359909,0.40501201152801514,-0.023594506974668326,0.028948663791479957,0.00016552566588679088,0.007079892296292911,-0.025233242838621273,0.18478595977651313,-0.04678349569439888,-0.06291963160037997,-0.23448501527309418,0.02484351070125744,0.9042796010039693,25.926345314727016,0.0011571085539936795,0.10545056402035814,-0.014184888227378963,0.0007928129998617806,1
12.082487106323242,0.037458911538124084,-0.09417017549276352,0.4050370752811432,-0.024419604331951807,0.034341372152627364,0.0012014497465431774,0.006918924170192575,-0.02558059722605277,0.18360335129273242,-0.049804769456386566,-0.06759805977344516,-0.23401008546352386,0.030830704386495725,0.8858637529781757,25.923405359036916,0.0036321194855368126,0.10880501542706836,-0.014026107243367338,0.0023588830008520745,1
12.092562675476074,0.03745989128947258,-0.0941014438867569,0.40504738688468933,-0.018957541512724847,0.03544618115791055,9.970123842787959e-05,0.006339892276547854,-0.02660046610874689,0.17981069399783722,-0.05110920965671539,-0.05837251991033557,-0.24720853567123413,0.021951259999417654,0.8727722730350342,25.926045416295107,0.00588964097486544,0.10665241558312559,-0.013631156440011179,0.0008008460008568363,1
12.102491855621338,0.037436340004205704,-0.0940646082162857,0.40507978200912476,-0.02601924526074388,0.03245615226015744,0.003944893845057879,0.005938689398720776,-0.026951489496894965,0.17739294282680218,-0.04885707050561905,-0.04490204900503161,-0.2536759674549103,0.031594496010147056,0.8675840001808209,25.916105831378484,0.005678960663012582,0.10158935876243787,-0.013331293620628152,0.0023688010005571414,1
12.112236738204956,0.03739248961210251,-0.09397580474615097,0.40511319041252136,-0.019830060599510695,0.040834982262192135,-0.0016597462569877565,0.005563463112256528,-0.027636274158129304,0.17473225655727287,-0.046786047518253326,-0.033924959599971806,-0.2601579427719116,0.02135363003710518,0.8471283333554944,25.929475009762903,0.0064153598423759475,0.0973186316952599,-0.013013962175766293,0.0008171890003723092,1
12.122235298156738,0.03730090335011482,-0.0938074141740799,0.4051816463470459,-0.02803247492364511,0.04008906276111765,0.002628776648543767,0.005143184506426035,-0.02776616545346977,0.17204507466261942,-0.04784288629889488,-0.04930096864700321,-0.26318201422691345,0.015182371626231407,0.8347462862098247,25.93147257534132,0.006361806598281141,0.09727285047471554,-0.012928526521438565,0.0029706570003327215,1
12.132368326187134,0.037266895174980164,-0.09365413337945938,0.4051744341850281,-0.020211016763888312,0.04531430452806317,-0.004210640676556238,0.004531034148573365,-0.028462743152469994,0.1680183447936856,-0.05215081945061684,-0.027407431975007092,-0.2910598814487457,0.030095025080257624,0.8236321277056757,25.920186707512876,0.008096869333407726,0.10607227903360578,-0.012738983526645004,0.0008047570008784533,1
12.143167972564697,0.03720562532544136,-0.09352067112922668,0.4052008092403412,-0.03125003731732704,0.04129948088789358,0.00496858404245289,0.004187367534370434,-0.028155310436969394,0.16502081643978306,-0.04727555811405182,0.005453244782984222,-0.2826581597328186,0.01956915126337344,0.8059091994941531,25.936775874928273,0.012329546510533891,0.09651465846427112,-0.012200855040542594,0.0013793739999528043,1
12.152303218841553,0.03720562532544136,-0.09352067112922668,0.4052008092403412,-0.03125003731732704,0.04129948088789358,0.00496858404245289,0.004187367534370434,-0.028155310436969394,0.16502081643978306,-0.04727555811405182,0.005453244782984222,-0.2826581597328186,0.03308420972474216,0.7986748523777051,25.91473318047564,0.010611275022101005,0.08010275544204752,-0.011931729965423707,0.0008514130004186882,1
12.162522554397583,0.03705279156565666,-0.0932190865278244,0.405231773853302,-0.024377956794027836,0.043823838362230076,-0.0004473894792270385,0.003414497705094277,-0.028544484761416467,0.15919769784718651,-0.04703376069664955,0.017964426428079567,-0.303142249584198,0.03125843023108318,0.7844836898664771,25.93105942326758,0.010841247026087557,0.07932390189510685,-0.011659335363621787,0.004780975999892689,1
12.172793865203857,0.03705279156565666,-0.0932190865278244,0.405231773853302,-0.024377956794027836,0.043823838362230076,-0.0004473894792270385,0.003414497705094277,-0.028544484761416467,0.15919769784718651,-0.04703376069664955,0.017964426428079567,-0.303142249584198,0.023527402194542,0.7795189612501654,25.928251771389775,0.01272668001303268,0.07405269203738002,-0.011253858069554075,0.0008096459987427806,1
12.182301759719849,0.036955200135707855,-0.09305673092603683,0.4052615463733673,-0.030818521056871395,0.05057858235222191,0.0011515510549126484,0.003113333133553553,-0.027942522963627425,0.15616302716975783,-0.04692459851503372,0.019182438030838928,-0.30840274691581726,0.028645416438278337,0.7573207972080935,25.92345628879973,0.014287545016522721,0.07213401134842823,-0.010922426002064455,0.0007963049993122695,1
12.192462921142578,0.03686593472957611,-0.09283711761236191,0.4052630662918091,-0.026942251058153715,0.05321486678520867,-0.0029016954208337248,0.002805969344984671,-0.028015864244323563,0.15316219435662193,-0.04109556972980499,0.02001289837062355,-0.3091329336166382,0.02263676621620536,0.7381252619574334,25.93350614114653,0.012502218940907141,0.07155003772770092,-0.01062315936259655,0.0024044919991865754,1
12.202324867248535,0.03675450384616852,-0.09262248873710632,0.40527692437171936,-0.0316247309496588,0.052436917826472855,0.0004170810587415214,0.00241330195407663,-0.0275327768414253,0.14837199096184772,-0.03633023425936699,0.026679227128624878,-0.3218805491924286,0.02636033120260905,0.7249703714252558,25.92613864928636,0.011140023848485548,0.06727696165953122,-0.01014450145433473,0.0008000770012586145,1
12.212316274642944,0.036610640585422516,-0.09240198880434036,0.4052944779396057,-0.03371974102298274,0.05190901441984208,0.0008689554281346113,0.0021038539303304127,-0.027296647887555814,0.1452324196105259,-0.04049210250377655,0.033084716647863346,-0.3260531723499298,0.03200738332956507,0.7153920275112371,25.923779322571608,0.014008682214782794,0.06353675337048857,-0.0097948238918988,0.0024144110011548037,1
12.222322225570679,0.03645173832774162,-0.09216391295194626,0.40531882643699646,-0.03326828471391214,0.0562338377431782,0.0004852023746341668,0.0018889049238750566,-0.02691043958516781,0.14193044949844014,-0.03423188626766205,0.03650854527950283,-0.33139586448669434,0.031605561057913845,0.6987887619505133,25.924364519925117,0.01196386107231357,0.06055677364529065,-0.009440630902249012,0.0008115319997159531,1
12.23247504234314,0.03619123622775078,-0.09163898974657059,0.4053393304347992,-0.035271672261342625,0.059061354783216814,0.0009470608246667829,0.0017333444476523852,-0.02661250171424534,0.13843932906231027,-0.019422339275479317,0.04706708341836925,-0.3305628001689911,0.0313970566036052,0.6887459381093433,25.924452192281482,0.011878084578294406,0.060512490128771954,-0.009344684056208214,0.0029204389993537916,1
12.242319822311401,0.036010731011629105,-0.09130937606096268,0.40536242723464966,-0.031433006052092954,0.06406556747250977,-0.0028047357761342515,0.001634361648160887,-0.025815167264400696,0.13359911068954045,-0.020745493471622467,0.03559252619743343,-0.3383859097957611,0.03317342858475259,0.6740316217834653,25.923101990091265,0.005302367991712313,0.05456702419556566,-0.00908573439892508,0.0010033969992946368,1
12.25230622291565,0.035888008773326874,-0.09101270884275436,0.40535154938697815,-0.03113611822426272,0.05650084070886962,-0.00038142788116214265,0.0015833390833717154,-0.025600390872165146,0.1300267559454733,-0.015405585989356041,0.029473889619111973,-0.34718430042266846,0.02375505424253021,0.6698503177696706,25.926404359671263,0.0032720747753467207,0.06032238621302197,-0.008355544585092778,0.0023529459995188517,1
12.262325048446655,0.035888008773326874,-0.09101270884275436,0.40535154938697815,-0.03113611822426272,0.05650084070886962,-0.00038142788116214265,0.0015833390833717154,-0.025600390872165146,0.1300267559454733,-0.015405585989356041,0.029473889619111973,-0.34718430042266846,0.01827372157164159,0.6665858279170777,25.926934144288815,0.0033298850073830667,0.06016256307589241,-0.008161338071795381,0.0008051059994613752,1
12.272310972213745,0.035474877804517746,-0.09032072871923447,0.4054179787635803,-0.029125167620637802,0.06601913243876326,-0.005488645327681363,0.002009209995060157,-0.02461565112148456,0.12332028622340108,0.006947922986000776,0.031095348298549607,-0.35540536046028137,0.030938057692592766,0.639239790253475,25.91305749763743,-0.00997850070035913,0.04595382099373652,-0.007943546016788317,0.0026946990001306403,1
12.282250165939331,0.035474877804517746,-0.09032072871923447,0.4054179787635803,-0.029125167620637802,0.06601913243876326,-0.005488645327681363,0.002009209995060157,-0.02461565112148456,0.12332028622340108,0.006947922986000776,0.031095348298549607,-0.35540536046028137,0.014048727917335687,0.6263559631654158,25.938093911928803,-0.008307363103897146,0.05605234910596995,-0.007536697631549122,0.0008027310013858369,1
12.29248332977295,0.03506846725940704,-0.08956265449523926,0.4054982662200928,-0.036226396316148456,0.07068311376187729,0.0003579225679064757,0.0030357574848136615,-0.0233489598549248,0.11441456792016869,0.036875106394290924,0.027809113264083817,-0.3643527030944824,0.01816190903086606,0.6141483830107594,25.910935972716544,-0.015524723440761553,0.058197425842727316,-0.00713663864228573,0.0028713379997498123,1
12.302268743515015,0.03506846725940704,-0.08956265449523926,0.4054982662200928,-0.036226396316148456,0.07068311376187729,0.0003579225679064757,0.0030357574848136615,-0.0233489598549248,0.11441456792016869,0.036875106394290924,0.027809113264083817,-0.3643527030944824,0.016716104035351967,0.5993492766738996,25.92185396877286,-0.02566429010025962,0.05486478604019129,-0.006668493230846085,0.0007862479997129412,1
12.312278032302856,0.034899141639471054,-0.08916131407022476,0.4054991900920868,-0.03216762501801997,0.06860192847049298,-1.691725275773996e-05,0.003653506904276238,-0.022765334352416566,0.11063613900311076,0.04682855308055878,0.0356102734804153,-0.36601635813713074,0.004985539080255827,0.5963713791790344,25.924427018747423,-0.032789600755473616,0.04890529454189087,-0.006276948655767762,0.0024802049993013497,1
12.322301626205444,0.034654125571250916,-0.0887395441532135,0.40556037425994873,-0.04266320933516875,0.07413014757009782,0.0061484095484398826,0.004275208400708941,-0.022057847966873823,0.10714981584784722,0.051031552255153656,0.030677463859319642,-0.3728710412979126,0.01817593859819161,0.5786965377251829,25.90818412076548,-0.03617798825545697,0.05012969854495637,-0.005911321651020753,0.0008196340004360536,1
12.332322120666504,0.03441767394542694,-0.08829537779092789,0.40559861063957214,-0.03264739051918557,0.0726935264363547,-0.0013218658574139935,0.004958124792682206,-0.022088066000055306,0.10344530116949402,0.059725236147642136,0.03810840100049968,-0.37435775995254517,0.004691550411031899,0.5740967114911497,25.92536230326825,-0.042727553547902905,0.04563491359817597,-0.00554543672275669,0.002884678000555141,1
12.342319965362549,0.0339675135910511,-0.0873742550611496,0.4056888520717621,-0.03591624722748323,0.07616087009089097,0.003285265728175721,0.005814319384933153,-0.021226596311730184,0.09970665491425912,0.07523774355649948,0.03422379121184345,-0.3665529191493988,-0.0034631180575914345,0.5712700201068021,25.927922472432744,-0.042856969814747646,0.04561259863313407,-0.005446060751594718,0.0012164939998910995,1
12.352365732192993,0.03373138979077339,-0.08688114583492279,0.40573811531066895,-0.03776665059550028,0.07838971897931508,0.004558798382779634,0.00716922762650718,-0.020855274790779532,0.09414015540496212,0.08273977786302567,0.02935213223099704,-0.37734848260879517,-0.0011163611604984628,0.5563035011455723,25.912254155940698,-0.058103535484142196,0.04730791322415744,-0.004784883236041231,0.001779027999873506,1
12.362309455871582,0.03373138979077339,-0.08688114583492279,0.40573811531066895,-0.03776665059550028,0.07838971897931508,0.004558798382779634,0.00716922762650718,-0.020855274790779532,0.09414015540496212,0.08273977786302567,0.02935213223099704,-0.37734848260879517,0.000824740141913417,0.5458477508697684,25.909799559477012,-0.06024772322536346,0.046843891707846995,-0.0046218769927703135,0.0008221480002248427,1
12.372487545013428,0.03323943912982941,-0.08590708673000336,0.40584683418273926,-0.03644475382093719,0.07841163852262678,0.0034841976586299462,0.009143616106491947,-0.019998440556819208,0.08648820854578743,0.09330975264310837,0.04105465486645694,-0.38885921239852905,-0.0030448655845763083,0.5437535153540713,25.908093575418825,-0.06468970236378466,0.04187022797954913,-0.004296201964571308,0.0028564609983732225,1
12.38245415687561,0.03323943912982941,-0.08590708673000336,0.40584683418273926,-0.03644475382093719,0.07841163852262678,0.0034841976586299462,0.009143616106491947,-0.019998440556819208,0.08648820854578743,0.09330975264310837,0.04105465486645694,-0.38885921239852905,-0.005675565572137558,0.5389202659860967,25.91149817729413,-0.07129535007503558,0.03828815674189023,-0.003909386919015427,0.0008019630004127976,1
12.392518043518066,0.03273613750934601,-0.08483333885669708,0.40594682097435,-0.037963476855004646,0.07778610244734765,0.003927173120557107,0.011819571637659454,-0.018944365431201593,0.07680322917939009,0.09494315087795258,0.03385954722762103,-0.39179104566574097,-0.006171681671818458,0.5198557910886888,25.912720944329635,-0.07722967878296037,0.037779809662065775,-0.00352098282228606,0.002775369999653776,1
12.402513980865479,0.03273613750934601,-0.08483333885669708,0.40594682097435,-0.037963476855004646,0.07778610244734765,0.003927173120557107,0.011819571637659454,-0.018944365431201593,0.07680322917939009,0.09494315087795258,0.03385954722762103,-0.39179104566574097,-0.0056397524698659175,0.5261460207537834,25.9105189815172,-0.08007099344614638,0.038862674998567416,-0.003073586709343913,0.0008061539992922917,1
12.412559270858765,0.03247979283332825,-0.08432400971651077,0.4060012996196747,-0.03618451609468605,0.0845726876067222,0.0041961525769895645,0.013037638627745096,-0.01856243192436846,0.0729018728179649,0.10720714926719666,0.03366447612643237,-0.3881004750728607,-0.0111150692254743,0.5157996959830984,25.909310152055127,-0.08900571519513156,0.03763853307829868,-0.0027223397365531057,0.0024633720004203497,1
12.4225332736969,0.03225036710500717,-0.08375830203294754,0.40604493021965027,-0.03327354044354435,0.08216765522671308,0.004161695484683244,0.014044078170742935,-0.018208648900468027,0.06879452472314851,0.10170446336269379,0.03156247735023494,-0.4055713713169098,-0.021193525920214753,0.5144708471261883,25.909057037454108,-0.08961187229651477,0.03737388278135085,-0.0022429872784656374,0.0008273860003100708,1
12.432491540908813,0.031996190547943115,-0.08325222134590149,0.40609872341156006,-0.040421180672226664,0.07714740172834487,0.006257306340728804,0.015230816734879138,-0.017831672875720184,0.0649456165410176,0.10118316113948822,0.02012954093515868,-0.39839571714401245,-0.010043476160626499,0.5238227961734297,25.90313809356091,-0.09316675816891826,0.042671390952746135,-0.0019403195308147062,0.0025187589999404736,1
12.442554473876953,0.031455665826797485,-0.08215092122554779,0.40618187189102173,-0.0366169999386537,0.07711237654316601,0.0029501004979982743,0.01637845174521635,-0.01765843609501605,0.061083467245903744,0.10529136657714844,0.022338416427373838,-0.3824615478515625,-0.01178455698610995,0.5312429441510919,25.910884594998176,-0.09689756652727206,0.04106241646309457,-0.001723505964133314,0.002300632000697078,1
12.452560663223267,0.031176891177892685,-0.08162819594144821,0.40623125433921814,-0.03800303548125363,0.08238618790920108,0.00444222345536372,0.01803732199927932,-0.017163807517624363,0.05513286926701433,0.10678067803382874,0.02212759293615813,-0.39763298630714417,-0.011739756094568054,0.5329022817113275,25.911792180083488,-0.09849826245730087,0.04080386711003641,-0.0016738610820544648,0.0010279129983246094,1
12.462480068206787,0.030917948111891747,-0.08105707168579102,0.4062640964984894,-0.032819181897882195,0.08175446083580878,0.001359137991589808,0.01920131462683594,-0.017070689692704644,0.051268622854586,0.10788506269454956,0.013214303180575324,-0.38431599736213684,-0.01045454415899056,0.5224034016735767,25.90781622726803,-0.10353746603204327,0.03949013041975074,-0.0011742022815068687,0.0028566010005306453,1
12.472516536712646,0.030651941895484924,-0.08052904158830643,0.4063085913658142,-0.03832469536583354,0.07680462285074546,0.005784190795527077,0.02027606053947384,-0.016837489378251913,0.047405935657226284,0.09870151430368423,-0.0022318239789456593,-0.38043028116226196,-0.020002060477523224,0.5185821701692884,25.915259959495415,-0.10758845229690739,0.043187927394161,-0.0008937114656858163,0.0008879420001903782,1
12.482454776763916,0.030373217537999153,-0.07996966689825058,0.4063670039176941,-0.03335201415987614,0.08363772162431159,0.003083011529174206,0.021424738683999855,-0.01672500989708725,0.043721308280448845,0.09787637740373611,-0.0026636756956577774,-0.3847086429595947,-0.01212640507026085,0.5251408033608955,25.9044309539858,-0.10661137077661287,0.05080498997967561,-0.0006318769494506554,0.0029039560013188748,1
12.492326736450195,0.030373217537999153,-0.07996966689825058,0.4063670039176941,-0.03335201415987614,0.08363772162431159,0.003083011529174206,0.021424738683999855,-0.01672500989708725,0.043721308280448845,0.09787637740373611,-0.0026636756956577774,-0.3847086429595947,-0.01876428803474991,0.5142447042242466,25.909851169042714,-0.10882198794349854,0.050281161650482936,-0.00029720865321025263,0.0008002169997780584,1
12.502514123916626,0.030109383165836334,-0.07943709194660187,0.40639546513557434,-0.03867283493584523,0.0725296883004628,0.005540084192813248,0.022481087485477502,-0.01683975928124193,0.039878666874272994,0.10006344318389893,-0.010543096810579345,-0.36868053674697876,-0.008573590053817214,0.5320286368364443,25.903845652488588,-0.11400953064269655,0.05509777483692237,-9.742154779798193e-05,0.00235643800078833,1
12.51254677772522,0.029790770262479782,-0.07895331084728241,0.40646272897720337,-0.03867481269009687,0.07437042896141172,0.002937628157135638,0.02402062104577407,-0.01675447329135249,0.03467732762152087,0.09103353321552277,-0.009079290553927465,-0.3546144664287567,-0.0020177253045495468,0.5393205250248739,25.90952088173886,-0.11380132292047855,0.05418685949338634,0.0001655499497651846,0.0008032200003071921,1
12.522506952285767,0.02920767478644848,-0.07791536301374435,0.40654003620147705,-0.041932750707963554,0.06984337404756971,0.006523303337354825,0.025793299104551082,-0.01671512784097695,0.027610573285327344,0.07850924879312515,-0.004623864777386231,-0.3457777202129364,-0.010633226804266854,0.5347516314977867,25.91625033839246,-0.11131754374796426,0.054709072969846874,0.0004910732373422093,0.0023215159999381285,1
12.53227162361145,0.02920767478644848,-0.07791536301374435,0.40654003620147705,-0.041932750707963554,0.06984337404756971,0.006523303337354825,0.025793299104551082,-0.01671512784097695,0.027610573285327344,0.07850924879312515,-0.004623864777386231,-0.3457777202129364,0.004649106367096187,0.5481820911815065,25.901495474185065,-0.11303695517007403,0.05212175552854195,0.0006902108187218498,0.0008308790002047317,1
12.543007612228394,0.028880998492240906,-0.07744047790765762,0.40658220648765564,-0.035516575101119816,0.0717208161303636,0.0010956122731589446,0.02648293246015143,-0.017200382327558827,0.024182520299315335,0.06177881732583046,-0.008955134078860325,-0.3373853266239166,0.0020936481672070083,0.5516967252692154,25.913523846092485,-0.10658873782976538,0.05503188895442824,0.0008868130134764932,0.00244269799986796,1
12.55258846282959,0.028599102050065994,-0.0769764855504036,0.4065990447998047,-0.036796081955456195,0.06724401554329411,0.004647643430196018,0.02735396861397632,-0.017252905540039443,0.019215270447949795,0.04511361941695213,-0.025486750528216404,-0.3293571174144745,0.00491481043734175,0.5613660334926716,25.905808005070593,-0.1011233108920113,0.06358503379761929,0.0011563137739245997,0.0008426830008829711,1
12.562662124633789,0.028007715940475464,-0.07604128867387772,0.4066525995731354,-0.03517186659764504,0.07145425667487493,0.0020293688388146307,0.027535724594629496,-0.017429168001086737,0.0177023591695451,0.03569592535495758,-0.026238074526190796,-0.3064516484737396,0.006588492165236668,0.5672426145938992,25.904648601645796,-0.10098728341123918,0.06371220447822379,0.0012268351387617333,0.0032354409995605238,1
12.572728395462036,0.0276790801435709,-0.07561171054840088,0.40670228004455566,-0.042725861175000324,0.061724595640464223,0.006962928095952368,0.028059689773419993,-0.017600637359326043,0.012971360063456228,0.02349916100502014,-0.01850391365587715,-0.31921035051345825,0.023124576041658622,0.5774144084544153,25.897980660561217,-0.092033842836946,0.061595637166355965,0.0015489097008685574,0.0009360660005768295,1
12.582448959350586,0.027331223711371422,-0.07519014179706573,0.4067413806915283,-0.037595208830290806,0.06576886022326255,8.315123402253703e-05,0.028294233135655045,-0.018076240052435022,0.01008319320903217,0.011451279744505882,-0.03120697848498825,-0.3110765218734741,0.0338429691345703,0.5825249953348219,25.896825286814977,-0.09258663425345776,0.06173122715499611,0.0016284829137163364,0.0030537039983755676,1
12.59252405166626,0.027331223711371422,-0.07519014179706573,0.4067413806915283,-0.037595208830290806,0.06576886022326255,8.315123402253703e-05,0.028294233135655045,-0.018076240052435022,0.01008319320903217,0.011451279744505882,-0.03120697848498825,-0.3110765218734741,0.032662582554315596,0.5760023124575082,25.914767880231256,-0.0869162237564491,0.06900976445061707,0.0017491285898530982,0.0008099249989754753,1
12.602490425109863,0.0266631580889225,-0.07438205182552338,0.4068012237548828,-0.036947798004185614,0.06034230811802166,0.0015609864882034457,0.028586623593457983,-0.018915032625665962,0.0026413792766319943,-0.0008434783667325974,-0.041950602084398304,-0.29813045263290405,0.043363820537169424,0.5821355406124634,25.907426689991645,-0.0850066653726675,0.0787051097890322,0.001829235262240526,0.003995916000349098,1
12.612244367599487,0.0266631580889225,-0.07438205182552338,0.4068012237548828,-0.036947798004185614,0.06034230811802166,0.0015609864882034457,0.028586623593457983,-0.018915032625665962,0.0026413792766319943,-0.0008434783667325974,-0.041950602084398304,-0.29813045263290405,0.04087813110687925,0.5838137353428687,25.91217379421973,-0.08200520562864627,0.07705677100086362,0.002146851192444463,0.0007926029993541306,1
12.622456550598145,0.02635463885962963,-0.0739685520529747,0.406820684671402,-0.03667112067697843,0.061840280885052085,0.0015586983455603493,0.028629290903078974,-0.01910895207849217,-0.00028924583069667165,-0.004736723843961954,-0.03521211072802547,-0.28029102087020874,0.03943938577165546,0.5793276547964827,25.912858604460258,-0.07995975143306465,0.07428748584308242,0.0022860704489979155,0.002354274000026635,1
12.632563352584839,0.026000136509537697,-0.07359201461076736,0.4068775475025177,-0.0448796823624472,0.054032050065834496,0.006840293814083094,0.028518642271119443,-0.019441769947233567,-0.0027798012371018643,-0.014999832957983017,-0.03555820509791378,-0.2658896744251251,0.058191851795641125,0.5904097763716761,25.89862306390652,-0.0752416391630614,0.07618017688794067,0.00235020400369019,0.000812928999948781,1
12.642487287521362,0.02563023380935192,-0.07324297726154327,0.4069252610206604,-0.03979330508785306,0.05667557195415156,0.002547796620065314,0.02840219153266821,-0.02002046964083215,-0.005610489817609032,-0.020416051149368286,-0.041620455682277714,-0.27973493933677673,0.06138184187715404,0.5900441573754098,25.907760372327992,-0.07190829981690519,0.08036911775977189,0.0026396595661811865,0.0023751570006425027,1
12.652589559555054,0.025274544954299927,-0.07288936525583267,0.406963586807251,-0.042081050548980065,0.05201629923285934,0.005449083220949858,0.028198784894996276,-0.020184096148741393,-0.008272998559020639,-0.019029289484024048,-0.03532960638403896,-0.25916847586631775,0.06877751183274748,0.5979318070223423,25.901231671785204,-0.07232716443151245,0.07806658449352148,0.002736561468583166,0.0008047570008784533,1
12.662522792816162,0.02455996163189411,-0.07221952825784683,0.4070468246936798,-0.039658673061438596,0.052437037256326,0.005571447848613125,0.028099709036252918,-0.020531716623527707,-0.010822552627715698,-0.0266878642141819,-0.04493879154324534,-0.2521202862262726,0.07325090347528537,0.6027171362490482,25.90024802909414,-0.07231810345924075,0.07800673299604471,0.0027615632839645427,0.0033118520004791208,1
12.672254800796509,0.024193279445171356,-0.07192246615886688,0.4070945382118225,-0.044464781880644164,0.047372788190615314,0.005203012842508929,0.027715430444058775,-0.02097766073304186,-0.014615612295711067,-0.03224557638168335,-0.037004824727773694,-0.2540479600429535,0.0744446549043069,0.6008873926996274,25.899559814423135,-0.06814598282997178,0.08363383595056231,0.0028555772837309847,0.0010117080000782153,1
12.682570457458496,0.023780394345521927,-0.07161971926689148,0.4071548879146576,-0.04664968313428566,0.05252052854273267,0.005870351181167611,0.027484377149567862,-0.021182364958073574,-0.017109851584137026,-0.031434230506420135,-0.03145596012473109,-0.2468777298927307,0.08717772408254618,0.6091651811859783,25.900105104243554,-0.0647070047894557,0.08152304643064127,0.0031328575422341224,0.002958434999527526,1
12.692574739456177,0.02338014356791973,-0.07133088260889053,0.4071994721889496,-0.04340002676416251,0.04524581515416399,0.003469757070676397,0.027033632135150754,-0.0215608631171893,-0.019525481292695712,-0.045049604028463364,-0.03296069428324702,-0.24375972151756287,0.101209828431228,0.6006047563939848,25.898277992392195,-0.0638547075516229,0.07953728239698973,0.0033121961040848487,0.000895765000677784,1
12.702515602111816,0.02297530509531498,-0.0710732713341713,0.4072413146495819,-0.047446343945620195,0.045869011532655324,0.006384709871747201,0.02662585075251167,-0.02180866559971051,-0.02185562844583533,-0.05009041354060173,-0.031073030084371595,-0.23745498061180115,0.10456779308556792,0.6094214412478203,25.90410607357872,-0.05650875151767526,0.08105278625576491,0.003478195644836421,0.0030827589998807525,1
12.712568998336792,0.02297530509531498,-0.0710732713341713,0.4072413146495819,-0.047446343945620195,0.045869011532655324,0.006384709871747201,0.02662585075251167,-0.02180866559971051,-0.02185562844583533,-0.05009041354060173,-0.031073030084371595,-0.23745498061180115,0.116911227516657,0.6104721980094744,25.897121713280036,-0.05261530264120034,0.08124886693629053,0.0036116717663470166,0.0008012640009837924,1
12.722517490386963,0.022156665101647377,-0.07054895907640457,0.4072889983654022,-0.0471974052227501,0.03661668676467296,0.003114046292594651,0.025345987574029838,-0.022308237049597945,-0.027507410650235542,-0.0583469495177269,-0.022007098421454457,-0.2163866013288498,0.11668186484336787,0.6092835227207809,25.90666251193291,-0.0517763035381505,0.0784331975445069,0.003748038348464864,0.002348265999899013,1
12.732236623764038,0.022156665101647377,-0.07054895907640457,0.4072889983654022,-0.0471974052227501,0.03661668676467296,0.003114046292594651,0.025345987574029838,-0.022308237049597945,-0.027507410650235542,-0.0583469495177269,-0.022007098421454457,-0.2163866013288498,0.12650064362188118,0.6270989772402448,25.905831087438102,-0.045574776335878434,0.07822585078952772,0.003881693879084207,0.0008621699998911936,1
12.742496967315674,0.021705185994505882,-0.07032480835914612,0.407322496175766,-0.05073797321664063,0.04376537735057457,0.004256329030091974,0.024887847328970647,-0.022366558871362408,-0.02964832339504575,-0.06695877015590668,-0.02698620408773425,-0.21914365887641907,0.14279093838405243,0.618930354534098,25.902668240228962,-0.03916607759265226,0.08120799021850693,0.004048083462614957,0.0024197889997594757,1
12.752272367477417,0.021281331777572632,-0.07006194442510605,0.4073250889778137,-0.04451926049293419,0.03984676305026666,0.0001145161791665174,0.024149352488540554,-0.022753442071441032,-0.03185287927885616,-0.06384383141994476,-0.010837150737643266,-0.20326794683933258,0.1398746571183995,0.6212736958027683,25.913137627134272,-0.038791814436513264,0.07380279536421612,0.004146984474643392,0.0008632179997221101,1
12.762513160705566,0.02085838094353676,-0.0698699802160263,0.40733471512794495,-0.05200116317651076,0.03903586069590623,0.005770035979848683,0.0236135081256994,-0.02256735913906649,-0.033794342439176894,-0.0749921053647995,-0.027677981182932878,-0.20296721160411835,0.15640431799230894,0.6210697544638965,25.89970201545988,-0.031813621255011436,0.08225108583306545,0.004244601419772905,0.000926287000766024,1
12.774380683898926,0.019970351830124855,-0.06941737234592438,0.4073432385921478,-0.04744588944508167,0.029528109539849245,0.0013716531227535946,0.02294863761899668,-0.022898089172445513,-0.03579133451688632,-0.06517644226551056,-0.01183574646711352,-0.20192644000053406,0.15883889718888444,0.6411795308128623,25.909161486078354,-0.03548916451548055,0.0750431980967993,0.004431225354659956,0.0013680579995707376,1
12.782323360443115,0.019511176273226738,-0.06924444437026978,0.40736186504364014,-0.05203672857374353,0.03854163754078002,0.003550199061046809,0.021981125636921117,-0.02279759557166683,-0.038706819944245296,-0.07929821312427521,-0.031106621026992822,-0.1926814466714859,0.16029632645107236,0.6533092841152534,25.91054721458177,-0.03550639494975025,0.07491693322738559,0.004474962488930274,0.001047468998876866,1
12.792487859725952,0.019075533375144005,-0.06899897754192352,0.4073486924171448,-0.044916111754543575,0.03729191820297968,-0.0026967835481229952,0.021356198346399236,-0.02317349364627308,-0.0406602360125472,-0.07139262557029724,-0.006339482963085197,-0.18728940188884735,0.17478288683829174,0.6361286617100906,25.905108752938926,-0.024810471209314428,0.08476331080009597,0.00454870636018217,0.00268680699991819,1
12.802301406860352,0.019075533375144005,-0.06899897754192352,0.4073486924171448,-0.044916111754543575,0.03729191820297968,-0.0026967835481229952,0.021356198346399236,-0.02317349364627308,-0.0406602360125472,-0.07139262557029724,-0.006339482963085197,-0.18728940188884735,0.16868486412108546,0.627754951653118,25.920884215373018,-0.026831763271053938,0.07303583293081727,0.004707221296143579,0.0008051759996305918,1
12.812490224838257,0.018138974905014038,-0.06861570477485657,0.4073694348335266,-0.05072370170588021,0.03858426587002706,0.000931213956844739,0.019934254006594543,-0.02324504708500008,-0.04426137097981586,-0.0705685093998909,-0.0003485854249447814,-0.18764619529247284,0.18871674615177358,0.6260380759475899,25.895998004666126,-0.02019077550503786,0.08643234213122823,0.004886098835850563,0.0031949300009728177,1
12.822346925735474,0.018138974905014038,-0.06861570477485657,0.4073694348335266,-0.05072370170588021,0.03858426587002706,0.000931213956844739,0.019934254006594543,-0.02324504708500008,-0.04426137097981586,-0.0705685093998909,-0.0003485854249447814,-0.18764619529247284,0.19266439323466295,0.614326389141254,25.909907746023965,-0.02296114603301762,0.07085637659474099,0.005027353109006088,0.0007931620002636919,1
12.832334280014038,0.017695637419819832,-0.06844485551118851,0.40734201669692993,-0.05116306235872728,0.026965942408342162,0.0028672913962681595,0.018845419973664956,-0.0235349640126854,-0.0471141230809371,-0.07323121279478073,-0.02032543905079367,-0.18184657394886017,0.19798340422163968,0.6305851655881276,25.906910755735243,-0.019694539006611483,0.08143191768206336,0.005167509258124728,0.002375576999838813,1
12.842337846755981,0.01720215193927288,-0.06829910725355148,0.407372385263443,-0.05572566763777355,0.03457410259109074,0.005381156229858077,0.018287893855935877,-0.023530695181263717,-0.048684738821775486,-0.06627466529607773,-0.00036485912278296645,-0.1698029637336731,0.21202266501159966,0.6219937143246357,25.899756669890394,-0.02067010181536837,0.0721489844552381,0.00523717778042946,0.0008157930005836533,1
12.85233187675476,0.016755353659391403,-0.06809225678443909,0.4073527455329895,-0.045762527582153704,0.033385403647474325,-0.003056237050558989,0.01754818077319653,-0.02387664432937031,-0.0506232057118603,-0.06779941916465759,0.006958966609090547,-0.16615690290927887,0.20114198680853954,0.6174956586095594,25.921149753614355,-0.01784944093832069,0.06845556527077952,0.005364107959846313,0.002459391000229516,1
12.862326622009277,0.016299767419695854,-0.06793786585330963,0.4073508381843567,-0.056751571409036805,0.030010726656509064,0.006876208250631566,0.016715058427551277,-0.02344950241154109,-0.05297906665161811,-0.06224023923277855,0.017430068925023058,-0.16432204842567444,0.21674235412237144,0.6204624154393329,25.89802856920224,-0.01854853648772488,0.06297533149497118,0.005535223250553461,0.0007909979995019967,1
12.87227463722229,0.015804287046194077,-0.06773946434259415,0.4073667824268341,-0.05127306246335899,0.03645551252722868,0.00010590399341803412,0.016430670706566453,-0.023632606315145743,-0.05388321149702602,-0.058450620621442795,0.01553494855761526,-0.17026202380657196,0.2184423842476065,0.6069660958322173,25.912505219149573,-0.018955416228010426,0.0638883063868285,0.005684839244207838,0.002372921999267419,1
12.882385015487671,0.014844045974314213,-0.06738714873790741,0.40734872221946716,-0.05535730350266929,0.03376543889309867,0.0036641347814745048,0.015525808315185685,-0.022983302951558482,-0.056366311846462125,-0.06610415130853653,0.03118368610739706,-0.16291922330856323,0.21945664410274518,0.5987920886088839,25.914656837567602,-0.01899835756098806,0.06390328186559754,0.005727963012638868,0.0009492669996689074,1
12.892322540283203,0.01438095048069954,-0.06718998402357101,0.40732666850090027,-0.049721997142183325,0.032014146576268804,-0.0005246632219979109,0.0149404112350906,-0.02296766007010298,-0.05800616155102167,-0.06306301802396774,0.03852926194667814,-0.1654035747051239,0.22926435690289082,0.5963622731324884,25.905637993321065,-0.012847003936511258,0.05467662329784346,0.005844640721082875,0.0031867590005276725,1
12.902382612228394,0.01438095048069954,-0.06718998402357101,0.40732666850090027,-0.049721997142183325,0.032014146576268804,-0.0005246632219979109,0.0149404112350906,-0.02296766007010298,-0.05800616155102167,-0.06306301802396774,0.03852926194667814,-0.1654035747051239,0.22399933284359894,0.5972278928712302,25.915492610338966,-0.0126922706088449,0.05029310368460124,0.006012325488206398,0.0008059440006036311,1
12.912320375442505,0.013474181294441223,-0.06684108078479767,0.40727826952934265,-0.05170894413846052,0.03170216829102871,0.00013399624614769784,0.013838373310325558,-0.021974938298543023,-0.061233184610638425,-0.06258516758680344,0.04718510806560514,-0.16349172592163086,0.2293320717845267,0.5983013812155996,25.9089781210024,-0.013068349733047175,0.05193704973627453,0.006125321151776149,0.0031097890005185036,1
12.92243480682373,0.013474181294441223,-0.06684108078479767,0.40727826952934265,-0.05170894413846052,0.03170216829102871,0.00013399624614769784,0.013838373310325558,-0.021974938298543023,-0.061233184610638425,-0.06258516758680344,0.04718510806560514,-0.16349172592163086,0.22883702580460324,0.5959678261540694,25.914459585349537,-0.009734960976325233,0.04334523249475286,0.006280681160911358,0.0008022429992706748,1
12.932488679885864,0.012591065838932991,-0.06648021191358566,0.4072265923023224,-0.04964527098135098,0.03065671797591738,0.0007016762442663322,0.012351326753117231,-0.02074016961165759,-0.06524646421393676,-0.06025923416018486,0.04813508689403532,-0.16247189044952393,0.22936513598433964,0.5911034321297212,25.911813716842637,-0.004814930118892036,0.04180590287190662,0.006381757410127837,0.0024943130010797177,1
12.942216873168945,0.012591065838932991,-0.06648021191358566,0.4072265923023224,-0.04964527098135098,0.03065671797591738,0.0007016762442663322,0.012351326753117231,-0.02074016961165759,-0.06524646421393676,-0.06025923416018486,0.04813508689403532,-0.16247189044952393,0.22419436040693502,0.5897016027401308,25.913706460299306,-0.006521092377059104,0.03903022360592586,0.006599669959055011,0.0008092269999906421,1
12.952486515045166,0.012155205942690372,-0.06630385667085648,0.4072013795375824,-0.051690049277484086,0.03334706677121012,0.0018400767046868308,0.011803373792685257,-0.020102979668544574,-0.06675845647823264,-0.06370237469673157,0.05324202775955198,-0.16120514273643494,0.22577314370698437,0.580903072708115,25.911121781033593,-0.002999122565060525,0.03486533123830565,0.00673897362333213,0.0024854430012055673,1
12.962307453155518,0.011740735732018948,-0.06609572470188141,0.4071747958660126,-0.04587391734498132,0.033242974808096425,6.934983716848521e-05,0.011183458209221175,-0.019607034368901655,-0.06850544308527295,-0.06728209555149078,0.05386979132890699,-0.16783557832241058,0.21407246937019683,0.5728843745156423,25.915630025425177,0.0006358112864908454,0.03253585422898225,0.006941052152489149,0.0008208210001612315,1
12.974242687225342,0.010929158888757229,-0.06569760292768478,0.4071434736251831,-0.04846025977890901,0.03771769286181601,0.0026634588816783914,0.010564508055549648,-0.018894857235040696,-0.07013239633856339,-0.06880655884742737,0.054437264800071695,-0.17597801983356476,0.2127670063610395,0.5558933967384636,25.90954868530419,0.0027494396294557594,0.03145355180810696,0.00715525003577899,0.0012994709995837184,1
12.982239246368408,0.010557375848293304,-0.06547330319881439,0.4071059823036194,-0.04293067369087191,0.030594574438546258,-0.0011970261351625805,0.009687757058220114,-0.018165071438382085,-0.0726356401856787,-0.065608911216259,0.049893420189619044,-0.1737646460533142,0.2008842220693922,0.5584483168575787,25.919119315752184,0.0039868529566792635,0.030162148495820405,0.007364595551892369,0.0008380039998883149,1
12.992485523223877,0.010175058618187904,-0.06527926027774811,0.40708816051483154,-0.05042491848702755,0.03723890712684325,0.004570745854421705,0.009230330577087553,-0.017413865033060194,-0.07430424548339065,-0.056337591260671616,0.053512290120124796,-0.17078454792499542,0.20947233283522942,0.5450462835829261,25.905349792196034,0.0006827992440187705,0.027994522435068222,0.007504400913970415,0.0021493479998753173,1
13.00230360031128,0.010175058618187904,-0.06527926027774811,0.40708816051483154,-0.05042491848702755,0.03723890712684325,0.004570745854421705,0.009230330577087553,-0.017413865033060194,-0.07430424548339065,-0.056337591260671616,0.053512290120124796,-0.17078454792499542,0.2157177057156027,0.5366298397457223,25.903354756955352,0.0012400954853880155,0.02692047493901202,0.007540217666809086,0.0008356289999937871,1
13.012468576431274,0.00946651678532362,-0.06480612605810165,0.40701815485954285,-0.04502102322782392,0.03158839841793807,0.0033689098642749734,0.00805968989788397,-0.016516055520656714,-0.07778390281682945,-0.058959923684597015,0.027525704354047754,-0.17188537120819092,0.1958330329721938,0.5280501381899011,25.925804084662495,0.005518843179059742,0.018821351931888407,0.007562236752599236,0.002674862998901517,1
13.022313833236694,0.00946651678532362,-0.06480612605810165,0.40701815485954285,-0.04502102322782392,0.03158839841793807,0.0033689098642749734,0.00805968989788397,-0.016516055520656714,-0.07778390281682945,-0.058959923684597015,0.027525704354047754,-0.17188537120819092,0.19707176517003533,0.5342814082132226,25.909948245097848,0.005486567241622867,0.03671326266030425,0.007770860019734411,0.0008108340007311199,1
13.032527446746826,0.008786031045019627,-0.06429260969161987,0.4069577753543854,-0.038152444832183996,0.033834718451425175,-0.0022512749175311714,0.006668501177469199,-0.015350254446904188,-0.0819279473909944,-0.06466344743967056,0.05077226832509039,-0.16756099462509155,0.19319994581862365,0.5142548114236998,25.91478634600408,0.005396108421550786,0.02057493240560797,0.007982945079426517,0.003021296000952134,1
13.04230260848999,0.008786031045019627,-0.06429260969161987,0.4069577753543854,-0.038152444832183996,0.033834718451425175,-0.0022512749175311714,0.006668501177469199,-0.015350254446904188,-0.0819279473909944,-0.06466344743967056,0.05077226832509039,-0.16756099462509155,0.17889070033345908,0.5148115318074701,25.92351996540128,0.012676548750799196,0.021273902957427964,0.008130698104617619,0.0008060140007728478,1
13.05249571800232,0.008445081301033497,-0.06406659632921219,0.4069462716579437,-0.04509341704914193,0.03801980627789575,0.005009933824735521,0.0062035130889457335,-0.01479576453571596,-0.08345633073348369,-0.060591164976358414,0.022162627428770044,-0.16764730215072632,0.18832926966472738,0.5050845053515479,25.90573507701266,0.012439416914067568,0.03469372605858527,0.00824726513843683,0.002537755999583169,1
13.062298774719238,0.008145035244524479,-0.06377233564853668,0.40691858530044556,-0.03348515118214711,0.04111893895181078,-0.0039898902650292055,0.0055642896235723605,-0.014917716972151052,-0.08538307237489917,-0.05983542650938034,0.02673726715147493,-0.1868298351764679,0.17016741664320412,0.48805728940699294,25.927040439073295,0.014327419876040824,0.031941438619775775,0.00856294340081952,0.0007945590004965197,1
13.072528600692749,0.007596760056912899,-0.06318449229001999,0.4068908989429474,-0.03576072662281932,0.04477994900502017,0.0014259441412470591,0.0050201091178205814,-0.01417489380679715,-0.08710358532027751,-0.06553222239017487,0.020654784515500048,-0.17818427085876465,0.16556364895059295,0.4657331947119386,25.916093725461085,0.01906594721419634,0.033132383312147205,0.008682874282407408,0.0023955520009621978,1
13.08233904838562,0.007370312698185444,-0.06288754940032959,0.4068501889705658,-0.03129427475375142,0.036543555809594036,0.0009470203954747642,0.004075643880415036,-0.014376711301179235,-0.08966473445171985,-0.0635991021990776,-0.005760448053479216,-0.17861835658550262,0.15420849270403264,0.46734350444280226,25.915971781401932,0.020118682174282303,0.04646994061112381,0.008876993317370258,0.000789251000242075,1
13.092479228973389,0.0071006654761731625,-0.06261326372623444,0.40687090158462524,-0.038375392226788096,0.04362615224918209,0.00835236251946515,0.0035087270042040153,-0.01393575952912629,-0.09134413548342923,-0.060026369988918304,0.012490011751651743,-0.16650164127349854,0.16251950321391845,0.45147372997664204,25.89637165106671,0.020653402272208438,0.03710042610594035,0.008950995040310303,0.002428729001621832,1
13.102514505386353,0.006879768799990416,-0.062260210514068604,0.4068535268306732,-0.025753859111667766,0.04527197794315367,-0.003194741688830436,0.002979114813278727,-0.014234082046766794,-0.09293405891635187,-0.05458913743495941,-0.0022227927111089425,-0.15908494591712952,0.14277719426716465,0.4344872846779857,25.9240070184221,0.019066250554036504,0.04358996181552682,0.00902129083827156,0.0007896009992691688,1
13.112468719482422,0.006687844172120094,-0.06194943189620972,0.4068453013896942,-0.0341211220474882,0.043188814193897335,0.008198332957755428,0.0024254718001697206,-0.014195835427753156,-0.09497983393443654,-0.05280983820557594,-0.014547361060977003,-0.16940875351428986,0.1313697147580435,0.42348942240665693,25.928162952302284,0.01974926183958641,0.04418593398621867,0.009043990365571231,0.003091839000262553,1
13.122506856918335,0.006687844172120094,-0.06194943189620972,0.4068453013896942,-0.0341211220474882,0.043188814193897335,0.008198332957755428,0.0024254718001697206,-0.014195835427753156,-0.09497983393443654,-0.05280983820557594,-0.014547361060977003,-0.16940875351428986,0.14309267781182916,0.4209952243853986,25.89879088936275,0.0201029777447859,0.051006344202481804,0.009245973553441473,0.0007946290006657364,1
13.13246488571167,0.006310018245130777,-0.06124141439795494,0.40684664249420166,-0.02233540786031659,0.04243709165440556,0.0014880848796633645,0.0014774998960769281,-0.01494106653585181,-0.09835758481186518,-0.04081694036722183,-0.04826476424932482,-0.17288663983345032,0.1409151303244089,0.40408022720958897,25.910579382074086,0.021593538723014418,0.04544787555243945,0.009441998804140142,0.0030544720011675963,1
13.142232179641724,0.006310018245130777,-0.06124141439795494,0.40684664249420166,-0.02233540786031659,0.04243709165440556,0.0014880848796633645,0.0014774998960769281,-0.01494106653585181,-0.09835758481186518,-0.04081694036722183,-0.04826476424932482,-0.17288663983345032,0.1283800716937183,0.40481422032692815,25.914002337627952,0.016969990235444717,0.06892271329842115,0.009600456752374599,0.0008389119993807981,1
13.152561902999878,0.0059634046629071236,-0.06048019602894783,0.40687277913093567,-0.020204999899534695,0.045115258741690055,-0.00353139968060115,0.0005757859391213316,-0.016023327583970737,-0.10287648825655671,-0.039957113564014435,-0.05134098231792452,-0.19197699427604675,0.14431251866342934,0.3826668139276989,25.89597334053203,0.019594834989533395,0.07266343641704477,0.009822566286842539,0.003114748000371037,1
13.162310123443604,0.0059634046629071236,-0.06048019602894783,0.40687277913093567,-0.020204999899534695,0.045115258741690055,-0.00353139968060115,0.0005757859391213316,-0.016023327583970737,-0.10287648825655671,-0.039957113564014435,-0.05134098231792452,-0.19197699427604675,0.13046124725193134,0.3804954571908366,25.925022167665258,0.019392324092716042,0.0739090642477157,0.010137974562066413,0.0007981909984664526,1
13.175236701965332,0.005848261062055826,-0.0601336732506752,0.40685465931892395,-0.026530382728702055,0.048478577495258655,0.006029552746518889,0.0003730397841370525,-0.015869590483311935,-0.10476884802673636,-0.03169124200940132,-0.0384107828140259,-0.1784244030714035,0.13479960779349948,0.37185443621461645,25.904165997445535,0.016132525745593224,0.06768224792257276,0.010242988414728173,0.0017284599998674821,1
13.182240962982178,0.005710015073418617,-0.05971959978342056,0.4068650007247925,-0.020184369621642155,0.05335271362796375,-0.001700477915265159,7.148253022215556e-05,-0.01677767089248494,-0.1064861449324166,-0.02468409389257431,-0.04594496637582781,-0.18148069083690643,0.12844184664383515,0.35226606397480736,25.9214475465232,0.01401813192313736,0.0734361100832733,0.010407342861184502,0.0008485500002279878,1
13.192321538925171,0.005643398966640234,-0.05931386351585388,0.4068152606487274,-0.018422906458831084,0.04966341727403669,-0.0028817542333669033,-5.8487669353013416e-05,-0.017142181552006086,-0.10852897992470822,-0.021704237908124924,-0.06685386598110202,-0.19712676107883453,0.12253131302391662,0.3467433496128448,25.92734218128408,0.012486441497067496,0.0848504159595109,0.010701758287713317,0.0023989050005184254,1
13.202349662780762,0.005447435192763805,-0.05848347023129463,0.4067637622356415,-0.01257705706843104,0.04985377579067644,-0.00594303480682746,-0.0002759623416999091,-0.018005550477619536,-0.11122401287359729,-0.014934645965695381,-0.05762823671102526,-0.1832188069820404,0.10812086257044626,0.3381810955377173,25.936531238963443,0.009900799812056892,0.082445053565383,0.010857977885947976,0.0008192149998649256,1
13.212510108947754,0.00540541997179389,-0.05805200710892677,0.4067174792289734,-0.0174948136253495,0.05583228564716635,0.00027425271357333074,-0.0002656531113731653,-0.01831318965018225,-0.11335110309923202,-0.008227815851569176,-0.05591633170843127,-0.2029051035642624,0.11148136448332369,0.3204288598171551,25.921496492812587,0.00693984266976015,0.08253981388582528,0.011184339232293002,0.002406797000730876,1
13.222342491149902,0.005334191489964724,-0.057598575949668884,0.40670129656791687,-0.015564430582026988,0.054190490585357624,-0.0026205364082294426,-0.00017348759724322704,-0.018572503208946767,-0.11518658114111524,0.008963730186223984,-0.029943369328975702,-0.19547216594219208,0.11372788228317132,0.3087019591548414,25.919397926159746,0.006839802702850954,0.08296289097074612,0.011272316888227602,0.0009869129989965586,1
13.232319116592407,0.00530362268909812,-0.05713130161166191,0.40666845440864563,-0.013237190825480662,0.05912684285416549,-0.0015532492155467354,-6.008665088153009e-06,-0.019131565958677488,-0.11716720792013646,0.014106113463640213,-0.03160619363188746,-0.198258176445961,0.10947062786683352,0.3046112816821219,25.926738059529832,-0.002039514136351366,0.07058297059218203,0.011370864860496306,0.0029231629996502306,1
13.242336988449097,0.00530362268909812,-0.05713130161166191,0.40666845440864563,-0.013237190825480662,0.05912684285416549,-0.0015532492155467354,-6.008665088153009e-06,-0.019131565958677488,-0.11716720792013646,0.014106113463640213,-0.03160619363188746,-0.198258176445961,0.10420874580101536,0.2890612916787095,25.925157950772405,-0.004753654805973622,0.07266101416430895,0.011549089919608783,0.000791765000030864,1
13.252312421798706,0.005210647825151682,-0.05619757995009422,0.4066312313079834,-0.014189532777121424,0.05650301281032687,0.0009244112235928056,0.0007017947236813704,-0.019620485192954007,-0.12212998106239503,0.02899063564836979,-0.01601169072091582,-0.20430982112884521,0.10830337127212174,0.2882680273234807,25.921402828618533,-0.009329304104224674,0.07030926049537346,0.011803431712223911,0.0026625000009516953,1
13.262340545654297,0.005210647825151682,-0.05619757995009422,0.4066312313079834,-0.014189532777121424,0.05650301281032687,0.0009244112235928056,0.0007017947236813704,-0.019620485192954007,-0.12212998106239503,0.02899063564836979,-0.01601169072091582,-0.20430982112884521,0.1045473436584295,0.2842596225285534,25.91792161111797,-0.014575846157318283,0.06634706242636762,0.0120353743282276,0.0007945590004965197,1
13.27247166633606,0.005192403215914965,-0.05567903816699982,0.4066150188446045,-0.00876372812040238,0.06315810237436224,-0.0020801578717345396,0.0011420586018258128,-0.019772648112489133,-0.12418698425007069,0.034945663064718246,-0.01384806632995608,-0.2065671682357788,0.09268704807845625,0.2643816208090346,25.92542064162131,-0.01817444009105675,0.06524366007406147,0.01225207151099824,0.0023551119993499015,1
13.282340288162231,0.005157259292900562,-0.05468568205833435,0.40662333369255066,-0.014130262305330984,0.06522672628797874,0.003921722054513841,0.0016062637990619244,-0.01963635451833312,-0.12621133939924567,0.04278421029448509,0.0010660691186785449,-0.20318031311035156,0.09617342606967089,0.24657296639343768,25.91061497812849,-0.02332217479496878,0.05792408443556692,0.012416386384226296,0.0008007750002434477,1
13.292470216751099,0.0051831998862326145,-0.05414685606956482,0.4066055715084076,-0.0024435378414890464,0.057562295322397435,-0.0031793918323611936,0.002402201641371615,-0.019887437921648043,-0.12915127023435957,0.05102452635765076,-0.012975092977285411,-0.21215255558490753,0.07243575584546018,0.25003095386767477,25.92732811280879,-0.03042561621300314,0.06438525311400524,0.01273127902438978,0.002394503999312292,1
13.302337646484375,0.005223953630775213,-0.05365634709596634,0.40661129355430603,-0.010445464721411857,0.060331400549719395,0.006986633872927124,0.0030798002703344984,-0.019557279775257452,-0.13140444001410634,0.06606307625770569,0.027736794203519797,-0.20826169848442078,0.0709556635704253,0.24840624770560585,25.902875200676164,-0.03971302333342108,0.04402028432466938,0.012932674866199331,0.0008170500004780479,1
13.312319040298462,0.005209619645029306,-0.05309438332915306,0.40666380524635315,-0.008150162554489799,0.06400413069468773,0.001408101996726837,0.003872903551267015,-0.01916351009011974,-0.13319174050392535,0.06402919441461563,0.004547651857137656,-0.19698163866996765,0.0684635881148082,0.23764749391717427,25.913780089777415,-0.0407490520230332,0.05399050858361561,0.013019441937650263,0.002483626998582622,1
13.32243013381958,0.005246293265372515,-0.05256795510649681,0.40666794776916504,-0.004673872010921178,0.05707966165235825,0.00042012848357599595,0.004476443390759144,-0.019468202986857808,-0.13538892138170988,0.07086605578660965,0.01829916611313817,-0.21576035022735596,0.06692566500545227,0.231139872068454,25.915402953291014,-0.040777405267040434,0.05417364431956247,0.013039784169414408,0.0010655590012902394,1
13.33246922492981,0.005259605124592781,-0.05204186961054802,0.4067094027996063,-0.00890375545444546,0.06363805385881678,0.0068209832605078844,0.005395024851597263,-0.018792222902982658,-0.13752543743532764,0.07716549932956696,0.007530432194471334,-0.20523737370967865,0.05553943595232528,0.24151500424894504,25.918249870056545,-0.04655312717898575,0.04778371686848613,0.013334169904446665,0.0026512559998081997,1
13.342305183410645,0.005303241778165102,-0.05149364471435547,0.40674206614494324,-0.0018912934242362647,0.061860069608059724,0.0012424240381434942,0.0065892307571484565,-0.018625977325509968,-0.14057991876391984,0.07930418103933334,0.020153028890490508,-0.2062571793794632,0.058755674082604854,0.2339954753327706,25.901629524572314,-0.05178546135737442,0.05157573267314955,0.013470755586703796,0.0008178179996320978,1
13.352474689483643,0.005382886156439781,-0.0509575679898262,0.4067612886428833,-0.0010506445207468284,0.060889266442605845,0.003432028684127849,0.007370724438476639,-0.018143386119245264,-0.1426868837098545,0.07634208351373672,0.02576716989278791,-0.21211619675159454,0.04372137949601588,0.23184815586649393,25.913789553783275,-0.05643068094250615,0.0442185678853874,0.013709983121817624,0.003096448999713175,1
13.36231279373169,0.005382886156439781,-0.0509575679898262,0.4067612886428833,-0.0010506445207468284,0.060889266442605845,0.003432028684127849,0.007370724438476639,-0.018143386119245264,-0.1426868837098545,0.07634208351373672,0.02576716989278791,-0.21211619675159454,0.030378104401577326,0.23132390820368534,25.90976703794606,-0.0573674734146664,0.039834744287466695,0.01395075494327547,0.0008090869996522088,1
13.372591257095337,0.005527866072952747,-0.04988524690270424,0.40684792399406433,0.0012211754827715921,0.062224246477347867,0.002941416632986636,0.00901801645483502,-0.017441023679875656,-0.14674045677649605,0.07154297828674316,0.039377987384796115,-0.21019506454467773,0.02181807415664736,0.23044580071239665,25.907548641628985,-0.059133781228959105,0.0338233409477165,0.014053037587574643,0.002606484998977976,1
13.382301330566406,0.005527866072952747,-0.04988524690270424,0.40684792399406433,0.0012211754827715921,0.062224246477347867,0.002941416632986636,0.00901801645483502,-0.017441023679875656,-0.14674045677649605,0.07154297828674316,0.039377987384796115,-0.21019506454467773,0.009723813091031623,0.22500225060966264,25.909845526724457,-0.05957286247363528,0.030703059968261476,0.014286002234636533,0.000874183000632911,1
13.39254379272461,0.0056014820002019405,-0.04933108761906624,0.4068911373615265,-0.0015722874364073294,0.06034525107036905,0.006491654136270611,0.009650345707742147,-0.016909767460438818,-0.1487387414216359,0.06498447060585022,0.029853506013751006,-0.21139615774154663,0.007153469317052437,0.224915233158156,25.900661615377906,-0.058361145826328564,0.034113257812210314,0.01447504466436159,0.0024565269995946437,1
13.402316093444824,0.0057422323152422905,-0.048241812735795975,0.4069741666316986,0.005609262976610586,0.06312074476472954,0.0035563790524373636,0.010356558809702321,-0.016669598169905875,-0.15075354421318332,0.059371449053287506,0.030075801536440825,-0.20651257038116455,-0.009811407282699606,0.2126668092303278,25.906846212314598,-0.05715602881323785,0.03276863548852984,0.014613959907197964,0.0008656619993416825,1
13.412465333938599,0.005856756120920181,-0.04771409183740616,0.4070151448249817,0.003964227676405815,0.05751270771626676,0.004047953215614728,0.011331715581721635,-0.016154826515010434,-0.15390508946251025,0.06052950769662857,0.029757274314761138,-0.21012642979621887,-0.019730071970448907,0.21819311620724802,25.906276100332953,-0.061080816907755235,0.0315305852323818,0.014877202000534525,0.0008474320002278546,1
13.422553300857544,0.005960419308394194,-0.04717113822698593,0.407062292098999,0.004068100410572707,0.0671149119660379,0.004577582706366646,0.011965954210580776,-0.01585227525459265,-0.15582359499762166,0.057097043842077255,0.028286473825573897,-0.20015960931777954,-0.02572681533714184,0.2215133007771915,25.90619328351351,-0.06113088578270188,0.03154106551419173,0.014948212845677308,0.0010399259990663268,1
13.432545900344849,0.006048602983355522,-0.046603139489889145,0.4071113169193268,0.0018503711500376916,0.05902904630727209,0.004950232436460094,0.012435069713131242,-0.01552139366789218,-0.15779849674083612,0.04517367109656334,0.017810299992561316,-0.19878357648849487,-0.02690453333796048,0.20022598961821914,25.904692961623,-0.06029008376703129,0.031553179580805175,0.015010401196209045,0.0009200709992001066,1
13.442509412765503,0.006130807567387819,-0.046108074486255646,0.40716615319252014,0.0018131808827187323,0.05727726582088862,0.005753589411121849,0.013225487382036327,-0.015236809059737233,-0.16065647318377607,0.04840967059135437,0.018184795975685095,-0.19183173775672913,-0.0254319688374414,0.20394421684012895,25.90325710587056,-0.05654675777267181,0.03592023483271109,0.015125587876879494,0.001060390000930056,1
13.452494144439697,0.006235430017113686,-0.045563939958810806,0.4072211682796478,0.007324536543077132,0.061748381659672426,0.004563145360156216,0.01369936057996135,-0.015102413650850632,-0.1625583617638151,0.047396350651979446,0.014418891631066777,-0.18766281008720398,-0.026015049055845695,0.2097391194886434,25.900719115389517,-0.06047197593769101,0.03496521154558484,0.015285090891810063,0.00091944300038449,1
13.462494373321533,0.006235430017113686,-0.045563939958810806,0.4072211682796478,0.007324536543077132,0.061748381659672426,0.004563145360156216,0.01369936057996135,-0.015102413650850632,-0.1625583617638151,0.047396350651979446,0.014418891631066777,-0.18766281008720398,-0.0371473869738516,0.19966806603722662,25.903394238486488,-0.060847570523229144,0.036018783109207364,0.015415746455749781,0.0008169789998646593,1
13.472508668899536,0.006381450220942497,-0.04505758732557297,0.4072658121585846,0.00849624500151996,0.05239937788752725,0.003856394360989078,0.014062922381734122,-0.014956896475756043,-0.16441951429668178,0.033954717218875885,0.0065631372854113345,-0.18835406005382538,-0.04994721680617777,0.21174979486328654,25.90545390538036,-0.0561142203193477,0.039318819744727486,0.015558706561992238,0.0008055950002017198,1
13.482494354248047,0.0064949109219014645,-0.04455146566033363,0.4073239266872406,0.004349501475745292,0.061224471600223124,0.006851098602660002,0.014540150540223173,-0.01482584580630153,-0.16632621829147443,0.03322267532348633,0.0018143944907933248,-0.18502742052078247,-0.045469266940078676,0.19883393858622347,25.89771420929335,-0.056206848112741736,0.04189743494930917,0.015688114011406216,0.0008082490003289422,1
13.49251413345337,0.006615620106458664,-0.04402793571352959,0.40738123655319214,0.006989845219997206,0.05109330635852261,0.004757682342053253,0.014709292789160333,-0.014984779436079787,-0.1680695286001992,0.03337998315691948,-0.001889889244921527,-0.1759580671787262,-0.05191324798677569,0.2112967937450984,25.901839863737518,-0.05768046192214679,0.0438676849937977,0.015761671131961308,0.0008080389998212922,1
13.50252103805542,0.006721611600369215,-0.04356874153017998,0.4074338972568512,0.005378274669990317,0.05575429258441388,0.0057486236050689945,0.015106126285888255,-0.014910622908661963,-0.16979720924685804,0.02438468486070633,-0.006959181278944037,-0.17879951000213623,-0.050454509572181436,0.20672680402217536,25.899687972185408,-0.05392767595049229,0.04644343711476787,0.015901141611580138,0.002381722000791342,1
13.513131141662598,0.006980285048484802,-0.042581815272569656,0.40752288699150085,0.009408724949317741,0.04733914123262989,0.003720465399246603,0.01541354769255765,-0.015242305212741503,-0.17240466648318842,0.015331700444221497,-0.02802957221865656,-0.17014892399311066,-0.059779247039593,0.21721421561331836,25.90442347691966,-0.05096457404152013,0.05746661344505789,0.016017886076753418,0.0008099249989754753,1
13.522559404373169,0.007089580409228802,-0.04211803153157234,0.40757542848587036,0.006092698252748918,0.058147441132496494,0.005912427556526719,0.01573331082359042,-0.015316684029647032,-0.17395267575991946,0.01676180586218834,-0.03187035396695139,-0.16389517486095428,-0.05369550082100285,0.19874932928274744,25.899251617268817,-0.05150047020896462,0.06028392142620307,0.016097017394288777,0.002386542000749614,1
13.532543897628784,0.007215242832899094,-0.04163994640111923,0.4076067805290222,0.009497764509495021,0.04759707619305661,0.002085406073283612,0.01573331082359042,-0.015316684029647032,-0.17395267575991946,0.01676180586218834,-0.03187035396695139,-0.16389517486095428,-0.06153143936065946,0.20863672080497356,25.908402304813627,-0.0524715575059577,0.059860604277215394,0.016118300560849105,0.0008186559989553643,1
13.542521238327026,0.007317931856960058,-0.041236188262701035,0.40764397382736206,0.004088802476988045,0.04901301458538611,0.00544552567729734,0.015997022313905873,-0.015935463555865947,-0.17710455325541785,0.009891020134091377,-0.037347398698329946,-0.15793782472610474,-0.06628215570148183,0.2145958578297581,25.909757729855848,-0.052460137514813716,0.059874693271631696,0.01612425940237127,0.003070676000788808,1
13.554426431655884,0.007404223550111055,-0.04076068103313446,0.40767738223075867,0.00700339956917618,0.05291352047927698,0.0016773780834750847,0.016161160679617037,-0.016593947243573215,-0.17936705291637223,0.007295659277588129,-0.04641760885715487,-0.14820489287376404,-0.05772258546393366,0.2044069964731113,25.910977718674456,-0.048277077431482074,0.07026478221053818,0.01633047869583956,0.000839750000523054,1
13.562490224838257,0.007404223550111055,-0.04076068103313446,0.40767738223075867,0.00700339956917618,0.05291352047927698,0.0016773780834750847,0.016161160679617037,-0.016593947243573215,-0.17936705291637223,0.007295659277588129,-0.04641760885715487,-0.14820489287376404,-0.05265995630225439,0.19710927633629255,25.911064108261805,-0.04844053645328899,0.07132357588654419,0.016384436708530858,0.0008312979989568703,1
13.572243213653564,0.007514409255236387,-0.04035230353474617,0.4076867401599884,0.005845095728769818,0.03885182744129995,0.0016100973341487323,0.016159982785015625,-0.017078595199949476,-0.18089090755406145,-0.0005614864639937878,-0.05636037886142733,-0.15529140830039978,-0.05119268997999612,0.22246656047453767,25.91110913498638,-0.045916496129870185,0.07753936323858192,0.016532061367459883,0.0018352530005358858,1
13.582569122314453,0.007673311047255993,-0.03952603042125702,0.4077122211456299,0.00798274246146908,0.04052456828443144,0.0001696562562201631,0.015967212562137956,-0.018204886695663447,-0.183807781183972,-0.019305989146232605,-0.06718055903911592,-0.14403113722801208,-0.042216478542127,0.21321664919323385,25.90655871899395,-0.040248002312433535,0.07977455116351294,0.016549195103440315,0.00575992700032657,1
13.593219757080078,0.007673311047255993,-0.03952603042125702,0.4077122211456299,0.00798274246146908,0.04052456828443144,0.0001696562562201631,0.015967212562137956,-0.018204886695663447,-0.183807781183972,-0.019305989146232605,-0.06718055903911592,-0.14403113722801208,-0.04574394817561978,0.2221366979966059,25.914244201309415,-0.035659586335888394,0.08614823353929082,0.016652195017515446,0.0009213979992637178,1
13.602514028549194,0.00781449768692255,-0.03876722976565361,0.40773725509643555,0.0067991683453449666,0.04527657841809566,0.000933098356424087,0.015968072716540327,-0.01865186076727987,-0.18504928660437292,-0.016983676701784134,-0.07115716487169267,-0.13631772994995117,-0.04215813338453876,0.21406270617675116,25.913350571965807,-0.036222947799808704,0.08973353392581263,0.01669724551057434,0.0023419110002578236,1
13.61252498626709,0.007915198802947998,-0.038423776626586914,0.40770581364631653,0.008599769282225804,0.03307342124426191,-4.923940959609151e-05,0.01567240808329462,-0.019954359372944097,-0.18712835506216585,-0.020114220678806305,-0.06662019342184068,-0.14016374945640564,-0.04702007851921207,0.2336346713568415,25.915893482985545,-0.034962588993801044,0.09088646903824509,0.01686886380405455,0.0007935120011097752,1
13.622522592544556,0.007953883148729801,-0.038080986589193344,0.4077291190624237,-0.0003080277561371963,0.0430652312301678,0.0042647421914811506,0.01557348223477506,-0.02025397192902867,-0.18839763868716108,-0.021873170509934425,-0.06347282230854036,-0.12432915717363356,-0.026026671713570468,0.2242206174385309,25.90478496153077,-0.03288153158776983,0.09119894053610714,0.016873030401567048,0.0024440950001007877,1
13.632566452026367,0.008000342175364494,-0.03770817816257477,0.40772297978401184,0.007660018280249874,0.034642316252096274,-0.0014400646984029822,0.015274787223235275,-0.021356607035610153,-0.18958482304951385,-0.03439521789550781,-0.09575603902339937,-0.1345123052597046,-0.013321893442249835,0.21855811966706393,25.90312126740851,-0.032874032499528846,0.09114729058444801,0.016873672910829078,0.0010294489984516986,1
13.642533779144287,0.008040103130042553,-0.03741762414574623,0.4077235460281372,-0.0011479245027788477,0.035060726074796926,0.006265403734812935,0.014931641202868828,-0.02212217206967404,-0.19094963816196575,-0.023768579587340355,-0.08290286362171174,-0.11208293586969374,-0.002126616650520571,0.22955667674388675,25.897664084512698,-0.031311975237365626,0.10505884846957443,0.01692120280241942,0.0023836780001147417,1
13.652537107467651,0.008030262775719166,-0.03704814612865448,0.4077647030353546,0.0011136763481151056,0.041910320294366525,0.00341746597628544,0.014588638643959762,-0.023316080590360944,-0.19258113391088294,-0.031449079513549805,-0.0776314362883568,-0.11341171711683272,0.005294572129111466,0.21742476829256085,25.904438970293967,-0.02576294717585267,0.10541580706435709,0.017045473490107783,0.0020383629998832475,1
13.662434101104736,0.008053936995565891,-0.03673652559518814,0.4077642261981964,-0.00016659242532423402,0.02804190103756676,0.004761225565434042,0.014321058679902965,-0.02405164302500573,-0.19390834816760627,-0.032074522227048874,-0.08920563757419588,-0.12513549625873566,0.00980479068356227,0.20929851648868603,25.905319269028652,-0.025222050875382738,0.107045623882005,0.017079972527393714,0.0008425430005445378,1
13.672468900680542,0.007998020388185978,-0.0364445298910141,0.40783578157424927,-0.00723070187445441,0.037114378063323565,0.010677522978792509,0.01414616198167451,-0.024659778305029967,-0.19476773278910242,-0.022709913551807404,-0.062106877565383925,-0.10043752193450926,0.01147987818666588,0.23408172440428854,25.901852136996247,-0.025502995135688426,0.11478318572558023,0.01724988415778584,0.0032688269984646467,1
13.682424783706665,0.007998020388185978,-0.0364445298910141,0.40783578157424927,-0.00723070187445441,0.037114378063323565,0.010677522978792509,0.01414616198167451,-0.024659778305029967,-0.19476773278910242,-0.022709913551807404,-0.062106877565383925,-0.10043752193450926,0.03037200993968026,0.2301502580671618,25.885417469296424,-0.028722643466832152,0.1039454432413933,0.017190339017510055,0.0008051069999055471,1
13.692519426345825,0.00793229229748249,-0.03588351607322693,0.4078921973705292,-0.009038757708566235,0.02899623677432011,0.012021878755473015,0.013625202974625328,-0.02598867120246595,-0.19716448075484072,-0.02309993840754032,-0.06771011650562288,-0.11740241199731825,0.021481503917671348,0.24017014258813169,25.906625807153503,-0.02391845586746705,0.10744885045840907,0.01739326672626861,0.0023027979987091385,1
13.702488422393799,0.00793229229748249,-0.03588351607322693,0.4078921973705292,-0.009038757708566235,0.02899623677432011,0.012021878755473015,0.013625202974625328,-0.02598867120246595,-0.19716448075484072,-0.02309993840754032,-0.06771011650562288,-0.11740241199731825,0.040124115621592384,0.24937354038887785,25.882357220764558,-0.027818945385139685,0.1103778459477929,0.017498112745320746,0.0007893210004112916,1
13.712533950805664,0.007769308984279633,-0.035326577723026276,0.4079837501049042,-0.0055525009438565165,0.024786142633311456,0.007112772204285952,0.013356193470110966,-0.027075256495665112,-0.19803792163180223,-0.020663436502218246,-0.0473788157105446,-0.10817071050405502,0.044458747215649436,0.26097908317767043,25.891374910090427,-0.028549065447380825,0.10304026180218398,0.017530418758929123,0.0024650479990668828,1
13.722543954849243,0.007644612342119217,-0.035073310136795044,0.40806031227111816,-0.012170135989612368,0.02752327545987876,0.01115470379585181,0.013077551685582556,-0.02740567985948017,-0.19967313170446088,-0.023816997185349464,-0.03474945947527887,-0.10569746047258377,0.06231105020353864,0.2624943643778646,25.881670614773107,-0.0260017918806571,0.09817802760437093,0.01762191974021011,0.001056060000337311,1
13.732486963272095,0.007527079898864031,-0.03482069820165634,0.40810689330101013,-0.007450043130403903,0.024782056006912922,0.005905956497582952,0.012893607811802266,-0.02819017260041523,-0.20063058010413037,-0.01922306977212429,-0.026910783722996726,-0.10359179973602295,0.06420178043939512,0.26714978663593136,25.893948728602986,-0.027854604462436452,0.09596757100222522,0.01770187593332239,0.0008001470014278311,1
13.7429838180542,0.007384336553514004,-0.03458244353532791,0.40815356373786926,-0.014391003983708222,0.02497288404172195,0.008987023492795952,0.012736056128119344,-0.02836667120089631,-0.20162505439686562,-0.020993931218981743,-0.024684039875864993,-0.0922357589006424,0.08105329855303608,0.2709702918404172,25.887347864368024,-0.026599931537801304,0.09596064127960122,0.0176945334438445,0.002433757999824593,1
13.75257134437561,0.007220658008009195,-0.03435058891773224,0.4082033038139343,-0.012317435764637301,0.02251770948461846,0.006180766488498367,0.01255119029837104,-0.028668279190612544,-0.2025355283347383,-0.016486184671521187,-0.029046546667814265,-0.09547319263219833,0.09124619786093027,0.27329410632012857,25.886346210221724,-0.026570155171592846,0.09591626413849812,0.017692489662473436,0.0011334489990986185,1
13.762476444244385,0.00704800384119153,-0.03411143273115158,0.40824034810066223,-0.015430694697662362,0.025954684122947783,0.007653888320929496,0.01244979930138923,-0.028889601326599568,-0.20392192303180057,-0.014604935422539711,-0.01025615818798543,-0.09189176559448242,0.09412420624328591,0.27878391029458555,25.89343745603489,-0.0284584601748179,0.0987304592372138,0.01777715648907764,0.003925791001165635,1
13.772228956222534,0.00704800384119153,-0.03411143273115158,0.40824034810066223,-0.015430694697662362,0.025954684122947783,0.007653888320929496,0.01244979930138923,-0.028889601326599568,-0.20392192303180057,-0.014604935422539711,-0.01025615818798543,-0.09189176559448242,0.10368935649083248,0.2747068571212897,25.890398333040288,-0.02880278169280599,0.09038751968754341,0.017871490153841738,0.000868595001520589,1
13.782485008239746,0.006644022185355425,-0.0336797721683979,0.4083003103733063,-0.02051197510172003,0.02251679295294149,0.0071481233190362915,0.012315102240036957,-0.02890648156108755,-0.20556113294899436,-0.007172074168920517,0.007100298069417466,-0.08372653275728226,0.1054209934290837,0.28908097775700375,25.89627383625221,-0.03156985356334287,0.09014698818684858,0.01787910197068087,0.004246591000992339,1
13.793273687362671,0.006644022185355425,-0.0336797721683979,0.4083003103733063,-0.02051197510172003,0.02251679295294149,0.0071481233190362915,0.012315102240036957,-0.02890648156108755,-0.20556113294899436,-0.007172074168920517,0.007100298069417466,-0.08372653275728226,0.12095290562204865,0.28998784931011223,25.891750703236987,-0.03247076805831115,0.0820502949837103,0.01795492488222234,0.0009329929998784792,1
13.802511930465698,0.006644022185355425,-0.0336797721683979,0.4083003103733063,-0.02051197510172003,0.02251679295294149,0.0071481233190362915,0.012315102240036957,-0.02890648156108755,-0.20556113294899436,-0.007172074168920517,0.007100298069417466,-0.08372653275728226,0.1303694985200875,0.2905412492213833,25.891061889204753,-0.03248983776403375,0.08186944224068247,0.017974717444017376,0.0023891960008768365,1
13.812568187713623,0.006191893480718136,-0.03325860947370529,0.4082944393157959,-0.022901147781662835,0.015461308663648742,0.004151432798225789,0.012191967605835963,-0.028431488793419835,-0.20719279660421597,-0.0014605438336730003,0.02298411540687083,-0.08150237053632736,0.13871509274965085,0.3071211614232829,25.898719034928504,-0.03561316772699523,0.07270606676234198,0.018082643510489323,0.0008063630011747591,1
13.82251763343811,0.005636559333652258,-0.032820526510477066,0.40825051069259644,-0.018381394584477673,0.013128689338333948,-0.003830031709369266,0.012267914167111371,-0.028182521606757494,-0.2077945794222802,0.0037055914290249348,0.05043155699968337,-0.07579845935106277,0.13449539266112992,0.32046450899096574,25.921002574847545,-0.03845572424934053,0.0577809097404854,0.018129189976669232,0.002352178000364802,1
13.832520961761475,0.0053350310772657394,-0.0326421856880188,0.40822339057922363,-0.029671139745270386,0.01890009676332137,0.004280877264319147,0.012283611964263752,-0.027370304935447454,-0.2091514464600781,0.006242149043828249,0.06825550645589827,-0.06792691349983217,0.15598144089612292,0.3197013254786547,25.902813971237602,-0.03940014002419708,0.04742034088295858,0.01816849783155897,0.0008016140000108862,1
13.842520236968994,0.005012268666177988,-0.03241664171218872,0.4081742763519287,-0.021359502924507126,0.015579904794820184,-0.007016102816784193,0.012341952812271018,-0.026903536761004876,-0.20960053870669837,0.005468178074806929,0.06910093128681181,-0.058870472013950355,0.1521862983970407,0.32354201966301677,25.93011960951447,-0.039304185780424224,0.04472788961548413,0.018144827427585348,0.0023485470010200515,1
13.852518320083618,0.00471242843195796,-0.03224490210413933,0.408077597618103,-0.028528770424177268,0.012039742446300067,-0.001330150991274482,0.012363670408352068,-0.026423806737907896,-0.21053204908462098,0.009231681004166603,0.08073249459266661,-0.059721086174249656,0.16211139411388117,0.33648777485711967,25.919363736313088,-0.04167603952631558,0.03807472141729822,0.018210991766841312,0.0008055950002017198,1
13.86252474784851,0.004335877951234579,-0.03204062581062317,0.4080277681350708,-0.029990824905535042,0.017459414234284217,-0.003876208901440048,0.012538964438158828,-0.025163398005242588,-0.21104152304755353,0.004869739059358835,0.06485090404748915,-0.0692756474018097,0.17388372811658873,0.3329760423459993,25.92447910117039,-0.039355701215231916,0.04423561815231514,0.018317524944331528,0.0023954829994181637,1
13.872558355331421,0.004335877951234579,-0.03204062581062317,0.4080277681350708,-0.029990824905535042,0.017459414234284217,-0.003876208901440048,0.012538964438158828,-0.025163398005242588,-0.21104152304755353,0.004869739059358835,0.06485090404748915,-0.0692756474018097,0.18210407809858742,0.33056189983202716,25.92537205219415,-0.03955977605142326,0.04258874006923888,0.0183447589159252,0.0008942980002757395,1
13.882558107376099,0.003636399284005165,-0.031685151159763336,0.407816082239151,-0.0338838655140999,0.014148029301274295,-0.0024312120561667304,0.012833271924924894,-0.022745704537804556,-0.2125178764878064,0.017872333526611328,0.11831424385309218,-0.06443599611520769,0.17140379515360937,0.34444715494432854,25.939885412034837,-0.04210357241617759,0.027283576296396852,0.01829186827676434,0.0030285600005299784,1
13.892549514770508,0.0032428763806819916,-0.031488630920648575,0.4077187776565552,-0.028631537756655525,0.0111712569109743,-0.009139894567062972,0.013006013168718855,-0.022081643931725292,-0.21305395809639505,0.017737850546836853,0.10258883237838744,-0.05706024914979936,0.18093923304208226,0.3475546593018532,25.924435735787828,-0.04715099243357519,0.009030560877614124,0.0184376639567682,0.0027450579982541967,1
13.902531147003174,0.0032428763806819916,-0.031488630920648575,0.4077187776565552,-0.028631537756655525,0.0111712569109743,-0.009139894567062972,0.013006013168718855,-0.022081643931725292,-0.21305395809639505,0.017737850546836853,0.10258883237838744,-0.05706024914979936,0.17664273166253572,0.3543560820418582,25.940197476022483,-0.04782318219093156,0.01416811347137394,0.018449121873723585,0.0008007750002434477,1
13.912516355514526,0.0024491664953529835,-0.031152164563536644,0.4075089991092682,-0.03264222989091881,0.009094900716020727,-0.006968961195023832,0.01316961030474273,-0.02068410301864132,-0.21359191144675682,0.01751619018614292,0.11620277911424637,-0.050344191491603865,0.1809492574262706,0.36449499598692436,25.93745650897834,-0.04839822027059141,0.0038471425123013745,0.018439654596509987,0.002560457000072347,1
13.9225435256958,0.002053486183285713,-0.03099774569272995,0.40740761160850525,-0.032823596231448794,0.008133657993149192,-0.005796303957073074,0.013659554218297565,-0.01852868341406566,-0.21453452426471564,0.029065540060400963,0.10638445615768433,-0.042238507419824614,0.18119019390167687,0.37449400163914914,25.93430345571975,-0.05559360783839083,0.00240473610869007,0.018445567318790473,0.0008060840009420644,1
13.932509183883667,0.0016406725626438856,-0.03085029311478138,0.40731939673423767,-0.034504287008105226,0.005403811816084888,-0.003436921146700876,0.013659554218297565,-0.01852868341406566,-0.21453452426471564,0.029065540060400963,0.10638445615768433,-0.042238507419824614,0.185207542384114,0.38693220837252984,25.92788020594762,-0.055968755839999204,0.0024980462760991577,0.018440855989025767,0.0024220930008596042,1
13.942468404769897,0.0011976428795605898,-0.030709149315953255,0.407256156206131,-0.03622418250556937,0.006544006689690703,-0.0022096799656074534,0.013988049696008531,-0.016976652782229262,-0.21507047065810792,0.025797275826334953,0.1016281247138977,-0.03947001323103906,0.19086654731715874,0.3928414640851665,25.923902764932162,-0.05519614706561784,0.0006227931702843903,0.01844438605572397,0.0008017529999051476,1
13.952524423599243,0.0007557834032922983,-0.03057796135544777,0.40719959139823914,-0.034233990954754205,0.004007424676227665,0.0005549741020243346,0.014277811567815046,-0.01609019583491822,-0.21547488537064163,0.029035257175564766,0.09165768325328827,-0.04386757314205171,0.18899986503397292,0.40151659181657395,25.91623863914246,-0.05782900408439821,0.002789263292247005,0.018506263966931533,0.002454151999700116,1
13.962447881698608,0.0003280086675658822,-0.03045307844877243,0.4071698784828186,-0.033519349858580884,0.0038253810672171187,0.0013579630372221464,0.014523876033192717,-0.01523080074978811,-0.21581526648768357,0.026408078148961067,0.07851685583591461,-0.031578235328197486,0.18607979591866122,0.4069719556988049,25.91301525041307,-0.056905812231906217,0.008073581711750788,0.01844396312724183,0.0008415659995080205,1
13.97252607345581,-9.021718142321333e-05,-0.030336672440171242,0.40714532136917114,-0.03369764617869479,0.0008718915074323051,0.0026454169187495407,0.01477312087706828,-0.014653836801226117,-0.21610594480180856,0.023575924336910248,0.0618167333304882,-0.03234728798270226,0.1851074071817321,0.41698836350911683,25.9092192290666,-0.05649101116388883,0.01444652546786256,0.018439612599710553,0.002557732999775908,1
13.982295751571655,-9.021718142321333e-05,-0.030336672440171242,0.40714532136917114,-0.03369764617869479,0.0008718915074323051,0.0026454169187495407,0.01477312087706828,-0.014653836801226117,-0.21610594480180856,0.023575924336910248,0.0618167333304882,-0.03234728798270226,0.18559222921319388,0.42296275210199946,25.908718300944834,-0.056799471780482,0.013779747707478038,0.018434527984788455,0.0008810280014586169,1
13.992568254470825,-0.0005331130814738572,-0.03022625483572483,0.4071541130542755,-0.037395663435699125,0.0012475344329931457,0.006906759399493425,0.015198975593371689,-0.013831765002574326,-0.21668520873594987,0.025364788249135017,0.04403147846460342,-0.0386791080236435,0.19540613039813012,0.4279174112357621,25.89734810156289,-0.05898811599859082,0.020642936404471963,0.018504748255220676,0.0009421419999853242,1
14.00244927406311,-0.0014359916094690561,-0.03002501092851162,0.4072095453739166,-0.03638355808538497,-0.004378673845051944,0.008844595352310714,0.015712666736577674,-0.013347256408767993,-0.21731710367600998,0.03331536799669266,0.011874858289957043,-0.032525304704904556,0.19915528909216756,0.43318893558462845,25.89587311564521,-0.05966836122601013,0.02751014329098582,0.018481513390172972,0.0029220460000942694,1
14.012495040893555,-0.0014359916094690561,-0.03002501092851162,0.4072095453739166,-0.03638355808538497,-0.004378673845051944,0.008844595352310714,0.015712666736577674,-0.013347256408767993,-0.21731710367600998,0.03331536799669266,0.011874858289957043,-0.032525304704904556,0.20375491612864657,0.4476231178769795,25.890067635566663,-0.06495914007023725,0.0353677510904796,0.018499322599238883,0.0008847989993228111,1
14.02249002456665,-0.001896975445561111,-0.029941100627183914,0.4072594940662384,-0.03567122668100861,-0.0032128730039642467,0.01019938380807377,0.015983692036535047,-0.013291385235266517,-0.21768643640423058,0.03019409440457821,0.004569569602608676,-0.03597470000386238,0.20770233168288665,0.45352554944581835,25.88545871977589,-0.06413957756888902,0.03896020748755808,0.01854364777931019,0.0026810099989234004,1
14.032642841339111,-0.0027929646894335747,-0.02979239448904991,0.40736210346221924,-0.03705993294817664,-0.005294354148999347,0.01161076128352335,0.016244464664453062,-0.013381186685907487,-0.21798345595580226,0.023443711921572685,-0.014531282708048824,-0.025897776708006855,0.21750968321553998,0.46237694003975754,25.880636531102322,-0.0617598024728557,0.04896107117375492,0.018481167250460513,0.0007950489998620469,1
14.042537927627563,-0.00323936203494668,-0.02972586452960968,0.40741583704948425,-0.03298857085501215,-0.007465253285858839,0.007546117393926968,0.0167053237980217,-0.01365771600011767,-0.21847595519156648,0.026395753026008606,-0.028993705287575725,-0.034612040966749184,0.2172643486374399,0.4725657007815489,25.890402677263022,-0.06464256533083125,0.0567246102121402,0.01855622168829467,0.0023520390004705405,1
14.05254578590393,-0.003688113298267126,-0.02969084121286869,0.40745973587036133,-0.037385095016068653,-0.009731406652761803,0.009753088414269282,0.01695879244406928,-0.014019102101606506,-0.2188490736487707,0.02737717144191265,-0.028412589803338054,-0.03778297826647758,0.22797803713331105,0.48647926038445705,25.885777576163566,-0.06619623863872501,0.05798280516169258,0.018619943094825966,0.0007921140004327754,1
14.062520265579224,-0.0041544437408447266,-0.02964599058032036,0.40752384066581726,-0.035357117557889665,-0.007925293192352797,0.008887113131825128,0.017250779729400367,-0.014420963059419645,-0.2191709277208389,0.030809717252850533,-0.053489521145820625,-0.02945598401129245,0.23572364480631078,0.49106823726142,25.88713916891755,-0.06854285882422649,0.07154176512490663,0.018579252261081966,0.0025205050005752128,1
14.072758674621582,-0.004593662451952696,-0.029618162661790848,0.40755465626716614,-0.03598016527846579,-0.012550583862829536,0.006628700891524469,0.017547107878149948,-0.015233933296071811,-0.21953256447299152,0.03272504732012749,-0.05817120149731637,-0.0346212089061737,0.24354365147837367,0.5059697292031279,25.89306774545667,-0.07083411508197823,0.07641052515264618,0.018628698769097105,0.0007916260001366027,1
14.08262324333191,-0.005069555249065161,-0.02961345948278904,0.40760013461112976,-0.037872727901370466,-0.010585462060656184,0.008830945037286804,0.017855376541986878,-0.015735467725191743,-0.2199171201608694,0.035294100642204285,-0.0736103504896164,-0.036933116614818566,0.25627979615687557,0.5121958391286243,25.888073965793897,-0.07245528663933633,0.08514634433748347,0.018669082557692472,0.002357695999307907,1
14.09228253364563,-0.005519187077879906,-0.029590781778097153,0.40762776136398315,-0.032075375263947915,-0.01184921267421711,0.0022927772009882735,0.018237269571756975,-0.016707731419987937,-0.22025812593764194,0.036760009825229645,-0.08007676899433136,-0.037072554230689996,0.2649715903624543,0.5161430938396308,25.887177495308837,-0.07289398276335887,0.0859710266896342,0.018680371125011135,0.0010536850004427833,1
14.102457523345947,-0.005952109582722187,-0.029603909701108932,0.4076301157474518,-0.03550127543671678,-0.015932885252519076,0.003664315832540571,0.018780193824242453,-0.018007071262867935,-0.22085984284143167,0.0347927063703537,-0.0921647772192955,-0.04119902849197386,0.26196193174859334,0.520853562077825,25.904157631558608,-0.07473026432865382,0.09146531570874475,0.01870813516875367,0.0028702899999188958,1
14.112327575683594,-0.005952109582722187,-0.029603909701108932,0.4076301157474518,-0.03550127543671678,-0.015932885252519076,0.003664315832540571,0.018780193824242453,-0.018007071262867935,-0.22085984284143167,0.0347927063703537,-0.0921647772192955,-0.04119902849197386,0.2708139371274658,0.5357426676676204,25.90290848265063,-0.07584021795298287,0.10157544197378122,0.018770635413526388,0.0008024520011531422,1
14.12244725227356,-0.006876714527606964,-0.02961733192205429,0.40763047337532043,-0.03567763777850538,-0.018957147693204317,0.0005840050708902869,0.019461231835870674,-0.020302425296643722,-0.22168047703155258,0.03588944301009178,-0.1108660101890564,-0.04237880557775496,0.28710436814275936,0.5388658780778944,25.906505602768732,-0.07686713887838464,0.11184985765359379,0.018790797457813983,0.002815600999383605,1
14.132326602935791,-0.006876714527606964,-0.02961733192205429,0.40763047337532043,-0.03567763777850538,-0.018957147693204317,0.0005840050708902869,0.019461231835870674,-0.020302425296643722,-0.22168047703155258,0.03588944301009178,-0.1108660101890564,-0.04237880557775496,0.2953175967628678,0.5565241193888041,25.911185965486037,-0.07867085087744288,0.1177989671645064,0.018838287412346156,0.0008143249997374369,1
14.142439603805542,-0.007354729808866978,-0.02965403161942959,0.40760722756385803,-0.0394086726088609,-0.015718167619032657,0.00044926351609907075,0.01995971711839406,-0.02206971623943499,-0.22245547902651852,0.0319981649518013,-0.12286808341741562,-0.05364383012056349,0.3167053891601579,0.5632231593168666,25.912194961853547,-0.07800924017393962,0.12935196492440218,0.018961236547824282,0.0025155460007226793,1
14.152327060699463,-0.008282680064439774,-0.029696134850382805,0.40751317143440247,-0.037041436769126315,-0.018759403688140778,-0.002985788930587349,0.020257496119227003,-0.023325350775349918,-0.22300096008225445,0.02744804508984089,-0.12922191619873047,-0.05318364873528479,0.33037989474002716,0.5749154128038446,25.92162717620042,-0.07684784015466695,0.1360612877299779,0.019019666546953324,0.0008032200003071921,1
14.162415027618408,-0.009191442281007767,-0.02980346605181694,0.40737462043762207,-0.036135316112889,-0.021691113196436306,-0.007288928690480838,0.020589728947043806,-0.02567496296071825,-0.22415920510307252,0.015019260346889496,-0.11897550523281099,-0.06367190182209014,0.33811815955525953,0.5876264565663423,25.932300337032842,-0.07269139990399029,0.13153707643121457,0.01911977440892334,0.002504858999600401,1
14.17221188545227,-0.009191442281007767,-0.02980346605181694,0.40737462043762207,-0.036135316112889,-0.021691113196436306,-0.007288928690480838,0.020589728947043806,-0.02567496296071825,-0.22415920510307252,0.015019260346889496,-0.11897550523281099,-0.06367190182209014,0.34836911145976385,0.5977354231351713,25.936269205654824,-0.07181124385105542,0.13757456190380846,0.019207357058666337,0.0008398190002480987,1
14.182476043701172,-0.009647112339735031,-0.029854342341423035,0.40730249881744385,-0.038130663678623146,-0.0191434835354891,-0.005387904743827256,0.0206780443669885,-0.026800365887930777,-0.2248929096137786,0.005632992368191481,-0.11764588207006456,-0.06753116101026534,0.36290584487802313,0.598540171833794,25.93184353934918,-0.06708225131087006,0.13889593565253483,0.01928873180771133,0.0030905120001989417,1
14.192353010177612,-0.010133999399840832,-0.029934529215097427,0.40724608302116394,-0.03845057332168729,-0.02469302195627308,-0.005181299772750714,0.02064096800603954,-0.028384677988109175,-0.22574256204199727,-0.0035896957851946354,-0.09233426302671434,-0.06991444528102873,0.3725845137907017,0.599405547078477,25.93136437956148,-0.06713375455119772,0.14043822371035225,0.019312687010005613,0.001733139999487321,1
14.202314615249634,-0.010133999399840832,-0.029934529215097427,0.40724608302116394,-0.03845057332168729,-0.02469302195627308,-0.005181299772750714,0.02064096800603954,-0.028384677988109175,-0.22574256204199727,-0.0035896957851946354,-0.09233426302671434,-0.06991444528102873,0.3792477691769494,0.6125108010363096,25.93082925507169,-0.06298414633483408,0.13228460324006608,0.019408560116211327,0.0012772600002790568,1
14.212541818618774,-0.0110631063580513,-0.030084816738963127,0.4071296155452728,-0.03846031106335289,-0.027439556050396052,-0.003994268074905687,0.020438529135411887,-0.0300017863590174,-0.22731107340634216,-0.012865033000707626,-0.07735962420701982,-0.07146602869033812,0.3835616005527585,0.6091798448332796,25.931650970740886,-0.059417893948936255,0.13235516458950874,0.0194596592967357,0.0024663750009494834,1
14.222839832305908,-0.0110631063580513,-0.030084816738963127,0.4071296155452728,-0.03846031106335289,-0.027439556050396052,-0.003994268074905687,0.020438529135411887,-0.0300017863590174,-0.22731107340634216,-0.012865033000707626,-0.07735962420701982,-0.07146602869033812,0.38970851883082785,0.6248141647095993,25.928065434849987,-0.05794454905867897,0.1292558292245005,0.019557564930024456,0.000965959001405281,1
14.232221841812134,-0.01201900839805603,-0.030288077890872955,0.40706104040145874,-0.03485577543948669,-0.02357114311715364,-0.0032158309715069194,0.02024575390307648,-0.03064674191577277,-0.22799658290596403,-0.027010854333639145,-0.05737444758415223,-0.0740775167942047,0.3904170097221228,0.6238253292220147,25.925805798921147,-0.04989825537878531,0.1208522950420526,0.019645048750148445,0.0008883609989425167,1
14.24249529838562,-0.013010457158088684,-0.03054066002368927,0.4070335030555725,-0.038878526529030184,-0.02209266277440361,1.4701730656080212e-06,0.019635563403345824,-0.03142886411751933,-0.23003484601661883,-0.027888599783182144,-0.019847985357046138,-0.0791158676147461,0.39949887299006814,0.6493718196271416,25.917209518935184,-0.049558144063016625,0.1035411008904463,0.019865133638260504,0.0034291219999431632,1
14.252299547195435,-0.013010457158088684,-0.03054066002368927,0.4070335030555725,-0.038878526529030184,-0.02209266277440361,1.4701730656080212e-06,0.019635563403345824,-0.03142886411751933,-0.23003484601661883,-0.027888599783182144,-0.019847985357046138,-0.0791158676147461,0.40707544051160083,0.6376983287864184,25.91568372397782,-0.04747807932375356,0.10429926386495571,0.019910918977706353,0.0008046180009841919,1
14.262475728988647,-0.01347210630774498,-0.030626598745584488,0.4069976508617401,-0.03528083068616455,-0.030998275390391586,-0.004156262944298759,0.019271867309306856,-0.03166706546047182,-0.23089891153069164,-0.03399309515953064,-0.01349807158112527,-0.08341405540704727,0.40180099714749784,0.6491013373431779,25.926535515620557,-0.044161261309539075,0.10132244053915389,0.020024131922365292,0.002387868998994236,1
14.272496223449707,-0.01347210630774498,-0.030626598745584488,0.4069976508617401,-0.03528083068616455,-0.030998275390391586,-0.004156262944298759,0.019271867309306856,-0.03166706546047182,-0.23089891153069164,-0.03399309515953064,-0.01349807158112527,-0.08341405540704727,0.3985963576093626,0.6559866982558352,25.928143792941235,-0.04408070073003115,0.10128450546239268,0.020051336960983684,0.0008049659991229419,1
14.282227516174316,-0.014472685754299164,-0.030881749466061592,0.4069666862487793,-0.036384367099098903,-0.025563829275865202,-0.0031696574142285544,0.01856052900787608,-0.031127593381208296,-0.23262724854157701,-0.04261806234717369,0.027439260855317105,-0.09375256299972534,0.39831378461041494,0.6471523078198913,25.925865167888045,-0.03824008095692119,0.08025661583506823,0.020266009264940366,0.0025908389998221537,1
14.292483568191528,-0.014940876513719559,-0.0310283862054348,0.40692687034606934,-0.038754817502560726,-0.034608397047401686,-0.0018994653260312661,0.017887145680215877,-0.03054301424793815,-0.23406721226928973,-0.04494344815611839,0.04101711511611937,-0.09396563470363617,0.39960200678693053,0.6638986917380829,25.92231770395848,-0.03499984120057439,0.07075725455095483,0.020428873988163614,0.0008105540000542533,1
14.302446603775024,-0.015460639260709286,-0.031164903193712234,0.4069250822067261,-0.04120266820526502,-0.026298010505637914,0.0008524375376070371,0.017680213470562922,-0.03013611933700444,-0.23454133629190688,-0.05111461877822876,0.05675215274095534,-0.10342601686716081,0.40040728566084594,0.6740333660464287,25.92178032149504,-0.03490909961919116,0.07058504975744792,0.020468270589238103,0.0028012130005663494,1
14.312495708465576,-0.015942499041557312,-0.03129049763083458,0.40690290927886963,-0.03457149555896746,-0.03220041004924942,-0.003349730903175551,0.0169447823066049,-0.029434346042320758,-0.23600927317191056,-0.0482618473470211,0.08241692185401915,-0.09201095998287202,0.4096560164361443,0.6626100444964478,25.914478341218683,-0.03054844955390254,0.061951963511849395,0.020573574682841482,0.0010363639994466212,1
14.322454929351807,-0.016422342509031296,-0.03143608942627907,0.40688538551330566,-0.04036695131816981,-0.02938150252271717,0.0016346987267231855,0.01647900701500271,-0.028332703319800867,-0.23695976143025987,-0.049917466938495636,0.08423964679241179,-0.09290180355310441,0.3964589330909889,0.6658838709122916,25.924686864238215,-0.030104233344651003,0.046288742232558286,0.020654334634333103,0.0028752489997714292,1
14.332317352294922,-0.016422342509031296,-0.03143608942627907,0.40688538551330566,-0.04036695131816981,-0.02938150252271717,0.0016346987267231855,0.01647900701500271,-0.028332703319800867,-0.23695976143025987,-0.049917466938495636,0.08423964679241179,-0.09290180355310441,0.40071136661459267,0.6639245679399673,25.913109850472587,-0.02783100731217345,0.04256935112196699,0.020724755022556177,0.0007929530002002139,1
14.342459440231323,-0.017405642196536064,-0.03168675675988197,0.40688928961753845,-0.03632112644721414,-0.029978091947999365,0.001032197137543761,0.01597562704631983,-0.02768796701049636,-0.23790690062541087,-0.05288958176970482,0.09581008553504942,-0.1079780086874962,0.39528308308704035,0.6628455340046675,25.9130778579188,-0.024899233803799034,0.03450388075130813,0.020930200702442007,0.002465396999468794,1
14.352339267730713,-0.017899164929986,-0.03181986138224602,0.40690234303474426,-0.03780411178553755,-0.03210922711085778,0.0018399916705573401,0.01494443311418081,-0.02559869494105005,-0.23989675626589557,-0.047917839139699936,0.11187787353992461,-0.10315804183483125,0.38971225693630146,0.6671614115614005,25.910998949450875,-0.02451761086637999,0.020481824995319843,0.021097493491206553,0.0008143959985318361,1
14.362434387207031,-0.018376754596829414,-0.03196483477950096,0.4069139063358307,-0.033507227847401594,-0.030272120680665277,0.0015771549765978311,0.01494443311418081,-0.02559869494105005,-0.23989675626589557,-0.047917839139699936,0.11187787353992461,-0.10315804183483125,0.3796640065142611,0.6644232625553947,25.91142521926802,-0.02426061349320883,0.019928697739286627,0.02113934602195411,0.0026330260006943718,1
14.372242450714111,-0.018376754596829414,-0.03196483477950096,0.4069139063358307,-0.033507227847401594,-0.030272120680665277,0.0015771549765978311,0.01494443311418081,-0.02559869494105005,-0.23989675626589557,-0.047917839139699936,0.11187787353992461,-0.10315804183483125,0.3735933983152853,0.6627644631936718,25.911496280981048,-0.024264237610862213,0.019945784908161,0.02114925568016478,0.0008641950007586274,1
14.38248062133789,-0.01930457539856434,-0.032241225242614746,0.4069381058216095,-0.03531157971554157,-0.03712891785936955,0.0029007254615453296,0.013733544939181108,-0.022671839576256847,-0.24254747216387074,-0.0479215607047081,0.12492460757493971,-0.11003181338310243,0.36554428032236563,0.6777231290278218,25.908054774884974,-0.0214405816437135,0.005093256406843974,0.021389867557172596,0.0035851560005539795,1
14.392303943634033,-0.019772235304117203,-0.03236406296491623,0.4069570302963257,-0.032369413298699426,-0.026456535445703776,0.0025037674534391487,0.013346056061475764,-0.021380275636481816,-0.24362751217871903,-0.049226269125938416,0.12292409688234328,-0.10760007798671724,0.3591889332970609,0.6615661043983183,25.908704647314586,-0.01853392532367327,0.0021475095243293314,0.02148914336457341,0.0008242430012614932,1
14.402482748031616,-0.020204555243253708,-0.03247760608792305,0.40695661306381226,-0.029087840709039817,-0.037742487036049675,-0.0002172761957413783,0.012926093719521248,-0.02014430068177253,-0.24475171718727307,-0.03797004371881485,0.13239099085330963,-0.11278390139341356,0.34028028259144216,0.6765794210122805,25.916009790529802,-0.023840316799324253,-0.006694084715550718,0.021668583707557667,0.0033727570007613394,1
14.412231683731079,-0.020204555243253708,-0.03247760608792305,0.40695661306381226,-0.029087840709039817,-0.037742487036049675,-0.0002172761957413783,0.012926093719521248,-0.02014430068177253,-0.24475171718727307,-0.03797004371881485,0.13239099085330963,-0.11278390139341356,0.3288575686058205,0.6856228024142489,25.917094138682288,-0.023895744060947622,-0.0067923447770111755,0.02170441934654174,0.000969032000284642,1
14.422573566436768,-0.021045677363872528,-0.03274129703640938,0.4069795608520508,-0.02513293045191303,-0.027239353683320804,0.0008669053091409785,0.01193345380191202,-0.017042000986285277,-0.24754384608765712,-0.039155710488557816,0.12049628049135207,-0.11784157156944276,0.31473026659107134,0.6648668059788807,25.914653585718952,-0.020193647730323217,-0.007384759055574137,0.021917034693119074,0.002328500000658096,1
14.432523012161255,-0.021045677363872528,-0.03274129703640938,0.4069795608520508,-0.02513293045191303,-0.027239353683320804,0.0008669053091409785,0.01193345380191202,-0.017042000986285277,-0.24754384608765712,-0.039155710488557816,0.12049628049135207,-0.11784157156944276,0.3072918922430774,0.652830703075714,25.914270040225873,-0.019361634458566937,-0.00979709804857212,0.021973047266180476,0.0008074809993559029,1
14.442528486251831,-0.02189001999795437,-0.03300337493419647,0.40700575709342957,-0.024438999796898165,-0.026422396062828663,0.0026272253355016867,0.011560922577965371,-0.01586957917624421,-0.24861673017470975,-0.02994227036833763,0.11702722311019896,-0.11658342927694322,0.3022269522879698,0.6451680022219787,25.909547036114184,-0.022796676334169076,-0.011450495027492484,0.02205462623715216,0.002397438000116381,1
14.452523231506348,-0.022260243073105812,-0.03311396762728691,0.40700849890708923,-0.020506049968604674,-0.036745349783517525,0.00071117323000252,0.011013787293724153,-0.013813798834201751,-0.2509065625709903,-0.028115365654230118,0.08752422034740447,-0.11506259441375734,0.28385975970270144,0.6615417246076009,25.91397341229557,-0.023063568310141,-0.0032162620486238334,0.02220727252350312,0.0008010549991013249,1
14.462515830993652,-0.022643236443400383,-0.03326801955699921,0.4070306718349457,-0.023489416759396177,-0.029923689378165256,0.00585753180505897,0.011013787293724153,-0.013813798834201751,-0.2509065625709903,-0.028115365654230118,0.08752422034740447,-0.11506259441375734,0.2839837418917206,0.6584174017054149,25.9010084748908,-0.022505468938538546,-0.0025763849101281336,0.02223509820456524,0.002413082998828031,1
14.47255539894104,-0.022643236443400383,-0.03326801955699921,0.4070306718349457,-0.023489416759396177,-0.029923689378165256,0.00585753180505897,0.011013787293724153,-0.013813798834201751,-0.2509065625709903,-0.028115365654230118,0.08752422034740447,-0.11506259441375734,0.2840724981255086,0.6565407579572053,25.89908726451421,-0.022500900476563855,-0.0025670016702393243,0.02224340258226179,0.0007991689999471419,1
14.48247742652893,-0.02333219349384308,-0.03348199650645256,0.4070706367492676,-0.020092800561074948,-0.03796057754688473,0.005667828933202829,0.010597327707214443,-0.011834012268695293,-0.25384137151632835,-0.007149221375584602,0.06082193180918692,-0.12145626544952394,0.2719735200023948,0.6741008063442928,25.89919399497192,-0.03238465469552575,0.004604353493852166,0.022494258912526814,0.0023640519993932685,1
14.492711067199707,-0.023685596883296967,-0.03359096124768257,0.40710708498954773,-0.015805316715195625,-0.025850748938707768,0.004197229193404061,0.010663466235804275,-0.011067976600246165,-0.2549246949242856,-0.010617895051836967,0.05161486193537711,-0.12310861796140671,0.2625261483881053,0.6561684394880569,25.903069788931806,-0.029750088852007455,0.007075670838844399,0.02262400019569286,0.0008001469996088417,1
14.502476453781128,-0.02398347109556198,-0.03369820863008499,0.40711358189582825,-0.013053714624243285,-0.03790144514525405,0.002340164606880143,0.010514804817030043,-0.010500453616408834,-0.25682329026292416,-0.0056309266947209835,0.04224072024226187,-0.12445160001516342,0.25681596243595667,0.6453294025813252,25.903654032150403,-0.029752953453377563,0.007141927783899018,0.02266014181961659,0.002858207000826951,1
14.512313842773438,-0.02398347109556198,-0.03369820863008499,0.40711358189582825,-0.013053714624243285,-0.03790144514525405,0.002340164606880143,0.010514804817030043,-0.010500453616408834,-0.25682329026292416,-0.0056309266947209835,0.04224072024226187,-0.12445160001516342,0.24065749910117862,0.6651552613497488,25.90857891522346,-0.032873368610963793,0.009681133913564609,0.022812463594778076,0.0007845020008971915,1
14.52245807647705,-0.024566270411014557,-0.03390885889530182,0.4071349799633026,-0.006863901910350961,-0.02925616500766713,0.0004502294149669209,0.010823386446226824,-0.009732965462573961,-0.25920735412428675,0.01802986115217209,0.03849008679389952,-0.11699157953262329,0.23676328445625003,0.6644797378008334,25.904004752491428,-0.04289455832036604,0.006500955598691259,0.02286769279406525,0.0029689109996979823,1
14.532509565353394,-0.024822166189551353,-0.03405560925602913,0.4071291387081146,-0.011030191907954534,-0.038661199605622004,0.003539151390043473,0.01103950674315346,-0.009321377708729983,-0.2603756805973312,0.01854678988456726,0.02329655177891253,-0.12338101118803024,0.22034464027163048,0.6582506946654709,25.91356193412339,-0.04468448475076942,0.009083123204909336,0.02296831573547895,0.0010060499989776872,1
14.542304992675781,-0.02527095004916191,-0.03424445539712906,0.40710580348968506,-0.0013754091114501976,-0.039233349375618884,-0.0011952144258359453,0.011351346056759581,-0.009191021660726051,-0.26160169926572374,0.029745012521743774,0.025698704645037637,-0.12229893356561661,0.21479191214141613,0.6789228194350776,25.906768148736848,-0.0466430778533958,0.015728113982167446,0.023110008558749492,0.00257603200043377,1
14.552505493164062,-0.02527095004916191,-0.03424445539712906,0.40710580348968506,-0.0013754091114501976,-0.039233349375618884,-0.0011952144258359453,0.011351346056759581,-0.009191021660726051,-0.26160169926572374,0.029745012521743774,0.025698704645037637,-0.12229893356561661,0.19088985776847242,0.6903671449615831,25.91830951104736,-0.052851734725696514,0.013418890217549018,0.023235877221614357,0.0007956070003274363,1
14.562438488006592,-0.025655075907707214,-0.03443814814090729,0.4070751965045929,0.0041556388077170665,-0.030550900845588,-0.0032275242954299074,0.012018557100851979,-0.008704891231363199,-0.26397450422183777,0.03294071927666664,0.01806070655584334,-0.12232392281293869,0.1877057183126813,0.6799632956264454,25.91203233529904,-0.0556704446502249,0.016345964267461016,0.023400203748634607,0.002507024999431451,1
14.572232007980347,-0.025655075907707214,-0.03443814814090729,0.4070751965045929,0.0041556388077170665,-0.030550900845588,-0.0032275242954299074,0.012018557100851979,-0.008704891231363199,-0.26397450422183777,0.03294071927666664,0.01806070655584334,-0.12232392281293869,0.16799359042671722,0.6715878938004642,25.924589128669083,-0.055584070437607346,0.015649260498276328,0.023456271479383867,0.0008910849992389558,1
14.582311391830444,-0.025806637480854988,-0.03456100448966026,0.40704238414764404,0.0007453139467354598,-0.03796527141005834,-0.00010383700196757992,0.012436095550569348,-0.008901087708193867,-0.2658624172605504,0.04431235045194626,0.005204776301980004,-0.11859755963087082,0.16043095126197743,0.6871805675846152,25.91821338018659,-0.06326702911337032,0.022800135165413855,0.023559293420077145,0.002601874999527354,1
14.592339277267456,-0.025973480194807053,-0.034633539617061615,0.40703636407852173,0.005061818468253695,-0.026350414446554744,-0.0013016192750874207,0.012972174963556071,-0.008710833147859365,-0.2670515476080788,0.04185452684760094,-0.006962199229747072,-0.12178311496973038,0.1543332181192199,0.6698171997341409,25.92051446733556,-0.06251836330495625,0.028373338525653494,0.023672612342674065,0.0008037090010475367,1
14.60248851776123,-0.0260753333568573,-0.03471488505601883,0.40700066089630127,0.008960132469924595,-0.03974946215894908,-0.003008922329880969,0.013269645629834237,-0.009063721562180937,-0.2683904796982546,0.04171084240078926,-0.011547006666660324,-0.12651877105236053,0.13509469096493598,0.6879664912999733,25.925387625882284,-0.06449161059435317,0.031097687959303535,0.02383400323670492,0.0034553830009826925,1
14.612276792526245,-0.026203248649835587,-0.03483961150050163,0.4070037007331848,0.004906702976078453,-0.031084587827542483,0.0026622395419822987,0.013681334565160075,-0.009033568605758102,-0.2695910333994367,0.03674875199794769,-0.02281602658331396,-0.12754248082637787,0.13797150477379383,0.6822593962590886,25.911191659119595,-0.06199809029921194,0.0373497797990473,0.023938753036012374,0.000895137000043178,1
14.622665166854858,-0.02629239857196808,-0.03488507121801376,0.40700259804725647,0.014795846502348227,-0.03253293776620998,-0.002252744503903795,0.01432488750673544,-0.009670847592567977,-0.27156151498663084,0.039481114596128464,-0.03345136716961862,-0.13432464003562927,0.11961990225930133,0.6788454956676456,25.92203328715649,-0.06565304195836316,0.04360545817031762,0.024148302339300147,0.0027119509995827684,1
14.632490873336792,-0.02635359950363636,-0.03501443192362785,0.40700212121009827,0.010613593099702346,-0.03971598299593357,0.004369589492589915,0.014804499313220365,-0.009740216733294726,-0.272788362861494,0.042132142931222916,-0.03085903264582159,-0.12803830206394196,0.1085060776130691,0.6767533869410529,25.92365294847259,-0.06571525729890092,0.04376833552126689,0.024201474457498255,0.0010832990010385402,1
14.642302513122559,-0.02643531747162342,-0.035088568925857544,0.4070444405078888,0.014042220377206914,-0.026330428432365997,0.002545976757057701,0.015329539905498013,-0.010239274861309156,-0.27399454739701046,0.05672737956047058,-0.03428709506988527,-0.13191621005535126,0.10571208002645624,0.6948197475349461,25.906332950484266,-0.06922923794484909,0.04289783741840814,0.024243670002971465,0.002618987000460038,1
14.652524471282959,-0.026464609429240227,-0.03516940400004387,0.4070570766925812,0.017741211103170416,-0.04137085368720828,0.0006724776599807212,0.01576219253324629,-0.01090952569987369,-0.2754464556089653,0.050227243453264236,-0.06973638385534288,-0.1278194934129715,0.10619617492091425,0.6769611739164183,25.90848492600264,-0.07667542762019716,0.04605913990275663,0.024359891791672146,0.0029582949991890928,1
14.662485361099243,-0.026464609429240227,-0.03516940400004387,0.4070570766925812,0.017741211103170416,-0.04137085368720828,0.0006724776599807212,0.01576219253324629,-0.01090952569987369,-0.2754464556089653,0.050227243453264236,-0.06973638385534288,-0.1278194934129715,0.09315822445058099,0.6981132163010088,25.91359863402632,-0.07622396676354912,0.06502352060772934,0.024444513161744546,0.0007965149998199195,1
14.672309875488281,-0.0264914408326149,-0.03551649674773216,0.40717220306396484,0.01982279364610597,-0.042511571600312395,0.00540849282017944,0.017243331872729417,-0.012451068335023407,-0.2786406198953544,0.05990639328956604,-0.056899074465036406,-0.13318924605846405,0.07609710401672358,0.6971665883329938,25.913060944225805,-0.08347985457023953,0.05826289914146635,0.024521953067860133,0.003097566999713308,1
14.682474374771118,-0.0264914408326149,-0.03551649674773216,0.40717220306396484,0.01982279364610597,-0.042511571600312395,0.00540849282017944,0.017243331872729417,-0.012451068335023407,-0.2786406198953544,0.05990639328956604,-0.056899074465036406,-0.13318924605846405,0.06999238316248498,0.7159441845373878,25.90130159011089,-0.08545722902354888,0.06307506219486841,0.024734056622343348,0.0008036390008783201,1
14.692306280136108,-0.026499789208173752,-0.03560236096382141,0.40724650025367737,0.021905847243565323,-0.02876700254942069,0.006302701784188962,0.01797243551435379,-0.012976304428291119,-0.2798374211598116,0.061513498425483704,-0.07505153864622117,-0.12491733580827712,0.07255606082887289,0.6973964969880388,25.89705644238155,-0.08705874648811976,0.07391257203405598,0.024786233317487014,0.0025033230012923013,1
14.702322483062744,-0.026454463601112366,-0.03569706529378891,0.4072965383529663,0.025979113568676975,-0.04368284686337986,0.004300524970759393,0.018411935535727064,-0.014077385533275866,-0.28115619974046124,0.06103586405515671,-0.08303081244230272,-0.1273011416196823,0.05813206710325877,0.718043324446634,25.90142865253895,-0.089447992847187,0.08047715683939476,0.02490691869737118,0.0007879239983594744,1
14.712318420410156,-0.02643497847020626,-0.03584824874997139,0.4073803126811981,0.020374013027598514,-0.035181760822101595,0.010066674087980246,0.019478840673082143,-0.015034542640225634,-0.2830688915377091,0.06827088445425034,-0.07189221680164339,-0.12727588415145874,0.06661577281891011,0.7175136496930112,25.886531408963247,-0.09549576709608756,0.07850147568194368,0.025050361838781798,0.002511006001441274,1
14.72232437133789,-0.02640758454799652,-0.03592849150300026,0.4074658155441284,0.027566632320918504,-0.037728232357818914,0.0027801098306977526,0.019872790564079423,-0.016310841701044687,-0.28440333237797955,0.05241483449935913,-0.09869747608900072,-0.12184566259384154,0.07175993854234845,0.7171973504393089,25.884316167327135,-0.09559367101967668,0.07845220590799999,0.02509368875638755,0.0009811159998207586,1
14.732309341430664,-0.02634010836482048,-0.036110542714595795,0.4075184166431427,0.025813494745167694,-0.045800280215726547,0.007700088398167409,0.02058017581348226,-0.016967146301717584,-0.28581223419821367,0.05973593890666962,-0.1026914268732071,-0.12671032547950745,0.06281964803315432,0.7191674779604982,25.902976627856887,-0.08896131796964551,0.09479959905641927,0.025134145488844642,0.0030601989983551903,1
14.742318153381348,-0.02634010836482048,-0.036110542714595795,0.4075184166431427,0.025813494745167694,-0.045800280215726547,0.007700088398167409,0.02058017581348226,-0.016967146301717584,-0.28581223419821367,0.05973593890666962,-0.1026914268732071,-0.12671032547950745,0.05595014383781877,0.7409309507272357,25.892462995611023,-0.09534800691628273,0.098869120030428,0.02526015922935771,0.000791975000538514,1
14.752334356307983,-0.026225831359624863,-0.036358196288347244,0.40765318274497986,0.03455274220824391,-0.046495824829725856,-0.001129952831479682,0.021764955896331095,-0.019054361377526696,-0.28855375459128174,0.0494861863553524,-0.10467444360256196,-0.12396936118602751,0.060082176337153084,0.7313578426327452,25.891894135435262,-0.10273968491747917,0.08580784278464235,0.02536262832881138,0.003325611000036588,1
14.762319564819336,-0.026225831359624863,-0.036358196288347244,0.40765318274497986,0.03455274220824391,-0.046495824829725856,-0.001129952831479682,0.021764955896331095,-0.019054361377526696,-0.28855375459128174,0.0494861863553524,-0.10467444360256196,-0.12396936118602751,0.03919339342749204,0.7482747590918951,25.913691761230915,-0.09374514581559695,0.10494538694544998,0.02548223429459582,0.0007945590004965197,1
14.7724609375,-0.025962598621845245,-0.036791179329156876,0.4077778458595276,0.028257114850615578,-0.04953245145172608,0.0033124451808945687,0.022879675228187235,-0.020716004734758986,-0.2910250892156845,0.06016877293586731,-0.08277008682489397,-0.1213226020336151,0.045484488329276984,0.7465222134629902,25.89396418416474,-0.09854363981401333,0.09510768118841227,0.025664185751364144,0.002379418001510203,1
14.782313108444214,-0.025962598621845245,-0.036791179329156876,0.4077778458595276,0.028257114850615578,-0.04953245145172608,0.0033124451808945687,0.022879675228187235,-0.020716004734758986,-0.2910250892156845,0.06016877293586731,-0.08277008682489397,-0.1213226020336151,0.04067403402378801,0.7717409295878906,25.901647045463143,-0.1026090011310319,0.09940352511144285,0.025704509589056238,0.000812927999504609,1
14.79248046875,-0.0259248036891222,-0.036948397755622864,0.4078533351421356,0.025414829720337383,-0.037897654936318505,0.005242379782587246,0.02375935703440213,-0.021433082915861768,-0.29282525301027595,0.048267219215631485,-0.072573259472847,-0.11468057334423064,0.05111542077925419,0.7640986620097873,25.897463213622103,-0.09826818795095517,0.09702051426816403,0.025763601903816866,0.002496129000064684,1
14.802370309829712,-0.025834882631897926,-0.03707700967788696,0.4078645706176758,0.03608937729756502,-0.0451739181549954,-0.003959408533893023,0.02409027886277615,-0.022544511925826072,-0.2940465946543527,0.03365295007824898,-0.08315652608871461,-0.13225728273391724,0.033418524695961696,0.7704292067470705,25.921177080398454,-0.09237381328633631,0.10427851556262716,0.025986115359113753,0.000980069000434014,1
14.812491655349731,-0.025737255811691284,-0.037271223962306976,0.4078865051269531,0.027525043460291828,-0.04406325503989423,0.005981826700044738,0.024471610751234163,-0.022951083351476775,-0.29545371905306084,0.03473721072077751,-0.07256761193275453,-0.11295402795076369,0.03904493808883754,0.7765805420705916,25.898294403262557,-0.09401085009432933,0.10107886839155014,0.025978063543810385,0.002618009000798338,1
14.823609828948975,-0.02565704844892025,-0.037400294095277786,0.4079284369945526,0.03488218617607782,-0.040682242367442785,-0.0021371389955454696,0.024858816139505358,-0.02398118295884233,-0.2970696189083606,0.02533261477947235,-0.0591900907456875,-0.11252450942993163,0.042479033729326945,0.7803292109119574,25.894887923641647,-0.09401864887355914,0.10101142706523461,0.02597801647140659,0.0011887660002685152,1
14.832301378250122,-0.025539720430970192,-0.03759244829416275,0.4079133868217468,0.03231426894995816,-0.0514157496742973,-0.00017041388101517787,0.025001974079836398,-0.024222548029470214,-0.29827729665001845,0.02041633054614067,-0.023969275876879706,-0.10517191141843796,0.027169904720090968,0.7978548788779615,25.91042240618199,-0.0888956950266221,0.07981719471815926,0.026141492902368314,0.0008231259998865426,1
14.842464923858643,-0.025490056723356247,-0.037791620939970016,0.40795332193374634,0.028285329359585824,-0.041399795949483086,0.0015862755033950134,0.025227098494397637,-0.02441912936420998,-0.29919227255156056,0.012925087474286556,-0.01768988370895387,-0.10322224348783493,0.017947279216172486,0.8084294908255142,25.912724054715888,-0.08879216919532976,0.07948296919540263,0.026182816396867946,0.0028830020000896184,1
14.85248589515686,-0.025379516184329987,-0.03792533650994301,0.4079408645629883,0.039229883378370495,-0.04406004115671894,-0.005541606818086104,0.02521146355592796,-0.024981494950986338,-0.30045377911571425,0.01067171711474657,-0.029898909851908694,-0.09695810824632645,0.004401562314502807,0.7957245255283455,25.927345225014843,-0.08368252509526466,0.08350647985090529,0.026255238255672643,0.002170789999581757,1
14.86228895187378,-0.025379516184329987,-0.03792533650994301,0.4079408645629883,0.039229883378370495,-0.04406004115671894,-0.005541606818086104,0.02521146355592796,-0.024981494950986338,-0.30045377911571425,0.01067171711474657,-0.029898909851908694,-0.09695810824632645,-0.004216697044140617,0.7882608223746858,25.929577524154574,-0.08361947395954518,0.08437831575925948,0.026272492783898142,0.0008483399997203378,1
14.872463703155518,-0.025071382522583008,-0.038526374846696854,0.407976359128952,0.0356947533589222,-0.05289090158972835,-0.0002942734859225304,0.025156237420376648,-0.02477019662089086,-0.3034118550811984,-0.010391262359917164,0.0004046959802508228,-0.10311181843280792,-0.0029680859863443427,0.77718703185043,25.917863551029868,-0.07824953809975578,0.07781927412520472,0.026392658044773188,0.0025096099998336285,1
14.882306098937988,-0.025071382522583008,-0.038526374846696854,0.407976359128952,0.0356947533589222,-0.05289090158972835,-0.0002942734859225304,0.025156237420376648,-0.02477019662089086,-0.3034118550811984,-0.010391262359917164,0.0004046959802508228,-0.10311181843280792,-0.014005592357209707,0.7975241486846626,25.914072890665768,-0.07390547231550491,0.06852305501710201,0.02654923670359577,0.0007937219997984357,1
14.892306566238403,-0.024996308609843254,-0.03877110779285431,0.40801796317100525,0.03104323882468918,-0.04584931676213892,0.00483125256945835,0.025156237420376648,-0.02477019662089086,-0.3034118550811984,-0.010391262359917164,0.0004046959802508228,-0.10311181843280792,-0.0074746323337703795,0.797187584133842,25.899860503444003,-0.07330924055682446,0.06893720839310523,0.026578931310448497,0.002433617000860977,1
14.902334690093994,-0.024884141981601715,-0.03893817216157913,0.40805408358573914,0.03981192612382996,-0.04662219912892837,-0.00013685294065891596,0.02508754939060598,-0.0243718917886504,-0.30474177174849437,-0.011400016024708748,0.016021274030208577,-0.0936395600438118,-0.02516289838011835,0.7941141432190661,25.910839772272286,-0.07234149607718095,0.0592539294588289,0.026634597484458004,0.0008046870007092366,1
14.912495374679565,-0.02475016564130783,-0.03919045999646187,0.40808048844337463,0.03419003384437377,-0.05317994691659548,0.0050618186813050515,0.02489429037515478,-0.02412382997073026,-0.3056734018528573,-0.010975281707942486,0.04650540649890898,-0.09155332297086716,-0.033446766604123615,0.8096186859644676,25.898477172482345,-0.07271626255520507,0.04346019807345883,0.026717556658379066,0.0025300739998783683,1
14.922272682189941,-0.02466731332242489,-0.03940232843160629,0.4081535041332245,0.0351420916289769,-0.04352870498943139,0.006091158862406856,0.024796337289035186,-0.023421809649704972,-0.3064425833039852,-0.023216113448143005,0.03267332538962363,-0.08699601888656616,-0.035096129893952575,0.7964185036052615,25.893841224499553,-0.06545985597058565,0.04827654685707023,0.026719104483349194,0.0008116710014292039,1
14.932463884353638,-0.024542689323425293,-0.039615318179130554,0.4081890881061554,0.04066626762464475,-0.0551355498804678,0.0017165277796782016,0.024526632381016267,-0.02303999551542324,-0.30774467564004393,-0.014335019513964653,0.037645846605300896,-0.08316302299499512,-0.057588991998334386,0.8118881318084649,25.904510307606472,-0.06984597483788453,0.04400027358644169,0.026805587916785528,0.0023877990006440086,1
14.942329168319702,-0.024415453895926476,-0.03988267481327057,0.40824294090270996,0.03488264839383269,-0.050186385146384745,0.009850198365487102,0.024510131964762927,-0.022103559173753506,-0.3084210288749114,-0.006804859731346369,0.0684918165206909,-0.07522454857826234,-0.07119328866073103,0.8212022091873703,25.90609673000241,-0.06988144743468255,0.04398637838272902,0.02682267588388074,0.001046490999215166,1
14.952492475509644,-0.024309959262609482,-0.04008348286151886,0.40831243991851807,0.041016887306626344,-0.04849819128495397,0.004606451829697136,0.024259590985433732,-0.021860422262403034,-0.30907632300026133,-0.010197634808719158,0.0632207691669464,-0.06775079667568208,-0.08221060595515801,0.8122084894228165,25.898516177349343,-0.07078552213795448,0.028361701587303344,0.02683108734793776,0.0021652029990946176,1
14.96229887008667,-0.024158891290426254,-0.04033873975276947,0.40833646059036255,0.04058948057095252,-0.05501762280445446,0.006096502179816155,0.024236202734184698,-0.02112377320093195,-0.30987007683015033,-0.010465377010405064,0.04300564900040626,-0.0743243396282196,-0.08917452250634006,0.8071649285682739,25.89720588802925,-0.07049010811733337,0.027780711632921482,0.026826062039702586,0.0009643539997341577,1
14.972474098205566,-0.02406042255461216,-0.04056558385491371,0.4084019064903259,0.03627635477007996,-0.046858769250171996,0.00844956839816909,0.02418599731097082,-0.020417105264948,-0.3102973448791615,-0.005232151597738266,0.07967157661914824,-0.06460820138454439,-0.09832029737890195,0.8190080030960821,25.892938772520424,-0.0709700108816368,0.03556435246614746,0.026901824527891544,0.0029663280001841486,1
14.982699394226074,-0.02406042255461216,-0.04056558385491371,0.4084019064903259,0.03627635477007996,-0.046858769250171996,0.00844956839816909,0.02418599731097082,-0.020417105264948,-0.3102973448791615,-0.005232151597738266,0.07967157661914824,-0.06460820138454439,-0.09440793421226615,0.8118410862841371,25.885797081504997,-0.07268565015915752,0.016015323803492507,0.026916965745771272,0.00080964600056177,1
14.992512941360474,-0.023777682334184647,-0.04107987508177757,0.4084116518497467,0.0380814876762959,-0.05230056960851547,0.0041289003061563655,0.024106622337450645,-0.020162541107002774,-0.3110211068393083,-0.0070555564016103745,0.05350684002041816,-0.057100985199213035,-0.09919372348139956,0.8205113303694316,25.896083339174556,-0.07208393049496618,0.027711808119459867,0.026878439307251333,0.0024799250004434725,1
15.002525568008423,-0.02366519719362259,-0.04130707308650017,0.4084336459636688,0.04182746368730077,-0.05048886471512006,0.0001342823468723278,0.024018847043238534,-0.018908446698425507,-0.31206421000547113,0.0015579639002680779,0.07504734396934509,-0.04877539351582528,-0.11367239151357068,0.8212867790267414,25.90802126787097,-0.07570036195676536,0.013346564105458179,0.02691587874649911,0.0008643350010970607,1
15.012348890304565,-0.023485714569687843,-0.04157984256744385,0.4083862900733948,0.045595460496475775,-0.054869545469592065,-0.003450212137598642,0.024018847043238534,-0.018908446698425507,-0.31206421000547113,0.0015579639002680779,0.07504734396934509,-0.04877539351582528,-0.13414018797354216,0.830367348548157,25.91940331394839,-0.07605484261665821,0.01269077848868518,0.026927124845072085,0.00251358999958029,1
15.022550106048584,-0.023346468806266785,-0.04182537645101547,0.4083692729473114,0.038900689687818533,-0.04750026526439454,0.002895233390290087,0.02409692973543942,-0.017766405230811966,-0.31287775510492066,-0.005468596238642931,0.036134213209152215,-0.04615330696105958,-0.12798966381840388,0.823259761438006,25.904463976473597,-0.07241095400763449,0.029618510223510697,0.026896938671664095,0.0014237949999369448,1
15.032330513000488,-0.023204384371638298,-0.04206887260079384,0.40833401679992676,0.04554292928632687,-0.054368919153231096,-0.004916752790206868,0.023979604736953153,-0.017389076985894647,-0.31349753063238284,-0.004206719808280468,0.05224416777491569,-0.051722936332225806,-0.14558073654112555,0.8317531675932595,25.922904217451663,-0.07302661713026405,0.020024874922561862,0.027007982080430086,0.002437459001157549,1
15.042542695999146,-0.02303624525666237,-0.042351946234703064,0.4082741439342499,0.041454501680617276,-0.05239377902888993,-2.3682914683713768e-05,0.023959918510655598,-0.01656103954427035,-0.3139187031088939,-0.0012848882470279932,0.05607279390096664,-0.03565550222992898,-0.14978040870997797,0.835390786314581,25.91288982936914,-0.07433841578933591,0.016024786409502237,0.026940831087173347,0.002426773000479443,1
15.052517175674438,-0.022882426157593727,-0.04258397966623306,0.40822964906692505,0.04793415418347153,-0.04847688724426637,-0.0037740942004256036,0.0239494728737375,-0.016293918615214675,-0.31427811875822265,-0.001545989653095603,0.031245095655322068,-0.04373830184340478,-0.16260971249336176,0.8259784929653591,25.92161381907188,-0.07369948159806444,0.02712225503767044,0.026988954033279576,0.0008852190003381111,1
15.062450170516968,-0.0226579699665308,-0.04284976050257683,0.4081277847290039,0.050521006751119805,-0.054512796345108715,-0.0072923591840789595,0.0239494728737375,-0.016293918615214675,-0.31427811875822265,-0.001545989653095603,0.031245095655322068,-0.04373830184340478,-0.1704030921651456,0.8202779002248676,25.92292308819228,-0.07371090122475003,0.027349151447813955,0.02700012219102802,0.003025137000804534,1
15.07249665260315,-0.022478627040982246,-0.04310112074017525,0.4080672264099121,0.04155775849001708,-0.04804294590937995,-0.00024142473011873412,0.02369268257982604,-0.015418895636141627,-0.314926524967416,-0.009962860494852066,0.03843722864985466,-0.021586004644632343,-0.18572296252539355,0.8298123367795589,25.93269918565265,-0.07419604625796473,0.026984281640848,0.0270062999389244,0.0009869129989965586,1
15.082443237304688,-0.022083114832639694,-0.043627239763736725,0.40790286660194397,0.046019483611097575,-0.0515605209630118,-0.0013281911308585543,0.023653018736515374,-0.01553590821666706,-0.31519877626219506,-0.014954538084566593,0.0138403195887804,-0.025765063241124153,-0.1754202317652309,0.825654000320578,25.915740426968256,-0.0689206935704965,0.021884844819289696,0.026866313592374073,0.0029798769992339658,1
15.092604160308838,-0.022083114832639694,-0.043627239763736725,0.40790286660194397,0.046019483611097575,-0.0515605209630118,-0.0013281911308585543,0.023653018736515374,-0.01553590821666706,-0.31519877626219506,-0.014954538084566593,0.0138403195887804,-0.025765063241124153,-0.18127295966707185,0.8290523116181873,25.916748706598906,-0.06651946155792408,0.03384274774875666,0.026855948057062897,0.00080985600106942,1
15.102468490600586,-0.0216504018753767,-0.04411625489592552,0.4077770709991455,0.05188528847331399,-0.052574286848967824,-0.00360205870718677,0.02332756721579088,-0.015178495942917092,-0.31586706143772236,-0.0165534820407629,-0.0007849031826481249,-0.021636180579662323,-0.18484599579826885,0.8311115420332981,25.916897598975556,-0.06646597086460743,0.03406622963791342,0.026855357922707466,0.0023878690008132253,1
15.112488031387329,-0.0216504018753767,-0.04411625489592552,0.4077770709991455,0.05188528847331399,-0.052574286848967824,-0.00360205870718677,0.02332756721579088,-0.015178495942917092,-0.31586706143772236,-0.0165534820407629,-0.0007849031826481249,-0.021636180579662323,-0.20222917204949625,0.8314572130142486,25.923467357458236,-0.06466629617359579,0.039790487354201154,0.026861195374510427,0.0008112530013022479,1
15.122519493103027,-0.02145734615623951,-0.04436366632580757,0.4077471196651459,0.045402091250520665,-0.04877522198162101,0.0039743054725392465,0.02319303334824152,-0.014755772025059954,-0.31611420308852534,-0.0169261135160923,-0.016634015366435054,-0.022113719955086705,-0.19770404678425976,0.82666856975993,25.90460083653537,-0.06398469183629707,0.047227034117124846,0.02685127009713119,0.0023548320004920242,1
15.132519483566284,-0.02122608758509159,-0.04460541903972626,0.4076942205429077,0.05581770871780696,-0.053259800857109955,-0.004785710473326952,0.022981886408829588,-0.015166284432444499,-0.3162140971886278,-0.014417484402656555,0.0043984944932162744,-0.013030697591602802,-0.22175149543086858,0.828599590788286,25.925134628053165,-0.0646148751703599,0.037059005972307754,0.026833234078629947,0.0007926739999675192,1
15.142526865005493,-0.020972345024347305,-0.0448756106197834,0.4076383709907532,0.04947864418686085,-0.05146401527250766,0.0040438738148851116,0.022860235703763276,-0.015160905011692538,-0.31659078024559983,-0.01569158025085926,-0.021936902776360515,-0.017432736232876774,-0.22174582302858867,0.8287094045121163,25.905164092550606,-0.06378122532099167,0.050560848552891724,0.026836374106316264,0.0023674040003243135,1
15.152671575546265,-0.02074362151324749,-0.04511062800884247,0.407632052898407,0.05448282327256015,-0.04833213762342913,0.0014265164240708902,0.02256832609823345,-0.015397552764507605,-0.3166038047502773,-0.016034280881285667,-0.03148656338453293,-0.015441317111253735,-0.22927012799148755,0.81859997685514,25.909274390279016,-0.0627185963975324,0.055581171813663996,0.026823442977037752,0.0008107639987429138,1
15.162543535232544,-0.020452449098229408,-0.045367080718278885,0.4075862169265747,0.05589620665164887,-0.05324453939693046,0.001257672539543785,0.022459314278692855,-0.015677339942538726,-0.3168843979389071,-0.01121426559984684,-0.02295578084886074,-0.0064469277858734105,-0.24276627293509603,0.8234466428250371,25.910490952112216,-0.06477308839740281,0.05228096417396639,0.02678476444667517,0.002375925001615542,1
15.172682523727417,-0.020195964723825455,-0.04561927169561386,0.4075911343097687,0.05193738609098214,-0.048110548644144,0.006328147365987269,0.022302948256756494,-0.015767064493966032,-0.3168338144701326,-0.01777615025639534,-0.03697545826435089,-0.004409910645335908,-0.25091502812957067,0.8263696790618205,25.91067756590351,-0.06479447532981739,0.052259388314152604,0.026771610239166587,0.0016498139993927907,1
15.182403087615967,-0.019591597840189934,-0.0461120530962944,0.4075659215450287,0.05277292209163187,-0.049569213609754234,0.007667040890360376,0.02205908027762682,-0.01644978819682663,-0.3169989816848595,-0.016667362302541733,-0.039071667939424515,-0.008170494809746737,-0.24427538013705757,0.8184661963684737,25.89742362742765,-0.06079610909187092,0.05996480873632523,0.026722103055557785,0.0022353969998221146,1
15.192368268966675,-0.019591597840189934,-0.0461120530962944,0.4075659215450287,0.05277292209163187,-0.049569213609754234,0.007667040890360376,0.02205908027762682,-0.01644978819682663,-0.3169989816848595,-0.016667362302541733,-0.039071667939424515,-0.008170494809746737,-0.24491167406895306,0.8167761687935087,25.8921059503263,-0.06072885481777162,0.06289077231962535,0.026748123045978286,0.0009318060001533013,1
15.20238208770752,-0.018978599458932877,-0.04660384729504585,0.40755805373191833,0.05828931407647028,-0.052162998622530196,0.003817511713083313,0.02173479342837048,-0.017379108196855064,-0.3167519393207163,-0.015104629099369049,-0.052722323685884476,0.015250117518007762,-0.25803262794657145,0.8130521905876953,25.902258121497567,-0.062433647631614034,0.05289594935576519,0.026692205162107165,0.0018149280003854074,1
15.212389945983887,-0.018978599458932877,-0.04660384729504585,0.40755805373191833,0.05828931407647028,-0.052162998622530196,0.003817511713083313,0.02173479342837048,-0.017379108196855064,-0.3167519393207163,-0.015104629099369049,-0.052722323685884476,0.015250117518007762,-0.26631860141968106,0.8167659539091934,25.903196180179595,-0.06064910243664411,0.07176698756009538,0.026538751569483873,0.0017239199987670872,1
15.222716331481934,-0.018416862934827805,-0.04706248641014099,0.4075884521007538,0.059636416435339894,-0.048387316326508445,0.0012228244484806961,0.021396123896586516,-0.018150735313541055,-0.31622114438395776,-0.011445131152868271,-0.02939699590206146,0.033391129225492484,-0.25323281254879754,0.8102725869930971,25.887784993936148,-0.05751766510181195,0.06466242272324785,0.026452366220745403,0.0013728779995290097,1
15.232353925704956,-0.018416862934827805,-0.04706248641014099,0.4075884521007538,0.059636416435339894,-0.048387316326508445,0.0012228244484806961,0.021396123896586516,-0.018150735313541055,-0.31622114438395776,-0.011445131152868271,-0.02939699590206146,0.033391129225492484,-0.2661717595297119,0.8072781199558193,25.90786683773149,-0.060935253406977016,0.0625571184689166,0.0263357852740709,0.0008131389986374415,1
15.242445945739746,-0.018097789958119392,-0.047330450266599655,0.4075692296028137,0.05302971884691339,-0.05239442801448713,0.004296697670163183,0.02126849444185419,-0.01862754511644349,-0.31605908117967285,-0.00837753526866436,-0.04211841523647308,0.035940971225500114,-0.2625031369471729,0.8189378562722908,25.90276192329616,-0.0627530954800405,0.07067650255350755,0.026246597232882706,0.0007997980010259198,1
15.252482414245605,-0.017819609493017197,-0.04758293181657791,0.40757930278778076,0.055177708768385555,-0.04907215192640301,0.002291462617312853,0.02117144125532988,-0.018889356317284722,-0.31557288843252485,-0.005269575864076614,-0.03710009902715682,0.03988468274474145,-0.2634102975895971,0.8183966253171925,25.907317121840872,-0.06362248813393122,0.0689733406808901,0.026177963284881946,0.0024118959991028532,1
15.262659549713135,-0.01749519445002079,-0.04783715307712555,0.4075412452220917,0.05751081496934767,-0.05063846011245061,-4.6615362695974396e-05,0.02100377041339696,-0.019817454601676054,-0.3150569096627298,-0.00493401475250721,-0.033555407077074044,0.04398522526025773,-0.26953340306198625,0.8206867966454164,25.91438848735497,-0.06336549093023316,0.06959669765012147,0.02610171490244513,0.0007958860005601309,1
15.272470951080322,-0.01720772683620453,-0.048092491924762726,0.40752726793289185,0.049767584573505684,-0.046303889077634,0.004247338048930651,0.021020270067587,-0.020023764427084867,-0.3143510370460856,0.0021989652886986732,-0.05827492848038673,0.05814467743039132,-0.252786371767431,0.8186055175867334,25.90416395514923,-0.06681923130937398,0.08332669398395057,0.025895709252843603,0.0023850750003475696,1
15.282453775405884,-0.01720772683620453,-0.048092491924762726,0.40752726793289185,0.049767584573505684,-0.046303889077634,0.004247338048930651,0.021020270067587,-0.020023764427084867,-0.3143510370460856,0.0021989652886986732,-0.05827492848038673,0.05814467743039132,-0.2426937161382779,0.817344283646674,25.90263112716504,-0.06688027166821063,0.08352233135166566,0.02584517801786354,0.0008083889988483861,1
15.292491674423218,-0.016337664797902107,-0.0488412007689476,0.4074002802371979,0.050469395928930384,-0.04754220977262617,-0.0011329000171989595,0.021101453553258764,-0.021460807964050144,-0.3126602774987921,0.006768692750483751,-0.041215583682060235,0.07992204278707504,-0.24367092210069582,0.8264622508385536,25.91511453906624,-0.06980642102920082,0.08386181510770027,0.025794579013997294,0.0030652279983769404,1
15.302489757537842,-0.016034383326768875,-0.0490981861948967,0.4073295593261719,0.05413623680311173,-0.04995030711064199,-0.0044333427028120835,0.021075780015737955,-0.022182481644367424,-0.31184515888423814,0.004291410092264414,-0.05223098769783973,0.08252761512994766,-0.24074238977100038,0.8281244139648857,25.91889332028975,-0.0694016446970573,0.07908186385255121,0.02556806518365432,0.0010469799999555107,1
15.312297344207764,-0.016034383326768875,-0.0490981861948967,0.4073295593261719,0.05413623680311173,-0.04995030711064199,-0.0044333427028120835,0.021075780015737955,-0.022182481644367424,-0.31184515888423814,0.004291410092264414,-0.05223098769783973,0.08252761512994766,-0.24677963530509237,0.833022454843227,25.92852450227508,-0.06819878378974131,0.08619199047299018,0.025428556779590994,0.001337465999313281,1
15.322513103485107,-0.015753235667943954,-0.0493532232940197,0.407257080078125,0.04835584847049663,-0.045123065265541266,-0.0020436863171808305,0.021182505921053085,-0.02257176212291334,-0.31090231603871255,0.005733972880989313,-0.042227756232023225,0.08825770765542984,-0.23608841763871685,0.8301474382618125,25.923845287077967,-0.06891463139108558,0.08308001043300683,0.025286962924198405,0.002344984000956174,1
15.33250379562378,-0.015487242490053177,-0.04958286136388779,0.40718328952789307,0.05024401479223462,-0.047783765028035136,-0.004942534924287138,0.02120057162567246,-0.023121475128926594,-0.3099290199646232,0.002945607528090477,-0.05077611282467841,0.10587338358163834,-0.23401824896587015,0.8340953736177349,25.93111070654611,-0.06774544612414263,0.08866691276113964,0.025047032681426832,0.000806502999694203,1
15.342502355575562,-0.01520195696502924,-0.049861349165439606,0.4070904850959778,0.04928672024569866,-0.05061542449046207,-0.006644505989975201,0.021111021184061496,-0.023752081247272017,-0.3088887584924107,-0.004315979778766632,-0.04928301647305487,0.10994533449411392,-0.23218253557123858,0.8438373293012751,25.937007088785087,-0.0641329967239585,0.08984360527907917,0.02487761027237676,0.0023565079991385574,1
15.352614402770996,-0.014934973791241646,-0.05012289434671402,0.4070092439651489,0.0460310317442679,-0.04474960268551265,-0.00426751561448385,0.021077513995126917,-0.024119657496699975,-0.30773755991955776,0.0005648504011332989,-0.04401570558547972,0.12079949676990509,-0.22105898215708497,0.8398969928966109,25.93190096740155,-0.06591061094209233,0.08872272342774004,0.024682133976784693,0.0007970040005602641,1
15.362502574920654,-0.014662877656519413,-0.05036577954888344,0.40693408250808716,0.04880315728106017,-0.04669740487008991,-0.004715645207821947,0.021015239147022857,-0.02500506251670309,-0.3058297803677732,-0.0018696403130888939,-0.0427739880979061,0.13187164068222046,-0.22060474205801894,0.8405631992824032,25.932699922724954,-0.06462087602718225,0.0903109574185528,0.024430021526080047,0.0023922689997561974,1
15.3725106716156,-0.014379320666193962,-0.05061287060379982,0.40685757994651794,0.04950029142688549,-0.045882372398028025,-0.0042812586267224825,0.020835846069702235,-0.025365885868007254,-0.304558499285168,-0.010912485420703888,-0.03862947598099707,0.13480572402477264,-0.22119310436946055,0.8379316111547481,25.931798978402647,-0.05974988438097431,0.08876464416230281,0.024252254213395302,0.0007965149998199195,1
15.38249158859253,-0.013852981850504875,-0.051094938069581985,0.4067556858062744,0.04722169902201474,-0.04528530139370635,-0.0014899561229270964,0.020835846069702235,-0.025365885868007254,-0.304558499285168,-0.010912485420703888,-0.03862947598099707,0.13480572402477264,-0.22237215659513132,0.8367506900277561,25.931893799243042,-0.05943003984620734,0.08922827203244167,0.024206653651400546,0.002924700000221492,1
15.392573118209839,-0.013595632277429104,-0.051327548921108246,0.4067195951938629,0.04141404169937856,-0.042659323215210605,0.0015444268841289914,0.020388620845199323,-0.026438356488572623,-0.30086113690519767,-0.019716676324605942,-0.03466195613145826,0.15234535932540894,-0.22105357204147474,0.8370205931973346,25.92489545561512,-0.05947552800069147,0.08937994891293082,0.024190611274843087,0.001947215001564473,1
15.402249336242676,-0.013595632277429104,-0.051327548921108246,0.4067195951938629,0.04141404169937856,-0.042659323215210605,0.0015444268841289914,0.020388620845199323,-0.026438356488572623,-0.30086113690519767,-0.019716676324605942,-0.03466195613145826,0.15234535932540894,-0.2047043780242958,0.8342797091387323,25.916028903439734,-0.05370170955006725,0.0910527439109703,0.023803104175915427,0.0008758589992794441,1
15.412475109100342,-0.013086807914078236,-0.05181795731186867,0.4066864252090454,0.0457710778765217,-0.039998869834343795,0.0024212454245792175,0.019739036908200003,-0.027304820179448797,-0.2975581978290962,-0.023491807281970978,-0.024808669462800005,0.16450531780719757,-0.20195940520538824,0.8406750471005928,25.916713340326666,-0.04709784990169093,0.09527333959583986,0.023480474912818964,0.0029322420014068484,1
15.422369480133057,-0.013086807914078236,-0.05181795731186867,0.4066864252090454,0.0457710778765217,-0.039998869834343795,0.0024212454245792175,0.019739036908200003,-0.027304820179448797,-0.2975581978290962,-0.023491807281970978,-0.024808669462800005,0.16450531780719757,-0.2018095058574549,0.8277281653269324,25.912844040286977,-0.04933605953001764,0.08833668640026308,0.023330871453887837,0.0012594500003615394,1
15.432498455047607,-0.012643077410757542,-0.0522431954741478,0.4067079424858093,0.0372708279357914,-0.03796388291731453,0.00452956886013605,0.019030260434761193,-0.027730599735280137,-0.29398508967308246,-0.03271428123116493,-0.019538616761565188,0.17853879928588867,-0.19193753679399717,0.8310011357833395,25.907689580072713,-0.04675929191885036,0.08739034956245029,0.02309089988211435,0.002493195999704767,1
15.442346334457397,-0.012643077410757542,-0.0522431954741478,0.4067079424858093,0.0372708279357914,-0.03796388291731453,0.00452956886013605,0.019030260434761193,-0.027730599735280137,-0.29398508967308246,-0.03271428123116493,-0.019538616761565188,0.17853879928588867,-0.17702484835712773,0.82210622642275,25.90580835090769,-0.04275663059839214,0.0875391264364799,0.02287227342018224,0.0008201229993574088,1
15.452454566955566,-0.012418891303241253,-0.05244757607579231,0.40671005845069885,0.039278276497643774,-0.0417239813378264,0.0032047517542197544,0.018576578267144317,-0.02812686096752337,-0.29215911746795253,-0.04108140617609024,-0.01590642891824243,0.1947329044342041,-0.17457344213346307,0.8231047816945661,25.909101063224718,-0.03747679254159694,0.08658205410993973,0.02257471592707014,0.0023678929992456688,1
15.462368726730347,-0.012201657518744469,-0.05269913375377655,0.40671852231025696,0.03724560068247377,-0.04365258337385074,0.0021499856517488685,0.01785901577194071,-0.02828611026666472,-0.2892721790712969,-0.038838062435388565,-0.007358773611485934,0.1949118822813034,-0.17030032635587772,0.8293041670996564,25.91232429112013,-0.03664651880812922,0.08286189722830742,0.022320427034417153,0.0008010550009203143,1
15.472416639328003,-0.011983714066445827,-0.052881307899951935,0.4067293107509613,0.037749189327430786,-0.031546801823018916,0.0030513662175753933,0.01785901577194071,-0.02828611026666472,-0.2892721790712969,-0.038838062435388565,-0.007358773611485934,0.1949118822813034,-0.16225860360008457,0.8063552348666253,25.910482844430085,-0.035504959761278654,0.083038300574435,0.02225337623715268,0.0023838880006223917,1
15.482407808303833,-0.011775724589824677,-0.053050462156534195,0.40672680735588074,0.032743450774060885,-0.04157134115574845,0.004077306008269895,0.016841597081897586,-0.02839550658820844,-0.285034261393474,-0.03901387378573418,-0.0058973426930606105,0.21353065967559814,-0.15278651998712542,0.8165076262595339,25.907450963315885,-0.03352115503205136,0.08276655361254258,0.02182243032692027,0.000801263999164803,1
15.492542743682861,-0.011419596150517464,-0.05343734472990036,0.40672266483306885,0.03646315717283434,-0.03508159453360657,-9.641185634496794e-05,0.01645091784133612,-0.028343390921309997,-0.28281491303036166,-0.047712426632642746,0.002513499697670367,0.21565169095993042,-0.15093449504683387,0.8058004874818767,25.918118597802742,-0.02783716282307471,0.07835572191112887,0.021552798743809512,0.0023978569988685194,1
15.502510070800781,-0.011419596150517464,-0.05343734472990036,0.40672266483306885,0.03646315717283434,-0.03508159453360657,-9.641185634496794e-05,0.01645091784133612,-0.028343390921309997,-0.28281491303036166,-0.047712426632642746,0.002513499697670367,0.21565169095993042,-0.15087457653550143,0.80001918312086,25.91971995423598,-0.027236921567844862,0.07818940511473978,0.021483376186182783,0.0007951190000312636,1
15.512519598007202,-0.011072621680796146,-0.05383392050862312,0.40669265389442444,0.03029345531351375,-0.02679213698120159,0.0012634319736442314,0.015277191806057022,-0.028067474853319396,-0.2771149489236855,-0.03980076685547829,0.013330349698662787,0.23377910256385803,-0.13359169646185343,0.7816325640856759,25.916425419498825,-0.027643828420040692,0.0730853348732556,0.020978526190443773,0.0024638600007165223,1
15.522366523742676,-0.011072621680796146,-0.05383392050862312,0.40669265389442444,0.03029345531351375,-0.02679213698120159,0.0012634319736442314,0.015277191806057022,-0.028067474853319396,-0.2771149489236855,-0.03980076685547829,0.013330349698662787,0.23377910256385803,-0.123566351546141,0.7708324333304658,25.915942575101262,-0.027181184108887067,0.07258304445608192,0.02084616070219033,0.0007989589994394919,1
15.53251600265503,-0.010725246742367744,-0.05417320132255554,0.4066168963909149,0.02241711297864084,-0.0315623284457102,0.003230477687055902,0.014227139629510166,-0.027847195332838304,-0.2722610000761967,-0.04294142499566078,0.016756715252995522,0.24632762372493744,-0.12978738738945098,0.7844301343540779,25.92968683923938,-0.022951571853624335,0.075584414994389,0.020623892484701832,0.0024165060003724648,1
15.542515277862549,-0.010725246742367744,-0.05417320132255554,0.4066168963909149,0.02241711297864084,-0.0315623284457102,0.003230477687055902,0.014227139629510166,-0.027847195332838304,-0.2722610000761967,-0.04294142499566078,0.016756715252995522,0.24632762372493744,-0.10844936010035142,0.7867046125925768,25.912887574220257,-0.02315255596276071,0.07080735286517228,0.020340565500564393,0.0007955370001582196,1
15.552553415298462,-0.010598992928862572,-0.05429815500974655,0.4065745770931244,0.029123511225811922,-0.02969787265246949,-0.0067274575149338395,0.013798302431446974,-0.02770591492331631,-0.26955585220250544,-0.030224017798900604,0.035960875451564824,0.25685828924179077,-0.108249427618571,0.7819876705718293,25.936817987041056,-0.027710824657492767,0.06024697425158808,0.02006090913484341,0.0024286580010084435,1
15.562488555908203,-0.010424904525279999,-0.05448223650455475,0.40648534893989563,0.026591769996970775,-0.03662041593912488,-0.003038344430469318,0.013286821724757036,-0.027901103404821548,-0.2671456142955937,-0.03510637953877449,0.0014161891303956832,0.26463982462882996,-0.10453176885442,0.794808953903679,25.93106089878807,-0.024652212882616497,0.07783971737281756,0.019733782878077092,0.0008046869988902472,1
15.572549819946289,-0.010305163450539112,-0.05462116003036499,0.4064340591430664,0.02533481510086603,-0.023920296851420116,-0.004027348869435639,0.012797026053008587,-0.02728941073417257,-0.2629168626969771,-0.02481737732887268,0.03618235513567928,0.27999401092529297,-0.09522958243120763,0.775933225112798,25.932898025236142,-0.02705760621983444,0.059486196704726275,0.019310090093520447,0.0024118950004776707,1
15.582927703857422,-0.010129155591130257,-0.054733578115701675,0.4063356816768646,0.030373936044015257,-0.030876513938327653,-0.009541379263279958,0.012447069619955453,-0.027301052347880272,-0.26034310396859883,-0.018431760370731354,0.034106519073247944,0.2814905345439911,-0.10329133048971939,0.7779701555378421,25.948123408180578,-0.029736822166001885,0.05962247770554207,0.0190351546208356,0.0007919050003692973,1
15.59252405166626,-0.009989090263843536,-0.054877232760190964,0.40625008940696716,0.01894370564479356,-0.02665991755757893,-0.0012843038209086404,0.012345273446803695,-0.026693292892546072,-0.25749794834634443,-0.006719036027789116,0.034093294292688404,0.2763957977294922,-0.08371833252823088,0.7769465996204834,25.92869241946489,-0.03530757503587256,0.05891482531772226,0.01881698196442571,0.0023798370002623415,1
15.602243900299072,-0.009989090263843536,-0.054877232760190964,0.40625008940696716,0.01894370564479356,-0.02665991755757893,-0.0012843038209086404,0.012345273446803695,-0.026693292892546072,-0.25749794834634443,-0.006719036027789116,0.034093294292688404,0.2763957977294922,-0.07185442277240321,0.7763002333323404,25.92579280818062,-0.03539301754380976,0.058839155002192674,0.01875898402365712,0.0008177480012818705,1
15.612518072128296,-0.009616275317966938,-0.05521460995078087,0.40601009130477905,0.018494899102175985,-0.023129270227469773,-0.0015704136638734396,0.012059856340772335,-0.026239463835988186,-0.25028208918586614,0.0009070388041436672,0.0387348830699921,0.2992091178894043,-0.062383303231190054,0.7697203856898286,25.926750207972823,-0.03807750903144689,0.05625842766388779,0.01813080142445841,0.0025292360005551018,1
15.622323513031006,-0.009486762806773186,-0.05532228574156761,0.40593546628952026,0.025949903595224807,-0.025990433001606347,-0.006796696629757933,0.011994793864010145,-0.026335116010190784,-0.24722487983302166,0.005232215393334627,0.015415469184517897,0.2966412901878357,-0.07100785490170466,0.7693356506855265,25.941034671095444,-0.04018547025256617,0.06635298699964633,0.017794604346110743,0.0016915819996938808,1
15.63236403465271,-0.009325344115495682,-0.055435169488191605,0.40585336089134216,0.022001711260471044,-0.0221132098951151,-0.0007858836123098175,0.012022826706407752,-0.026088483990973188,-0.24432720978789257,0.012590546160936356,0.04171084985136989,0.30431103706359863,-0.07661783996830958,0.7692868195318038,25.94338161358302,-0.04015685614444401,0.06667321191891218,0.017706113832374273,0.0012890640009572962,1
15.64282774925232,-0.009325344115495682,-0.055435169488191605,0.40585336089134216,0.022001711260471044,-0.0221132098951151,-0.0007858836123098175,0.012022826706407752,-0.026088483990973188,-0.24432720978789257,0.012590546160936356,0.04171084985136989,0.30431103706359863,-0.07324321159991512,0.763335185711389,25.928059889687077,-0.04362426051561134,0.053250095066176104,0.017460033248355752,0.0009536670004308689,1
15.652379274368286,-0.009089218452572823,-0.055593810975551605,0.40576526522636414,0.02100913240867173,-0.021920138861786325,-0.002433739842073617,0.01217300305992719,-0.025331948735601628,-0.23787875991091578,0.01898959092795849,0.042714785784483,0.3251752257347107,-0.0669260912886628,0.7609864697039557,25.928097114798458,-0.04292074844858138,0.05574591494914903,0.017087662478831898,0.0037297349990694784,1
15.66257643699646,-0.009089218452572823,-0.055593810975551605,0.40576526522636414,0.02100913240867173,-0.021920138861786325,-0.002433739842073617,0.01217300305992719,-0.025331948735601628,-0.23787875991091578,0.01898959092795849,0.042714785784483,0.3251752257347107,-0.0655267003319572,0.7604077664856614,25.930335577030654,-0.04724878138966563,0.05051693676004205,0.01674131529701973,0.001485119999415474,1
15.672340154647827,-0.00897708348929882,-0.05567633733153343,0.4057280421257019,0.01911409538909391,-0.02155173220290674,-0.0004022563683437873,0.012299468168707417,-0.02478376612876776,-0.23468411512025567,0.019567133858799934,0.04431472346186642,0.32543835043907166,-0.06168443518696394,0.7607669694451271,25.925372924655797,-0.048025339506849465,0.04821234012125905,0.01644451776211838,0.0009444469997106353,1
15.68231201171875,-0.00885460339486599,-0.055776629596948624,0.4056924283504486,0.02023453382285683,-0.022274572901288,-0.0006031088729203794,0.012367387589199641,-0.024242261740829107,-0.22974682160504178,0.017880430445075035,0.052042972296476406,0.33040469884872437,-0.0631864250623724,0.7626997215824531,25.925255321420522,-0.047452118732161125,0.042661131319531496,0.016023788681411633,0.0007997970005817479,1
15.69253396987915,-0.008721702732145786,-0.05584051460027695,0.40566492080688477,0.018649878279432715,-0.016952598206498828,0.0010676077641555682,0.012465821576772562,-0.023580821961915355,-0.22641595439738893,0.014396864920854568,0.06063259392976765,0.3408201336860657,-0.05993229783648974,0.752864203501924,25.920887816106774,-0.045539620718271195,0.036658881814266936,0.015622371549976456,0.002426074001050438,1
15.702743530273438,-0.008598010055720806,-0.055923547595739365,0.4056406319141388,0.01874575183906153,-0.02455829469174953,0.0007188770150407418,0.012511737995676508,-0.023121077593421635,-0.22293267310811693,0.024835702031850815,0.061610989272594494,0.35153573751449585,-0.06230790771228799,0.7652837440681882,25.921080264321837,-0.05144966792058164,0.035228479880942916,0.0152292184684249,0.0008808879993011942,1
15.712329626083374,-0.008357474580407143,-0.056047823280096054,0.40562862157821655,0.020374340285133293,-0.020204999080641262,-0.0008007449526116177,0.012710525232640268,-0.022501975846384248,-0.21946402166865742,0.020845739170908928,0.056335829198360485,0.35223671793937683,-0.06558868886592115,0.7629984442244637,25.925200368744214,-0.04949660949845197,0.0362490419032367,0.01489523177295377,0.0027516230002220254,1
15.722334861755371,-0.008357474580407143,-0.056047823280096054,0.40562862157821655,0.020374340285133293,-0.020204999080641262,-0.0008007449526116177,0.012710525232640268,-0.022501975846384248,-0.21946402166865742,0.020845739170908928,0.056335829198360485,0.35223671793937683,-0.068116106524988,0.7617623517264576,25.92585565008557,-0.04976575760506788,0.03542323918895758,0.014807244674183855,0.0008519019993400434,1
15.732527494430542,-0.008120742626488209,-0.05622528865933418,0.4056242108345032,0.01954469800751796,-0.010200660180171557,0.00040622503995033066,0.012975238620034357,-0.02117528350551856,-0.21048470411569387,0.020636610686779022,0.05794075131416325,0.3604292869567871,-0.06043485276679121,0.7648410597288088,25.916870547483125,-0.05054932010896308,0.027512955871042216,0.014349295469517052,0.0018862400011130376,1
15.742289781570435,-0.008120742626488209,-0.05622528865933418,0.4056242108345032,0.01954469800751796,-0.010200660180171557,0.00040622503995033066,0.012975238620034357,-0.02117528350551856,-0.21048470411569387,0.020636610686779022,0.05794075131416325,0.3604292869567871,-0.060173820753218504,0.7423214326383712,25.92140804945259,-0.04959279040458842,0.03096618389851999,0.01403921355516846,0.0008175379989552312,1
15.75252366065979,-0.007831139490008354,-0.05635455623269081,0.40559178590774536,0.014786448249097871,-0.010832911444983325,0.003150562760827693,0.013070629547113466,-0.020513074891088223,-0.2029797779708309,0.01383206807076931,0.025841359049081847,0.38239502906799316,-0.06029940941183385,0.750131417799026,25.91874232765971,-0.04610434291549531,0.03799103192060096,0.013645171653188865,0.0025418779987376183,1
15.762322187423706,-0.007831139490008354,-0.05635455623269081,0.40559178590774536,0.014786448249097871,-0.010832911444983325,0.003150562760827693,0.013070629547113466,-0.020513074891088223,-0.2029797779708309,0.01383206807076931,0.025841359049081847,0.38239502906799316,-0.048271636634044136,0.7370937083596758,25.914534799462896,-0.04671571807654502,0.04572784425491762,0.013183655312252206,0.0008072710006672423,1
15.772636413574219,-0.007688696030527353,-0.05637762323021889,0.4055705666542053,0.01945028841944647,-0.01495769882881879,-0.0021608569752774144,0.013107672972243023,-0.02036035212760412,-0.199118950853451,0.009405501186847687,0.029408538714051295,0.3868773877620697,-0.05256427783953427,0.7369810480497007,25.92799284880338,-0.04495392336342891,0.04317106847221801,0.012790774907535865,0.0024184609992516926,1
15.78235912322998,-0.0075490716844797134,-0.05647656321525574,0.4055446982383728,0.012006090007631795,-0.01698978618639785,0.0020417142660137137,0.01320879602064906,-0.020133502015869276,-0.19330676357023346,0.016283784061670303,0.015157623216509868,0.3899439871311188,-0.038473495510599656,0.7456534853054697,25.918875678024797,-0.04902463873858917,0.05022762829679469,0.012284807732002084,0.0008099950009636814,1
15.792572021484375,-0.007442844565957785,-0.05651526525616646,0.4055497646331787,0.014763473459395215,-0.0074284203591432505,1.8942511605575174e-05,0.013282041882713091,-0.020258412274389848,-0.1892471922211887,0.013532711192965508,-1.0234303772400667e-05,0.39870354533195496,-0.02948029318682422,0.7285542585648455,25.922942880312448,-0.046969898501103634,0.05819770949778359,0.011820834887375592,0.002639101998283877,1
15.802391529083252,-0.007299182936549187,-0.05657694488763809,0.40552008152008057,0.015724879923100746,-0.018109640608617836,-0.0010649633900306405,0.013285593021473474,-0.020474111235554204,-0.1853474122252048,0.01893662102520466,-0.007314016111195038,0.40639474987983704,-0.02907768564499997,0.7428828912666626,25.92644926504589,-0.05065342609256079,0.062319909302197454,0.011398079757647863,0.0017235010000149487,1
15.812534809112549,-0.007173561956733465,-0.05666070803999901,0.40551653504371643,0.01164858571363546,-0.00714934703711143,0.00240123111743264,0.013285593021473474,-0.020474111235554204,-0.1853474122252048,0.01893662102520466,-0.007314016111195038,0.40639474987983704,-0.016306709808119966,0.7282545295326356,25.917867094806173,-0.04976214062371319,0.06291126151969888,0.011275128342736262,0.0024392750001425156,1
15.822800874710083,-0.006883455906063318,-0.05674951523542404,0.4054677486419678,0.013715572329008559,-0.01584060327333386,0.0009455100015665378,0.013468093826865424,-0.021047621438590625,-0.17708033275099133,0.019518963992595673,-0.03378974646329874,0.4310590624809265,-0.011325898593589711,0.739305713387758,25.920456955435355,-0.05107375286644129,0.07669185291977329,0.01051908647481496,0.0010374110006523551,1
15.832636833190918,-0.006768024526536465,-0.05678838863968849,0.40547338128089905,0.01298080658967587,-0.004456505295374338,0.0002557911038130068,0.013682678883196076,-0.02142681373939359,-0.17065975081802742,0.01715349219739437,-0.046256791800260495,0.42294803261756897,0.00044821442644027085,0.721245256184848,25.92286184854733,-0.04947423615186812,0.0847682694427212,0.009962460071171306,0.002702173000216135,1
15.844053506851196,-0.006608243566006422,-0.056849174201488495,0.40543806552886963,0.014788555914840466,-0.015348131766633409,-0.0008595638210917236,0.013632447330582664,-0.022316844946006942,-0.1664193062869459,0.020349109545350075,-0.03725741431117052,0.4403377175331116,0.001286284460828368,0.7348988730477386,25.926122518251148,-0.05221797772190784,0.08193580660805812,0.009428246415866417,0.0010066089998872485,1
15.852226495742798,-0.006608243566006422,-0.056849174201488495,0.40543806552886963,0.014788555914840466,-0.015348131766633409,-0.0008595638210917236,0.013632447330582664,-0.022316844946006942,-0.1664193062869459,0.020349109545350075,-0.03725741431117052,0.4403377175331116,0.0013324290429149353,0.7432332391278926,25.926700792985738,-0.05212734578818498,0.08309447136680405,0.009291397450946395,0.0008692939991306048,1
15.862510919570923,-0.006375235505402088,-0.056959085166454315,0.40545037388801575,0.015532116219937882,-0.008384491612418362,-0.0022750934268006427,0.013956926257150393,-0.02347956559517206,-0.15757519469657888,0.028554266318678856,-0.05617417022585863,0.4477730691432953,0.020804196909641404,0.7293552698453526,25.911171511077768,-0.0547316793683458,0.08951148932392669,0.008921918347488943,0.003462018999925931,1
15.872499704360962,-0.006375235505402088,-0.056959085166454315,0.40545037388801575,0.015532116219937882,-0.008384491612418362,-0.0022750934268006427,0.013956926257150393,-0.02347956559517206,-0.15757519469657888,0.028554266318678856,-0.05617417022585863,0.4477730691432953,0.0196659260067853,0.7260704831065804,25.928226421364414,-0.05646920170886867,0.09603365476192523,0.008541100789351446,0.000910922000912251,1
15.882242202758789,-0.006213555112481117,-0.057068806141614914,0.4054320454597473,0.011333899191689136,-0.013923853895452174,0.0034306466244726185,0.0139722266547051,-0.02440624183808815,-0.15334212164566496,0.014440158382058144,-0.08744969964027399,0.44854915142059326,0.030115155685578418,0.7367226805031837,25.915810440682872,-0.05019529602588418,0.11467373351187946,0.00812703235963036,0.0028750389992637793,1
15.89252257347107,-0.006113195791840553,-0.05712457373738289,0.40546709299087524,0.008256293794221818,-0.0011468031777840447,0.002191564323714878,0.014260085884846507,-0.024694818629234394,-0.14865212239095005,0.027686508372426033,-0.05970506370067591,0.4561060070991516,0.04709731022591767,0.717365013380168,25.91702152763051,-0.05628543204990413,0.10249135585185656,0.007682399821340525,0.0008046180009841919,1
15.902488946914673,-0.005974740721285343,-0.05717749148607254,0.4054461121559143,0.013775585169579439,-0.013792116238674847,-0.0020472512074140425,0.014386772097222167,-0.02640303008220002,-0.14197653450066605,0.03760169818997383,-0.06847902387380594,0.46514463424682617,0.047246641257161416,0.7346623238820706,25.928465076311458,-0.06262285013582308,0.11086082464326251,0.007094805453271319,0.0026526519995968556,1
15.912264823913574,-0.005871461238712072,-0.057290054857730865,0.4054691195487976,0.002223556913126832,-0.005019586048617756,0.006168066524976064,0.01474306079613763,-0.02686410289040131,-0.1372038409944567,0.022280782461166382,-0.09943366050720209,0.4663885831832886,0.07883441442705466,0.727361699814785,25.90841965970663,-0.05506215419625322,0.12827284204522046,0.006564679393128442,0.0008362570006283931,1
15.922474145889282,-0.005792567040771246,-0.05730602517724037,0.4054885506629944,0.01008534987072919,-0.004429715750636975,-0.0016864630044468034,0.014798575738710351,-0.0286361323784452,-0.1302800024441959,0.02289046347141266,-0.10041333734989161,0.4675062596797943,0.08718629352023798,0.7208884686268189,25.926145123383538,-0.055627504769563095,0.1341047697786702,0.005991141911573223,0.002361397999266046,1
15.932488441467285,-0.0056051649153232574,-0.05747939273715019,0.40552738308906555,-0.0011515477835562214,-0.0009907764564600758,0.005740410645421172,0.014997364124234025,-0.02879242154898387,-0.12788139576247604,0.02760491706430912,-0.09744550287723536,0.4680670499801636,0.09217424588131845,0.7169373990508189,25.92876428105114,-0.055678357250399185,0.13418091877704422,0.005836961178812211,0.0010369920000812272,1
15.942273378372192,-0.005532503128051758,-0.05753934755921364,0.4055289626121521,0.005823666109302966,-0.011975107764843361,-0.002506534569173478,0.015134162373323434,-0.03044587221834849,-0.12054269501415504,0.03360971435904503,-0.057608369737863485,0.4787061810493469,0.11943386187072697,0.7103030191006412,25.909229666455218,-0.058460666592972325,0.13414852038752173,0.005629207908840259,0.0025646470003266586,1
15.952409505844116,-0.005532503128051758,-0.05753934755921364,0.4055289626121521,0.005823666109302966,-0.011975107764843361,-0.002506534569173478,0.015134162373323434,-0.03044587221834849,-0.12054269501415504,0.03360971435904503,-0.057608369737863485,0.4787061810493469,0.1211220801777007,0.7317030508974981,25.927988759608276,-0.0626000941844911,0.11827055033713639,0.005079330011343713,0.0008063639997999417,1
15.962480306625366,-0.0054213861003518105,-0.0577465184032917,0.4055793881416321,0.006146666108052077,-0.0018692160672991484,-0.0030775596153485296,0.015453603339056876,-0.031734103999729424,-0.11091426671386273,0.01859215646982193,-0.06468096375465388,0.48268646001815796,0.1443502630489261,0.7389861423339817,25.905018233652658,-0.05672195468987498,0.13297022547186457,0.004579008159193689,0.0033344820003549103,1
15.972238779067993,-0.0054213861003518105,-0.0577465184032917,0.4055793881416321,0.006146666108052077,-0.0018692160672991484,-0.0030775596153485296,0.015453603339056876,-0.031734103999729424,-0.11091426671386273,0.01859215646982193,-0.06468096375465388,0.48268646001815796,0.14356892614228794,0.7263376396313356,25.928758987918577,-0.05492926562664539,0.12557364011979333,0.004133005543832202,0.0008491089993185597,1
15.982468843460083,-0.005284957587718964,-0.057940058410167694,0.4056054651737213,-0.0035956812232267603,-0.0033357052150572767,0.00380716051365429,0.015591631802320816,-0.03316093696706712,-0.09859672227505412,0.023077283054590225,-0.03412082418799394,0.5007166862487793,0.15114678371856127,0.7366989479674683,25.914561810413907,-0.05823342633946632,0.12217511204541368,0.0035810453040780186,0.002474406999681378,1
15.992522239685059,-0.005284957587718964,-0.057940058410167694,0.4056054651737213,-0.0035956812232267603,-0.0033357052150572767,0.00380716051365429,0.015591631802320816,-0.03316093696706712,-0.09859672227505412,0.023077283054590225,-0.03412082418799394,0.5007166862487793,0.17033196715815047,0.7309739805811721,25.91165986629909,-0.057637634909649446,0.11507983697442714,0.0029645961559477477,0.0008356979997188319,1
16.002318859100342,-0.005229966714978218,-0.058025553822517395,0.4055960476398468,0.0011548505848827627,-0.008401448848076623,-0.0006237769407979573,0.01564134589732813,-0.03377599164233125,-0.09377109766515446,0.02239621989428997,-0.046386070549488005,0.4969642758369446,0.17474043156319236,0.7391185590514429,25.922982108500904,-0.05781077806198,0.12235477374861027,0.002525473165149949,0.0008151639995048754,1
16.01250720024109,-0.005198203958570957,-0.05816736817359924,0.4056011140346527,-0.006044590393946934,-0.009136673985903667,0.00290318601210077,0.015799881234171753,-0.03379846601782832,-0.0886744283912333,0.0329386368393898,-0.020342979580163893,0.5069754123687744,0.1916009544512079,0.7483654073686232,25.915072553459275,-0.0636043322845733,0.11020046200688494,0.00203234796624285,0.002574146001279587,1
16.022505283355713,-0.005169987678527832,-0.058283731341362,0.4056086242198944,-0.000783968379132932,-0.005569998172320575,-0.0008421848209656933,0.015925775370913442,-0.034164939361733815,-0.083635254662354,0.02596745267510414,-0.00371317286044353,0.507689893245697,0.19228916924361938,0.745457956024147,25.923828757959175,-0.06009164828219014,0.10228841336321931,0.001586450049759579,0.0009010739995574113,1
16.032484769821167,-0.005078681744635105,-0.05854002758860588,0.4055950343608856,-0.002933612823782081,-0.008002117262747693,-8.186208030739651e-05,0.016109523463129438,-0.03403378651737521,-0.07855237611524624,0.030319055542349815,0.003771268995478812,0.5131052136421204,0.19715961067087742,0.7507408698660225,25.923002932661948,-0.06268498162514637,0.09843193038563888,0.0011134733693180417,0.002620174000185216,1
16.044164180755615,-0.0050573102198541164,-0.05868535116314888,0.4055953323841095,-0.006727049621614142,-0.006439855757800088,0.0008014404238661432,0.016392073381006345,-0.03392730415846934,-0.07080940753930154,0.03567398339509964,0.02372298948466784,0.5121584534645081,0.2086087885291469,0.7526152451642513,25.92041425902169,-0.06592891022663225,0.08843849317164547,0.0005207046263275668,0.0009330630000476958,1
16.052376985549927,-0.0050573102198541164,-0.05868535116314888,0.4055953323841095,-0.006727049621614142,-0.006439855757800088,0.0008014404238661432,0.016392073381006345,-0.03392730415846934,-0.07080940753930154,0.03567398339509964,0.02372298948466784,0.5121584534645081,0.2155063407028887,0.754014024963054,25.920013452529098,-0.06633597194858205,0.08808034129706917,0.0003694701372356965,0.0008524610002496047,1
16.06250286102295,-0.00500589981675148,-0.05897809937596321,0.40559259057044983,-0.0072216145643173996,-0.010754910236123655,0.0004844171932276686,0.01679423960254045,-0.03337966025370109,-0.0605891118619164,0.038996342569589615,0.049737568944692674,0.5218775272369385,0.2195187410687257,0.7666205979163865,25.92058992389248,-0.06928614654540545,0.0739551527861719,-0.0003626192546628309,0.002589931998954853,1
16.072526216506958,-0.0050161066465079784,-0.05913874879479408,0.40561044216156006,-0.009269849415434196,-0.0027044061103992175,0.0018245292258795317,0.017037478587559107,-0.0327648807408476,-0.055256530289694794,0.03706853836774826,0.04791933670639998,0.5173912048339844,0.22194872125897908,0.7745856677137922,25.920682004319616,-0.06951723227854667,0.07333434554686624,-0.0005560828420777067,0.002989586000694544,1
16.08233094215393,-0.0050161066465079784,-0.05913874879479408,0.40561044216156006,-0.009269849415434196,-0.0027044061103992175,0.0018245292258795317,0.017037478587559107,-0.0327648807408476,-0.055256530289694794,0.03706853836774826,0.04791933670639998,0.5173912048339844,0.2289633101185045,0.7618367706927994,25.917101542731054,-0.06858136099263322,0.07272085365740055,-0.0009175695662667358,0.000800286999947275,1
16.092506885528564,-0.004989624954760075,-0.05927007645368576,0.40559497475624084,-0.003751822311442695,-0.008269418008321778,-0.002494202021494127,0.01742889302289541,-0.03206140007794556,-0.04757026773339268,0.042733583599328995,0.05984790623188025,0.5168004035949707,0.22065251896147073,0.7686932752370725,25.927958961951404,-0.07306981627588424,0.06426468503527252,-0.0014574398011912792,0.002430054999422282,1
16.102378129959106,-0.004983583465218544,-0.05946877971291542,0.405602365732193,-0.01202913560329845,-0.009658420455488006,0.0046423715502597555,0.017783740686486915,-0.031045003063870258,-0.04217880239358074,0.046386465430259705,0.09274037182331092,0.5260853171348572,0.22888174826702154,0.777285976002847,25.910473617603863,-0.07618358151088903,0.045562438194573354,-0.0019954204487855256,0.0008067830003710696,1
16.11248469352722,-0.0049965400248765945,-0.059613123536109924,0.4056144058704376,-0.005364920478849102,-0.0027477503708393833,-0.002123557268097201,0.01801812779077272,-0.03054895537690694,-0.0369451759514825,0.04142427444458008,0.10637923330068595,0.5285599827766418,0.22049436733509678,0.7677778188283862,25.92580448086908,-0.07365612326568659,0.03648597880776742,-0.0024744514684156243,0.00240400300026522,1
16.122400999069214,-0.004978758282959461,-0.06001178175210953,0.40560677647590637,-0.011697135871953505,-0.005997543681470269,0.003173310066300088,0.01830007190040206,-0.029437529665368167,-0.03178760553439863,0.04896773025393486,0.11361052840948112,0.5293700098991394,0.22638728841188677,0.7708290337680418,25.913925338251058,-0.07819762943910129,0.031654231637419296,-0.002918037264982848,0.0008064329995249864,1
16.132487058639526,-0.0049661207012832165,-0.06016423553228378,0.4055822789669037,-0.00449039089215201,-0.008004744519189835,-0.0036688370461314328,0.018821784227403437,-0.027734773958139503,-0.021263275966003192,0.03595416992902756,0.09548997133970268,0.5238249897956848,0.2157609341576821,0.7790624526260318,25.930270326235384,-0.07327765998866989,0.03595180724221368,-0.003673537455540945,0.002767478001260315,1
16.14226722717285,-0.004962179344147444,-0.060401543974876404,0.4055686891078949,-0.012834198811978366,-0.01503820155902472,0.0019710014344248347,0.018821784227403437,-0.027734773958139503,-0.021263275966003192,0.03595416992902756,0.09548997133970268,0.5238249897956848,0.22683134885783995,0.80079062745589,25.917718986694226,-0.07471697668521582,0.03446795080932338,-0.0038837521995976772,0.0008017529999051476,1
16.152518033981323,-0.004959916230291128,-0.060614269226789474,0.40555185079574585,-0.005183114672882473,-0.003855284774031052,-0.005298972123837866,0.01929040013097394,-0.026088129898165224,-0.013394521546080007,0.038510970771312714,0.11181014776229865,0.522891640663147,0.23360357222780737,0.8139046036433298,25.915830411897232,-0.07467083651917017,0.034409030395938636,-0.003941809770621733,0.002986232999319327,1
16.162522077560425,-0.004959916230291128,-0.060614269226789474,0.40555185079574585,-0.005183114672882473,-0.003855284774031052,-0.005298972123837866,0.01929040013097394,-0.026088129898165224,-0.013394521546080007,0.038510970771312714,0.11181014776229865,0.522891640663147,0.21967682505647768,0.7990639565082223,25.934931692949537,-0.07626930668535242,0.02094606618923455,-0.004411577232645182,0.0007898799995018635,1
16.172526597976685,-0.0048582847230136395,-0.06103772670030594,0.40544605255126953,-0.010732907801902596,-0.006074769422762792,-0.0007828075296469004,0.019685056008651447,-0.023906976909907396,-0.0032102375831701835,0.024144230410456657,0.10207390040159231,0.5032026767730713,0.20778766115292063,0.8068257362926848,25.9325074026104,-0.07476094844256385,0.030281519729387574,-0.00486609964069693,0.0030667649989482015,1
16.18251943588257,-0.0048409332521259785,-0.06121174246072769,0.4053983688354492,-0.005702970557744719,-0.007549928507184838,-0.00718197551246003,0.01988380824258673,-0.023176895377185147,0.0019740972456596673,0.024888446554541588,0.10886487364768987,0.5079492926597595,0.21403043040849853,0.8002040490773878,25.925776988330007,-0.07083501290047438,0.020060494755112658,-0.005180155377408462,0.0008470829998259433,1
16.192519664764404,-0.0048409332521259785,-0.06121174246072769,0.4053983688354492,-0.005702970557744719,-0.007549928507184838,-0.00718197551246003,0.01988380824258673,-0.023176895377185147,0.0019740972456596673,0.024888446554541588,0.10886487364768987,0.5079492926597595,0.20695665642449676,0.8019016749730087,25.94180257174001,-0.07184083690379864,0.014001320661193747,-0.005600841472677523,0.0024220930008596042,1
16.202556610107422,-0.0048109907656908035,-0.06148625537753105,0.4053453207015991,-0.009844246303053814,-0.016147462650720115,-0.0035179835277388653,0.019859757939963085,-0.022396637984507084,0.007036103319351117,0.015917420387268066,0.08760709315538412,0.508506715297699,0.21297732835851915,0.8220387630191184,25.934563608384103,-0.06824367897990385,0.022672262294953456,-0.006068310109013089,0.0008279449994006427,1
16.212520837783813,-0.004791720770299435,-0.06174253299832344,0.4053100347518921,-0.005350477499097387,-0.00576650257875323,-0.004629661829972312,0.020108336401449378,-0.02130835872508552,0.014643397579488404,0.014569146558642387,0.06818329542875295,0.49493563175201416,0.2075413064892814,0.8119245050649211,25.936720682484772,-0.0673610180252031,0.02898593015009568,-0.006575671521544632,0.002410848001090926,1
16.222543001174927,-0.004689352121204138,-0.06196674704551697,0.40523168444633484,0.0011518634877634316,-0.011814427561137942,-0.005976813380972556,0.020055957459811147,-0.020647033786101776,0.019463034276872015,0.0064377752132713795,0.09202931821346289,0.49402981996536255,0.18732621866423166,0.8203341320374169,25.940875122947023,-0.06386761722602026,0.01473214595456421,-0.006978403890398099,0.0008546959998056991,1
16.232529878616333,-0.004526612814515829,-0.062458980828523636,0.4051675796508789,-0.0009731277295114125,-0.008283957839976624,-0.0033201181758911796,0.020097680748430324,-0.019787248619783426,0.024562397138391034,0.007823221385478973,0.06419401615858084,0.5001593828201294,0.18090535449182013,0.8177018059150606,25.934569585404972,-0.06419905902505516,0.027369378649140456,-0.007482785499382574,0.0026406390006741276,1
16.242703199386597,-0.004437998868525028,-0.0627419650554657,0.4051395356655121,-0.0049375518823222605,-0.01525685471947814,0.002163204800875493,0.019923709215134977,-0.0192654338237781,0.031885599232103434,-0.003011333290487528,0.05258876085281378,0.49124082922935486,0.1767635787364777,0.8172956087725136,25.93382481270367,-0.06435867795265514,0.026419275214142633,-0.007616611039231561,0.0023349960010818904,1
16.252612829208374,-0.004372582770884037,-0.06301547586917877,0.405148983001709,-0.002420492916647699,-0.006462463187055448,0.0011534249491165435,0.01992629432689519,-0.018771491882314084,0.036873221953083846,9.20337624847889e-05,0.05375776812434203,0.49585452675819397,0.17817595014263526,0.8128497351285703,25.922042033145964,-0.06000748328137329,0.028834603391873027,-0.008407495734425391,0.0008576300006097881,1
16.262462854385376,-0.004372582770884037,-0.06301547586917877,0.405148983001709,-0.002420492916647699,-0.006462463187055448,0.0011534249491165435,0.01992629432689519,-0.018771491882314084,0.036873221953083846,9.20337624847889e-05,0.05375776812434203,0.49585452675819397,0.17902592266783415,0.8101854485371409,25.92029717480153,-0.059956726612137856,0.028887600083250753,-0.008619164107740648,0.002382979999310919,1
16.27248525619507,-0.004099888727068901,-0.06360745429992676,0.40513113141059875,-0.002520631737407221,-0.011788629009483078,0.005905149952539499,0.019526774219788212,-0.01840159944526487,0.04634281191954148,-0.016867825761437416,0.02411164715886122,0.4784984886646271,0.17953546423036654,0.8085754808689377,25.92004001435139,-0.059963078906578385,0.028885872509174768,-0.008676200083412682,0.001579200999913155,1
16.28229808807373,-0.004099888727068901,-0.06360745429992676,0.40513113141059875,-0.002520631737407221,-0.011788629009483078,0.005905149952539499,0.019526774219788212,-0.01840159944526487,0.04634281191954148,-0.016867825761437416,0.02411164715886122,0.4784984886646271,0.18303610913346074,0.8188730694983478,25.90755943232899,-0.05105867447608453,0.04258344427233001,-0.009195130783406846,0.000799867999376147,1
16.292482137680054,-0.003770402166992426,-0.06415022909641266,0.40513938665390015,0.0037458080665425065,-0.01697421445905824,0.0049627902817960465,0.0191559057996038,-0.01868929090190008,0.05574992397980205,-0.015413526445627213,-0.01809854805469507,0.47023627161979675,0.1662806235445815,0.8153449232365879,25.921768263627172,-0.050409293815359975,0.04207722382930019,-0.009316782123257608,0.003325820000100066,1
16.302313089370728,-0.003770402166992426,-0.06415022909641266,0.40513938665390015,0.0037458080665425065,-0.01697421445905824,0.0049627902817960465,0.0191559057996038,-0.01868929090190008,0.05574992397980205,-0.015413526445627213,-0.01809854805469507,0.47023627161979675,0.16706557384175924,0.8372808734003241,25.910315603776525,-0.05112600234975716,0.06417857752627026,-0.00992059894063536,0.0007889720000093803,1
16.312310934066772,-0.003629641840234399,-0.06444364786148071,0.4051837921142578,0.0020724484262607144,-0.006852060083084954,0.004554484026388081,0.018916770256841353,-0.018858296289267606,0.06285074719033146,-0.013517070561647415,-0.01165666896849865,0.46954941749572754,0.17139321073759353,0.8278962671168307,25.90965031860759,-0.05043807014160208,0.061941211129880984,-0.010517392746651978,0.0025409690006199526,1
16.322336435317993,-0.003432564903050661,-0.06472331285476685,0.4051845967769623,0.009649192973302075,-0.01645053733208374,0.0016139016886238596,0.018578865112819365,-0.019414427402256962,0.06728991832469067,-0.018176846206188202,-0.027820497751235906,0.45757290720939636,0.16168941759364536,0.8460024381550014,25.91729538763747,-0.04810120845738554,0.07086770202601635,-0.010871292686968672,0.0008045470003708033,1
16.33256983757019,-0.0030581096652895212,-0.06536296010017395,0.4052487015724182,0.009637305536130946,-0.007654520651187633,0.0014288545377527365,0.0181976874382741,-0.020102535631045804,0.07423735580341395,-0.02434174157679081,-0.04417813196778292,0.462079793214798,0.15880518960472076,0.8366103164427237,25.919066435561728,-0.043558426446094325,0.08021459571097554,-0.011473411447039856,0.00198576999900979,1
16.342319011688232,-0.0028155925683677197,-0.06568259000778198,0.40525469183921814,0.007283648178674391,-0.016891246588875575,0.005698178408152071,0.017754504532864424,-0.020954257535955367,0.07858218061787747,-0.0316607765853405,-0.054469540715217535,0.4485286772251129,0.1653094823663232,0.8523582273575669,25.9078058064865,-0.03900563600649341,0.08910771458818327,-0.011815558761469145,0.000812090998806525,1
16.3530535697937,-0.0026161624118685722,-0.06599728763103485,0.4053042531013489,0.004536248291052479,-0.005991547823793672,0.005493973847143197,0.01744848826196499,-0.02140783472438157,0.08308540793734664,-0.030798032879829407,-0.05926300957798952,0.4434187412261963,0.1754336488532327,0.8371539152900903,25.906625294415047,-0.037401645737668535,0.09311089351834619,-0.012161801479231082,0.002576590999524342,1
16.36260151863098,-0.0026161624118685722,-0.06599728763103485,0.4053042531013489,0.004536248291052479,-0.005991547823793672,0.005493973847143197,0.01744848826196499,-0.02140783472438157,0.08308540793734664,-0.030798032879829407,-0.05926300957798952,0.4434187412261963,0.18151021917841004,0.827947034897162,25.90644735230167,-0.037429230489202825,0.09315760858308922,-0.012252435940596433,0.0008106940003926866,1
16.372371912002563,-0.00212349696084857,-0.06662000715732574,0.4053269326686859,0.0038632401597543924,-0.013797498299140289,0.005951188034868616,0.01654588762688336,-0.023243722207183293,0.09177822394686697,-0.037517230957746506,-0.07276313751935953,0.4453807473182678,0.185163677907059,0.8223693124980166,25.906419417029642,-0.03745359985788512,0.09314129435744609,-0.012275516504367524,0.0008826339999359334,1
16.382556676864624,-0.0019080881029367447,-0.06691433489322662,0.40535712242126465,0.010302853866993648,-0.00870188033710472,-0.0005581214077501729,0.0160899083815349,-0.02417509406138052,0.09622277521588574,-0.05031799525022507,-0.09439051151275629,0.4230508506298065,0.19610513578118485,0.8367840852649756,25.905141861412705,-0.03217286389414325,0.10520820361829905,-0.012866010058994223,0.003415013001358602,1
16.392584323883057,-0.0019080881029367447,-0.06691433489322662,0.40535712242126465,0.010302853866993648,-0.00870188033710472,-0.0005581214077501729,0.0160899083815349,-0.02417509406138052,0.09622277521588574,-0.05031799525022507,-0.09439051151275629,0.4230508506298065,0.1925966556094772,0.8355213202899043,25.92222050773802,-0.023964387531740135,0.11820910062569187,-0.013158953703609094,0.0007968640002218308,1
16.402554273605347,-0.0013771300436928868,-0.06753834336996078,0.4053560793399811,0.005338918940208443,-0.00581426912459838,0.002649075823400954,0.01466207091555427,-0.026697140920120432,0.10689065063109959,-0.049290627241134644,-0.11336925625801081,0.43187960982322693,0.18985787079006514,0.8463493027267358,25.92239240479953,-0.022958887037095522,0.11565109256858506,-0.013630534960725726,0.0034282139986316906,1
16.413886308670044,-0.001111899153329432,-0.06779923290014267,0.4053332805633545,0.013480625231600247,-0.008053698376579327,-0.005350604620409619,0.013945258101178304,-0.028040320801201446,0.11084911301658318,-0.05632006376981735,-0.11157515645027155,0.4174565076828003,0.20681552877489062,0.8327724614033175,25.916503249389745,-0.019745301285112007,0.1355034736254891,-0.014137556985508401,0.001938974000950111,1
16.422368049621582,-0.001111899153329432,-0.06779923290014267,0.4053332805633545,0.013480625231600247,-0.008053698376579327,-0.005350604620409619,0.013945258101178304,-0.028040320801201446,0.11084911301658318,-0.05632006376981735,-0.11157515645027155,0.4174565076828003,0.2040085771785704,0.831913439189994,25.93696691222605,-0.014439599672807932,0.13803407918479127,-0.014399930413873,0.001818071999878157,1
16.432297229766846,-0.0008419216028414667,-0.0681033581495285,0.40531253814697266,0.006121810067801287,-0.009941833088260374,0.0031022406186247678,0.013424988114410397,-0.028581193954839268,0.11504575962330321,-0.05593430995941162,-0.10937669873237604,0.41839438676834106,0.2184500378462914,0.8329069182231035,25.9177447643725,-0.01321571728022442,0.13916756717724346,-0.014753521215808458,0.0017021289986587362,1
16.44258213043213,-0.0003081848844885826,-0.06865959614515305,0.40526703000068665,0.01208939881877878,-0.007036725745745643,-0.002056315962134046,0.012140213388885712,-0.030746863454749196,0.12308041596607033,-0.053232550621032715,-0.10366430878639216,0.39893561601638794,0.22065180239493162,0.8298880819210263,25.92954220468933,-0.012655288416601454,0.13119293237317264,-0.015112319727555472,0.0034444880002411082,1
16.452237129211426,-0.0003081848844885826,-0.06865959614515305,0.40526703000068665,0.01208939881877878,-0.007036725745745643,-0.002056315962134046,0.012140213388885712,-0.030746863454749196,0.12308041596607033,-0.053232550621032715,-0.10366430878639216,0.39893561601638794,0.2201813205955485,0.8273466806216693,25.93066450920863,-0.01049374726298112,0.1417252918897946,-0.015292674599088795,0.0009125279993895674,1
16.462400436401367,0.00025969036505557597,-0.06920209527015686,0.40524739027023315,0.013604619621131988,-0.005958706871969819,-0.003228681820738543,0.011501105129235523,-0.03156692536555461,0.1272062604341042,-0.05070452019572258,-0.07577007263898844,0.3995727002620697,0.2198592245496977,0.8258136615366761,25.930831762854655,-0.01050084161842859,0.1419166483931035,-0.01533816942446324,0.003083806999711669,1
16.472856044769287,0.000565618509426713,-0.06946059316396713,0.4052382707595825,0.008735100801702063,-0.004915699687368102,0.0014210389043395133,0.010597070266208153,-0.03295163539590673,0.13304904207289958,-0.046073541045188904,-0.08915366232395168,0.3908413350582123,0.22883071135665567,0.8197007054593938,25.92194430910453,-0.009333679891364098,0.14115691293145366,-0.01590490719657487,0.0008606329993199324,1
16.48244619369507,0.0008603212772868574,-0.06973896920681,0.4052409529685974,0.011665593983248249,-0.008768984812201475,0.0006576716399653355,0.010048216914198882,-0.03370199471693214,0.13699568772074322,-0.04159335047006607,-0.08033446967601772,0.3914755582809448,0.23074048952957282,0.8254498757915657,25.922698651613498,-0.011093955296641275,0.13761469007290164,-0.016302453166092825,0.0026406380002299557,1
16.492292881011963,0.0008603212772868574,-0.06973896920681,0.4052409529685974,0.011665593983248249,-0.008768984812201475,0.0006576716399653355,0.010048216914198882,-0.03370199471693214,0.13699568772074322,-0.04159335047006607,-0.08033446967601772,0.3914755582809448,0.2312289840669644,0.8297285424472405,25.922798442355226,-0.0103273462200999,0.1385561075372141,-0.016401410484372315,0.0008083190004981589,1
16.50246286392212,0.0014793116133660078,-0.07021323591470718,0.4052554965019226,0.011995522451820454,-0.007409588603931166,0.0015417119138399823,0.008712034567401439,-0.03515174388850806,0.14653616056586616,-0.041780587285757065,-0.04690664261579509,0.38440167903900146,0.23147510640684768,0.8097898210995154,25.920034066788848,-0.007762892225862133,0.1293399123282432,-0.016622926038723368,0.00289725000038743,1
16.512296438217163,0.0014793116133660078,-0.07021323591470718,0.4052554965019226,0.011995522451820454,-0.007409588603931166,0.0015417119138399823,0.008712034567401439,-0.03515174388850806,0.14653616056586616,-0.041780587285757065,-0.04690664261579509,0.38440167903900146,0.2310884325212857,0.8166413364589193,25.92018356803191,-0.006216116632685445,0.12577557868659667,-0.017015474382828535,0.000791345999459736,1
16.522541284561157,0.001783096115104854,-0.07049258053302765,0.40528208017349243,0.007930963315539637,-0.0032846032848445335,0.004484388527396262,0.008464915135622864,-0.035364980434984705,0.1484222958717032,-0.039904702454805374,-0.04140186682343478,0.37704750895500183,0.23709803872338528,0.81074579569778,25.912337398672275,-0.006006436313791923,0.12384403417365412,-0.017187689799408882,0.0024790170009509893,1
16.532339096069336,0.0020810209680348635,-0.07067351788282394,0.4053129553794861,0.012980142421858878,0.0043116704926749825,0.0014683770609353972,0.007803130206120112,-0.03576291878915239,0.1539748313449607,-0.039917975664138794,-0.024616930633783295,0.37566637992858887,0.2276019521608494,0.7914352358242133,25.919238233037284,-0.0034191817678329386,0.11599509083106635,-0.01755280349558603,0.000810622999779298,1
16.5423481464386,0.002417690120637417,-0.0708979144692421,0.4053289592266083,0.010495153255584963,-0.006910130381962834,0.005173764657156238,0.007325240623996088,-0.03574411610192474,0.15765873299832434,-0.04028698056936264,-0.009825601242482617,0.36294665932655334,0.22873568897841584,0.8041956523666041,25.91034667541674,-0.0029961422899366114,0.10876371724658097,-0.017782273682905143,0.002359721000175341,1
16.552538871765137,0.0026849769055843353,-0.07112391293048859,0.4053904414176941,0.004990320600648048,0.0031048788687995602,0.005921381073266294,0.006925214554702741,-0.035662321779758255,0.16138664146198867,-0.03819308429956436,0.011756657622754617,0.3571252226829529,0.23613461942848007,0.78750800230131,25.906797605807885,-0.00186066418220779,0.09796784829339489,-0.018031308891949153,0.0007951179995870916,1
16.562307834625244,0.0029962908010929823,-0.07130729407072067,0.40540772676467896,0.014481885351882018,-0.0009466472587119237,0.0005759294623971185,0.006201971983542887,-0.03522450175183822,0.16659553465289445,-0.03399011120200157,0.031441964209079784,0.35309967398643494,0.22030361370165874,0.7903014503646467,25.920485339467653,-0.0023793616408064747,0.08589231936358542,-0.018357841948921653,0.000789879000876681,1
16.572494983673096,0.0035758493468165398,-0.07168162614107132,0.40547701716423035,0.011407742272258232,0.0032525195390930637,0.00030085671720789784,0.006015557026600504,-0.03482364254959691,0.16843360852635048,-0.03151412680745125,0.05674580112099652,0.3479970097541809,0.21074599200295147,0.7920116604977584,25.9225366586058,-0.0023491015251311787,0.0857231497649606,-0.018451565108868917,0.0030780799988860963,1
16.582473278045654,0.0039003307465463877,-0.0718410387635231,0.4054733216762543,0.009592915753420396,0.004281967627970588,0.0021119418568740778,0.005283092737055739,-0.03425024927493059,0.17358041469615548,-0.04028645157814026,0.06337694823741917,0.34882256388664246,0.2057827730525471,0.7841341701330224,25.923272868113383,-0.002684189261071211,0.0721563418108228,-0.018541586158497856,0.001054103999194922,1
16.592448234558105,0.004182544536888599,-0.0720001682639122,0.40549132227897644,0.008698689708010415,0.0026199045632344462,0.0016795456374433756,0.004827710354881276,-0.033083248544074184,0.17703310465161337,-0.03346433490514755,0.09442675113677983,0.34065747261047363,0.2044349879992633,0.7748158630812889,25.918693014754858,0.00384803759674229,0.06709222476816135,-0.01891152634549209,0.0031404509991261875,1
16.60232901573181,0.004491174127906561,-0.07215447723865509,0.4054887592792511,0.01042332877480645,0.007203617542021732,-0.00023843407428266911,0.004352436259036807,-0.03236762153074002,0.1804697800781847,-0.039177510887384415,0.09983199834823613,0.3390868604183197,0.201333135006309,0.7730718244011489,25.919025658526508,0.0016063280017238261,0.04826957253896554,-0.019133976886050875,0.0008785139998508384,1
16.61247229576111,0.00478736124932766,-0.07226064801216125,0.40548035502433777,0.009063330539494353,0.006781718624810305,-0.001198164200670277,0.0036511412092505857,-0.030551602036561043,0.18541754221554552,-0.0401715487241745,0.11804607510566716,0.3310546576976776,0.19220625246165224,0.76181269391812,25.924259507147877,0.006184537392468889,0.042961547598977155,-0.019406467744075007,0.0024336179994861595,1
16.62224006652832,0.00478736124932766,-0.07226064801216125,0.40548035502433777,0.009063330539494353,0.006781718624810305,-0.001198164200670277,0.0036511412092505857,-0.030551602036561043,0.18541754221554552,-0.0401715487241745,0.11804607510566716,0.3310546576976776,0.1850836421365154,0.7545065867782452,25.927599963381578,0.008601617355153876,0.028722526670173304,-0.01971724416018657,0.000809575998573564,1
16.632541179656982,0.005377426277846098,-0.07249557971954346,0.40543609857559204,0.009750631611531049,0.015382519937004594,-0.0028408500338293723,0.0028922425049038303,-0.02802879011322368,0.19188691189257767,-0.03392106667160988,0.12777940928936007,0.32393011450767517,0.17901206548035128,0.7568908072022402,25.927479034070597,0.005607784890181379,0.021869531466881326,-0.019963666208649217,0.002448912999170716,1
16.64226269721985,0.005377426277846098,-0.07249557971954346,0.40543609857559204,0.009750631611531049,0.015382519937004594,-0.0028408500338293723,0.0028922425049038303,-0.02802879011322368,0.19188691189257767,-0.03392106667160988,0.12777940928936007,0.32393011450767517,0.16567588861520194,0.7327819860311907,25.932664957322537,0.008367891104713764,0.01605634965051396,-0.020200367824700253,0.0008289229990623426,1
16.652556896209717,0.006004930939525366,-0.07268836349248886,0.40533432364463806,0.005543493452313697,0.013642159356171206,-0.0019514419693313046,0.002414332646215378,-0.026731365648757333,0.1950646403334404,-0.028716839849948883,0.14264605939388278,0.31725290417671204,0.1620369170692336,0.7209555304132003,25.931393790563256,0.006943736956459575,0.005220503715190035,-0.020402796845019736,0.003227199998946162,1
16.66275644302368,0.006293704733252525,-0.07270807027816772,0.40527188777923584,0.014144534731418499,0.016074318785471067,-0.009308958376289003,0.0017676353340485562,-0.023851547257926153,0.2013220787470309,-0.01816200092434883,0.15106914937496188,0.3116978406906128,0.13471934188994886,0.712180714213982,25.950950010391644,0.003551502753963053,-0.008234577544165123,-0.020769335755567542,0.0009209789986925898,1
16.672558784484863,0.0066601489670574665,-0.07279923558235168,0.4051762819290161,0.014493431656372154,0.007935031691664058,-0.004882364019342616,0.0017676353340485562,-0.023851547257926153,0.2013220787470309,-0.01816200092434883,0.15106914937496188,0.3116978406906128,0.11879431600071626,0.7260032193393394,25.94253632411872,0.002669364417410283,-0.008336467075299975,-0.020875471594098506,0.0027098549999209354,1
16.682535886764526,0.006958667654544115,-0.07281706482172012,0.40511924028396606,0.007865318854283519,0.024568563365794334,-0.005933672648272764,0.0015550409254361242,-0.02124618814664192,0.20587659853329932,-0.011079244315624237,0.1513158828020096,0.3060038387775421,0.10920524153412056,0.7343802293213584,25.94129662351829,0.0026947402605111757,-0.008294148472672843,-0.020906919990083928,0.0010821830001077615,1
16.69248390197754,0.007290327455848455,-0.07278884947299957,0.4050196409225464,0.01763140181474557,0.01473375826732356,-0.010234611059901855,0.0012824284020918064,-0.020043236544358134,0.20878742220552882,-0.002946915803477168,0.16242152452468875,0.29357489943504333,0.10510793828002225,0.6993977399361242,25.944033351538533,0.0013764783731405315,-0.015571336983913069,-0.021147372379703627,0.0011535640005604364,1
16.70224642753601,0.007290327455848455,-0.07278884947299957,0.4050196409225464,0.01763140181474557,0.01473375826732356,-0.010234611059901855,0.0012824284020918064,-0.020043236544358134,0.20878742220552882,-0.002946915803477168,0.16242152452468875,0.29357489943504333,0.08194620835884232,0.7053648355527259,25.9561946780929,-0.003132823638429603,-0.02539915842754301,-0.021274021217885172,0.000980835999143892,1
16.712536811828613,0.007955998182296753,-0.07278575003147125,0.40486496686935425,0.017414334794086644,0.023936184341879264,-0.007952725492451726,0.001266227327018754,-0.01692639889821379,0.21456191842009575,0.005008366424590349,0.14990904927253726,0.27860432863235474,0.0764195661977055,0.7000599666699382,25.94352361631555,-0.0015053757482517435,-0.01870683885274698,-0.021463383494143996,0.0029941259999759495,1
16.72230887413025,0.007955998182296753,-0.07278575003147125,0.40486496686935425,0.017414334794086644,0.023936184341879264,-0.007952725492451726,0.001266227327018754,-0.01692639889821379,0.21456191842009575,0.005008366424590349,0.14990904927253726,0.27860432863235474,0.053199759276532324,0.6862905303096837,25.950664970046876,-0.00640538734032652,-0.02828487286516368,-0.021593838557745763,0.0007981220005603973,1
16.73247194290161,0.008657907135784626,-0.07269217073917389,0.40473368763923645,0.011857746192598774,0.026873288962816988,-0.0009308895975044745,0.0011973972112753195,-0.013652883976848607,0.22129977064540363,0.0031079770997166634,0.12169621884822848,0.2622140347957611,0.03850749317846863,0.6872597659849758,25.94162627491567,-0.0031360862353023984,-0.01959978881897475,-0.021808552643688566,0.0032083410005725455,1
16.742493867874146,0.008657907135784626,-0.07269217073917389,0.40473368763923645,0.011857746192598774,0.026873288962816988,-0.0009308895975044745,0.0011973972112753195,-0.013652883976848607,0.22129977064540363,0.0031079770997166634,0.12169621884822848,0.2622140347957611,0.03427017518805151,0.669174372277736,25.932345066339238,-0.0051749781281984755,-0.023130091184816653,-0.02199438155356432,0.0008322760004375596,1
16.752439498901367,0.008657907135784626,-0.07269217073917389,0.40473368763923645,0.011857746192598774,0.026873288962816988,-0.0009308895975044745,0.0011973972112753195,-0.013652883976848607,0.22129977064540363,0.0031079770997166634,0.12169621884822848,0.2622140347957611,0.031708204237317766,0.6582433940276743,25.930970906200635,-0.005249617082172423,-0.023184792958845818,-0.022046770867136162,0.0023810239999875193,1
16.762333393096924,0.009768557734787464,-0.07241618633270264,0.40464016795158386,0.02149741530429442,0.03152858842360896,-6.161807412231715e-05,0.0012451645025826075,-0.011279141771646461,0.22641115998754913,0.0025551929138600826,0.09012196958065036,0.2567901909351349,0.00012260249515584631,0.6462290489002993,25.928907786621288,-0.004991486019718567,-0.0152742135308787,-0.022319883538684276,0.0007919050003692973,1
16.772665977478027,0.010191643610596657,-0.07229790836572647,0.4046201705932617,0.023963807121750405,0.028586581368328576,0.002728999826267441,0.0013852106385381369,-0.009507604198530029,0.23130859162161377,0.009348900988698006,0.08039516210556033,0.23789246380329132,-0.026875820166111952,0.6478042663499414,25.921293229849752,-0.00926143538115053,-0.015472983727577135,-0.02254934214615648,0.0025036030001501786,1
16.78248405456543,0.010581234470009804,-0.07214672118425369,0.4046451449394226,0.01881531622469754,0.035788379622987206,0.005964177195898691,0.0013852106385381369,-0.009507604198530029,0.23130859162161377,0.009348900988698006,0.08039516210556033,0.23789246380329132,-0.03751353967987622,0.6296508278830927,25.91155941862146,-0.008576756734956923,-0.01513325868019053,-0.02261900308852972,0.0007948390011733864,1
16.79247546195984,0.011007697321474552,-0.0719887912273407,0.40465497970581055,0.030066748445421124,0.03099985469194773,0.0010615408194180498,0.0014803077659863995,-0.008559163487086963,0.23497856917749305,0.005010454449802637,0.05949280783534053,0.23792192339897156,-0.043956545400828925,0.6186921819090826,25.910119088439803,-0.008614624913108148,-0.015098481355250723,-0.022638631623274855,0.0023676140008319635,1
16.80245614051819,0.011465982533991337,-0.07182067632675171,0.4046699106693268,0.022872401460068473,0.03731486571140468,0.005899646317969011,0.001554564458986718,-0.007894948821052683,0.23713521949614602,0.0061546009965240955,0.05495032668113711,0.23547674715518951,-0.06047691987586579,0.6108355058549398,25.910044386107177,-0.00742407859072485,-0.006525644031743844,-0.02298664124474153,0.000795118001406081,1
16.812469482421875,0.011879480443894863,-0.0715935230255127,0.40470460057258606,0.027553736598330606,0.039836939721724196,0.0017176165857016527,0.001602875451718333,-0.0072815853969441235,0.2394203041401144,0.0023091104812920094,0.03871519863605502,0.21176749467849731,-0.07154663180900228,0.6059669074962755,25.909995886345868,-0.007554075398567903,-0.007260531993151736,-0.023079212221307432,0.0024907509996410226,1
16.822423219680786,0.012375024147331715,-0.07138707488775253,0.4046960473060608,0.03138811526703012,0.037472803061870855,0.002281944729401618,0.001563778263082849,-0.007184603867120831,0.24150054220476003,-0.001966402167454362,0.02121065929532054,0.2213253229856491,-0.09117802679659465,0.5993972938406019,25.92090555806543,-0.0056594963173301725,-0.001397468354013197,-0.023064471207668774,0.0008076209996943362,1
16.832507610321045,0.012823520228266716,-0.07114080339670181,0.4047291576862335,0.025520984239964215,0.04418791157507409,0.004494017490909657,0.0015753375126466018,-0.00656394848163977,0.24471054824108496,-0.001835413509979844,0.031136967241764093,0.2088794708251953,-0.11080329874365544,0.6021871449217708,25.92111643150373,-0.00371058376828913,0.0068892849750148725,-0.0232620081342532,0.002599080999061698,1
16.842534065246582,0.012823520228266716,-0.07114080339670181,0.4047291576862335,0.025520984239964215,0.04418791157507409,0.004494017490909657,0.0015753375126466018,-0.00656394848163977,0.24471054824108496,-0.001835413509979844,0.031136967241764093,0.2088794708251953,-0.11701096036619936,0.5853105047723819,25.915175909636773,-0.0031017032686838286,0.0007008598423109353,-0.023423312418561992,0.0012854319993493846,1
16.85243010520935,0.013315717689692974,-0.0708848088979721,0.40472713112831116,0.03621643000350187,0.04104388530016813,-0.0005133705463061555,0.0015096273537351657,-0.00673785063965493,0.2465412083219478,-0.0033955450635403395,0.014536303468048597,0.19814464449882507,-0.14265130165834372,0.5875289223200114,25.927553905590997,-0.002631991242560991,0.008476724040213806,-0.023493176844104003,0.0024255150001408765,1
16.86251449584961,0.013825672678649426,-0.07063063234090805,0.40473800897598267,0.028124925616382454,0.04532687411544614,0.005108523668909595,0.0015341930584402697,-0.006425425766284132,0.2484742153117816,-0.008191607892513275,-0.01620586588978765,0.19238460063934326,-0.14293985067568468,0.5739767421444117,25.91457461155155,0.0002292580404536517,0.023701648369196297,-0.023602308463683636,0.0009435390002181521,1
16.872483253479004,0.014299766160547733,-0.0703267753124237,0.404756635427475,0.034126068322317606,0.04628974632006807,-0.0015317803227614746,0.0013714702320104522,-0.0068172368359391555,0.25045031179851707,-0.0116027956828475,0.0016844822093844644,0.18779641389846802,-0.159153511154641,0.5659517134822848,25.930102928858403,0.0023701430123476085,0.015601760323107922,-0.02371130700195429,0.0024663050007802667,1
16.882497549057007,0.015390055254101753,-0.06971120834350586,0.40474292635917664,0.03206225607874313,0.05291482006423104,0.0026397001682783123,0.0012065958259710463,-0.006893934323224826,0.2520118219275602,-0.020893778651952744,-0.035458769649267176,0.1678905040025711,-0.1699757779237944,0.5427735641121619,25.921580634046094,0.008148043160258849,0.03418737083793894,-0.02369651405033177,0.0008161419991665753,1
16.892527103424072,0.015934891998767853,-0.06935979425907135,0.40471985936164856,0.04127783365362447,0.04938534996000834,-0.003035018695739192,0.0009611848453316973,-0.007420008936259492,0.2547304790427978,-0.013171818107366562,-0.04275170713663099,0.17140047252178192,-0.19490832079225928,0.5415796895638423,25.935413019544075,0.004574210628682469,0.03893663470513325,-0.02388048601312911,0.0024176930000976427,1
16.902634620666504,0.015934891998767853,-0.06935979425907135,0.40471985936164856,0.04127783365362447,0.04938534996000834,-0.003035018695739192,0.0009611848453316973,-0.007420008936259492,0.2547304790427978,-0.013171818107366562,-0.04275170713663099,0.17140047252178192,-0.20999744769465192,0.540865273740644,25.937475632194197,0.004503873723112683,0.03908155839488457,-0.023929441714626878,0.0007858289991418133,1
16.912521600723267,0.017036346718668938,-0.06861317902803421,0.40470069646835327,0.03925164348469449,0.0552276637298912,-0.0022132738797189413,0.0005678611806527734,-0.008549989326306129,0.2585988577562852,-0.01690465584397316,-0.05584000051021574,0.15375849604606628,-0.21082829158508765,0.5241479462664654,25.925122979914217,0.005108356149604212,0.039516725900641064,-0.023944903242728507,0.0032759509995230474,1
16.92251181602478,0.017036346718668938,-0.06861317902803421,0.40470069646835327,0.03925164348469449,0.0552276637298912,-0.0022132738797189413,0.0005678611806527734,-0.008549989326306129,0.2585988577562852,-0.01690465584397316,-0.05584000051021574,0.15375849604606628,-0.21961699298708356,0.5135734840709272,25.93399586539154,0.008073869909219622,0.048866224033948615,-0.02405883428753041,0.0007995890009624418,1
16.932511806488037,0.018221190199255943,-0.06782911717891693,0.4046860337257385,0.035448865527799696,0.06147206515809347,0.001871286279776472,0.00034816753699562497,-0.009408809913331595,0.2615339355079276,-0.010041698813438416,-0.049446042627096155,0.14235396683216095,-0.2375623804524641,0.5130037419102538,25.937400470923496,0.006740158038282017,0.04994430288748925,-0.024156456523867362,0.002998316000230261,1
16.942513465881348,0.018221190199255943,-0.06782911717891693,0.4046860337257385,0.035448865527799696,0.06147206515809347,0.001871286279776472,0.00034816753699562497,-0.009408809913331595,0.2615339355079276,-0.010041698813438416,-0.049446042627096155,0.14235396683216095,-0.2352894550485314,0.48925137347699504,25.925179274768848,0.005939526063662885,0.04846678599273108,-0.02420936200381463,0.0008051059994613752,1
16.952283143997192,0.018221190199255943,-0.06782911717891693,0.4046860337257385,0.035448865527799696,0.06147206515809347,0.001871286279776472,0.00034816753699562497,-0.009408809913331595,0.2615339355079276,-0.010041698813438416,-0.049446042627096155,0.14235396683216095,-0.23392068141846845,0.47489131221988223,25.92336580887128,0.005863650761698507,0.04843520824341359,-0.024226000549558948,0.0026329559987061657,1
16.96250867843628,0.019433557987213135,-0.06693846732378006,0.4046718180179596,0.0432074778130782,0.06258382646450725,0.0016729327607967832,1.8073567327192563e-05,-0.010920949859290374,0.2639133303309871,-0.014284463599324226,-0.06610310077667235,0.13475629687309265,-0.25185038657212844,0.4653521875711662,25.923904229014504,0.008863942764596622,0.06025813943181147,-0.02431913551805677,0.0008090179999271641,1
16.9725239276886,0.02001659944653511,-0.06647606939077377,0.40469905734062195,0.03963908215093693,0.05977857096135994,0.002162669077507095,-0.00017044459173831683,-0.011904512852676685,0.26519441960747114,-0.009246980771422386,-0.07804753631353377,0.11530201137065889,-0.25280358292157956,0.4626053572129702,25.92267822135648,0.006773752621843003,0.06963417314449905,-0.024285428849339166,0.002528676001020358,1
16.98253631591797,0.021251235157251358,-0.06549033522605896,0.40473124384880066,0.0382752596827984,0.06756755891028204,0.0017890412092179328,-0.0002588797345990379,-0.012952172273572149,0.2662008066216335,-0.010749581269919872,-0.08839531987905501,0.11768463253974916,-0.2578747276013959,0.440049420319081,25.923497549718732,0.008548319147048906,0.07781056543700941,-0.024351194169516106,0.0008141859998431755,1
16.99242401123047,0.02185888960957527,-0.0650130957365036,0.40476053953170776,0.04592346027940034,0.06424861401083005,-0.001301459153332899,-0.0005126894069142907,-0.01435300202848433,0.26793904013454384,-0.017710499465465546,-0.09810929745435713,0.11163263022899629,-0.2744029801563103,0.4362911270504368,25.93188902875105,0.012252864327592216,0.08620700822559162,-0.024436357818886638,0.0024290080000355374,1
17.002438068389893,0.022507192566990852,-0.06448835134506226,0.4047694504261017,0.04420989701101506,0.07144539080806965,0.0009773153739510224,-0.0004725349517435973,-0.015511534625459511,0.2687674877469526,0.004836000967770815,-0.09823705255985259,0.09427668899297716,-0.28601018397660094,0.4177130118865509,25.927187655733057,0.0017103436080659704,0.08968506845298999,-0.02436707215139186,0.0007954669999890029,1
17.01244592666626,0.023109743371605873,-0.06396617740392685,0.40480342507362366,0.040102719258496795,0.06437442496468744,0.004175540559253774,-0.00042107535800584017,-0.016395537844793306,0.2697956545755975,0.0030839559622108936,-0.1128949150443077,0.1015027016401291,-0.293038681735172,0.40645826411729874,25.926502645259728,0.0014852855885201424,0.08977008312724964,-0.024344410733101684,0.0031720919996587327,1
17.02249574661255,0.023705262690782547,-0.06345437467098236,0.40483784675598145,0.04236393013901035,0.07212597146530704,0.00014012468230227687,-0.000387015471573271,-0.017735757370195948,0.270783693969328,0.001526090782135725,-0.11239059269428252,0.10262770205736162,-0.2841257486443105,0.4115190717493587,25.917930593876445,0.0016606011710185802,0.1001017680683361,-0.02447030186576931,0.0009415830008947523,1
17.032316207885742,0.024329587817192078,-0.06289087980985641,0.4048491418361664,0.04438638060223189,0.06906425153064306,0.0014535760940257998,-0.00017346666123785326,-0.019473897799956674,0.2718841520885307,0.016318699344992638,-0.12331587821245192,0.0787205994129181,-0.28787761983748944,0.39748416359702315,25.927323203440352,0.0030593382838699037,0.10345646716959393,-0.024566978306382863,0.003128158999970765,1
17.042256355285645,0.024329587817192078,-0.06289087980985641,0.4048491418361664,0.04438638060223189,0.06906425153064306,0.0014535760940257998,-0.00017346666123785326,-0.019473897799956674,0.2718841520885307,0.016318699344992638,-0.12331587821245192,0.0787205994129181,-0.29144939843825535,0.3972737300283383,25.92540754869511,-0.005235727203570293,0.11378337342622272,-0.024480645658503074,0.0008308790002047317,1
17.05251669883728,0.025508876889944077,-0.06183839961886406,0.4049537479877472,0.04163982249208836,0.07725054945966146,0.000647661593950875,0.0005201897911319975,-0.022138492351825967,0.27360275179839544,0.029643850401043892,-0.12208403646945952,0.08515938371419908,-0.2793815641582024,0.40320116870346406,25.917819994335947,-0.01303284010366148,0.1191064003859825,-0.024594207207606234,0.0030256950012699235,1
17.062413454055786,0.025508876889944077,-0.06183839961886406,0.4049537479877472,0.04163982249208836,0.07725054945966146,0.000647661593950875,0.0005201897911319975,-0.022138492351825967,0.27360275179839544,0.029643850401043892,-0.12208403646945952,0.08515938371419908,-0.2853374647989747,0.38082688197929004,25.925955938864895,-0.013200510630657507,0.12100636884522249,-0.024623876879679155,0.001758074000463239,1
17.072389602661133,0.02663729153573513,-0.060802996158599854,0.4050859212875366,0.030128401482443553,0.06894052754144356,0.007462892652045136,0.0013840392988724304,-0.024411217693927956,0.27528041324285146,0.051897864788770676,-0.12356095016002654,0.0705033913254738,-0.2791518722593111,0.39734317205027303,25.914827231759634,-0.021129752616393,0.12748907286270794,-0.024648420053991472,0.002972893000332988,1
17.08248805999756,0.02663729153573513,-0.060802996158599854,0.4050859212875366,0.030128401482443553,0.06894052754144356,0.007462892652045136,0.0013840392988724304,-0.024411217693927956,0.27528041324285146,0.051897864788770676,-0.12356095016002654,0.0705033913254738,-0.2568786864817975,0.3893660748262563,25.907059516464297,-0.027365579822514554,0.12944843822377217,-0.024633904467127425,0.0008313679991260869,1
17.092312335968018,0.02771923877298832,-0.059764325618743896,0.4052104353904724,0.0346029036746328,0.06241593991331256,0.007325155817980113,0.0019343423986923902,-0.025833059799014624,0.2760067597917879,0.07005718350410461,-0.09925731271505354,0.08318848162889482,-0.253740800850727,0.40156396019751833,25.90588720520905,-0.03873803493904326,0.12104414241461398,-0.024758485577573045,0.002405539999017492,1
17.10257315635681,0.02819974161684513,-0.059258364140987396,0.4053027927875519,0.028982166029337245,0.06935612164771936,0.005544609023672868,0.002962073142083632,-0.027016420396694052,0.27713087058288544,0.06365380436182022,-0.10286322981119154,0.0763484761118889,-0.24293855342060916,0.39032811103316145,25.910106036089633,-0.03788680501017926,0.12637914075575318,-0.02480776561550076,0.0007938609996926971,1
17.11230731010437,0.028705786913633347,-0.05875126272439957,0.4053603410720825,0.03576381164271353,0.06352855997683235,0.00317773593344008,0.0036067100221655046,-0.028172053139546183,0.2778927219527896,0.06769317388534546,-0.09586913138628005,0.07841666787862779,-0.24779310161608542,0.401112437206485,25.916896472791194,-0.04245269242591154,0.12579406618526823,-0.02488677244534218,0.002458482000292861,1
17.122609853744507,0.0291898213326931,-0.05826329067349434,0.4054335057735443,0.026983284740410212,0.0657863916412538,0.006577792609408984,0.0044011611557661645,-0.0286929154221931,0.27864121072164716,0.07529924064874649,-0.07815122604370116,0.0817764773964882,-0.23506278793303617,0.3988023271036363,25.908725490437277,-0.04705048333926969,0.11837797700676618,-0.024973187886193682,0.0008227769994846312,1
17.132490634918213,0.02963189408183098,-0.05777345970273018,0.405517578125,0.028246720981446715,0.0632336294697529,0.00492239943200814,0.005489467590652275,-0.02960752806923317,0.2798039733821289,0.07290402054786682,-0.04959324374794959,0.07714007049798965,-0.22882577876117424,0.39649964128001003,25.90729510334479,-0.04821705688916652,0.11891309347584572,-0.024994527910898616,0.0028100839990656823,1
17.142309427261353,0.030076688155531883,-0.05729246139526367,0.40559035539627075,0.02714931961213766,0.0648791054570461,0.004827712434503308,0.006233865831350105,-0.029816356779770015,0.28052079338098235,0.07568878680467606,-0.02798255532979964,0.07492581754922867,-0.22847500811242713,0.40237124869393587,25.911100355327246,-0.050512800353929875,0.10720453723766715,-0.025044581378292862,0.0010457230000611162,1
17.15248465538025,0.030515192076563835,-0.0568404346704483,0.4056534469127655,0.0262766741035154,0.05773789170468798,0.00511134162282777,0.006988889974803847,-0.029957108593669624,0.28139756213679457,0.07907821983098984,-0.013533661141991605,0.08285979926586151,-0.225862004419911,0.4187239939630907,25.9106475677091,-0.057346160883401054,0.09006041676076226,-0.025191334741450307,0.0026122809995285934,1
17.16250228881836,0.030515192076563835,-0.0568404346704483,0.4056534469127655,0.0262766741035154,0.05773789170468798,0.00511134162282777,0.006988889974803847,-0.029957108593669624,0.28139756213679457,0.07907821983098984,-0.013533661141991605,0.08285979926586151,-0.22554397959136294,0.42775787019143,25.910398643794736,-0.0584374949378468,0.08992875283451539,-0.02522494367659428,0.0007989589994394919,1
17.172329664230347,0.031286247074604034,-0.05594649538397789,0.4057827889919281,0.02479677399217251,0.06428289384909133,0.0003365155452264932,0.008610874601237661,-0.02974647055478785,0.28285840682347185,0.08079046756029129,0.03930752351880074,0.08181674033403397,-0.21829731304883074,0.42302397764742006,25.908168871043376,-0.06334413045992816,0.07964537336225665,-0.025250689381372166,0.002799117999529699,1
17.182503700256348,0.031286247074604034,-0.05594649538397789,0.4057827889919281,0.02479677399217251,0.06428289384909133,0.0003365155452264932,0.008610874601237661,-0.02974647055478785,0.28285840682347185,0.08079046756029129,0.03930752351880074,0.08181674033403397,-0.22934283162147426,0.4163562758131617,25.921958902462848,-0.06347194065300436,0.06271122508471821,-0.025307517662160828,0.000810622999779298,1
17.192323207855225,0.03202325478196144,-0.05513996630907059,0.40587055683135986,0.015520431018480847,0.06072638214196057,0.002316738412500499,0.00944342901326678,-0.029132294217601107,0.28367969723710607,0.08239203691482544,0.04207883402705193,0.07565495371818542,-0.2191958618639642,0.41360285477416,25.918232360474615,-0.06677595608406589,0.060121670974324665,-0.025327089235840566,0.0024012100002437364,1
17.20251727104187,0.0323864109814167,-0.05472347140312195,0.4058735966682434,0.024714732119307026,0.054062214433843236,-0.004020858373597036,0.01074433373394168,-0.028469865541203898,0.28483419412556454,0.08752897381782532,0.05786606669425965,0.07621813565492629,-0.23177440122657,0.4353195521237569,25.934263227257432,-0.07401052919880795,0.04967221225545048,-0.025398355915278465,0.0008184460002667038,1
17.212332010269165,0.03274916857481003,-0.054379504173994064,0.4058835506439209,0.01543646003907124,0.05171203643204839,0.0029000829904331964,0.011587364564531466,-0.027471766513271767,0.2855332914956823,0.08185883611440659,0.07772145420312883,0.08736576139926909,-0.2247808072873519,0.44726433929906984,25.918066249467202,-0.0736745225314782,0.037512423278891316,-0.02555459298338135,0.0024293570004374487,1
17.222350597381592,0.03274916857481003,-0.054379504173994064,0.4058835506439209,0.01543646003907124,0.05171203643204839,0.0029000829904331964,0.011587364564531466,-0.027471766513271767,0.2855332914956823,0.08185883611440659,0.07772145420312883,0.08736576139926909,-0.2204856536202194,0.4544914575862612,25.91565065631485,-0.07362487238180113,0.03728458860842811,-0.02559046092225419,0.0007974229993124027,1
17.23249077796936,0.0333506278693676,-0.05365036800503731,0.40590205788612366,0.018416119662966208,0.04819065748786958,-0.0011580868984445323,0.013234152032009394,-0.025923654822939124,0.2871016221852507,0.08894240856170654,0.10643138736486436,0.0764019265770912,-0.21788271440728768,0.45885930419833165,25.915283248731246,-0.07360414527559105,0.03726964184104008,-0.025599712395528083,0.0030880670001351973,1
17.242366552352905,0.03362037613987923,-0.05333184078335762,0.4059332311153412,0.007706071106147956,0.05048288032400165,0.004724089123007242,0.014542484207511475,-0.024073601958182866,0.2883346558283235,0.082434743642807,0.11567437648773195,0.07606460154056548,-0.22829865865753776,0.473715235150196,25.925586628174987,-0.0823501365509774,0.018301184676341755,-0.025596304566948825,0.0010407640002085827,1
17.252496480941772,0.03387082740664482,-0.053023044019937515,0.40595555305480957,0.01502415672112888,0.045977499747935954,-0.0005215081539353932,0.0152434313242229,-0.023434646486456767,0.2890596918032404,0.07468890398740768,0.09148707985877992,0.07804434746503829,-0.21979728330356024,0.471157957423799,25.911233000223703,-0.08255022098053118,0.008857727861759644,-0.025676248000581832,0.002291901000717189,1
17.262324571609497,0.03387082740664482,-0.053023044019937515,0.40595555305480957,0.01502415672112888,0.045977499747935954,-0.0005215081539353932,0.0152434313242229,-0.023434646486456767,0.2890596918032404,0.07468890398740768,0.09148707985877992,0.07804434746503829,-0.2271559243003828,0.4851028041059914,25.9228524460974,-0.08130036171145265,0.018415627897691016,-0.025771745795267136,0.0008401679988310207,1
17.27262282371521,0.03438975289463997,-0.05247068032622337,0.40601539611816406,0.00853826783807273,0.045424722215938886,0.0045693993474856705,0.01677274562646547,-0.02113375888126212,0.29051714670563156,0.07283341139554977,0.10337602347135545,0.06758219003677367,-0.23164699357911467,0.49352737861404355,25.924566918709196,-0.08125067650078921,0.01860144705963583,-0.025800177459086283,0.003080454998780624,1
17.282259225845337,0.03438975289463997,-0.05247068032622337,0.40601539611816406,0.00853826783807273,0.045424722215938886,0.0045693993474856705,0.01677274562646547,-0.02113375888126212,0.29051714670563156,0.07283341139554977,0.10337602347135545,0.06758219003677367,-0.2291775738624482,0.4963178179897665,25.910913972365666,-0.08468688523072673,0.0065409324186424134,-0.025818784694714648,0.0008485499984089984,1
17.2925226688385,0.03464008495211601,-0.05221865698695183,0.40604427456855774,0.011505439547064374,0.040809977724864624,0.0022288136652456347,0.017453198220469535,-0.020206941298013703,0.29116881062773103,0.06289248168468475,0.09294454753398897,0.0656677484512329,-0.23292386984444385,0.5104666106238809,25.91484987441836,-0.08226663892267193,0.008725268462525587,-0.02586618486501221,0.0023965300006238976,1
17.30233645439148,0.035053808242082596,-0.05180719867348671,0.4061427414417267,0.012672681570129475,0.037279747555422925,0.0019075279707810257,0.018038010684810146,-0.019048434300589,0.29192496486257413,0.05710966885089874,0.1043808162212372,0.06712705641984938,-0.24079831910924626,0.527272693021792,25.915769788628968,-0.08139134137076628,-0.000298302237888624,-0.025935866820469642,0.0008055250000325032,1
17.31234383583069,0.03531724959611893,-0.05162663757801056,0.4061525762081146,0.010218793028381117,0.03736886015061617,0.0044954098221210905,0.01886485924672021,-0.018014480558377954,0.2928260438859658,0.05244607478380203,0.09328714758157731,0.08147840201854704,-0.24293006625854396,0.5361866987684059,25.90896863617893,-0.08129034800216496,0.0023271089923599816,-0.026126720972661405,0.00245254599940381,1
17.32235860824585,0.035507116466760635,-0.051444489508867264,0.40621790289878845,0.0038541683807030245,0.03643610327313,0.006722241654225158,0.01939207832242973,-0.01680377945396172,0.29353397824811633,0.0459262877702713,0.056320700794458396,0.06253913044929504,-0.23030348990508062,0.539038035807592,25.901796128347367,-0.07947268196675769,0.017863394429931744,-0.02611975480169216,0.0008223580007324927,1
17.332335710525513,0.03570984676480293,-0.051296498626470566,0.40623706579208374,0.010714965716021934,0.030349753826600486,0.0016808961648774093,0.019751145488176913,-0.016528353690228315,0.2942665849583821,0.03741409629583359,0.0736484080553055,0.06065081059932708,-0.2227072969911679,0.540769725736449,25.900722246861196,-0.07944691921136529,0.018103070166470215,-0.02611936742352951,0.003275113000199781,1
17.34233331680298,0.03570984676480293,-0.051296498626470566,0.40623706579208374,0.010714965716021934,0.030349753826600486,0.0016808961648774093,0.019751145488176913,-0.016528353690228315,0.2942665849583821,0.03741409629583359,0.0736484080553055,0.06065081059932708,-0.2312360214662409,0.5605161960339391,25.913632709948402,-0.07704525766891693,0.008228628628960882,-0.02614313463299479,0.0008185160004359204,1
17.352365493774414,0.03608130291104317,-0.05112399160861969,0.40628036856651306,0.012833625124282334,0.028188782071892036,-0.002337545776086424,0.02061854732202617,-0.015501261610164185,0.29579811272569767,0.03431754559278488,0.03065664507448674,0.04771278798580169,-0.21618593171263473,0.5721743504749538,25.897021689196308,-0.07508095545011945,0.01949844945230441,-0.026308354953286876,0.0029990149996592663,1
17.36233878135681,0.03632573410868645,-0.05105181783437729,0.40624991059303284,0.007505165520619632,0.025077445666203433,0.002832108089317577,0.020889650895404177,-0.014789704007434956,0.2962323620606351,0.0209525004029274,0.04448965936899186,0.06042434647679328,-0.22991046076634938,0.5879691571803025,25.923426514778647,-0.07808718170096046,0.02658515856827524,-0.026225639717426422,0.0010070980006275931,1
17.37232756614685,0.03648020699620247,-0.05098584294319153,0.4062776267528534,0.0025268099795907697,0.026661153838693174,0.004344817299438558,0.02105211520794459,-0.014736571374346585,0.29707033410002825,0.016543982550501823,0.02714612893760205,0.06813891977071762,-0.22878826017769935,0.5992195330511367,25.91368974656897,-0.07241886624188308,0.018320191195419368,-0.02633306607320004,0.003311851000034949,1
17.38228964805603,0.03648020699620247,-0.05098584294319153,0.4062776267528534,0.0025268099795907697,0.026661153838693174,0.004344817299438558,0.02105211520794459,-0.014736571374346585,0.29707033410002825,0.016543982550501823,0.02714612893760205,0.06813891977071762,-0.21758337952694115,0.5989000858304546,25.90818835840597,-0.07025311444418993,0.027074356127205358,-0.026492892687919822,0.0008036389990593307,1
17.39223575592041,0.03685537353157997,-0.05096225440502167,0.40624889731407166,0.0011718734014836845,0.01680167384989563,0.007446016228860792,0.021144208898303596,-0.014972876061716711,0.2974736507081217,0.01699141412973404,0.008024124428629882,0.0520341731607914,-0.20108677166123512,0.6194303424354677,25.89916963442361,-0.07158466182922311,0.03771121730563188,-0.02646807662627244,0.002447935999953188,1
17.40261220932007,0.037021517753601074,-0.05096721276640892,0.40624189376831055,0.00926463926058817,0.02101708212558466,-0.002885886672417348,0.02129068501922804,-0.014921478144970024,0.29836129279356216,0.0020724390633404255,-0.0356515422463417,0.05290559679269791,-0.20715838980988255,0.6296139000509112,25.92520919230011,-0.06434712045369569,0.058748848631058684,-0.02656230255857036,0.0023601399989274796,1
17.412535190582275,0.03724030777812004,-0.051010750234127045,0.4061891734600067,0.0053565439341782565,0.01204641716175343,0.003149104982156937,0.021239386089553225,-0.015400052671354025,0.2986328556070621,-0.006853826344013214,-0.041479945182800286,0.04387813806533814,-0.19646088592177463,0.6511752804535809,25.91324281034874,-0.060385514997238855,0.06391302967051339,-0.026561712567194765,0.0008244529999501538,1
17.422261714935303,0.03738008812069893,-0.05109548941254616,0.4061988592147827,0.0013897813572804204,0.015707196684148442,0.0018245762741464786,0.02121147538746726,-0.015432300578670066,0.2991961522255395,-0.007544207386672497,-0.06438823789358139,0.03860594704747201,-0.18193103097932609,0.6542302549628816,25.91497796161366,-0.05936997403625666,0.07574765733743184,-0.026581596112424142,0.0008292029997392092,1
17.43249535560608,0.037561994045972824,-0.051149170845746994,0.4061291515827179,0.009002270363729506,0.013192787214754101,-0.004255966208504394,0.021026549017280516,-0.016591479338111892,0.29959986812716144,-0.010984918102622032,-0.03552503511309623,0.047177590429782874,-0.1877106476827508,0.6678612992471776,25.931487389170904,-0.057580292577978004,0.0643011208852044,-0.026641946348803704,0.0024404619998676935,1
17.442375421524048,0.03773375228047371,-0.05127100646495819,0.4060904085636139,-0.003978620329852239,0.006008453622838641,0.0049352264047954585,0.02093062468352347,-0.016759833932387114,0.2999360952740284,-0.016879865899682045,-0.07761358469724655,0.051064826548099525,-0.15587982253773036,0.6812082892124661,25.909772298136026,-0.05455478743396053,0.08687449206434204,-0.026783532650108445,0.0008161409987224033,1
17.452687740325928,0.03785613179206848,-0.051401227712631226,0.406049519777298,0.0034064325761457522,0.009636642495491036,-0.00567601245538652,0.02078497557743475,-0.017569243532467915,0.30059662759011996,-0.013085705228149891,-0.05011005699634551,0.04645806550979615,-0.13668629243604258,0.6893033766917102,25.90650924415005,-0.054482037280522075,0.08718589151122356,-0.026814572288744107,0.0022972099995968165,1
17.462230682373047,0.03785613179206848,-0.051401227712631226,0.406049519777298,0.0034064325761457522,0.009636642495491036,-0.00567601245538652,0.02078497557743475,-0.017569243532467915,0.30059662759011996,-0.013085705228149891,-0.05011005699634551,0.04645806550979615,-0.14272515894094892,0.6941775322170395,25.93416440553514,-0.055822044869554784,0.07506410898808312,-0.026786004406115917,0.0008394689994020155,1
17.472513675689697,0.0381571501493454,-0.05175139009952545,0.4059095084667206,-0.003604983222008353,0.0013380753359715724,0.000998958594295911,0.020525528832520124,-0.01991236082645287,0.3015315957845872,-0.013083748519420624,-0.07769618928432465,0.043085008859634406,-0.13039254658932856,0.7106744303542284,25.928125323181554,-0.05669426977803442,0.10109384716148577,-0.026776383050435823,0.00392027300040354,1
17.482625246047974,0.0381571501493454,-0.05175139009952545,0.4059095084667206,-0.003604983222008353,0.0013380753359715724,0.000998958594295911,0.020525528832520124,-0.01991236082645287,0.3015315957845872,-0.013083748519420624,-0.07769618928432465,0.043085008859634406,-0.11238697293282139,0.7204881538675152,25.920255361916347,-0.05561510842966509,0.0965499511952817,-0.026858860672584455,0.0011933059995499207,1
17.492313861846924,0.03831207752227783,-0.05192326381802559,0.405812531709671,0.006239506251693484,0.004007368103337381,-0.0068627847099556735,0.02035713968387487,-0.021247171713549395,0.30162459174557243,-0.014780634082853794,-0.09206873178482056,0.03634580969810487,-0.11960381342834392,0.7293009239219151,25.94034198782212,-0.054239353193356744,0.10653024312247798,-0.026840883900168405,0.0010612980004225392,1
17.502584218978882,0.03859288617968559,-0.05236178636550903,0.40567734837532043,-0.0019654223881643653,3.872946760710189e-05,-0.0032989147677495345,0.020146820818098377,-0.02354478432409346,0.30237277174440713,-0.011613653972744942,-0.11864023655653,0.037385992705822005,-0.09292272821230513,0.7434739777341104,25.917976138149573,-0.05536022254121586,0.12007496345805801,-0.026863955117337596,0.0028821629985031905,1
17.512477159500122,0.03859288617968559,-0.05236178636550903,0.40567734837532043,-0.0019654223881643653,3.872946760710189e-05,-0.0032989147677495345,0.020146820818098377,-0.02354478432409346,0.30237277174440713,-0.011613653972744942,-0.11864023655653,0.037385992705822005,-0.08111774521387144,0.7476111430229749,25.931079924373826,-0.05525809368387464,0.12754431028525634,-0.026939022193638692,0.0008248029989772476,1
17.52249050140381,0.038890328258275986,-0.05290357396006584,0.4055289328098297,-0.010011108311426943,-0.008682284751159328,0.00231086761483253,0.019919989347190636,-0.024684736106050043,0.3024474655207441,-0.027045156806707382,-0.13955603539943695,0.02147210948169233,-0.04811582663899852,0.7634236463136868,25.91863749245419,-0.04758715839658702,0.14219647950370493,-0.026898510072009094,0.0025490719999652356,1
17.532368659973145,0.03900884836912155,-0.05318905785679817,0.40547046065330505,-8.869123238238247e-05,-0.008740111227841964,-0.002509356952264266,0.019534394798609966,-0.026714532677012848,0.30293375894205354,-0.02795041911303997,-0.13409195840358734,0.022113956511020678,-0.044783155457883285,0.7813416729515672,25.929879202936,-0.04614598602065399,0.14463764869474974,-0.026907561135257257,0.0008358380000572652,1
17.542434215545654,0.03914869949221611,-0.05351397022604942,0.40541157126426697,-0.007728661443033965,-0.014301258476885861,0.002578203236213446,0.019320748410515343,-0.0281636356355901,0.3029816833109189,-0.02820664271712303,-0.15602555871009827,0.011477978900074978,-0.018891483751616693,0.7991702249404979,25.91827230867309,-0.045659981132442184,0.1605208303492039,-0.026879205358199265,0.0025409690006199526,1
17.552340507507324,0.03914869949221611,-0.05351397022604942,0.40541157126426697,-0.007728661443033965,-0.014301258476885861,0.002578203236213446,0.019320748410515343,-0.0281636356355901,0.3029816833109189,-0.02820664271712303,-0.15602555871009827,0.011477978900074978,-0.0032774132607891696,0.8099586989260633,25.91649332309585,-0.04560705743982428,0.16072778959268066,-0.02686448403926099,0.0008526709989382653,1
17.562541961669922,0.03933965414762497,-0.05422692000865936,0.40535780787467957,-0.009373237704915464,-0.016914084780533637,0.001037715866226166,0.018584102778062217,-0.03192949903417519,0.30330596973068236,-0.03043937496840954,-0.15557539463043213,0.005649234168231506,0.012290138551569038,0.8153554094537941,25.92005113047917,-0.045715041822720605,0.16038223411231703,-0.02688854174474102,0.003109510000285809,1
17.57227635383606,0.03933965414762497,-0.05422692000865936,0.40535780787467957,-0.009373237704915464,-0.016914084780533637,0.001037715866226166,0.018584102778062217,-0.03192949903417519,0.30330596973068236,-0.03043937496840954,-0.15557539463043213,0.005649234168231506,0.029530207026808898,0.8260340317927529,25.92110702730139,-0.04257377552543165,0.17145555910704882,-0.026860310159326245,0.0008380029994441429,1
17.58232307434082,0.039484575390815735,-0.0550607293844223,0.40533900260925293,-0.012481107660235975,-0.02216949004568631,0.004647804701792971,0.018120940332888136,-0.035113319126567344,0.3033210047991277,-0.02743455581367016,-0.1662033647298813,-0.0008960386039688979,0.05596081267243848,0.8315952406494587,25.91316190336176,-0.04167643787445117,0.18261643149137322,-0.026825859319980536,0.003402579999601585,1
17.59224557876587,0.039484575390815735,-0.0550607293844223,0.40533900260925293,-0.012481107660235975,-0.02216949004568631,0.004647804701792971,0.018120940332888136,-0.035113319126567344,0.3033210047991277,-0.02743455581367016,-0.1662033647298813,-0.0008960386039688979,0.07307179641935937,0.8474275567601673,25.910606224852625,-0.04309236329528112,0.18653178581497365,-0.0268145923915865,0.000803568998890114,1
17.60234308242798,0.03959694504737854,-0.05595002323389053,0.4053272604942322,-0.017164981067089437,-0.02705042247021798,0.005172809130013636,0.01735445274865155,-0.038967454446893424,0.30321684677211636,-0.03513007611036301,-0.15595240890979767,-0.002943631727248411,0.08971365652483673,0.8504463916146155,25.90882395172918,-0.041606889311959445,0.18884083544673913,-0.026818316757694978,0.001835951999964891,1
17.612621307373047,0.03959694504737854,-0.05595002323389053,0.4053272604942322,-0.017164981067089437,-0.02705042247021798,0.005172809130013636,0.01735445274865155,-0.038967454446893424,0.30321684677211636,-0.03513007611036301,-0.15595240890979767,-0.002943631727248411,0.11464631135027364,0.8677072333632575,25.908579164921434,-0.03741880473532581,0.19304664429135218,-0.026811635477486707,0.0008149540008162148,1
17.622300148010254,0.03962140902876854,-0.05645481497049332,0.40532949566841125,-0.01960567463404637,-0.026804369531042205,0.005397294492986216,0.017098742411192802,-0.040494710006250045,0.30300885760011687,-0.03202829137444496,-0.15241225063800812,-0.00976928509771822,0.13808210392357978,0.8776763204899076,25.90789330446399,-0.038083703257761434,0.1958682852791106,-0.02674774783637291,0.0025524950015096692,1
17.632569789886475,0.03967084363102913,-0.05747266858816147,0.40530502796173096,-0.02290980320973503,-0.03660655109383892,0.004550188053647806,0.01688968904622934,-0.04127929949929676,0.3029078194780266,-0.03539253771305084,-0.1500997543334961,-0.012605194002389889,0.16900104355605283,0.9064951497781337,25.90978043173135,-0.036673554093824404,0.19754487727729841,-0.02671680043378773,0.0008430320012848824,1
17.642313480377197,0.03963691368699074,-0.058006830513477325,0.4052959978580475,-0.02477961537622532,-0.026101936032844664,-0.00015441507713248153,0.0164862378570092,-0.0431763429270835,0.3027506345234583,-0.03391630947589874,-0.12326548993587494,-0.016438774764537797,0.1890246247847382,0.9017350767061382,25.92257525603893,-0.03519162383537209,0.18949578142275694,-0.026647939318801217,0.0026879939996433677,1
17.6522274017334,0.03963596001267433,-0.05852809548377991,0.40524062514305115,-0.022742528950684696,-0.035944342403820204,-0.00017954070820654094,0.016115233471170054,-0.044629764657633686,0.30239943274862613,-0.03847835212945938,-0.11026177555322647,-0.01762711070477961,0.20595010923027116,0.9227681526728111,25.924607671172588,-0.03287363200285124,0.18708778838370704,-0.02659945708065961,0.000895135999599006,1
17.662551641464233,0.039580073207616806,-0.05913174897432327,0.40522465109825134,-0.031829236661465365,-0.03653251089262754,0.0029451581872944224,0.015786490025125666,-0.04530903165516609,0.30221311121729144,-0.03798479586839676,-0.09478527307510376,-0.03144668787717818,0.21617067262244735,0.9354852310382615,25.924860228367145,-0.03277877774053258,0.18699952815424548,-0.026588362827146494,0.0032853799984877696,1
17.672776699066162,0.039523206651210785,-0.05969472974538803,0.40517160296440125,-0.025434520106327636,-0.03375561257966094,-0.0050124603283737855,0.015312191757698823,-0.046773425308530125,0.30167484035009284,-0.03930928558111191,-0.050285995006561286,-0.03825011104345321,0.24222454211609418,0.9394620683977282,25.91644485567243,-0.032001773198810146,0.18196553785649522,-0.026474147905429235,0.0015859760005696444,1
17.68242049217224,0.039466895163059235,-0.060280390083789825,0.40510281920433044,-0.032444309385061036,-0.03790787983506136,-0.0021977704112597926,0.014923679355139274,-0.04686805689035811,0.3012292314556664,-0.04080326110124588,-0.04598554968833924,-0.041001692414283746,0.24581739661509192,0.9424483120736851,25.936461312562724,-0.02995905729267029,0.16327897786273032,-0.026310040843414893,0.0022356059998855926,1
17.692578315734863,0.0393705777823925,-0.060887012630701065,0.4050370454788208,-0.032220616805404285,-0.03963024176628463,-0.004996347727196514,0.014630262715404463,-0.04720603421443936,0.3008012612327091,-0.03178244084119797,-0.013860717415809637,-0.04770313948392868,0.26588477776083563,0.9549306905584416,25.93929799631655,-0.03260085671471253,0.1463336381064104,-0.026117946612811253,0.002427751000141143,1
17.702566146850586,0.0393705777823925,-0.060887012630701065,0.4050370454788208,-0.032220616805404285,-0.03963024176628463,-0.004996347727196514,0.014630262715404463,-0.04720603421443936,0.3008012612327091,-0.03178244084119797,-0.013860717415809637,-0.04770313948392868,0.27866904018951694,0.9638028923952374,25.939849773276805,-0.032221724796677516,0.14645852661649836,-0.026067128442734844,0.0008169100001396146,1
17.712496519088745,0.03905051201581955,-0.06271356344223022,0.4047427177429199,-0.03936867364424513,-0.04570375041675085,-0.004889805417147094,0.013829781311479827,-0.046483144231281415,0.29926726983364027,-0.04081502556800842,0.04215364158153533,-0.0678359642624855,0.2867295511366584,0.9680638236084782,25.953035716692867,-0.02925265831915482,0.13527225340102975,-0.02588850965836069,0.002829850000125589,1
17.722252130508423,0.03905051201581955,-0.06271356344223022,0.4047427177429199,-0.03936867364424513,-0.04570375041675085,-0.004889805417147094,0.013829781311479827,-0.046483144231281415,0.29926726983364027,-0.04081502556800842,0.04215364158153533,-0.0678359642624855,0.3077044054908498,0.9847475048107664,25.942194634866446,-0.026022417166741526,0.11701158671952498,-0.025741713674424307,0.0008095060002233367,1
17.73251700401306,0.038882505148649216,-0.06333378702402115,0.4046425521373749,-0.03867380166768862,-0.03391481312635096,-0.010145193247836706,0.013612837888947737,-0.045812041070047105,0.2985715941127314,-0.034291937947273254,0.06981823593378066,-0.07380766421556474,0.31071443370400414,0.9725331293143024,25.954875091347756,-0.02752000899705994,0.10059725637675189,-0.025572050610113715,0.002523159000702435,1
17.74251127243042,0.0387570858001709,-0.06393041461706161,0.40449821949005127,-0.03628431132746679,-0.042049047363992315,-0.00969045442412093,0.013292504231781521,-0.045116258679884336,0.29757968833454784,-0.03596016764640808,0.0740767866373062,-0.09041527658700944,0.311520711409565,0.9860283092187756,25.955997187508007,-0.026783291263469983,0.09617587746149145,-0.025334251838103394,0.0008062929991865531,1
17.752567768096924,0.038586828857660294,-0.0645725280046463,0.40439164638519287,-0.0437689885783096,-0.03969854289955346,-0.006584679628203368,0.013029882306654805,-0.04362222360964019,0.2966614101784466,-0.03635115921497345,0.1229516491293907,-0.09916069358587266,0.3192232248498941,0.9853981202996044,25.948131962113855,-0.025546426685133503,0.06799236913497245,-0.02511818379996567,0.0023572770005557686,1
17.76251196861267,0.03841254860162735,-0.06518082320690155,0.404275119304657,-0.03915436324554296,-0.038610620276359205,-0.00934948159055371,0.012768580454419531,-0.04245298783696594,0.29563495502399206,-0.03561503067612648,0.14045760035514832,-0.1099740043282509,0.31126090104540616,0.9878730928759011,25.954763073187095,-0.025254434106370908,0.05497854775307128,-0.02488827341520943,0.0007957469988468802,1
17.77252173423767,0.03823733702301979,-0.0657859817147255,0.4041626751422882,-0.04193208569083223,-0.03753611954002779,-0.006441598112394661,0.012537427108368249,-0.04091821747597324,0.29447287796776767,-0.03031407855451107,0.14970940351486203,-0.1187451258301735,0.3064669655746397,0.9893588963602973,25.955755662350185,-0.025251694329406705,0.05477539335605116,-0.024831832262991443,0.0030393849992833566,1
17.782514333724976,0.038048453629016876,-0.06640546023845673,0.40406543016433716,-0.04290702073744437,-0.04093542413681424,-0.005151747911308195,0.012094211660126586,-0.03836334621244397,0.29265519479931035,-0.036233119666576385,0.17322808504104611,-0.13317863643169406,0.3046335390127009,0.9879051292388006,25.948593855042233,-0.02713368060989486,0.045958854826090516,-0.024658563765725394,0.000806083999123075,1
17.792516708374023,0.03783955052495003,-0.06701535731554031,0.40398740768432617,-0.04489078277682952,-0.03450864271179665,-0.003392352186453465,0.011800268686352311,-0.03647098772281643,0.29123735132636774,-0.043242864310741425,0.18617831170558927,-0.1428184807300568,0.3006944005134286,0.9946201775022894,25.944458838532356,-0.023364122700057048,0.026909137659040502,-0.024381328333715035,0.0030292579995148117,1
17.80254554748535,0.03783955052495003,-0.06701535731554031,0.40398740768432617,-0.04489078277682952,-0.03450864271179665,-0.003392352186453465,0.011800268686352311,-0.03647098772281643,0.29123735132636774,-0.043242864310741425,0.18617831170558927,-0.1428184807300568,0.29370062242854167,0.9841016883959809,25.93960625458889,-0.018423121579358586,0.01468434652866076,-0.02414859583759582,0.0007896699989942135,1
17.812516689300537,0.0374605730175972,-0.06819825619459152,0.40383854508399963,-0.045882121357967834,-0.037999413338671024,0.001365214220407032,0.011472011258181425,-0.03461744242661213,0.28974200639752157,-0.03479165583848953,0.19452834129333493,-0.14533175528049472,0.2901636126409508,0.9886624399740379,25.926836754695064,-0.022015019309214456,0.00519399998750633,-0.023942386477503123,0.002499062000424601,1
17.822545766830444,0.037230800837278366,-0.06874296069145203,0.4037967622280121,-0.042551867754427763,-0.02738173482024794,-0.003448126356869103,0.010723662506562093,-0.030716825851969,0.28673067986291834,-0.050016894936561584,0.20027339458465573,-0.15881662070751193,0.26689152396907545,0.9699440050712704,25.93816790130612,-0.011428026148143845,-0.0095504244331071,-0.02361048568135092,0.0008120910006255144,1
17.832515478134155,0.036834731698036194,-0.06988715380430222,0.4037207067012787,-0.04642635205217289,-0.029226362777942057,0.0026318614740794824,0.010117964976929628,-0.027399594927352222,0.284205074875473,-0.046015821397304535,0.19295766949653623,-0.16912417113780978,0.2580993302677212,0.9849153503809873,25.92774144924552,-0.01244328096753415,-0.009551767234758368,-0.023512145829084855,0.003577264000341529,1
17.842517137527466,0.036834731698036194,-0.06988715380430222,0.4037207067012787,-0.04642635205217289,-0.029226362777942057,0.0026318614740794824,0.010117964976929628,-0.027399594927352222,0.284205074875473,-0.046015821397304535,0.19295766949653623,-0.16912417113780978,0.25114967936821564,0.971969276295636,25.922614728868265,-0.011673042204639095,-0.015192074396872743,-0.023251814644414635,0.0008089479997579474,1
17.8525173664093,0.036648187786340714,-0.07039014995098114,0.403668612241745,-0.037332467365158925,-0.028871132416127154,-0.002175506019396264,0.009638488024922065,-0.02583856545537433,0.28242639394020097,-0.053126879036426544,0.18174801766872403,-0.17551210522651675,0.2261825719105887,0.9699451712934504,25.934953190573655,-0.006930382711291562,-0.014934977263514719,-0.023018557497782605,0.0024394850006501656,1
17.862236261367798,0.03647724911570549,-0.07095453143119812,0.4036421477794647,-0.043505522667716734,-0.03204711225284912,0.005568297027638037,0.009035893245054272,-0.0236965153422517,0.280479864148778,-0.06801200658082962,0.17753069102764127,-0.19938609004020694,0.2212126349859198,0.9707839486968373,25.9165608695225,0.001970290901054093,-0.018319011461022116,-0.022685943263290473,0.0008237550009653205,1
17.872560262680054,0.03627414256334305,-0.07144178450107574,0.4036244750022888,-0.04008762957697728,-0.020686720770945174,-0.0003468189873629424,0.00857761323607864,-0.02187046729141029,0.2786025839635409,-0.05664172023534775,0.19216127693653104,-0.19970482587814334,0.2004099499275524,0.9506740644086349,25.929660733833774,-0.0011460917497188691,-0.03144682245405817,-0.022423986292494185,0.0024942439995356835,1
17.88251566886902,0.03611298277974129,-0.07193450629711151,0.4035802483558655,-0.03952652688966187,-0.030848768492888094,0.0019237282584023524,0.007972973872026223,-0.020253746371717174,0.2765175691849433,-0.06529512256383896,0.1615910083055496,-0.20808331668376925,0.1878714123391774,0.9384785496749838,25.93161157105899,-0.0012712651768923156,-0.03161195499258994,-0.022363400454892098,0.001007867000225815,1
