time_s,pos_x_m,pos_y_m,pos_z_m,vel_vx_m/s,vel_vy_m/s,vel_vz_m/s,att_roll_rad,att_pitch_rad,att_yaw_rad,ang_vel_p_rad/s,ang_vel_q_rad/s,ang_vel_r_rad/s,control_Fx_N,control_Fy_N,control_Fz_N,control_tau_x_Nm,control_tau_y_Nm,control_tau_z_Nm,solve_time_s,solve_success
6.426584482192993,0.012485581450164318,-0.05961737036705017,0.528532087802887,-0.06928348546585693,-0.03208664423250722,-0.026727803010663454,0.015039982344323466,0.03151303925685944,-0.047243676633726306,-0.08896718174219131,0.26898059248924255,0.18404601514339444,0.04614154988787089,0.9806352061434832,25.88257041915234,-0.014208439478378479,-0.20197328710306192,-0.010939107159683704,0.0025344749956275336,1
0.007746219635009766,0.011622552759945393,-0.05982509255409241,0.5281660556793213,-0.06597655301130803,-0.03162923032020748,-0.029691518934964307,0.013912920089759417,0.035034101878357315,-0.04434498672562892,-0.07691266387701035,0.23285123705863955,0.1908094137907028,0.03556386046059455,0.9729205286985775,25.898353099627233,-0.004075481385131578,-0.2034835845654435,-0.03137317529462673,0.003885141995851882,1
0.017735004425048828,0.011622552759945393,-0.05982509255409241,0.5281660556793213,-0.06597655301130803,-0.03162923032020748,-0.029691518934964307,0.013912920089759417,0.035034101878357315,-0.04434498672562892,-0.07691266387701035,0.23285123705863955,0.1908094137907028,0.02333649618370518,0.965827451063959,25.916918449793094,-0.006473436362922755,-0.19705872525161133,-0.03907931025822089,0.0009644929959904402,1
0.027654647827148438,0.011622552759945393,-0.05982509255409241,0.5281660556793213,-0.06597655301130803,-0.03162923032020748,-0.029691518934964307,0.013912920089759417,0.035034101878357315,-0.04434498672562892,-0.07691266387701035,0.23285123705863955,0.1908094137907028,0.012704616339004934,0.9595666203260863,25.924438212486958,-0.006554514044836312,-0.19693655895539475,-0.040532445092967315,0.0015212989965220913,1
0.03753781318664551,0.011622552759945393,-0.05982509255409241,0.5281660556793213,-0.06597655301130803,-0.03162923032020748,-0.029691518934964307,0.013912920089759417,0.035034101878357315,-0.04434498672562892,-0.07691266387701035,0.23285123705863955,0.1908094137907028,0.003420682622402591,0.9540621238108,25.927456058479965,-0.006592785934325049,-0.19687708578296642,-0.040808229176325164,0.0010589230005280115,1
0.04752039909362793,0.011622552759945393,-0.05982509255409241,0.5281660556793213,-0.06597655301130803,-0.03162923032020748,-0.029691518934964307,0.013912920089759417,0.035034101878357315,-0.04434498672562892,-0.07691266387701035,0.23285123705863955,0.1908094137907028,-0.004704709931129409,0.949230400732737,25.928643043732773,-0.006624018594684382,-0.19682753363339453,-0.04086195030354787,0.0010264450029353611,1
0.05751180648803711,0.007789431605488062,-0.06069541350007057,0.5260903835296631,-0.05082878497543695,-0.02134394988132628,-0.03230649579949209,0.011587892927976462,0.04171792808457342,-0.03570115318196043,-0.04805167391896248,0.12380692362785342,0.22917157411575315,-0.018917512954500035,0.9379994596001034,25.9469808699373,-0.012889331974584375,-0.16690817622878826,-0.05840088863491531,0.0010147120046894997,1
0.0675203800201416,0.007133020553737879,-0.06082732975482941,0.5256582498550415,-0.04292949310280342,-0.020495006631579174,-0.035214681011388006,0.010966276048598456,0.04321842298849354,-0.032148309225041416,-0.05171184241771698,0.09189069271087649,0.2399335652589798,-0.03666652248893576,0.9270873898390702,25.96626634309554,-0.009772340367301525,-0.15700843875532375,-0.06723291438888943,0.0009611400018911809,1
0.07751226425170898,0.007133020553737879,-0.06082732975482941,0.5256582498550415,-0.04292949310280342,-0.020495006631579174,-0.035214681011388006,0.010966276048598456,0.04321842298849354,-0.032148309225041416,-0.05171184241771698,0.09189069271087649,0.2399335652589798,-0.05211755542988716,0.9174918454359632,25.974053074215117,-0.009841074969907897,-0.1568056262874421,-0.06889175999673881,0.0009782519991858862,1
0.0875098705291748,0.007133020553737879,-0.06082732975482941,0.5256582498550415,-0.04292949310280342,-0.020495006631579174,-0.035214681011388006,0.010966276048598456,0.04321842298849354,-0.032148309225041416,-0.05171184241771698,0.09189069271087649,0.2399335652589798,-0.06561643696884652,0.9090683724183758,25.977156323433398,-0.009897578117314752,-0.15671776547852226,-0.06920703679799015,0.0009984380012610927,1
0.09751105308532715,0.007133020553737879,-0.06082732975482941,0.5256582498550415,-0.04292949310280342,-0.020495006631579174,-0.035214681011388006,0.010966276048598456,0.04321842298849354,-0.032148309225041416,-0.05171184241771698,0.09189069271087649,0.2399335652589798,-0.07743366097748529,0.9016801954697283,25.97835748473175,-0.009945575179744207,-0.15664424749186734,-0.06926892058941926,0.0009813259966904297,1
0.1075143814086914,0.007133020553737879,-0.06082732975482941,0.5256582498550415,-0.04292949310280342,-0.020495006631579174,-0.035214681011388006,0.010966276048598456,0.04321842298849354,-0.032148309225041416,-0.05171184241771698,0.09189069271087649,0.2399335652589798,-0.08778858204017032,0.8952026846479844,25.978790464242593,-0.009986821432476315,-0.15658103758662026,-0.06928274991092967,0.00094284099759534,1
0.11751556396484375,0.005969536490738392,-0.0610908642411232,0.52470862865448,-0.03512386988279197,-0.015869885609352923,-0.03600532926384647,0.010255767850832154,0.04450236344375025,-0.027330533194161788,-0.04833776503801346,0.04597162455320361,0.24722950160503387,-0.10027124675133407,0.886071143762862,25.985414412123184,-0.009291850926315187,-0.13993773972298743,-0.0744345157666493,0.0009543650012346916,1
0.12751245498657227,0.004562950227409601,-0.061393704265356064,0.5232726335525513,-0.024391783455357224,-0.013264669081906781,-0.038807477774187166,0.009145113930436821,0.0441413786870144,-0.018466353793772594,-0.03409557789564133,-0.029521122574806182,0.2586000859737396,-0.11437040806968149,0.8762429156017519,26.00318912953038,-0.012465268144129342,-0.105609813981698,-0.08421196467733472,0.0009508029979770072,1
0.13751792907714844,0.004181366413831711,-0.061471275985240936,0.5227839350700378,-0.019546329968691,-0.00886953622353599,-0.03692933917346675,0.009082510343586758,0.04356531021985699,-0.015887326982085614,-0.02820047363638878,-0.05251475051045414,0.25828036665916443,-0.12768268580762468,0.8645738212998483,26.005593072717552,-0.014723946745677391,-0.0936105399158042,-0.08742269114461379,0.0010560599985183217,1
0.14753007888793945,0.004181366413831711,-0.061471275985240936,0.5227839350700378,-0.019546329968691,-0.00886953622353599,-0.03692933917346675,0.009082510343586758,0.04356531021985699,-0.015887326982085614,-0.02820047363638878,-0.05251475051045414,0.25828036665916443,-0.13935628294012514,0.8543370884905188,26.00652680162625,-0.014844362504410576,-0.0934408669988679,-0.08802410301726175,0.0010131750022992492,1
0.15752220153808594,0.004181366413831711,-0.061471275985240936,0.5227839350700378,-0.019546329968691,-0.00886953622353599,-0.03692933917346675,0.009082510343586758,0.04356531021985699,-0.015887326982085614,-0.02820047363638878,-0.05251475051045414,0.25828036665916443,-0.14958971526073037,0.8453625387766465,26.00686447277284,-0.01490081072814464,-0.09337808865874522,-0.08813941247642691,0.0009549940004944801,1
0.16759324073791504,0.004181366413831711,-0.061471275985240936,0.5227839350700378,-0.019546329968691,-0.00886953622353599,-0.03692933917346675,0.009082510343586758,0.04356531021985699,-0.015887326982085614,-0.02820047363638878,-0.05251475051045414,0.25828036665916443,-0.15856366081566153,0.8374952805241163,26.006964194303762,-0.01494994303799567,-0.09332383009581381,-0.08816298133017621,0.0011185020048287697,1
0.17756366729736328,0.0031098274048417807,-0.061727918684482574,0.5202482342720032,0.0010192640382433995,-0.0018527380448499049,-0.04574494064059963,0.00933728581879123,0.039150493969471345,-0.0053399792628821,0.01840655319392681,-0.13829478621482846,0.2669336497783661,-0.1664344080439674,0.8305989747066549,26.006971472807944,-0.014993000343708936,-0.09327636633726649,-0.08816904305686453,0.0024175530052161776,1
0.1875159740447998,0.0030309571884572506,-0.06174910441040993,0.5197262763977051,0.0041831829480913135,0.0013841096106734273,-0.042785596103198764,0.009897348215367696,0.036858509307708065,-0.0013548683930837413,0.029823284596204758,-0.1487326771020889,0.26348090171813965,-0.1817523480710679,0.8222972512752712,26.046902946548077,-0.03548215614232619,-0.044371529579851535,-0.09708780984299102,0.00130275399715174,1
0.19762682914733887,0.0030309571884572506,-0.06174910441040993,0.5197262763977051,0.0041831829480913135,0.0013841096106734273,-0.042785596103198764,0.009897348215367696,0.036858509307708065,-0.0013548683930837413,0.029823284596204758,-0.1487326771020889,0.26348090171813965,-0.19390301921078723,0.8134114958416473,26.05472634811485,-0.04209884711228486,-0.033095577580818124,-0.0999071794839426,0.0011042530022677965,1
0.20777583122253418,0.0029877705965191126,-0.061758559197187424,0.5192109942436218,0.007422869548323731,0.0007395410822949139,-0.045288983734003925,0.009897348215367696,0.036858509307708065,-0.0013548683930837413,0.029823284596204758,-0.1487326771020889,0.26348090171813965,-0.20747323855761807,0.8062754301168858,26.068683620517614,-0.042254834288092624,-0.03329393115935368,-0.10042593343374868,0.0030094920002738945,1
0.21759319305419922,0.0029877705965191126,-0.061758559197187424,0.5192109942436218,0.007422869548323731,0.0007395410822949139,-0.045288983734003925,0.009897348215367696,0.036858509307708065,-0.0013548683930837413,0.029823284596204758,-0.1487326771020889,0.26348090171813965,-0.2192975621785476,0.8000007155920404,26.074346002342825,-0.042303266951653845,-0.033215405406390786,-0.10052584190381726,0.0007917659968370572,1
0.22751665115356445,0.0029877705965191126,-0.061758559197187424,0.5192109942436218,0.007422869548323731,0.0007395410822949139,-0.045288983734003925,0.009897348215367696,0.036858509307708065,-0.0013548683930837413,0.029823284596204758,-0.1487326771020889,0.26348090171813965,-0.22963723643311984,0.7944936613939985,26.076627994116375,-0.042342692552818854,-0.03314744874627988,-0.10054670124992698,0.0009717560024000704,1
0.23751401901245117,0.0029877705965191126,-0.061758559197187424,0.5192109942436218,0.007422869548323731,0.0007395410822949139,-0.045288983734003925,0.009897348215367696,0.036858509307708065,-0.0013548683930837413,0.029823284596204758,-0.1487326771020889,0.26348090171813965,-0.2386936080796352,0.7896645233620608,26.077534229774223,-0.042375776758993254,-0.03308925999293728,-0.10055239285296426,0.000979161006398499,1
0.24751543998718262,0.0031730642076581717,-0.06175148859620094,0.5171558260917664,0.01739867591721676,0.004711708976488621,-0.04521427303151467,0.013607147585754209,0.026173476571067056,0.012269719963840409,0.07607918232679367,-0.21867109835147855,0.23518028855323794,-0.24141824307228743,0.7878887062732921,26.085207946115336,-0.07200596117562517,0.027030888141003385,-0.09914180773187557,0.000999345000309404,1
0.2575216293334961,0.0033029173500835896,-0.061754774302244186,0.5166606307029724,0.019784281068229374,0.005957646265607173,-0.04465591533774808,0.014544804527448552,0.023921599548257344,0.014487730373282215,0.08609561622142792,-0.2231543809175491,0.2239915579557419,-0.24340491620772833,0.7866342014327283,26.08832765826163,-0.0792178557258657,0.03547783747741786,-0.0964746224594497,0.0009635850001359358,1
0.26752376556396484,0.0033029173500835896,-0.061754774302244186,0.5166606307029724,0.019784281068229374,0.005957646265607173,-0.04465591533774808,0.014544804527448552,0.023921599548257344,0.014487730373282215,0.08609561622142792,-0.2231543809175491,0.2239915579557419,-0.24514393051075414,0.7855183330972342,26.089601781043708,-0.07931552905109998,0.035542788127689205,-0.0959635743124849,0.0009792299970285967,1
0.27751922607421875,0.0033029173500835896,-0.061754774302244186,0.5166606307029724,0.019784281068229374,0.005957646265607173,-0.04465591533774808,0.014544804527448552,0.023921599548257344,0.014487730373282215,0.08609561622142792,-0.2231543809175491,0.2239915579557419,-0.2466648500266445,0.7845373525683128,26.09012205490354,-0.0793241071236914,0.03555291687237523,-0.09586748707694093,0.001032102998578921,1
0.2875242233276367,0.0033029173500835896,-0.061754774302244186,0.5166606307029724,0.019784281068229374,0.005957646265607173,-0.04465591533774808,0.014544804527448552,0.023921599548257344,0.014487730373282215,0.08609561622142792,-0.2231543809175491,0.2239915579557419,-0.24799722173829375,0.783676402530453,26.090334707107168,-0.07933008396660493,0.03556139563495732,-0.09584965816422501,0.0009951550018740818,1
0.2975311279296875,0.004356034565716982,-0.06179793179035187,0.514265239238739,0.026409339128204846,0.005694109539295755,-0.046644821772539424,0.018600839094118804,0.013489175561894662,0.023274216491050215,0.08333439379930496,-0.23182705044746396,0.18033032119274142,-0.2450859852285677,0.7875210661973793,26.105379616960807,-0.08773773100649077,0.06506952280951998,-0.08592255774284695,0.0010518700000829995,1
0.3075287342071533,0.004356034565716982,-0.06179793179035187,0.514265239238739,0.026409339128204846,0.005694109539295755,-0.046644821772539424,0.018600839094118804,0.013489175561894662,0.023274216491050215,0.08333439379930496,-0.23182705044746396,0.18033032119274142,-0.24285650887622653,0.7908668714161005,26.113294305650534,-0.08870084711907564,0.06763406474532467,-0.08471968706138512,0.0009649819985497743,1
0.3175184726715088,0.004633963108062744,-0.06182847172021866,0.513798177242279,0.027352949547906763,0.0076716957872292385,-0.04744287953867534,0.019499611241956316,0.011215308613446773,0.024927284589490117,0.0743253082036972,-0.2245218604803085,0.16763570904731753,-0.24010739204984813,0.7931446426579492,26.12128750576767,-0.0868401692038979,0.0704451593834755,-0.08127818411541905,0.0009945260026142932,1
0.3275260925292969,0.004633963108062744,-0.06182847172021866,0.513798177242279,0.027352949547906763,0.0076716957872292385,-0.04744287953867534,0.019499611241956316,0.011215308613446773,0.024927284589490117,0.0743253082036972,-0.2245218604803085,0.16763570904731753,-0.23768468564622058,0.7951189558642977,26.12454160705996,-0.0868258935686671,0.0704603920904544,-0.08063515590212075,0.0011606180050875992,1
0.33752012252807617,0.004633963108062744,-0.06182847172021866,0.513798177242279,0.027352949547906763,0.0076716957872292385,-0.04744287953867534,0.019499611241956316,0.011215308613446773,0.024927284589490117,0.0743253082036972,-0.2245218604803085,0.16763570904731753,-0.23555355582696946,0.7968398732587357,26.125863346345536,-0.08681660405161139,0.07044723237561305,-0.08051362371957906,0.0010421599945402704,1
0.34756016731262207,0.004633963108062744,-0.06182847172021866,0.513798177242279,0.027352949547906763,0.0076716957872292385,-0.04744287953867534,0.019499611241956316,0.011215308613446773,0.024927284589490117,0.0743253082036972,-0.2245218604803085,0.16763570904731753,-0.23368160963188572,0.7983444590135461,26.126397436226558,-0.086807431877647,0.07043530179104376,-0.08049033734028423,0.0010125460030394606,1
0.3575162887573242,0.005785005632787943,-0.062045563012361526,0.5118728280067444,0.026789139945921935,0.005801417927836509,-0.05367343872498723,0.02216855600733414,0.0018902487537229007,0.030663963250924464,0.037800464779138565,-0.18219831585884094,0.10128460079431537,-0.22569403869601992,0.8038090038279164,26.156594202133487,-0.07757087567846978,0.0766669450130989,-0.06205691167608672,0.0009589059991412796,1
0.3675532341003418,0.006077627185732126,-0.062122173607349396,0.5113580822944641,0.02461664563249459,0.0047825134040720245,-0.053695637723700985,0.022514427590909936,0.00021130370848876368,0.03159458754557454,0.024773135781288147,-0.16680766642093658,0.09089928120374681,-0.21635353074980015,0.8092819207440284,26.17114884325729,-0.07268626865259635,0.07447848747138437,-0.055731189875978276,0.0011190609948243946,1
0.37755322456359863,0.006077627185732126,-0.062122173607349396,0.5113580822944641,0.02461664563249459,0.0047825134040720245,-0.053695637723700985,0.022514427590909936,0.00021130370848876368,0.03159458754557454,0.024773135781288147,-0.16680766642093658,0.09089928120374681,-0.2081567347035104,0.8140352443756178,26.17706195238388,-0.07262035138097926,0.07441245405327346,-0.054545277151186754,0.0016812440007925034,1
0.38753414154052734,0.006077627185732126,-0.062122173607349396,0.5113580822944641,0.02461664563249459,0.0047825134040720245,-0.053695637723700985,0.022514427590909936,0.00021130370848876368,0.03159458754557454,0.024773135781288147,-0.16680766642093658,0.09089928120374681,-0.20096657445402927,0.8181817935789605,26.17945274179733,-0.07259475825480544,0.0743642096935842,-0.05432056328719923,0.0009804180008359253,1
0.3976263999938965,0.006077627185732126,-0.062122173607349396,0.5113580822944641,0.02461664563249459,0.0047825134040720245,-0.053695637723700985,0.022514427590909936,0.00021130370848876368,0.03159458754557454,0.024773135781288147,-0.16680766642093658,0.09089928120374681,-0.1946597123431614,0.8218085303149878,26.180409118185963,-0.07257133370036147,0.07432204394450147,-0.054277013836634844,0.0011233209952479228,1
0.4079296588897705,0.007438182830810547,-0.06271255761384964,0.5086294412612915,0.020120829354504415,0.0013238321779350047,-0.06140857561701648,0.02263059264382372,-0.005506592772871244,0.03393744718622038,-0.02310672402381897,-0.09771724045276642,0.030951302498579036,-0.1891277181403127,0.8249845375878453,26.180782603991116,-0.07255035110821186,0.0742852159176,-0.054267741322820744,0.003980759000114631,1
0.4176907539367676,0.007680431939661503,-0.0628715232014656,0.5080252289772034,0.017094580488464243,-0.00030332506312874183,-0.06430277227300431,0.022198823771516718,-0.006322033461657828,0.03408450736736324,-0.03331761062145233,-0.07428982108831406,0.014664137735962876,-0.1791948197935321,0.8309594318994055,26.219299071502313,-0.05170640887969474,0.058857588321691905,-0.03597703608778041,0.0011063490019296296,1
0.42751288414001465,0.007680431939661503,-0.0628715232014656,0.5080252289772034,0.017094580488464243,-0.00030332506312874183,-0.06430277227300431,0.022198823771516718,-0.006322033461657828,0.03408450736736324,-0.03331761062145233,-0.07428982108831406,0.014664137735962876,-0.1684885751603992,0.8370789914348323,26.247603372750184,-0.04590430241935253,0.05054366125077169,-0.02730065298390284,0.000945425003010314,1
0.43751049041748047,0.007909759879112244,-0.0630357414484024,0.5074144601821899,0.018337106364616294,-0.00025585301249857043,-0.06590782104784577,0.022198823771516718,-0.006322033461657828,0.03408450736736324,-0.03331761062145233,-0.07428982108831406,0.014664137735962876,-0.16020443266947187,0.8429042453605122,26.267234907128262,-0.045823884102113424,0.0503003160018153,-0.02566998736743473,0.0009608609980205074,1
0.44751858711242676,0.007909759879112244,-0.0630357414484024,0.5074144601821899,0.018337106364616294,-0.00025585301249857043,-0.06590782104784577,0.022198823771516718,-0.006322033461657828,0.03408450736736324,-0.03331761062145233,-0.07428982108831406,0.014664137735962876,-0.15295691966079802,0.8479456082709191,26.27522132013408,-0.04579528810921276,0.05024294514869704,-0.02536148550486566,0.0009718959991005249,1
0.45751190185546875,0.007909759879112244,-0.0630357414484024,0.5074144601821899,0.018337106364616294,-0.00025585301249857043,-0.06590782104784577,0.022198823771516718,-0.006322033461657828,0.03408450736736324,-0.03331761062145233,-0.07428982108831406,0.014664137735962876,-0.1466080185255536,0.8523391978809237,26.27845946570165,-0.04576729656721879,0.05019598149639343,-0.025302128359079024,0.0009531090036034584,1
0.4675140380859375,0.007909759879112244,-0.0630357414484024,0.5074144601821899,0.018337106364616294,-0.00025585301249857043,-0.06590782104784577,0.022198823771516718,-0.006322033461657828,0.03408450736736324,-0.03331761062145233,-0.07428982108831406,0.014664137735962876,-0.14104279591874452,0.8561809488402852,26.279762849585417,-0.04574135764085213,0.050155803998915206,-0.02528986854804576,0.0009545749999233522,1
0.47751665115356445,0.008867857046425343,-0.06405185908079147,0.5039952397346497,0.009127635564634971,-0.003799330741851032,-0.07392193376969317,0.01910291949431553,-0.006835879466434491,0.03262752738419161,-0.08340948820114136,0.03490608558058738,-0.05802160874009133,-0.13401890414711698,0.8595076660113727,26.322534578618974,-0.015157081911596215,0.002747241501483602,-0.0006142361052861312,0.0009545049979351461,1
0.48770976066589355,0.009009850211441517,-0.06427041441202164,0.5032662153244019,0.009593010937091235,-0.0036947979103964476,-0.07678464800091939,0.017472320768862737,-0.005631932160556463,0.03116387717180702,-0.08195310086011887,0.07236304879188536,-0.08571406453847887,-0.13119238133061373,0.8611499898781773,26.35306183206213,-0.011064690173432569,-0.018087650073804667,0.013935928972047838,0.0009496860002400354,1
0.4975247383117676,0.009154624305665493,-0.06450653821229935,0.5024944543838501,0.007849737126134737,-0.003205909210649134,-0.07719168812022804,0.017472320768862737,-0.005631932160556463,0.03116387717180702,-0.08195310086011887,0.07236304879188536,-0.08571406453847887,-0.12761849709916687,0.8625901038767609,26.370099513583536,-0.011013208178795612,-0.01814111967854612,0.01665878587169235,0.0009486380004091188,1
0.5075154304504395,0.009278333745896816,-0.06473255157470703,0.5017236471176147,0.006886571245537792,-0.0045150483452589575,-0.07895486802405284,0.016148575651587116,-0.004038010533279124,0.02974416529141788,-0.0896451324224472,0.1008804142475128,-0.09689000248908998,-0.12699464672126107,0.8631563688001032,26.3835535124003,-0.005301199505689604,-0.03382247021417499,0.021118889334580795,0.0010231630003545433,1
0.5175166130065918,0.009398460388183594,-0.0649753287434578,0.5009247064590454,0.005537957891257346,-0.003510060920465794,-0.08116253465478257,0.015253297162586943,-0.002891927985536391,0.02864293292479081,-0.09154128283262253,0.11690085381269454,-0.11348368227481843,-0.12766342205509532,0.8623840773485993,26.400015383138427,-0.0013931744386859153,-0.04473036331046476,0.028143009734173267,0.0009582769998814911,1
0.5275189876556396,0.009497239254415035,-0.06520742923021317,0.5001185536384583,0.004358351258685177,-0.004144436503986452,-0.08043508977307598,0.014415959759892516,-0.0015515717374898763,0.027401185812701012,-0.0885816290974617,0.1307122707366943,-0.12882246077060702,-0.12979364022136064,0.8615490545042409,26.407546510640024,-0.0003849601399192326,-0.05451558606602706,0.03514576636611574,0.0009628160041756928,1
0.5375156402587891,0.009497239254415035,-0.06520742923021317,0.5001185536384583,0.004358351258685177,-0.004144436503986452,-0.08043508977307598,0.014415959759892516,-0.0015515717374898763,0.027401185812701012,-0.0885816290974617,0.1307122707366943,-0.12882246077060702,-0.13162697556947636,0.8610699760931971,26.41368656237859,0.00043617722844036205,-0.05589386428338594,0.03693683432206901,0.0009649819985497743,1
0.5475540161132812,0.009594074450433254,-0.06544031947851181,0.4992859363555908,0.004999822938486992,-0.0029178724768297664,-0.08246541768392526,0.013541184760844871,-0.0001737671909136651,0.026069923690687613,-0.08796057850122452,0.1409858465194702,-0.1327692121267319,-0.13601368562033808,0.8593045669323993,26.42680415508894,0.002763195065462424,-0.06439069651958639,0.03933979913072404,0.001030775994877331,1
0.557518720626831,0.009677758440375328,-0.06567279249429703,0.498433917760849,0.003295091208837315,-0.0042370258144663496,-0.08508118987796644,0.012728031485989888,0.0013080648416203822,0.02462733838623299,-0.08845570683479309,0.14706671237945554,-0.15217055380344394,-0.14096676741960945,0.8582137805005847,26.444884442016676,0.005196123484130022,-0.07116608093346555,0.04695803455240705,0.0013554170000134036,1
0.5675249099731445,0.009759610518813133,-0.06590420752763748,0.4975659251213074,0.00428960285950694,-0.0024477089704148577,-0.08611375093477652,0.011582411608356491,0.003574584299419481,0.0221983919149209,-0.07462287694215775,0.15045252442359922,-0.1645651608705521,-0.14936012751327793,0.8555034831084781,26.459532924203796,0.00245000662753026,-0.07908830075221132,0.053841727557476654,0.0010084949972224422,1
0.5776400566101074,0.009827796369791031,-0.06612855195999146,0.4966854155063629,0.001896223297509655,-0.0034591371943538053,-0.08538339286920858,0.010926119913284627,0.005105816395813534,0.020596292610059574,-0.06760720908641815,0.14831869304180142,-0.16990314424037936,-0.15705018091786815,0.8535358316448968,26.466634736191153,0.0010319801933720476,-0.0821455310499764,0.057785057633787315,0.0016775430049165152,1
0.5875239372253418,0.009878825396299362,-0.06634993851184845,0.4957927465438843,0.0027068326096880706,-0.0008185426096706437,-0.08693185449019156,0.010363800461377526,0.006598346884014283,0.018678892396591706,-0.05167817696928978,0.14719125628471372,-0.19510829448699954,-0.16662249968298395,0.8502561039722335,26.47861370639487,-0.00421994478151204,-0.08586055022625247,0.06786078076351067,0.0009778339954209514,1
0.5975320339202881,0.009984128177165985,-0.06676240265369415,0.49397873878479004,0.0034605915264164194,0.0012533094705281043,-0.08707807958282829,0.009813623502284763,0.008148133462756668,0.016768937045842147,-0.05104885622859001,0.14846372604370114,-0.19545322656631473,-0.17799146820387188,0.8458837305548828,26.491531903645917,-0.0027992056954593385,-0.09073440103212799,0.07095622618719295,0.001212024006235879,1
0.6077747344970703,0.010037967003881931,-0.06695735454559326,0.49305006861686707,0.0020928371200102888,0.00013593779584696467,-0.08851163834337475,0.009308929792118281,0.010291445285230072,0.01370711896479948,-0.029481692239642143,0.13868764042854306,-0.20678970217704776,-0.1898336973069213,0.8433500825047957,26.505585583887125,-0.0110327573969468,-0.09211171078327014,0.07698367358195665,0.0026496490027057007,1
0.6175875663757324,0.010088235139846802,-0.0671285018324852,0.49212920665740967,0.00412843508870665,0.0025410825025088068,-0.08797273784979669,0.009115804565495988,0.011631657323770472,0.011454280631962188,-0.018362263217568398,0.13035903871059415,-0.2245081961154938,-0.20337707033673738,0.8396108478376527,26.50966990687744,-0.015477580192692627,-0.0908678899932164,0.0843079852308642,0.0007957459965837188,1
0.6275107860565186,0.010088235139846802,-0.0671285018324852,0.49212920665740967,0.00412843508870665,0.0025410825025088068,-0.08797273784979669,0.009115804565495988,0.011631657323770472,0.011454280631962188,-0.018362263217568398,0.13035903871059415,-0.2245081961154938,-0.21528095908978914,0.8364885880349068,26.514816477768957,-0.015324892079031779,-0.09206102817260255,0.08655560114779205,0.0009495460035395809,1
0.6375119686126709,0.010140376165509224,-0.06729583442211151,0.4911893606185913,0.0021895171585138346,0.002011636105245047,-0.08825136721128007,0.008968329276183074,0.01284043291240966,0.009199543009473565,-0.00865202210843563,0.11981503665447232,-0.22597362101078036,-0.22585433289528667,0.834550575480502,26.52170860221352,-0.019261992107046648,-0.090403021712722,0.08873285673120919,0.000958625998464413,1
0.6475403308868408,0.0101857865229249,-0.06744636595249176,0.4902595579624176,0.004081956480594168,0.003488379131923435,-0.08763239532794678,0.008968329276183074,0.01284043291240966,0.009199543009473565,-0.00865202210843563,0.11981503665447232,-0.22597362101078036,-0.23657585122150998,0.8320170934924956,26.52614748501483,-0.019190090023109167,-0.0904746485376754,0.08914139895666649,0.000942421997024212,1
0.6575393676757812,0.0101857865229249,-0.06744636595249176,0.4902595579624176,0.004081956480594168,0.003488379131923435,-0.08763239532794678,0.008968329276183074,0.01284043291240966,0.009199543009473565,-0.00865202210843563,0.11981503665447232,-0.22597362101078036,-0.24596933169061455,0.8297841668938485,26.52793694063689,-0.019209610894870863,-0.09040241619252525,0.08921687699527348,0.0009606520034139976,1
0.6675431728363037,0.0101857865229249,-0.06744636595249176,0.4902595579624176,0.004081956480594168,0.003488379131923435,-0.08763239532794678,0.008968329276183074,0.01284043291240966,0.009199543009473565,-0.00865202210843563,0.11981503665447232,-0.22597362101078036,-0.2542036636746739,0.8278190285118423,26.528648113548204,-0.019225653824569828,-0.09033773375980217,0.08922974125913301,0.0009673570020822808,1
0.6775405406951904,0.01033252663910389,-0.06781093776226044,0.4874582588672638,0.0027485329253146723,0.00539956581530507,-0.0846834480722517,0.010212675376640945,0.016963947881952546,-0.001795997050030529,0.04685165360569954,0.06883699446916577,-0.2501607835292816,-0.2650698194688092,0.8287414711100421,26.5297115810114,-0.04713596328255453,-0.07866344511200932,0.10336662398545825,0.000947940003243275,1
0.6875400543212891,0.010379990562796593,-0.06789739429950714,0.4865470826625824,0.005888176072234634,0.006842182998048789,-0.08510074019488607,0.010882464215642873,0.01749119552607059,-0.004458192364870328,0.06716130673885345,0.05515440925955769,-0.2621650993824005,-0.2774871744869192,0.8302635891713377,26.535120833762786,-0.05806227443289093,-0.07401059893640244,0.11144146927361502,0.0010182039986830205,1
0.6975393295288086,0.010486969724297523,-0.06804188340902328,0.48474690318107605,0.006471967601722464,0.007717089384657076,-0.08261271566250535,0.01169050198718935,0.01803161002887199,-0.007015816644397432,0.08873750269412994,0.04185981303453442,-0.25934016704559326,-0.2892835317375196,0.8329217924860144,26.53580635513443,-0.06997429279565895,-0.06942164918511806,0.11347498321499866,0.0009468920034123585,1
0.7076337337493896,0.010547534562647343,-0.06809897720813751,0.4838561415672302,0.0056374198151130156,0.008712224708531523,-0.07995123416027167,0.013666311922666985,0.01857488439885646,-0.01232483053169009,0.11601747572422028,0.012860189191997018,-0.27249768376350403,-0.29898383474648454,0.8379214472431529,26.530087804531693,-0.0876256396864638,-0.05770496805963489,0.12115171256977983,0.0009596739982953295,1
0.7175347805023193,0.010609319433569908,-0.06813104450702667,0.4829880893230438,0.007152254631551333,0.00845473171163083,-0.08105123788099575,0.013666311922666985,0.01857488439885646,-0.01232483053169009,0.11601747572422028,0.012860189191997018,-0.27249768376350403,-0.30894423105117463,0.8426939386933235,26.535109018358437,-0.08769120596961692,-0.057616196130765844,0.12258668359026582,0.0009611400018911809,1
0.7275345325469971,0.010666344314813614,-0.06816820800304413,0.4821173846721649,0.005958180684052942,0.009263081645691998,-0.07746181636207229,0.015511565284981543,0.018541000459517676,-0.016343491172108315,0.13804331421852112,-0.008265346288681063,-0.2632691264152527,-0.3176671925050434,0.846863806037629,26.537124696826456,-0.08766273351128666,-0.05754891306827035,0.12285585941577737,0.0012010589998681098,1
0.7375245094299316,0.010724023915827274,-0.0681833028793335,0.4812726080417633,0.006003087313376212,0.00791132271052208,-0.07832408696128984,0.016979036883494114,0.018302581355022163,-0.019004837033740785,0.1403796374797821,-0.026816396042704613,-0.26271528005599976,-0.32307476427754217,0.8559402853798155,26.531776437128205,-0.10647010822647462,-0.03905487680289439,0.12244417310178611,0.0009577180026099086,1
0.7475192546844482,0.010724023915827274,-0.0681833028793335,0.4812726080417633,0.006003087313376212,0.00791132271052208,-0.07832408696128984,0.016979036883494114,0.018302581355022163,-0.019004837033740785,0.1403796374797821,-0.026816396042704613,-0.26271528005599976,-0.3280194356379961,0.863916230559853,26.532785492621343,-0.10793896741598194,-0.03858231984586655,0.1233926466132945,0.000943259998166468,1
0.7575249671936035,0.010836302302777767,-0.06820192188024521,0.47960612177848816,0.00764226481446592,0.006772791668239848,-0.07688171416081498,0.020938106923942712,0.01728834179344707,-0.02547027367187349,0.17481198906898499,-0.05709955096244815,-0.24716010689735413,-0.3324374075854119,0.8700765481360735,26.527220857845897,-0.10784717199863081,-0.038557473541812555,0.12357169424311226,0.0010040249981102534,1
0.7675318717956543,0.010836302302777767,-0.06820192188024521,0.47960612177848816,0.00764226481446592,0.006772791668239848,-0.07688171416081498,0.020938106923942712,0.01728834179344707,-0.02547027367187349,0.17481198906898499,-0.05709955096244815,-0.24716010689735413,-0.3356700169722461,0.883473740408607,26.532184141803445,-0.13452127042581208,-0.022325664775491732,0.1221677177479203,0.001216912998643238,1
0.7776455879211426,0.01087894942611456,-0.06820005178451538,0.47878050804138184,0.004506316849980447,0.008288862350905719,-0.07322891055119414,0.020938106923942712,0.01728834179344707,-0.02547027367187349,0.17481198906898499,-0.05709955096244815,-0.24716010689735413,-0.3360354182071342,0.8937754488877839,26.52484045179737,-0.13449290215722057,-0.02177370885765284,0.12188912152447655,0.0011290479960734956,1
0.7875707149505615,0.010933049023151398,-0.06819449365139008,0.47797122597694397,0.006968234203986568,0.005538647056353871,-0.07672642171405547,0.024525301187773074,0.01598398954163871,-0.030498543298766556,0.1843276470899582,-0.07828571647405627,-0.24852336943149567,-0.336638274744373,0.9102701471908019,26.536980443597862,-0.14894716165265015,-0.008984370308651396,0.1251297295362088,0.0010841379989869893,1
0.7980544567108154,0.010972149670124054,-0.06818269938230515,0.4771667420864105,0.004704949417004834,0.0056543709380649015,-0.0733712539039843,0.026413405174913862,0.015320536101772309,-0.032809878975952333,0.19028545916080475,-0.07761421054601672,-0.23073512315750122,-0.33469433766016743,0.9268566964024418,26.53332795508789,-0.15694234675116545,-0.007090552292959614,0.12121663973792982,0.0012955589991179295,1
0.807854413986206,0.011025484651327133,-0.06816694885492325,0.47637900710105896,0.007058979408145317,0.004221690505549357,-0.07475396245280087,0.028219255427669676,0.014502405540608887,-0.03517617897320724,0.19300207495689392,-0.0825200900435448,-0.23046857118606567,-0.3339533871017946,0.9451421020450291,26.539667917301557,-0.1632793439321865,-0.0028676349211517113,0.12173925439398368,0.0022729039992555045,1
0.8175034523010254,0.011111379601061344,-0.06811478734016418,0.4748172163963318,0.00585289524819131,0.0034944028171249152,-0.07349617778642976,0.030054884153816186,0.013699336302642084,-0.03744290522581695,0.17487716674804688,-0.09546137601137164,-0.2216944694519043,-0.3312543880226029,0.9633762996514585,26.54411082110545,-0.16035998752305675,0.005348560682328599,0.12026416924773434,0.0009172770005534403,1
0.8275125026702881,0.011135363020002842,-0.06809525191783905,0.47405317425727844,0.0030361385434805968,0.002270157634763624,-0.07002277671622158,0.03249803584877897,0.01237313204249224,-0.040612314634944635,0.17156310379505157,-0.09042302519083026,-0.20601922273635864,-0.32546636015445074,0.9827388828377253,26.536709814826505,-0.1657290345952944,0.007031743211860926,0.11663911704967571,0.0010094030003529042,1
0.8375334739685059,0.011151161044836044,-0.06806157529354095,0.4733071029186249,0.003713943225908219,0.001648887664803223,-0.07179526238971634,0.03410848817678591,0.011427677763375055,-0.04271693277253075,0.16649913787841797,-0.09710083901882174,-0.20393183827400208,-0.3196993525190513,1.0024776279042766,26.539906848906412,-0.16634675285072306,0.01166201671881927,0.11564217391959633,0.0010488659972907044,1
0.8475172519683838,0.011153364554047585,-0.06802762299776077,0.4725703001022339,0.001806702812723155,0.00024264095361746675,-0.06928322464219382,0.035659113426447675,0.010502603869398719,-0.04463170818112472,0.15220436453819275,-0.1053779870271683,-0.19243085384368896,-0.31476300333499513,1.0198346139057761,26.543962394944675,-0.16781427805152263,0.012571220816424682,0.11628043839049808,0.0012016179971396923,1
0.8575112819671631,0.011153364554047585,-0.06802762299776077,0.4725703001022339,0.001806702812723155,0.00024264095361746675,-0.06928322464219382,0.035659113426447675,0.010502603869398719,-0.04463170818112472,0.15220436453819275,-0.1053779870271683,-0.19243085384368896,-0.307630673462203,1.037113549886389,26.539717794990885,-0.16585566424311063,0.019051033781263292,0.11372867956092189,0.0010387380025349557,1
0.8675127029418945,0.011149369180202484,-0.06799228489398956,0.47183045744895935,0.0013531476109068016,-0.00018729642811659376,-0.0711197033489572,0.03696708239138857,0.009522235262047651,-0.04652177190604778,0.13073532283306122,-0.097796306014061,-0.17557671666145325,-0.30037906585122914,1.0540540534434093,26.547291981912505,-0.1598451083176113,0.018472945336271696,0.10881732526040776,0.0009688930003903806,1
0.8775098323822021,0.011149369180202484,-0.06799228489398956,0.47183045744895935,0.0013531476109068016,-0.00018729642811659376,-0.0711197033489572,0.03696708239138857,0.009522235262047651,-0.04652177190604778,0.13073532283306122,-0.097796306014061,-0.17557671666145325,-0.2940103648615292,1.068874589655525,26.550300970361132,-0.15968942168189942,0.018400792050300274,0.10788954947651704,0.001088537996110972,1
0.8875164985656738,0.011109216138720512,-0.06792847067117691,0.47037264704704285,-0.0016472752284051133,-0.0014130187862602195,-0.06925141811216867,0.03967074504005108,0.007333535328062357,-0.050728697439987425,0.09116064012050629,-0.09662415832281114,-0.15376348793506622,-0.2837603373574488,1.0846679058867834,26.55081391336795,-0.14965444560296756,0.02428047739250834,0.10297996850703331,0.0010124070031451993,1
0.8975207805633545,0.011074045673012733,-0.06790217757225037,0.469643235206604,-0.0015337995312201338,-0.005210307503489449,-0.07208710910693689,0.040288780940917146,0.006501595868461774,-0.05221574436621834,0.06879589706659317,-0.08933109045028688,-0.1450437754392624,-0.2743985364603796,1.1020650863083767,26.563758783748977,-0.14154069239009467,0.023305499884748945,0.10005244550448221,0.0010174359995289706,1
0.9075162410736084,0.011018199846148491,-0.06786923855543137,0.46892431378364563,-0.00430590475106645,-0.005522587687035522,-0.06934481859736745,0.040727385886153655,0.00568652334467723,-0.053651731384262824,0.042653851211071014,-0.08051449060440065,-0.13716688752174377,-0.2634441644203046,1.1166144997036507,26.56236332552664,-0.13096102809469665,0.0218022820706619,0.09775110328344316,0.0009505239941063337,1
0.9175379276275635,0.010954678989946842,-0.06784185022115707,0.468194842338562,-0.00452003675905896,-0.008190915851931557,-0.07314971834941023,0.0409210163680207,0.0049141538675252505,-0.05499366614107659,0.019581951200962067,-0.08220497518777849,-0.12339016050100325,-0.2528327995038794,1.1318225379769506,26.577989867039467,-0.12129038377722663,0.024751938143147544,0.0935741113616034,0.0010440460027894005,1
0.9275579452514648,0.010772019624710083,-0.06779312342405319,0.46674540638923645,-0.007811362396768088,-0.010286719502482434,-0.0731087699566146,0.04099370535335645,0.004240953949508519,-0.05618388958366083,-0.0017145834863185883,-0.06724303960800172,-0.11542963981628417,-0.24081981706601105,1.1463392954973843,26.59010306393118,-0.1119906094116263,0.020163518298770666,0.09087404933661886,0.0010068889969261363,1
0.9377880096435547,0.010651208460330963,-0.06777352839708328,0.46602824330329895,-0.009697418690241535,-0.009747791868335956,-0.07085999102857897,0.040528085589710994,0.0034912140115133106,-0.057871997504913786,-0.03471643850207329,-0.0548360124230385,-0.10611387342214584,-0.22831892962286113,1.156411671269816,26.590228511168412,-0.09575366656481589,0.01677079649410238,0.08829882049647485,0.001014292000036221,1
0.9475457668304443,0.010517993941903114,-0.06776267290115356,0.4652966558933258,-0.01151016172505207,-0.013271910880251798,-0.07288362833160598,0.040045314033108514,0.003003610218279995,-0.05875140768394793,-0.045083846896886826,-0.04398257657885553,-0.08847540616989136,-0.2159177669992392,1.16729211386942,26.597536967489017,-0.09038734693671611,0.012899072139567674,0.08220680753273864,0.0011036239957320504,1
0.9575142860412598,0.010517993941903114,-0.06776267290115356,0.4652966558933258,-0.01151016172505207,-0.013271910880251798,-0.07288362833160598,0.040045314033108514,0.003003610218279995,-0.05875140768394793,-0.045083846896886826,-0.04398257657885553,-0.08847540616989136,-0.20499223321433271,1.177021443526931,26.60325780601372,-0.08980737966784855,0.013255513527720428,0.0814036975722643,0.0010645809961715713,1
0.9675168991088867,0.010197949595749378,-0.06773645430803299,0.46384137868881226,-0.014746838238586017,-0.013660256799819517,-0.07383508979714601,0.03845127682355631,0.0026646268305041687,-0.06032199679551464,-0.0916963443160057,-0.009196950122714051,-0.0662236288189888,-0.19380608181707143,1.1823524448036902,26.61235903748786,-0.06528150942718298,-0.00123604637901612,0.0746669906170313,0.0011261839972576126,1
0.9775254726409912,0.010197949595749378,-0.06773645430803299,0.46384137868881226,-0.014746838238586017,-0.013660256799819517,-0.07383508979714601,0.03845127682355631,0.0026646268305041687,-0.06032199679551464,-0.0916963443160057,-0.009196950122714051,-0.0662236288189888,-0.1838884940683023,1.1872450247707607,26.61884221968076,-0.0642554504552595,-0.0013109676032256306,0.07365314290061212,0.0015064920007716864,1
0.9875326156616211,0.010002057068049908,-0.06771890819072723,0.4631214439868927,-0.016871918050387028,-0.013366472646189155,-0.07080784442873987,0.037309055782573264,0.002762377517152803,-0.0609135830105032,-0.11087290197610855,-0.00125339510850609,-0.05267205834388733,-0.1738242378936938,1.1885715483610535,26.614086842119047,-0.05246734077511048,-0.004927276826408734,0.06938670170275815,0.0016049030018621124,1
0.9977693557739258,0.010002057068049908,-0.06771890819072723,0.4631214439868927,-0.016871918050387028,-0.013366472646189155,-0.07080784442873987,0.037309055782573264,0.002762377517152803,-0.0609135830105032,-0.11087290197610855,-0.00125339510850609,-0.05267205834388733,-0.16499388514797572,1.1897800275460177,26.612143542797483,-0.05236625643039254,-0.005040087730199155,0.06858059218824196,0.0018837960014934652,1
1.0076351165771484,0.009561949409544468,-0.06769605726003647,0.4616696536540985,-0.019700652000326176,-0.014687368600355454,-0.06968720257783069,0.03401935689128255,0.0031665526284099244,-0.061895739351272905,-0.1386370062828064,0.027334276586771008,-0.0308463778346777,-0.15642037300243772,1.1865090572906742,26.61395086004655,-0.03090361974431235,-0.01871110024073865,0.061910910794570416,0.002934896001534071,1
1.0175631046295166,0.009561949409544468,-0.06769605726003647,0.4616696536540985,-0.019700652000326176,-0.014687368600355454,-0.06968720257783069,0.03401935689128255,0.0031665526284099244,-0.061895739351272905,-0.1386370062828064,0.027334276586771008,-0.0308463778346777,-0.14887950813731748,1.1836632641052967,26.61469957438842,-0.030765254224502728,-0.018908836741215147,0.06064109873284831,0.0007861780031817034,1
1.0275230407714844,0.009047813713550568,-0.06764941662549973,0.46022334694862366,-0.021981086726924053,-0.015482766072207194,-0.06879765545207557,0.030706390923246563,0.003974724359932402,-0.06214665319762025,-0.17121633887290955,0.04983680322766304,-0.008246831595897681,-0.14195483226034383,1.1761985388271519,26.618492221777114,-0.007076172622200488,-0.03099460634153968,0.053207189333260574,0.0010187619991484098,1
1.037532091140747,0.008475798182189465,-0.06757644563913345,0.4587876796722412,-0.024520300422234905,-0.01414114111337244,-0.06800304355679768,0.028842094203543667,0.004574589624355863,-0.06214265663563534,-0.179326131939888,0.058862827718257904,0.00817132089287042,-0.1347177302305529,1.1657180326472427,26.618088567972272,0.00012030803717526066,-0.035969430751937204,0.046453246741273754,0.0010599020024528727,1
1.0475149154663086,0.008173334412276745,-0.06753085553646088,0.4580744504928589,-0.026766033897443295,-0.013950847842927125,-0.0713225901222075,0.02603352016150895,0.005494691966162257,-0.0617807315190646,-0.186926007270813,0.07559345662593842,0.024245932698249806,-0.12801317902058607,1.153321197359552,26.638452628559847,0.01322893290547744,-0.04648670326996803,0.0397450485460832,0.0009515720012132078,1
1.0575246810913086,0.007845694199204445,-0.06746026128530502,0.45737743377685547,-0.026771469024867097,-0.013535975529030055,-0.06784912943635979,0.02412395896145414,0.006372152659294361,-0.06139056558035527,-0.18769508600234985,0.0778014212846756,0.03836074471473693,-0.12210224060243684,1.142387167251765,26.64678836299253,0.013239658941878018,-0.04662918398110618,0.03847149410038424,0.0012135609940742142,1
1.0675444602966309,0.007526160683482885,-0.0673958957195282,0.4566689431667328,-0.02795337716876501,-0.013284003791470059,-0.07033515722745094,0.022236143421230814,0.007075171010691772,-0.06089680071753101,-0.18581166863441467,0.08478207886219025,0.050469577312469475,-0.11757142261184717,1.1293281752621482,26.641309574817807,0.01877607260487374,-0.05002678245637015,0.03340890016571638,0.0012667140035773627,1
1.0775153636932373,0.007526160683482885,-0.0673958957195282,0.4566689431667328,-0.02795337716876501,-0.013284003791470059,-0.07033515722745094,0.022236143421230814,0.007075171010691772,-0.06089680071753101,-0.18581166863441467,0.08478207886219025,0.050469577312469475,-0.11364133472146916,1.1156189246145203,26.651025486105024,0.02319922674152348,-0.0550544618245547,0.028229707263920163,0.0010207180021097884,1
1.0875270366668701,0.007187273353338242,-0.06730424612760544,0.45597267150878906,-0.02830022579409591,-0.010826904151533869,-0.06804130226239617,0.02037533946173875,0.00806702737097309,-0.06024381459196704,-0.18296551704406738,0.09292933344841005,0.06700425595045088,-0.11089620872433033,1.0990649958728533,26.65022649404112,0.027199137218535098,-0.0614511438755913,0.021494783960623022,0.0010147120046894997,1
1.0975189208984375,0.006846996024250984,-0.06720064580440521,0.45527058839797974,-0.02959248606463102,-0.009432747128290649,-0.06838331371884251,0.018446292028863276,0.008924717796590986,-0.059455197472753074,-0.18619294464588165,0.09179126471281053,0.07955224066972731,-0.10815560852406075,1.0808148566984472,26.654391918786096,0.03402673964435511,-0.06324141555826418,0.015668526682492866,0.0009621880017220974,1
1.1075103282928467,0.006846996024250984,-0.06720064580440521,0.45527058839797974,-0.02959248606463102,-0.009432747128290649,-0.06838331371884251,0.018446292028863276,0.008924717796590986,-0.059455197472753074,-0.18619294464588165,0.09179126471281053,0.07955224066972731,-0.10574895640759423,1.0648065686965569,26.65611187473601,0.033962270467939475,-0.06327461999177987,0.014573931778841842,0.0009406749959453009,1
1.1175119876861572,0.0061307246796786785,-0.06693563610315323,0.4538680613040924,-0.030117331204118063,-0.005850149425763467,-0.06842996176520527,0.014011777290543481,0.011286847792299604,-0.05698887004295461,-0.15872564911842346,0.09433405101299287,0.11340883374214171,-0.10536897339841922,1.0429154189562193,26.66347519585491,0.03411959154010415,-0.07090272557392449,0.001913417998570222,0.0009512219985481352,1
1.1275148391723633,0.005763588007539511,-0.06676188856363297,0.4531659781932831,-0.030677519885344097,-0.004723489828702797,-0.06762562687350061,0.012552429534705922,0.012178120259836334,-0.055737136843138746,-0.1414758563041687,0.09192404150962831,0.12196231633424758,-0.10510288287183125,1.0213204412588401,26.666760884288816,0.03037042822150901,-0.07231474760016011,-0.003993462101925867,0.0009471719968132675,1
1.1375112533569336,0.005004539620131254,-0.06633929908275604,0.45177602767944336,-0.03199086717706614,-0.0014140839008905674,-0.06566471603127827,0.011137780741413028,0.012955319357528694,-0.05444131358910731,-0.1273137331008911,0.08224679529666902,0.14069592952728271,-0.10327851762545485,0.9980713932260291,26.66718077911207,0.027996012594601296,-0.06992298641374431,-0.011986556436920873,0.0009676359986769967,1
1.1475133895874023,0.00462290458381176,-0.06609085947275162,0.45108848810195923,-0.030154159367256475,0.002477923406792401,-0.06596867735420839,0.009513618420041059,0.01409766171048954,-0.05206229722098943,-0.10245778411626816,0.07458288967609407,0.1559944748878479,-0.10349266773446156,0.97324709159772,26.67141164198022,0.021517942387794534,-0.06978723569982072,-0.019848897303668636,0.0009474500038777478,1
1.1575093269348145,0.004248516168445349,-0.06581419706344604,0.45040667057037354,-0.03143605591566057,0.004972910569300138,-0.06324464081277112,0.008564537693408258,0.014691773650143958,-0.050460905991401184,-0.0912156030535698,0.06317783892154695,0.15922409296035767,-0.10222379340740236,0.9483586592484765,26.666556066679696,0.01904038387076004,-0.06615550698596959,-0.023316042445628352,0.00098726199939847,1
1.1675138473510742,0.0038777170702815056,-0.06550822407007217,0.4497380256652832,-0.02932651345160599,0.00746960813321343,-0.06378288563108737,0.007757749277003789,0.015283937285251348,-0.04868442569690368,-0.07938379794359207,0.06066035479307177,0.1757698804140091,-0.10291254714150694,0.9237589074955466,26.666743731469502,0.015208088040314231,-0.06621981625745993,-0.0296882898349602,0.0009673570020822808,1
1.1775150299072266,0.003502903738990426,-0.0651751384139061,0.4490646719932556,-0.03103490548260453,0.01089251143803171,-0.06156250459169453,0.0069962727444212724,0.015702631230761543,-0.046843006811651655,-0.06999778002500534,0.046720709651708624,0.18549016118049622,-0.1033225591303427,0.9020774039898152,26.669211975943917,0.015824352281998078,-0.06681384520410513,-0.0315863430634476,0.0012879460045951419,1
1.1875319480895996,0.003139402251690626,-0.06480948626995087,0.44841745495796204,-0.027347536770070315,0.014283997091180375,-0.06265128401299848,0.0069962727444212724,0.015702631230761543,-0.046843006811651655,-0.06999778002500534,0.046720709651708624,0.18549016118049622,-0.10154279562001678,0.8794560156366267,26.66490935765642,0.013821565073454679,-0.06147820483189009,-0.03618582789184253,0.0011461600006441586,1
1.1976821422576904,0.003139402251690626,-0.06480948626995087,0.44841745495796204,-0.027347536770070315,0.014283997091180375,-0.06265128401299848,0.0069962727444212724,0.015702631230761543,-0.046843006811651655,-0.06999778002500534,0.046720709651708624,0.18549016118049622,-0.10218990613162124,0.8566802982561172,26.66921480655727,0.014029343383515988,-0.061757724131636785,-0.03704200868051763,0.0011101199997938238,1
1.207815170288086,0.0024329291190952063,-0.06398741900920868,0.4471501410007477,-0.0271518882634578,0.019777672594295935,-0.060145895837420874,0.005562515055605566,0.016639241655464154,-0.03990916310858683,-0.030671002343297005,0.019872391596436525,0.20449408888816833,-0.10021749005127774,0.8348496770336379,26.657723928869302,0.0020325671194129716,-0.055057023509315794,-0.044282002988899574,0.0056761129962978885,1
1.2190592288970947,0.0024329291190952063,-0.06398741900920868,0.4471501410007477,-0.0271518882634578,0.019777672594295935,-0.060145895837420874,0.005562515055605566,0.016639241655464154,-0.03990916310858683,-0.030671002343297005,0.019872391596436525,0.20449408888816833,-0.09960257594773315,0.8119368151226126,26.661086291881958,0.00042068487578366624,-0.05217978189677238,-0.04875238960241588,0.0008391209994442761,1
1.2275145053863525,0.0020862813107669353,-0.06353779137134552,0.4465309679508209,-0.028021272274124723,0.022235892768885417,-0.055668719088623184,0.005363465704144588,0.016773859589594764,-0.03779834930146064,-0.02129959687590599,0.012857632711529758,0.20937131345272064,-0.09722155646690477,0.7894387366505393,26.648267417596713,-0.0032509964876509347,-0.04921321900467151,-0.05239827102747559,0.0008185860060621053,1
1.2375104427337646,0.0014318637549877167,-0.06253760308027267,0.44534173607826233,-0.02507365307339368,0.029426530087888047,-0.05322254072459174,0.005382289728423473,0.016703369836419846,-0.035646580169758746,0.004143279045820236,0.00665664020925763,0.21950586140155792,-0.09549491811641193,0.7641253812757293,26.637136259494582,-0.014192188081322868,-0.04639124051030598,-0.0576329972432037,0.0009632350047468208,1
1.2475159168243408,0.0011314983712509274,-0.06199119985103607,0.44476118683815,-0.02448660693969564,0.03089126388083468,-0.05760550870250218,0.005553503725284514,0.01650018016721866,-0.03126669789827741,0.01797223649919033,-0.023637693375349017,0.22270920872688293,-0.09270410372575925,0.7410321889208119,26.649121434630285,-0.020835080115688638,-0.03222901732507431,-0.06216977168693841,0.0009492660028627142,1
1.2575116157531738,0.0008211462991312146,-0.061424508690834045,0.444189190864563,-0.023604586714986296,0.0345920063774702,-0.051559824483987576,0.005553503725284514,0.01650018016721866,-0.03126669789827741,0.01797223649919033,-0.023637693375349017,0.22270920872688293,-0.08979636358180074,0.7171352466617975,26.634267950999323,-0.020817112023268355,-0.03212360355560056,-0.0630242976872402,0.000953665999986697,1
1.267545461654663,0.0005377507186494768,-0.06082655489444733,0.44362959265708923,-0.0235419440885508,0.03556881480988913,-0.05391846592028551,0.006018407693762828,0.016039179825154903,-0.02782477805442829,0.030460534617304802,-0.03296748548746106,0.23104505240917206,-0.0859653430695787,0.6958852477726296,26.637642889201263,-0.02764282953555806,-0.02664040854783796,-0.06787548560313826,0.00096065199613804,1
1.2775123119354248,0.00024608068633824587,-0.060210004448890686,0.44308948516845703,-0.02215967510825014,0.040072113366836866,-0.04885245480742462,0.006375136231984602,0.015808328004784045,-0.02545301832316227,0.04041903838515282,-0.029642581939697238,0.23355576395988464,-0.08261527875958936,0.6772312146435326,26.63904802168236,-0.027842793043905266,-0.02663711779880179,-0.06878763409544704,0.001175425000838004,1
1.28751802444458,0.00024608068633824587,-0.060210004448890686,0.44308948516845703,-0.02215967510825014,0.040072113366836866,-0.04885245480742462,0.006375136231984602,0.015808328004784045,-0.02545301832316227,0.04041903838515282,-0.029642581939697238,0.23355576395988464,-0.07939567795722771,0.6574604427645377,26.623153521819827,-0.03300989473312061,-0.027551936954770734,-0.07113316724904097,0.000970708999375347,1
1.297513484954834,-1.5320190868806094e-05,-0.05956157669425011,0.44255927205085754,-0.022334068999593438,0.0411709547666891,-0.05080647762064295,0.006868463349679832,0.015333872741968069,-0.023160127699186628,0.04828813672065735,-0.03527209535241124,0.2369934469461441,-0.07532293590174233,0.639534246132796,26.624662285156646,-0.037842560840301735,-0.023711446331661216,-0.07400489696312142,0.0009682649979367852,1
1.3075382709503174,-0.00027458820841275156,-0.05889356508851051,0.44206294417381287,-0.02029311282215421,0.045127678729165926,-0.045015834214033094,0.007752131882146518,0.014511328516225053,-0.019573023359692687,0.06377217173576355,-0.053907457739114734,0.23901525139808655,-0.07026624497633341,0.621544663469535,26.606084051931905,-0.04698694249840171,-0.013094846570216444,-0.07725432389979559,0.0009955040004570037,1
1.317514181137085,-0.0005074364016763866,-0.058207131922245026,0.4415745437145233,-0.019600549705771627,0.04549491036561711,-0.047381348875729236,0.00833860269780562,0.01390778275423088,-0.017256723336445123,0.06558643281459808,-0.06104223430156705,0.23218338191509247,-0.06508685251286313,0.6055612894164258,26.60785711074459,-0.0494480091471656,-0.008233455435445649,-0.07695083014035832,0.0010802960023283958,1
1.3275136947631836,-0.0005074364016763866,-0.058207131922245026,0.4415745437145233,-0.019600549705771627,0.04549491036561711,-0.047381348875729236,0.00833860269780562,0.01390778275423088,-0.017256723336445123,0.06558643281459808,-0.06104223430156705,0.23218338191509247,-0.0605550787810112,0.5915340186624183,26.608610367883646,-0.04957856978633507,-0.008228797428851173,-0.07689457608225034,0.0009533880001981743,1
1.337524175643921,-0.0009463988244533539,-0.05679053068161011,0.44062837958335876,-0.019736101845165877,0.04927414661615305,-0.045413110342364796,0.009996032699921553,0.012521373796953394,-0.012607418635956158,0.07816966623067856,-0.07285204529762265,0.23407946527004242,-0.05317024562183633,0.5772272425072863,26.60411526698459,-0.0593563715425806,0.001029057836298735,-0.08015585923219783,0.0009716870044940151,1
1.347515344619751,-0.0013725224416702986,-0.05533289536833763,0.4397524893283844,-0.018273394552931175,0.05091715233816088,-0.04218545180830258,0.010942195199906468,0.01158710476942515,-0.010413679855499236,0.0869159922003746,-0.08993061631917951,0.22243455052375793,-0.04495468623610046,0.5629094753879816,26.592235103519336,-0.06575800666915545,0.011264255291051522,-0.07821569608246577,0.0010392269978183322,1
1.3575167655944824,-0.0015605963999405503,-0.05460398271679878,0.43933841586112976,-0.015689147637420346,0.05360186106985962,-0.039133556089545406,0.01226979225948055,0.0102372432699811,-0.007084784029556701,0.08854808658361435,-0.08854688704013822,0.22174978256225586,-0.03730645975153598,0.5490097378590577,26.577229149755215,-0.06995454745654067,0.014217475376710784,-0.07951921863619395,0.0010032569989562035,1
1.3675141334533691,-0.0017311528790742159,-0.05387614294886589,0.4389168918132782,-0.01819605007700561,0.05320408194846337,-0.04089355469323711,0.013107243627472176,0.0092103627439446,-0.004976015593643357,0.08867468684911728,-0.098872534930706,0.21270446479320526,-0.026922112647910702,0.5378867415074744,26.57735910812682,-0.07154232301441706,0.02088074596637926,-0.07719114105672562,0.0009635850001359358,1
1.3775157928466797,-0.0019030312541872263,-0.05313374474644661,0.438524067401886,-0.015399446731654566,0.055124957192802894,-0.03946623939244349,0.0141159161009079,0.008273302394034232,-0.0029031122273579513,0.09778018295764923,-0.10700827091932294,0.20211651921272278,-0.01785809434849573,0.5268147135909819,26.573325500250977,-0.07898468436309264,0.027931386321121937,-0.07529609568176626,0.0011025769999832846,1
1.3875298500061035,-0.0020641626324504614,-0.05240241438150406,0.4381343722343445,-0.018298134226518208,0.05412846808739077,-0.039721097717964254,0.01507210590661101,0.007108469273251927,-0.0009189590979614692,0.09616931527853012,-0.1106792017817497,0.200297549366951,-0.009927174330540979,0.5170977416196603,26.571707827194587,-0.07912783034927055,0.02792108298347813,-0.07493734679944566,0.001214329997310415,1
1.3976781368255615,-0.0022143640089780092,-0.051677849143743515,0.43776851892471313,-0.014997577331873945,0.05513062335960675,-0.037757199125608897,0.016123439067832646,0.005984186224583965,0.0010188375047648357,0.10263990610837936,-0.11242926865816114,0.1959563046693802,0.0010515402633248707,0.5095230467317566,26.572429869870064,-0.08107243362205993,0.03302537001117335,-0.07540503222807977,0.0030263939988799393,1
1.407599925994873,-0.0022143640089780092,-0.051677849143743515,0.43776851892471313,-0.014997577331873945,0.05513062335960675,-0.037757199125608897,0.016123439067832646,0.005984186224583965,0.0010188375047648357,0.10263990610837936,-0.11242926865816114,0.1959563046693802,0.010197183230040504,0.5026108004746661,26.56631863467149,-0.08673284138469509,0.03662316975970873,-0.07517950724152342,0.0009351580010843463,1
1.4177684783935547,-0.0024992129765450954,-0.05024456977844238,0.43703576922416687,-0.015551999260323378,0.0553267338088324,-0.036824807395071414,0.01875140829014299,0.003054391400043155,0.005423937068223417,0.10075876861810684,-0.11271239072084424,0.17258848249912262,0.021656289351580406,0.49702324479309185,26.565605922691155,-0.09072993097853053,0.040933575571273445,-0.0707710329540435,0.00317383800575044,1
1.427520751953125,-0.0024992129765450954,-0.05024456977844238,0.43703576922416687,-0.015551999260323378,0.0553267338088324,-0.036824807395071414,0.01875140829014299,0.003054391400043155,0.005423937068223417,0.10075876861810684,-0.11271239072084424,0.17258848249912262,0.03302336658740493,0.4928269010981034,26.561196328842808,-0.09301458736781398,0.04479544395528938,-0.06917325027156464,0.0009363459976157174,1
1.437525987625122,-0.002636118559166789,-0.04954506829380989,0.4366694390773773,-0.01739920868381228,0.055213939479534235,-0.0368750280084575,0.019705298394182336,0.002044570660945322,0.007012916974985739,0.10412713885307312,-0.10265032947063445,0.1590992957353592,0.0454514848752576,0.48966467516592743,26.560040456316244,-0.09710757266442453,0.04313705523474363,-0.06537085901114466,0.0009730139936436899,1
1.4475607872009277,-0.002771619474515319,-0.04885761812329292,0.4363276958465576,-0.015867615148778692,0.05396372828582539,-0.03639520697822009,0.02076517209519535,0.001007203871169704,0.00847107672419245,0.09509801864624023,-0.09527263045310973,0.1471930295228958,0.05655692391048425,0.4878402577281222,26.558313966544713,-0.09606002841474925,0.042411159556977045,-0.061582656779357765,0.001012545995763503,1
1.4575321674346924,-0.002910996787250042,-0.04819002375006676,0.43597012758255005,-0.018098503404118078,0.053938094583278084,-0.03583529952599345,0.021738824983135174,0.00017552731735737126,0.009871889536028355,0.10056458413600922,-0.08853693306446074,0.14175571501255035,0.06893544404825155,0.4867548822281914,26.556105165724432,-0.10110766177394348,0.04179090559024067,-0.05989218091765664,0.0009805570007301867,1
1.4675397872924805,-0.003176494035869837,-0.046923473477363586,0.4352775514125824,-0.02014380515130949,0.051564060232034276,-0.03548434360107507,0.02267351070587731,-0.0007144382776140823,0.011145152257276969,0.09346184134483337,-0.07785355299711226,0.12357591837644578,0.08238338105418494,0.4866872731414794,26.554839919968845,-0.10064904329146122,0.03946999701423423,-0.05434994214825999,0.0009730139936436899,1
1.4775300025939941,-0.003312540240585804,-0.04633278772234917,0.4349333941936493,-0.01810733607845557,0.04804207764855809,-0.03905913966031345,0.023876953314493576,-0.0016274454455356135,0.012822541397816689,0.07743512839078903,-0.060082789510488496,0.10759348422288896,0.09352469684939353,0.48986190865779455,26.567177133190413,-0.0970701516156342,0.03362551068463603,-0.04902544665261364,0.0009649109997553751,1
1.4875304698944092,-0.003458295715972781,-0.04577861726284027,0.43458086252212524,-0.022008152705720527,0.0483449548720931,-0.03466502199368523,0.024586160099591137,-0.002078286180964728,0.013757458692295277,0.07016999274492264,-0.04994540289044379,0.09702795743942261,0.10642749395007735,0.49158449911780583,26.557305753865798,-0.0956215868696019,0.030499533638835136,-0.04509882068521279,0.000948010005231481,1
1.497530221939087,-0.003595733782276511,-0.04523735120892525,0.43423154950141907,-0.019043240756505594,0.045376539304919104,-0.03985943261066214,0.02528879918876914,-0.0025274072938867853,0.014578205827132873,0.06743621081113815,-0.037607509642839425,0.08154759556055069,0.11599677199068993,0.4965640354344978,26.571452768479993,-0.0958990025093136,0.025289753613033393,-0.03943878842384169,0.0009666580008342862,1
1.5075454711914062,-0.003595733782276511,-0.04523735120892525,0.43423154950141907,-0.019043240756505594,0.045376539304919104,-0.03985943261066214,0.02528879918876914,-0.0025274072938867853,0.014578205827132873,0.06743621081113815,-0.037607509642839425,0.08154759556055069,0.12444853033974979,0.5005150291743318,26.57755059396921,-0.09654153296299785,0.02564149604653936,-0.038687946018904795,0.0009533880001981743,1
1.5175368785858154,-0.0037470285315066576,-0.044736944139003754,0.43387454748153687,-0.022848339764306197,0.044795535516003654,-0.03459207338713914,0.025782047700473765,-0.002607974504479138,0.015254135360449173,0.05200928449630737,-0.013944073580205432,0.06705590337514877,0.13387440850720797,0.5028678017342831,26.562090953941777,-0.09098407803365689,0.015416618612646272,-0.034185426207458444,0.0009364159996039234,1
1.5275404453277588,-0.0037470285315066576,-0.044736944139003754,0.43387454748153687,-0.022848339764306197,0.044795535516003654,-0.03459207338713914,0.025782047700473765,-0.002607974504479138,0.015254135360449173,0.05200928449630737,-0.013944073580205432,0.06705590337514877,0.1421632419750102,0.5049989905525241,26.55577137974078,-0.09091752412189769,0.015279931642986015,-0.03333391765629034,0.00094549500499852,1
1.5375332832336426,-0.004045198671519756,-0.04380432143807411,0.4331561028957367,-0.023726753962735082,0.041223634100555046,-0.03553271653370067,0.02677095069690072,-0.002623961392934415,0.01632676273585787,0.03129955753684044,0.005375284701585773,0.028953878208994865,0.1497634858667427,0.5088605296417729,26.557338805602832,-0.08466344438277623,0.006464221469425097,-0.02131895022655808,0.0009365549994981848,1
1.5475361347198486,-0.004193833097815514,-0.043383531272411346,0.43279919028282166,-0.021210750637379084,0.037711929625665365,-0.04004281373583037,0.026929813156802318,-0.002541684217448381,0.01650311581880448,0.01685204729437828,0.013487205840647222,0.01848059892654419,0.15451997193514802,0.514647928700153,26.57412027672054,-0.07889854540031843,0.002185559755324607,-0.01572310197636783,0.0009481490051257424,1
1.5575332641601562,-0.004348558373749256,-0.042997173964977264,0.43243464827537537,-0.024467432933648628,0.03712503618292516,-0.03611996386498594,0.02699540944337242,-0.002197464113044667,0.01654932936066089,0.0011071591870859265,0.02169281616806984,0.0024098602589219783,0.16037089409571267,0.5183677275883377,26.567733057694067,-0.07197011086027638,-0.0022914016677613933,-0.009439016185883903,0.0009519910017843358,1
1.5675323009490967,-0.004502255003899336,-0.0426505021750927,0.43207278847694397,-0.023081371609816437,0.03216263286332167,-0.03959140917857878,0.026865456654046493,-0.0019285221645977124,0.016450554351592928,-0.01524734403938055,0.02902332320809364,-0.015639016404747966,0.16415159579386057,0.5245607101438484,26.577650246473034,-0.06468620812350619,-0.0066219116393172964,-0.0022912451964058646,0.0009522699983790517,1
1.5775408744812012,-0.004663802683353424,-0.042354609817266464,0.4317062497138977,-0.025244770604728104,0.031640533395002904,-0.03573829674936684,0.026657237436090497,-0.0014898320281426791,0.01618924884472772,-0.031153831630945206,0.041017778217792504,-0.03271242231130601,0.16811319804455727,0.5284165965808278,26.568732078119222,-0.056921301092894276,-0.013165023854933882,0.004793919778533028,0.0010084949972224422,1
1.5875401496887207,-0.004973737057298422,-0.0418650284409523,0.43096673488616943,-0.02518308355451678,0.026772480541428157,-0.0349540299539407,0.026309910235527312,-0.0010913611073735119,0.015802191649625374,-0.0396164171397686,0.04120178893208503,-0.04323813691735268,0.17145227233183713,0.5338003883713249,26.56326994081031,-0.052508271003111326,-0.014442843163006707,0.00979002758044941,0.0009520599996903911,1
1.597548246383667,-0.00512422900646925,-0.04167654737830162,0.43059229850769043,-0.024060880804715645,0.023003790601797903,-0.03967329480383181,0.025674007001909693,-0.00035123067256392915,0.014998194974822798,-0.0569588877260685,0.04635650292038917,-0.06253713369369507,0.17258642293423254,0.5402834717024413,26.57799605584423,-0.043290339463866276,-0.01902740008480244,0.01750518786511355,0.002075939999485854,1
1.607834815979004,-0.005276093725115061,-0.04151557385921478,0.4302248954772949,-0.024648625427968005,0.021960796825249873,-0.034441526937530234,0.025087687503444034,0.0002742379125693084,0.014244161829841673,-0.05981885641813278,0.05033833906054496,-0.07446138560771942,0.17358760136960816,0.5459244745367791,26.583987517390447,-0.04318196658778822,-0.019072072097851032,0.018958823086200588,0.001174866993096657,1
1.6179797649383545,-0.005420499946922064,-0.0413842611014843,0.4298574924468994,-0.024485312423406742,0.01872462225036465,-0.03894527625435147,0.025087687503444034,0.0002742379125693084,0.014244161829841673,-0.05981885641813278,0.05033833906054496,-0.07446138560771942,0.1740680751600441,0.5497114348384408,26.568684854113325,-0.04031480514199552,-0.022541751246668393,0.02356411569634246,0.0012507880019256845,1
1.627502679824829,-0.005420499946922064,-0.0413842611014843,0.4298574924468994,-0.024485312423406742,0.01872462225036465,-0.03894527625435147,0.025087687503444034,0.0002742379125693084,0.014244161829841673,-0.05981885641813278,0.05033833906054496,-0.07446138560771942,0.17458458827050805,0.5559375627553003,26.578582583845005,-0.04057204376937033,-0.022606843472254813,0.024431833829888012,0.0008294119979836978,1
1.637528657913208,-0.005420499946922064,-0.0413842611014843,0.4298574924468994,-0.024485312423406742,0.01872462225036465,-0.03894527625435147,0.025087687503444034,0.0002742379125693084,0.014244161829841673,-0.05981885641813278,0.05033833906054496,-0.07446138560771942,0.1750372024874859,0.5613592740573882,26.582605745961832,-0.040538398139791675,-0.022607187258318128,0.024594789065352094,0.0009601620040484704,1
1.6475310325622559,-0.005420499946922064,-0.0413842611014843,0.4298574924468994,-0.024485312423406742,0.01872462225036465,-0.03894527625435147,0.025087687503444034,0.0002742379125693084,0.014244161829841673,-0.05981885641813278,0.05033833906054496,-0.07446138560771942,0.1754335675380948,0.5660985114823351,26.58423400451787,-0.040507057964489966,-0.02260882824391308,0.024625229475272948,0.001195750999613665,1
1.657543659210205,-0.005858247634023428,-0.041183702647686005,0.4287695288658142,-0.023106191340823787,0.013607848504740234,-0.03395923221926624,0.02209795079010668,0.0035492500519174186,0.009516311456466031,-0.07083312422037125,0.07071192562580107,-0.13037168979644775,0.1700364897730533,0.5687367119498318,26.569200000354474,-0.027684583684284926,-0.041016341739516696,0.04562692438954025,0.0009591850030119531,1
1.6675431728363037,-0.005984987132251263,-0.041177526116371155,0.4283950626850128,-0.02333550901908916,0.011351399163770226,-0.03836293516280865,0.021383166637599427,0.004359167892792559,0.008108284567471369,-0.07443878054618835,0.07198408991098403,-0.14588424563407898,0.16432737733100844,0.5722705459522881,26.578973723036874,-0.024189520414005284,-0.04400558514858498,0.05545055775134776,0.0009823030050029047,1
1.6775405406951904,-0.0061254012398421764,-0.04118820279836655,0.4280397593975067,-0.0218623113151086,0.010386420474563757,-0.03473369028591209,0.02072749377184957,0.00510077167078693,0.006605145859000405,-0.07047942280769348,0.07206356525421141,-0.15856696665287018,0.15750103663108925,0.5749243533983731,26.570804018372538,-0.024173543815740137,-0.04617932365805052,0.06230294035102855,0.0009465429975534789,1
1.6875383853912354,-0.006367002613842487,-0.041307784616947174,0.4273223876953125,-0.02134288102562712,0.0067334948149390395,-0.03244194388183215,0.02003608183576322,0.0058801087613846725,0.004964400383490997,-0.06738452613353729,0.0708857774734497,-0.16923819482326508,0.1502870253269396,0.5789069060687237,26.55972449592602,-0.024639693723252597,-0.04703245720306002,0.06737824692772386,0.0009573679999448359,1
1.6975483894348145,-0.006469220854341984,-0.041396062821149826,0.4269527792930603,-0.020612195157093498,0.004140269532835036,-0.03494656828946165,0.019203046562066728,0.0070070960912049784,0.002332287169779068,-0.054082367569208145,0.07574180513620374,-0.17981594800949097,0.14168668903470516,0.5842208503725348,26.564832258037843,-0.02859918958424489,-0.052029654507571285,0.07290998861288261,0.0009484279944445007,1
1.7075378894805908,-0.006568838842213154,-0.04150799661874771,0.4266130328178406,-0.018543764969312575,0.0032069448417505497,-0.031345870328015155,0.019203046562066728,0.0070070960912049784,0.002332287169779068,-0.054082367569208145,0.07574180513620374,-0.17981594800949097,0.13309782862124012,0.5893812738171389,26.555103700003574,-0.02788285307276187,-0.05324065735010362,0.07496769515960489,0.0009605119994375855,1
1.7175934314727783,-0.006652131676673889,-0.04165186733007431,0.42625585198402405,-0.019208485306734396,0.000313863030538025,-0.03389439728997084,0.018305245346335042,0.008488254927586425,-0.001551872004096122,-0.04716311767697334,0.06729932874441144,-0.2018376737833023,0.12555565463698512,0.5939331641941082,26.551113609314125,-0.02784973847018606,-0.05320751365641715,0.07535408865825584,0.0011954709989367984,1
1.7275404930114746,-0.006652131676673889,-0.04165186733007431,0.42625585198402405,-0.019208485306734396,0.000313863030538025,-0.03389439728997084,0.018305245346335042,0.008488254927586425,-0.001551872004096122,-0.04716311767697334,0.06729932874441144,-0.2018376737833023,0.11750572795343094,0.5996789843353016,26.558910343430664,-0.028626215793833298,-0.053409407173156266,0.08482714235225386,0.0009547840018058196,1
1.7375459671020508,-0.006735897623002529,-0.041814979165792465,0.42592933773994446,-0.016820570486835336,-0.0003014796975470478,-0.029409944992174072,0.017957819883516635,0.009234194632075088,-0.003660675731874452,-0.03215380758047104,0.05374892428517339,-0.2108810693025589,0.10852585915523726,0.6050227811378541,26.546828544941512,-0.03440526674897492,-0.04944700725992466,0.09075456077121206,0.0009701500021037646,1
1.7475435733795166,-0.006735897623002529,-0.041814979165792465,0.42592933773994446,-0.016820570486835336,-0.0003014796975470478,-0.029409944992174072,0.017957819883516635,0.009234194632075088,-0.003660675731874452,-0.03215380758047104,0.05374892428517339,-0.2108810693025589,0.10062560013080615,0.6097309116758834,26.54187739487589,-0.03440815171200363,-0.04934573424436647,0.09186900413421435,0.0009420030037290417,1
1.7575430870056152,-0.006839246954768896,-0.042194731533527374,0.4252570569515228,-0.014428281273162707,-0.0029172610011039585,-0.02861174753211885,0.017566685664876847,0.010566049520196685,-0.009250238886794993,-0.011407753452658653,0.04611868411302564,-0.23315095901489258,0.09033935424463721,0.6165739668345352,26.53791390060133,-0.04274844590402517,-0.049754045169442256,0.10252972489840885,0.0011430869999458082,1
1.767545223236084,-0.006876229774206877,-0.04241761565208435,0.42493295669555664,-0.014097110405669562,-0.005226514234702688,-0.030081089579212912,0.01745898341360208,0.010986533230788798,-0.011656166173776406,-0.006722836755216122,0.03575839102268216,-0.24037134647369385,0.08068703139386771,0.624768664214833,26.541782369833143,-0.044771455992192975,-0.04620337366270152,0.1082547773980269,0.0009716170025058091,1
1.7775418758392334,-0.006913051009178162,-0.04264906048774719,0.42463231086730957,-0.013209475272149603,-0.006896251232597704,-0.0264821220129644,0.01754141192631664,0.011314870511379915,-0.014079846616335434,0.010974787175655365,0.03297536447644231,-0.2512482702732086,0.07137688847216517,0.6338776860670167,26.531103864584782,-0.05301720898076007,-0.04582811720279767,0.11425861391630919,0.0010231630003545433,1
1.7875373363494873,-0.00693544652312994,-0.04290839284658432,0.42432305216789246,-0.011132863375747478,-0.007106549066139547,-0.027704464271068603,0.01770866262256332,0.01165008844239157,-0.01668212112791867,0.016668464988470078,0.02051633596420285,-0.2595420777797699,0.06150278765299179,0.6429724365708915,26.53132028852995,-0.056043062692455646,-0.0412664927570635,0.11957095350958759,0.0009606520034139976,1
1.7975823879241943,-0.006950816139578819,-0.04317222908139229,0.4240417778491974,-0.01057067327069798,-0.009845145979852626,-0.023996325209607247,0.017900093106301807,0.01182228089779036,-0.019254829620924063,0.014396722428500652,0.012412286363542047,-0.2637255787849426,0.05258913657563827,0.6530320947853129,26.51874273210782,-0.05579343617742883,-0.037996839673188725,0.12339725394205665,0.0011023669940186664,1
1.8079137802124023,-0.006908468436449766,-0.044078532606363297,0.4232346713542938,-0.006746445421750721,-0.014310825512632904,-0.023411568284316907,0.018772179212247497,0.011848529325813484,-0.025980534105636277,0.04486573860049248,-0.006530965678393875,-0.2740088999271393,0.04232529772080781,0.6646562588160178,26.504563051582306,-0.06030433863297272,-0.032550331284815694,0.12491737710729932,0.0032655440008966252,1
1.819242000579834,-0.006908468436449766,-0.044078532606363297,0.4232346713542938,-0.006746445421750721,-0.014310825512632904,-0.023411568284316907,0.018772179212247497,0.011848529325813484,-0.025980534105636277,0.04486573860049248,-0.006530965678393875,-0.2740088999271393,0.03305725053277415,0.6787593183878298,26.506499813400474,-0.07214608328395918,-0.029758774892427575,0.13156720622751722,0.0009215379977831617,1
1.8275189399719238,-0.006881648674607277,-0.04440122842788696,0.4229947626590729,-0.005207691802605528,-0.01661938801766452,-0.018620051441837787,0.01930898486469257,0.011806159623381163,-0.02868872119878363,0.05472026765346527,-0.019651304930448563,-0.26478585600852966,0.02448088655677888,0.6934726754967169,26.49047231340737,-0.07779653616611563,-0.023717288369709547,0.1302792927761218,0.0009587649983586743,1
1.8375794887542725,-0.006881648674607277,-0.04440122842788696,0.4229947626590729,-0.005207691802605528,-0.01661938801766452,-0.018620051441837787,0.01930898486469257,0.011806159623381163,-0.02868872119878363,0.05472026765346527,-0.019651304930448563,-0.26478585600852966,0.016886056782243752,0.7065872558579589,26.48412061726667,-0.07827647354912468,-0.023572206946859735,0.13109101352715563,0.0010497740004211664,1
1.847654104232788,-0.006806751247495413,-0.045109350234270096,0.42254844307899475,-0.003006627079077856,-0.021315414461654213,-0.01836947165175973,0.01930898486469257,0.011806159623381163,-0.02868872119878363,0.05472026765346527,-0.019651304930448563,-0.26478585600852966,0.0103930189533569,0.7191360064802139,26.48459514529041,-0.0782838356228104,-0.023504236829136015,0.13124261636347134,0.001341028997558169,1
1.8575119972229004,-0.006806751247495413,-0.045109350234270096,0.42254844307899475,-0.003006627079077856,-0.021315414461654213,-0.01836947165175973,0.01930898486469257,0.011806159623381163,-0.02868872119878363,0.05472026765346527,-0.019651304930448563,-0.26478585600852966,0.002713599881895179,0.733342764550346,26.481271311353705,-0.07860848608207718,-0.0237131707174882,0.1312748627914108,0.0009604419974493794,1
1.8675167560577393,-0.006747767794877291,-0.045490555465221405,0.4223300516605377,-0.003317390795701174,-0.021709425378064803,-0.018338238817870472,0.01930898486469257,0.011806159623381163,-0.02868872119878363,0.05472026765346527,-0.019651304930448563,-0.26478585600852966,-0.003918081812697663,0.7466116797140978,26.480031189140256,-0.0785978467294767,-0.023653788338314635,0.13127976242531975,0.0010144330008188263,1
1.877504825592041,-0.006694514770060778,-0.04587455838918686,0.4221307933330536,-0.0009342518529441453,-0.02539761731121282,-0.017327848892435275,0.022594132385886034,0.010560998677072053,-0.040749591390665696,0.08231624215841293,-0.038909763097763096,-0.26201510429382324,-0.010211499553816047,0.7663913479202401,26.475755118299702,-0.10034730552260869,-0.011897096384970395,0.1372066785333154,0.0009478699939791113,1
1.8875417709350586,-0.0066207037307322025,-0.04627406224608421,0.42193394899368286,-0.0012309840488514126,-0.024927621642616568,-0.016071591604715774,0.023493309645519656,0.010207686787344183,-0.04337917250381951,0.08934344351291656,-0.04779031127691272,-0.254118412733078,-0.015004587182984076,0.7851377291773529,26.46970429396224,-0.10602996181650275,-0.006680013725382722,0.1372281310359259,0.000956110998231452,1
1.8975441455841064,-0.0064676976762712,-0.04711117595434189,0.4215726852416992,0.00040480250573222466,-0.028293199823101366,-0.014562894615696893,0.0244361667370665,0.009670380694415392,-0.04584424669886644,0.09780227392911911,-0.05352540314197543,-0.2465202808380127,-0.019986642977513062,0.8063108525735954,26.46195870018388,-0.11273794169194735,-0.0027090193505582075,0.13614300626562026,0.0009778339954209514,1
1.9075558185577393,-0.0063952854834496975,-0.04755060747265816,0.42141231894493103,0.0014390196224075313,-0.03122130963248951,-0.01617434816043868,0.026505732955687922,0.008654635785995346,-0.050553701702922726,0.10013455897569656,-0.062532514333725,-0.22370116412639618,-0.024194727744741056,0.8304363566025336,26.464175827155913,-0.11978627339615015,0.004114280736742649,0.13115018021557692,0.0009458440035814419,1
1.9174988269805908,-0.006308258976787329,-0.048000652343034744,0.421244740486145,0.0010761714507618611,-0.032861281146168424,-0.01396818561529092,0.026505732955687922,0.008654635785995346,-0.050553701702922726,0.10013455897569656,-0.062532514333725,-0.22370116412639618,-0.027741221673222637,0.8529823715414728,26.457346934689692,-0.11988133762196501,0.004246662424241448,0.13020757930055846,0.0009941079988493584,1
1.9275407791137695,-0.006226259749382734,-0.0484728068113327,0.4210929274559021,0.0023050337668823325,-0.03651836140462092,-0.015101532493003843,0.027935946971500147,0.00785916322387159,-0.05380992668704687,0.09850706905126572,-0.0649758651852608,-0.2135586440563202,-0.030867673202064846,0.8727779237922046,26.454476888197863,-0.11976484965289813,0.004263600949099715,0.13002953850942212,0.0012026650001644157,1
1.937518835067749,-0.006138237193226814,-0.048949144780635834,0.4209270775318146,0.002596095351797642,-0.03647217525709749,-0.013682795731476493,0.028997217253878382,0.0073467121179073835,-0.05590538550559021,0.11087639629840851,-0.05613165348768237,-0.2004333883523941,-0.03403479363639867,0.8952257202188817,26.4570649550348,-0.12326826355857619,0.0074158085371991535,0.12852961284446443,0.0011551700008567423,1
1.9475207328796387,-0.006138237193226814,-0.048949144780635834,0.4209270775318146,0.002596095351797642,-0.03647217525709749,-0.013682795731476493,0.028997217253878382,0.0073467121179073835,-0.05590538550559021,0.11087639629840851,-0.05613165348768237,-0.2004333883523941,-0.03698587133479804,0.9169925793926075,26.45303717996031,-0.13166501415907983,0.004866517134296795,0.1251423549347003,0.0009644930032663979,1
1.9575097560882568,-0.006057064048945904,-0.04942236468195915,0.4207810163497925,0.002561622942475119,-0.03873974828955272,-0.015420192880474363,0.030068844468130074,0.006846566745551286,-0.057882870768657835,0.101954884827137,-0.05974400043487551,-0.1979670226573944,-0.03929973385127641,0.9396345079380877,26.457309603442585,-0.13083986243044018,0.007848896938667579,0.12482914463713261,0.0009434699968551286,1
1.9675157070159912,-0.005978175904601812,-0.04991694912314415,0.42063021659851074,0.002206817377217601,-0.040621612171725226,-0.012249440136126825,0.030947285253192014,0.00646797859001591,-0.059809463483407654,0.08643127232789993,-0.044805433601141,-0.18218031525611877,-0.041438435463048776,0.9613605453612496,26.447887523340388,-0.1264051544710208,0.002272620405302849,0.1207140892834189,0.0009501050008111633,1
1.9775128364562988,-0.005978175904601812,-0.04991694912314415,0.42063021659851074,0.002206817377217601,-0.040621612171725226,-0.012249440136126825,0.030947285253192014,0.00646797859001591,-0.059809463483407654,0.08643127232789993,-0.044805433601141,-0.18218031525611877,-0.043320707209731316,0.9804587925212127,26.443953820009778,-0.1262722461234848,0.002217279676995984,0.11994067818588407,0.0009616290044505149,1
1.9874999523162842,-0.005835505202412605,-0.05093466490507126,0.42035993933677673,0.002193944133083821,-0.04346842316835672,-0.010967863806515377,0.0326643284351853,0.00585930134081547,-0.06328121049979796,0.07933492213487625,-0.024268075823783895,-0.16392827033996582,-0.04566770085937804,1.0021613786409167,26.437710884013203,-0.12802958241049603,-0.0053400025360235,0.11581486764477157,0.0009926400016411208,1
1.9975178241729736,-0.005771665833890438,-0.051452893763780594,0.42023131251335144,0.0016969322089653326,-0.04699636617507609,-0.013261242033450475,0.033649248818252264,0.005549548268301674,-0.06555168460880223,0.05607280880212784,-0.01648665219545366,-0.1494557410478592,-0.04786447668627673,1.0252454538870501,26.443012415465102,-0.12061016402037447,-0.007958803943556197,0.1116142278169295,0.0011930260006920435,1
2.007775068283081,-0.005723627749830484,-0.05198436975479126,0.4201182425022125,0.001323549949851308,-0.047839369587554324,-0.010701371503509834,0.034161219439427626,0.005484911205166032,-0.06697914936420357,0.04651200771331787,-0.0050036632455885575,-0.13781914114952087,-0.05006398790945891,1.0465120120206617,26.436144737198717,-0.11768356250082404,-0.012896021704989824,0.10784193913118738,0.002694139999221079,1
2.018519878387451,-0.005632374435663223,-0.05308143422007561,0.41988876461982727,0.0007514006804150532,-0.051206495601619155,-0.009350797208209364,0.034528478613471414,0.005473493714019728,-0.06825813143852999,0.03862365335226059,-0.0004836912266910234,-0.12878847122192383,-0.05220220113289487,1.0689451928120348,26.428548322816376,-0.11542598542610126,-0.014863565280994695,0.10491324601349397,0.0009692419989733025,1
2.027556896209717,-0.005582808516919613,-0.053654469549655914,0.4197806119918823,0.0026754535599336922,-0.05504787339524774,-0.013375965930977854,0.0348774217874781,0.005660905024956531,-0.06995022123350969,0.019418956711888313,0.01106692291796206,-0.10831399261951447,-0.05666142142297354,1.0923098140777299,26.43936194235528,-0.10765425766639185,-0.02048316307041582,0.09799516028465818,0.0010617869993438944,1
2.03751277923584,-0.005582808516919613,-0.053654469549655914,0.4197806119918823,0.0026754535599336922,-0.05504787339524774,-0.013375965930977854,0.0348774217874781,0.005660905024956531,-0.06995022123350969,0.019418956711888313,0.01106692291796206,-0.10831399261951447,-0.06060221073444353,1.1130766620315422,26.4436901506842,-0.10784816660664097,-0.020717649771803827,0.09735074197153325,0.0010407640002085827,1
2.0475897789001465,-0.00554882176220417,-0.05422380939126015,0.41967400908470154,0.0004044805883005032,-0.05489244679146808,-0.00834106863828848,0.03492069865670766,0.006165990880153682,-0.07148319872534792,-0.011667799204587936,0.028157874941825856,-0.0931943878531456,-0.06373356983172113,1.1298246862927295,26.42793887989443,-0.09401408522738369,-0.02944799699765037,0.09318294148401307,0.0015516819985350594,1
2.0575411319732666,-0.005507748108357191,-0.054816797375679016,0.4195761978626251,0.0030593578015148458,-0.059641044530804106,-0.013701334854117472,0.03492069865670766,0.006165990880153682,-0.07148319872534792,-0.011667799204587936,0.028157874941825856,-0.0931943878531456,-0.06894370452015966,1.1498125926250364,26.440091358539586,-0.09423610259113384,-0.02982647608461133,0.09240482496965426,0.0010003239949583076,1
2.0675392150878906,-0.005480243358761072,-0.05540596321225166,0.4194730520248413,0.0004931493665860489,-0.058973960550953074,-0.008868025735852268,0.03453641581934619,0.0067713931935684535,-0.07270282780747817,-0.026774149388074875,0.04478001594543456,-0.07417989522218704,-0.07298536444055752,1.165654161300372,26.428272637020115,-0.08634999522126398,-0.0385755422147969,0.08675774905628135,0.0009788809984456748,1
2.0775368213653564,-0.005480243358761072,-0.05540596321225166,0.4194730520248413,0.0004931493665860489,-0.058973960550953074,-0.008868025735852268,0.03453641581934619,0.0067713931935684535,-0.07270282780747817,-0.026774149388074875,0.04478001594543456,-0.07417989522218704,-0.07653113740355692,1.17961559147572,26.423385642481733,-0.08621501820691346,-0.03865028139502043,0.08569278899899355,0.000961140998697374,1
2.0875320434570312,-0.005426217336207628,-0.0566040500998497,0.4192739725112915,0.0015733455846575557,-0.060976017212622816,-0.009188418553458831,0.03342393119977505,0.00821117953149475,-0.07417509689525081,-0.055963121354579926,0.06663715839385986,-0.05322919040918351,-0.08340009982528628,1.1925203856926858,26.422782685649363,-0.0702650987727878,-0.0523853848209664,0.07952871031995931,0.0011606179978116415,1
2.097532033920288,-0.005402652081102133,-0.057211991399526596,0.4191736578941345,0.002394080590395504,-0.06495162094792403,-0.013049763844939848,0.032718744822368695,0.008898704373483834,-0.07452893475692557,-0.062287867069244385,0.06936971098184586,-0.03681087493896485,-0.09144350085645962,1.2071654108615792,26.436068287484712,-0.06569469038401309,-0.05561798420250964,0.07321311424683807,0.000960232995566912,1
2.1075313091278076,-0.005389705300331116,-0.057808998972177505,0.4190746247768402,0.001825072550323894,-0.06371649353611765,-0.00953643867908441,0.032029041645524,0.009729705223174179,-0.07474106288211058,-0.07293201237916946,0.08486815541982651,-0.022388648241758357,-0.09944682191359334,1.2179786710538736,26.429405911618904,-0.0589091814469582,-0.06471274511088351,0.06745764818980639,0.0009658890048740432,1
2.1175410747528076,-0.005374467466026545,-0.05840904265642166,0.41897374391555786,0.0016316961450455166,-0.06583923841124355,-0.012051099210358684,0.031170865069617193,0.010487978772156126,-0.07484660635304152,-0.08535636961460114,0.07783735543489456,-0.005997149739414463,-0.10730192040109184,1.2288259687516467,26.43561709815961,-0.051148593964756316,-0.06356238983941287,0.06106805128878604,0.0009525489949737675,1
2.1275384426116943,-0.005369082558900118,-0.05961018055677414,0.4187852442264557,0.002730122274632149,-0.06777273114736124,-0.012257485846401227,0.030168984470909876,0.011257111660248675,-0.074793860929951,-0.10416137427091599,0.08150764554738998,0.008073681965470304,-0.11624001645275187,1.239383500676029,26.439130469825773,-0.040152953398685624,-0.06730355131771502,0.05525741681920558,0.0009862850056379102,1
2.137531280517578,-0.0053679305128753185,-0.060199618339538574,0.4186863601207733,0.003649196436204525,-0.06603508441136526,-0.008734747914506855,0.02856526687909522,0.012589704978851035,-0.07445189246188866,-0.09889895468950272,0.08933266252279282,0.02623569406569003,-0.1262237919942897,1.245801847353544,26.428577392662042,-0.037943372134196234,-0.07444583110766405,0.048056449577404084,0.0009431900034542195,1
2.1475374698638916,-0.005357390735298395,-0.06079086288809776,0.4185866415500641,0.0034685457406233126,-0.0670924559011768,-0.013353157914926486,0.02752927761666646,0.013330631327442166,-0.07396125330086889,-0.10664194822311401,0.08448623865842819,0.04554999247193336,-0.1359791960466832,1.2518782308829808,26.440600728459632,-0.03271406209377059,-0.07349529829589015,0.04029753432700293,0.0009781819971976802,1
2.1575324535369873,-0.005357390735298395,-0.06079086288809776,0.4185866415500641,0.0034685457406233126,-0.0670924559011768,-0.013353157914926486,0.02752927761666646,0.013330631327442166,-0.07396125330086889,-0.10664194822311401,0.08448623865842819,0.04554999247193336,-0.14450404638368083,1.257585616423498,26.445475037981435,-0.03164535956086823,-0.07417710376111751,0.038640584788845814,0.0009650509964558296,1
2.1675403118133545,-0.0053570931777358055,-0.06137305125594139,0.41849082708358765,0.004501848492285789,-0.06636718659664301,-0.008414732456030765,0.026243222436003855,0.014228100660421017,-0.07340541204735418,-0.1201106607913971,0.0830134302377701,0.05682047456502914,-0.15320998564788932,1.259940430630785,26.430567464235555,-0.02218095880973182,-0.07593166197087174,0.03433545543342506,0.0009612100038793869,1
2.1775319576263428,-0.005338488612323999,-0.06194482371211052,0.4183999001979828,0.005751035635624042,-0.0681864917164959,-0.012403373776031255,0.026243222436003855,0.014228100660421017,-0.07340541204735418,-0.1201106607913971,0.0830134302377701,0.05682047456502914,-0.16230806173620543,1.2647126676869533,26.43837844883792,-0.022193986930850014,-0.07606234775363216,0.033531036252720865,0.0009688230056781322,1
2.1875360012054443,-0.005338488612323999,-0.06194482371211052,0.4183999001979828,0.005751035635624042,-0.0681864917164959,-0.012403373776031255,0.026243222436003855,0.014228100660421017,-0.07340541204735418,-0.1201106607913971,0.0830134302377701,0.05682047456502914,-0.17026867222676417,1.268866215728223,26.441535588878377,-0.022176834506953815,-0.07601853930421551,0.03337697514224711,0.0009802779968595132,1
2.197643995285034,-0.005285541992634535,-0.0630740150809288,0.41822928190231323,0.0059979671950002224,-0.06645622104301063,-0.011390814635456523,0.021725201144536577,0.016840843509720482,-0.07004203251945285,-0.1273084282875061,0.07591890543699266,0.11556801199913024,-0.1796932659836626,1.2669449472570105,26.44031399197007,-0.006763729427463179,-0.07974251077737081,0.012241951747049042,0.0011822710002888925,1
2.2078299522399902,-0.005263971630483866,-0.06359566003084183,0.4181518256664276,0.009085283106124185,-0.06366644803369843,-0.006165923715409956,0.020507532696142583,0.017509008239937174,-0.06871966983527944,-0.12774355709552765,0.07163988798856737,0.1310175061225891,-0.18994830266859722,1.2617363785658426,26.4218496612457,-0.003083229859437667,-0.0798023135813937,0.002466736683171834,0.002207038996857591,1
2.2183797359466553,-0.005214511416852474,-0.06410536170005798,0.4180762767791748,0.008542905749805024,-0.06397787485081348,-0.009930026012821122,0.019150786279817034,0.018105169997264525,-0.06731421257343939,-0.12781007587909698,0.06451991200447084,0.14245787262916565,-0.19939037702433057,1.2570169541612188,26.427739616494637,0.0006365330568427873,-0.07816520160245563,-0.003920598986914245,0.0009649109997553751,1
2.227522850036621,-0.0051742857322096825,-0.06459177285432816,0.4180178940296173,0.011010127886349731,-0.06113314258191717,-0.005664235505101936,0.01795456566045628,0.01870333419678838,-0.06574682491736406,-0.1205742135643959,0.06630640476942064,0.16078561544418335,-0.20940375918498108,1.2497734329198846,26.41547672524189,0.0007187442845240564,-0.08068422522690823,-0.011995681059119249,0.0009723159964778461,1
2.2375173568725586,-0.005110969766974449,-0.06506868451833725,0.4179568886756897,0.010357799932773776,-0.06130682677095221,-0.008328942584096112,0.016699135614828275,0.01926040383617611,-0.06407669641003011,-0.11774113774299622,0.05103239789605143,0.17022502422332764,-0.21805342112109166,1.2431672203636301,26.420008668694198,0.0028038656437940797,-0.07527965203214479,-0.017576413639551675,0.0009563909989083186,1
2.247544288635254,-0.00495856674388051,-0.06594250351190567,0.41786420345306396,0.013594980995816318,-0.057181563275977655,-0.006487912122072341,0.01563952538905733,0.019688794497930928,-0.062310777899223346,-0.10992953181266785,0.05023932829499247,0.18017800152301788,-0.2280368767560549,1.234326388701673,26.41562399928329,0.0024048744602272955,-0.07627606423472212,-0.022874273234866557,0.0015413450018968433,1
2.2575387954711914,-0.004867867566645145,-0.0663391575217247,0.41784074902534485,0.017821667356846562,-0.05448425198385045,-0.0031965988502104326,0.01410418509033784,0.02031878900677153,-0.05943367737089611,-0.0959748923778534,0.04608675464987757,0.19330842792987823,-0.23958940615762417,1.223150171987457,26.402560839673708,-0.0011149586381741451,-0.07580883243938928,-0.02867355554916222,0.0010235820009256713,1
2.2675156593322754,-0.004867867566645145,-0.0663391575217247,0.41784074902534485,0.017821667356846562,-0.05448425198385045,-0.0031965988502104326,0.01410418509033784,0.02031878900677153,-0.05943367737089611,-0.0959748923778534,0.04608675464987757,0.19330842792987823,-0.24980085870980467,1.2137056301172784,26.397197018041943,0.00031655458325808455,-0.07641259710052514,-0.030899630106851574,0.0009577180026099086,1
2.2775211334228516,-0.004748760722577572,-0.06672192364931107,0.4178052246570587,0.016969602206193066,-0.052451446742306,-0.0046215822218712965,0.01410418509033784,0.02031878900677153,-0.05943367737089611,-0.0959748923778534,0.04608675464987757,0.19330842792987823,-0.2584579790458432,1.204655365750028,26.3999936438599,0.0004847077851366815,-0.07630501346702744,-0.031323559424034676,0.000955272997089196,1
2.2875301837921143,-0.004631788469851017,-0.06706833094358444,0.417799711227417,0.02106788362229833,-0.05029007427345938,-0.0009401177675070836,0.012421802985151054,0.02086907001417293,-0.055351554373679335,-0.08190710842609406,0.029661148786544828,0.21474142372608185,-0.2680336894479519,1.1938134444228086,26.38847638090714,-0.0013075529728002024,-0.07068774394084303,-0.04074514202867058,0.0009524790002615191,1
2.297531843185425,-0.004631788469851017,-0.06706833094358444,0.417799711227417,0.02106788362229833,-0.05029007427345938,-0.0009401177675070836,0.012421802985151054,0.02086907001417293,-0.055351554373679335,-0.08190710842609406,0.029661148786544828,0.21474142372608185,-0.27648208049374884,1.1843279417685004,26.38376374670812,-0.0013713750876457736,-0.07060604693638442,-0.04251827218143898,0.0009493370016571134,1
2.307520627975464,-0.004342641215771437,-0.06767827272415161,0.4178161323070526,0.023577366000118522,-0.0452028624834007,0.0014752102911612418,0.010728261717760645,0.021013040054636,-0.04996830598149993,-0.05718038231134415,0.009342744946479823,0.21817803382873535,-0.2843586932500214,1.172002064881592,26.37353486413299,-0.0075337985815139485,-0.062069121039992736,-0.04706608844973756,0.0009765060021891259,1
2.317530632019043,-0.004167216829955578,-0.06795120239257812,0.4178336560726166,0.0230145060452511,-0.04035908744958744,0.0035967962886009966,0.010211591665852726,0.021066487455934535,-0.047766794563812276,-0.046044498682022095,-0.005175442900508615,0.21872764825820923,-0.28997813668727024,1.1578526590441554,26.361975335456922,-0.010889582169499878,-0.05551751878390524,-0.049370787736415934,0.000945355997828301,1
2.3275372982025146,-0.003985545597970486,-0.06817369908094406,0.41789647936820984,0.026517676196334695,-0.039173971856982764,0.0031083533576478145,0.009843481978323965,0.0207690160892815,-0.04557314807048396,-0.04145950451493263,-0.015886183828115436,0.2180747091770172,-0.29674008038889893,1.1446142107554027,26.358934891555247,-0.01190648618378358,-0.05014211944235253,-0.05084011349421001,0.0009611400018911809,1
2.337566375732422,-0.0037861878518015146,-0.0683799758553505,0.41794779896736145,0.02553458884614195,-0.03457065298946593,0.006299418864464292,0.009427440130402864,0.02069350820120075,-0.04337658499671804,-0.0386977456510067,-0.02082262933254239,0.22144865989685059,-0.30118565885963755,1.1295111727647507,26.34661217447351,-0.011800305396357064,-0.04752692390217109,-0.053475598604264554,0.0009549940004944801,1
2.347529649734497,-0.003350675106048584,-0.06868312507867813,0.4181157052516937,0.02829903729200385,-0.027780007663366912,0.00902872898920244,0.009124154676834806,0.020183514092014132,-0.04115465037867283,-0.029398947954177856,-0.044067736715078326,0.21858547627925873,-0.305490298015032,1.11163807539308,26.331957674893683,-0.01465360832481559,-0.035858823155882555,-0.05431591413660387,0.0009549240057822317,1
2.357532501220703,-0.0031064271461218596,-0.0687808096408844,0.4182215929031372,0.031599514139759255,-0.027261784361337384,0.006411654832390895,0.008737716992373912,0.019512116349819753,-0.03791551866394105,-0.024008048698306084,-0.04375914111733434,0.21661381423473358,-0.3093332115318079,1.095981351362149,26.325987073382493,-0.01477470238038061,-0.03574603164145334,-0.05447116048487744,0.0012096489954274148,1
2.367539882659912,-0.002857713960111141,-0.06885567307472229,0.41833072900772095,0.030200677005322186,-0.02162007612335607,0.012292223999524836,0.008543469187946684,0.019015680602489926,-0.0358056264346871,-0.0130603713914752,-0.05546472966670987,0.2136327028274536,-0.31462551259541804,1.0819075051822198,26.33265896816777,-0.016026034522089075,-0.03439267267218156,-0.055696730225313865,0.0012086719943908975,1
2.377531051635742,-0.002857713960111141,-0.06885567307472229,0.41833072900772095,0.030200677005322186,-0.02162007612335607,0.012292223999524836,0.008543469187946684,0.019015680602489926,-0.0358056264346871,-0.0130603713914752,-0.05546472966670987,0.2136327028274536,-0.31655613242685443,1.0655677818605602,26.314808922351432,-0.020109072811737773,-0.027587913372881852,-0.05617325735645651,0.0009465430048294365,1
2.3875386714935303,-0.0025776177644729614,-0.06889466196298599,0.4184635579586029,0.0338981449752216,-0.02153850716502423,0.00743307175106422,0.008543469187946684,0.019015680602489926,-0.0358056264346871,-0.0130603713914752,-0.05546472966670987,0.2136327028274536,-0.32189098348403516,1.0514114784245168,26.324395183903427,-0.02006604509752264,-0.02790388418700973,-0.05625072524288406,0.0009770649994607083,1
2.3976402282714844,-0.002302700188010931,-0.06890982389450073,0.4185912311077118,0.03225176037132557,-0.015682931961202795,0.013031240569417627,0.008543469187946684,0.019015680602489926,-0.0358056264346871,-0.0130603713914752,-0.05546472966670987,0.2136327028274536,-0.32495085784158795,1.03455179843708,26.308741314868204,-0.01976860351143926,-0.027709036422519265,-0.05627065152362486,0.0011863910040119663,1
2.407816171646118,-0.0016994914039969444,-0.06885790079832077,0.41889387369155884,0.033988103261207686,-0.010354277777353984,0.012700612594856641,0.0090026709905624,0.016373620863720184,-0.027434237399150074,0.0195027906447649,-0.06811567395925519,0.20260122418403625,-0.32648557620238594,1.0218273826809898,26.315292783895348,-0.03505438259400701,-0.015105130628046396,-0.05881929734844846,0.003005929000210017,1
2.417875051498413,-0.0016994914039969444,-0.06885790079832077,0.41889387369155884,0.033988103261207686,-0.010354277777353984,0.012700612594856641,0.0090026709905624,0.016373620863720184,-0.027434237399150074,0.0195027906447649,-0.06811567395925519,0.20260122418403625,-0.3268443169503023,1.0065691648723587,26.305875140474758,-0.035171432694785426,-0.01492995557652946,-0.05793426579018466,0.0013005879955017008,1
2.427535057067871,-0.0013813360128551722,-0.06879222393035889,0.4190485179424286,0.03636392950102092,-0.00917347343759943,0.009751850677477476,0.009414145676586383,0.015196389315096592,-0.024426311613952034,0.026234570890665054,-0.0749792009592056,0.2004397064447403,-0.32773038051504794,0.9931685407305024,26.312195297465312,-0.03910815943721018,-0.008855512176086978,-0.058776100166176584,0.0008231259998865426,1
2.4375274181365967,-0.0010694385273382068,-0.06869667023420334,0.4192075729370117,0.03543290123545689,-0.004742388637943183,0.013836592421159536,0.009755121616299434,0.014491344080625357,-0.022491525479979124,0.03765061870217323,-0.07098555564880368,0.18978102505207062,-0.32703980306661296,0.9786888714922626,26.30039344834964,-0.04487086287982853,-0.008632122027978834,-0.05656055702409479,0.000952827998844441,1
2.4475643634796143,-0.00037787025212310255,-0.06844791769981384,0.41952091455459595,0.035656049866185084,0.0006524024396706652,0.014438540629177925,0.010102480088571841,0.013700833702864568,-0.020609321019687155,0.03839942440390587,-0.08449482917785642,0.19126997888088226,-0.3258872691825234,0.962208499749004,26.293345743161463,-0.045739468851645745,-0.0004405044134956418,-0.05769854501057806,0.0015165500008151866,1
2.457547664642334,-2.926779052359052e-05,-0.06829699873924255,0.41968321800231934,0.0364724025153593,0.00024416296063671034,0.009286520061692616,0.010826759254754403,0.01237548439098024,-0.01781009593711902,0.04988957569003105,-0.08622093498706815,0.18573451042175293,-0.32460343860821683,0.9494673864897551,26.30829120740867,-0.052768021460066775,0.003919666370518423,-0.057707730743157874,0.000982302997726947,1
2.4675402641296387,0.00032211141660809517,-0.06812281906604767,0.41986319422721863,0.03663308919454066,0.005127412235624065,0.013638629562436005,0.011383119620466342,0.011690578347098857,-0.01607059939908062,0.054212622344493866,-0.07714171707630155,0.17768830060958862,-0.3234587059973863,0.938258772028274,26.31441132945653,-0.05290186824300815,0.003932786994155096,-0.05770650923599845,0.0012384960064082406,1
2.477531671524048,0.0006898162537254393,-0.06793400645256042,0.4200320243835449,0.03662138060657993,0.006297575745483839,0.01084729282544384,0.011383119620466342,0.011690578347098857,-0.01607059939908062,0.054212622344493866,-0.07714171707630155,0.17768830060958862,-0.322114803216508,0.9251757675656459,26.301602807845935,-0.05598642544828445,0.0016539165756171929,-0.056067126929388686,0.0012113260017940775,1
2.487539768218994,0.0006898162537254393,-0.06793400645256042,0.4200320243835449,0.03662138060657993,0.006297575745483839,0.01084729282544384,0.011383119620466342,0.011690578347098857,-0.01607059939908062,0.054212622344493866,-0.07714171707630155,0.17768830060958862,-0.32162365522876796,0.9128316070806642,26.306064056901892,-0.05588075084039049,0.0016042674546812342,-0.05575463212272374,0.0009630259955883957,1
2.497530221939087,0.0010506866965442896,-0.06772815436124802,0.4202239513397217,0.037086546421875914,0.007162658029648842,0.01371313165767205,0.01244433312658888,0.010083910013609199,-0.01266719310442932,0.05317743495106697,-0.08126407861709593,0.16598458588123322,-0.31964043528481945,0.9020730374087347,26.297765203491938,-0.05823094406875952,0.007761979618920512,-0.053809659944154896,0.0009425620010006242,1
2.5075387954711914,0.0010506866965442896,-0.06772815436124802,0.4202239513397217,0.037086546421875914,0.007162658029648842,0.01371313165767205,0.01244433312658888,0.010083910013609199,-0.01266719310442932,0.05317743495106697,-0.08126407861709593,0.16598458588123322,-0.3179248855692373,0.8926503886185725,26.294399967388316,-0.058305640710854104,0.007804835539561929,-0.05344500638673254,0.0009528990049147978,1
2.517531156539917,0.0010506866965442896,-0.06772815436124802,0.4202239513397217,0.037086546421875914,0.007162658029648842,0.01371313165767205,0.01244433312658888,0.010083910013609199,-0.01266719310442932,0.05317743495106697,-0.08126407861709593,0.16598458588123322,-0.316428804304802,0.88439336036769,26.293044911266723,-0.05834461307493343,0.007798115385757877,-0.0533769565154889,0.0009618379990570247,1
2.5275402069091797,0.002172135980799794,-0.06706365942955017,0.4207950234413147,0.03516073526771482,0.01295511699532553,0.011159338049847138,0.014576834269353522,0.007314229207406431,-0.007468399374607859,0.06059255823493004,-0.06695716083049773,0.13982424139976501,-0.31247240593516207,0.8750558870954485,26.30102903109163,-0.06673137802278276,0.008947094766842256,-0.04777803188136671,0.0009591839989298023,1
2.537529945373535,0.002532778773456812,-0.06681814044713974,0.42099863290786743,0.03403443843496539,0.014172102315834219,0.01322351582325557,0.01520764778118977,0.006592497583577828,-0.006173245125434601,0.060182005167007446,-0.06489977985620497,0.12806081771850586,-0.3077964436424529,0.8661365695502822,26.296984025111012,-0.06824554990622714,0.010003969357852843,-0.04361349175864283,0.0009575780059094541,1
2.5475316047668457,0.0028971433639526367,-0.06658098101615906,0.42119070887565613,0.03331760319194022,0.01510720881155995,0.012523455550311039,0.015727313229717765,0.006014465969668592,-0.004921491717198467,0.05721063166856766,-0.0611363649368286,0.12091297656297685,-0.3031286335245259,0.8578862454784805,26.29769281494918,-0.06824640818364446,0.009896037625002546,-0.04120445814234372,0.0009483589965384454,1
2.5575311183929443,0.0032555777579545975,-0.06632591038942337,0.42139291763305664,0.03291944043247627,0.017182884702500827,0.014020351702943096,0.016320364899845785,0.0054241958706522375,-0.003780200758102481,0.051987115293741226,-0.05379126220941542,0.1106099784374237,-0.29874092277738373,0.8491396183362777,26.292671240444626,-0.06735054567574844,0.008145643869562425,-0.03802956715015241,0.0009519910017843358,1
2.5675323009490967,0.003977885004132986,-0.06581233441829681,0.42177602648735046,0.030618269011272698,0.018520342146650916,0.01361931955552963,0.016769252193164608,0.004917364973296312,-0.00275413941409397,0.041893668472766876,-0.04851548001170157,0.10349509119987488,-0.29381614616768054,0.8400147514289646,26.291879425453597,-0.06391015441247914,0.007252954790576583,-0.03568840112455371,0.0009521999963908456,1
2.5775318145751953,0.004322080872952938,-0.06555282324552536,0.4219658672809601,0.03210292757614327,0.020793952014244204,0.011788574077162363,0.01744895883545894,0.004281430244096995,-0.0013418305883976522,0.046661026775836945,-0.04062198102474211,0.09407445043325424,-0.2894985237327146,0.8320187829194897,26.29157720998997,-0.06392041209877415,0.007230043124431744,-0.03524897223107257,0.0012158660028944723,1
2.5875394344329834,0.004671373404562473,-0.06529144197702408,0.42215442657470703,0.029988270257630633,0.020435627531421585,0.012725776079657344,0.017785297905842157,0.003945323515126109,-0.0005469024668851574,0.03625890240073204,-0.03505179658532142,0.07969795912504196,-0.28679673665429944,0.8241693311606444,26.297651128977225,-0.067664320101027,0.005206611807222235,-0.03288689197959904,0.0012043410024489276,1
2.5976510047912598,0.005016016308218241,-0.06503020226955414,0.4223344326019287,0.03034901618998542,0.022431688381049825,0.011395560580634078,0.01812604585444033,0.0036734868319250324,0.0002082950409643125,0.02642991952598095,-0.024945978075265874,0.07103031128644943,-0.28316789996049796,0.8170538251947045,26.296647340491525,-0.06400315717916177,0.0036852932783491945,-0.02819328482766554,0.0011462300026323646,1
2.6078357696533203,0.005357781425118446,-0.06476954370737076,0.42250534892082214,0.02857969142694084,0.022236227961042864,0.010727438196499559,0.018513532573461777,0.0033877683667906666,0.0011658354788997016,0.02672569826245308,-0.017345992848277085,0.06109628081321716,-0.28077475681867314,0.8092157538612204,26.300678620166682,-0.06031754274141819,-0.0002364870447766768,-0.024898769134379526,0.0028475900035118684,1
2.6175332069396973,0.005357781425118446,-0.06476954370737076,0.42250534892082214,0.02857969142694084,0.022236227961042864,0.010727438196499559,0.018513532573461777,0.0033877683667906666,0.0011658354788997016,0.02672569826245308,-0.017345992848277085,0.06109628081321716,-0.2777990496623252,0.8026460067525412,26.304422455637834,-0.06148838588221349,-0.0028282368618734294,-0.021576439358019645,0.0008198430004995316,1
2.6275973320007324,0.005691884085536003,-0.06451212614774704,0.42266538739204407,0.02852685376942278,0.024484271174307386,0.008993690860058197,0.01873335351210237,0.003290645699915551,0.0016052480240853484,0.022030528634786606,-0.010568983852863307,0.04849902167916298,-0.27577229363007083,0.7951922343716196,26.311819861878647,-0.059780821034248095,-0.005710504836911013,-0.017077682415700908,0.0013058260010438971,1
2.637540817260742,0.0060292622074484825,-0.06426151841878891,0.42282184958457947,0.0283129680869578,0.02419659121254243,0.008413731175238456,0.018905311012952453,0.0032671327024158536,0.00208639631688623,0.018154267221689224,-0.0038336424622684665,0.04424617066979408,-0.27449851423684374,0.7886253996335918,26.316666292301544,-0.05853937235503695,-0.008735615576578943,-0.015110010831894297,0.0010508209961699322,1
2.647542715072632,0.006357062608003616,-0.0640295147895813,0.4229587912559509,0.027180420229629566,0.024716118334584276,0.007935606009193559,0.019097028741270172,0.0033790110093327996,0.00235491929681908,0.00894475169479847,0.009623987600207332,0.03223225101828575,-0.27364704322417016,0.7820943853877872,26.320143417799127,-0.0548928619908967,-0.015108852923687653,-0.010957475523308545,0.000989776999631431,1
2.657545328140259,0.0066792708821594715,-0.06380829960107803,0.4230968654155731,0.025348078456226,0.023860404258582327,0.00815226513826656,0.019125117175893713,0.0035109109958386675,0.0026459600981074693,0.010052382946014404,0.013614694587886337,0.021864358335733414,-0.2723039536542975,0.7767120905314212,26.320626046333054,-0.05552088248417707,-0.017223306377157705,-0.006952757898705732,0.0010703779989853501,1
2.6675760746002197,0.0069922092370688915,-0.06358843296766281,0.42321860790252686,0.025715127587308186,0.026531195268017626,0.007480239495728913,0.01927367272613356,0.0038198056659699553,0.0028471318413996194,0.005066540092229843,0.020479759201407433,0.011604343540966509,-0.27243174407920134,0.7698452353441979,26.323027243983198,-0.053461395228936906,-0.021270367453588217,-0.0029516979084665777,0.0010719150013756007,1
2.677534341812134,0.00760442903265357,-0.06317383050918579,0.4234328866004944,0.022477805609810893,0.02651403471275382,0.00613967985140391,0.019251618425842665,0.003964238792563357,0.0028663511581128454,-0.00450114905834198,0.027936149388551712,0.002626551548019048,-0.2715388992253803,0.763040213371727,26.328447470595794,-0.04909788309634405,-0.024840117750337145,0.0007268565240240166,0.00097490000189282,1
2.687530040740967,0.007895952090620995,-0.0629807859659195,0.42352595925331116,0.02189154363580283,0.024370227009110776,0.002803562018786921,0.019294405886209898,0.004487826987002119,0.002701291961960006,-0.003561474848538637,0.03299976512789726,-0.011905512772500518,-0.27074740390215035,0.7570626767951537,26.33067407166297,-0.04909519954348387,-0.02487465099328187,0.0014198463937816048,0.001281730001210235,1
2.697539806365967,0.008181496523320675,-0.06279592216014862,0.4236046075820923,0.021150592713119445,0.026096135377446577,0.0032393152480799437,0.01928944941609645,0.004837024267625001,0.002500733306885383,-0.006165404338389635,0.029588483273982998,-0.025936210528016094,-0.27093429696472415,0.7520109776526432,26.34154474658487,-0.04845418522734998,-0.027650255039401255,0.011018184657164023,0.0009572290000505745,1
2.7075393199920654,0.008181496523320675,-0.06279592216014862,0.4236046075820923,0.021150592713119445,0.026096135377446577,0.0032393152480799437,0.01928944941609645,0.004837024267625001,0.002500733306885383,-0.006165404338389635,0.029588483273982998,-0.025936210528016094,-0.2712403664870119,0.7474345952655655,26.34591502991016,-0.04846698274624219,-0.028020495299563377,0.0129024344632493,0.0009510129966656677,1
2.7175309658050537,0.008465394377708435,-0.06261851638555527,0.4236748516559601,0.021708589045431194,0.026309730485939837,0.0010843199100757618,0.01928944941609645,0.004837024267625001,0.002500733306885383,-0.006165404338389635,0.029588483273982998,-0.025936210528016094,-0.2723541646522867,0.7432753625752844,26.3551408889016,-0.04844164089857641,-0.028080195294819654,0.01325813562456857,0.0009596730014891364,1
2.7275209426879883,0.008746004663407803,-0.06244313344359398,0.42372846603393555,0.021083077414268077,0.026406394317715038,0.0025297673541992663,0.01928944941609645,0.004837024267625001,0.002500733306885383,-0.006165404338389635,0.029588483273982998,-0.025936210528016094,-0.2732097382746189,0.7391187883998733,26.353804222176795,-0.04845475002816582,-0.028046254063843947,0.01332424575684224,0.0009563209969201125,1
2.7375118732452393,0.008746004663407803,-0.06244313344359398,0.42372846603393555,0.021083077414268077,0.026406394317715038,0.0025297673541992663,0.01928944941609645,0.004837024267625001,0.002500733306885383,-0.006165404338389635,0.029588483273982998,-0.025936210528016094,-0.2739609995446203,0.7354777334758309,26.35326727747591,-0.04847350229702889,-0.02804170297712363,0.01333631843887303,0.0009540160026517697,1
2.7475225925445557,0.009290341287851334,-0.06214415282011032,0.4238133132457733,0.02092532627301931,0.026597196235567583,0.0017195798067580574,0.019285899520378624,0.006979004863187033,0.00025368371495693154,0.001373702078126371,0.05036566033959388,-0.07087897509336472,-0.278718994179945,0.7320198391531513,26.355673168571364,-0.051717564524540204,-0.04341164605319285,0.02932436349316836,0.0009583470018696971,1
2.7575135231018066,0.009562704712152481,-0.06199672445654869,0.4238516390323639,0.019153354691949998,0.025849001480322324,-0.000187790271015948,0.019187146216793405,0.007512291373089397,-0.0005338629466398181,-0.0028036581352353096,0.05185864120721816,-0.08201561123132706,-0.28279878348512316,0.7292425864188554,26.36326744649184,-0.0496600466146359,-0.045525894601439465,0.03642014867562939,0.0009999739995691925,1
2.7675211429595947,0.009831735864281654,-0.06187092885375023,0.4238728880882263,0.020359065384121987,0.02563417702884475,-0.0005743825997731382,0.019274793883173658,0.00809583182317164,-0.0013858988526109783,0.0030258968472480774,0.0569407008588314,-0.08497919142246248,-0.2885301948498789,0.7271038357294463,26.367642967483295,-0.05249351743475574,-0.04953875382344601,0.039216263767704145,0.0009626769970054738,1
2.777513265609741,0.010096504352986813,-0.06175963953137398,0.4238872528076172,0.016860736533450483,0.024114672095014927,0.0002379189799315306,0.019338166107871757,0.008701180753342808,-0.0023579063959786595,0.004305526614189148,0.0485522262752056,-0.1058826744556427,-0.2918478965881163,0.7261283919198149,26.366555206188128,-0.053370434569074574,-0.047177855363799356,0.047114959218714954,0.0009579980032867752,1
2.7875092029571533,0.010613244026899338,-0.06155702471733093,0.4239013195037842,0.016260169452448417,0.02310441247724522,-0.0004365726846948475,0.019427485511368747,0.00915137352294737,-0.0034708636811866533,0.004136406350880861,0.04797897860407828,-0.10802580416202545,-0.2956438803932772,0.725867177172902,26.368419786283646,-0.05360362059155366,-0.0480824262704802,0.049935427520270054,0.0009487079951213673,1
2.7976224422454834,0.01087166927754879,-0.06148083508014679,0.42389076948165894,0.018720915539717553,0.0238806288693984,-0.0035432931077066993,0.019591212290434257,0.010057623277697214,-0.005125900054961718,0.011131562292575836,0.05568015575408934,-0.11463426798582077,-0.2989684988565464,0.7256314760884751,26.369175994244046,-0.053609169037214195,-0.04807111568148718,0.05046620088318557,0.0013442420022329316,1
2.8077971935272217,0.01112624816596508,-0.06141625717282295,0.4238714575767517,0.017183311297366905,0.022280823430421988,-0.001550511429684816,0.019765455079683303,0.01072288599186999,-0.006387673437064922,0.01785987801849842,0.05396129190921782,-0.12829720973968506,-0.30557983566478103,0.7267489659496652,26.373292470303998,-0.060628237288812614,-0.05521352973714627,0.0588551791446174,0.000869433002662845,1
2.8175606727600098,0.01112624816596508,-0.06141625717282295,0.4238714575767517,0.017183311297366905,0.022280823430421988,-0.001550511429684816,0.019765455079683303,0.01072288599186999,-0.006387673437064922,0.01785987801849842,0.05396129190921782,-0.12829720973968506,-0.3113608356264695,0.7277051369568116,26.374959751891264,-0.06069597733599434,-0.05522925498548771,0.06043227114379718,0.000835208993521519,1
2.8275272846221924,0.011376475915312767,-0.06135212630033493,0.4238499402999878,0.017409550050317205,0.023877639310700423,-0.0028677896622951522,0.019997523757598223,0.011260599388729808,-0.007704407162036908,0.01873132213950157,0.05320295691490172,-0.13551847636699677,-0.3177081374978846,0.7277292118453697,26.380230459273914,-0.061524978922875104,-0.05638065792685669,0.06383983710211309,0.0009969009988708422,1
2.8375935554504395,0.011855727061629295,-0.06126299872994423,0.42379480600357056,0.01669294948576293,0.02155461160859467,-0.004245927990519167,0.02067142142111633,0.012732127855692887,-0.011277777139581335,0.03202970325946808,0.05398453399538992,-0.14993810653686523,-0.32326328843031915,0.7277313378252923,26.382370589584532,-0.061535957431156724,-0.05635821601838062,0.06448087168674038,0.0010560599985183217,1
2.848116397857666,0.011855727061629295,-0.06126299872994423,0.42379480600357056,0.01669294948576293,0.02155461160859467,-0.004245927990519167,0.02067142142111633,0.012732127855692887,-0.011277777139581335,0.03202970325946808,0.05398453399538992,-0.14993810653686523,-0.3304027888825839,0.7305993829645157,26.387976067321446,-0.06942198390988562,-0.06071378745911038,0.0713433814726756,0.0010951730000670068,1
2.857538938522339,0.011855727061629295,-0.06126299872994423,0.42379480600357056,0.01669294948576293,0.02155461160859467,-0.004245927990519167,0.02067142142111633,0.012732127855692887,-0.011277777139581335,0.03202970325946808,0.05398453399538992,-0.14993810653686523,-0.3366472867130375,0.7330837520417954,26.390243684751933,-0.06948480952193281,-0.06069879892460059,0.07263308620210719,0.0009558319943607785,1
2.8675930500030518,0.012334905564785004,-0.0612107552587986,0.4237270653247833,0.01657586173342423,0.021551199250879175,-0.004601381708534712,0.021463065769526057,0.013827274303068737,-0.014272942192596005,0.0377035029232502,0.051995761692523935,-0.15342451632022858,-0.3441303865898154,0.7362682543137657,26.39237472504972,-0.07411406070214209,-0.06279154377516238,0.07571818810319492,0.0015031389993964694,1
2.8775124549865723,0.012559553608298302,-0.061204805970191956,0.4236880838871002,0.014305660518722299,0.01789193040266607,-0.0011554546532570925,0.021945530636149346,0.014482865533594236,-0.015806078427275327,0.049215007573366165,0.055575836449861506,-0.1539643108844757,-0.35010061547272225,0.7421361239229854,26.381149531067784,-0.08092078911854288,-0.06598939700212576,0.07733931285453495,0.0009957829970517196,1
2.88750958442688,0.012972187250852585,-0.061232566833496094,0.423638254404068,0.013228088618840676,0.01631555519876735,-0.0007240749537006614,0.022465265871722373,0.014960054879850748,-0.017359356087243594,0.05696498602628708,0.04999873787164686,-0.15561607480049133,-0.3555796013429311,0.7492497710059778,26.375021755199135,-0.08596111502754969,-0.06469999478519663,0.07905899156600299,0.0009732929975143634,1
2.8975212574005127,0.013189010322093964,-0.06125647574663162,0.4236167371273041,0.014836193084055253,0.015690091978664562,-0.0030490890965659393,0.023328228586599664,0.015620392142585704,-0.019755964481123378,0.05376336723566055,0.037994585931301096,-0.16049492359161377,-0.3604016980980024,0.7555004537541123,26.372489840978364,-0.08596441195908622,-0.06465072027421732,0.07938043095266081,0.00121111699991161,1
2.9075143337249756,0.01339301373809576,-0.06130527704954147,0.42357954382896423,0.012875096891586477,0.013732563687810714,-0.0025473812030857583,0.023328228586599664,0.015620392142585704,-0.019755964481123378,0.05376336723566055,0.037994585931301096,-0.16049492359161377,-0.3655400710646585,0.7639601989933222,26.377723803754794,-0.08705730969103158,-0.06102735815028118,0.0823938780438509,0.0009477999992668629,1
2.917508602142334,0.01339301373809576,-0.06130527704954147,0.42357954382896423,0.012875096891586477,0.013732563687810714,-0.0025473812030857583,0.023328228586599664,0.015620392142585704,-0.019755964481123378,0.05376336723566055,0.037994585931301096,-0.16049492359161377,-0.3701668298381245,0.7713859619704229,26.379858539337423,-0.08702109821420198,-0.060972679004561436,0.08295987719665782,0.0009542949992464855,1
2.927553415298462,0.013779553584754467,-0.06142807751893997,0.4235484302043915,0.012135606277688709,0.012012093308972495,-0.0005353933021119474,0.02494425698819258,0.016794637119805778,-0.02443786478115273,0.05529036745429039,0.024034256115555742,-0.1587829440832138,-0.37355450927683564,0.7783382211030345,26.374998434383574,-0.08707667827029837,-0.060864892829853336,0.083064520614488,0.0012025949981762096,1
2.9375336170196533,0.013779553584754467,-0.06142807751893997,0.4235484302043915,0.012135606277688709,0.012012093308972495,-0.0005353933021119474,0.02494425698819258,0.016794637119805778,-0.02443786478115273,0.05529036745429039,0.024034256115555742,-0.1587829440832138,-0.3782003109759263,0.786860830632918,26.37152621084334,-0.09219181598741226,-0.05779282244710837,0.08518107486887967,0.0009887289998005144,1
2.947540760040283,0.013968446291983128,-0.061501238495111465,0.42355358600616455,0.011483342405785007,0.010381210572730254,0.002351393927407593,0.02494425698819258,0.016794637119805778,-0.02443786478115273,0.05529036745429039,0.024034256115555742,-0.1587829440832138,-0.3818047506250148,0.7951500154536563,26.359977664607065,-0.09235058559219478,-0.05768327413788055,0.08557595827415328,0.0009686830017017201,1
2.957542657852173,0.014147716574370861,-0.06160106509923935,0.42354896664619446,0.010811298175065185,0.007803937390335646,0.0009495078717246923,0.026319045980979894,0.017409576044401298,-0.02826353865504405,0.05395680293440819,0.014149064198136312,-0.14783798158168793,-0.3855647673493781,0.8060686718325137,26.359973748537136,-0.09572374820588338,-0.054797490488729575,0.08424246144660148,0.0009554130010656081,1
2.9675419330596924,0.014322557486593723,-0.0617094449698925,0.4235648512840271,0.010872228091272652,0.007027030424399871,0.0022954156154585295,0.02685487302127232,0.01747271582602128,-0.029829739448006265,0.053739238530397415,0.002735835500061493,-0.15492282807826996,-0.3888019077779481,0.8166437653190404,26.355154372354033,-0.0971247458873107,-0.04981835507536928,0.08718899239311372,0.0009424919990124181,1
2.9775304794311523,0.014486589469015598,-0.06183343008160591,0.4235900342464447,0.009506181828234853,0.004984293571517493,0.00456638727127625,0.02737739124913574,0.017579917631752817,-0.03129958965779567,0.04963276907801628,-0.0008987716864794669,-0.14407680928707123,-0.39078874421581533,0.8275911954407053,26.345131962450868,-0.09690953221832166,-0.04824494500662092,0.08503044639968949,0.0009464730028412305,1
2.987804651260376,0.01465673092752695,-0.061958327889442444,0.42362791299819946,0.01016824133814601,0.004738756918640384,0.004065085202186507,0.027795366205431993,0.017522996215866282,-0.03276920128779537,0.04409823939204216,-0.005024542100727576,-0.14688241481781006,-0.3932334565562364,0.8378523378575857,26.34266431231142,-0.09554036630700213,-0.04629019274725767,0.08637792497294397,0.0009598129981895909,1
2.9976582527160645,0.014977334067225456,-0.06225218623876572,0.42372551560401917,0.009674382399457062,0.0019586442396079587,0.0060660014835523255,0.028340224747462006,0.017469542637490232,-0.0342637065979825,0.04977084696292877,-0.013903115876019018,-0.1464911252260208,-0.3948534701612399,0.8495050346356019,26.334517100794105,-0.09924073870184462,-0.042137125235286566,0.08675495491163515,0.0011174540049978532,1
3.007936954498291,0.015129247680306435,-0.062412459403276443,0.42377254366874695,0.00961047504036393,-0.0009611989278847476,0.004652878738949106,0.028972378859577486,0.017221179567130207,-0.036383705324941396,0.04326535388827324,-0.023812439292669314,-0.14013785123825073,-0.3964148970861303,0.8628366640684898,26.335840858421832,-0.09888418612645052,-0.036879353321646366,0.08653362497712438,0.001417509003658779,1
3.017530918121338,0.015266097150743008,-0.06257113814353943,0.42382970452308655,0.007257467617230423,0.0003535728169560729,0.005477420034911741,0.029360490839132947,0.017086219533136493,-0.037848083376011754,0.03568502515554428,-0.02324864827096464,-0.1423160284757614,-0.39778900548576196,0.8745205121676121,26.336330674601587,-0.09880971799867524,-0.036826829124889965,0.08649115702770913,0.0010969889990519732,1
3.0275440216064453,0.015266097150743008,-0.06257113814353943,0.42382970452308655,0.007257467617230423,0.0003535728169560729,0.005477420034911741,0.029360490839132947,0.017086219533136493,-0.037848083376011754,0.03568502515554428,-0.02324864827096464,-0.1423160284757614,-0.3973807478940454,0.8840487051700998,26.333548748025834,-0.09632589466196279,-0.036510815597933184,0.08803002468591156,0.0010990149967256002,1
3.037613868713379,0.015533596277236938,-0.06293544918298721,0.4239485561847687,0.007284495970216698,-0.004250927439965246,0.007359554952316874,0.029726458306146064,0.016758357124768253,-0.03922204926291473,0.036954283714294434,-0.029602136462926882,-0.1447557657957077,-0.39703089137897446,0.8924188667869294,26.332380325147284,-0.09626284444906631,-0.03651377463672391,0.08831982408417695,0.0012879460045951419,1
3.048203945159912,0.015533596277236938,-0.06293544918298721,0.4239485561847687,0.007284495970216698,-0.004250927439965246,0.007359554952316874,0.029726458306146064,0.016758357124768253,-0.03922204926291473,0.036954283714294434,-0.029602136462926882,-0.1447557657957077,-0.39657716336309284,0.9035683944869377,26.32506048387531,-0.0982422183145747,-0.032807369465296346,0.0899428199230249,0.0010912619982264005,1
3.05751371383667,0.01565905474126339,-0.0631396621465683,0.424003928899765,0.0062856683189399095,-0.00665466307392135,0.005199053744390929,0.030469171052161403,0.016070096533975065,-0.04199325280195332,0.03470849245786667,-0.04113091900944711,-0.13469035923480988,-0.39498491500693217,0.9164552620137111,26.329430207908818,-0.09951875691567075,-0.025574289765995576,0.08851944916159143,0.0009993459971155971,1
3.067559003829956,0.015775242820382118,-0.06334706395864487,0.4240756034851074,0.007512897696851704,-0.0066419575040048305,0.0073896860345819835,0.030837144931942895,0.015605981904589061,-0.044128329633604135,0.021933959797024727,-0.04046763107180597,-0.1381799280643463,-0.39412473870729503,0.9274016089815178,26.32342739528361,-0.09476742103555019,-0.024681402954894693,0.09061517949091831,0.001457320999179501,1
3.0775270462036133,0.015892043709754944,-0.06356590241193771,0.4241364002227783,0.005606637763680662,-0.008969088131175385,0.005443694960319858,0.03097240823429681,0.015303366458010892,-0.04547217474665466,0.019632281735539436,-0.04143192991614343,-0.12742078304290771,-0.3921786201782284,0.9394490571737101,26.32762480204075,-0.09428884429421458,-0.023211801890223097,0.0882502292834518,0.0009954339984687977,1
3.087510585784912,0.015991026535630226,-0.06378592550754547,0.4242136776447296,0.005114037500196737,-0.00968514760960646,0.007615050720703696,0.031159106395393543,0.014916592896687675,-0.04678378575277664,0.01326307188719511,-0.038957916200160994,-0.13304589688777924,-0.38987753653090634,0.9503107286548701,26.32161786337499,-0.09196718558760138,-0.02327210363612827,0.09039295218675245,0.0009780429973034188,1
3.097517967224121,0.016077525913715363,-0.0640198290348053,0.4242837131023407,0.0035959221648722305,-0.011612812041576399,0.005824365672264654,0.03117989269119148,0.014573452485479255,-0.04817515242198578,0.01006489060819149,-0.044700741767883315,-0.12998183071613312,-0.3866764349201822,0.9618124251054594,26.325283750232696,-0.09074545125995312,-0.019615088444135363,0.09057670238139881,0.0009739220040501095,1
3.1075098514556885,0.01622360572218895,-0.06448876112699509,0.42444559931755066,0.0018552406030700745,-0.014169690219985785,0.00441602985340344,0.031203017908742137,0.014005478321743592,-0.050051953000214144,-0.0010845024371519685,-0.04075975343585016,-0.12410636246204376,-0.3826056246060979,0.973946530452635,26.33161559061664,-0.08600536987568752,-0.020212374304157153,0.08902779014267652,0.000986983002803754,1
3.11751127243042,0.016280101612210274,-0.06473242491483688,0.42453351616859436,0.002917242404989228,-0.014261339823237988,0.006320957511304588,0.031203017908742137,0.014005478321743592,-0.050051953000214144,-0.0010845024371519685,-0.04075975343585016,-0.12410636246204376,-0.3798412286937846,0.9848085375033405,26.327225826702403,-0.08598620619374459,-0.0197925553821252,0.08947184596633748,0.0009922910030581988,1
3.1275100708007812,0.01633276976644993,-0.06497610360383987,0.4246022403240204,-0.00013283234298970678,-0.015614015057982237,0.005293246795628277,0.031006650747384956,0.013357371918839345,-0.052584093371086826,-0.009467377327382565,-0.039779003709554686,-0.12379913032054901,-0.3774278823852438,0.9943539288444224,26.325400233049965,-0.08593562843862554,-0.01980046398182836,0.08955673496670516,0.0012037129999953322,1
3.13750958442688,0.01633276976644993,-0.06497610360383987,0.4246022403240204,-0.00013283234298970678,-0.015614015057982237,0.005293246795628277,0.031006650747384956,0.013357371918839345,-0.052584093371086826,-0.009467377327382565,-0.039779003709554686,-0.12379913032054901,-0.3729231585935999,1.00373366690566,26.328179737593445,-0.08177396931375198,-0.01821746162502648,0.09090870591671099,0.0009492669996689074,1
3.1475117206573486,0.01633276976644993,-0.06497610360383987,0.4246022403240204,-0.00013283234298970678,-0.015614015057982237,0.005293246795628277,0.031006650747384956,0.013357371918839345,-0.052584093371086826,-0.009467377327382565,-0.039779003709554686,-0.12379913032054901,-0.3689693235402993,1.0119511489108848,26.32928693082305,-0.0816972377481018,-0.01823015925531225,0.09116327145026176,0.0009498250001342967,1
3.157510280609131,0.01638423092663288,-0.06547845155000687,0.4247560203075409,-0.0033843178205243095,-0.018652530383644325,0.006005112967889694,0.03032362687239365,0.012825869001769519,-0.0555389196913767,-0.03142252936959267,-0.01993881538510324,-0.11762312799692154,-0.3637688450663161,1.0203412047866254,26.327143495429475,-0.07031007004953631,-0.025431411417579843,0.09089898646292177,0.0009506639980827458,1
3.167511463165283,0.016382481902837753,-0.06571909040212631,0.4248487651348114,-0.0013088174324183658,-0.019072744996526107,0.006136446251132752,0.0300332018082079,0.012454245400051356,-0.056663659823875,-0.0296113733202219,-0.029602264985442175,-0.11393345147371292,-0.3600332263173094,1.0279472552649471,26.325701395441175,-0.07029653512155029,-0.020329016630503845,0.09026628039441649,0.0009768550007720478,1
3.1775119304656982,0.016374357044696808,-0.06597592681646347,0.42491400241851807,-0.005054271850519042,-0.021338282141976785,0.005062984734034309,0.029579394627968103,0.012405588771141396,-0.05773482318521417,-0.03942074254155159,-0.01682676933705808,-0.10694722831249237,-0.35479335011115337,1.0360525193198995,26.32881505504485,-0.06485727663485558,-0.02556310929693193,0.08848857290954686,0.0009510130039416254,1
3.1875226497650146,0.016351403668522835,-0.06623043119907379,0.4250011742115021,-0.0018012859757781502,-0.02183497697052394,0.004830045584125494,0.029191788212764358,0.012132831837878388,-0.058858504534473166,-0.04461735114455223,-0.019304174929857268,-0.11063183844089508,-0.35225884360443505,1.0430957729019166,26.330819080621705,-0.06145386147883812,-0.024088189095332394,0.089998216967272,0.0009673570020822808,1
3.1975526809692383,0.016326623037457466,-0.06648579239845276,0.42506206035614014,-0.006053581926407045,-0.022346442549134655,0.0065063982785624,0.02865184062005932,0.012175986854083387,-0.05992431478693039,-0.04660344123840332,-0.010158368386328234,-0.10719674825668335,-0.3473750923392798,1.0491643167910907,26.325770452142905,-0.05912643260862687,-0.027939883140918203,0.08977068578109913,0.0010969190043397248,1
3.208169460296631,0.01621168665587902,-0.06697914749383926,0.4252401292324066,-0.009086960146829508,-0.024031050456083138,0.00606819515432201,0.02813000891870221,0.01196871337091654,-0.06095726680031088,-0.0520942285656929,-0.0072089051827788474,-0.10261646658182144,-0.3408992887163337,1.0557868837136222,26.325077196784044,-0.05541722892126021,-0.028469238047891577,0.0888141281876778,0.0010276329994667321,1
3.217479944229126,0.016130128875374794,-0.06722817569971085,0.4253474473953247,-0.007519299666444382,-0.025343583888254945,0.00646044964419621,0.026795851468074172,0.012097250245496127,-0.06296413010109969,-0.0672651156783104,0.011109529994428146,-0.09756317734718323,-0.3352213047808071,1.0616026423426335,26.324783761808067,-0.05535825017939964,-0.028509453746608553,0.08863472893856551,0.0010275630047544837,1
3.227518081665039,0.016044126823544502,-0.06748159974813461,0.42543038725852966,-0.010975426098763575,-0.025168675915909846,0.006911664256834471,0.026795851468074172,0.012097250245496127,-0.06296413010109969,-0.0672651156783104,0.011109529994428146,-0.09756317734718323,-0.32976683084751157,1.0659209454809062,26.321769107819417,-0.04504134464403359,-0.036941891926148086,0.08811827160782992,0.0010341980014345609,1
3.2375643253326416,0.016044126823544502,-0.06748159974813461,0.42543038725852966,-0.010975426098763575,-0.025168675915909846,0.006911664256834471,0.026795851468074172,0.012097250245496127,-0.06296413010109969,-0.0672651156783104,0.011109529994428146,-0.09756317734718323,-0.3249329811364473,1.0698882156786886,26.320451075559095,-0.04495935836356555,-0.03705513349619802,0.08801607143757859,0.0010733809976954944,1
3.248612880706787,0.015823397785425186,-0.06797456741333008,0.42562952637672424,-0.013071430881625,-0.02468327058797338,0.008555098424643694,0.026795851468074172,0.012097250245496127,-0.06296413010109969,-0.0672651156783104,0.011109529994428146,-0.09756317734718323,-0.3188613907192856,1.0733712532464523,26.314017302274983,-0.044956283607525176,-0.0368800708912464,0.08799317468488138,0.001208112997119315,1
3.2575299739837646,0.015823397785425186,-0.06797456741333008,0.42562952637672424,-0.013071430881625,-0.02468327058797338,0.008555098424643694,0.026795851468074172,0.012097250245496127,-0.06296413010109969,-0.0672651156783104,0.011109529994428146,-0.09756317734718323,-0.3134840635263704,1.0766045091399106,26.311304183370034,-0.044943970444409426,-0.03690210118366119,0.08799024921173765,0.0008391199953621253,1
3.2675392627716064,0.015699081122875214,-0.06820961087942123,0.42574426531791687,-0.011180496738473954,-0.026182403801946905,0.006972791172100488,0.024003273684872983,0.013077100818733811,-0.06623935405957182,-0.08562888205051422,0.03583661466836928,-0.08989141881465912,-0.3125043879257267,1.0772159112595365,26.316011423793245,-0.029188232144289342,-0.05085695457292997,0.08739450578279034,0.0010860930051421747,1
3.277523994445801,0.015699081122875214,-0.06820961087942123,0.42574426531791687,-0.011180496738473954,-0.026182403801946905,0.006972791172100488,0.024003273684872983,0.013077100818733811,-0.06623935405957182,-0.08562888205051422,0.03583661466836928,-0.08989141881465912,-0.3116165630102922,1.0777532713285072,26.317930055772585,-0.029085018171288828,-0.051008384300535344,0.08727360165380113,0.0010570379963610321,1
3.2875311374664307,0.015406953170895576,-0.06866104155778885,0.42596837878227234,-0.012827943218581314,-0.026823356682476304,0.005917548169082299,0.021820214473382116,0.013892585261292112,-0.06826743645872524,-0.08400300145149231,0.02995423413813113,-0.07952068001031876,-0.31030815990551885,1.0771428023968481,26.32243172821358,-0.023978298973386256,-0.05036527679953369,0.08500600932608948,0.0010794580011861399,1
3.297518014907837,0.015241133980453014,-0.06887434422969818,0.4260800778865814,-0.01705890902467633,-0.02370632433869937,0.009153094128109395,0.02089958136782455,0.014398095608683104,-0.0689794094188878,-0.09322961419820786,0.03983052819967269,-0.072875015437603,-0.30647464104505934,1.0731151445609657,26.31307425928604,-0.017121642521100575,-0.05575671950010691,0.0828245298650414,0.0010447449967614375,1
3.3075215816497803,0.015067081898450851,-0.06908073276281357,0.4262066185474396,-0.01478308441544569,-0.026233501719500063,0.006729410957147611,0.019926902404625135,0.014712745757954782,-0.06966060668680685,-0.08895189315080643,0.04759417846798896,-0.06319714337587357,-0.30556078404267584,1.0709845733965997,26.317663266054588,-0.01653469134648084,-0.06037214817540859,0.07964765690118988,0.0009536669967928901,1
3.317518711090088,0.014883916825056076,-0.0692695751786232,0.4263325035572052,-0.017110297569090126,-0.022470321422007663,0.012087518336285375,0.018607515836525756,0.015354578214168413,-0.07056991869540985,-0.08550107479095459,0.04047255963087081,-0.06054466962814332,-0.30268526617886965,1.0648593188150737,26.300921598439487,-0.014314861435815677,-0.0586886466134775,0.07868305226537116,0.0009615590024623089,1
3.327519416809082,0.014508630149066448,-0.06959430128335953,0.4266068935394287,-0.01683831228360779,-0.020071348064415913,0.014323334197621294,0.018083296349874267,0.015553808772680089,-0.07085806512586679,-0.09094574302434921,0.03564383834600448,-0.05512464046478272,-0.3002050724134977,1.0595394092314703,26.29410583217469,-0.014309171204306663,-0.058689663205166984,0.07850399574975823,0.0011627830026554875,1
3.3375134468078613,0.014309457503259182,-0.06973697245121002,0.4267606735229492,-0.017702195949964653,-0.021799286697844797,0.009246897869845153,0.018083296349874267,0.015553808772680089,-0.07085806512586679,-0.09094574302434921,0.03564383834600448,-0.05512464046478272,-0.29718245103532887,1.0546645235033578,26.300822323840485,-0.010418900269446852,-0.05695342487876317,0.07685930911868606,0.0010349660005886108,1
3.3475236892700195,0.014309457503259182,-0.06973697245121002,0.4267606735229492,-0.017702195949964653,-0.021799286697844797,0.009246897869845153,0.018083296349874267,0.015553808772680089,-0.07085806512586679,-0.09094574302434921,0.03564383834600448,-0.05512464046478272,-0.2945184280955892,1.050375986780635,26.303575250251733,-0.010410826267120367,-0.05695568533985776,0.07655259698879159,0.0010073779994854704,1
3.357536554336548,0.013878647238016129,-0.06997129321098328,0.4270879924297333,-0.018951606149253584,-0.01865040495014971,0.011950172488776898,0.014868747255304626,0.016770727295569277,-0.07229098253818522,-0.07931844145059586,0.026877084746956822,-0.028038969263434414,-0.29223608297848397,1.0416848093514075,26.28324545363066,-0.00022399489053986053,-0.061412975845505875,0.07298543820502561,0.0010459319964866154,1
3.3675215244293213,0.013878647238016129,-0.06997129321098328,0.4270879924297333,-0.018951606149253584,-0.01865040495014971,0.011950172488776898,0.014868747255304626,0.016770727295569277,-0.07229098253818522,-0.07931844145059586,0.026877084746956822,-0.028038969263434414,-0.28940922698099036,1.0338938524862091,26.28707070194143,-0.006730826772968764,-0.056146363341847555,0.0677700593509928,0.0009676350018708035,1
3.37752366065979,0.013650619424879551,-0.07004892826080322,0.42726588249206543,-0.01629572560123129,-0.017023049169755736,0.015909390526126367,0.014868747255304626,0.016770727295569277,-0.07229098253818522,-0.07931844145059586,0.026877084746956822,-0.028038969263434414,-0.28801214290452803,1.025511753273632,26.27459832089697,-0.006741941710447038,-0.05630274862390046,0.06679627504009068,0.0009831419956753962,1
3.3875300884246826,0.013650619424879551,-0.07004892826080322,0.42726588249206543,-0.01629572560123129,-0.017023049169755736,0.015909390526126367,0.014868747255304626,0.016770727295569277,-0.07229098253818522,-0.07931844145059586,0.026877084746956822,-0.028038969263434414,-0.2868192837398367,1.0181901130983928,26.269522397516656,-0.006767751065024776,-0.05631177187039851,0.06661278395416083,0.0009839799968176521,1
3.39762282371521,0.013196230866014957,-0.07017523050308228,0.4276370108127594,-0.018087858349264446,-0.014080497411786129,0.01709958538718321,0.012362228112932971,0.017586556530469366,-0.07281500157893239,-0.07237181067466736,0.023924943059682846,-0.006751008331775668,-0.2843707243758756,1.007516222305101,26.263238241669804,-0.0029598978836629353,-0.056963152865194544,0.05991009950280799,0.0011008310029865243,1
3.407799482345581,0.012964779511094093,-0.07020211219787598,0.4278256893157959,-0.020343540310707706,-0.012454441576509179,0.01704701039114383,0.011267181999894404,0.01785269008947976,-0.07280703482109319,-0.06546923518180847,0.009381619282066822,0.0013709563063457597,-0.2799679204621904,0.9962982719834775,26.260791109894836,-0.003013173078494861,-0.050919270131375545,0.05596803507657709,0.0027709000059985556,1
3.417609691619873,0.012727892957627773,-0.0701947957277298,0.4280405640602112,-0.017583858236193683,-0.010053591763281381,0.01623994671530166,0.010630418838197375,0.01785516581997415,-0.07276391076613686,-0.06422173976898193,0.013611972332000732,0.00477750366553664,-0.27787044507061665,0.9840556432744131,26.26244641019004,-0.0016334069354302233,-0.05302887439776237,0.05410043901263042,0.0008264790012617595,1
3.4275259971618652,0.012252266518771648,-0.07012571394443512,0.4284714162349701,-0.017533279970438787,-0.007155015967476679,0.017443768701558757,0.010062315760720253,0.01808049035831516,-0.07256266484161289,-0.047974132001399994,0.012030059471726421,0.02479489892721176,-0.27521865256334826,0.9711250526125701,26.258403256335885,-0.007234014709705043,-0.05287997954913137,0.04707984509100292,0.0010407640002085827,1
3.4375245571136475,0.012013622559607029,-0.07005725800991058,0.4286855161190033,-0.019822750229478308,-0.004415912430572014,0.021492108734456186,0.009364969183721872,0.0180618755590487,-0.07199650557590509,-0.02640172839164734,0.006154729984700684,0.0335993655025959,-0.27290786510468046,0.9597848810272166,26.25677158055256,-0.007325155883960279,-0.05289472230608268,0.04575750712567308,0.0010361540043959394,1
3.4483563899993896,0.011779769323766232,-0.06995689123868942,0.4289188086986542,-0.017716417078304014,-0.003475180017123661,0.01775329562931248,0.009364969183721872,0.0180618755590487,-0.07199650557590509,-0.02640172839164734,0.006154729984700684,0.0335993655025959,-0.26970517510280073,0.9471398004136737,26.254708331700595,-0.014830901765532235,-0.050157530774164794,0.04229040987330059,0.001360445996397175,1
3.457540273666382,0.011533647775650024,-0.0698406845331192,0.4291360080242157,-0.0200067106273901,-0.0010279978088872889,0.021511288395126345,0.009364969183721872,0.0180618755590487,-0.07199650557590509,-0.02640172839164734,0.006154729984700684,0.0335993655025959,-0.2643863688780601,0.9340715585484463,26.24051175400968,-0.014817695308433533,-0.04989249945863634,0.04163312237541304,0.0012273199972696602,1
3.4675261974334717,0.011296647600829601,-0.06969308108091354,0.4293782114982605,-0.018230210964464363,0.0015742566315853723,0.018621070328126668,0.009034752477493413,0.017768341676699162,-0.07082522428706017,0.0028566569089889526,-0.0140036167576909,0.05185331776738167,-0.259600600837322,0.9225679991484154,26.23453153300874,-0.014857598311226886,-0.04990736268262775,0.04150986012851842,0.0013307609988260083,1
3.477620840072632,0.01104746013879776,-0.06952621787786484,0.4296141564846039,-0.01962702154337517,0.0048950255153198926,0.023347375954593987,0.009086991967313107,0.017669621790452172,-0.07024772127676782,0.014286904595792294,-0.015575493685901158,0.06256718933582306,-0.25533877897225493,0.9112624072709444,26.24176958740846,-0.02685947737199356,-0.040176528995250496,0.034829628161782644,0.0017211270023835823,1
3.4875879287719727,0.01104746013879776,-0.06952621787786484,0.4296141564846039,-0.01962702154337517,0.0048950255153198926,0.023347375954593987,0.009086991967313107,0.017669621790452172,-0.07024772127676782,0.014286904595792294,-0.015575493685901158,0.06256718933582306,-0.2493212892280568,0.8990208306833345,26.227913450291233,-0.03209858373812752,-0.03893684569623755,0.029732213866455744,0.0010951029980788007,1
3.497512102127075,0.010809261351823807,-0.06934016197919846,0.42987003922462463,-0.018314108183788504,0.0049272273712721365,0.02061307992433672,0.009310078631901586,0.017388313545873668,-0.06952388216110217,0.019588487222790718,-0.01988322101533412,0.07392268627882004,-0.2444312590265783,0.8885674244607062,26.231436825512677,-0.03511195269081758,-0.03634538608996377,0.024648571250400285,0.0009964819982997142,1
3.507521152496338,0.010553442873060703,-0.0691390335559845,0.430118203163147,-0.020736180084884412,0.009183031679041704,0.02372113621837834,0.009472970147545556,0.017177834306580486,-0.06879322112599384,0.03553448244929314,-0.026815375313162793,0.07461260259151459,-0.23697067518542092,0.8767783883763096,26.22167251162814,-0.04244073077498917,-0.03237901030070932,0.023032520840250814,0.0009817449972615577,1
3.517526865005493,0.010308568365871906,-0.06890992820262909,0.43038156628608704,-0.01831901448356891,0.008733109547203905,0.02108775450824581,0.010237205547753536,0.01669641070913741,-0.06754297617039384,0.050163641571998596,-0.029023323208093633,0.08811244368553162,-0.2314069361938217,0.8678387466154853,26.226393557513255,-0.051142066155753875,-0.030261644878665082,0.017600815399618018,0.0009804869987419806,1
3.5275356769561768,0.010058446787297726,-0.06866102665662766,0.4306464195251465,-0.020067555800849148,0.012624215357505165,0.02515407652702817,0.010742952369247494,0.016384510459426682,-0.06661828306510786,0.0541626438498497,-0.040492393076419816,0.09458298236131668,-0.22348640599439537,0.8573543321413708,26.213765053350166,-0.05416684917934748,-0.024006436344918582,0.013931255220148004,0.0010097529957420193,1
3.5375242233276367,0.009808952920138836,-0.06840260326862335,0.4309227764606476,-0.019942972698599338,0.011515753439126987,0.023212851998863197,0.011310758757997696,0.015883486831294036,-0.0656659601552696,0.06371262669563293,-0.05005886405706404,0.09752915799617767,-0.215607514124881,0.8496835504162487,26.214951223923315,-0.06009061225092828,-0.018309301875683807,0.011726469293560577,0.0009620479977456853,1
3.547528028488159,0.009298048913478851,-0.06783191114664078,0.4314935803413391,-0.020083157324174563,0.015102860532583348,0.02430607938035114,0.012035960666390011,0.015416037359438306,-0.0646453574335406,0.07490457594394684,-0.04533816128969191,0.10605935007333755,-0.20717522722613987,0.8407097510246424,26.210827344317234,-0.0668044680487677,-0.019058508610924535,0.007935199194757428,0.0009916630006046034,1
3.55753493309021,0.009028613567352295,-0.06752324104309082,0.4317972958087921,-0.02246817570836136,0.017993761245297488,0.029045889164938714,0.013187779446178105,0.014623222916305245,-0.06298613830090805,0.07907817512750626,-0.050174240022897706,0.11206048727035522,-0.19979252051181515,0.8328387737927002,26.209175026451458,-0.06688780726188712,-0.01910888459559623,0.007225789547684087,0.0014495680006803013,1
3.5677924156188965,0.008756393566727638,-0.06721372157335281,0.43210408091545105,-0.023029571183189754,0.015659304502261412,0.024423446592709713,0.01394391099853598,0.01391795624559622,-0.061766996602065305,0.0784674882888794,-0.05548826977610587,0.11837196350097656,-0.18840523643178633,0.8271351562486251,26.207447532679357,-0.0728769073705221,-0.010817426521465105,0.0018938938530644487,0.0009713380059110932,1
3.577547550201416,0.008756393566727638,-0.06721372157335281,0.43210408091545105,-0.023029571183189754,0.015659304502261412,0.024423446592709713,0.01394391099853598,0.01391795624559622,-0.061766996602065305,0.0784674882888794,-0.05548826977610587,0.11837196350097656,-0.17828956531500184,0.8218961440913943,26.206476746523034,-0.07368603087835345,-0.010092171978100991,0.0004175891442460009,0.000946333006140776,1
3.587534189224243,0.00848248042166233,-0.06688599288463593,0.43243110179901123,-0.02193776507793579,0.020204735971552378,0.029856031797443332,0.014798131156672056,0.01337254441651492,-0.060537718322644984,0.08703024685382843,-0.06204630434513091,0.12853755056858063,-0.16826413154650705,0.814221241075355,26.18664149116173,-0.07951279851871841,-0.005668735865443097,-0.0038865020441591876,0.0010059109990834258,1
3.5976366996765137,0.008219372481107712,-0.0665484219789505,0.4327467083930969,-0.023318881145982306,0.019521271823405944,0.027510568508535223,0.01569278200777413,0.012539402912688402,-0.05917013786419112,0.09152418375015259,-0.06487957388162612,0.13793326914310455,-0.15731626205425162,0.8088960288461783,26.186271274957356,-0.08402320688707343,-0.0019748093195614655,-0.008549611806754058,0.0011025070052710362,1
3.6077773571014404,0.007657425478100777,-0.06584193557500839,0.4334115982055664,-0.026649819745441575,0.020993893930362943,0.028453212205437787,0.01793518995074761,0.011087002699072368,-0.055519047343534744,0.09451187402009964,-0.06119159609079359,0.1542501002550125,-0.14756010866385838,0.8030335444838101,26.17739397125253,-0.08574670999300421,-0.005340834130976444,-0.011335695348439749,0.002977990996441804,1
3.617631673812866,0.007657425478100777,-0.06584193557500839,0.4334115982055664,-0.026649819745441575,0.020993893930362943,0.028453212205437787,0.01793518995074761,0.011087002699072368,-0.055519047343534744,0.09451187402009964,-0.06119159609079359,0.1542501002550125,-0.13425262095815965,0.799439374284357,26.178247168810515,-0.09132724572631222,0.0006682128382695463,-0.017363632725534303,0.0010394369965069927,1
3.627511739730835,0.007364528253674507,-0.06547592580318451,0.4337557554244995,-0.023364515731675365,0.022015566108393725,0.03027703623578783,0.018975234205122593,0.01037348041229924,-0.05393606146227725,0.10004931688308716,-0.06231812387704847,0.1604066789150238,-0.12348467274466975,0.7959151065901878,26.171714739129875,-0.09654925279048542,0.0028921377285041606,-0.02141008939757611,0.000853508994623553,1
3.637516498565674,0.007076543290168047,-0.06512528657913208,0.43407997488975525,-0.02657451471585573,0.022434499164477546,0.02725975033522434,0.019882165791360595,0.009803388763589993,-0.05233890494792348,0.09988940507173538,-0.05799683928489683,0.1687767654657364,-0.11097890679907789,0.7934415196056311,26.179138316767222,-0.09889664874448478,0.002802994236015227,-0.025817958883018438,0.0009911029992508702,1
3.647580862045288,0.006760468240827322,-0.06475330889225006,0.4344230890274048,-0.027452722123068617,0.022695302997946098,0.029702305828298536,0.020863548266390364,0.009201968548079087,-0.05059801850045398,0.08979159593582153,-0.045459575951099375,0.17310787737369537,-0.09849865150527778,0.7908584821334324,26.173190019269427,-0.09700764065704572,-0.0011157445568871164,-0.029044680480831298,0.0014090580007177778,1
3.6575510501861572,0.006134966854006052,-0.06403994560241699,0.435076504945755,-0.02708378610700463,0.022974548907109184,0.028103623592203766,0.02220191841320851,0.008522231552024362,-0.04799505235917412,0.08904220908880234,-0.041367873549461344,0.1743427813053131,-0.08666909576216277,0.7894454860360065,26.176071931573386,-0.0988577395751584,-0.001843723370961135,-0.03052184684272571,0.0009688229984021746,1
3.667536497116089,0.005825275555253029,-0.06368556618690491,0.4353945851325989,-0.030047561824681046,0.023609930731198155,0.026934709488074637,0.02312340982476835,0.008012860310643966,-0.04615466248435007,0.08900805562734604,-0.031747568398714045,0.18185365200042725,-0.0730973462161009,0.7878905229848265,26.180264517560563,-0.10254545237800676,-0.0038206679626612786,-0.03530911181954406,0.0009472410019952804,1
3.677600860595703,0.005487840157002211,-0.0633254274725914,0.43573471903800964,-0.030069515076465332,0.021980389969687698,0.027947681045187935,0.02397813166794638,0.007759520488378691,-0.04426904629629558,0.08473534137010574,-0.025148473680019354,0.18967778980731964,-0.06118947745303233,0.7865038914393299,26.181989986621737,-0.10257527426584524,-0.0039009992682951457,-0.03620677392131644,0.0013718299960601144,1
3.687605381011963,0.005487840157002211,-0.0633254274725914,0.43573471903800964,-0.030069515076465332,0.021980389969687698,0.027947681045187935,0.02397813166794638,0.007759520488378691,-0.04426904629629558,0.08473534137010574,-0.025148473680019354,0.18967778980731964,-0.05009269664343805,0.7864664874688141,26.178679197050034,-0.10310020351879336,-0.006150438841308955,-0.03999964111377325,0.0010798069997690618,1
3.6975419521331787,0.005487840157002211,-0.0633254274725914,0.43573471903800964,-0.030069515076465332,0.021980389969687698,0.027947681045187935,0.02397813166794638,0.007759520488378691,-0.04426904629629558,0.08473534137010574,-0.025148473680019354,0.18967778980731964,-0.04036345143254776,0.7864418839960975,26.177336325135187,-0.10309649508295345,-0.006216650793438506,-0.04071120012372773,0.0009716170025058091,1
3.707531213760376,0.004805852193385363,-0.06266233325004578,0.43638336658477783,-0.031737335002828514,0.020695693804008986,0.026736607791946334,0.025315155230114073,0.007170899690873256,-0.04048186315899516,0.06323947757482529,-0.008699170313775515,0.19491888582706451,-0.029504318673561084,0.7871821480121937,26.1801489187238,-0.09714043580796311,-0.011823451940188204,-0.044697225531558034,0.0009626070022932254,1
3.717532157897949,0.004805852193385363,-0.06266233325004578,0.43638336658477783,-0.031737335002828514,0.020695693804008986,0.026736607791946334,0.025315155230114073,0.007170899690873256,-0.04048186315899516,0.06323947757482529,-0.008699170313775515,0.19491888582706451,-0.019973308397260005,0.7878243202851963,26.181301625579053,-0.09707429198394332,-0.011901548174360326,-0.045444781095419204,0.0009521300016785972,1
3.7275314331054688,0.0040923901833593845,-0.06204329803586006,0.43702271580696106,-0.034699499477249984,0.019782498559570445,0.024922562874931734,0.026465387701285703,0.007090440013967303,-0.03555110968877573,0.03364225849509239,0.00929543282836678,0.1938815861940384,-0.008821863638592295,0.7885765137011593,26.187286857695565,-0.08697967182150569,-0.019500961791006216,-0.04803205669240104,0.0009579969992046244,1
3.7375311851501465,0.003718460211530328,-0.0617525652050972,0.4373263418674469,-0.03704549737333335,0.020138403442189385,0.027166960828495536,0.026775090734271423,0.0072964050739496855,-0.03353483996681961,0.026342147961258888,0.019279766827821756,0.20102813839912415,0.0028694854913863376,0.7882613709477458,26.181542068066182,-0.08442361263164114,-0.02435919040430875,-0.05199117671465055,0.0009591840062057599,1
3.7475295066833496,0.003343158634379506,-0.061477094888687134,0.43764370679855347,-0.036219671265032484,0.01777512400547958,0.02395164976920417,0.02696635744370246,0.007365796294346527,-0.03150248661380761,0.011954598128795624,0.0237862076610327,0.19922760128974915,0.012763611684927352,0.7894824245338944,26.19001627195373,-0.07865729690893222,-0.02674355262213829,-0.05329222414502145,0.0009582059938111342,1
3.7575314044952393,0.002956181997433305,-0.061218488961458206,0.43794625997543335,-0.03843756016758849,0.018653580934372787,0.02802562530766202,0.026978593651663996,0.007722057247764091,-0.029537156733949743,0.0036218734458088875,0.040089212357997915,0.1963798850774765,0.02298111550258347,0.7885807424428575,26.178952184004757,-0.07483373405910111,-0.034876815350149096,-0.053707900156880276,0.0009471719968132675,1
3.7675282955169678,0.0021730295848101377,-0.0607537217438221,0.43856364488601685,-0.03943687299202762,0.017156321581137595,0.027725225377224622,0.027044245193720062,0.008006419362811101,-0.027492851938054397,-0.002177040558308363,0.039561979472637204,0.20223316550254822,0.033587812759501796,0.7881539787168756,26.174727110076564,-0.07249325763068941,-0.035349762023603584,-0.056859164912096326,0.0009492669996689074,1
3.7775304317474365,0.001787208137102425,-0.06054852530360222,0.4388810694217682,-0.037848431551226795,0.014570933795095416,0.024751789949677822,0.026920040183239458,0.008627480619460837,-0.024505931823676885,-0.010718553327023983,0.04733843356370928,0.1965520977973938,0.042883455976473736,0.7877966374233774,26.17301659132211,-0.07247293195888299,-0.03539174950142955,-0.057450858307030964,0.0012854309970862232,1
3.787541389465332,0.0013929408742114902,-0.06035703793168068,0.4391896426677704,-0.04000440980778507,0.015632746750892997,0.027944728785375576,0.026745834485697895,0.00921912060697716,-0.022603361861290416,-0.023349979892373085,0.05633540078997614,0.1932269036769867,0.050765840779316736,0.786969524724362,26.17120992884301,-0.06251815749484951,-0.045670322132188856,-0.056626766144156994,0.0009930589949362911,1
3.79764986038208,0.0010048637632280588,-0.06018361449241638,0.4395103454589844,-0.038821347022243366,0.012326918553766074,0.026129175024037554,0.026745834485697895,0.00921912060697716,-0.022603361861290416,-0.023349979892373085,0.05633540078997614,0.1932269036769867,0.057968856532182776,0.7861447780384946,26.170182995370368,-0.062244975674529864,-0.046340942569653404,-0.05721429336677858,0.0012774690039805137,1
3.8077783584594727,0.0006087486399337649,-0.060022830963134766,0.43982791900634766,-0.039352681468774055,0.014074427074867812,0.028735028605752187,0.026104396559018195,0.010459185923914038,-0.01877362977490238,-0.040172308683395386,0.06793691217899325,0.1797299087047577,0.06323672326626183,0.7847037979866477,26.166684872479028,-0.053759670497802774,-0.05384527503050662,-0.05356828711611634,0.0011199689979548566,1
3.8175857067108154,0.0006087486399337649,-0.060022830963134766,0.43982791900634766,-0.039352681468774055,0.014074427074867812,0.028735028605752187,0.026104396559018195,0.010459185923914038,-0.01877362977490238,-0.040172308683395386,0.06793691217899325,0.1797299087047577,0.06817854359974637,0.7833904545750611,26.164954361772708,-0.05305668712356768,-0.055129668036875475,-0.05437967018432594,0.0008363269953406416,1
3.827761650085449,0.00022746888862457126,-0.05988212302327156,0.4401455521583557,-0.037659004314569054,0.010823048651641923,0.02619415337606289,0.026104396559018195,0.010459185923914038,-0.01877362977490238,-0.040172308683395386,0.06793691217899325,0.1797299087047577,0.07161469795369092,0.7847539710360988,26.17268004052158,-0.053321199982468315,-0.05531750362312486,-0.05452862272086769,0.0010405540015199222,1
3.837505340576172,-0.00015624779916834086,-0.059749506413936615,0.4404761493206024,-0.038921948483481905,0.012409131026386539,0.031177651191009115,0.025101644149681412,0.012206282976085614,-0.014372726950139025,-0.050277162343263626,0.08415116369724275,0.16406673192977905,0.07447360870582372,0.7824055454016184,26.158309128319193,-0.0459965453553501,-0.06729575872647872,-0.051914643658349975,0.0008185859987861477,1
3.8476102352142334,-0.0005304833757691085,-0.05964682996273041,0.4407893717288971,-0.03709193313323406,0.008452953749574468,0.025697672827986726,0.0245229064481971,0.012971420979913884,-0.012806227653701985,-0.05489497259259224,0.08567478507757188,0.15278799831867218,0.07499908793891039,0.7831371269557331,26.17091974781762,-0.0426094682515648,-0.07044745824153799,-0.048618050088104055,0.0015883509986451827,1
3.857522487640381,-0.0009007361950352788,-0.05955216661095619,0.44111430644989014,-0.036899000360981635,0.00968893335103085,0.031359471441664725,0.02407347196213827,0.01382878340481497,-0.011280520357581203,-0.05144931375980377,0.08761452883481981,0.1455799639225006,0.07556943758914329,0.7815088067838107,26.155675308930984,-0.04282501059690554,-0.07361752326431534,-0.046504788143840736,0.0009715479973237962,1
3.8675224781036377,-0.0015929103828966618,-0.059417422860860825,0.4417444169521332,-0.0344331300974649,0.008413907082913487,0.0312689431997752,0.023523671047356753,0.014645557400110754,-0.009867777526555432,-0.05006512999534607,0.08808001875877382,0.13574828207492828,0.07453005757546154,0.7803112183456741,26.148408007128243,-0.04206031233312012,-0.07630690250492954,-0.043692292108081364,0.0010131750022992492,1
3.877539873123169,-0.001911223167553544,-0.059379249811172485,0.4420500099658966,-0.03277159476002208,0.0051863672683947065,0.026053702544474477,0.022764804259991944,0.01585125444733393,-0.007990622021462723,-0.05461634323000908,0.08218770474195482,0.12177029997110365,0.07150093887189302,0.7813238063788184,26.163042548322416,-0.0382178616950416,-0.07721606417020478,-0.039658446336026255,0.0012318610024522059,1
3.8876028060913086,-0.002228113356977701,-0.05934113636612892,0.4423607587814331,-0.03223877771732706,0.005448714821839322,0.03162639216677447,0.022211352321619415,0.016787268752474827,-0.006873343953727407,-0.060109224170446396,0.08325666189193727,0.10892114043235777,0.06888131441899698,0.7821652329737097,26.169003954348888,-0.03818705132910549,-0.07719605224320976,-0.03889706637890146,0.0014720580002176575,1
3.8975210189819336,-0.0025203207042068243,-0.059330496937036514,0.4426635205745697,-0.030958076961421225,0.005690589099695314,0.02727658484999668,0.021724976236316973,0.017456526375301706,-0.005831131687510371,-0.05243200436234474,0.08517989516258241,0.09973227232694624,0.06637235435377903,0.7811067650600484,26.15140882805465,-0.034236784978114256,-0.08019811543690031,-0.03518373788071575,0.0012340960020083003,1
3.907520294189453,-0.0025203207042068243,-0.059330496937036514,0.4426635205745697,-0.030958076961421225,0.005690589099695314,0.02727658484999668,0.021724976236316973,0.017456526375301706,-0.005831131687510371,-0.05243200436234474,0.08517989516258241,0.09973227232694624,0.06250808574384285,0.7804024236188509,26.158783351731955,-0.03624578737238751,-0.08311020261157234,-0.03206926800473751,0.0009723159964778461,1
3.917517900466919,-0.0025203207042068243,-0.059330496937036514,0.4426635205745697,-0.030958076961421225,0.005690589099695314,0.02727658484999668,0.021724976236316973,0.017456526375301706,-0.005831131687510371,-0.05243200436234474,0.08517989516258241,0.09973227232694624,0.05914297831829922,0.7797583889584477,26.16178392451659,-0.0362641739403526,-0.08311816953730311,-0.03148634862755304,0.0009512220058240928,1
3.927528142929077,-0.0030619094613939524,-0.05933472514152527,0.44326251745224,-0.02622557426902749,0.005107776223304754,0.026413990236009665,0.02083515840115302,0.018924414702597758,-0.004148108219620639,-0.04443822428584099,0.06403841078281404,0.07305849343538283,0.052904084586279765,0.7790544884599602,26.16469368261963,-0.03742006137142253,-0.07804930128387427,-0.023629012778457553,0.0010304970055585727,1
3.937511920928955,-0.003306905273348093,-0.05935271456837654,0.4435639977455139,-0.025165174110945127,0.005391286647067791,0.029594093605684983,0.02031679615639792,0.019937558649397946,-0.0031509127130693315,-0.03953494504094124,0.059845943003892905,0.057625129818916314,0.04664627086768017,0.7774832064401931,26.154169370268004,-0.03819148700619824,-0.07890442997378151,-0.017672954385735663,0.0009563909989083186,1
3.947526454925537,-0.0035219616256654263,-0.05939220264554024,0.44385483860969543,-0.024121830212212574,0.00496885830079021,0.028322955620334517,0.020005250816517606,0.020536080697435732,-0.0027230674889975326,-0.025192569941282272,0.05262253433465958,0.04363505914807319,0.040226937723257736,0.7768314094847205,26.153626119653666,-0.04374937634601708,-0.07740471029241253,-0.01223440146293312,0.0009663789969636127,1
3.957514762878418,-0.0037339646369218826,-0.05942852422595024,0.4441582262516022,-0.021556278655305787,0.0038896274918160463,0.028515268147113797,0.019912157189176938,0.021014992929885068,-0.0022939540180235696,-0.020703986287117004,0.04909270256757737,0.03512119129300117,0.03278354565550881,0.7770856510569846,26.152005163469084,-0.045624463592473054,-0.07730703447616556,-0.008673462896809883,0.0009658899944042787,1
3.967524528503418,-0.00391567125916481,-0.059486839920282364,0.444440633058548,-0.021272092967430968,0.0030991534421983395,0.02815373994362696,0.0196706806850262,0.02154845265340688,-0.0020846221853494384,-0.017879590392112732,0.04014694690704346,0.017728313803672787,0.026060480889545844,0.7778469833141692,26.151947785990913,-0.04625599446268781,-0.07476402216963866,-0.00244562335272342,0.0009563210041960701,1
3.9775216579437256,-0.004233976826071739,-0.05965713784098625,0.4450215697288513,-0.01828538060199567,0.002690185264901353,0.02876494643753321,0.01968716950689986,0.0218084312470066,-0.0019539167465407736,-0.0028577218763530254,0.03094189614057541,0.009410381317138668,0.018671245642928443,0.77945155451857,26.14834491863536,-0.05303661330411556,-0.07151902034166836,0.001359327321920568,0.0009779729953152128,1
3.9875214099884033,-0.004367555491626263,-0.059746257960796356,0.44532859325408936,-0.01420288806633064,0.0018440895466436257,0.02847279983823103,0.019753060259105837,0.022259153082639038,-0.0019544003322233827,0.004708909895271063,0.025899682193994522,-0.0025075876619666845,0.01217741352545975,0.7808612018818795,26.14685236297083,-0.05308665251770271,-0.07146229200097325,0.0020742250082437415,0.0012469470020732842,1
3.997631072998047,-0.004466430749744177,-0.059858739376068115,0.4456183612346649,-0.01306720070039121,0.0011137413588442999,0.029285583681421982,0.019803236163344895,0.022307987796175155,-0.0021056107332300122,0.009277299977838993,0.005475771613419054,-0.01485526468604803,0.0034589160084599717,0.7831604520420518,26.146469876418795,-0.056668460372803486,-0.07077631459298586,0.006102823229345318,0.001455503996112384,1
4.007751941680908,-0.004540191497653723,-0.05998129025101662,0.4459241032600403,-0.01010901656508125,9.678944051855186e-05,0.027392629571481815,0.020055445747269474,0.022351119024283328,-0.0023831821841096,0.014935189858078957,-0.0022707018069922963,-0.03279444947838783,-0.004078260135890164,0.7859284071630249,26.14268092168197,-0.058900249715663544,-0.061767510373149606,0.010966537006315061,0.003125644005194772,1
4.017507791519165,-0.004540191497653723,-0.05998129025101662,0.4459241032600403,-0.01010901656508125,9.678944051855186e-05,0.027392629571481815,0.020055445747269474,0.022351119024283328,-0.0023831821841096,0.014935189858078957,-0.0022707018069922963,-0.03279444947838783,-0.012778406593186464,0.7899020850973191,26.14690717327876,-0.06212201617128163,-0.05863372330625177,0.017899034655532123,0.0008182370002032258,1
4.027512550354004,-0.004540191497653723,-0.05998129025101662,0.4459241032600403,-0.01010901656508125,9.678944051855186e-05,0.027392629571481815,0.020055445747269474,0.022351119024283328,-0.0023831821841096,0.014935189858078957,-0.0022707018069922963,-0.03279444947838783,-0.020395011432026513,0.7933683377171119,26.148600685185077,-0.06213806117388468,-0.05856507725633708,0.019203857454082644,0.0009829320042626932,1
4.037517786026001,-0.004540191497653723,-0.05998129025101662,0.4459241032600403,-0.01010901656508125,9.678944051855186e-05,0.027392629571481815,0.020055445747269474,0.022351119024283328,-0.0023831821841096,0.014935189858078957,-0.0022707018069922963,-0.03279444947838783,-0.027067443773571634,0.7964013294784343,26.14926416404518,-0.062126596594958415,-0.058533984544483,0.01944865879857825,0.0010298679990228266,1
4.0475013256073,-0.004677269142121077,-0.06042720004916191,0.44684621691703796,-0.007748953030114718,-0.0022789913114174133,0.033802032475988404,0.021189184998222643,0.021650212384007883,-0.0038145581393864703,0.045184385031461716,-0.0418749861419201,-0.05995687469840049,-0.0315743005431394,0.8025505750793087,26.12463617341295,-0.07888892995083903,-0.038941488097938445,0.02913753582451782,0.0010480970013304614,1
4.057516813278198,-0.004683794919401407,-0.06059806048870087,0.4471806287765503,-0.0048991013136991035,-0.004085916579366448,0.030717523768490535,0.022097373352742977,0.02095870379746012,-0.004898287688410274,0.0629114881157875,-0.05383776873350144,-0.08389563858509064,-0.03710451035910766,0.8113647839211229,26.12431929223214,-0.08941098332011528,-0.03188600140697396,0.039385438081938735,0.000986842998827342,1
4.068402528762817,-0.0046780607663095,-0.06079118698835373,0.4475046992301941,-0.004414949054033071,-0.00292212008991729,0.03489700332337291,0.022683135356505346,0.020509197549713587,-0.005829399916364775,0.06500927358865738,-0.060139678418636336,-0.0935663729906082,-0.04121883330400537,0.8184936384266973,26.108739072584257,-0.09189372258069398,-0.02775219723087858,0.04500090686156126,0.001124858004914131,1
4.0775182247161865,-0.0046457224525511265,-0.06098627299070358,0.4478440582752228,-0.0013113853973998133,-0.005887097244865614,0.030803577968875916,0.02344069886268141,0.019732679923147423,-0.0068510672084927116,0.07314100116491318,-0.07546916604042055,-0.10364824533462523,-0.04647339707688975,0.828700503816175,26.115637070903663,-0.09779017537328782,-0.019082301170232324,0.04992395202682929,0.0008488989988109097,1
4.08751368522644,-0.0045401048846542835,-0.061413221061229706,0.44852113723754883,0.0010658786213154033,-0.007677549604874993,0.030924066869607515,0.02420294109858956,0.019154902998829826,-0.007998101007750336,0.07459687441587448,-0.07233557105064393,-0.11648528277873992,-0.052535129392488174,0.8400918333717609,26.115585808325836,-0.10064993389929995,-0.019111880324364127,0.05569925802094458,0.0010004630021285266,1
4.097705125808716,-0.004458860959857702,-0.06165534257888794,0.4488583505153656,0.0018557025554775178,-0.006649767159595554,0.03329838437027978,0.025452721240877718,0.018073147206004503,-0.009962200174987945,0.08397520333528519,-0.07366732507944108,-0.13081951439380646,-0.057301071311539255,0.8506684360951657,26.10697062383567,-0.10686021793545662,-0.016751086438628077,0.061802364783036655,0.0017025470006046817,1
4.107538938522339,-0.004355850629508495,-0.06190130487084389,0.449197918176651,0.003209129947506199,-0.0093771490163929,0.03220742937937564,0.026431571133143095,0.017251690874305226,-0.011387230193404374,0.08750096708536148,-0.07887542247772218,-0.146122008562088,-0.06194298711413949,0.8633446063270499,26.105874658588757,-0.11158054696748865,-0.012116873068925345,0.0689727424699415,0.001003956000204198,1
4.117511987686157,-0.004355850629508495,-0.06190130487084389,0.449197918176651,0.003209129947506199,-0.0093771490163929,0.03220742937937564,0.026431571133143095,0.017251690874305226,-0.011387230193404374,0.08750096708536148,-0.07887542247772218,-0.146122008562088,-0.06610001689410958,0.8744981936545327,26.104294118188147,-0.11255117195573859,-0.011250019568491157,0.07088599284055255,0.0009582769998814911,1
4.127514123916626,-0.004355850629508495,-0.06190130487084389,0.449197918176651,0.003209129947506199,-0.0093771490163929,0.03220742937937564,0.026431571133143095,0.017251690874305226,-0.011387230193404374,0.08750096708536148,-0.07887542247772218,-0.146122008562088,-0.06975163365523929,0.8842812854858114,26.10360378395887,-0.11251731050126473,-0.011224678820620232,0.07124603954191075,0.0010136639975826256,1
4.137525320053101,-0.004118156619369984,-0.062452323734760284,0.44986778497695923,0.005682914059464335,-0.013815002543978303,0.029443455844848393,0.028190678325390905,0.015590076119220697,-0.014610481408040332,0.0896499752998352,-0.09619133174419406,-0.17020682990550995,-0.07351001505804325,0.8987696178086346,26.11028304269826,-0.11859917304410823,0.0006533144554395041,0.08100598456139248,0.0009675660039647482,1
4.147531032562256,-0.003985765855759382,-0.06275196373462677,0.45019978284835815,0.005645964785856077,-0.011961518887063548,0.032784622119630125,0.028962737883182488,0.014787411573270681,-0.01644938866353929,0.07760576903820038,-0.09509953111410144,-0.18087874352931976,-0.07611039884835846,0.9101143196998931,26.099978469133738,-0.11515080866430917,0.0024256564871952923,0.0873803679302279,0.0009570199981681071,1
4.157512426376343,-0.0038419661577790976,-0.06305821985006332,0.4505353569984436,0.007814361713038231,-0.015610353071232817,0.027384547528005444,0.030156277340945614,0.01337672395581091,-0.019263728405877867,0.07679717987775803,-0.09995643049478534,-0.1890946626663208,-0.0794487880610507,0.9250752997219326,26.112994787792786,-0.11830133276090309,0.008105163493601913,0.09285713371290472,0.0009567399974912405,1
4.167513370513916,-0.0036940104328095913,-0.06338556855916977,0.45085883140563965,0.007416023876092991,-0.015733501034006597,0.03222052375694914,0.030935199617060594,0.012628228537329811,-0.02132513292688376,0.06639942526817322,-0.09512647986412051,-0.20871227979660034,-0.08161768883645963,0.9379807602607455,26.099991671727594,-0.11574639457851357,0.007958779091816139,0.10147650293764462,0.0009503840046818368,1
4.177513360977173,-0.0035255870316177607,-0.06372614949941635,0.4511711597442627,0.009999365535013004,-0.01774305299020552,0.02547732921848722,0.03155949905898403,0.011682691155339597,-0.023466610201562155,0.06586650758981705,-0.08923841267824176,-0.2108151912689209,-0.08566935788061056,0.9530008866075442,26.11676878482685,-0.1173313863050136,0.00752991048275648,0.10500745889949023,0.0009344589998363517,1
4.187512159347534,-0.0033634365536272526,-0.0640808492898941,0.45148465037345886,0.008777519690692856,-0.018237423132668587,0.03058243171491326,0.032201551200259804,0.010910646794436207,-0.02565129396961474,0.05278899148106575,-0.08552881330251697,-0.22235214710235596,-0.08786605212828046,0.9659429887347566,26.104413853963983,-0.11328636833912663,0.008006434013016822,0.1106907706135364,0.0009535969948046841,1
4.197799444198608,-0.0030065884348005056,-0.06484102457761765,0.45207345485687256,0.01017689046978287,-0.02142582296516304,0.02949602701406441,0.032575692323556726,0.010024324891453773,-0.028026089614998195,0.046057116240262985,-0.09547607600688937,-0.23750348389148712,-0.09053619299805674,0.9807665548885542,26.100590101048844,-0.11155675970340748,0.01463118595014246,0.118054288744782,0.0010999929945683107,1
4.207753658294678,-0.002816195599734783,-0.0652390643954277,0.45235949754714966,0.010430534349573261,-0.025268055531006913,0.021187974109814073,0.03321850262248116,0.008856318199518931,-0.03158916315088023,0.03879537805914879,-0.08627224713563922,-0.23318132758140564,-0.09289393053770922,0.9937834761107164,26.098969498208106,-0.1114672083576938,0.01470015415484243,0.11943745701879639,0.0015576880032313056,1
4.217506647109985,-0.0026389213744550943,-0.06565650552511215,0.45263585448265076,0.010851144718435532,-0.02488659894592451,0.02703029838492347,0.033403324249297484,0.008322070527448044,-0.034090046597289536,0.0203073900192976,-0.07202552258968356,-0.2556443214416504,-0.09554467297363912,1.0104288753967186,26.125952518981855,-0.11030522882255207,0.013632022307708493,0.12031710284652301,0.0011895350035047159,1
4.227482557296753,-0.0026389213744550943,-0.06565650552511215,0.45263585448265076,0.010851144718435532,-0.02488659894592451,0.02703029838492347,0.033403324249297484,0.008322070527448044,-0.034090046597289536,0.0203073900192976,-0.07202552258968356,-0.2556443214416504,-0.09840980228037169,1.0233656498589574,26.115406164311647,-0.10246479492166466,0.008487374104824133,0.12926695580481423,0.0009454249957343563,1
4.237514495849609,-0.0026389213744550943,-0.06565650552511215,0.45263585448265076,0.010851144718435532,-0.02488659894592451,0.02703029838492347,0.033403324249297484,0.008322070527448044,-0.034090046597289536,0.0203073900192976,-0.07202552258968356,-0.2556443214416504,-0.10093115319635142,1.0347672794723874,26.111050141863906,-0.10237288585163522,0.008431073527246633,0.1309469173947212,0.0009600220000720583,1
4.247516632080078,-0.0022631771862506866,-0.06651660799980164,0.4531649649143219,0.010871423346816747,-0.027730790977882103,0.02498938136638412,0.0337586043615401,0.007160932541247167,-0.039257988042797454,0.004591697361320257,-0.05879390984773639,-0.2562452256679535,-0.10381913069047377,1.0479751510498645,26.114117317967185,-0.09661294204687908,0.005556732143545377,0.13441164904085787,0.0009758079977473244,1
4.257515907287598,-0.0020743340719491243,-0.06696779280900955,0.4534132182598114,0.01181566617763782,-0.032167598641224336,0.017839012627321908,0.03393676104103305,0.006565816893936205,-0.041947194013879585,0.0012472757371142507,-0.058239016681909596,-0.2702833414077759,-0.10750787365445282,1.0647370141673476,26.139150790183905,-0.09590388201042509,0.006661918686158242,0.14117684767886582,0.0009860060017672367,1
4.267522811889648,-0.0019012106349691749,-0.06742863357067108,0.4536490738391876,0.010591705346101812,-0.031373597667639544,0.021182823939851866,0.03378523656754151,0.006059100387620475,-0.046017419814118554,-0.017756391316652298,-0.04460271447896961,-0.2687288522720337,-0.1104146588745203,1.077768164156502,26.13674398168275,-0.08693550739882912,0.002046496953171496,0.14427460719933316,0.0010066789982374758,1
4.277574777603149,-0.0017249075463041663,-0.06789420545101166,0.45387452840805054,0.01150895349637556,-0.035700448013388016,0.015291234282957896,0.0334496357375631,0.005747976655681164,-0.048739826340109094,-0.02035476453602314,-0.03440684452652935,-0.2709469795227051,-0.1146224348260486,1.093612882531055,26.155312649059866,-0.0851208295081063,-0.0018920003023262322,0.14713809486198226,0.0010642319975886494,1
4.287546873092651,-0.00155819789506495,-0.0683789774775505,0.4540873169898987,0.010809473638378064,-0.03444946933497137,0.019657501911840368,0.03326392304387893,0.005601208350200615,-0.05146462647554095,-0.04120498523116112,-0.025202021002769505,-0.27259618043899536,-0.11836655756967701,1.1052857661558868,26.14681864379063,-0.07519752592927245,-0.005593065606761585,0.14977983259750002,0.0013590489979833364,1
4.297524929046631,-0.0013883926440030336,-0.06886747479438782,0.4542940557003021,0.010790448402486967,-0.03842286403875384,0.013565119206010326,0.03265156590117302,0.0054457790586641686,-0.05424836555583745,-0.04968586564064026,-0.02066595852375034,-0.27908897399902344,-0.12262165405566175,1.1193188842070894,26.163755304133026,-0.06995619942922632,-0.007314814094170473,0.1539845440220352,0.0012021060028928332,1
4.307715654373169,-0.0010816734284162521,-0.06986914575099945,0.45468392968177795,0.0098798682503497,-0.040536228657644516,0.013294601676965839,0.03220709818620193,0.005473801874674944,-0.057001628504497415,-0.05686299875378609,-0.007019841112196479,-0.27294328808784485,-0.1270976035171634,1.1336540273553402,26.169991170314155,-0.0656878872569641,-0.013452593047413048,0.1543496140353834,0.0013529019997804426,1
4.317659139633179,-0.0009510040399618447,-0.0703798234462738,0.45486944913864136,0.009746836226485617,-0.04095239203621892,0.016901356951484772,0.031166455963253625,0.00558533789255522,-0.06105891572067623,-0.06904737651348114,0.003915319219231573,-0.2702433466911316,-0.1320176444312993,1.1449488290501484,26.15932082305635,-0.05743626906689004,-0.018669111403989823,0.15585594898023522,0.0010849760001292452,1
4.327527761459351,-0.0008132838411256671,-0.07089278101921082,0.4550468325614929,0.008125090822029014,-0.043169233989387545,0.011242206133453612,0.030472407276787017,0.005711406810948283,-0.06368048180289865,-0.07132962346076965,0.00967183522880074,-0.2632031738758087,-0.13633764704305365,1.1549086520436387,26.154927823194992,-0.05733991735027453,-0.018726722612011852,0.15613466837789483,0.0012338160013314337,1
4.337510824203491,-0.0008132838411256671,-0.07089278101921082,0.4550468325614929,0.008125090822029014,-0.043169233989387545,0.011242206133453612,0.030472407276787017,0.005711406810948283,-0.06368048180289865,-0.07132962346076965,0.00967183522880074,-0.2632031738758087,-0.14014065677822546,1.1662435753871547,26.17219225159943,-0.05454884610627922,-0.02145858251582993,0.15538167454379612,0.0009505940033704974,1
4.347510814666748,-0.0006963669438846409,-0.07140948623418808,0.45522060990333557,0.00893965709461191,-0.04257799321397141,0.015228735157004002,0.029552538522153338,0.0060527251313624575,-0.06621973234803713,-0.08906206488609314,0.013755386695265739,-0.25311478972435,-0.14483279057406923,1.1740111101095256,26.164788444234638,-0.044097820644868425,-0.024206052586449037,0.15339836400014317,0.0010541039955569431,1
4.357515096664429,-0.000576416146941483,-0.07193168997764587,0.4553820490837097,0.00737542263267929,-0.04454518487426974,0.010844945805984567,0.028640133304866033,0.006259377383220244,-0.06867802765420272,-0.08981345593929291,0.02146036922931668,-0.24372752010822296,-0.14907301107007861,1.1828432857896405,26.17649104801535,-0.04130780686754597,-0.028089387272537777,0.15136064191144027,0.000958696000452619,1
4.36751389503479,-0.00047422063653357327,-0.0724506601691246,0.4555470645427704,0.008301665448112328,-0.04324449614398492,0.01371414936294685,0.02763616871080732,0.006723734922814195,-0.07102525590507591,-0.09634685516357422,0.03701039403676984,-0.23380716145038605,-0.15471460555277666,1.188496870916527,26.170748340266883,-0.03552682260617403,-0.03638022445555234,0.14909457024185704,0.000957508003921248,1
4.377526760101318,-0.00037046553916297853,-0.072959765791893,0.45569440722465515,0.006650536268602689,-0.04444212476113592,0.009565436089856468,0.0260909355799539,0.007276969126968513,-0.074413477067373,-0.10519469529390335,0.030445510521531077,-0.22053487598896027,-0.1596227169635799,1.1938856812600847,26.182542083021236,-0.027425642169743497,-0.034734510981223536,0.14623973245724606,0.0009687529964139685,1
4.387514114379883,-0.000283905043033883,-0.073455311357975,0.4558490216732025,0.007943973354733435,-0.042594459034817476,0.012292808669578433,0.025039094012970775,0.0076232624430767615,-0.07650914241909623,-0.10697730630636215,0.028221566230058646,-0.20624485611915588,-0.16525077434475333,1.1962762776600757,26.177384877372905,-0.023605102365339317,-0.0346630497879431,0.14222806629039175,0.0009517109938315116,1
4.39758038520813,-0.0001951878803083673,-0.07395590096712112,0.45599159598350525,0.005537089215840696,-0.04546271267823759,0.010914015515846675,0.023941337518821992,0.008039685491655568,-0.07845138396316909,-0.10436546057462692,0.025201031938195204,-0.19384971261024475,-0.1693875274529255,1.2004175381626063,26.179645376180193,-0.022032851964384603,-0.034153183715382444,0.13851749036875502,0.0010875610023504123,1
4.40783429145813,-4.337807331467047e-05,-0.07491251826286316,0.45627930760383606,0.005683371142067999,-0.04459083828335838,0.010923377180658795,0.022946755752447423,0.00832030215761348,-0.08034561163890697,-0.10419765114784241,0.02933784201741216,-0.18522559106349945,-0.1730147578291623,1.2040409323949153,26.180554390104085,-0.022001878949472798,-0.03413996617367495,0.13781867318670946,0.0017074369970941916,1
4.417587518692017,9.540408427710645e-06,-0.07536540925502777,0.45643681287765503,0.006765022300833265,-0.04213513808582425,0.012809794366977083,0.020847838393732943,0.008850606535938166,-0.08372895275470826,-0.09445889294147491,0.01686316728591917,-0.15919198095798492,-0.1771858602376945,1.2068203457087827,26.179871959203428,-0.01933259158861895,-0.03671609509794988,0.13595242480946826,0.0010193909984081984,1
4.427508354187012,6.912891694810241e-05,-0.07582166790962219,0.4565763473510742,0.005049497709258262,-0.04355230929034537,0.011433084465746523,0.020847838393732943,0.008850606535938166,-0.08372895275470826,-0.09445889294147491,0.01686316728591917,-0.15919198095798492,-0.18091725104264433,1.2076645984695575,26.177452687191582,-0.017986720203935977,-0.03234497921418993,0.12899516768805494,0.0009792300043045543,1
4.437510013580322,6.912891694810241e-05,-0.07582166790962219,0.4565763473510742,0.005049497709258262,-0.04355230929034537,0.011433084465746523,0.020847838393732943,0.008850606535938166,-0.08372895275470826,-0.09445889294147491,0.01686316728591917,-0.15919198095798492,-0.18425148725234952,1.2086711434041857,26.17592427835526,-0.017968905156303713,-0.03230258543239579,0.12768851529958578,0.0009496860002400354,1
4.447509765625,0.000150834588566795,-0.07664906233549118,0.4568857252597809,0.0041536068524751744,-0.040899112832644344,0.01273590976085472,0.01829577577783681,0.009227231095168431,-0.08724626298459004,-0.09089150279760361,0.006721681915223583,-0.12512966990470886,-0.18813869253438104,1.207812306684249,26.170336571832575,-0.017752514474039287,-0.032408073517029075,0.12744571541551425,0.0014901479953550734,1
4.457523822784424,0.00017184604075737298,-0.07703540474176407,0.45705562829971313,0.0063344518674557735,-0.039200991409880634,0.013442310483413962,0.01829577577783681,0.009227231095168431,-0.08724626298459004,-0.09089150279760361,0.006721681915223583,-0.12512966990470886,-0.19026222540186866,1.2055220826550266,26.167672105149887,-0.012560469781490648,-0.02847458261864507,0.1182487933181321,0.0012697169950115494,1
4.4675281047821045,0.00017184604075737298,-0.07703540474176407,0.45705562829971313,0.0063344518674557735,-0.039200991409880634,0.013442310483413962,0.01829577577783681,0.009227231095168431,-0.08724626298459004,-0.09089150279760361,0.006721681915223583,-0.12512966990470886,-0.19360017469139212,1.2025978860817361,26.163421550418168,-0.01238913139050743,-0.028629383241773446,0.11652536731495511,0.001072822000423912,1
4.477511644363403,0.00019397461437620223,-0.07740238308906555,0.4572012722492218,0.004411883037903969,-0.03798587622317416,0.012946863628799434,0.016436918479310947,0.009250397523919762,-0.08942200475813156,-0.08225477486848831,-0.012018319219350827,-0.10132113099098206,-0.19473978782111906,1.1983292535786043,26.163136966050928,-0.01122842429353418,-0.019972332514741096,0.1096274577745838,0.0009774840000318363,1
4.48805832862854,0.00019941330538131297,-0.07772849500179291,0.45737552642822266,0.0058110261329303945,-0.03554339710456052,0.013843934947370861,0.01530930918162765,0.009085209218750556,-0.09069564678744246,-0.0721602812409401,-0.007627309300005445,-0.07277832180261612,-0.19664327270133256,1.1923667497134303,26.159342617366256,-0.012523570047586299,-0.021461726201097504,0.09973408723519514,0.0010868620011024177,1
4.497525691986084,0.00020165210298728198,-0.07804417610168457,0.45753034949302673,0.002550862025869874,-0.03415270524780298,0.01538492455676875,0.014556237187013377,0.009022686386529255,-0.0913534853228648,-0.06489875912666321,-0.023808050900697715,-0.0625443160533905,-0.19526975422985118,1.1861704923474627,26.151905676076332,-0.013790027880519473,-0.013685722619124647,0.09487206695754571,0.0008456860014121048,1
4.507523059844971,0.00017695187125355005,-0.07857677340507507,0.4578714668750763,0.0016657847691021548,-0.030876239801501622,0.015354307295621858,0.014057441441277074,0.008674801964655199,-0.09188703888456917,-0.04853326454758644,-0.022152686491608627,-0.05138549953699112,-0.19301377930551444,1.1792714422275306,26.147599470480667,-0.019530612478301207,-0.01332561506396741,0.0906091535976899,0.0009626069950172678,1
4.517681121826172,0.00015074465773068368,-0.07879612594842911,0.45806142687797546,0.003817707308832563,-0.03118457086253048,0.01471993699809749,0.013435457331025802,0.008218951517703577,-0.09238584181157439,-0.03380100056529045,-0.03014658205211163,-0.029181014746427533,-0.19188013971741136,1.1735686372319851,26.14731097899467,-0.02456404034438832,-0.008645597362729261,0.08282629086710297,0.001211046997923404,1
4.527528762817383,0.00011239848390687257,-0.07900315523147583,0.45823511481285095,-0.0006024876953239326,-0.02696131356620697,0.017076263171867712,0.01304590962381047,0.0077540210633091355,-0.09255397557462253,-0.031298499554395676,-0.04311993345618248,-0.015142549760639662,-0.1864008070281995,1.1656511523408344,26.138368827433958,-0.02448563524896944,-0.0010430245278526661,0.07684818176953652,0.0010236520029138774,1
4.53753137588501,6.360331462929025e-05,-0.0791659727692604,0.45843175053596497,0.003554155246799488,-0.02719121990780898,0.014765117265384863,0.01286283590409143,0.007191998649489939,-0.09263198392004579,-0.021307116374373436,-0.05329586938023567,-0.008547610603272908,-0.18373043693252378,1.159188829701687,26.1419645280262,-0.028441012667798575,0.004746856732380835,0.07361173128554178,0.0010003939969465137,1
4.547525882720947,1.4132507203612477e-05,-0.07931362092494965,0.45859667658805847,-0.0005197987118786871,-0.022321967415950043,0.016308000279348266,0.012594850964740445,0.006626818505470311,-0.09252191055976722,-0.017072800546884537,-0.05711154639720917,0.011262814514338977,-0.18139283062744999,1.1535101643987211,26.143442109721256,-0.02849757363450082,0.004787047505141731,0.07300607669108584,0.0012829169936594553,1
4.557511806488037,1.4132507203612477e-05,-0.07931362092494965,0.45859667658805847,-0.0005197987118786871,-0.022321967415950043,0.016308000279348266,0.012594850964740445,0.006626818505470311,-0.09252191055976722,-0.017072800546884537,-0.05711154639720917,0.011262814514338977,-0.1752620869766226,1.1453096504314895,26.13806145632581,-0.029379701712783153,0.008467355593006671,0.06633931668843229,0.0009805570007301867,1
4.567529916763306,-4.259040724718943e-05,-0.07942979782819748,0.4587797224521637,0.0013021257427927597,-0.023238573246641074,0.014064670505813445,0.012594850964740445,0.006626818505470311,-0.09252191055976722,-0.017072800546884537,-0.05711154639720917,0.011262814514338977,-0.17127072840931148,1.138982756652609,26.14294775012313,-0.029426656803177152,0.008308769355338329,0.06509046182902276,0.0009879600038402714,1
4.577524423599243,-0.00012164274812676013,-0.07951217144727707,0.4589446485042572,-0.0033451006880882506,-0.018848003818124397,0.01593318395138799,0.01256549665125517,0.0052082989783293065,-0.09195825132195168,0.005232404917478561,-0.07957607507705688,0.03801893815398217,-0.16171892940215268,1.131337034236663,26.137696068163763,-0.03912818042629255,0.022753427809364422,0.05575265235680778,0.000959044999035541,1
4.587522506713867,-0.00020141390268690884,-0.07956777513027191,0.4591217041015625,0.00017750770922691356,-0.019575022159509566,0.012464364994532654,0.01268801644260531,0.004311775839704435,-0.09148172365358054,0.01655661128461361,-0.08365865796804428,0.05217342451214791,-0.15480771222459044,1.1257896384931516,26.146874765650914,-0.04458256361726197,0.026822986039268495,0.049104810658246734,0.0009650509964558296,1
4.597634792327881,-0.00020141390268690884,-0.07956777513027191,0.4591217041015625,0.00017750770922691356,-0.019575022159509566,0.012464364994532654,0.01268801644260531,0.004311775839704435,-0.09148172365358054,0.01655661128461361,-0.08365865796804428,0.05217342451214791,-0.14874815788794019,1.1208992507857076,26.150628884526743,-0.04465585596700586,0.026824583010162287,0.0478578032236391,0.0010988050053128973,1
4.607805490493774,-0.0003945958742406219,-0.07962177693843842,0.45945504307746887,-0.0022043270592398702,-0.015056819644686406,0.012209294341934246,0.013448779182703596,0.0020748047454026697,-0.0897195285761887,0.04867938160896301,-0.08969117701053618,0.07823103666305543,-0.1385541024030613,1.1155103234545152,26.151468589931184,-0.060696421908495175,0.03588348449821485,0.038078754203436205,0.0029754079951089807,1
4.61761212348938,-0.000513588369358331,-0.07958955317735672,0.45962047576904297,-0.005498479212744303,-0.010648372553730082,0.01702107487682571,0.013893415552984845,0.001293528968242974,-0.08882283502408272,0.04726582393050194,-0.08692627400159834,0.09666794538497926,-0.12601577336577627,1.1077425249246864,26.13432930362063,-0.06116093364058023,0.03714875753357014,0.029703904108939215,0.0007956070039654151,1
4.62751579284668,-0.0006345040746964514,-0.07953047007322311,0.4597921073436737,-0.004508180707806996,-0.011208065733986102,0.009313371936694436,0.014373975486579926,0.000226919940983894,-0.08775745260846124,0.0583929643034935,-0.09783770143985747,0.10841264575719835,-0.11404785655152025,1.1027805507281072,26.15344411642158,-0.06730962639547354,0.04490418442057276,0.023676924136045094,0.0009569489993737079,1
4.637516975402832,-0.0009324824786745012,-0.07933841645717621,0.4601360857486725,-0.0069715720605156885,-0.007875856011848871,0.011596055701306026,0.015009398263150509,-0.0005972970833068025,-0.08664334944978425,0.06925778836011887,-0.09109749644994734,0.1147417798638344,-0.10050229127420847,1.0966751923012272,26.15174763553956,-0.07370162930256652,0.04438223183089594,0.019832650033249653,0.0009880299985525198,1
4.647533893585205,-0.001095220330171287,-0.07921114563941956,0.46030062437057495,-0.009346521480515032,-0.0029364658543452027,0.015318333165966922,0.016056532619967978,-0.0019759754872095137,-0.08472970689974346,0.0747532919049263,-0.08626455068588255,0.13078497350215912,-0.08862477524222093,1.0913143675119235,26.15106090099963,-0.07377527895334192,0.04431104440412993,0.01911672305391822,0.0011969370025326498,1
4.657511234283447,-0.0012587483506649733,-0.07905038446187973,0.46046626567840576,-0.00880348498811977,-0.003940565931028792,0.011024878353845675,0.016056532619967978,-0.0019759754872095137,-0.08472970689974346,0.0747532919049263,-0.08626455068588255,0.13078497350215912,-0.07490274684234742,1.0848977305715204,26.151926484009348,-0.07867012188997073,0.04610638465844706,0.012643528411025121,0.0009883800012175925,1
4.667518377304077,-0.0014395052567124367,-0.07887157052755356,0.4606289863586426,-0.011925891065321778,-0.0013168583427714254,0.015400436695486585,0.017746955247045726,-0.0038402736212543864,-0.08185473666756593,0.09361481666564941,-0.08872073888778685,0.14619939029216766,-0.06276891894654446,1.0791497162759944,26.151653939794127,-0.07873519770044739,0.046059090806520986,0.011429367939901744,0.0012197070027468726,1
4.677512884140015,-0.0014395052567124367,-0.07887157052755356,0.4606289863586426,-0.011925891065321778,-0.0013168583427714254,0.015400436695486585,0.017746955247045726,-0.0038402736212543864,-0.08185473666756593,0.09361481666564941,-0.08872073888778685,0.14619939029216766,-0.04740095027488668,1.0739432349590612,26.135340814811588,-0.09155988989546983,0.05255154642151163,0.004514099438574596,0.0009725249983603135,1
4.687512636184692,-0.0016384838381782174,-0.07868782430887222,0.4607917070388794,-0.01204304585792289,-0.001890055967535383,0.011370342212268233,0.01861296324354278,-0.004846891483916593,-0.0802429638265636,0.0921323299407959,-0.08073764294385909,0.16015058755874634,-0.03259511929141691,1.0708030170297653,26.14198370744189,-0.09326195158719852,0.051770867400697675,-0.0022586618360918463,0.000989287997072097,1
4.697667360305786,-0.0018533007241785526,-0.07847479730844498,0.46094849705696106,-0.01516373827621963,0.001469535817403342,0.013088739472605597,0.0199925939204455,-0.005981487536289354,-0.07774114124266784,0.09548715502023697,-0.06846889108419417,0.16984781622886658,-0.016043904061126147,1.0667071730644324,26.137878282277253,-0.09818342690827937,0.04963021699169667,-0.008130529543454185,0.001590585001395084,1
4.707540512084961,-0.0020739471074193716,-0.07824528217315674,0.4611075818538666,-0.013592732125907406,0.002057023204864123,0.00980311445381135,0.020424215335058005,-0.006394296705321434,-0.07687693058703848,0.0965275838971138,-0.06498799473047254,0.17359137535095215,-0.00179610153047886,1.0631737599028313,26.146966870171045,-0.09970434634422276,0.0490105665829879,-0.010941235441644204,0.0010100319996126927,1
4.717523574829102,-0.002301952801644802,-0.0779898539185524,0.46124252676963806,-0.01730988918729678,0.004520271010891847,0.01282541546851269,0.02178453315833062,-0.00732904694756531,-0.07416910623046169,0.09233134984970093,-0.06258054077625272,0.18522179126739502,0.014762834625331043,1.058844321148544,26.139438666283116,-0.10132543708519917,0.05084441992324755,-0.016818856585159112,0.0010164579944103025,1
4.727594614028931,-0.0028053545393049717,-0.0774475485086441,0.4615112841129303,-0.01965762299222642,0.006399587814799675,0.010261176152907326,0.02252729070203996,-0.00795006395369846,-0.0722526908671206,0.08539465069770813,-0.044040989130735377,0.19457575678825378,0.0292875609513477,1.0550641487518906,26.13635970794299,-0.10135591029691982,0.05078656810699547,-0.01792355954770303,0.0013595380005426705,1
4.737594842910767,-0.003078463952988386,-0.0771535262465477,0.46164029836654663,-0.019952101549819346,0.007315721104310699,0.007723279297453072,0.023673025310856133,-0.008527469809059607,-0.06934256587952214,0.07905907183885574,-0.028700521215796446,0.19543997943401337,0.04585772083048702,1.0507945719283145,26.151090491115266,-0.10006312534706445,0.03915985347386259,-0.024214474669830652,0.0011280000035185367,1
4.747524261474609,-0.00335888285189867,-0.0768505334854126,0.46176064014434814,-0.02097621934312589,0.007463868663776548,0.008187161758703447,0.024650026517146983,-0.008842912279425352,-0.06621413652234942,0.06495624780654907,-0.005599252879619573,0.20750953257083893,0.06037991155583857,1.0469929859224545,26.157095179555334,-0.100051572149498,0.038984171184166874,-0.025388994148983275,0.0012216629984322935,1
4.757511138916016,-0.0036537805572152138,-0.07654951512813568,0.46187177300453186,-0.02185326071657604,0.008895279793531522,0.007701127323384279,0.024650026517146983,-0.008842912279425352,-0.06621413652234942,0.06495624780654907,-0.005599252879619573,0.20750953257083893,0.0751675253910316,1.0421902143113237,26.158596795580202,-0.09617745304107383,0.0296738191149808,-0.031329492681677416,0.0013274779994389974,1
4.767521858215332,-0.0036537805572152138,-0.07654951512813568,0.46187177300453186,-0.02185326071657604,0.008895279793531522,0.007701127323384279,0.024650026517146983,-0.008842912279425352,-0.06621413652234942,0.06495624780654907,-0.005599252879619573,0.20750953257083893,0.0881404051649112,1.0379723422975051,26.159208680516304,-0.09614437667114781,0.029534446084808635,-0.03244091650860895,0.0008526009987690486,1
4.777517795562744,-0.003950430545955896,-0.0762300044298172,0.4619732201099396,-0.02272948428596271,0.00929272099157397,0.00569388177724489,0.025389229619789955,-0.008755314494011568,-0.063099518535636,0.05492030456662178,0.01592972315847876,0.20667250454425812,0.10013183044579094,1.0342271285916285,26.165981350635867,-0.09358039603916718,0.01967101165770416,-0.03413830793604596,0.0009997649976867251,1
4.787527799606323,-0.004256955347955227,-0.07590360939502716,0.4620656669139862,-0.02380077353486837,0.010470024333209031,0.005553164520531139,0.025873400680128444,-0.008585791834211154,-0.06088041733092453,0.04301903396844864,0.02833607420325282,0.21933713555335999,0.11154131687748778,1.0297211330370069,26.168846732202628,-0.08939748289626255,0.013689373271627716,-0.039850186572295665,0.0009702899988042191,1
4.797644376754761,-0.004567721858620644,-0.07556381076574326,0.46215131878852844,-0.024218151283159822,0.011143774849997436,0.00326250587513782,0.026107584905543213,-0.008234993973382121,-0.05867622776459047,0.03377460315823555,0.04424738883972171,0.21701867878437042,0.12171868762515121,1.0250857156462543,26.17767145201252,-0.08577176656255857,0.0055330776006428,-0.04140872826266551,0.0011404329998185858,1
4.807792663574219,-0.004886012990027666,-0.07522054016590118,0.46223288774490356,-0.02557745015569901,0.01265345516627949,0.005040454215705202,0.026458839612036655,-0.007517369455370737,-0.05538588355706642,0.0245191790163517,0.05990852043032649,0.21827618777751923,0.1310834285293318,1.019167622845367,26.174754588459344,-0.08245118527745972,-0.003420684451813868,-0.043969994835274306,0.0027680370039888658,1
4.8176209926605225,-0.005211076699197292,-0.07487569749355316,0.4623081088066101,-0.02710924105770769,0.01231843151121873,0.0029622588886758314,0.026427051356272546,-0.006891526537668113,-0.05308973166787734,0.010956601239740849,0.07289944589138034,0.22499915957450867,0.14008593930784224,1.013616500681623,26.18057659851197,-0.07627883863628099,-0.010903399331192595,-0.04794615344876149,0.0008022420006454922,1
4.827521324157715,-0.005548286251723766,-0.07453260570764542,0.46237820386886597,-0.027455158426239076,0.013461919697253045,0.00327502822545629,0.026488645864284344,-0.006144844540417971,-0.050877144239186656,-0.001209776266478002,0.08306267857551577,0.21982382237911224,0.14782300438085258,1.007006790814384,26.181656235377318,-0.07089037147533939,-0.01756911729612183,-0.048249111235913675,0.0009879610006464645,1
4.837559223175049,-0.006235762499272823,-0.07383652776479721,0.4625016450881958,-0.02951991922528533,0.013952804887311944,0.001693343651271193,0.026213812966497052,-0.005310027100944303,-0.04867311794366991,-0.011295858770608902,0.09390763193368915,0.2161470502614975,0.1560974718127355,0.9995997459546618,26.187232360642952,-0.06554949443961863,-0.024613041965290704,-0.04834814480056322,0.0009878909986582585,1
4.847517013549805,-0.006591977085918188,-0.07348558306694031,0.462546706199646,-0.0303011052398312,0.013676718790371262,-9.781584555029078e-05,0.025897838340915413,-0.0037805312866416863,-0.04529821413361468,-0.02336249127984047,0.1112429201602936,0.22278979420661926,0.1626207375700369,0.9923109209013251,26.195740687406335,-0.05931298391665881,-0.03657180964064063,-0.052432817626485974,0.0009783920031622984,1
4.857518196105957,-0.006944989785552025,-0.07312848418951035,0.46259474754333496,-0.02844891318427009,0.016451176356992867,0.0005779913920376851,0.025599829861566725,-0.002633789740114967,-0.043088887141101484,-0.02635105885565281,0.11939568817615512,0.2144227474927902,0.16834577419463606,0.9858926293903596,26.19923288366545,-0.05926549278588224,-0.0366920347805023,-0.05319836559455194,0.0012036429980071262,1
4.867517948150635,-0.007288405671715736,-0.07277952134609222,0.46262845396995544,-0.03005454309386987,0.015006858997167671,-0.0009180629475501326,0.025214847667255125,-0.001478236390012544,-0.040930964892565314,-0.037924520671367645,0.12529608607292178,0.2153983414173126,0.17177013646832737,0.9771907017144402,26.20348349824264,-0.05087991190875963,-0.04936551582545819,-0.053387900144747605,0.0010344080001232214,1
4.877515077590942,-0.007288405671715736,-0.07277952134609222,0.46262845396995544,-0.03005454309386987,0.015006858997167671,-0.0009180629475501326,0.025214847667255125,-0.001478236390012544,-0.040930964892565314,-0.037924520671367645,0.12529608607292178,0.2153983414173126,0.17478238881297362,0.9695545083883457,26.20524089619588,-0.050817400971158624,-0.04946970376199978,-0.053418963744176,0.0009623279984225519,1
4.887518405914307,-0.007633422501385212,-0.07243237644433975,0.46266698837280273,-0.02816489524246722,0.016690880074279074,0.0008850580252576182,0.02479692565609426,-0.00016399483511975177,-0.038717115237931754,-0.041829414665699005,0.13794232904911044,0.21613989770412442,0.17502869949238697,0.9602521621604351,26.199705865645157,-0.047868996982686665,-0.05891211134991454,-0.05490308103260341,0.0010384589986642823,1
4.897669315338135,-0.008310721255838871,-0.0717720165848732,0.46272143721580505,-0.028081659147223804,0.017343107734625288,0.00021914516852205836,0.02367786162625185,0.002514035050598107,-0.03452267769678974,-0.05574247986078262,0.14345993101596835,0.2069163769483566,0.17634098513957328,0.9513069711027803,26.207298508924538,-0.04199812839324039,-0.0619077716997056,-0.052535488165881127,0.002006305003305897,1
4.907530784606934,-0.008310721255838871,-0.0717720165848732,0.46272143721580505,-0.028081659147223804,0.017343107734625288,0.00021914516852205836,0.02367786162625185,0.002514035050598107,-0.03452267769678974,-0.05574247986078262,0.14345993101596835,0.2069163769483566,0.1747705710471415,0.9413203766429791,26.203058463116957,-0.03861928447642434,-0.06883541776886493,-0.05408770967473952,0.000983979000011459,1
4.917518138885498,-0.00863652117550373,-0.07144467532634735,0.4627392590045929,-0.028851006093823812,0.01765286378167889,-0.0024565445886275093,0.023071378221015237,0.003849391126032664,-0.032409946984773175,-0.06073000654578209,0.1419474631547928,0.20450338721275327,0.1732216241127213,0.9314983672636479,26.210796589117024,-0.034730047725790684,-0.0718047738825357,-0.05479066311285779,0.0010074480014736764,1
4.927565336227417,-0.008950656279921532,-0.07112190127372742,0.4627560079097748,-0.02592129811791033,0.019429927791481567,-0.001687298221871468,0.022164374690729183,0.005950144931691881,-0.029412123751529684,-0.06647294759750366,0.14180858433246615,0.19612607359886167,0.168388370638365,0.9198139732396667,26.211507362532696,-0.02962663423735709,-0.0777680388743709,-0.05387284550016429,0.001089864999812562,1
4.937537670135498,-0.009253155440092087,-0.0707995668053627,0.46276769042015076,-0.027784742339292772,0.018703661973151087,-0.0013892289995907881,0.021490080744832163,0.007266052585318761,-0.02736787781903871,-0.062303218990564346,0.13325513899326327,0.19557611644268033,0.16505145247662073,0.9090832555880596,26.2108710301924,-0.02976846242761402,-0.07734829583486,-0.054686884619854166,0.0011204569964320399,1
4.947526693344116,-0.009547444060444832,-0.07048854976892471,0.4627889096736908,-0.024238297692904455,0.01949552076791465,8.760780322272756e-05,0.020877343129877435,0.008515705369022797,-0.02544311374344499,-0.058949071913957596,0.13105717301368716,0.18916527926921842,0.15905907074954995,0.8979055814627129,26.20553404506685,-0.02962233747724179,-0.0800669603438753,-0.05383027438190698,0.0009969009988708422,1
4.95759391784668,-0.010068713687360287,-0.06988050043582916,0.4628204107284546,-0.021031379640444683,0.021274155063262926,-0.00038653214694018526,0.02032063276222562,0.009795729351333549,-0.0235209377684491,-0.05704333260655403,0.1224566996097565,0.18346619606018064,0.1514016435798031,0.8855239540760035,26.20503559188632,-0.02884411693107973,-0.07996156874201255,-0.052900053629364126,0.0010087749978993088,1
4.967521667480469,-0.01030487846583128,-0.06958139687776566,0.4628351926803589,-0.023028645610393108,0.019972330021942444,-0.0007204710009163613,0.0195262151119846,0.01151122654832637,-0.020818363860885647,-0.05380750820040703,0.11715771257877353,0.17757269740104673,0.14506136885729415,0.8745314347525103,26.206146238721207,-0.02833914433234017,-0.08206682817857602,-0.0523359388726186,0.0009950149978976697,1
4.977514266967773,-0.01030487846583128,-0.06958139687776566,0.4628351926803589,-0.023028645610393108,0.019972330021942444,-0.0007204710009163613,0.0195262151119846,0.01151122654832637,-0.020818363860885647,-0.05380750820040703,0.11715771257877353,0.17757269740104673,0.13950174655918332,0.8648911440942829,26.20660713797168,-0.028380645771049515,-0.08205550023457474,-0.05223076248708873,0.0009965520002879202,1
4.987519264221191,-0.010530928149819374,-0.0693012997508049,0.46286913752555847,-0.01836510000013515,0.021603742635448484,1.3732209177583248e-05,0.01913391715667956,0.012604974491743803,-0.019070079587508282,-0.04198885336518288,0.11240155249834063,0.17238718271255493,0.13089031937395765,0.854736234504154,26.20416562990074,-0.03251099148572279,-0.08327850243515778,-0.05150444817625986,0.001006540005619172,1
4.99761176109314,-0.010721643455326557,-0.06903815269470215,0.4628985524177551,-0.017657255691680477,0.021063258914299804,0.0014640503626974345,0.018758587536944482,0.013475804709207395,-0.017401759605191636,-0.030449362471699715,0.09156404435634614,0.16250433027744293,0.12320304346594677,0.8456936848869772,26.19799081508032,-0.036789724420945524,-0.07630027322920113,-0.04910821814753052,0.0011567769979592413,1
5.00780987739563,-0.011022527702152729,-0.06850194931030273,0.46298301219940186,-0.013171227605430377,0.021899806350646728,0.0029863792714547445,0.01833298433689201,0.015003271026864606,-0.014327308676066242,-0.011458445340394974,0.0676529109477997,0.1490410715341568,0.11345187694323683,0.8355215489233091,26.197972280103826,-0.03456122924572118,-0.07482679332004258,-0.046419164620116506,0.0027984889966319315,1
5.017561435699463,-0.011022527702152729,-0.06850194931030273,0.46298301219940186,-0.013171227605430377,0.021899806350646728,0.0029863792714547445,0.01833298433689201,0.015003271026864606,-0.014327308676066242,-0.011458445340394974,0.0676529109477997,0.1490410715341568,0.1048157080519131,0.8275075892125625,26.18981292714826,-0.044167416222208405,-0.06992178920312135,-0.045510891297452734,0.0007890410051913932,1
5.0277416706085205,-0.011130621656775475,-0.06824580579996109,0.46303677558898926,-0.009055655423554224,0.02233383246445616,0.0014117878638034928,0.018373066652029646,0.01576028314228406,-0.012237507109571055,0.000668851425871253,0.04837020114064218,0.1347590535879135,0.09436255999761334,0.8204102062353339,26.191683969392585,-0.049726427083835685,-0.06364488527973709,-0.041873292133283446,0.000994527006696444,1
5.037531614303589,-0.011213429272174835,-0.0680105984210968,0.4630827009677887,-0.008387333700637685,0.02218534611176985,0.00446563914730143,0.018511783330328324,0.016213958732902434,-0.010912841800725381,0.01121983677148819,0.03515769168734552,0.12582702934741974,0.08525318781763457,0.814087754876559,26.181538506945497,-0.05492833347386227,-0.05884695037038488,-0.03903545832306501,0.0009921519958879799,1
5.047519207000732,-0.011269578710198402,-0.06777112931013107,0.4631502330303192,-0.004967437555306482,0.023445595051808057,0.0040421705384244685,0.018752397464970372,0.016415919919463118,-0.009713877358007217,0.021617267280817032,0.026387263089418425,0.12216666340827942,0.0750460630799415,0.807943172723248,26.17851573329736,-0.060162033327009395,-0.055676678917657825,-0.037992239779894306,0.0011355430033290759,1
5.05761456489563,-0.011301211081445217,-0.06754942238330841,0.4632143974304199,-0.003607756173791662,0.023077661156592502,0.005903299517247389,0.01912135358234579,0.016624381597571958,-0.008580507085154121,0.03108014352619648,0.013569734990596785,0.10769810527563095,0.0656681913844997,0.802958142911979,26.170423400398395,-0.06546490249603458,-0.05052165813924566,-0.03372256551212997,0.0016389189986512065,1
5.067526578903198,-0.011291738599538803,-0.06733743101358414,0.46329396963119507,-0.0003613927209386927,0.02311065606041849,0.00501602658575551,0.019507603629302483,0.016608976315946933,-0.0075770587265115985,0.044707901775836945,0.0005302008939907078,0.10060205310583115,0.05555271351728999,0.7992142728825044,26.169753773241023,-0.07262393072359032,-0.04483402398742587,-0.031179933362667132,0.0008120210040942766,1
5.077515602111816,-0.011191661469638348,-0.06695608049631119,0.4634549915790558,0.0040505239849438065,0.02291563338896664,0.0056449305436173615,0.02004175595639257,0.016539357847346725,-0.0066179509690798,0.049646202474832535,-0.01019076909869908,0.09364330768585205,0.04398615320228873,0.7961025076864493,26.166493572896872,-0.07633830843510171,-0.04011846811141787,-0.028974840146693936,0.0010265150049235672,1
5.087525367736816,-0.011107111349701881,-0.06678473204374313,0.4635486900806427,0.0062594134386600945,0.0238803606459506,0.008432607170282784,0.02099670116746344,0.016233914750365397,-0.005354915927256343,0.06301809847354889,-0.02349058724939822,0.08129755407571793,0.03382954204702507,0.7933805281791301,26.165151521465887,-0.07638813054218864,-0.04003133460107272,-0.02856186853326983,0.0013488519980455749,1
5.097687244415283,-0.01099212933331728,-0.06660817563533783,0.4636451005935669,0.007676474759868124,0.022433113297797565,0.008035908468193752,0.021798788650047918,0.015820482305656025,-0.004700431052008458,0.07282599806785583,-0.03508337214589118,0.07090085744857788,0.02436243999604133,0.7910566629639013,26.154317450022084,-0.0848470227461438,-0.033342890090927446,-0.025179566693028392,0.0020704920025309548,1
5.107532501220703,-0.01099212933331728,-0.06660817563533783,0.4636451005935669,0.007676474759868124,0.022433113297797565,0.008035908468193752,0.021798788650047918,0.015820482305656025,-0.004700431052008458,0.07282599806785583,-0.03508337214589118,0.07090085744857788,0.015664913547246345,0.7909684733731469,26.15072547854271,-0.09156474202921991,-0.027065087999234527,-0.02152698567601956,0.0009850269998423755,1
5.117510080337524,-0.010857773013412952,-0.06645962595939636,0.46375802159309387,0.01023987029094095,0.022101892154598724,0.009917913940775402,0.022512583159906452,0.015430110641351025,-0.004032700708870962,0.07181696593761444,-0.045460555702447884,0.05849147960543633,0.006968272698808061,0.7912672003713045,26.14210795291023,-0.09310205669817005,-0.02148222249786432,-0.017165324216522913,0.0010407640002085827,1
5.127588748931885,-0.010690081864595413,-0.06631549447774887,0.4638698399066925,0.012219897508366384,0.020584160416048703,0.00962524959179658,0.02340173279355584,0.014871027296520456,-0.0035648558458123425,0.07920768857002258,-0.05728918686509132,0.045588809996843345,-0.0013829679445112597,0.7935493476596468,26.138989456927728,-0.09891071064072914,-0.014773690517007807,-0.012403742786519616,0.001091122001525946,1
5.13762354850769,-0.010690081864595413,-0.06631549447774887,0.4638698399066925,0.012219897508366384,0.020584160416048703,0.00962524959179658,0.02340173279355584,0.014871027296520456,-0.0035648558458123425,0.07920768857002258,-0.05728918686509132,0.045588809996843345,-0.008719617609535591,0.7955550160715169,26.137699688908523,-0.09895403651097288,-0.014680655115448922,-0.011508699960723852,0.001101948000723496,1
5.1475136280059814,-0.010298406705260277,-0.06607551127672195,0.4641319811344147,0.015264744880663424,0.018641855551293742,0.009126131438511105,0.02546212798544234,0.013309762352135657,-0.0026790354149048845,0.08165186643600464,-0.06847751885652542,0.029264247044920928,-0.015970388844254346,0.8004080951025221,26.13757405358506,-0.1057268689914725,-0.005723450087247695,-0.006514418370963125,0.0010041649948107079,1
5.157522201538086,-0.01007167063653469,-0.06598172336816788,0.46427932381629944,0.016893295591601215,0.019804067873658817,0.011621177227171226,0.026425975649159827,0.012642662204153332,-0.0025923387245812,0.07991763204336166,-0.07116007804870605,0.010766005143523225,-0.02290826650620297,0.8040853614813114,26.12811421920094,-0.10745375719796132,-0.0028060796512431583,0.00041970509329786534,0.0009887990017887205,1
5.167650938034058,-0.009537731297314167,-0.06584503501653671,0.4645922780036926,0.0215587336819938,0.01747940103027199,0.013246996354325215,0.027281875235452002,0.011891820227694527,-0.0025692756081863166,0.0925428569316864,-0.07330837100744247,0.0005283196805976421,-0.03217117169629512,0.8096876030024233,26.11713346861647,-0.11558841157230872,-0.00022687546751457314,0.005053648946101745,0.0010073779994854704,1
5.177576065063477,-0.009240837767720222,-0.06580337882041931,0.4647600054740906,0.021592354415413052,0.014986114544792907,0.011610309608442572,0.02863535111972837,0.010838050698505963,-0.002759862124745105,0.08203867077827454,-0.07586517184972763,-0.0149479592218995,-0.03982537365124883,0.8174796361581732,26.11752543772152,-0.11479113881464614,0.0037326783019901197,0.011097409767299102,0.0010061909997602925,1
5.18751072883606,-0.008933295495808125,-0.06577588617801666,0.46492621302604675,0.023452272658269907,0.014693210781822919,0.014139242489565216,0.029449140564442366,0.010159294306233857,-0.003060269748330402,0.07754693180322647,-0.0702851414680481,-0.027507986873388283,-0.04653999316971402,0.8243099878530363,26.117650366021103,-0.1147547312550674,0.0038036076457523098,0.012231879972195823,0.0012699259968940169,1
5.197635889053345,-0.008607005700469017,-0.06578341871500015,0.46510401368141174,0.023542627707662193,0.011086901607522381,0.011335527532768475,0.029449140564442366,0.010159294306233857,-0.003060269748330402,0.07754693180322647,-0.0702851414680481,-0.027507986873388283,-0.05362621353650583,0.8305399111263101,26.108105937953727,-0.11492851595550353,0.002918060655008459,0.016726189096512446,0.0013839139937772416,1
5.207776308059692,-0.00826776772737503,-0.06580435484647751,0.46527308225631714,0.026038611335591027,0.011013996697184922,0.012816491555691,0.03104027231754536,0.008810058205818816,-0.0038824822208241017,0.07227211445569992,-0.0693952888250351,-0.04884564504027366,-0.06052129032151703,0.8391103811521747,26.113182795946596,-0.11522110660208246,0.0028943796143068496,0.017573716515737903,0.0017905529966810718,1
5.217538356781006,-0.00826776772737503,-0.06580435484647751,0.46527308225631714,0.026038611335591027,0.011013996697184922,0.012816491555691,0.03104027231754536,0.008810058205818816,-0.0038824822208241017,0.07227211445569992,-0.0693952888250351,-0.04884564504027366,-0.06760716585117804,0.847604568784538,26.109239553892078,-0.11712475748602616,0.005818869729144329,0.025174839590484756,0.0008376539990422316,1
5.227518558502197,-0.007911572232842445,-0.06585981696844101,0.465451717376709,0.025162320607749207,0.0071686137553528175,0.011970326303464028,0.03104027231754536,0.008810058205818816,-0.0038824822208241017,0.07227211445569992,-0.0693952888250351,-0.04884564504027366,-0.07372777600070607,0.8580110085656647,26.109757449190575,-0.11745057299395958,0.00593042081577577,0.026604688542370847,0.0009886600018944591,1
5.23752498626709,-0.007550187408924103,-0.06593076139688492,0.46562525629997253,0.027333045392046482,0.006525651025068766,0.012234955095214568,0.03263456542436982,0.007386342347469377,-0.0055512074770898145,0.05725725367665291,-0.057713955640792854,-0.07063913345336913,-0.08040724729296088,0.8684838946255431,26.108184593202214,-0.11506351774953764,0.004189820483169142,0.03495669555275588,0.0009630260028643534,1
5.247528791427612,-0.007171553559601307,-0.06602942198514938,0.4658011198043823,0.027492497122404973,0.0039198728888836555,0.011964189815744904,0.03286270352648302,0.00713305025511124,-0.005955494407898332,0.047255419194698334,-0.05293232202529908,-0.07901306450366974,-0.08689356878134176,0.8795272713930077,26.107675212359997,-0.11138308462571393,0.002644022808054057,0.03950267046546024,0.000972734997048974,1
5.25752067565918,-0.0067771184258162975,-0.06615429371595383,0.4659824073314667,0.029508821670721795,0.002831871359201243,0.011196996080123778,0.03347304980965271,0.006571719617828098,-0.007303968739292621,0.029446136206388474,-0.03946107625961305,-0.09256337583065033,-0.09469065034384078,0.890173177154108,26.109307750720085,-0.10509681011156716,-0.0021943130762531477,0.04557142886646382,0.000986983002803754,1
5.267496585845947,-0.006377713289111853,-0.06630738079547882,0.46616214513778687,0.028339529416330136,-9.833762095008806e-05,0.012622349879288506,0.03373121693889125,0.006370021309411111,-0.00826173153110732,0.02307024784386158,-0.03300276026129724,-0.09994398057460785,-0.10132611277320366,0.9014539817169887,26.10416137095057,-0.1031244847665034,-0.004544068393722204,0.04967387237345905,0.0008332540019182488,1
5.2775726318359375,-0.005571303423494101,-0.06668369472026825,0.4665246903896332,0.028018062934184455,-0.004553499163602772,0.012695160695539814,0.03389757692167983,0.00610952006908283,-0.009348465486656465,0.010831252671778202,-0.02283767051994802,-0.10632766783237457,-0.108259137415949,0.91464879576924,26.100197836019348,-0.09846053026586825,-0.008484384671103969,0.053162477382767116,0.0010198800009675324,1
5.287517070770264,-0.005160523112863302,-0.06690779328346252,0.4667176604270935,0.030475707724202026,-0.005767766457697111,0.011216737291620978,0.034020339724530224,0.005958189860042484,-0.011081502668981447,-0.001346222939901054,-0.013596791774034514,-0.11531569808721542,-0.11682518623904065,0.9272222722154495,26.103605063152276,-0.09324064044620421,-0.012691944598562028,0.05708090899804304,0.0009964820055756718,1
5.297567367553711,-0.004748164210468531,-0.06716288626194,0.4668988883495331,0.02879796176970331,-0.008985893828802981,0.011947168950655144,0.033820057919345725,0.005956724578498385,-0.012210393926570973,-0.013170958496630192,-0.0032498796936124706,-0.11548909544944763,-0.12441470267216638,0.9401516951865803,26.10089700028946,-0.08775600452798753,-0.017098116794867686,0.059203889835727774,0.0010087749978993088,1
5.307559967041016,-0.00433400459587574,-0.06743377447128296,0.46709680557250977,0.02999702094759747,-0.010194286837674876,0.012252106243755828,0.03371744819664846,0.006053568288552746,-0.013517514646621098,-0.01965922862291336,0.0034313432406633936,-0.12714141607284546,-0.13106887093515143,0.9515049686894597,26.099738196906443,-0.08766575692475087,-0.017113006325531976,0.059601660133707976,0.0013209829994593747,1
5.317811012268066,-0.003920903895050287,-0.06773267686367035,0.46728479862213135,0.029696859401933267,-0.012413239238280421,0.01207960480185813,0.03371744819664846,0.006053568288552746,-0.013517514646621098,-0.01965922862291336,0.0034313432406633936,-0.12714141607284546,-0.1387983057352799,0.9622135639727465,26.097333120310235,-0.08453967078960047,-0.020562822189561805,0.0642400761521791,0.0013633790003950708,1
5.327508926391602,-0.003920903895050287,-0.06773267686367035,0.46728479862213135,0.029696859401933267,-0.012413239238280421,0.01207960480185813,0.03371744819664846,0.006053568288552746,-0.013517514646621098,-0.01965922862291336,0.0034313432406633936,-0.12714141607284546,-0.14594493676232997,0.9735854312219211,26.0960947430096,-0.08469318163874856,-0.020565543720174134,0.06511131590167518,0.0009740610039443709,1
5.3375794887542725,-0.003507198067381978,-0.06804383546113968,0.4674846827983856,0.02976157886670507,-0.014268758842065797,0.012733246089860492,0.03371744819664846,0.006053568288552746,-0.013517514646621098,-0.01965922862291336,0.0034313432406633936,-0.12714141607284546,-0.1528102299495521,0.9851072337678572,26.09240438990875,-0.08483410432527577,-0.020569682335563964,0.0652750639767764,0.001072333994670771,1
5.34751558303833,-0.003094722982496023,-0.0683862715959549,0.46767541766166687,0.02953715805199684,-0.016282988854732842,0.01192501734374342,0.03248169820339886,0.006694564274041692,-0.017345292709657567,-0.06041697785258293,0.02124072238802908,-0.13622280955314636,-0.1609153991717124,0.9946444641373748,26.093066082042416,-0.06337628669047828,-0.030325079812617,0.07048592788381562,0.001377628002956044,1
5.357531785964966,-0.0026853580493479967,-0.06874053180217743,0.4678743779659271,0.030106384280782588,-0.019157946198503615,0.013352656663226487,0.031522667717499786,0.007154833075453393,-0.01942253275452055,-0.0692809522151947,0.027304798364639265,-0.13575883209705353,-0.16978919265401496,1.0040041945245841,26.08757765641935,-0.056887363404563435,-0.034441916828364304,0.07250595392945076,0.0010374810008215718,1
5.367522478103638,-0.002272333251312375,-0.06912379711866379,0.4680671989917755,0.030231846447286336,-0.020074196296417896,0.011556320704229907,0.030841717066201646,0.007501368392798913,-0.020815346794869072,-0.0719602033495903,0.02854341454803942,-0.1436927765607834,-0.17884365321077864,1.012966656582373,26.090838963592656,-0.05382558339843575,-0.036018128742178565,0.07627344860419759,0.001024209996103309,1
5.377521514892578,-0.0018548978259786963,-0.06950968503952026,0.46826621890068054,0.030455449561348748,-0.021830545829789376,0.013286533687951246,0.03005250687558103,0.007878823052877237,-0.02226584059550296,-0.08235244452953339,0.03587229549884794,-0.14483243227005005,-0.18820289838940327,1.0211077047806536,26.085371583540404,-0.04715589349718237,-0.04035527065809659,0.07819392006733937,0.00098782100394601,1
5.387672185897827,-0.001043746480718255,-0.07033906131982803,0.46864888072013855,0.030244387625005788,-0.02635501709809238,0.012878050911879718,0.029173749059587806,0.008274373149171232,-0.023685107503342184,-0.0944937914609909,0.030413478612899763,-0.14521491527557373,-0.1977798466761772,1.0313598315133967,26.083032098959197,-0.039713571416980606,-0.03898733602900767,0.07948049774818194,0.0010402049956610426,1
5.3976147174835205,-0.0006423979066312313,-0.07076922059059143,0.4688384234905243,0.03207196287337371,-0.025692470530753235,0.013061371499505738,0.027320112432666743,0.009064037145960935,-0.026744334887297327,-0.09784433990716934,0.036629341542720774,-0.15347184240818024,-0.20910491926923364,1.0381965545560976,26.081610775008883,-0.03481914692561729,-0.04331403320979674,0.08299760113378767,0.0012137699959566817,1
5.407808542251587,-0.00023782442440278828,-0.0712021216750145,0.4690224230289459,0.031513348134874525,-0.02766470812835865,0.012488041865546744,0.027320112432666743,0.009064037145960935,-0.026744334887297327,-0.09784433990716934,0.036629341542720774,-0.15347184240818024,-0.2192097429345522,1.0463471680814551,26.082181035982227,-0.03312169223277884,-0.044045564951188,0.0848382521828738,0.0009711979946587235,1
5.417562484741211,-0.00023782442440278828,-0.0712021216750145,0.4690224230289459,0.031513348134874525,-0.02766470812835865,0.012488041865546744,0.027320112432666743,0.009064037145960935,-0.026744334887297327,-0.09784433990716934,0.036629341542720774,-0.15347184240818024,-0.22831500968097637,1.0537158523369696,26.081674105396242,-0.033088264415706614,-0.04402346072790475,0.08518354038692372,0.0008322759967995808,1
5.427509784698486,0.000560236512683332,-0.07208052277565002,0.46938592195510864,0.03154424940627537,-0.02761047349724117,0.01211921392001042,0.024708913732557125,0.009966874943462933,-0.0305919320910375,-0.10420611500740051,0.030007792636752108,-0.15670982003211975,-0.23771114540760327,1.0580261120893797,26.07837166045202,-0.023622772577371755,-0.04404827777446344,0.08599610987632184,0.001238006996572949,1
5.43751072883606,0.000560236512683332,-0.07208052277565002,0.46938592195510864,0.03154424940627537,-0.02761047349724117,0.01211921392001042,0.024708913732557125,0.009966874943462933,-0.0305919320910375,-0.10420611500740051,0.030007792636752108,-0.15670982003211975,-0.24670585256386002,1.062449867345198,26.08024606349571,-0.02304503662079359,-0.04342126130576694,0.08864515803273892,0.0009582769998814911,1
5.447516679763794,0.0009475466795265675,-0.07251901179552078,0.46957147121429443,0.03251898651317311,-0.028128324246324277,0.013194902666578329,0.024708913732557125,0.009966874943462933,-0.0305919320910375,-0.10420611500740051,0.030007792636752108,-0.15670982003211975,-0.25575713862293054,1.067046437872898,26.07645377592879,-0.023109155100146224,-0.04348985405335515,0.08914574301389218,0.0010560599985183217,1
5.45751953125,0.0013400180032476783,-0.0729612186551094,0.4697416424751282,0.031497333132780664,-0.029732398783669983,0.011873640978026739,0.022548977633845002,0.010587148473898633,-0.03354566216898558,-0.1061391830444336,0.02443422190845011,-0.1493525356054306,-0.2643182306756672,1.0709512928591183,26.079116822930814,-0.016513333154983316,-0.0424658040671985,0.08850746200877524,0.0009937580034602433,1
5.467524528503418,0.0017273568082600832,-0.0734006017446518,0.46991533041000366,0.0339601783564982,-0.029757732740105316,0.013763674389534892,0.021044384228059876,0.011031506665842183,-0.03578299354299874,-0.09981068968772888,0.024118520319461805,-0.14791549742221832,-0.27462525333958154,1.0734567130907595,26.07306209593539,-0.015225074544941132,-0.04370407509247103,0.08919614408036694,0.0009870530047919601,1
5.477518796920776,0.002124608028680086,-0.07384052127599716,0.47007644176483154,0.03198410567784583,-0.030820641704136478,0.0114412670691081,0.02002394989486822,0.011307872189628032,-0.03715722293468593,-0.09097994118928909,0.02116833068430422,-0.1382659673690796,-0.2832778593576966,1.0766954234113613,26.078127533070994,-0.016477771164687675,-0.042890644461941956,0.08694127715436777,0.0009825129964156076,1
5.487522840499878,0.0025098626501858234,-0.07427720725536346,0.4702465534210205,0.034625645705015855,-0.030123876440369415,0.01331642547445445,0.019223383820167417,0.011522843585047404,-0.03860875253725249,-0.08176800608634949,0.023488979786634428,-0.14433452486991882,-0.2935796455970486,1.0788311795606589,26.073001603164347,-0.018380380370181682,-0.04475268409791114,0.08933100421260393,0.000977485004113987,1
5.4975152015686035,0.002903070067986846,-0.07470575720071793,0.47040748596191406,0.03244591869980953,-0.030100943612198512,0.011282498890211766,0.018377091922365807,0.01180201147237625,-0.03997836230345575,-0.08074495941400528,0.021895172074437124,-0.13543668389320374,-0.3020862338368047,1.0807831455908117,26.07746122761799,-0.016552437202611958,-0.04454108394275605,0.08764331253896028,0.0010570379963610321,1
5.507564306259155,0.003664214862510562,-0.07553049176931381,0.47073811292648315,0.03170532347103876,-0.029310628958269132,0.012860806547668448,0.017735553550214167,0.01198912286116638,-0.04132582490026371,-0.07137107849121094,0.01754121668636797,-0.13156349956989288,-0.30962287593835697,1.0820258772431584,26.07372206687355,-0.019613906503868746,-0.04281868900503004,0.08629354223952733,0.0010400659957667813,1
5.518145322799683,0.004033216275274754,-0.07593782991170883,0.4709157645702362,0.03430143366924101,-0.028467200762337424,0.014204828033742324,0.01672979347582615,0.012200576045725775,-0.043210712402074414,-0.062112145125865936,0.011976457200944408,-0.12578681111335754,-0.3191229474685528,1.0826741523814114,26.065594252254325,-0.020403246068444656,-0.04124669795132659,0.08574387035179694,0.001110958997742273,1
5.527554750442505,0.004404628649353981,-0.07632968574762344,0.4710773825645447,0.03188471867651366,-0.029867675167982922,0.011665220365396153,0.016200902024734898,0.01222847911240299,-0.044465666784696545,-0.05314827337861061,0.003537600394338354,-0.12353455275297165,-0.32747096436781753,1.0832609349141065,26.062263333941498,-0.020397155863638692,-0.04119212006688115,0.08563957959164288,0.001265525999770034,1
5.537513017654419,0.004404628649353981,-0.07632968574762344,0.4710773825645447,0.03188471867651366,-0.029867675167982922,0.011665220365396153,0.016200902024734898,0.01222847911240299,-0.044465666784696545,-0.05314827337861061,0.003537600394338354,-0.12353455275297165,-0.33369713131226225,1.0854064207578757,26.069131051095024,-0.02307961607363369,-0.037234411531296,0.08557878555271116,0.000969730994256679,1
5.547813653945923,0.005126298405230045,-0.0770871564745903,0.47142183780670166,0.03189514942820515,-0.02846372695914921,0.012683956835878274,0.015423409762955309,0.012162906342826574,-0.04673004354106691,-0.029997019097208977,-0.006453401409089579,-0.1099286824464798,-0.34050472287884165,1.0857118645670243,26.062479898204682,-0.029520725632842672,-0.03363393916474042,0.0839101838554466,0.0023974380019353703,1
5.557520389556885,0.005126298405230045,-0.0770871564745903,0.47142183780670166,0.03189514942820515,-0.02846372695914921,0.012683956835878274,0.015423409762955309,0.012162906342826574,-0.04673004354106691,-0.029997019097208977,-0.006453401409089579,-0.1099286824464798,-0.34583471356512985,1.087427024849866,26.064237994672215,-0.03134990669741449,-0.03242462219382694,0.08207812647627648,0.0008469429958495311,1
5.567508220672607,0.005475269164890051,-0.07743821293115616,0.47159165143966675,0.03430963666661331,-0.026303993754100034,0.014206162557400972,0.01520543982865119,0.012060625593085739,-0.04776452164377565,-0.02429080754518509,-0.01834299042820932,-0.10272921621799469,-0.352118141411863,1.0875610726606153,26.058948427531426,-0.03320835118553222,-0.02695613759171895,0.07996315793878395,0.0010219760006293654,1
5.577543497085571,0.005818312056362629,-0.07778103649616241,0.47175332903862,0.030966695366981396,-0.026807017668432527,0.013979491757603338,0.01503005740627028,0.011856809874057461,-0.048761211151873596,-0.010046116076409817,-0.022528165951371203,-0.096131332218647,-0.3555426374657572,1.0889139861991717,26.05687842515086,-0.03919471285722167,-0.024163451743584655,0.07795753277538067,0.0009616289971745573,1
5.587541341781616,0.006151541136205196,-0.07810886204242706,0.4719269871711731,0.03261106076093635,-0.025088314170268154,0.015201722188880225,0.014829691770680054,0.011419157691388016,-0.05011033048391633,-0.013417279347777367,-0.03294937685132028,-0.08590760082006454,-0.3594276002302651,1.0887700562854354,26.05112634865537,-0.03712122113700588,-0.01836026419283112,0.07500523703484557,0.0009540859973640181,1
5.597580432891846,0.006478654686361551,-0.07841920852661133,0.4721009135246277,0.030899466765728,-0.02629568639905469,0.01471556619245823,0.01470377909025622,0.011082184077746415,-0.050926340915883994,-0.0044173588976264,-0.04296007007360459,-0.08376964181661606,-0.3616091218566209,1.090175215981877,26.04974846416617,-0.04091888116865654,-0.012745798130945663,0.07419761278305845,0.0010839280002983287,1
5.60791802406311,0.007104361429810524,-0.07896032184362411,0.4724607467651367,0.027878926961646785,-0.023473650377414824,0.01679053523903948,0.014715213641204983,0.01054106047578518,-0.05169830420081212,-0.004837806336581707,-0.04346526414155961,-0.07319469004869461,-0.3611666526583061,1.0896618279607622,26.041885894303128,-0.040626543921905844,-0.011248535317487117,0.07071995201858534,0.002672978000191506,1
5.617522478103638,0.007104361429810524,-0.07896032184362411,0.4724607467651367,0.027878926961646785,-0.023473650377414824,0.01679053523903948,0.014715213641204983,0.01054106047578518,-0.05169830420081212,-0.004837806336581707,-0.04346526414155961,-0.07319469004869461,-0.3612003810476936,1.089505374503935,26.03730213197056,-0.0406461355899095,-0.010722871146142648,0.0703676996878744,0.000795047999417875,1
5.627528429031372,0.007659050635993481,-0.0794021412730217,0.4728580117225647,0.028277359801222004,-0.02179241942842647,0.018866298660277833,0.014674137226728945,0.009862415988447726,-0.052670366296474924,0.0027744947001338005,-0.04895999655127526,-0.06242591142654418,-0.36123804432718,1.0893787074776395,26.035432166232617,-0.04064233602623922,-0.01071730512603737,0.07030140990778352,0.0011661360040307045,1
5.637530565261841,0.007659050635993481,-0.0794021412730217,0.4728580117225647,0.028277359801222004,-0.02179241942842647,0.018866298660277833,0.014674137226728945,0.009862415988447726,-0.052670366296474924,0.0027744947001338005,-0.04895999655127526,-0.06242591142654418,-0.36144070112951304,1.088577831441175,26.025798306190705,-0.043896487188301185,-0.006454820288522157,0.06731457224324254,0.0009538759986753576,1
5.647526979446411,0.007931041531264782,-0.07959400862455368,0.4730675518512726,0.029178149898235858,-0.019843053257057965,0.01755526470069431,0.014875597287088205,0.008387540722852194,-0.05376312813634243,0.016803961247205734,-0.07570109516382217,-0.051090318709611886,-0.36057949229149044,1.0874231245273913,26.025596529783023,-0.05061321026770531,0.00957537293799016,0.06364693414483234,0.0009830710041569546,1
5.657515048980713,0.008177089504897594,-0.07977169007062912,0.47327932715415955,0.02615208731923545,-0.019923014663251658,0.020086707518610854,0.014958975059625068,0.007653034279900606,-0.05416471861792971,0.01239177118986845,-0.07756449282169342,-0.03831146657466888,-0.35723854827353513,1.0864530722394123,26.015874213019757,-0.049033533038091937,0.012815667723310203,0.059003264972571814,0.0009530389943392947,1
5.667511940002441,0.00841162633150816,-0.07991398125886917,0.4735080897808075,0.027155080752375483,-0.01878516945211869,0.017891218857388348,0.015121083987576167,0.00681446517821227,-0.05455635759696387,0.015221315436065197,-0.08048059046268463,-0.03496192023158073,-0.3546421564422036,1.085354439449261,26.01864852512946,-0.0505824799481134,0.016330485268432463,0.057252500259375415,0.0010264459997415543,1
5.677511215209961,0.008635152131319046,-0.08004806935787201,0.4737219214439392,0.024727255038765442,-0.017184045292855606,0.02089599889324549,0.01528900193366578,0.005962110599393444,-0.054877395782380045,0.024494970217347145,-0.08878541737794876,-0.029936792328953733,-0.34979688725792835,1.083632249668851,26.008422705209785,-0.05516618002429818,0.022591021110214934,0.0554479275244027,0.0009560420003253967,1
5.687507390975952,0.008844930678606033,-0.08014823496341705,0.47396790981292725,0.024987239366407593,-0.016421483875825083,0.01966635509283032,0.015740019281548,0.004587581972159249,-0.05520191822086362,0.035056065768003464,-0.07831399142742157,-0.01543141808360814,-0.3452679465604379,1.0825309452104772,26.00748001344942,-0.061044794263918,0.021621527634824778,0.0505509012385217,0.0009543650012346916,1
5.697507619857788,0.009032216854393482,-0.08025071769952774,0.4741980731487274,0.021947599833906758,-0.015912015197807616,0.0221120249021488,0.016035887359327816,0.0038616629557810533,-0.05534293338715113,0.033480070531368256,-0.08596330881118774,-0.013083452358841886,-0.3384619134296639,1.0813492534962856,25.99764824335099,-0.061237980951359815,0.027253655516075427,0.04893462486138634,0.0009973200067179278,1
5.707528591156006,0.009214064106345177,-0.08032141625881195,0.4744411110877991,0.023531809435753788,-0.015595629836548178,0.02065546810120136,0.016335907872078614,0.0028476578823615206,-0.055432712108265836,0.03496219217777252,-0.09135736525058746,-0.0072553828358650095,-0.3328782174917569,1.0805474208314638,25.997748814939186,-0.06265886543422554,0.03233042373605615,0.04677375666363377,0.0009649819985497743,1
5.717555999755859,0.00952705554664135,-0.08040497452020645,0.47491276264190674,0.02052789362965821,-0.013516438283254198,0.0187044106254401,0.0167119212514657,0.00203286124854829,-0.0554678831134483,0.035494014620780945,-0.09154128283262253,-0.0018938820576295144,-0.32552247003841106,1.0790449368788957,26.002671641189107,-0.06372471409790258,0.03492472096320186,0.044625693583490035,0.0009722460017655976,1
5.727640867233276,0.00965193286538124,-0.08041927218437195,0.47514358162879944,0.015591176191693585,-0.010729507612377384,0.022298185143539533,0.017141426136780602,0.0007985571729878238,-0.05540254349037621,0.03216446936130524,-0.07167354226112366,0.008154637180268773,-0.3150933309084813,1.0758073876435335,25.99207881981042,-0.06280920498803962,0.028507458484924038,0.04091816784154241,0.0010846270015463233,1
5.737632989883423,0.009759756736457348,-0.08041734993457794,0.4753882884979248,0.016938080983205647,-0.012274133089177738,0.018020167938393436,0.017529616797281822,-3.3056604405778955e-05,-0.055271888663635416,0.03222957253456116,-0.08154281228780746,0.01359950564801694,-0.3060932960532155,1.0748098464869225,26.00174685509652,-0.06398646096666308,0.03544048811526216,0.03838880918301911,0.001079039000615012,1
5.7475340366363525,0.009759756736457348,-0.08041734993457794,0.4753882884979248,0.016938080983205647,-0.012274133089177738,0.018020167938393436,0.017529616797281822,-3.3056604405778955e-05,-0.055271888663635416,0.03222957253456116,-0.08154281228780746,0.01359950564801694,-0.29832190337708486,1.0738498579404014,26.004755868845344,-0.0643886992589422,0.03627607309737814,0.03786527116283278,0.0009702899988042191,1
5.7575860023498535,0.009840619750320911,-0.0803975984454155,0.4756166338920593,0.011865558065114697,-0.008876701888253357,0.0221394803268995,0.01775173673542163,-0.0006758360312217881,-0.0550721441564721,0.03757983446121216,-0.061249930411577225,0.02449487708508969,-0.2880119313982874,1.0706254675579394,25.9906235170057,-0.06715420487335207,0.02926910464167042,0.03409050150740884,0.001063743002305273,1
5.767893552780151,0.009915278293192387,-0.08035383373498917,0.47584471106529236,0.014598295995354933,-0.008658190315030562,0.015651520334160864,0.0181631871307526,-0.0013900376558115823,-0.054795199089631375,0.029543733224272728,-0.054608117789030075,0.026903327554464347,-0.28055542091410196,1.0682907512905293,26.00657930821891,-0.0645223410944204,0.027944086478513094,0.03244672869780443,0.0010780609954963438,1
5.77753472328186,0.009958967566490173,-0.08030331879854202,0.47606512904167175,0.008437240418995875,-0.006990180960810218,0.02203439174100334,0.0183784351447156,-0.0018313153661075887,-0.05448407477392303,0.028607593849301338,-0.05844754725694656,0.03512022644281388,-0.26914687381648356,1.064564810797077,25.989923528161167,-0.06469166732337271,0.03133108824293943,0.029259229366643526,0.000999275995127391,1
5.787529706954956,0.009989706799387932,-0.08023149520158768,0.47628745436668396,0.009616628281987316,-0.007387066737946435,0.015453464349783372,0.01860753876377874,-0.002441210519210202,-0.05408079278477196,0.026762381196022034,-0.046689566224813454,0.0436282828450203,-0.2597790973727242,1.0623653981434074,26.005167439238214,-0.06436272678841982,0.027655746006260886,0.025655853834428647,0.0009752490004757419,1
5.7975873947143555,0.009984484873712063,-0.08014963567256927,0.4765032231807709,0.004407752725256209,-0.0046445118165562484,0.02038347906288543,0.018942750926578267,-0.0029450969629674084,-0.053370299058203674,0.02395121566951275,-0.031106799840927117,0.04938228428363801,-0.24786018245808672,1.0581052912760636,25.993265353149706,-0.0638647145799959,0.022348933546581996,0.02269158618420498,0.001095662999432534,1
5.807864427566528,0.009966399520635605,-0.08003798127174377,0.47672396898269653,0.004827002523337475,-0.005949486520602164,0.015268415211140291,0.01912990433662598,-0.0033061851923248398,-0.05282031670762066,0.02130935713648796,-0.019387504085898392,0.05370871722698212,-0.23765384911301118,1.0558325843138274,26.005327056000432,-0.06317992641153174,0.01797528769047991,0.02041389499491483,0.002511355996830389,1
5.817777395248413,0.009857472032308578,-0.07979418337345123,0.47713330388069153,0.0008281883172687734,-0.004867191894937821,0.014432783237739326,0.0192595318858384,-0.003388625432815928,-0.0522061978662407,0.011554042808711529,-0.02033060416579246,0.06154865026473999,-0.2255121793208604,1.0529037333280964,26.013077081882763,-0.05895272998264556,0.018867659828004778,0.017304946211466866,0.0008082490021479316,1
5.82752537727356,0.009774013422429562,-0.07964818179607391,0.47732141613960266,-0.002639107181486473,-2.225996879933533e-05,0.016704775391559845,0.01920128148499023,-0.003514502335303149,-0.05121967159928964,0.0033367055002599955,0.0008010791498236438,0.06588989496231079,-0.21264403328316261,1.0460886589466432,26.006736156574387,-0.05487447078090835,0.0099105545965713,0.014893766745557768,0.0009388600010424852,1
5.837528944015503,0.009663759730756283,-0.0794902965426445,0.4775277078151703,-0.00375081670955994,-0.0028690165006758283,0.014921191140461282,0.01920128148499023,-0.003514502335303149,-0.05121967159928964,0.0033367055002599955,0.0008010791498236438,0.06588989496231079,-0.20049065162784988,1.0421962094708175,26.009581674030585,-0.05501735207714979,0.010014408116631342,0.014053234405557509,0.0009310370005550794,1
5.847536563873291,0.009535467252135277,-0.07933086901903152,0.47770798206329346,-0.006775190121326407,0.00030428171091364246,0.016384389251939715,0.019054997914015992,-0.0031826296397676757,-0.049659324320455944,-0.006750492379069328,0.026809748262166987,0.07932083308696747,-0.18976743112451683,1.038651426758601,26.00996129815838,-0.055032912352452376,0.00996798552702453,0.013896836183847138,0.0011933749992749654,1
5.857529640197754,0.009380048140883446,-0.0791604220867157,0.4779023826122284,-0.007342955560398413,-0.001207597439332636,0.015113988892470226,0.019054997914015992,-0.0031826296397676757,-0.049659324320455944,-0.006750492379069328,0.026809748262166987,0.07932083308696747,-0.17841700712465092,1.0336734642492333,26.008666081089387,-0.049963061131228365,-0.002327457565719681,0.008604145670646181,0.0009471720040892251,1
5.867536306381226,0.009380048140883446,-0.0791604220867157,0.4779023826122284,-0.007342955560398413,-0.001207597439332636,0.015113988892470226,0.019054997914015992,-0.0031826296397676757,-0.049659324320455944,-0.006750492379069328,0.026809748262166987,0.07932083308696747,-0.16835565100595476,1.0291900272209966,26.007405873502734,-0.0499283874496985,-0.0024766695265907176,0.0076083853327134285,0.0009445869945921004,1
5.8775293827056885,0.009208419360220432,-0.07898326218128204,0.478073388338089,-0.011271020397689412,0.001141050591125086,0.01568283140701846,0.019054997914015992,-0.0031826296397676757,-0.049659324320455944,-0.006750492379069328,0.026809748262166987,0.07932083308696747,-0.15642044559253904,1.023404286596883,26.004224984157197,-0.04975433961099686,-0.002157329691357721,0.007414654107616212,0.0009663090022513643,1
5.8875298500061035,0.00901626143604517,-0.07879523932933807,0.47824928164482117,-0.010887348090961476,0.0012368608925325305,0.013246875256044765,0.01824936226435714,-0.0021941920460633035,-0.046985326759954926,-0.03232814371585846,0.049474537372589125,0.09019210189580917,-0.14720788268668908,1.0167765162248115,26.010894323329712,-0.03609151814582119,-0.015074940017700694,0.00232569433493522,0.0009621879944461398,1
5.8975300788879395,0.008809665217995644,-0.07858313620090485,0.47841334342956543,-0.013570101921011803,0.004711228441728413,0.015124478380800385,0.017566240189443416,-0.0013223789882403914,-0.04552722199813086,-0.04361995309591293,0.06369228661060335,0.09655919671058653,-0.13786214395677485,1.0071369512510466,26.0065445041928,-0.02883279223234877,-0.023729320987568036,-0.001530417117939351,0.0009790900003281422,1
5.907531499862671,0.008585669100284576,-0.07837606221437454,0.4785815179347992,-0.014906229445677835,0.0020599200214188374,0.01248827483644204,0.01701430437854423,-0.0007831345543785062,-0.044473237201651195,-0.051090434193611145,0.06644497811794282,0.10665087401866911,-0.1288732357677811,0.9999326243913556,26.013387343547446,-0.024155321181750938,-0.026378078342643795,-0.006153193453578646,0.000970638997387141,1
5.917534589767456,0.008346796967089176,-0.07815844565629959,0.4787324368953705,-0.015619781790658233,0.0053946757860738334,0.013191008012215249,0.01636038416238561,-9.447685757946189e-05,-0.043385606985718805,-0.05932445824146271,0.06661174446344377,0.10828328877687453,-0.12050619227458746,0.990062098593701,26.013274530734073,-0.01842700832366967,-0.02829487456685438,-0.00817202980964944,0.0009805570007301867,1
5.927585124969482,0.007827548310160637,-0.07768985629081726,0.4790272116661072,-0.01821548115815164,0.008669015069360407,0.01291873959249708,0.015715016046485175,0.0006226170623069294,-0.04228119771634242,-0.06890714168548584,0.07885168492794038,0.11099155992269515,-0.11176624673987484,0.9779623363229635,26.014266797338212,-0.012723513515628171,-0.034838612462823486,-0.009620687507732711,0.0010456529998918995,1
5.9376373291015625,0.007541724946349859,-0.07743008434772491,0.4791734218597412,-0.02082035129108834,0.009360326496434954,0.011888685647430784,0.014579876984814,0.001871704636592586,-0.04042361150404705,-0.07085053622722626,0.08850736171007158,0.12215022742748259,-0.10261814052243821,0.9654148900851469,26.016746878027494,-0.008070078066986387,-0.043106031617666296,-0.015019712065164004,0.0010684920052881353,1
5.947544574737549,0.007246054243296385,-0.07716185599565506,0.479323148727417,-0.02127297032113292,0.010993612054986722,0.01379354020561713,0.013747599313144399,0.0027437439969135724,-0.0392218182041808,-0.077574223279953,0.09098101407289506,0.12263545393943785,-0.09470049208849597,0.9519450618683014,26.011267719637022,-0.00353878218318237,-0.04579085027019543,-0.01640460665175376,0.000982302997726947,1
5.957597017288208,0.0069445339031517506,-0.07688876986503601,0.4794567823410034,-0.022198999278302153,0.010966271194217427,0.011876940737735396,0.012860425629155348,0.003656665611959209,-0.03788487639274063,-0.07939297705888748,0.09953633695840837,0.12740321457386017,-0.08763980844746323,0.9391883071918691,26.015290041159393,-0.00035648291878222346,-0.052044514031209306,-0.01891910940653705,0.0010579459994914941,1
5.967667579650879,0.0066351573914289474,-0.07659942656755447,0.47959500551223755,-0.023499421676210608,0.012982642407827904,0.011645728770802747,0.011996140358786711,0.00468858668388572,-0.03655291020888285,-0.08708728104829788,0.10395316779613496,0.13518761098384857,-0.0811971962130191,0.9278731704561529,26.016435840838696,0.0004971341151465942,-0.053023697457214386,-0.019918235927239934,0.0010713560041040182,1
5.977514743804932,0.0066351573914289474,-0.07659942656755447,0.47959500551223755,-0.023499421676210608,0.012982642407827904,0.011645728770802747,0.011996140358786711,0.00468858668388572,-0.03655291020888285,-0.08708728104829788,0.10395316779613496,0.13518761098384857,-0.07500583655462345,0.9151946966002407,26.017360263890257,0.0064020544604165815,-0.057704223796968275,-0.023402034180035256,0.0008159319986589253,1
5.987546920776367,0.006311510689556599,-0.07629552483558655,0.4797195792198181,-0.02557826038150764,0.01578440521981201,0.011768736896825668,0.011120909327322792,0.005639400791804583,-0.03510364792245113,-0.08066396415233612,0.09959594905376436,0.14121858775615692,-0.06805350628289299,0.901210964811941,26.01695017358267,0.006127715168763665,-0.0581715939498893,-0.0268551517993176,0.0009736419960972853,1
5.997643709182739,0.006311510689556599,-0.07629552483558655,0.4797195792198181,-0.02557826038150764,0.01578440521981201,0.011768736896825668,0.011120909327322792,0.005639400791804583,-0.03510364792245113,-0.08066396415233612,0.09959594905376436,0.14121858775615692,-0.06196134706518785,0.8889467182759406,26.016802883726506,0.006069279697539379,-0.05820721482936293,-0.027505234644226197,0.0010927280018222518,1
6.0078208446502686,0.0056454334408044815,-0.07564394176006317,0.4799785315990448,-0.026546763220030238,0.017822036557859248,0.012767109108124597,0.009368867126464231,0.007609474867567911,-0.03213828005988306,-0.09014427661895752,0.09972245246171953,0.15237753093242645,-0.056238312939643584,0.8740503140960176,26.01258559129705,0.015118701565652837,-0.06350852180210359,-0.03295528051227712,0.0025603169997339137,1
6.017773866653442,0.005315959453582764,-0.07530246675014496,0.48011353611946106,-0.025340232979171175,0.020921107398161897,0.011657268750462132,0.008184353936770528,0.009031502784532464,-0.029833502954092594,-0.07696127891540527,0.09594205766916276,0.15578357875347137,-0.052452089498626196,0.8578273272583506,26.014354449652732,0.012732821548067041,-0.0658269216178311,-0.03639803593251689,0.0007722090012975968,1
6.027533292770386,0.004978914279490709,-0.074940986931324,0.48023542761802673,-0.027182903089981173,0.022584995298163706,0.01262222419574712,0.007423533510599434,0.010000480998105132,-0.028220710245950187,-0.08366041630506516,0.08952669799327852,0.15675346553325653,-0.047685321565765645,0.8410529964072097,26.0114072385684,0.017806978835829296,-0.06542179512670018,-0.03828856154668372,0.000991034001344815,1
6.037532329559326,0.004647023044526577,-0.07455094903707504,0.4803820550441742,-0.025410482550140247,0.02508153774163607,0.01294109976211611,0.006603371186285845,0.010736807045646835,-0.026630155771088848,-0.07233428210020065,0.0792083963751793,0.16267603635787964,-0.04434324806464666,0.8237033618589709,26.0085760534299,0.015145464247674193,-0.06290983060815455,-0.04148469141898831,0.0010052819998236373,1
6.047530889511108,0.003981634043157101,-0.0737723633646965,0.48068439960479736,-0.026218827745367067,0.027936115903685554,0.0151860602563079,0.005929646465568261,0.011542758423422228,-0.02492749357259072,-0.071250319480896,0.07003822922706605,0.16587822139263153,-0.04037287375236806,0.8052608090779134,25.999635227901297,0.015925528924335606,-0.060044891220306,-0.043440941187696536,0.0009584860017639585,1
6.057531833648682,0.0036400826647877693,-0.07335834950208664,0.4808492362499237,-0.027321621779408056,0.030107000840555828,0.017776688558802645,0.004983053257452408,0.012444485446719167,-0.0224166221919897,-0.060137707740068436,0.06114552915096285,0.16756562888622284,-0.03541038647910257,0.7862840530952268,25.985871127552603,0.013317476048285402,-0.058241344019369784,-0.0454791039729719,0.0009492669996689074,1
6.0675318241119385,0.0033167521469295025,-0.07293153554201126,0.48102736473083496,-0.026277836392299084,0.03165620938977876,0.01688939520301609,0.0044204022962874845,0.012863442910266976,-0.020730081359455976,-0.056891631335020065,0.04635453596711161,0.16929534077644348,-0.031077539071012752,0.7676587268749667,25.98273114261957,0.0138331089037133,-0.05328415690089315,-0.047716671454378745,0.0009564610008965246,1
6.077529191970825,0.0033167521469295025,-0.07293153554201126,0.48102736473083496,-0.026277836392299084,0.03165620938977876,0.01688939520301609,0.0044204022962874845,0.012863442910266976,-0.020730081359455976,-0.056891631335020065,0.04635453596711161,0.16929534077644348,-0.027052363512889498,0.7510940830580987,25.980779217192143,0.014315678201341844,-0.05366834972914344,-0.04879365569704055,0.0009447259944863617,1
6.087529182434082,0.0029871389269828796,-0.07249598205089569,0.48121222853660583,-0.026977296816637554,0.03252312918452872,0.019290408175744015,0.003933461728687693,0.013287195908980198,-0.018935292345520605,-0.04754270613193512,0.03788316622376444,0.17458321154117584,-0.022247580775718884,0.7352276296554138,25.97088412832763,0.011422582895191973,-0.050912285952428075,-0.05175328514177775,0.0009527589936624281,1
6.097527027130127,0.0029871389269828796,-0.07249598205089569,0.48121222853660583,-0.026977296816637554,0.03252312918452872,0.019290408175744015,0.003933461728687693,0.013287195908980198,-0.018935292345520605,-0.04754270613193512,0.03788316622376444,0.17458321154117584,-0.018062302182743083,0.721315318273738,25.966859351003144,0.011337715976158078,-0.05091750320062887,-0.05230955328922572,0.0009295010022469796,1
6.107534646987915,0.002342051826417446,-0.07159652560949326,0.4816189706325531,-0.026661848633830483,0.03721425682855611,0.023001259201543587,0.003219583742144927,0.01376217731862317,-0.014554572968992208,-0.02363223396241665,0.011703102849423908,0.17954283952713013,-0.012480595432450671,0.7046764328832549,25.950564995821168,0.002906683014588997,-0.040364729608782214,-0.0565463957804529,0.0010574570042081177,1
6.117529392242432,0.0020323372446000576,-0.07112648338079453,0.4818338453769684,-0.02645106428824261,0.03747477009364229,0.02074131927527636,0.0030265250569851965,0.013689362312296005,-0.013698949530635218,-0.025782840326428413,-0.0025769139174371745,0.17315126955509186,-0.006937520979580078,0.6890779071330759,25.950943195180592,0.004359353233672872,-0.03371244609018869,-0.055742758691983745,0.0010019990004366264,1
6.12753438949585,0.0017211399972438812,-0.07066196203231812,0.4820695221424103,-0.026018211552311918,0.040813308226890214,0.024633502626291954,0.0027517295413241882,0.013588360602565519,-0.011019041413141917,-0.018517710268497467,-0.012807325460016705,0.1784123033285141,-0.000977342473308821,0.6723123720281408,25.936538755629424,0.002037287677538835,-0.028760418484251392,-0.058839538092543046,0.0009717569992062636,1
6.138380527496338,0.0014257002621889114,-0.07018589973449707,0.4823070764541626,-0.02686152233664913,0.041125494989427254,0.023222640163482494,0.00261913352104326,0.013328394286837408,-0.009243718952989699,-0.005408104509115219,-0.027603905647993067,0.17751115560531616,0.0059371666719541406,0.6570919923016952,25.934554572714248,-0.003438835148083822,-0.021300687591273723,-0.060147976975461225,0.0013688270046259277,1
6.1475584506988525,0.0008434407645836473,-0.06921116262674332,0.48283320665359497,-0.025890547745959638,0.04383284226748225,0.024931190560227374,0.0026146590752338383,0.012932653119432036,-0.007458858917328115,-0.013751830905675888,-0.04192169755697248,0.17794576287269592,0.012797754347037896,0.640750014943047,25.92763602772269,0.0004328306138439821,-0.01417711559051496,-0.060851254421237205,0.0012268310019862838,1
6.157520294189453,0.0005724913789890707,-0.06872449070215225,0.48311343789100647,-0.024375721773494813,0.04653411731437596,0.027120798855043062,0.0026008425084835807,0.01219458994507061,-0.004846807020104205,0.007234247401356697,-0.05539339780807493,0.16994495689868927,0.01917265386161584,0.6258158426141197,25.92282577009074,0.00042282665205606524,-0.013727979485126208,-0.06167915046622702,0.0013624010025523603,1
6.167599678039551,0.00031602446688339114,-0.06823676079511642,0.4833935499191284,-0.025237945778620274,0.047216124832980814,0.026877937894266762,0.0027818236037568944,0.011595953532436365,-0.0031229407233221984,0.012372873723506927,-0.05219222232699392,0.17528003454208374,0.026639312581720975,0.6101874650797894,25.91266876598586,-0.011181929991591375,-0.006117337747321446,-0.06277532053508018,0.0017518579988973215,1
6.177547216415405,5.923477510805242e-05,-0.06773525476455688,0.48369401693344116,-0.023565595923473286,0.048923484974826265,0.02913407799841144,0.0029730436140957828,0.011052605144553862,-0.0014377443045545668,0.015514404512941837,-0.058459430932998636,0.16740667819976807,0.03330459980993544,0.5961577701564601,25.907478236384552,-0.011504794707660183,-0.005511315935297907,-0.0636466905892099,0.001475969998864457,1
6.187520742416382,5.923477510805242e-05,-0.06773525476455688,0.48369401693344116,-0.023565595923473286,0.048923484974826265,0.02913407799841144,0.0029730436140957828,0.011052605144553862,-0.0014377443045545668,0.015514404512941837,-0.058459430932998636,0.16740667819976807,0.03915325237123058,0.5821249295211283,25.89620535194741,-0.013284450387432737,-0.0013500010301475988,-0.06219628378278512,0.001191908995679114,1
6.19764256477356,-0.00040273298509418964,-0.06674341857433319,0.4842942953109741,-0.021521190150670562,0.05048333478750147,0.02839698648679867,0.0035058430363590354,0.009749296801945917,0.0017555022229513995,0.025624634698033333,-0.06770642101764678,0.15610192716121674,0.045700906854104335,0.57021055571313,25.893600960269303,-0.01667678462652682,0.002092422020820866,-0.06135041722769964,0.0013651249973918311,1
6.207769393920898,-0.00040273298509418964,-0.06674341857433319,0.4842942953109741,-0.021521190150670562,0.05048333478750147,0.02839698648679867,0.0035058430363590354,0.009749296801945917,0.0017555022229513995,0.025624634698033333,-0.06770642101764678,0.15610192716121674,0.05054624367984077,0.5575888276478248,25.890542448720826,-0.01908504195812108,0.006185116208092225,-0.05988627869621369,0.0008227069993154146,1
6.217912912368774,-0.0008238686132244766,-0.06573863327503204,0.4849052131175995,-0.020381819461069373,0.05288932470867486,0.028038457062847612,0.004413967629190996,0.0077992199062135725,0.005371777056057514,0.03010084107518196,-0.07093363255262373,0.1401039958000183,0.054783705678255655,0.5465181595779763,25.889306220710825,-0.019158683776829697,0.0061978494552645085,-0.05960929596358144,0.0027841010014526546,1
6.227514028549194,-0.0008238686132244766,-0.06573863327503204,0.4849052131175995,-0.020381819461069373,0.05288932470867486,0.028038457062847612,0.004413967629190996,0.0077992199062135725,0.005371777056057514,0.03010084107518196,-0.07093363255262373,0.1401039958000183,0.059920771225245466,0.5344719647209156,25.887421888452916,-0.023257955418098615,0.012814482542191662,-0.05638672354010246,0.0011872289978782646,1
6.237516403198242,-0.0010139973601326346,-0.06523336470127106,0.48520001769065857,-0.020743196841324238,0.051736719884307704,0.028728526116864817,0.004688768950658506,0.007145884007621728,0.006731240891508339,0.041105542331933975,-0.0746275633573532,0.13212774693965912,0.06562022880061323,0.5245501242680302,25.882975942913685,-0.029040874837009237,0.016319896642932985,-0.053950054940133746,0.001179546001367271,1
6.2475292682647705,-0.0012013979721814394,-0.06472452729940414,0.4855237603187561,-0.019195245614619102,0.05354276294948575,0.02830677299299429,0.005330462781226952,0.0064545763518464305,0.0079860822778417,0.05288780480623245,-0.06305270642042159,0.122103288769722,0.06988694366221279,0.5147017365254575,25.881240958389235,-0.03588847479409747,0.01283131419486406,-0.050929912861010576,0.0012458290002541617,1
6.257530450820923,-0.0015491507947444916,-0.06370306015014648,0.4861386716365814,-0.019299320920443497,0.05431833486167619,0.02800484566159639,0.005769700278792644,0.005896615381673964,0.009127244943971213,0.05284181982278824,-0.0678044557571411,0.11334427446126939,0.07456658334806829,0.505082313947481,25.881373344883,-0.03656695350401598,0.015885714911717943,-0.04769778561406302,0.0012117450023652054,1
6.267524719238281,-0.0017060989048331976,-0.06320568174123764,0.4864373207092285,-0.018890583887859788,0.05405613407477888,0.028178967535665456,0.006643088282621612,0.004898929108733796,0.010681504902313232,0.05388307943940163,-0.06609883159399031,0.10277096927165986,0.07945281472419369,0.4964521051727512,25.87832497874579,-0.03894991046081407,0.017358034300359943,-0.044358181931278766,0.0009726650023367256,1
6.277514457702637,-0.001859616837464273,-0.06270509213209152,0.4867485761642456,-0.01871713438437458,0.055240351695925345,0.027997193870390114,0.007331051127267951,0.004387659733827043,0.011559852794301939,0.06493592262268066,-0.0538298189640045,0.08738943934440613,0.08374681230748461,0.48818157590317496,25.876443802916977,-0.04580772292835274,0.01365245436233403,-0.03946796073212157,0.0009601620040484704,1
6.287511348724365,-0.0020074660424143076,-0.06221431866288185,0.48705318570137024,-0.019174935387244053,0.05504788823351128,0.028094867327347433,0.008052102159675112,0.003872165437279751,0.012382013372667533,0.06878717243671417,-0.04562628269195556,0.07812853157520294,0.08816063145682342,0.4809838413114764,25.87402626202029,-0.0494902415652106,0.011322917148211967,-0.036005638121206586,0.0009453550010221079,1
6.2975146770477295,-0.0020074660424143076,-0.06221431866288185,0.48705318570137024,-0.019174935387244053,0.05504788823351128,0.028094867327347433,0.008052102159675112,0.003872165437279751,0.012382013372667533,0.06878717243671417,-0.04562628269195556,0.07812853157520294,0.09209730259144418,0.47430939906057007,25.871895013077292,-0.050240391669846673,0.011796122721309185,-0.03566922408899709,0.0009526189969619736,1
6.3075079917907715,-0.0021582089830189943,-0.06172613799571991,0.4873645305633545,-0.019392607822960976,0.05415195219116177,0.027987299568956136,0.008052102159675112,0.003872165437279751,0.012382013372667533,0.06878717243671417,-0.04562628269195556,0.07812853157520294,0.09591111494370926,0.46842087679687444,25.870133712930787,-0.050318266393013886,0.01181384480657977,-0.035605733166368475,0.0009471009980188683,1
6.3175177574157715,-0.0022939748596400023,-0.06125996261835098,0.4876793324947357,-0.01843547271211792,0.05428982146164688,0.02804388300288191,0.008052102159675112,0.003872165437279751,0.012382013372667533,0.06878717243671417,-0.04562628269195556,0.07812853157520294,0.09875334034188578,0.4625154899874283,25.867936320782874,-0.05030044361626617,0.011724911914604697,-0.03559277832124526,0.00097357299819123,1
6.327511548995972,-0.002425655024126172,-0.06079646572470665,0.4879940152168274,-0.01863439192027249,0.05416115748247979,0.028055205915568565,0.010405118074512387,0.002669290800714652,0.013994481318969854,0.08387525379657745,-0.03265449777245521,0.039709087461233146,0.10198971919493784,0.45887948701981374,25.865574349659532,-0.06334539644948967,0.00908411241397726,-0.023955178931256937,0.0010426499939057976,1
6.337512731552124,-0.0025601545348763466,-0.06034428998827934,0.4883100390434265,-0.019247818821906546,0.05412808425986942,0.028159525323676944,0.01129789358793376,0.0023785095332122808,0.014337150067411208,0.08693081140518188,-0.02675782516598701,0.026574259623885158,0.1054524618869722,0.45576470109399925,25.86292054606253,-0.0672033869179681,0.007207586605886924,-0.01766086371300036,0.0009781819971976802,1
6.347528457641602,-0.00268941605463624,-0.059904977679252625,0.4886243939399719,-0.018547261179653683,0.05203019823427742,0.027815012307199894,0.012618343518148833,0.002073184687167995,0.01456731826933133,0.08628348261117935,-0.018199292942881584,0.007426620461046698,0.10809186979160301,0.454826104105838,25.861701320357003,-0.07066965142260215,0.0040494230981540265,-0.010345125563948806,0.001352202998532448,1
6.357541799545288,-0.0028072940185666084,-0.059479743242263794,0.4889275133609772,-0.017862034967109898,0.05322627722719037,0.02722628228955981,0.013547931791406231,0.0020472315956561182,0.014515717298158037,0.09123814105987549,-0.004620745778083801,0.0011020896490663297,0.1096110992066986,0.453402704631868,25.862004081050827,-0.07529064007005562,-0.002117605239133625,-0.006868321854229227,0.0010714960008044727,1
6.367514133453369,-0.0029294858686625957,-0.059061575680971146,0.4892352819442749,-0.018931187693150345,0.05079847201316505,0.027041513477241017,0.014510199993918338,0.002045366266317128,0.01443420985063204,0.09063456207513809,0.0024524824693798997,-0.018629463389515877,0.11163701770775517,0.45393655043256553,25.861480726420545,-0.07784207358534664,-0.005306980046951742,0.00028632523787019623,0.0009751790057634935,1
6.377578973770142,-0.0031739368569105864,-0.05825909972190857,0.4898377060890198,-0.018880121407349165,0.048541653904079864,0.025417331602921228,0.015472863272258941,0.002127715891646176,0.014095824453524752,0.0865475982427597,0.004884379450231786,-0.03194320574402809,0.11338131701319898,0.4561717362098038,25.86672560542559,-0.07784899195483982,-0.006614628308888186,0.00604889900012249,0.0010807849976117723,1
6.387590646743774,-0.0032883973326534033,-0.05788851156830788,0.4901238679885864,-0.018490660960664235,0.04798880961465531,0.026249101422369546,0.01677784315436659,0.0024210578038550423,0.013485043544112951,0.08497587591409683,0.020778996869921677,-0.044726066291332245,0.11409988776740088,0.4584729593131914,25.86357191181459,-0.0803395817778521,-0.014445942357319216,0.01155690709216196,0.0010908429976552725,1
6.397603273391724,-0.003402954200282693,-0.05754908546805382,0.4904032051563263,-0.018377387984024468,0.046245831886931654,0.023105805883374197,0.01763530767697752,0.0026395830641905427,0.012894848104092915,0.0863097533583641,0.02052685618400573,-0.06107228994369507,0.11458978495053027,0.46220343885678744,25.87205100049368,-0.08383301718878682,-0.015135127417211605,0.01828606675805036,0.0010985959961544722,1
6.407770872116089,-0.00351732294075191,-0.05720933526754379,0.49068230390548706,-0.017419582316732886,0.046753890696360836,0.024188216934051876,0.018618835757926,0.003057017149167951,0.012203530201549295,0.09020452201366425,0.0316055379807949,-0.07394592463970184,0.11379076488024055,0.46530788919160004,25.870587408190055,-0.08804470124800684,-0.021183055724422153,0.024117123633974183,0.0024906120015657507,1
6.417755842208862,-0.00351732294075191,-0.05720933526754379,0.49068230390548706,-0.017419582316732886,0.046753890696360836,0.024188216934051876,0.018618835757926,0.003057017149167951,0.012203530201549295,0.09020452201366425,0.0316055379807949,-0.07394592463970184,0.1131925606467467,0.46772716212087656,25.868919518754254,-0.08903352976056787,-0.021639850913162464,0.025487404925248574,0.0007874349976191297,1
6.42753267288208,-0.0036205598153173923,-0.05689137056469917,0.49094370007514954,-0.01827199388406754,0.04301951074682027,0.02108841956576461,0.019456011088158753,0.0034350070658426546,0.011439983430137524,0.08236967027187347,0.043157253414392464,-0.07785303145647049,0.11268759925239354,0.4727642140070159,25.877961928678744,-0.08810305295120482,-0.027831326616580054,0.027460320830425277,0.0009512920005363412,1
6.437527418136597,-0.0037213510368019342,-0.05660542845726013,0.4911971986293793,-0.01592746191469917,0.04266479982452103,0.022557683310953834,0.020811677040282195,0.0042335924843364126,0.010017109352711717,0.09038667380809784,0.04944379627704619,-0.10084942728281021,0.10989514908669534,0.47805871263734423,25.87547161331422,-0.09531113522735568,-0.03315199647956023,0.036165232497723784,0.0009473809986957349,1
6.4475321769714355,-0.003815573640167713,-0.05634162202477455,0.49143895506858826,-0.01783100145265013,0.039770588231558004,0.01985182992900401,0.02121462524701423,0.004525831008708625,0.009479714114723592,0.0894065722823143,0.061784412711858736,-0.11007702350616456,0.10822231132283737,0.4849899539151415,25.882891307167302,-0.09623834888822849,-0.03941664777385045,0.04112937770028776,0.0009691719969850965,1
6.4575276374816895,-0.003911792766302824,-0.05609339475631714,0.49167364835739136,-0.01583940538681758,0.0387643649162078,0.02102773093739803,0.0225098126102794,0.005618373972424706,0.007767880629128143,0.07473564147949219,0.06320653110742568,-0.12230034917593004,0.10460395484513349,0.49169405986844456,25.880837854479807,-0.0932174341185987,-0.04326756823716489,0.047041511988184695,0.000942142003623303,1
6.467529535293579,-0.004004545975476503,-0.05588645488023758,0.49189138412475586,-0.0169652570143526,0.03476854408596599,0.0172584411659994,0.023192281937557624,0.0063900206427645045,0.006442204416392094,0.07620903104543686,0.06979435682296752,-0.13923600316047668,0.10137578090585814,0.5012245331830797,25.89223061755345,-0.09599038073160213,-0.04834505762725216,0.054451176318403766,0.0009526189969619736,1
6.477530479431152,-0.004163568839430809,-0.05555304139852524,0.4922869801521301,-0.01573392003931746,0.030033577209859528,0.015545952176525378,0.024030590010085007,0.00721809536677398,0.005009876268288416,0.06878287345170975,0.0830397605895996,-0.14861595630645752,0.09654759463019084,0.5133672814294362,25.902697972862892,-0.0944929708158804,-0.055926390896230006,0.05918315601843005,0.0009484280017204583,1
6.487530469894409,-0.004233052954077721,-0.055423617362976074,0.492482453584671,-0.012584823181747055,0.029806304709669114,0.015760405015065013,0.024999913932902906,0.008677901897276907,0.002697366466633877,0.06115204468369484,0.08899305760860442,-0.16134341061115265,0.08881622518929909,0.524240878175884,25.90466016811809,-0.09348306101354004,-0.062309525877644455,0.0652231174782464,0.0009492660028627142,1
6.497529029846191,-0.004292299505323172,-0.055328041315078735,0.4926557242870331,-0.014620732514081154,0.025375360610485755,0.014497417048377965,0.024999913932902906,0.008677901897276907,0.002697366466633877,0.06115204468369484,0.08899305760860442,-0.16134341061115265,0.08361001292748084,0.5368835141018521,25.908979182787107,-0.09477596690470066,-0.06360811019340497,0.06725963203815286,0.0009519209997961298,1
6.507539510726929,-0.004292299505323172,-0.055328041315078735,0.4926557242870331,-0.014620732514081154,0.025375360610485755,0.014497417048377965,0.024999913932902906,0.008677901897276907,0.002697366466633877,0.06115204468369484,0.08899305760860442,-0.16134341061115265,0.07909612121066972,0.5478598018381926,25.9100332797132,-0.09473634183806112,-0.0635921112008097,0.06764224535220928,0.0009524800043436699,1
6.517529487609863,-0.004348861053586006,-0.05525892600417137,0.49282217025756836,-0.010303752494905404,0.025522205966525695,0.014424659333849232,0.024999913932902906,0.008677901897276907,0.002697366466633877,0.06115204468369484,0.08899305760860442,-0.16134341061115265,0.07213756632295144,0.5572643188605004,25.90997569216423,-0.0946750236044357,-0.06394850393053084,0.06771791222360997,0.0009759470049175434,1
6.527529716491699,-0.004386640153825283,-0.055215463042259216,0.4929729700088501,-0.011638701871591788,0.021175330474097066,0.011116921979977577,0.026291108056582413,0.01165811959890517,-0.0026170836101022665,0.03710722178220749,0.09292463213205335,-0.18927684426307678,0.06411942608706417,0.5692940587594836,25.920907781137974,-0.0876280784713432,-0.07379154268068577,0.0798972791414543,0.0009597429962013848,1
6.53754448890686,-0.004424529615789652,-0.055194463580846786,0.49313029646873474,-0.008775656091320241,0.02088358250776791,0.01400196184526769,0.02655485887746334,0.012688760293595003,-0.004568156444009208,0.016654428094625473,0.09227386116981504,-0.20124970376491547,0.05448536154343885,0.5789998857259515,25.914629005051406,-0.07907984866234041,-0.07660051821059762,0.0872304017389956,0.0009792999990168028,1
6.547611951828003,-0.004447530023753643,-0.05519719421863556,0.49327364563941956,-0.009432685553447569,0.016364876173580494,0.011047398688582047,0.026645282338148224,0.013532946239941168,-0.006620015192353446,0.011694751679897308,0.08456117659807202,-0.20637425780296326,0.04576651625248496,0.5911575885358006,25.921708631307318,-0.07737840207269904,-0.07540111272308438,0.09145755832765924,0.0011352649962645955,1
6.55754542350769,-0.004466944839805365,-0.05523238703608513,0.4934074282646179,-0.006959719522263447,0.015295196275046136,0.012561225423292901,0.02682020392916673,0.015000084313163242,-0.009773426631521698,0.008364960551261902,0.09077717363834378,-0.21508623659610748,0.03501820784398818,0.6023601206199042,25.918770364169752,-0.07629376837534735,-0.08234619690007963,0.0969081828609735,0.0010834389977389947,1
6.567537069320679,-0.004468815866857767,-0.055287495255470276,0.49352458119392395,-0.006672624926366073,0.011871403989718018,0.010298441215497832,0.02670718074031697,0.015920466887784368,-0.011967434215327533,-5.4939184337854385e-05,0.08241937309503553,-0.22950619459152222,0.02457339196840975,0.61471544084987,25.924917051521145,-0.07243340960806538,-0.08118710324970857,0.10389427759694117,0.0009902659949148074,1
6.577585697174072,-0.004468574188649654,-0.05536436662077904,0.4936451315879822,-0.00502552648411764,0.011631819403677959,0.010978675474443129,0.026632235277159744,0.016772065579472972,-0.014347729217698557,-0.015638425946235657,0.07716503739356992,-0.2378372848033905,0.013695881918270727,0.6250868122197382,25.924521222016544,-0.0651511354795661,-0.08121772100097173,0.10929412375996349,0.0010697489997255616,1
6.587633371353149,-0.004423690959811211,-0.055583253502845764,0.4938527047634125,0.00018021356215482093,0.007007154626905362,0.009261976933929186,0.02642787317574502,0.01754836222824263,-0.016702167418540803,-0.018640663474798203,0.07153743505477902,-0.24027355015277863,-0.00044278581889055715,0.6376042771512768,25.930171592207202,-0.06374047883348155,-0.08047443216140752,0.1115421264011731,0.0011456720021669753,1
6.597590208053589,-0.004366461653262377,-0.05572289973497391,0.4939437806606293,0.0006452459494682338,0.004224406555115558,0.00723221106462843,0.026007872539608012,0.019000064122591365,-0.021742859470244458,-0.02480367384850979,0.054383054375648464,-0.25810107588768005,-0.014439095526873703,0.6505345116225423,25.938686310179293,-0.060150702480022064,-0.07605434568861638,0.11960803419544591,0.001086582000425551,1
6.607756614685059,-0.0043066092766821384,-0.05588263273239136,0.49403125047683716,0.0015964405612916605,0.002259827218727882,0.008352984674295754,0.026007872539608012,0.019000064122591365,-0.021742859470244458,-0.02480367384850979,0.054383054375648464,-0.25810107588768005,-0.02726124322706868,0.6632478573649695,25.937764011145088,-0.05979826317250647,-0.07744519154298024,0.12308575372743394,0.002270320001116488,1
6.617756366729736,-0.004225393757224083,-0.05606613680720329,0.494114488363266,0.0044246595324427575,-0.00043877792637049047,0.006567111707099403,0.025485283096863043,0.019790148837192767,-0.025650036937424847,-0.034714095294475555,0.041240002959966625,-0.26233774423599243,-0.03853709197048709,0.6744736473285429,25.936984705257984,-0.05975322411763581,-0.07740513431542824,0.1237393918806184,0.000931665999814868,1
6.627527475357056,-0.004225393757224083,-0.05606613680720329,0.494114488363266,0.0044246595324427575,-0.00043877792637049047,0.006567111707099403,0.025485283096863043,0.019790148837192767,-0.025650036937424847,-0.034714095294475555,0.041240002959966625,-0.26233774423599243,-0.051280769211466105,0.6859701988039587,25.942479745320227,-0.054067284885301554,-0.07382017075533714,0.12746656656644928,0.0009644929959904402,1
6.63752818107605,-0.0041277906857430935,-0.0562734380364418,0.4941904544830322,0.0066856476542455365,-0.001884948490827333,0.007286262218572032,0.025179546957717847,0.02030819224264757,-0.028312096599510728,-0.03168997913599014,0.041922941803932155,-0.27327969670295715,-0.06476967177041021,0.6970285248929017,25.941837809953093,-0.05454438796948672,-0.0756877532226708,0.13326341071600367,0.0009323639969807118,1
6.647534608840942,-0.004006748553365469,-0.05648159980773926,0.49426451325416565,0.008268492296937895,-0.003439547551928427,0.005940456837538375,0.024774529803154532,0.02075561271196502,-0.031087377476430422,-0.03751617297530174,0.03754821419715878,-0.2747041583061218,-0.07851593874070145,0.7077466558351714,25.94590842195672,-0.05093174765449934,-0.07502148048973069,0.1363994517848405,0.0009505930065643042,1
6.657537460327148,-0.003874272806569934,-0.0567154660820961,0.49432870745658875,0.011267737479320767,-0.005679187879263829,0.006674335769770436,0.02439365659431214,0.02110607204216075,-0.0338062295440511,-0.03583558648824692,0.023807324469089473,-0.2772540748119354,-0.09285903050685738,0.7185805758449983,25.94462645655481,-0.05077326760171802,-0.06996655961169376,0.13935862341622587,0.0009337610026705079,1
6.66753625869751,-0.003728866344317794,-0.05695217475295067,0.4943964183330536,0.011084849006777826,-0.007602049530465564,0.006439307684691937,0.023711417684270764,0.021445368114113794,-0.03808081011666786,-0.038582924753427505,0.012917526066303218,-0.29011282324790955,-0.10586111207380532,0.7291439769357575,25.944600325954543,-0.04776146676465115,-0.06587792432228988,0.14654084070376241,0.0009452860031160526,1
6.677529335021973,-0.0035723529290407896,-0.057214729487895966,0.4944506585597992,0.014974918210427183,-0.01041409933322371,0.004823201326101051,0.02327426327797122,0.021630971507500263,-0.04096941845324764,-0.03750830516219139,0.005913794040679897,-0.2835330069065094,-0.1206924918016475,0.7405356067236036,25.949893728473068,-0.04724835554128784,-0.06346212438324213,0.1473839755118605,0.0009535969948046841,1
6.687529563903809,-0.0033987117931246758,-0.057480379939079285,0.49450820684432983,0.015100479096432726,-0.01058775658501726,0.005740287667634399,0.02295621998474129,0.021717616600615663,-0.04378896616706829,-0.03263789042830467,0.0032751597464084274,-0.28696778416633606,-0.1341196921129235,0.7507133092422525,25.948556796799156,-0.048519844690781314,-0.06243123711478434,0.15026097758804688,0.0009468920034123585,1
6.697529554367065,-0.003008970757946372,-0.058039892464876175,0.4946105480194092,0.0186020210189772,-0.015087462060958397,0.005458651087108467,0.022606097114927337,0.021742378131937024,-0.046768606847460426,-0.02994895912706852,-0.007054718211293256,-0.29317590594291687,-0.14883039448279578,0.7629152751585001,25.948820933121972,-0.04947284982187962,-0.05810310358587211,0.15335854669686982,0.000944097999308724,1
6.7075300216674805,-0.0028000453021377325,-0.058352552354335785,0.4946482479572296,0.02064370547745523,-0.017533520268456306,0.0032318471665844935,0.022606097114927337,0.021742378131937024,-0.046768606847460426,-0.02994895912706852,-0.007054718211293256,-0.29317590594291687,-0.16398158364941462,0.7761449200281014,25.95617340863125,-0.049287172081411916,-0.05824779061875579,0.15510558697960244,0.0009496860002400354,1
6.717530250549316,-0.0025783327873796225,-0.0586635060608387,0.49469393491744995,0.020130854124092264,-0.017307316851840088,0.005187037423478241,0.02185557376592806,0.021591770877769534,-0.053995286015725785,-0.020962435752153397,-0.013819921761751211,-0.29063180088996887,-0.17720992807351063,0.7872600867283783,25.9521592025428,-0.05198881395127066,-0.05479362769803881,0.1558791195185221,0.0009739219967741519,1
6.727532625198364,-0.0025783327873796225,-0.0586635060608387,0.49469393491744995,0.020130854124092264,-0.017307316851840088,0.005187037423478241,0.02185557376592806,0.021591770877769534,-0.053995286015725785,-0.020962435752153397,-0.013819921761751211,-0.29063180088996887,-0.18897821926246325,0.7972301795640035,25.95028437313734,-0.051225428832887804,-0.05453189138249395,0.15883846552073771,0.0009463329988648184,1
6.737544059753418,-0.0023575513623654842,-0.0589781254529953,0.4947285056114197,0.02233978539661203,-0.019362170338359037,0.0028861488064718752,0.021635067872377345,0.02137471713441519,-0.05680439621394129,-0.015456066466867924,-0.02254044264554981,-0.2850160002708435,-0.2013639935675354,0.8080197257799157,25.957291006348786,-0.05326786759349953,-0.050174724308635656,0.15914621756979438,0.000986842998827342,1
6.747596263885498,-0.0021162668708711863,-0.059297967702150345,0.4947699308395386,0.02363818138864679,-0.02052049897578644,0.0038648436313742304,0.021447787059768686,0.021230238129815504,-0.05958556249717173,-0.014573504216969013,-0.029634358361363446,-0.27420148253440857,-0.21328143899857807,0.8183232109877108,25.95648080165176,-0.053306417013261956,-0.046553202135508245,0.1572453389886793,0.0011341470017214306,1
6.757548093795776,-0.0018659272463992238,-0.05963427200913429,0.4947936236858368,0.02455599419803067,-0.02214338071612209,0.0008104799201146227,0.021447787059768686,0.021230238129815504,-0.05958556249717173,-0.014573504216969013,-0.029634358361363446,-0.27420148253440857,-0.22522707350488272,0.8293054454222112,25.966624206974167,-0.05337610985891433,-0.046610297222046085,0.15688934790567405,0.0010818330047186464,1
6.767532110214233,-0.0016178215155377984,-0.05997074395418167,0.4948350191116333,0.025072794474756053,-0.022927442490501247,0.00391062912309795,0.021068832447494135,0.020453977799445244,-0.06612155504901018,-0.005454829894006252,-0.03825195878744128,-0.25219297409057617,-0.23570752260178418,0.8393171077273323,25.95969937324588,-0.05665323994715485,-0.040511451590672404,0.15332388043167203,0.000978602001850959,1
6.777588844299316,-0.001361846923828125,-0.060303714126348495,0.4948630630970001,0.02672700930416442,-0.023307740971197897,0.0011373423756150293,0.020877137578503735,0.020075979522923948,-0.06858254072096504,-0.02038087695837021,-0.04573523253202441,-0.24022899568080902,-0.24650438905474298,0.8483743812691182,25.966416758265254,-0.049531252108648526,-0.03611964329486341,0.1501511818455911,0.0010995040065608919,1
6.787637233734131,-0.0008203425095416605,-0.060966912657022476,0.4949261546134949,0.028739768677037716,-0.025208380431385954,0.0009211956427988382,0.020706171819221186,0.019638804962053946,-0.07092644031963768,-0.014035012573003769,-0.043936476111412076,-0.23836202919483185,-0.25785816573928044,0.8580416408779283,25.969809154249685,-0.05214365214096154,-0.03633219654490114,0.14935453432897505,0.0010971989977406338,1
6.797538757324219,-0.0005426111747510731,-0.06129683926701546,0.4949588179588318,0.02993467618015865,-0.026587056196785752,0.0030188210250201657,0.020365845270316374,0.018697832674345882,-0.07529696436555877,-0.014648796059191227,-0.049272090196609525,-0.21226631104946136,-0.26871869049961933,0.8675485745354781,25.963460160985555,-0.05110412424226351,-0.03090887985110682,0.14406720143629662,0.0010806450009113178,1
6.807783365249634,-0.00026177396648563445,-0.06162223964929581,0.4949806332588196,0.02951991905549792,-0.026660789064180863,0.001254113265268765,0.020128080757184197,0.018249272279164508,-0.07738174201214765,-0.02030404843389988,-0.05308537557721141,-0.20061026513576508,-0.2782689154416633,0.8759027300682383,25.96082907264826,-0.051028698601579166,-0.03082164336746553,0.14307109344836066,0.0032545089998166077,1
6.817501068115234,2.5795563487918116e-05,-0.06194804236292839,0.49501121044158936,0.03233830976608747,-0.02845142996576694,0.0016891927029481341,0.020128080757184197,0.018249272279164508,-0.07738174201214765,-0.02030404843389988,-0.05308537557721141,-0.20061026513576508,-0.2866705937798243,0.8835056026491981,25.965831416091977,-0.047902832335876444,-0.027782762952933016,0.14025727275499805,0.0009475199985899962,1
6.82750678062439,0.0003161246422678232,-0.06226889416575432,0.49502503871917725,0.030532637585093298,-0.028127219553589444,-0.00032194719560570405,0.019787539269163545,0.01743384381087898,-0.0801933167506288,-0.016985483467578888,-0.04819351062178614,-0.18445850908756256,-0.29537518319133593,0.8917101582622153,25.973223838877164,-0.04892249037065745,-0.028616105345883044,0.1349463629197468,0.0009503839974058792,1
6.837508916854858,0.0003161246422678232,-0.06226889416575432,0.49502503871917725,0.030532637585093298,-0.028127219553589444,-0.00032194719560570405,0.019787539269163545,0.01743384381087898,-0.0801933167506288,-0.016985483467578888,-0.04819351062178614,-0.18445850908756256,-0.3032276244444303,0.8990773728489875,25.976150893231633,-0.048582363980908115,-0.027787579796465442,0.13504309294415076,0.000942002996453084,1
6.847539663314819,0.0006018173880875111,-0.0625668466091156,0.49505147337913513,0.0316557471998221,-0.02933921502787781,0.00023495732739611214,0.019634902142330102,0.016982379645611,-0.08192212485769979,-0.009709314443171024,-0.054549388587474844,-0.16743138432502747,-0.3108913137444835,0.9067000170627775,25.975239070269982,-0.05160121118730201,-0.023722757807698776,0.13046733998426072,0.0009417929977644235,1
6.857528924942017,0.0008902482222765684,-0.0628669410943985,0.49505993723869324,0.03180907271555611,-0.027741130676581623,-0.00038353520723476245,0.019505029468801727,0.016393209521175844,-0.08352674467899446,-0.015737080946564674,-0.06412796676158906,-0.1536470502614975,-0.3174533233541825,0.9123308437095791,25.977019532332495,-0.04849681719435307,-0.01769080205110215,0.1260100110622753,0.0009945259953383356,1
6.867518663406372,0.0011830410221591592,-0.06313641369342804,0.4950743317604065,0.033160179738389854,-0.029449783382263544,-0.0009359655561825721,0.01927931093424995,0.0158242906170476,-0.08498986452441804,-0.015476546250283718,-0.06108781695365907,-0.14062558114528656,-0.324521848609747,0.9185826529744128,25.979606386409333,-0.04813076525456002,-0.01755446258771103,0.12174693851446,0.0009721759997773916,1
6.8775200843811035,0.0014692592667415738,-0.06339960545301437,0.4950781762599945,0.03241613874601576,-0.028700983204629504,-0.0009172627673665346,0.019150123057800172,0.01500049281685989,-0.08689831039398044,-0.0025130847934633493,-0.05735644698143007,-0.12150926142930983,-0.33017189197437485,0.9241731933135482,25.980556319655612,-0.053560676076805196,-0.016877165053469853,0.11576824497690044,0.0009509429946774617,1
6.887516975402832,0.0017576292157173157,-0.0636504516005516,0.4950817823410034,0.03242173765591162,-0.028010454284889418,-0.0033350927784116706,0.0190945704257528,0.014375777827541292,-0.08796310453394174,-0.002658593701198697,-0.060100350528955473,-0.10709302872419356,-0.3351965421506226,0.9290918904987022,25.989376838097684,-0.053344088300665005,-0.013873634542136467,0.11053475383449514,0.0009417929977644235,1
6.897519826889038,0.0020300562027841806,-0.06388098746538162,0.4950695335865021,0.032256927074314365,-0.02801155325714762,-0.0035949308467072344,0.018935879043779913,0.013772160099885689,-0.08898685080580426,-0.011737469583749771,-0.06816864758729936,-0.08954858779907225,-0.3391828256424588,0.9332411508266127,25.993992457155144,-0.04893033322183776,-0.008477761208695977,0.10439485233183138,0.0009554830030538142,1
6.907541513442993,0.0025794885586947203,-0.06430726498365402,0.495008647441864,0.0321221836125808,-0.027122719192122165,-0.007074657354441477,0.018738077500685346,0.0131232905680152,-0.08973777765191127,-0.014806664548814297,-0.05982059612870217,-0.07666118443012236,-0.3429983362189357,0.9366413761600821,26.00808534155773,-0.04705214814076478,-0.011025369387136275,0.09916290517936541,0.0009426309989066795,1
6.91750955581665,0.0028465057257562876,-0.06449683755636215,0.49495968222618103,0.03148157493437462,-0.026821827790367028,-0.009335152899569878,0.018574707029280546,0.012236073581411322,-0.09068639013978963,-0.007381267845630646,-0.059605605900287635,-0.05956825613975524,-0.3458892229563159,0.9401356948613174,26.021987353210662,-0.049881045716070715,-0.008877711064595194,0.09304090443890771,0.0009625369930290617,1
6.927515983581543,0.0030944920144975185,-0.06466563791036606,0.49489596486091614,0.03043645778857257,-0.02601561721905682,-0.008823503831879279,0.018574707029280546,0.012236073581411322,-0.09068639013978963,-0.007381267845630646,-0.059605605900287635,-0.05956825613975524,-0.3481551170176428,0.9429137000827705,26.02631503219233,-0.04969055561263184,-0.00790268131720186,0.09226067351662107,0.0009736430001794361,1
6.937512397766113,0.0033361108507961035,-0.06482609361410141,0.49483537673950195,0.0294082812158449,-0.026700003475113133,-0.010490868378396216,0.018253190674999864,0.011039040414519086,-0.09133113375491986,-0.01375400647521019,-0.06056622415781021,-0.02472740411758422,-0.3486194807857971,0.9456887709667231,26.034033383489927,-0.046414574852454704,-0.005170815185352032,0.08083480444237179,0.0009578570025041699,1
6.947508335113525,0.0033361108507961035,-0.06482609361410141,0.49483537673950195,0.0294082812158449,-0.026700003475113133,-0.010490868378396216,0.018253190674999864,0.011039040414519086,-0.09133113375491986,-0.01375400647521019,-0.06056622415781021,-0.02472740411758422,-0.3492463733488588,0.9482137657763489,26.037401510456778,-0.0460596687524786,-0.003985181941460512,0.07893628319122621,0.0009739910019561648,1
6.957560300827026,0.0035674520768225193,-0.06496956944465637,0.49476706981658936,0.0304481085366499,-0.024571070823712387,-0.010349111747454886,0.01817637782824688,0.010454066881757207,-0.09137619235249561,-0.00818118080496788,-0.05759371817111969,-0.006505855359137051,-0.3502808143675698,0.9491376230279361,26.03857822591507,-0.048171224436073815,-0.003761648395006777,0.0726488849221695,0.0010565490010776557,1
6.96848726272583,0.0037983700167387724,-0.06509261578321457,0.49469685554504395,0.02922283631028569,-0.02473364622631509,-0.011587788471334678,0.018065429908225017,0.00984979261489638,-0.09134609532196647,-0.006054157391190529,-0.05713000148534775,0.010930512100458152,-0.35018542046122964,0.9504217417285483,26.04370261287889,-0.04887366027104122,-0.0021758526065018178,0.06574466410899468,0.0010804359990288503,1
6.977526903152466,0.004008540417999029,-0.06518779695034027,0.494623064994812,0.027600411044295205,-0.022135265455574774,-0.009996887378978091,0.017881668902016035,0.00920529104854717,-0.0911228503360304,-0.020996056497097015,-0.06669766455888748,0.023419560864567764,-0.34804656476553275,0.9490767292310093,26.040695881533424,-0.041560280477298435,0.004107196744881417,0.06023288493533015,0.0008256400033133104,1
6.987627267837524,0.004204847849905491,-0.06526714563369751,0.49455752968788147,0.026749388982296344,-0.02382741892478112,-0.01061969257566803,0.017434128857392484,0.008150554208256278,-0.09054766435925243,-0.02344558574259281,-0.06675555557012558,0.04210124164819718,-0.3449907134707797,0.9489083169690683,26.042029933315654,-0.039360200397437685,0.007146638679340053,0.05275463729415415,0.0015400880001834594,1
6.997584581375122,0.0043938979506492615,-0.06534655392169952,0.4944797158241272,0.025986773870308087,-0.020913405366547407,-0.011999150744257914,0.017173390494094054,0.0074787010306369694,-0.09004055278607614,-0.02299650013446808,-0.06738732755184174,0.05597826838493348,-0.3412309163531289,0.9468039096941986,26.04780241333671,-0.0385751729521544,0.009388358830763591,0.046519501144823804,0.0010832299958565272,1
7.007799386978149,0.004569169133901596,-0.06539003551006317,0.49439698457717896,0.02589256101932922,-0.02136279483450944,-0.012804525045583753,0.016895167737834615,0.006748169459559694,-0.0892078497726243,-0.031117526814341545,-0.06635071337223052,0.07925064861774446,-0.3374330246136571,0.9449354312415684,26.05342086278944,-0.03424437349221763,0.010981288812422439,0.037268078953777393,0.0026437120031914674,1
7.01770544052124,0.004726321902126074,-0.06540841609239578,0.49430757761001587,0.02330890835156249,-0.018323233568853542,-0.011686594279525793,0.016541679356907313,0.0060850608525373495,-0.08839851278119015,-0.03547867015004158,-0.07019640505313872,0.09167622774839403,-0.33142832388224336,0.9407754260796736,26.052319254485653,-0.031090033765204885,0.014779119520506258,0.030995967235082474,0.0008135570024023764,1
7.02751612663269,0.0049773105420172215,-0.06539852917194366,0.49412858486175537,0.0205989868692517,-0.016862835970553432,-0.012830953172395434,0.016088129378081906,0.005283635672115317,-0.08732670768879958,-0.038697417825460434,-0.07320007681846617,0.11109604686498643,-0.32617003929193045,0.9371314264903521,26.051877297588916,-0.031084055649261047,0.01478451895996772,0.029814797704468553,0.0012204760059830733,1
7.037509918212891,0.005081897601485252,-0.06536450982093811,0.49403464794158936,0.02024669370944731,-0.016387982442312037,-0.013933009502256207,0.015434576984428183,0.004102788011209668,-0.0855122522526659,-0.04146718233823776,-0.07618585973978041,0.12534604966640472,-0.31737736177027975,0.9318471350562032,26.060636285520015,-0.025867161288678074,0.02204395531229915,0.017638619915069875,0.0009962019976228476,1
7.04752779006958,0.005176076199859381,-0.0653143972158432,0.4939301311969757,0.018092056570633494,-0.014642147506074194,-0.013276032206705079,0.014874926583367198,0.003297718007856165,-0.08418454402094255,-0.05332992970943451,-0.07693751156330107,0.13298310339450836,-0.3098037282045708,0.9272145373768975,26.064566297225554,-0.025202263853011497,0.023213973639984797,0.014642029837056422,0.0009541560066281818,1
7.057542085647583,0.005176076199859381,-0.0653143972158432,0.4939301311969757,0.018092056570633494,-0.014642147506074194,-0.013276032206705079,0.014874926583367198,0.003297718007856165,-0.08418454402094255,-0.05332992970943451,-0.07693751156330107,0.13298310339450836,-0.3007557587993346,0.9210545586571109,26.064503862685417,-0.018245232252569524,0.025915089401874185,0.010825905978163276,0.0009425620010006242,1
7.067541837692261,0.005252234172075987,-0.06523565202951431,0.4938204884529114,0.01799331224628735,-0.013961543409657747,-0.016257284225270285,0.014171083704427545,0.0024941452747895276,-0.08267307961081771,-0.06618553400039673,-0.07885319739580153,0.1560366451740265,-0.2918766953508413,0.9143454915476207,26.07555231895066,-0.010432506149323612,0.029038334764126136,0.001712091538493091,0.0009521999963908456,1
7.077549934387207,0.005311287473887205,-0.06513945013284683,0.49369943141937256,0.01426544693103517,-0.011343936428830227,-0.013627016915543766,0.013445262718795092,0.0016969925475374126,-0.08101978880010252,-0.07487421482801437,-0.07936143130064009,0.16868172585964203,-0.2804227266484375,0.9055708259419744,26.071587591498467,-0.004361750926971491,0.03175498899122395,-0.005085215813701718,0.0009716869972180575,1
7.087541103363037,0.005337098613381386,-0.06501471251249313,0.4935849905014038,0.013103012909984788,-0.010646841504273722,-0.015299852008909829,0.0125928157564279,0.000926803042320401,-0.07929001849058981,-0.07532879710197449,-0.06499382108449933,0.17885440587997437,-0.26918763563464293,0.8967182814486241,26.07642785555099,-0.0016678290518190313,0.02743779094368148,-0.010664647060024795,0.0009354369976790622,1
7.097540616989136,0.005346504971385002,-0.06486760079860687,0.4934675097465515,0.01050196859315468,-0.007589118639160093,-0.014617815625042956,0.011243051583829544,-0.00015931181544770467,-0.07636789845749625,-0.0885186567902565,-0.0666287615895271,0.1987890601158142,-0.2559712834119208,0.8851171181564446,26.076843755978818,0.008188192476510349,0.03126721493785549,-0.01989994149926383,0.000941653001063969,1
7.107539892196655,0.005328379105776548,-0.06469722092151642,0.4933406114578247,0.00897765346333503,-0.007597347251778002,-0.015226539223818327,0.010229667467028136,-0.0008494557178040374,-0.07424786245599346,-0.09509948641061783,-0.060783091932535144,0.20724166929721832,-0.2426389701414664,0.8737878456462783,26.07986557432493,0.01397107804448042,0.03059933054880319,-0.025605549007042393,0.0009512929973425344,1
7.117541551589966,0.005291294306516647,-0.0645005851984024,0.4932074248790741,0.008323810965921113,-0.0035762570843617275,-0.017281239854720458,0.009268824509815587,-0.0014396954546169738,-0.07210936218396036,-0.08951371163129807,-0.05534297227859494,0.2179436832666397,-0.22963723108582854,0.8602772055990826,26.088963305100794,0.014544800750935068,0.029751484124929596,-0.031391753050147686,0.0009411649953108281,1
7.1275413036346436,0.005162006244063377,-0.06402802467346191,0.492917537689209,0.003492850583615614,0.0005184113897004183,-0.018068505450093898,0.00824365146810413,-0.0019796306317934054,-0.0697240942552062,-0.09914258867502213,-0.05030053108930585,0.23644156754016876,-0.2138037795293361,0.8439669815286288,26.096833794850145,0.022006510357017867,0.029318282551113437,-0.03988470316310825,0.0009954339984687977,1
7.137521028518677,0.0050606559962034225,-0.06376351416110992,0.49275344610214233,-0.00014516433600026164,0.0008450231521202365,-0.017669610678578695,0.006551389398949059,-0.0027534520862446676,-0.06610342259467306,-0.10711173713207245,-0.0484293885529041,0.2421482354402542,-0.19623854095137433,0.8275478226916245,26.09902798388782,0.028545614302175556,0.030012441900579355,-0.044005476720926626,0.001028471000608988,1
7.147513151168823,0.004939241800457239,-0.06347065418958664,0.4925970435142517,-0.00037277760266961145,0.003754017191087247,-0.02047616801909655,0.006551389398949059,-0.0027534520862446676,-0.06610342259467306,-0.10711173713207245,-0.0484293885529041,0.2421482354402542,-0.1808121309835519,0.8130892765140829,26.10052152037855,0.030207616179441402,0.030679751891046964,-0.04619084107521266,0.0012148180030635558,1
7.1575706005096436,0.004939241800457239,-0.06347065418958664,0.4925970435142517,-0.00037277760266961145,0.003754017191087247,-0.02047616801909655,0.006551389398949059,-0.0027534520862446676,-0.06610342259467306,-0.10711173713207245,-0.0484293885529041,0.2421482354402542,-0.16675134655827784,0.7980679272923716,26.111565795720086,0.030485006468318414,0.03068263312307771,-0.04660068721234156,0.001123879999795463,1
7.168519496917725,0.004627557937055826,-0.06281465291976929,0.49223726987838745,-0.004398503345324224,0.008340287951115929,-0.022149350494262202,0.0036519377768526873,-0.0036509476614567937,-0.05800939126704163,-0.09043292701244354,-0.012509853579103914,0.2754541337490082,-0.15066959153309983,0.7791393870375537,26.123009532592956,0.030611730456433825,0.016852440302934604,-0.061053435871059374,0.0011104690056527033,1
7.177520751953125,0.004627557937055826,-0.06281465291976929,0.49223726987838745,-0.004398503345324224,0.008340287951115929,-0.022149350494262202,0.0036519377768526873,-0.0036509476614567937,-0.05800939126704163,-0.09043292701244354,-0.012509853579103914,0.2754541337490082,-0.13646556192959383,0.7623716476873797,26.128340841756575,0.03142942369445897,0.016871423419799074,-0.0648714219722536,0.0008171190056600608,1
7.187588691711426,0.004227085039019585,-0.06205487996339798,0.49183598160743713,-0.008960173333291284,0.013454557475081131,-0.024494864048806436,0.0015841483707172976,-0.003892392766291941,-0.05059930395641743,-0.0664549246430397,-0.004504156764596663,0.3039773106575012,-0.11976267661397189,0.7439517877422147,26.125458380137676,0.028070182858717506,0.016724907497677834,-0.07218290068482805,0.0036164470002404414,1
7.197584390640259,0.004227085039019585,-0.06205487996339798,0.49183598160743713,-0.008960173333291284,0.013454557475081131,-0.024494864048806436,0.0015841483707172976,-0.003892392766291941,-0.05059930395641743,-0.0664549246430397,-0.004504156764596663,0.3039773106575012,-0.10471719955896502,0.7260163097598001,26.13930241028878,0.026763433139915877,0.014078639797586511,-0.08049553147373673,0.0009166480012936518,1
7.207595109939575,0.0039929598569869995,-0.06163805350661278,0.49161475896835327,-0.013114388009012932,0.017620621310620744,-0.021681515502498173,0.0012692257227504555,-0.003757919454855596,-0.049096265079279444,-0.058740414679050446,0.01253498066216711,0.3048550486564636,-0.0887765256735174,0.7068541939835647,26.13599720625339,0.02440598987740519,0.006260674965038498,-0.08319850361224303,0.0028118300033384003,1
7.217587947845459,0.0037471328396350145,-0.06119464710354805,0.49139872193336487,-0.013980549786410232,0.02007735891537358,-0.025726417078432002,0.000334192667875044,-0.0035747704185689066,-0.044337559190813725,-0.05385494977235794,0.01829884201288227,0.31892961263656616,-0.07367130338235817,0.6870384517388843,26.149727564006454,0.0250411174360941,0.0030636735114502487,-0.09101178566675117,0.000791765000030864,1
7.227512836456299,0.003481204155832529,-0.06072916090488434,0.49116671085357666,-0.016912501255363345,0.02281281169031071,-0.02343271673010157,-0.00021185718231109263,-0.0031787430315830534,-0.04115775264985322,-0.045119814574718475,0.0376074463129044,0.3219885230064392,-0.05877561313502606,0.6669506659115495,26.148261832214427,0.022743443490374333,-0.006609612426399308,-0.09528479812764722,0.0009468229982303455,1
7.237504005432129,0.0029013080056756735,-0.059727925807237625,0.490683913230896,-0.02008173796504195,0.02915308254700616,-0.026130303743298684,-0.0006326954913187244,-0.0027703757273802587,-0.03787643786524075,-0.03821426257491112,0.0476174540817738,0.3236137330532074,-0.04571240373121347,0.6493243872608739,26.14765734667867,0.022666459268245776,-0.006783371356049709,-0.09609345836131811,0.0011514680008986033,1
7.2475059032440186,0.0025892630219459534,-0.05919702351093292,0.49042809009552,-0.022519448680362993,0.030615344702906236,-0.02632840350951692,-0.0011689226545508191,-0.001948724719226913,-0.03295490884325547,-0.028689732775092125,0.05880091339349751,0.32955917716026306,-0.030414588020622815,0.6262873778816449,26.15957789883731,0.01810411969222161,-0.01844608644048651,-0.10145933754545071,0.0009702899988042191,1
7.257502794265747,0.002271706238389015,-0.05864403769373894,0.49017348885536194,-0.022815957535703073,0.033615224140873035,-0.028571950280954425,-0.001346563605702844,-0.0012679759189859752,-0.029668845031702418,-0.019488414749503136,0.06845762580633168,0.33071407675743103,-0.01707900444504921,0.6033380705931523,26.173292343705416,0.015024971268653535,-0.02497133809368531,-0.1053517766089025,0.0009882409940473735,1
7.26750373840332,0.002271706238389015,-0.05864403769373894,0.49017348885536194,-0.022815957535703073,0.033615224140873035,-0.028571950280954425,-0.001346563605702844,-0.0012679759189859752,-0.029668845031702418,-0.019488414749503136,0.06845762580633168,0.33071407675743103,-0.005148897340850604,0.5828754439402364,26.179856203471484,0.015076390075716066,-0.025778600574714046,-0.10736747882448855,0.0010430679976707324,1
7.277512550354004,0.0019412004621699452,-0.05808037146925926,0.4898991584777832,-0.024109961330324177,0.036136996081271494,-0.026300985375881932,-0.0015641983926948377,-0.0005935934694258904,-0.02635936683610396,-0.015921227633953094,0.06637378782033924,0.32807835936546326,0.006321886080103135,0.5622930541917863,26.17574446105308,0.014133630911829922,-0.02662041470412772,-0.10876613128819901,0.0009558320016367361,1
7.287518262863159,0.0016201954567804933,-0.057496506720781326,0.489626944065094,-0.02451320922278023,0.03830576316434783,-0.03004100918869852,-0.0015646290074036173,0.0001707983022218862,-0.023068718065768934,-0.003041547955945134,0.08278079330921177,0.329595148563385,0.01596375624177204,0.5422870051963653,26.18820071318423,0.008526540060413569,-0.036128989200743894,-0.1113903325195159,0.0009829320042626932,1
7.297518014907837,0.001275811344385147,-0.05689265578985214,0.4893483817577362,-0.026571612766599775,0.04165245594880026,-0.02611267380610484,-0.0016286902788817947,0.0010289437525741185,-0.019820052171074742,0.010367259383201599,0.08054977655410771,0.323664128780365,0.025826761540232536,0.5219670918241497,26.180685441947134,0.0027950028812773623,-0.03741213935658744,-0.11179625215127172,0.0009457039996050298,1
7.307515621185303,0.0009445106843486428,-0.05627438798546791,0.48905855417251587,-0.026145925641368837,0.043018199563967546,-0.03274738788814709,-0.0014151438897118673,0.001816944848485491,-0.016614425352860174,0.012048762291669846,0.08955352008342747,0.3194849193096161,0.03358575107379847,0.5024894828980522,26.20197446510832,0.0015432874213071072,-0.043732223705262536,-0.1123298490991967,0.0009510130039416254,1
7.317516565322876,0.0005981233553029597,-0.05564369633793831,0.48875418305397034,-0.028073305183080117,0.04549923544551497,-0.026797566555273263,-0.0010483307361983663,0.0032163559796565266,-0.01185329637723287,0.033624306321144104,0.0880052894353867,0.31000685691833496,0.041232896450953585,0.4838912974690143,26.191084231623307,-0.009133109544937939,-0.04670922736537993,-0.11203659384833475,0.0009556220029480755,1
7.327516078948975,0.0002620694867800921,-0.05499934032559395,0.48844844102859497,-0.02706365656193194,0.047418825355830266,-0.032646480937726985,-0.0006457465752118807,0.004049381643422834,-0.00884646052119642,0.045062340795993805,0.09454465657472615,0.302776038646698,0.04656260014793693,0.466059279028735,26.20828998767952,-0.01525744188681371,-0.05211805960302197,-0.11133164594248526,0.0009498260042164475,1
7.337530136108398,-0.0004122445825487375,-0.053692448884248734,0.4878164231777191,-0.02778424879715421,0.04913167657694426,-0.03294042123430851,-0.00010020483368533561,0.005072652962409219,-0.005827925486107333,0.051667001098394394,0.09831982851028447,0.29631465673446655,0.051131639629534494,0.44900288180836756,26.216521364772664,-0.01913094813050731,-0.055602397488433625,-0.10962941237345385,0.0009681250012363307,1
7.3475165367126465,-0.0007427369127981365,-0.05303184315562248,0.487495481967926,-0.027978688495965333,0.0522974766900419,-0.030638426507432873,0.000810375953189002,0.006501811302974225,-0.0016315762638599018,0.071197010576725,0.0940675958991051,0.2763904333114624,0.05482049416198546,0.4320408035861284,26.214306971315505,-0.029860357838875345,-0.057145262161661464,-0.10472306875575352,0.0010456529998918995,1
7.357512950897217,-0.0010623207781463861,-0.05237240344285965,0.48715806007385254,-0.028935203366320657,0.05224795267321932,-0.03261871632005364,0.0017743623792818575,0.007372219675491287,0.0010753922691137952,0.08764586597681046,0.09145757555961612,0.268000990152359,0.05838176410680593,0.41783366680673156,26.22160150035488,-0.03995942263735819,-0.05882355938103554,-0.10318174210794435,0.0009553439958835952,1
7.368312835693359,-0.001380807370878756,-0.05171843245625496,0.4868312478065491,-0.029394464599142276,0.05420362204134037,-0.031843759092774655,0.002602298310999007,0.008448305260431166,0.0036582497834145578,0.0851363092660904,0.1030935347080231,0.2597998082637787,0.06105654314238729,0.40330753042824,26.2245702195773,-0.04206222245704325,-0.06780751274171154,-0.10274289789093344,0.001073660998372361,1
7.377511978149414,-0.0016959026688709855,-0.05106574669480324,0.4864971339702606,-0.02865814611084822,0.054241098455779964,-0.03125407913901408,0.0035771902662831145,0.00930108644190808,0.006114105369352529,0.09413797408342361,0.09007930755615237,0.242866650223732,0.06341067918200713,0.3905649012265671,26.2257985839042,-0.04212360765418869,-0.06790973858152821,-0.10265457533598242,0.0009558319943607785,1
7.387524127960205,-0.0016959026688709855,-0.05106574669480324,0.4864971339702606,-0.02865814611084822,0.054241098455779964,-0.03125407913901408,0.0035771902662831145,0.00930108644190808,0.006114105369352529,0.09413797408342361,0.09007930755615237,0.242866650223732,0.06503641645198092,0.3797411422647249,26.225589688765446,-0.048866567240614694,-0.0643681537701937,-0.0984931817619887,0.0009746209980221465,1
7.397644996643066,-0.0019911678973585367,-0.05042126029729843,0.48617395758628845,-0.02821373197016678,0.054676260795758956,-0.03050601853114872,0.004568579916802484,0.010194406328275729,0.008371214949407069,0.10253254324197769,0.0849680155515671,0.22824923694133759,0.06587659658387812,0.37030701592643345,26.224224196058792,-0.05540654216950616,-0.06447209879317313,-0.09422109173067406,0.001273419002245646,1
7.407803773880005,-0.0025612283498048782,-0.04915736988186836,0.4855232536792755,-0.02761539642514607,0.05610074846161427,-0.029758568772867585,0.006758155000910371,0.011723948081577173,0.012569989996565667,0.10507049411535263,0.07128673046827319,0.18971464037895203,0.0664888483958807,0.3618141383296829,26.231399091066375,-0.060548714890667425,-0.061444593065258936,-0.08977213490250145,0.003090791004069615,1
7.417598247528076,-0.0025612283498048782,-0.04915736988186836,0.4855232536792755,-0.02761539642514607,0.05610074846161427,-0.029758568772867585,0.006758155000910371,0.011723948081577173,0.012569989996565667,0.10507049411535263,0.07128673046827319,0.18971464037895203,0.06648315974934549,0.35406536826584034,26.22667915654616,-0.06253188895074889,-0.06243376140291048,-0.08237475886169204,0.000802243004727643,1
7.427518606185913,-0.002836693311110139,-0.048540614545345306,0.48519641160964966,-0.028283393014103684,0.055103950201938624,-0.0313645079707621,0.008494608876025378,0.012715222082704702,0.015273319405394226,0.11741751432418823,0.06908757239580157,0.17570318281650543,0.06628192352028828,0.34939591100682116,26.231717062557724,-0.07291262107226638,-0.06406283615345583,-0.07793785525255122,0.0009493360048509203,1
7.437539100646973,-0.003091420279815793,-0.04794063791632652,0.4848855137825012,-0.027110412862273142,0.05502655727519391,-0.028790786761243106,0.009897577756952547,0.013234274649668976,0.016942796006366834,0.13067710399627686,0.053499605506658575,0.15635786950588226,0.06585469088471509,0.3462677365879671,26.22602931806066,-0.0827305450429514,-0.058508293810117455,-0.07172838455325277,0.0009626069950172678,1
7.447829246520996,-0.003332938067615032,-0.04736560210585594,0.4845640957355499,-0.02572804149645136,0.05424405632444465,-0.0309751200119227,0.011175973706818443,0.013753840490765334,0.018315778746146094,0.13401660323143005,0.0497817099094391,0.13692818582057953,0.06419981855400905,0.3448968725926023,26.232653749781228,-0.08783610143620033,-0.0583495062760092,-0.06499712439945703,0.0026432230006321333,1
7.457539081573486,-0.003543468192219734,-0.04680776596069336,0.4842488765716553,-0.02402635871065891,0.053462583554116164,-0.029357131422400384,0.012686725668509702,0.014202295496606787,0.019615055757403965,0.13495589792728424,0.04549048095941545,0.12085603922605515,0.06276288096884501,0.343677316005609,26.23535646146749,-0.08788709234763137,-0.058346856477586986,-0.06373153927763116,0.0009957829970517196,1
7.467514514923096,-0.003924933727830648,-0.045782022178173065,0.48362332582473755,-0.022780865453959718,0.049368686972835446,-0.02983255123932243,0.01402526286878869,0.014577161704588004,0.02063277808528552,0.14505629241466522,0.025006676092743884,0.09853881597518921,0.0601353322280903,0.347899232345076,26.233872578483407,-0.09958834352301123,-0.04925325098972154,-0.05186109921420072,0.0009522699983790517,1
7.477506160736084,-0.004088623449206352,-0.04531104117631912,0.4833170771598816,-0.022571057100673263,0.04923719167648016,-0.029050547614724868,0.016373892553306568,0.014838239198579739,0.02194553916414277,0.14853626489639282,0.01355867087841035,0.08033853024244308,0.05799820717796905,0.3509410983828333,26.235641777149695,-0.10097492271239246,-0.04952571329812266,-0.05003319143454517,0.001153844001237303,1
7.487512588500977,-0.004088623449206352,-0.04531104117631912,0.4833170771598816,-0.022571057100673263,0.04923719167648016,-0.029050547614724868,0.016373892553306568,0.014838239198579739,0.02194553916414277,0.14853626489639282,0.01355867087841035,0.08033853024244308,0.056393404642101436,0.35552401491848507,26.23486185507657,-0.10889115245823738,-0.04506425913816557,-0.04448173283669668,0.0009454249957343563,1
7.497516870498657,-0.0042276205494999886,-0.044863514602184296,0.483018696308136,-0.019827531709938385,0.046875864269706816,-0.029953243165639732,0.017859253901395533,0.014969745008968527,0.022506369252548453,0.14704200625419617,0.012050384655594833,0.056241873651742935,0.0530327075251838,0.3622639226767109,26.238874305637797,-0.11246822069770336,-0.044989843306594425,-0.035880863632174964,0.0009483579997322522,1
7.507542610168457,-0.00433627562597394,-0.044466275721788406,0.4827224016189575,-0.019840614846514726,0.04566132277157396,-0.02792286316007924,0.019431130892148207,0.015115622110669857,0.022941425926060965,0.15280954539775848,0.008176093921065336,0.03758234903216362,0.05040304462104869,0.37009399072018623,26.23461706828459,-0.11937075791471517,-0.04362186237636477,-0.02841079918247104,0.0009568099994794466,1
7.5175395011901855,-0.00433627562597394,-0.044466275721788406,0.4827224016189575,-0.019840614846514726,0.04566132277157396,-0.02792286316007924,0.019431130892148207,0.015115622110669857,0.022941425926060965,0.15280954539775848,0.008176093921065336,0.03758234903216362,0.04808749946283402,0.3769642535701613,26.23285016162024,-0.11938996746943195,-0.043599808020427365,-0.02700600587526908,0.0009343900019302964,1
7.5275421142578125,-0.004503754433244467,-0.043783240020275116,0.48213061690330505,-0.01825436207558957,0.04042494669884056,-0.026895800579594724,0.022514342937729914,0.015330528929759613,0.02317004297947367,0.14688563346862793,0.009653519839048386,0.0010007983073592175,0.044943897478494095,0.38871891514438905,26.230920868921405,-0.12547614922120956,-0.04506399920820935,-0.01490669551550869,0.0009511529933661222,1
7.5375306606292725,-0.004556650761514902,-0.04350072145462036,0.4818471074104309,-0.015023169335529114,0.03681438050350662,-0.03085266220025658,0.024718467386442455,0.015612156823575862,0.022963786844065748,0.14098896086215973,0.021338710561394688,-0.027810644358396534,0.038837171556193185,0.4040010153296428,26.245045700767797,-0.12914273443687815,-0.05155831435920997,-0.003082980830503519,0.0009711979946587235,1
7.54753851890564,-0.00459861708804965,-0.04324667528271675,0.4815441370010376,-0.01624142574260776,0.03686198594576138,-0.027479352337358404,0.026076040044416438,0.015901695518084846,0.022501618225661435,0.1322128176689148,0.013422022573649878,-0.042902372777462006,0.03469672995587864,0.4175492761777961,26.240220230801434,-0.12879586525040784,-0.04870042163415826,0.004349958614914792,0.0009936179994838312,1
7.5575478076934814,-0.0046105957590043545,-0.04285808652639389,0.48096537590026855,-0.013941540523438729,0.031275060080818616,-0.02766330899034484,0.027422393835947467,0.01600748512624417,0.02192365075507885,0.12449795752763748,0.01879891194403171,-0.06385862827301025,0.029124907890904238,0.4344187265545964,26.238939925691987,-0.1280681134890477,-0.051561082280903864,0.01270522409422543,0.0009582769998814911,1
7.5697853565216064,-0.004586305469274521,-0.04272760823369026,0.4806869924068451,-0.010473739402928398,0.026502411841214425,-0.0301620736284498,0.029194424436422395,0.016442830743241377,0.020710202355779916,0.11280118674039841,0.02103058248758315,-0.0859237089753151,0.02085204852388494,0.4542429354660548,26.250327608566845,-0.12931167540727087,-0.05432894272321518,0.02242560489210981,0.0010998529978678562,1
7.577534914016724,-0.0045623453333973885,-0.04263639822602272,0.48039180040359497,-0.012596500087183554,0.02455384841968143,-0.026448594426142873,0.03019582714816682,0.01675055521044211,0.019610365122446627,0.10169227421283722,0.021285507827997194,-0.10825735330581665,0.015118823363348676,0.4728804492354151,26.242006532051658,-0.12606839963761482,-0.05482336805620432,0.03175840722774051,0.0007926039979793131,1
7.587526082992554,-0.004509333986788988,-0.04257538914680481,0.4801165759563446,-0.007342750312401911,0.02077521579464566,-0.03137643626154442,0.03117968702959928,0.016982830739966204,0.018392637244076582,0.09126069396734238,0.021293818950653062,-0.12292584031820297,0.005450766320284864,0.4936142628802816,26.256811250525804,-0.12434994312083959,-0.056140324958837404,0.03896990290197668,0.000958206997893285,1
7.597617864608765,-0.004509333986788988,-0.04257538914680481,0.4801165759563446,-0.007342750312401911,0.02077521579464566,-0.03137643626154442,0.03117968702959928,0.016982830739966204,0.018392637244076582,0.09126069396734238,0.021293818950653062,-0.12292584031820297,-0.003041024686423416,0.51168766567208,26.263791972727233,-0.1251984019510924,-0.05633214743376874,0.04080528705949357,0.0011447630022303201,1
7.607604742050171,-0.004438868723809719,-0.04257138445973396,0.47983548045158386,-0.00850969934018191,0.017995609036072335,-0.02389910250057795,0.03117968702959928,0.016982830739966204,0.018392637244076582,0.09126069396734238,0.021293818950653062,-0.12292584031820297,-0.008940397611953779,0.5280496238563392,26.241591858695404,-0.12528112542726397,-0.05607588686033619,0.04114900687394343,0.0009473110039834864,1
7.617717027664185,-0.0043297200463712215,-0.04261250048875809,0.4795626401901245,-0.004993427524354362,0.013343779345280677,-0.031194558381812783,0.03266649167369051,0.017589577963545988,0.015398283736077989,0.0602710135281086,0.026733890175819376,-0.16612909734249115,-0.018629731832365968,0.54790880697906,26.258899718699013,-0.11576334733506277,-0.06084025337319527,0.05706578523408637,0.001022674005071167,1
7.627513408660889,-0.004224745091050863,-0.04269964247941971,0.47929832339286804,-0.006310409863111293,0.010807353999437113,-0.023725286128808486,0.033192365023532844,0.01812685974823358,0.013654469061426866,0.043210774660110474,0.02884191833436487,-0.17928001284599304,-0.026191706521180066,0.5656259755550344,26.2408640928385,-0.10950952564217627,-0.06311496550925111,0.06536823378001817,0.0009391389976372011,1
7.6375226974487305,-0.004090816248208284,-0.04283778369426727,0.479036808013916,-0.003081879810841369,0.00541098648601107,-0.02991252765081449,0.033713195617678604,0.018524949607399588,0.010801272963086195,0.02849484607577324,0.022280566394329047,-0.19911076128482819,-0.03641243684364914,0.5867062623012099,26.255920349141334,-0.10470554775804285,-0.061730095906773995,0.07504682895286707,0.0009761570036062039,1
7.647517919540405,-0.003940144088119268,-0.04304078593850136,0.47878730297088623,-0.0026100962543712785,0.0026954207766379484,-0.023351045321314715,0.033956128103304284,0.018906471753156406,0.008705735520530666,0.0211115013808012,0.018506061285734152,-0.21160341799259186,-0.04552035936587547,0.606002294441373,26.240036165136047,-0.10205756089748509,-0.06102448039942501,0.08214627554141012,0.0009667979975347407,1
7.657504320144653,-0.0037591089494526386,-0.04327548295259476,0.4785386323928833,0.00021314784600634035,-0.0027140215036340503,-0.028651636101007003,0.033990471149510704,0.019149371947455585,0.006470666742738551,-0.0007767847273498774,0.020104827359318705,-0.2253987342119217,-0.05692328144401615,0.6276290983282845,26.25284029796742,-0.09274113064989156,-0.06276768092550086,0.0892845227712735,0.0009572979979566298,1
7.667516708374023,-0.0035718935541808605,-0.04357228800654411,0.47829288244247437,-2.662416105379803e-05,-0.004701114196183417,-0.022925231617297273,0.03399701798195043,0.019428216721490088,0.0041203601842485504,-0.004237877205014229,0.003918268252164096,-0.24112720787525177,-0.06617669015105865,0.6470851187751959,26.238921664205215,-0.09112111705414709,-0.05618050374171307,0.09708986775731088,0.000986983002803754,1
7.677525043487549,-0.003126283176243305,-0.04429950192570686,0.47784021496772766,0.0033011407952828575,-0.012957251528033556,-0.022765154082722863,0.03384757223445112,0.01952072948079797,0.0015717839507476405,-0.016303636133670807,0.00332566164433953,-0.25906118750572205,-0.07730284845623633,0.6700208875752484,26.232555902097243,-0.08603040840087586,-0.056373053099847754,0.10489192674611282,0.0009707790013635531,1
7.687523126602173,-0.002869704272598028,-0.04472518339753151,0.47763291001319885,0.006094901781867024,-0.01824398891487553,-0.023681789691773456,0.0334553410062286,0.0198014657639094,-0.002482813292964181,-0.03153560683131218,0.004252578597515788,-0.2732394337654114,-0.08741342607194437,0.6907229431918407,26.231559823517436,-0.08575084295292422,-0.05642867955617589,0.10735210056573583,0.0011416199995437637,1
7.697527647018433,-0.002869704272598028,-0.04472518339753151,0.47763291001319885,0.006094901781867024,-0.01824398891487553,-0.023681789691773456,0.0334553410062286,0.0198014657639094,-0.002482813292964181,-0.03153560683131218,0.004252578597515788,-0.2732394337654114,-0.09942325491002266,0.7125008733842206,26.235013248126158,-0.0782012441772194,-0.057882152049583704,0.11477097230159895,0.000947451000683941,1
7.70754075050354,-0.0026164352893829346,-0.045200806111097336,0.4774174690246582,0.005388445641219079,-0.020341349707301906,-0.02260543039558471,0.033012635788179256,0.019968402121810502,-0.005242958566548772,-0.0419035404920578,0.0012801986886188047,-0.27719101309776306,-0.10997595651195605,0.7327172804361888,26.23343485736236,-0.07239072358781605,-0.05689191631459949,0.11903017378357468,0.001109073004045058,1
7.717516660690308,-0.0023372010327875614,-0.04570626839995384,0.47721177339553833,0.009045887667054902,-0.025288525895514596,-0.0232564696210477,0.032658216151064234,0.019992324117363403,-0.008239001161735704,-0.0512005090713501,-0.008373168297112024,-0.2966948449611664,-0.12232244836734374,0.754098567980043,26.235697225090167,-0.06752146058736011,-0.052994497453173216,0.12790850898859268,0.0009579969992046244,1
7.727519750595093,-0.0020549490582197905,-0.04625933617353439,0.4770013988018036,0.00724871499557735,-0.028286440267186,-0.02265855488497327,0.031971693429646564,0.020074106829163885,-0.011231188601613429,-0.06359291821718216,-0.011426180601120032,-0.3037724792957306,-0.1324769838886035,0.7744948498588953,26.235312990100354,-0.06022554821648935,-0.05159402337993479,0.13359884686996462,0.0009311070025432855,1
7.737539529800415,-0.0017609389033168554,-0.046860966831445694,0.47679486870765686,0.009574167395614385,-0.034409731604651564,-0.02278699730401316,0.03137245994827742,0.020052591694753374,-0.014304266890783346,-0.06648420542478561,-0.01380890980362896,-0.31013986468315125,-0.1437383059706497,0.7968644347769667,26.23628583606979,-0.057692725677556914,-0.05065043851713765,0.13849845486564163,0.0009725249983603135,1
7.7475385665893555,-0.0014611204387620091,-0.047504227608442307,0.47658127546310425,0.0099333644975766,-0.03655654188338152,-0.022683026357659862,0.03031286462999594,0.020010096917804976,-0.019165555339835105,-0.06842006742954254,-0.013880705460906069,-0.3255356252193451,-0.154766346225243,0.8176880782815906,26.237150198207818,-0.05396830623020322,-0.05051401908827221,0.1472160266333216,0.0009950150051736273,1
7.7575414180755615,-0.0011484113056212664,-0.04817719757556915,0.47638076543807983,0.012425964664137807,-0.03994188456740678,-0.02129659246530908,0.02948023464841576,0.01990574026156322,-0.022424585255051532,-0.08053921163082123,-0.015643926337361374,-0.3254380524158478,-0.16670920353551646,0.8376839060385047,26.233413481428027,-0.046504274334294944,-0.04955299907657755,0.15068580507427137,0.000960791003308259,1
7.768325090408325,-0.0008265551296062768,-0.04888637363910675,0.4761677086353302,0.012005576788813073,-0.04341136289961923,-0.02127938352165976,0.028671688526182404,0.019930451567666818,-0.02575727814789852,-0.08646959066390991,-0.017725214362144512,-0.33702796697616577,-0.17775130054650515,0.8576268551307219,26.23265368728348,-0.04179070146601099,-0.04864708628730183,0.15702075331661172,0.0011290480033494532,1
7.777515649795532,-0.0005020727985538542,-0.04961848258972168,0.47595635056495667,0.012534670426660961,-0.046428158861888995,-0.022119045346165666,0.027768955345440105,0.019715574665360336,-0.029215234602025575,-0.08439254760742188,-0.03110482357442383,-0.3430608808994293,-0.1881334470924059,0.8775193467125215,26.236073473580618,-0.04043774425636734,-0.04203605293627159,0.16212764595316193,0.0009806969974306412,1
7.787535667419434,0.00016290431085508317,-0.05118580535054207,0.4755353331565857,0.014252413919787602,-0.052638307207240456,-0.02189733280182253,0.02692528610753042,0.019558770043190066,-0.0325995301410833,-0.08915310353040695,-0.034967806190252346,-0.3382543623447418,-0.1991475398452178,0.8993030043057717,26.236741713855043,-0.03734053446076319,-0.0400477029207211,0.162130448524679,0.0009744809940457344,1
7.797658443450928,0.0005001462996006012,-0.05201601982116699,0.47532713413238525,0.015788657512124823,-0.055191148067841936,-0.021658903050316602,0.02692528610753042,0.019558770043190066,-0.0325995301410833,-0.08915310353040695,-0.034967806190252346,-0.3382543623447418,-0.2107249673929623,0.9218161927421523,26.237694916629284,-0.03666536894633771,-0.03998649461101238,0.1634493596543031,0.0012528840015875176,1
7.807931184768677,0.0008450604509562254,-0.05285026878118515,0.4751242697238922,0.0157242790948479,-0.05756753682970137,-0.021621581101012283,0.024752359898262632,0.01893338218438334,-0.04141118469433103,-0.0840500071644783,-0.03541715443134312,-0.3517833650112152,-0.22113819227904397,0.9420876618908143,26.23878886170737,-0.03656757007873151,-0.039940932884821395,0.16369671309773076,0.0029758960008621216,1
7.817571640014648,0.0008450604509562254,-0.05285026878118515,0.4751242697238922,0.0157242790948479,-0.05756753682970137,-0.021621581101012283,0.024752359898262632,0.01893338218438334,-0.04141118469433103,-0.0840500071644783,-0.03541715443134312,-0.3517833650112152,-0.23117838202534885,0.9604792527700289,26.240098186616528,-0.033059951432621144,-0.03796393169706596,0.1731611589450162,0.0008135569951264188,1
7.827509641647339,0.0011903014965355396,-0.05371364578604698,0.4749087393283844,0.01716513904287815,-0.05867617951325562,-0.021377910082552895,0.0239193225201646,0.0185898354874916,-0.0449127012749182,-0.08185116946697235,-0.04295332729816441,-0.353114515542984,-0.2413398478784059,0.97763851034959,26.240664788801194,-0.031828099442155075,-0.03368504947180054,0.17735652827277584,0.0009607209940440953,1
7.83751368522644,0.0015421465504914522,-0.05457753688097,0.4747063219547272,0.016709863895745566,-0.05949114637186444,-0.02114331362101848,0.023109631081825288,0.018319026493490043,-0.048496657577353997,-0.07835180312395096,-0.04202605038881306,-0.3535170555114746,-0.2506629859477934,0.9936384244662188,26.240934137513392,-0.031209008210397328,-0.03323151926361041,0.18031264957932477,0.0009658899944042787,1
7.847534418106079,0.0018790265312418342,-0.055450115352869034,0.47449350357055664,0.017074569722007462,-0.06045604127498915,-0.021183649234838644,0.022289313609880956,0.018007257231924978,-0.051952366132140604,-0.07692399621009827,-0.04242326691746716,-0.3474365174770355,-0.2597390005884082,1.008666039747266,26.24209432123037,-0.029704047109866533,-0.03214859144926637,0.18084200543092935,0.0009663090022513643,1
7.857523679733276,0.0022147155832499266,-0.05632032826542854,0.4742985963821411,0.017223674721556396,-0.06347530336011503,-0.020078048145124545,0.021523126702547746,0.017716447523934864,-0.05547936777939233,-0.06650794297456741,-0.0391965433955193,-0.3471398949623108,-0.2685845696564748,1.0245196798331038,26.239494450372433,-0.032519925342893566,-0.032790456643360916,0.18284117306844472,0.0009626770042814314,1
7.867516994476318,0.0025450896937400103,-0.05721261724829674,0.474093496799469,0.01632921145191641,-0.06454269594280317,-0.02071182081999116,0.020621535514321998,0.01721496617199403,-0.06062944481544141,-0.05731147527694702,-0.03965144231915478,-0.3401595652103424,-0.27644345150333965,1.0397963005929463,26.241524195105423,-0.034316220643446395,-0.0310693250332578,0.18385000953921055,0.000958346005063504,1
7.87752628326416,0.002872774377465248,-0.058098286390304565,0.4739060401916504,0.017085351045459062,-0.06641653925233006,-0.01881858892894788,0.020082601480218454,0.016820945156935885,-0.06397932625852132,-0.04850690811872482,-0.04496647417545323,-0.338178426027298,-0.28411365390114607,1.0551135083080805,26.236482525263266,-0.03700509759696563,-0.027612816210282144,0.18528379054389515,0.0009512920005363412,1
7.88751220703125,0.0031932853162288666,-0.0589788556098938,0.47372376918792725,0.017885079405811792,-0.06585045906631377,-0.019172489709688025,0.019625583425188164,0.016472732595413486,-0.067331606322095,-0.044654183089733124,-0.04634511470794682,-0.3277464210987091,-0.29195595814518,1.0689283547157702,26.236408710035352,-0.03745954604006677,-0.02600526719090873,0.18404796884687963,0.0009714780026115477,1
7.897662401199341,0.0035073638428002596,-0.059842124581336975,0.4735453128814697,0.01814180198138344,-0.06744059926498092,-0.01711947483982491,0.01924257465008683,0.016046905585166193,-0.07054250555642927,-0.028355762362480164,-0.05093774944543843,-0.3253743052482605,-0.29921743984904414,1.0831714447692273,26.229868318223136,-0.043898288214819926,-0.022775001535618827,0.1848457566928668,0.0009307580039603636,1
7.907517194747925,0.004100740887224674,-0.06152686849236488,0.4732012450695038,0.018381054832974256,-0.0681655482391189,-0.01727327535748077,0.01886674052145043,0.01543636223397682,-0.0752756929780789,-0.018944140523672104,-0.0467886216938496,-0.30927830934524536,-0.3064163225822302,1.0972058623981358,26.227804756486737,-0.047592064677495556,-0.02351331817721951,0.1805774578426731,0.0009523400003672577,1
7.917510747909546,0.004100740887224674,-0.06152686849236488,0.4732012450695038,0.018381054832974256,-0.0681655482391189,-0.01727327535748077,0.01886674052145043,0.01543636223397682,-0.0752756929780789,-0.018944140523672104,-0.0467886216938496,-0.30927830934524536,-0.31325441421232186,1.1105814562398373,26.228219059569046,-0.04723950603102029,-0.022879008276122433,0.18162015695019687,0.0009635149981477298,1
7.927509784698486,0.004671825096011162,-0.06316842883825302,0.47287771105766296,0.017564625736344052,-0.06729730228916685,-0.01597873697918228,0.018603830513712172,0.014601690224482766,-0.08133198318508095,-0.0010082146618515253,-0.045535929501056706,-0.2961711883544922,-0.31936223256988194,1.1218444451445155,26.223767031994452,-0.049185459565414896,-0.020440941995705564,0.181442695051013,0.0012772589980158955,1
7.937514305114746,0.004671825096011162,-0.06316842883825302,0.47287771105766296,0.017564625736344052,-0.06729730228916685,-0.01597873697918228,0.018603830513712172,0.014601690224482766,-0.08133198318508095,-0.0010082146618515253,-0.045535929501056706,-0.2961711883544922,-0.3247990710348851,1.133859200447661,26.223266509062178,-0.054548461667250595,-0.021034968151337506,0.18092317114659578,0.0009439589994144626,1
7.9475257396698,0.004934962373226881,-0.06395284831523895,0.47273534536361694,0.01691379878974437,-0.0656324179175323,-0.014731592694934854,0.018576838009664698,0.014195324356173433,-0.08414000851867964,-0.00348035735078156,-0.049331061542034184,-0.28093910217285156,-0.32913034816907666,1.1439494892926472,26.21929510906581,-0.05337385652888868,-0.018074566533419795,0.17744134674466092,0.0009830019989749417,1
7.957514524459839,0.00518829096108675,-0.06473588198423386,0.47259101271629333,0.016686740943697917,-0.0661633313157488,-0.01662397764841712,0.018476589013956435,0.01376312618928921,-0.08685067677008718,-0.0025070637930184603,-0.04241278395056728,-0.26849204301834106,-0.3335538984104423,1.1543240789233686,26.224847778658535,-0.05355043399861876,-0.019954872458202447,0.17425903137611615,0.0009805570007301867,1
7.9675469398498535,0.005432072561234236,-0.0654866099357605,0.47245845198631287,0.017141729273477273,-0.0652336478759677,-0.013166085892665052,0.018557265258269062,0.013448047861102985,-0.08947682542556823,0.005260388366878033,-0.03876414149999621,-0.2513170838356018,-0.33793511546761357,1.1635953820612983,26.21550558159389,-0.05729153516830639,-0.020758464507361317,0.16953510047583528,0.0010207880040979944,1
7.9775378704071045,0.005661546252667904,-0.06620901077985764,0.4723159372806549,0.016468749870798043,-0.06452211744207818,-0.015714263642544815,0.018504622829621287,0.012823044530660521,-0.09301173940664853,0.006557443179190159,-0.03771412000060084,-0.23183128237724304,-0.34170386482646425,1.1724380226698432,26.221163047063875,-0.05771406688762736,-0.01940773193715766,0.16428312657781946,0.0010846259974641725,1
7.987573623657227,0.005889772437512875,-0.0669185221195221,0.4721812307834625,0.017517048697280872,-0.06394145640696944,-0.013122187964702587,0.018538009665423516,0.012525669578691279,-0.0952408262819815,0.0018077194690704346,-0.03663104772567752,-0.21807217597961426,-0.3459099159288289,1.1801298936887903,26.214971963238952,-0.055728421122768726,-0.01912213770680785,0.16006874171437635,0.0010781310047605075,1
7.997861862182617,0.006100437603890896,-0.06760701537132263,0.47203728556632996,0.015461234456889378,-0.06355985265805765,-0.015308437118523817,0.01857321116746924,0.01222794906598379,-0.0972704216889495,0.008138302713632584,-0.03132936730980876,-0.19965893030166626,-0.3487791987042083,1.1881477546832362,26.220607946349265,-0.058607710116935656,-0.02047658725048068,0.1544028961027406,0.0011024370032828301,1
8.007817268371582,0.0062877885065972805,-0.0682506412267685,0.47190746665000916,0.015379648521452054,-0.062482997794735706,-0.013432868784204985,0.018610880721369405,0.011805330874893105,-0.10000796234434572,0.005447507835924625,-0.030611345544457456,-0.17804992198944092,-0.3512585072154,1.1949036305158096,26.216895448269707,-0.05755386556488884,-0.019577607992817544,0.1477135285216937,0.0026803110013133846,1
8.01764178276062,0.006617323495447636,-0.06947880238294601,0.47163718938827515,0.013705093948631916,-0.06048733746106968,-0.012976137069939025,0.018641704113881996,0.011587278032424653,-0.10174220159992764,0.005622309632599354,-0.02609199471771719,-0.17118175327777863,-0.35344363919100147,1.2008390803785571,26.215363251371766,-0.05750320722755204,-0.019564152114521036,0.14645318321399264,0.00169102299696533,1
8.027532577514648,0.006760863121598959,-0.0700504407286644,0.4715060293674469,0.012126812321025575,-0.05953923244277898,-0.013950176614826414,0.018641704113881996,0.011587278032424653,-0.10174220159992764,0.005622309632599354,-0.02609199471771719,-0.17118175327777863,-0.35478408784647086,1.2063241141410816,26.21423745380162,-0.05756307249456972,-0.02085034691125672,0.14484430025079342,0.0012478549979277886,1
8.03751826286316,0.006760863121598959,-0.0700504407286644,0.4715060293674469,0.012126812321025575,-0.05953923244277898,-0.013950176614826414,0.018641704113881996,0.011587278032424653,-0.10174220159992764,0.005622309632599354,-0.02609199471771719,-0.17118175327777863,-0.35512345050915883,1.2114588674494462,26.217706595508425,-0.05748115828267708,-0.020719307000602975,0.14453787801789575,0.0011108889957540669,1
8.047518253326416,0.00688167242333293,-0.07059852033853531,0.47138434648513794,0.011005643871624629,-0.0576936789612387,-0.012541021377099167,0.01864103453608479,0.011044603287577726,-0.10459606446506742,0.004644305445253849,-0.025331314653158205,-0.13291031122207642,-0.3543709024602549,1.215200504123128,26.21472676453192,-0.05703682962397504,-0.019355124932840286,0.1331565699185938,0.0009464730028412305,1
8.057530641555786,0.006985196378082037,-0.0711158812046051,0.47125622630119324,0.01038587468296968,-0.05675711855086578,-0.012313571753997825,0.018667948382460775,0.010759578248327184,-0.10583950907699213,0.005766642279922962,-0.025930562987923636,-0.12641803920269012,-0.35325398456213825,1.2185748689318299,26.213237173228258,-0.05756018601066004,-0.01823921979165783,0.12936253027515185,0.0009955040004570037,1
8.06751036643982,0.00707614328712225,-0.07160893082618713,0.47113609313964844,0.009257529715385973,-0.05496999249867655,-0.012691405629067147,0.018680200386751444,0.010515699981974436,-0.10693681384327425,0.003811681643128395,-0.026012757793068896,-0.09897426515817642,-0.35137803225529,1.220997117271175,26.214462964227277,-0.05664399808425374,-0.017327310728372142,0.12009608454973496,0.0009772049961611629,1
8.077715396881104,0.0071511538699269295,-0.07206542044878006,0.47101926803588867,0.008869905994600732,-0.05394547059883791,-0.012519843869324051,0.018669145597883574,0.010090494276101758,-0.10815342321235377,0.007738616317510605,-0.026813779026269923,-0.07871980220079422,-0.349181924662958,1.2231268079934547,26.21483913926835,-0.058341207359902496,-0.015719158373091017,0.1121909561178534,0.0009309669985668734,1
8.087510108947754,0.007210711017251015,-0.07249678671360016,0.47090375423431396,0.006858632580253903,-0.052050881113052325,-0.01224515228605976,0.018688663047570664,0.009702318497074813,-0.10881762710836496,0.009905602782964706,-0.032622400671243675,-0.06226150691509246,-0.3452518131677646,1.2244464108975557,26.214526864632912,-0.05930383179277105,-0.011796185403469373,0.105566683915259,0.0009568099994794466,1
8.097506284713745,0.0072458903305232525,-0.07288909703493118,0.4707970917224884,0.006609978326717609,-0.04955730588326299,-0.010765492037199512,0.01874992776022255,0.009315879277414396,-0.10926917979272188,0.007586539722979069,-0.04376535490155221,-0.040553204715251916,-0.340665943721557,1.224196742653701,26.209720216886037,-0.05835651555349524,-0.00557890794301181,0.09739020141664963,0.0009424210002180189,1
8.107547283172607,0.007263112813234329,-0.07323965430259705,0.4706903398036957,0.004303068924118837,-0.049274414766305556,-0.012174483538875113,0.0187562751477377,0.008842987929551072,-0.10951694614532492,0.012444810010492802,-0.041975561529397964,-0.02143631130456924,-0.33465227317062907,1.2245843710435926,26.212706498452317,-0.06052437111378563,-0.005267125306977729,0.08963636369213576,0.0009759480017237365,1
8.117557048797607,0.0072610522620379925,-0.07358111441135406,0.4705832600593567,0.004325836401439849,-0.04653614014374656,-0.01044501457889681,0.01899394661148124,0.008104747829927206,-0.10969467144086043,0.021273043006658554,-0.04859871789813042,-0.010490124113857741,-0.32814690058940177,1.223806938378361,26.208294281565433,-0.06476321909298849,-0.000511926067742645,0.08467018895521135,0.0009677060006652027,1
8.127674341201782,0.007245759479701519,-0.0738736242055893,0.47047680616378784,0.002718513515844845,-0.04547964781158801,-0.011981543168079183,0.019149380633486146,0.0075082103956054524,-0.10951388678085161,0.021094728261232376,-0.056501131504774094,0.01629453711211682,-0.32040329317746413,1.2234903837619178,26.212724229050202,-0.06535411078666153,0.005676677881712596,0.07494292129451405,0.0009659599963924848,1
8.137514114379883,0.007245759479701519,-0.0738736242055893,0.47047680616378784,0.002718513515844845,-0.04547964781158801,-0.011981543168079183,0.019149380633486146,0.0075082103956054524,-0.10951388678085161,0.021094728261232376,-0.056501131504774094,0.01629453711211682,-0.31361757013230307,1.2231976385947092,26.21453599458514,-0.06535803493213758,0.005688493338253057,0.07311239561075449,0.0009698010035208426,1
8.147512912750244,0.007087580393999815,-0.07456906884908676,0.47016650438308716,-0.0007794837720014789,-0.03806766863886643,-0.009760585667422229,0.01954883952696873,0.006162633214941593,-0.10873360022915568,0.02906305156648159,-0.06749992817640305,0.0460132546722889,-0.30490085871703276,1.22151317706941,26.213763920378426,-0.06742952720434595,0.0076933005416721595,0.06696888010854742,0.0010732420050771907,1
8.157512426376343,0.007087580393999815,-0.07456906884908676,0.47016650438308716,-0.0007794837720014789,-0.03806766863886643,-0.009760585667422229,0.01954883952696873,0.006162633214941593,-0.10873360022915568,0.02906305156648159,-0.06749992817640305,0.0460132546722889,-0.2948362336798689,1.217922911924431,26.20851324005966,-0.06956753495185997,0.014742754275244813,0.06158042866660171,0.0010161780010093935,1
8.167507648468018,0.006990210618823767,-0.07472541183233261,0.4700767695903778,-0.0025131779966645514,-0.0380125790306978,-0.010790016555140228,0.01954883952696873,0.006162633214941593,-0.10873360022915568,0.02906305156648159,-0.06749992817640305,0.0460132546722889,-0.2847234221652099,1.2152459896861794,26.210343764221175,-0.06959322381414268,0.014918248632098749,0.06056325607282535,0.0009996950029744767,1
8.17750096321106,0.006876225117594004,-0.07485905289649963,0.46997275948524475,-0.003818007465004614,-0.03499490761697941,-0.009734429467157257,0.01954883952696873,0.006162633214941593,-0.10873360022915568,0.02906305156648159,-0.06749992817640305,0.0460132546722889,-0.27452827192847723,1.2109309449737875,26.207868249393748,-0.06938454577619453,0.015016478547812316,0.060371238161010594,0.0009779030006029643,1
8.188235521316528,0.006743876729160547,-0.07496192306280136,0.46988216042518616,-0.004997953079282659,-0.03484103077396396,-0.010908368088800894,0.02056286327043333,0.0034844900507966514,-0.10585079481071347,0.03955238312482834,-0.07547774165868758,0.0984816998243332,-0.2611031226545484,1.208939826879455,26.211243493648322,-0.07685260144536528,0.02620744964138453,0.042063519060468624,0.0011648090003291145,1
8.197535037994385,0.006593382451683283,-0.07503519207239151,0.46977731585502625,-0.006977752592798672,-0.030449446192902224,-0.010132145190533362,0.02091093182388981,0.0026987785018963706,-0.10471790858096863,0.03454553708434105,-0.07770372927188872,0.11960654705762865,-0.24633262126111644,1.2044395894552036,26.210393633605772,-0.07529143071654056,0.029693173747527588,0.03127626730964332,0.0011530749980011024,1
8.207632780075073,0.0064193024300038815,-0.0750797837972641,0.4696846306324005,-0.009041246991954053,-0.03012852928110134,-0.00865665358244301,0.02110112165177469,0.001803356168458059,-0.10332539935556895,0.027209457010030746,-0.07968115061521529,0.14014564454555511,-0.23045343246644462,1.2002845074176731,26.20534029517155,-0.07255322522692861,0.033266614459643525,0.02199354276579108,0.0017076470030588098,1
8.21776294708252,0.006215590983629227,-0.07508926838636398,0.46958786249160767,-0.010932883477877114,-0.027700785423284642,-0.010379335891402282,0.021299988501228384,0.0008924073269689359,-0.10195498218542731,0.026284029707312584,-0.08254528045654295,0.14191126823425293,-0.21356480394862337,1.195544671194352,26.209729234433382,-0.0724138091439354,0.03722750602066864,0.019062896798720214,0.0034311469935346395,1
8.227733850479126,0.005989292170852423,-0.07508566975593567,0.4694904386997223,-0.013596970817292652,-0.027305494844584582,-0.01015232601599288,0.02145582611096275,4.084682468397105e-05,-0.10036959980815752,0.019761202856898308,-0.07959632575511931,0.16195249557495117,-0.19552874088956793,1.1912435597633542,26.211173953826176,-0.06990871956066347,0.03851451037032496,0.011157091292270827,0.0009024710016092286,1
8.237512111663818,0.005742285866290331,-0.07505470514297485,0.46939295530319214,-0.015057696290117986,-0.02447368929068619,-0.009827454636918222,0.021571314358214355,-0.0014172923335245002,-0.09770910597329019,0.013978013768792152,-0.09065956622362134,0.18088392913341522,-0.1759716275184205,1.1854631446840727,26.210777904909122,-0.06727491471668967,0.04622358229578277,0.002984928897465655,0.0010068880001199432,1
8.247509956359863,0.005742285866290331,-0.07505470514297485,0.46939295530319214,-0.015057696290117986,-0.02447368929068619,-0.009827454636918222,0.021571314358214355,-0.0014172923335245002,-0.09770910597329019,0.013978013768792152,-0.09065956622362134,0.18088392913341522,-0.15876231016825804,1.1803932713205798,26.21098338820813,-0.06738734304457175,0.047638307726510815,0.0005567661239903646,0.0009678460046416149,1
8.257508754730225,0.005192463286221027,-0.07492250949144363,0.4691829979419708,-0.01862967033509065,-0.019585620381018604,-0.010258756629119575,0.02161709234402487,-0.002331462675366769,-0.09586614002646732,0.0077741872519254684,-0.08554689586162564,0.18400047719478607,-0.13907318399270346,1.1725376661301303,26.213521902624837,-0.06428278552731412,0.04816126229388308,-0.0019713055245389895,0.0010680729974410497,1
8.267521619796753,0.0048784660175442696,-0.07481967657804489,0.46907100081443787,-0.02169080467901677,-0.018165841444646953,-0.010814162020912128,0.02149126089350828,-0.0032685151905496035,-0.09383137516591145,-0.0019845045171678066,-0.08190734684467313,0.20740316808223724,-0.11796752520053497,1.164369389446965,26.217062372459772,-0.059406737450168376,0.04938681528169167,-0.011257785714361136,0.0009673570020822808,1
8.277523279190063,0.004550520796328783,-0.07468821853399277,0.46896037459373474,-0.022952286532194634,-0.014800345513692897,-0.011610529387458109,0.021338308505921333,-0.004248898948505886,-0.09172899572990456,-0.014872794970870018,-0.09033307433128354,0.21403084695339203,-0.09630553511196019,1.1542641025684264,26.221901783493195,-0.05288086368583785,0.05597229379271881,-0.016380309867948372,0.0009656799957156181,1
8.287517070770264,0.0041941870003938675,-0.0745331421494484,0.46884092688560486,-0.02466953918832895,-0.01327912787625589,-0.0111810462567648,0.021338308505921333,-0.004248898948505886,-0.09172899572990456,-0.014872794970870018,-0.09033307433128354,0.21403084695339203,-0.07551908616919265,1.1442081034795792,26.222874735954363,-0.05277377301153141,0.05612526200979976,-0.01734845682197218,0.0009635850001359358,1
8.297547817230225,0.0038317006547003984,-0.07434903085231781,0.4687187671661377,-0.02680393871092345,-0.00972925017355191,-0.012752452888238041,0.02042678925689989,-0.006556601969115228,-0.08611520279285845,-0.040464721620082855,-0.07681903988122937,0.23836959898471832,-0.05241467762802587,1.1311596417981653,26.229604476492327,-0.038352134420727775,0.05650551703994172,-0.028674489217816367,0.0009785319998627529,1
8.30752682685852,0.0034295266959816217,-0.07414717227220535,0.4685899019241333,-0.029374018326873707,-0.008848280567066947,-0.011653994221456212,0.019929784442417997,-0.007434911351503537,-0.08373461704930651,-0.043827079236507416,-0.080483503639698,0.23601922392845154,-0.028484790788113203,1.118246352885972,26.229163689995875,-0.03534453495476271,0.06068196379868876,-0.03141104101181722,0.0009878209966700524,1
8.317529439926147,0.0030227068345993757,-0.07392005622386932,0.4684561491012573,-0.031429182757458235,-0.005915479504074978,-0.01391149967197876,0.019307404652899596,-0.008258353748496372,-0.08139253245918487,-0.05323020741343498,-0.07072500139474866,0.23852290213108063,-0.004427170194045645,1.1039877640460904,26.237568659985627,-0.029103710152589304,0.058661507180669384,-0.034070653239712936,0.0009549940004944801,1
8.327549457550049,0.0025883461348712444,-0.0736786499619484,0.46831685304641724,-0.033062309021856966,-0.002387178777908158,-0.012671998735867733,0.01862479784357518,-0.00899179802350547,-0.07892508067973036,-0.06526391208171844,-0.0664853677153587,0.24708405137062073,0.01920673526287136,1.0875463505385639,26.23690962800663,-0.022207055278547574,0.05808717552280483,-0.037818199633556426,0.0009553429990774021,1
8.337509632110596,0.0016693619545549154,-0.0731140524148941,0.4680280089378357,-0.037152297792853055,0.0031498959409107714,-0.012758066878982725,0.017329002198778642,-0.009925865685620927,-0.07527400614538537,-0.07661941647529602,-0.054303072392940493,0.2409774661064148,0.045018524271902755,1.0671294897565675,26.23783258065337,-0.013644612917297924,0.05517230040737275,-0.03814609766017895,0.0009680550065240823,1
8.347514629364014,0.0011899365345016122,-0.07279703766107559,0.4678780138492584,-0.03895848238966082,0.0032563217319362416,-0.01678315367426386,0.0165087498240597,-0.010594886378693325,-0.07287017903388415,-0.07721319049596786,-0.05551872029900548,0.24220451712608337,0.06820320985800668,1.0490226194043626,26.239286693688854,-0.012355849497808569,0.055962362523170564,-0.03962567421728694,0.0011586629989324138,1
8.357510328292847,0.0011899365345016122,-0.07279703766107559,0.4678780138492584,-0.03895848238966082,0.0032563217319362416,-0.01678315367426386,0.0165087498240597,-0.010594886378693325,-0.07287017903388415,-0.07721319049596786,-0.05551872029900548,0.24220451712608337,0.09175523516918062,1.0322869105183596,26.254663046437255,-0.009779178132403409,0.05839038363303862,-0.04167604318173652,0.0009909639993566088,1
8.367520093917847,0.0001588439045008272,-0.07211276888847351,0.46754369139671326,-0.04259071859050669,0.008377355030225346,-0.018425075388320136,0.014600902959856388,-0.01149324583839606,-0.0679474289992954,-0.09356126189231873,-0.027848731726407977,0.2391694188117981,0.11507755489331757,1.0119088569357235,26.24790131725548,-0.0034328797888996685,0.05282447715598899,-0.04641642511346409,0.0013865680011804216,1
8.37751293182373,0.0001588439045008272,-0.07211276888847351,0.46754369139671326,-0.04259071859050669,0.008377355030225346,-0.018425075388320136,0.014600902959856388,-0.01149324583839606,-0.0679474289992954,-0.09356126189231873,-0.027848731726407977,0.2391694188117981,0.13767895517237447,0.9928928543691428,26.26561447397692,0.0032609756409608514,0.04839035676019103,-0.04474551807765127,0.000986353996268008,1
8.387527704238892,-0.0003951280377805233,-0.07173919677734375,0.46736907958984375,-0.046791087874305345,0.01325462747724172,-0.01299493479239982,0.013629917791224244,-0.011706523241747036,-0.06551063862928652,-0.08479087054729462,-0.027154821902513473,0.24423138797283173,0.16151292609864304,0.9712334257524863,26.25469419134689,0.0023147222175910528,0.04887125389880455,-0.04747660694776369,0.000988938998489175,1
8.397671699523926,-0.0003951280377805233,-0.07173919677734375,0.46736907958984375,-0.046791087874305345,0.01325462747724172,-0.01299493479239982,0.013629917791224244,-0.011706523241747036,-0.06551063862928652,-0.08479087054729462,-0.027154821902513473,0.24423138797283173,0.18242306411904569,0.9522481476173622,26.25022552996853,0.0022077805096171986,0.04875417006682548,-0.047985129374141955,0.0011285589935141616,1
8.407819509506226,-0.0015280414372682571,-0.07093053311109543,0.4669991135597229,-0.04976797099518751,0.01860651756149929,-0.0143373832224925,0.011791286783571664,-0.01210559006788614,-0.060706091593300204,-0.08835731446743011,-0.0002912923227995351,0.23089909553527832,0.20466822442760535,0.9288837125522035,26.25486590969274,0.009328826175735487,0.037803338104719135,-0.04643644402670098,0.00227842199819861,1
8.417577505111694,-0.002111956011503935,-0.07050396502017975,0.4668038785457611,-0.05059620736538875,0.0196198877258985,-0.01972956024531303,0.01039104221184406,-0.01222579154832637,-0.0572555544473583,-0.08606307208538055,0.0038607185706496525,0.23264148831367493,0.22631979603419566,0.9060261412987491,26.276551216528354,0.012366112239058794,0.03611300766681974,-0.04867898305143514,0.0008155830000760034,1
8.427603960037231,-0.0027245266828686,-0.0700518786907196,0.46661004424095154,-0.05277003708430434,0.02331738383210898,-0.01614535975651531,0.009545630128858118,-0.012121723855015976,-0.05494899249771068,-0.08188038319349289,0.006976447999477414,0.22530673444271088,0.24750203793278627,0.8818005858374408,26.273768803673995,0.012970205211374382,0.03446919094098316,-0.048011902970641424,0.0011510490003274754,1
8.437636852264404,-0.003335685236379504,-0.0695892870426178,0.4664034843444824,-0.054156415114154026,0.026030832990360124,-0.018645461661626304,0.008268276535159824,-0.01183506652027777,-0.05179762847185998,-0.07934828847646713,0.026595119386911416,0.20792530477046967,0.26740691793721644,0.8568597634327579,26.282366220800554,0.015524873508116299,0.024763893345216163,-0.04397980545245184,0.0010728930064942688,1
8.447515964508057,-0.004598716739565134,-0.06860379874706268,0.4659978747367859,-0.05666146774378909,0.0309669230465914,-0.018379213345825086,0.007845157868906494,-0.011722088701756395,-0.05072590212116301,-0.07925089448690414,0.03274710476398471,0.20806336402893066,0.28748266852026344,0.8303386357303876,26.285113203092767,0.01660939003946561,0.021884964036168547,-0.04346285271502215,0.001015130001178477,1
8.457510709762573,-0.004598716739565134,-0.06860379874706268,0.4659978747367859,-0.05666146774378909,0.0309669230465914,-0.018379213345825086,0.007845157868906494,-0.011722088701756395,-0.05072590212116301,-0.07925089448690414,0.03274710476398471,0.20806336402893066,0.3059213638541284,0.8065463105949449,26.28776207913226,0.016933951456632526,0.021677335706682906,-0.043779774335426486,0.0009563909989083186,1
8.467514991760254,-0.005238095764070749,-0.06808611750602722,0.4657900333404541,-0.058336961860057615,0.03306321078417481,-0.018736902660247308,0.006692275679218707,-0.011241423386717297,-0.047766378872244,-0.07156271487474442,0.03569912537932398,0.19237129390239716,0.3238340533718162,0.7825297084471713,26.29106297780429,0.01670867486050428,0.019034744607488444,-0.04038646174900047,0.001003257006232161,1
8.47752070426941,-0.005888800602406263,-0.0675605982542038,0.46559393405914307,-0.058765001509295575,0.037589047223894445,-0.015961501765112265,0.006080164593193604,-0.010829920831398887,-0.04590135467750134,-0.06101500988006592,0.04326723888516428,0.18124257028102875,0.34010770954772573,0.757133588302629,26.283574487266318,0.013904944394490469,0.014423929137905186,-0.03716053589848291,0.000984747995971702,1
8.48751425743103,-0.006537497043609619,-0.06702160835266113,0.465381383895874,-0.061656426567408495,0.038697742025703516,-0.0191245637987678,0.005463294899233695,-0.010364502372700812,-0.04409041860093543,-0.05603323131799698,0.05636121705174448,0.1800815612077713,0.3567452922527877,0.7330225172083814,26.292502208315728,0.013420134743615992,0.00736806212517102,-0.03719763264065223,0.0009593239956302568,1
8.497523069381714,-0.0072056446224451065,-0.06645961105823517,0.46518856287002563,-0.06017395086675623,0.042792890504865226,-0.015886189456651552,0.004955839429650055,-0.009667715107280817,-0.04232091293104068,-0.05438236519694328,0.05889786779880526,0.1663147211074829,0.37038210837226354,0.707529603990535,26.285732613731597,0.014247803938427618,0.004068766389878492,-0.033708009831044015,0.0009559020036249422,1
8.507521867752075,-0.007855825126171112,-0.06589395552873611,0.46497493982315063,-0.06302596602822591,0.04444095898092874,-0.01796262902250045,0.00423163643866209,-0.008730963602014086,-0.03998751907733755,-0.03749558702111244,0.05972895771265032,0.1525193303823471,0.3845402331891432,0.6831516258755098,26.29115101457055,0.008733735406568329,0.00127359599451246,-0.029861820860671736,0.0009569489993737079,1
8.517522811889648,-0.008525906130671501,-0.06529469043016434,0.46479207277297974,-0.06194441387259527,0.04870095855777806,-0.01595055126547426,0.003913717206462497,-0.008234265697942611,-0.038491203386804784,-0.03761216998100281,0.05550860241055491,0.14687126874923706,0.3968310277507986,0.6574553054702047,26.287155718504845,0.009849482989777957,0.0016746535159340692,-0.02814563018439613,0.0009606509993318468,1
8.527538061141968,-0.009181037545204163,-0.06470061838626862,0.4645824134349823,-0.06433147938747398,0.04993337018271688,-0.01639688946047921,0.0035194876913804407,-0.0075705905208107716,-0.03717033803848224,-0.031069248914718628,0.05299639329314233,0.12794341146945953,0.409707895858743,0.6331176826677948,26.287992183571852,0.007980162422197986,0.0011599752591622168,-0.02238510457907461,0.0009320149983977899,1
8.537561178207397,-0.00984943751245737,-0.06408186256885529,0.46440863609313965,-0.06333974749936434,0.05264995990966677,-0.015324070116916168,0.0033258023043889473,-0.007082264569412633,-0.03594712438700309,-0.02379060909152031,0.06335875391960145,0.11938772350549696,0.420995378198963,0.6117668455240229,26.288333775960176,0.007847508058729599,0.0010895571456076745,-0.021297143798390462,0.0011687200021697208,1
8.547550439834595,-0.010514581575989723,-0.06344550848007202,0.46421295404434204,-0.06486573053564333,0.05537949520837254,-0.014723191988940405,0.0031311649716667667,-0.006450740460849591,-0.03478229583617276,-0.011033378541469574,0.05541329085826875,0.11448129266500473,0.4315546153261276,0.5880695367213881,26.283458621529956,0.00014076676502901633,-0.0023794250397343782,-0.01758928354085211,0.0009665879988460802,1
8.557526588439941,-0.011172318831086159,-0.06280127912759781,0.4640447795391083,-0.06319474428988323,0.05784312263031976,-0.014943284913806854,0.003144221897490862,-0.0059818450258504186,-0.03372841994938325,-0.00201629102230072,0.057093929499387755,0.09714970737695693,0.4400927951981757,0.5649696778254988,26.28304914119376,-0.003654785310687907,-0.004792387790598639,-0.011866248403689562,0.0009306179999839514,1
8.567511081695557,-0.011172318831086159,-0.06280127912759781,0.4640447795391083,-0.06319474428988323,0.05784312263031976,-0.014943284913806854,0.003144221897490862,-0.0059818450258504186,-0.03372841994938325,-0.00201629102230072,0.057093929499387755,0.09714970737695693,0.4480310042748786,0.5443242892783976,26.28352810420888,-0.003793672143662434,-0.005303680994426452,-0.011198170866926625,0.0009535270000924356,1
8.577517747879028,-0.013100693002343178,-0.06082556024193764,0.46351686120033264,-0.06361524005698957,0.06398150334326,-0.014210601341206063,0.003279351103628425,-0.004628323189354688,-0.03171974333136651,0.017637096345424652,0.04517862200737,0.071847103536129,0.45644817335464016,0.5215121298194575,26.28469539364495,-0.004835703303490959,-0.006569224129686936,-0.006134092087747513,0.0012608460019691847,1
8.587512969970703,-0.013100693002343178,-0.06082556024193764,0.46351686120033264,-0.06361524005698957,0.06398150334326,-0.014210601341206063,0.003279351103628425,-0.004628323189354688,-0.03171974333136651,0.017637096345424652,0.04517862200737,0.071847103536129,0.4645259754394743,0.500026755493644,26.283840128738632,-0.012570446474962558,-0.00354086629430063,-0.0029880279969001,0.0010341279994463548,1
8.597614288330078,-0.013726458884775639,-0.06016187742352486,0.4633505344390869,-0.06416846785442767,0.06615152979706948,-0.013980792839346199,0.003535660538490415,-0.004156241930314053,-0.031150942227514022,0.02838853932917118,0.04244651272892953,0.049965143203735345,0.4725061680804594,0.47942601856321754,26.2833713023189,-0.01804617860854493,-0.003527468998531983,0.004431435759216919,0.0011132629952044226,1
8.607777118682861,-0.014947752468287945,-0.05880442261695862,0.4630313515663147,-0.0639428418372978,0.06867629321319974,-0.010964342376194326,0.004548144999709347,-0.0032709042551601897,-0.030265256972043186,0.04667368531227112,0.025017490610480312,0.028259688988327977,0.478735522156576,0.4584197314843271,26.284655636846292,-0.020221166592489424,-0.0033615830749563562,0.010248700996621122,0.0025954489974537864,1
8.617522954940796,-0.014947752468287945,-0.05880442261695862,0.4630313515663147,-0.0639428418372978,0.06867629321319974,-0.010964342376194326,0.004548144999709347,-0.0032709042551601897,-0.030265256972043186,0.04667368531227112,0.025017490610480312,0.028259688988327977,0.486203291328894,0.44097262123240105,26.27444328626611,-0.02901290286250606,0.0019651088566571694,0.013519789673705903,0.0014447490029851906,1
8.627516031265259,-0.015536836348474026,-0.05812239274382591,0.4628869891166687,-0.06048651399118395,0.07167996476984187,-0.013179117803357067,0.0050759113044587245,-0.0030745717357083535,-0.030273393848542884,0.053151216357946396,0.02057643048465252,0.0017007677815854523,0.49114288053763583,0.4234632293155795,26.27859034306001,-0.03318848301218137,0.003137114772973291,0.0228193606453461,0.0009647719998611137,1
8.637651920318604,-0.016112277284264565,-0.05745948106050491,0.4627465009689331,-0.06145529441657785,0.07208513474655094,-0.008904128327439493,0.005738660453550093,-0.0027750648184947657,-0.030271550884833687,0.05717318505048752,0.01751675456762314,-0.005512476898729803,0.4966875892131968,0.40766217232416974,26.26593671506363,-0.036886046788594244,0.0038759549383870604,0.026927957830389065,0.001684807000856381,1
8.647528886795044,-0.016663745045661926,-0.0568019263446331,0.4626273214817047,-0.05884505423261359,0.0726873652157115,-0.01106636690144616,0.006404389227039786,-0.0027201857550571695,-0.030395664579519366,0.06290625035762787,0.014211755245923994,-0.011636699549853803,0.5005689045670912,0.3934771675787818,26.268791217224518,-0.04125748708051129,0.004968357105198326,0.029778401524644827,0.000986004997685086,1
8.657521724700928,-0.017210660502314568,-0.056146424263715744,0.462510883808136,-0.06066902349770751,0.07387346032996338,-0.0066316556111052066,0.007150467138909544,-0.0025293616254074003,-0.03068072726006177,0.06978999078273773,0.0014275847934186413,-0.03775655850768089,0.5058639365646762,0.38067523990778895,26.254470064902055,-0.04567622248534902,0.010634842276626083,0.038902341251317994,0.0010134540061699226,1
8.667590379714966,-0.017733633518218994,-0.055497657507658005,0.46241992712020874,-0.057416673699837106,0.07376494262506417,-0.009279341427852774,0.007877292862370044,-0.002668546418179929,-0.031180984738693684,0.07346955686807632,-0.01335227675735951,-0.0477762371301651,0.5099896186028526,0.3692517610118247,26.258622154503254,-0.05008617432208751,0.017235286961102603,0.04429222307786331,0.0009957139991456643,1
8.677511215209961,-0.017733633518218994,-0.055497657507658005,0.46241992712020874,-0.057416673699837106,0.07376494262506417,-0.009279341427852774,0.007877292862370044,-0.002668546418179929,-0.031180984738693684,0.07346955686807632,-0.01335227675735951,-0.0477762371301651,0.513598714022356,0.35922317098125117,26.260331845730907,-0.050170102705089946,0.01728040873338206,0.04530523148636241,0.0009837700054049492,1
8.687512159347534,-0.01872558705508709,-0.05422428995370865,0.4622606635093689,-0.055488440977451724,0.07392099511835362,-0.008581683005913996,0.008701690472272539,-0.002629415038287064,-0.031631058675126056,0.07701580971479416,-0.00781250093132258,-0.048573292791843414,0.516518355968355,0.3495901545727678,26.25926707897533,-0.05395286770026845,0.014560077918734518,0.046014097765578466,0.0009651219952502288,1
8.697511196136475,-0.019205540418624878,-0.053603608161211014,0.46219396591186523,-0.05517000695103463,0.0760590807301749,-0.0018454513976078634,0.009933511896087932,-0.002845726881504529,-0.03272956996247345,0.08078326284885406,-0.02977203391492368,-0.08151206374168396,0.5204273487348227,0.33988836899718317,26.235502206700424,-0.058923095997199894,0.025095462743729022,0.05753835731436302,0.001003536002826877,1
8.707521677017212,-0.01965230703353882,-0.05299821496009827,0.4621347188949585,-0.05254217228837327,0.07306239014950652,-0.00833257751329853,0.010794013988004725,-0.0032394634399897093,-0.033552040832337315,0.07315151393413544,-0.028717590495944034,-0.0812031701207161,0.5230256476133971,0.3337960579021624,26.248658642639036,-0.05814978366668837,0.02545863040338116,0.06007687628706235,0.0009560420003253967,1
8.71751856803894,-0.020096387714147568,-0.052412789314985275,0.462074875831604,-0.05196428675042032,0.07412182537264649,-0.002766998959671178,0.011520496832482685,-0.0034549859586272547,-0.03442837989713521,0.07743123173713684,-0.03997595980763437,-0.09167207777500153,0.5260165339451053,0.32746121356183794,26.234798161859963,-0.06196939310659552,0.031166569569221765,0.06447272137408529,0.0009512220058240928,1
8.7275230884552,-0.02050115540623665,-0.05183495581150055,0.4620111584663391,-0.04838512083466667,0.07288672781250638,-0.00761418181744091,0.012395213519339254,-0.003925654415594337,-0.035557332842864664,0.07563025504350662,-0.042774092406034483,-0.11854652315378189,0.5273004113466878,0.32328082216935855,26.24627749639336,-0.06370197468691473,0.03333483449136861,0.0747268675354881,0.0009602319987607189,1
8.737520933151245,-0.020892739295959473,-0.05127948895096779,0.46194854378700256,-0.04930734248024952,0.07433852562264515,-0.0020018848201135407,0.013580848627261943,-0.004410630246824088,-0.03736244840519243,0.07379163801670074,-0.05027880519628526,-0.12119202315807343,0.5302451021966584,0.3186436234068419,26.231573429431208,-0.06601307833149574,0.03824467185994572,0.07854455410349549,0.000982721998298075,1
8.747535705566406,-0.02125728130340576,-0.050742603838443756,0.4618808329105377,-0.04535044329504779,0.07098576444348899,-0.0089266522936949,0.014312660411040401,-0.004869062897120635,-0.03861745647019488,0.07204362750053406,-0.03628036379814149,-0.12771378457546234,0.5305927052065471,0.31759267750359704,26.25001754845329,-0.0675243863580078,0.032750593514746414,0.08211521294013947,0.0010120570004801266,1
8.757514953613281,-0.02160995826125145,-0.05022920295596123,0.4618215262889862,-0.04574751819604679,0.07244095227447238,-0.0038187810146668288,0.015172908720204159,-0.005119736800409225,-0.040111560707774,0.07758822292089462,-0.03329058364033701,-0.15168561041355133,0.531657068241563,0.31566270990340284,26.23995871407175,-0.07223182919321168,0.03210941584897147,0.09147252228397726,0.0009564610008965246,1
8.767538785934448,-0.02193388342857361,-0.04974186047911644,0.4617607295513153,-0.04331297422864913,0.06870407614036893,-0.009494937943181356,0.015864877488506846,-0.005526837265918072,-0.04160070761969292,0.07333572208881378,-0.034635070711374304,-0.1460569202899933,0.5316731862882518,0.31748380771990353,26.25562341664392,-0.07192405451807342,0.03315336045537377,0.09166966652195203,0.0009950149978976697,1
8.777526378631592,-0.022254720330238342,-0.04926520586013794,0.46169835329055786,-0.04439231349360928,0.06954612602518077,-0.003976401779227716,0.01675293722448501,-0.005754311913251708,-0.043082190190400826,0.07187102735042572,-0.029974047094583532,-0.15658541023731232,0.5329467801485673,0.3179295963343263,26.24324151693622,-0.07424722359958094,0.03223982098726148,0.09656687236080176,0.0011283499989076518,1
8.787517786026001,-0.022254720330238342,-0.04926520586013794,0.46169835329055786,-0.04439231349360928,0.06954612602518077,-0.003976401779227716,0.01675293722448501,-0.005754311913251708,-0.043082190190400826,0.07187102735042572,-0.029974047094583532,-0.15658541023731232,0.5340759505292535,0.31834874168135163,26.238187435118267,-0.07426738004376955,0.032226550137273956,0.09749038429841105,0.0010383190019638278,1
8.797619342803955,-0.022833555936813354,-0.04838816821575165,0.4615767002105713,-0.04119534037411682,0.06682555382327166,-0.00418931196827808,0.017461686309288904,-0.0061007868151636835,-0.04484205865166224,0.07083724439144135,-0.036531761288642904,-0.17643587291240692,0.5340945941828695,0.32027630793855416,26.237313228339094,-0.07596831049017369,0.0358080999595571,0.10515387918917779,0.0009827220055740327,1
8.807890892028809,-0.02337137795984745,-0.04760996997356415,0.4614619314670563,-0.03987748151682099,0.06137948498506049,-0.0040201199443261225,0.019334017516472013,-0.006387430789060566,-0.049266096918869184,0.05976651608943939,-0.024098800495266935,-0.18308579921722412,0.533124223422483,0.32575739999868153,26.25064245135634,-0.07665447884392171,0.02744437176844635,0.1077823241673077,0.002399322998826392,1
8.817577600479126,-0.023622427135705948,-0.04726433753967285,0.461396723985672,-0.037519931659925475,0.05895432838383771,-0.008502825123568593,0.0199562552846122,-0.006587784932243768,-0.05119724303134188,0.05809075012803078,-0.01672441698610785,-0.19676367938518524,0.5326349530964999,0.3313400923503645,26.242222669918448,-0.07657076641491273,0.030824179936695784,0.11178944584873443,0.0011848540016217157,1
8.827524900436401,-0.023622427135705948,-0.04726433753967285,0.461396723985672,-0.037519931659925475,0.05895432838383771,-0.008502825123568593,0.0199562552846122,-0.006587784932243768,-0.05119724303134188,0.05809075012803078,-0.01672441698610785,-0.19676367938518524,0.5308733134076731,0.33873947983401353,26.254674510250403,-0.07771244033055882,0.027767288899962536,0.11811598405243091,0.000879350998729933,1
8.837570190429688,-0.023860253393650055,-0.04693426564335823,0.46133673191070557,-0.038137241921863706,0.058503676382841034,-0.005869477438894326,0.020610819278283454,-0.006505145033969484,-0.053181580449192634,0.054114874452352524,-0.006196424830704952,-0.19857662916183472,0.5294539364506166,0.34543239592291664,26.250820922214768,-0.07769349604252235,0.02287507295690462,0.1210314911506409,0.0016227849991992116,1
8.847525596618652,-0.024094976484775543,-0.04663587361574173,0.4612753987312317,-0.036933268935077326,0.054814659338511804,-0.007722031667641385,0.02149654958087055,-0.006468476801552381,-0.05613503232373018,0.045868583023548126,0.00031424209009853535,-0.2002883404493332,0.5272717784872275,0.3545605707493904,26.255928183917543,-0.0767269305224398,0.019667793926095977,0.12382641842767085,0.0009832119976636022,1
8.85751485824585,-0.02432532235980034,-0.0463603250682354,0.4612196385860443,-0.036520104866083605,0.05351646988855516,-0.0071861241044547915,0.02207652884728306,-0.00642391944399634,-0.05822157418485174,0.045519426465034485,-0.0009577962337062026,-0.21521596610546112,0.5252467792169869,0.36376889662475437,26.256334709889483,-0.07823372102252472,0.02002739975979112,0.13041778605076698,0.0009855160024017096,1
8.867521524429321,-0.02454395592212677,-0.04611494019627571,0.46115365624427795,-0.03433178690604662,0.05048753353004356,-0.0074508547331959265,0.022566102300626056,-0.006297107504241062,-0.06032040190384169,0.04184143617749214,0.007648439146578287,-0.20889757573604584,0.521445923902669,0.3742877718033448,26.25742479776902,-0.07763710453833991,0.015773191501476148,0.12997795975707674,0.0010076569960801862,1
8.877519845962524,-0.02474956586956978,-0.045888934284448624,0.46108829975128174,-0.0359955573037916,0.047910616250210446,-0.008138088337573722,0.023049675181029183,-0.006037929156542443,-0.0622976761047469,0.0389200821518898,0.02109502628445623,-0.20836472511291504,0.5186838742181333,0.3857425787042092,26.260534243229273,-0.077811545292407,0.0092492329460101,0.13090220172260844,0.0009955740024452098,1
8.88751745223999,-0.02496444061398506,-0.045697037130594254,0.46101993322372437,-0.034638103052131955,0.04665118086727354,-0.008439294980763956,0.023536626422287377,-0.005719268920928666,-0.06450725371751798,0.038681671023368835,0.024898588657379123,-0.21776029467582703,0.5149935609408091,0.39704358600537437,26.263116644597428,-0.07909083169149682,0.006529895973831901,0.13531756565480768,0.0010219750038231723,1
8.897512197494507,-0.02496444061398506,-0.045697037130594254,0.46101993322372437,-0.034638103052131955,0.04665118086727354,-0.008439294980763956,0.023536626422287377,-0.005719268920928666,-0.06450725371751798,0.038681671023368835,0.024898588657379123,-0.21776029467582703,0.5119150671151372,0.4068137092718086,26.264397603102324,-0.07952535845424955,0.006217584983385292,0.1370069848096962,0.0010008129975176416,1
8.907513856887817,-0.025384560227394104,-0.04538824036717415,0.4608737528324127,-0.03330755602254552,0.04121309149538708,-0.008147884148917477,0.023536626422287377,-0.005719268920928666,-0.06450725371751798,0.038681671023368835,0.024898588657379123,-0.21776029467582703,0.5085951946922126,0.41878806403253566,26.264425360905594,-0.07994022366319901,0.006112825370520856,0.1373302215148631,0.0009806969974306412,1
8.917521476745605,-0.025581900030374527,-0.04527055099606514,0.4607990086078644,-0.03308782692658531,0.037016060508587315,-0.010301102790569464,0.02451611845395485,-0.0048225712530842735,-0.0696616070979883,0.03260374441742897,0.04174449294805524,-0.2072257548570633,0.5039109750358642,0.43355341634746647,26.272281836569046,-0.08014925472520874,-0.003914095761016676,0.13689338218472433,0.0010150610032724217,1
8.927513599395752,-0.025783341377973557,-0.04519003629684448,0.4607214331626892,-0.03356474247116653,0.03479322436062983,-0.008043513582527119,0.024932958199932465,-0.0042739568358123314,-0.07171159408000571,0.03305060416460037,0.043209880590438815,-0.20768606662750244,0.499531424420948,0.44822087033504454,26.267903339430227,-0.08161305563044235,-0.006058851226601299,0.1381310246543116,0.0009822330030146986,1
8.93752121925354,-0.02598273567855358,-0.04514653980731964,0.4606447219848633,-0.0327488853694552,0.029523048643283742,-0.011398934736818534,0.025310063047225384,-0.0038484826698144126,-0.07372985040199653,0.035838138312101364,0.04058088734745977,-0.1980542689561844,0.49475413469957363,0.46590561926350416,26.278058252844584,-0.08431044787481924,-0.006117332069065969,0.13636872938322173,0.0009634450034354813,1
8.94752550125122,-0.026178212836384773,-0.045128341764211655,0.46055877208709717,-0.03149339169923213,0.02842923641870166,-0.007845144679569595,0.02569479491140525,-0.00331548640757795,-0.07565639543596481,0.02817690744996071,0.048704419285058954,-0.19777150452136993,0.4888384070750856,0.4817603604016786,26.270148101278068,-0.08190258292621773,-0.01124544131021592,0.1370430370774525,0.0009743410046212375,1
8.957513332366943,-0.02635796368122101,-0.04513250291347504,0.4604721665382385,-0.03092589040953915,0.025450233396186066,-0.011087636457402645,0.02622337097638061,-0.002368685603622467,-0.07858952823233034,0.0325433686375618,0.06295783072710034,-0.19251267611980438,0.4817184890568123,0.4992275295794659,26.27862271125164,-0.08542811155113261,-0.020363680319238152,0.13713703919507053,0.0009727350043249317,1
8.96751356124878,-0.026543879881501198,-0.04516023024916649,0.4603818953037262,-0.029750533308547863,0.022085366895836376,-0.009160007323718291,0.026617909236293702,-0.00174940854141159,-0.08045970634718147,0.021935755386948586,0.0521087199449539,-0.18655608594417572,0.4743232798007622,0.5167054899909332,26.275631488786946,-0.08203552020564692,-0.017221386446814965,0.1362648231763754,0.0010065399983432144,1
8.977519989013672,-0.02672135829925537,-0.04522937163710594,0.4602883756160736,-0.029518568725248776,0.017885085466561704,-0.011889149389249074,0.02678693085820605,-0.001136460914708426,-0.08224755247204119,0.020335329696536064,0.058740943670272806,-0.17971552908420563,0.4665430697466396,0.5357581752810568,26.283926273952424,-0.08185491938494065,-0.021272528429237523,0.1341987419453301,0.0010189719978370704,1
8.987521409988403,-0.026902591809630394,-0.04531924054026604,0.4601934850215912,-0.027390712817069122,0.01679774755299946,-0.010060550628898213,0.027089723065169657,-0.00039032547746398194,-0.08405165561932293,0.017627976834774017,0.06853936612606046,-0.1784297227859497,0.45725001078613303,0.5533073386880937,26.281684093596056,-0.08157841533567188,-0.028465268543697946,0.13511916189625015,0.0010112189993378706,1
8.997640132904053,-0.027066148817539215,-0.04542963579297066,0.4600917100906372,-0.02769278547797846,0.01336994117034572,-0.010758755726027545,0.027182444612319667,0.0004305179035175577,-0.08574229656340293,0.010175188072025776,0.07191260904073712,-0.17090696096420288,0.44822487732916816,0.5713707379590256,26.283599811710744,-0.07872218279563886,-0.03218740902765423,0.13380088367538923,0.0012197080068290234,1
9.007792949676514,-0.02740265615284443,-0.045710962265729904,0.4598906338214874,-0.026399280818866857,0.0062652069486634245,-0.010011133720131548,0.027393343232979817,0.0011282581179639095,-0.08737816389731812,0.017329903319478035,0.06824687123298644,-0.16085503995418549,0.4403108460660781,0.5872022210613497,26.284319181654425,-0.07862277525662513,-0.032185051630551,0.133551744689315,0.002416365998215042,1
9.017653465270996,-0.02755829505622387,-0.045889850705862045,0.45979031920433044,-0.022689586458437605,0.004430064220524659,-0.010608101246660909,0.027541642381306186,0.00228189338416529,-0.08975023726316333,0.006291516590863466,0.07517997920513152,-0.16128429770469666,0.43172879263030717,0.6069333082763776,26.282720829663997,-0.08295091764382896,-0.03248177187889889,0.13115708718398733,0.001870385000074748,1
9.027540445327759,-0.02755829505622387,-0.045889850705862045,0.45979031920433044,-0.022689586458437605,0.004430064220524659,-0.010608101246660909,0.027541642381306186,0.00228189338416529,-0.08975023726316333,0.006291516590863466,0.07517997920513152,-0.16128429770469666,0.4199736629805373,0.6255619006540157,26.28459179845199,-0.07846454372081967,-0.03902405930847363,0.13220419240730888,0.0008762790021137334,1
9.037546634674072,-0.027708128094673157,-0.046089399605989456,0.45969411730766296,-0.023511322201187873,0.0004268568878907714,-0.01061534601231904,0.027641409305331877,0.0031384351613494843,-0.09127325288818078,0.0105965007096529,0.07893762737512587,-0.15102505683898926,0.4090241606376478,0.6454223209492658,26.285737032348944,-0.08089865092051249,-0.04296258643985699,0.129924829157328,0.001070726997568272,1
9.047560214996338,-0.027843661606311798,-0.04630051180720329,0.45958930253982544,-0.021213036022925097,-1.6611548670854932e-05,-0.009391124351746038,0.027825424897109485,0.003927798076171385,-0.0927571557066682,0.008274559862911701,0.07042833417654036,-0.1504060924053192,0.397307973112113,0.6632776608921203,26.282309319886075,-0.08034249677914863,-0.041409564386987834,0.1301308251195327,0.0010827410005731508,1
9.057535409927368,-0.027978073805570602,-0.046536993235349655,0.4594947099685669,-0.020654983832539373,-0.004404207600790769,-0.009982347488944918,0.027833986222170815,0.005087948958892863,-0.0948628139357317,0.005705272313207388,0.0727921277284622,-0.14196833968162537,0.3849976962189025,0.6824888434796818,26.28334711331399,-0.07949965517178038,-0.04559876159754549,0.12861866375768527,0.0011101199997938238,1
9.067515134811401,-0.028096796944737434,-0.0467962846159935,0.4593998193740845,-0.019091010168703876,-0.006528071312784688,-0.009202215829261706,0.027911012544226566,0.005888415311470663,-0.09620864375738103,-0.0001807191874831915,0.07611627876758574,-0.13461044430732727,0.3720314846403852,0.7008996003908147,26.281411943936988,-0.07716297437843789,-0.04934283058711422,0.12670220594486695,0.0009805580048123375,1
9.077514171600342,-0.028214434161782265,-0.047069113701581955,0.4593053162097931,-0.017735740275705222,-0.009152866646723825,-0.008363034592994627,0.028028387132545074,0.006731881470950274,-0.09749613096085152,0.012292204424738884,0.07698479294776915,-0.13116063177585602,0.35864616309392156,0.719706403394805,26.278027244075066,-0.08318060809102266,-0.052126046871959285,0.1259524987697802,0.0010331509984098375,1
9.087514162063599,-0.028319820761680603,-0.04734644293785095,0.4592205882072449,-0.015073827481642647,-0.011680733390327276,-0.00893095787875078,0.02809462351733938,0.007461656926536886,-0.09872902479013757,0.010902161709964275,0.06977615505456923,-0.12313553690910341,0.34431358871328677,0.7383728603118334,26.278885748735462,-0.08294672825264689,-0.05101916631145381,0.12385025156440742,0.0009572979979566298,1
9.09751582145691,-0.028411224484443665,-0.047656722366809845,0.4591323435306549,-0.014694104889521489,-0.01503498946935148,-0.007438756057222162,0.028158508914769786,0.008233161099354014,-0.09987044303407755,0.005556821823120117,0.0709458291530609,-0.11745917797088624,0.3303633048245822,0.7569815280762718,26.274006693639812,-0.08088166867412458,-0.052803658364087555,0.12181288875186974,0.0009472410019952804,1
9.107521057128906,-0.028488917276263237,-0.04797176644206047,0.4590519666671753,-0.011177261547301606,-0.01754790528924148,-0.00852032382460577,0.028213527213884593,0.008968840195595629,-0.10098664358527687,0.006999956909567118,0.07327042520046233,-0.11049140244722368,0.3145039333309341,0.775637772022829,26.276084030909058,-0.08178435730416318,-0.056158857518456555,0.11973421600243224,0.0009534579949104227,1
9.117512702941895,-0.028488917276263237,-0.04797176644206047,0.4590519666671753,-0.011177261547301606,-0.01754790528924148,-0.00852032382460577,0.028213527213884593,0.008968840195595629,-0.10098664358527687,0.006999956909567118,0.07327042520046233,-0.11049140244722368,0.3006654465029309,0.7921927549075221,26.277145944108103,-0.08176715231180752,-0.05683354918050189,0.11969851462232782,0.0010364330009906553,1
9.127522230148315,-0.028612535446882248,-0.04864956811070442,0.458911657333374,-0.007944729187721293,-0.02178709953586304,-0.007025069093530116,0.02829258869940654,0.009737280744114951,-0.10200776753040719,0.007603136356920004,0.06906833499670027,-0.10125367343425752,0.28534754890462144,0.810299705876843,26.272822743714617,-0.08258878298195861,-0.057206476375127706,0.11719334021378726,0.0009549239985062741,1
9.137517929077148,-0.028666067868471146,-0.049013715237379074,0.45884400606155396,-0.007219538278896387,-0.025055495949319877,-0.004115525212837798,0.028326746877133324,0.01072750604242012,-0.10341717598712608,0.005819313228130341,0.06296799331903456,-0.09461725503206254,0.27042915902465325,0.8284674352314036,26.26110768750679,-0.08214321071854126,-0.05707291625775412,0.11515580959867026,0.0011395249966881238,1
9.14751148223877,-0.028696361929178238,-0.049383118748664856,0.4587991237640381,-0.003728148702633979,-0.0268721784966739,-0.004987043838918835,0.028488832116179807,0.01139865484234548,-0.10427065093213006,0.010066418908536434,0.06973700970411299,-0.08321915566921236,0.2536319800552265,0.8464834607505106,26.259477002362324,-0.08453045184815176,-0.06217557568459662,0.11138637061417023,0.0009538769954815507,1
9.157516717910767,-0.028719985857605934,-0.04977494478225708,0.4587547183036804,-0.0033104859344683583,-0.02956011515150137,-0.002591386254371535,0.028488832116179807,0.01139865484234548,-0.10427065093213006,0.010066418908536434,0.06973700970411299,-0.08321915566921236,0.23855529962368946,0.8642682137511789,26.25050177988642,-0.08474210404583886,-0.062163475946289556,0.1106738999772607,0.0010065390015370212,1
9.167559146881104,-0.02872707135975361,-0.050165534019470215,0.45872971415519714,-0.001447253029117696,-0.031731400582981246,-0.0024875336121859813,0.028943423791788714,0.012989626468503435,-0.10599525546440658,0.023031694814562798,0.0589340291917324,-0.0610298477113247,0.2224217649848031,0.8827799098474444,26.246460658156984,-0.09196565462308179,-0.061612439675246544,0.1039441779540942,0.0009436790060135536,1
9.177510738372803,-0.028727669268846512,-0.050585728138685226,0.45871248841285706,0.001197903001377384,-0.034500919265644,-0.0003674222732719604,0.029224883350758013,0.013529132869314786,-0.10656172107361117,0.027751527726650238,0.05268357321619987,-0.05927694216370583,0.20591388878392167,0.9014323721317795,26.237313793786047,-0.09509129303072388,-0.060388033910699815,0.10231585178407014,0.0010193209964199923,1
9.187510967254639,-0.02870148792862892,-0.05100545659661293,0.4587133228778839,0.003360993564463732,-0.037528414284190285,0.0008979828771438221,0.02957196312264987,0.014049247928534125,-0.10702215145614291,0.040565501898527145,0.050810791552066796,-0.045276004821062095,0.18919093680003068,0.9209424890475598,26.228973522032394,-0.10201543420176362,-0.06100726554908401,0.09760737898881355,0.0009667970007285476,1
9.197623014450073,-0.02867206558585167,-0.051448315382003784,0.4587222635746002,0.0049209589242336,-0.03867506609061822,0.0020460996065989304,0.030033953848735973,0.014516606977672097,-0.10736179486448094,0.05046042054891586,0.04511356353759765,-0.03687424212694169,0.1730539182256349,0.9397224170133441,26.221376542582437,-0.10735265077396787,-0.05926260058159284,0.0940288276871874,0.0012160750047769397,1
9.208024501800537,-0.028621423989534378,-0.05188394710421562,0.4587451219558716,0.006411471722306261,-0.041744869219867295,0.0033751502180946013,0.030733523943462515,0.015001649446873433,-0.10772632370385882,0.04917868599295616,0.030074927955865857,-0.022846635431051258,0.15764834623064214,0.9592669533853799,26.213344514901824,-0.10878786419230636,-0.053725125306200244,0.08889531832948724,0.0014108739997027442,1
9.217824697494507,-0.02856690064072609,-0.05233160778880119,0.4587855339050293,0.00863620100550189,-0.043830867978727095,0.0044156543478056625,0.031098745960530305,0.015126895908901261,-0.1078222029174154,0.06494145840406418,0.03124522231519222,-0.01587614789605141,0.14215117675135322,0.9792662160230564,26.20595997414605,-0.11765057521840992,-0.0551421122087461,0.08575542773619478,0.00316378000570694,1
9.227537155151367,-0.028399672359228134,-0.05327630788087845,0.45888978242874146,0.011893023799196498,-0.047445625052413676,0.005983702393559292,0.032057822289489835,0.01552769369987983,-0.10789327069948307,0.06848921626806259,0.02795545943081379,-0.0026623150333762204,0.12854872666344866,0.9968249025852765,26.20283977369694,-0.11763066057211694,-0.05508801343281255,0.08515954799307789,0.0008123000006889924,1
9.237509489059448,-0.028399672359228134,-0.05327630788087845,0.45888978242874146,0.011893023799196498,-0.047445625052413676,0.005983702393559292,0.032057822289489835,0.01552769369987983,-0.10789327069948307,0.06848921626806259,0.02795545943081379,-0.0026623150333762204,0.11357324654497043,1.0165144899462966,26.195375561020995,-0.12215491519675083,-0.05484173749969634,0.08076072420994103,0.0009619080010452308,1
9.247573375701904,-0.02829752489924431,-0.05375266075134277,0.4589608311653137,0.013543807182015978,-0.05021941307972002,0.007850380367317285,0.03273796056166445,0.01561632324108686,-0.10788817671802953,0.06427063047885895,0.01167970523238182,0.004736264701932667,0.09954316085517721,1.0363758320985654,26.18524170517117,-0.12241587814309822,-0.04774506111652769,0.07750434665463292,0.0010703090010792948,1
9.257609128952026,-0.02818872407078743,-0.054244037717580795,0.45904847979545593,0.015555052464981824,-0.05167612077289659,0.00883685219057784,0.033344974180728126,0.015702884837633935,-0.10773650748312091,0.06549566984176636,0.011782665736973287,0.01599571295082569,0.08551947304611252,1.0557553655334402,26.177083246799285,-0.12470024742883079,-0.04800804276502583,0.0731522580066676,0.001077711996913422,1
9.267520904541016,-0.028058279305696487,-0.05474154278635979,0.4591429829597473,0.01724066756050252,-0.05473129083426171,0.007947910520965249,0.03394753475884116,0.015697301038879452,-0.1074543874877496,0.06485289335250854,0.003184712491929535,0.03208828717470169,0.07184468731878908,1.0761826113318265,26.176192076089354,-0.1263394106516811,-0.04414038121532803,0.06696252429003476,0.000986004997685086,1
9.27751612663269,-0.027917345985770226,-0.055247705429792404,0.4592547118663788,0.019045622479081568,-0.05549294147339921,0.00933523269522189,0.034860932280747825,0.015615814249182236,-0.10685378662301792,0.06000804901123047,-0.0037220544181764074,0.04138357937335968,0.05881878159967455,1.095520609276689,26.17026435299031,-0.12671990463784275,-0.0407680542066072,0.06252586480359766,0.0009770649994607083,1
9.287526607513428,-0.027754124253988266,-0.05576653778553009,0.4593753218650818,0.020601726471214724,-0.059035979422306165,0.011163255903639415,0.03506209552120643,0.015580761100764118,-0.10658578282334741,0.05051174759864807,-0.009337777271866791,0.0546053908765316,0.04621015344290098,1.1149864042501374,26.160768742007843,-0.12334313973382456,-0.038106518161204736,0.05726794559352627,0.001047609002853278,1
9.297516822814941,-0.027587687596678734,-0.056288573890924454,0.4595087766647339,0.021999832170372817,-0.05967657643303698,0.011693763518287308,0.03568498781638674,0.015264289863599956,-0.10561188495617824,0.03751487657427788,-0.022330285981297483,0.07099051028490067,0.03479151468132688,1.133094973935221,26.1542669258651,-0.1192801184461797,-0.03129236198500027,0.05054336047997374,0.0009897760028252378,1
9.307541608810425,-0.02740876004099846,-0.05682025104761124,0.4596571922302246,0.022182878243019635,-0.06234168628580137,0.015221974866532208,0.03596654694087853,0.014927889784345894,-0.10481445414103918,0.030463838949799538,-0.030752237886190404,0.07883212715387344,0.025343204398587022,1.150485929023293,26.139065869786343,-0.11682819916729655,-0.02673391021890754,0.046558126988241855,0.0010195310023846105,1
9.31753420829773,-0.027214525267481804,-0.057367097586393356,0.45980527997016907,0.025779268676880268,-0.06319031904339835,0.012243119611902298,0.03615025580111242,0.014621824190385269,-0.10401366660855826,0.0179903544485569,-0.025038454681634893,0.0909719467163086,0.014047112577303768,1.1672088455162524,26.142518435948425,-0.11181886814123855,-0.02865151902373278,0.04155307017855112,0.0009955040004570037,1
9.327543020248413,-0.027003997936844826,-0.05790795385837555,0.4599716365337372,0.026325223173355918,-0.06451037560181945,0.014240513230410307,0.0362586564795051,0.014280665088261202,-0.10295994518562557,0.0041114031337201595,-0.033021520823240266,0.10636400431394577,0.004302916271038966,1.1825642995368473,26.136218002389754,-0.10609952582654399,-0.0240467589218298,0.035222570285660906,0.0009654710011091083,1
9.33751392364502,-0.026570012792944908,-0.05902675911784172,0.46031126379966736,0.028066076107427004,-0.06933013359697011,0.015881040969960528,0.0361364085233693,0.01391492001468686,-0.10193379008345005,-0.008160695433616638,-0.035074893385171876,0.107364222407341,-0.004423333461988314,1.1963395199924327,26.132930284052122,-0.10610628844487202,-0.02363802511960227,0.0338158268769161,0.0009778330058907159,1
9.347513437271118,-0.026570012792944908,-0.05902675911784172,0.46031126379966736,0.028066076107427004,-0.06933013359697011,0.015881040969960528,0.0361364085233693,0.01391492001468686,-0.10193379008345005,-0.008160695433616638,-0.035074893385171876,0.107364222407341,-0.013674622720198973,1.212162818767513,26.124326413553618,-0.10072949430272925,-0.02187714394754015,0.03276432260969845,0.0010207189989159815,1
9.357529401779175,-0.02633645199239254,-0.05961010232567787,0.46048659086227417,0.029276499288867254,-0.07056754837566215,0.013938136301932807,0.0361364085233693,0.01391492001468686,-0.10193379008345005,-0.008160695433616638,-0.035074893385171876,0.107364222407341,-0.023290044678544484,1.2280215688799616,26.12675054711646,-0.10073587097710213,-0.021975735153350277,0.03256734341178887,0.0009429799974896014,1
9.367514848709106,-0.02608378604054451,-0.06018857657909393,0.460672527551651,0.03117667996773118,-0.07248196784187917,0.01634802080115013,0.035474772586917336,0.012816730383063746,-0.09875130116180886,-0.04548603668808937,-0.03680218756198882,0.1365547478199005,-0.03179829886058861,1.2413871894695432,26.118649040460845,-0.08247021777862029,-0.01815000958545296,0.021395581418433278,0.0010402750049252063,1
9.37751579284668,-0.02582481876015663,-0.06078484654426575,0.4608514904975891,0.031446250787150784,-0.07283856029205998,0.013824366457712303,0.0348987141247723,0.012261255880631428,-0.09732633959938752,-0.05782391130924225,-0.05090494826436041,0.14445644617080688,-0.03885935385529952,1.253718127679884,26.123434556147824,-0.07527081417590813,-0.01022669015512671,0.015912473689242177,0.0009663789969636127,1
9.387514114379883,-0.02555975131690502,-0.0613739900290966,0.4610520899295807,0.03355914299764937,-0.07443270858490174,0.017359267695995606,0.03388568004442494,0.011440712790716567,-0.09498473086080628,-0.07174062728881836,-0.04798809811472891,0.16192153096199036,-0.04578917169574402,1.2640578462913818,26.112354575824188,-0.06641817721795716,-0.009333687574775266,0.007852206773409707,0.0010269350023008883,1
9.397619724273682,-0.025293288752436638,-0.061969369649887085,0.46125563979148865,0.031063082946670102,-0.0745827334837618,0.016241119928253164,0.03298449474327869,0.010960625406741364,-0.09340272119463222,-0.08665472269058228,-0.045150086283683756,0.16214154660701752,-0.05005292747336723,1.2730841374461122,26.111065382725553,-0.057220867419215046,-0.009121922920853866,0.0053618197325689294,0.0012097200014977716,1
9.407822608947754,-0.02502506412565708,-0.06255591660737991,0.46147990226745605,0.03469145184632976,-0.07594953532182558,0.017249747657565897,0.032008338073827414,0.010296864139158313,-0.09170445590316367,-0.10024404525756836,-0.05390794202685354,0.16705943644046783,-0.055641224324337775,1.2809040997124397,26.106241592514788,-0.0485445384608509,-0.0036925383184656544,0.002312007005805059,0.0029297279979800805,1
9.417571783065796,-0.02473718672990799,-0.06315717101097107,0.4616873562335968,0.03365880180585925,-0.07555907252393608,0.015875549712527203,0.03083719949585806,0.009791164292673571,-0.0899954734946462,-0.11128580570220947,-0.055675186216831186,0.17945975065231323,-0.05951310087831972,1.287142207309077,26.108444409750064,-0.0403408445082552,-0.0013571098972286416,-0.003288683753178273,0.0009071499953279272,1
9.427610635757446,-0.024441296234726906,-0.06374170631170273,0.46191737055778503,0.0366436718469048,-0.0764719550285854,0.016659102993144728,0.02965358442365229,0.009056250861693815,-0.08818910051611084,-0.12479011714458466,-0.04973273351788519,0.17858010530471802,-0.06290780895139338,1.2926111643965175,26.109321827177673,-0.04025378784976986,-0.0013086752891491324,-0.0043457697532614855,0.0013794440019410104,1
9.437642335891724,-0.024441296234726906,-0.06374170631170273,0.46191737055778503,0.0366436718469048,-0.0764719550285854,0.016659102993144728,0.02965358442365229,0.009056250861693815,-0.08818910051611084,-0.12479011714458466,-0.04973273351788519,0.17858010530471802,-0.0677534574985203,1.296893923914861,26.106248120189733,-0.031049139072385074,-0.0023464415720505514,-0.005266611986746594,0.0011289089961792342,1
9.44751787185669,-0.023847853764891624,-0.06491995602846146,0.4623694121837616,0.037448480633512124,-0.0768645033713293,0.018319468910886854,0.028282834071789775,0.008596057087723707,-0.08646997935196721,-0.13325639069080353,-0.04986361786723135,0.1730928272008896,-0.07277286856054974,1.3005262803240831,26.097609167998694,-0.023561127069148296,-0.0012345550296791298,-0.004626090158433483,0.000993549001577776,1
9.45764422416687,-0.02323259226977825,-0.0660623237490654,0.46283403038978577,0.03857000488709704,-0.07456219971623827,0.01773073318797189,0.024582130458663976,0.007085833331735181,-0.08204172255213082,-0.15386594831943512,-0.051489584147930124,0.17328788340091705,-0.07474997843842308,1.3008893257114544,26.090331858280855,-0.011211081197498014,0.002368478553999398,-0.008913551929214534,0.0015662799996789545,1
9.467524528503418,-0.02323259226977825,-0.0660623237490654,0.46283403038978577,0.03857000488709704,-0.07456219971623827,0.01773073318797189,0.024582130458663976,0.007085833331735181,-0.08204172255213082,-0.15386594831943512,-0.051489584147930124,0.17328788340091705,-0.0784976823529059,1.2999240799731504,26.09212353399496,-0.003933356767797297,0.0033567304154178126,-0.007898799555876265,0.0009696609995444305,1
9.477514743804932,-0.022914521396160126,-0.06662335246801376,0.46306875348091125,0.03632360241080147,-0.07337112769406938,0.02198905843234012,0.022973920725765318,0.006437127582303859,-0.08032450862616569,-0.16071563959121704,-0.06141323596239088,0.17112180590629578,-0.07926290351377756,1.2968019144809908,26.077420964064878,0.003495483867019149,0.009722787676367632,-0.00800300400608417,0.0009554130010656081,1
9.487514972686768,-0.02259749360382557,-0.06716812402009964,0.46332335472106934,0.038382246039760586,-0.07407888081923196,0.018852583741117222,0.02128836283056268,0.005778465118578158,-0.0786096570007011,-0.16361750662326813,-0.056450963020324686,0.17262066900730133,-0.08138378113431484,1.2940272273381384,26.081694597519117,0.009438420012325624,0.009032580106860932,-0.009469117171653588,0.0009480790031375363,1
9.497513055801392,-0.022279517725110054,-0.06771425157785416,0.463573694229126,0.03599563959813097,-0.07161892964648466,0.02256632030186581,0.018690175663754527,0.004882513789811416,-0.07612844277869746,-0.16827373206615448,-0.06447909772396086,0.16323748230934143,-0.08037314476899117,1.2877870582452806,26.070080687020752,0.018692035805584067,0.015105903904794781,-0.008114826286944824,0.0009371139967697673,1
9.507513284683228,-0.02196291647851467,-0.06823337078094482,0.4638397693634033,0.038386538313771076,-0.07141131925001612,0.019658733079733072,0.017003978444306345,0.00407915019037608,-0.07447599136157201,-0.1670447587966919,-0.0652056038379669,0.16085030138492584,-0.08077609296159782,1.281612945417211,26.074773783199625,0.022878293214162126,0.01733393490828072,-0.008013469192941759,0.0009600920020602643,1
9.517514705657959,-0.02163885347545147,-0.0687449723482132,0.46410298347473145,0.036999650252943835,-0.06718087944121882,0.02366519532002318,0.015302102162141562,0.0035207193317376984,-0.0729307413723439,-0.1661970317363739,-0.06161086261272428,0.1592126339673996,-0.07949653896123483,1.2716964468746477,26.063061602837035,0.02568532057409261,0.016757260325281943,-0.007735083266559146,0.0009331330002169125,1
9.527512788772583,-0.021312925964593887,-0.06922798603773117,0.4643832743167877,0.0385083407705005,-0.06732781228234613,0.020319979649250055,0.013603854096798429,0.0027604373438903096,-0.07141697858324259,-0.167007178068161,-0.06910931318998335,0.14449773728847504,-0.07915545628157833,1.2628208257549918,26.068188958571056,0.0324114927581986,0.02240437785617047,-0.004347781908819064,0.0009521300016785972,1
9.537514448165894,-0.020660066977143288,-0.07015276700258255,0.46494513750076294,0.03858761127658127,-0.06350964301034515,0.023201327791148443,0.011985256603600725,0.002107364385929511,-0.07004793992152214,-0.15431198477745056,-0.07017661631107329,0.1392030119895935,-0.07839963315791475,1.2516930906986659,26.06038334130877,0.02976735749224026,0.023963635097548328,-0.0022260521014272707,0.001012196997180581,1
9.547512769699097,-0.02032747119665146,-0.07057944685220718,0.46522706747055054,0.03694469788158252,-0.05906087202130831,0.02388968867730119,0.009586644819780332,0.0010027911492991315,-0.06798848457326523,-0.15567269921302795,-0.07084059715270995,0.13373643159866333,-0.0782136830257087,1.2425372479706174,26.05503860196389,0.0312863064122677,0.024575820898432566,-0.002354805320283829,0.0011180130022694357,1
9.557514667510986,-0.02032747119665146,-0.07057944685220718,0.46522706747055054,0.03694469788158252,-0.05906087202130831,0.02388968867730119,0.009586644819780332,0.0010027911492991315,-0.06798848457326523,-0.15567269921302795,-0.07084059715270995,0.13373643159866333,-0.07590594274302437,1.2298426153845603,26.049895642314286,0.038746149289329165,0.02787714978991957,-0.001772379348211649,0.001047887999447994,1
9.567512512207031,-0.02032747119665146,-0.07057944685220718,0.46522706747055054,0.03694469788158252,-0.05906087202130831,0.02388968867730119,0.009586644819780332,0.0010027911492991315,-0.06798848457326523,-0.15567269921302795,-0.07084059715270995,0.13373643159866333,-0.07389092961790565,1.2187246959866496,26.047795392746607,0.03875800208157158,0.027911256355602803,-0.001662639875549096,0.0009385800003656186,1
9.577518463134766,-0.019676167517900467,-0.07136368751525879,0.4657980501651764,0.036478035172477045,-0.053253415958113025,0.022847862916165456,0.006738408450692734,-0.00044220163871155904,-0.06564084220631816,-0.13390660285949707,-0.07403930276632308,0.11445800215005876,-0.07085543040374513,1.2042172689440875,26.04875749643252,0.03725662288925775,0.0330753483375488,0.0033114473924437345,0.001012545995763503,1
9.587515354156494,-0.019353345036506653,-0.07171810418367386,0.4660756587982178,0.03549150714767358,-0.05158370011901208,0.0238417256377177,0.005421234844618539,-0.0011320783452668515,-0.06451409664588015,-0.12084952741861343,-0.0660964474081993,0.10704854130744935,-0.06745498899585879,1.1900886925215937,26.044746334897887,0.0350391452020917,0.03137162897509123,0.006039027372009481,0.0009479389991611242,1
9.597620964050293,-0.019028088077902794,-0.07204314321279526,0.4663617014884949,0.03513459812128646,-0.04869949106721538,0.02295784277441972,0.004330693977827149,-0.001805212884401719,-0.06352525366982142,-0.11220847815275192,-0.06371754407882689,0.0976090580224991,-0.06395230818957388,1.1754636917842045,26.045210237196205,0.034355087384734695,0.03204265378264194,0.009073019742802921,0.001184925000416115,1
9.607913494110107,-0.018712513148784637,-0.07233993709087372,0.4666450023651123,0.03402828382693108,-0.04382226274897187,0.024834185830780283,0.003112734824013419,-0.002439145421435196,-0.06263990195507674,-0.10590234398841858,-0.061634875833988176,0.08616407215595247,-0.05981526840729671,1.158732379620545,26.037917209048945,0.035131396353882245,0.03282833920692431,0.012880135763281638,0.002535870997235179,1
9.617531776428223,-0.018391193822026253,-0.0726102888584137,0.46692579984664917,0.03418328214518464,-0.0424485916351084,0.021623853598118824,0.0016738029551479627,-0.0033335282021877966,-0.061353712542322025,-0.0886896550655365,-0.05818108841776847,0.08159644156694414,-0.05583823029994783,1.1428334952572123,26.045185884097318,0.03153967122458859,0.03359135107914675,0.014359225967573922,0.0009063819961738773,1
9.627579927444458,-0.018084194511175156,-0.07284927368164062,0.4672101140022278,0.03234824169973831,-0.03631297495482877,0.026266377417618534,0.0008846916635767421,-0.0037591771020286657,-0.06068577487590554,-0.0789201483130455,-0.04971004649996757,0.06633764505386353,-0.051005342225252825,1.124351010291807,26.031954233115083,0.02880747895098117,0.03059418195091507,0.019506881007923735,0.0010711470022215508,1
9.6377534866333,-0.017454950138926506,-0.07323849946260452,0.46777892112731934,0.03117826769617646,-0.02940981087857678,0.025638254357799393,9.568422319938819e-05,-0.004216134171740382,-0.06005184309095002,-0.06560109555721283,-0.0437130257487297,0.06103804707527161,-0.04605950670764676,1.1034712266489197,26.0275442889699,0.025543802685079546,0.02911163285462242,0.02183418041440502,0.0012138399979448877,1
9.64752984046936,-0.017150331288576126,-0.07338440418243408,0.4680548310279846,0.0324299260152882,-0.02807619244735888,0.021676061682910374,-0.0007836950170099222,-0.004776581628346932,-0.05926105823989447,-0.05444376915693283,-0.036871869117021554,0.05062134563922883,-0.042164687097673965,1.0854198522263385,26.023555791410196,0.02621071673160049,0.02950551470530819,0.022027021414963984,0.0012033630046062171,1
9.657660245895386,-0.016850050538778305,-0.07350054383277893,0.4683268368244171,0.03027513430093948,-0.023279979901442285,0.02312883921766447,-0.0012522605384988061,-0.004940857972383306,-0.05893012185304913,-0.046184055507183075,-0.02638381905853748,0.03527016192674637,-0.03959896376669488,1.0683976499401993,26.0347168359894,0.023823168396816273,0.027774232122297668,0.025023479088655227,0.00165568199736299,1
9.667526245117188,-0.016850050538778305,-0.07350054383277893,0.4683268368244171,0.03027513430093948,-0.023279979901442285,0.02312883921766447,-0.0012522605384988061,-0.004940857972383306,-0.05893012185304913,-0.046184055507183075,-0.02638381905853748,0.03527016192674637,-0.03631918756809106,1.050173510319594,26.033084877857373,0.021670201855071906,0.023612356819296302,0.030415716576516122,0.00097490000189282,1
9.677517175674438,-0.01655043102800846,-0.07358882576227188,0.4685918688774109,0.030101958629289764,-0.020991474430098765,0.021080767740326137,-0.0015634412092171424,-0.005195617764176763,-0.05857473940322633,-0.030378710478544235,-0.011814637109637257,0.02815852127969265,-0.03384388982384536,1.0329294043686381,26.038396510045875,0.015663550712669044,0.017665968221459293,0.033556841951809475,0.0009633059962652624,1
9.68751311302185,-0.01625220477581024,-0.0736490935087204,0.4688507914543152,0.029382331201591286,-0.01711130155613198,0.02227343247858106,-0.0018838956205384783,-0.005220402030728266,-0.05837681249012672,-0.020508602261543274,-0.00966806337237358,0.01940654031932354,-0.03150810725369188,1.0152084341729537,26.03530865797726,0.012292093771661114,0.01673817710058574,0.036895812886271945,0.0009578579993103631,1
9.697511196136475,-0.01595197804272175,-0.07368457317352295,0.46910083293914795,0.02929941750780182,-0.013010119093068151,0.02005322836395938,-0.002000576634689555,-0.0053348321159853995,-0.05818877397411715,-0.010187734849750996,-0.004416584037244318,0.01063214149326086,-0.029660191224500972,0.9970053106690571,26.040698854083182,0.008346111389618414,0.014667003382332948,0.040287207199390114,0.0009382310017826967,1
9.707512617111206,-0.015650074928998947,-0.0736776664853096,0.46934235095977783,0.02867164084404192,-0.010126159653918299,0.019797790809059676,-0.002003756511432364,-0.005224850430677996,-0.05817528801664329,0.0018445015884935856,0.009651762433350086,0.0014511701883748163,-0.028490108838063466,0.9793897044819521,26.042682586813005,0.0031513770865384243,0.008031567349655655,0.04392035642220963,0.000937880999117624,1
9.717515468597412,-0.015363055281341076,-0.07364688813686371,0.4695846140384674,0.027880895810978183,-0.005722969538849818,0.020694889150506934,-0.0018291732640980385,-0.004995830459703754,-0.05822737075629103,0.015693161636590958,0.021626923233270645,-0.004793528933078053,-0.02776737685522424,0.9614041398228645,26.039208915347718,-0.0032468885644194425,0.0020026162266549054,0.04667619066083661,0.0009522010004729964,1
9.727513551712036,-0.015069457702338696,-0.07359403371810913,0.4698154330253601,0.026915656318276044,-0.005008671738884846,0.01778888146328017,-0.0015638300421425555,-0.004779802884544715,-0.05835990217372666,0.0416727289557457,0.020154919475317,-0.013156952336430551,-0.026890659698532614,0.9461609609770574,26.046757040897912,-0.015544013131859054,0.002094007268126251,0.05000753496576477,0.0009463329988648184,1
9.737534284591675,-0.014789014123380184,-0.07351189851760864,0.4700470268726349,0.02692332490592252,0.0016826796191110884,0.02131433414350913,-0.0010820417185968267,-0.004524224886599093,-0.058558329800879605,0.04526151716709137,0.021524075418710705,-0.021035443991422657,-0.026473476884231635,0.9285151365990927,26.03734334294535,-0.017663236167410917,0.001049830793773563,0.05324368607325503,0.0009597430034773424,1
9.747546434402466,-0.014492679387331009,-0.07340501248836517,0.4702708423137665,0.027069814501014297,0.0016877560767579558,0.01679413394540545,-0.000656892272952625,-0.0041914262162028315,-0.058821895113260414,0.05200967565178871,0.034415487200021744,-0.028148341923952106,-0.026261546866764213,0.9129505204637532,26.03263009459826,-0.018214852461622744,0.0007821465357641238,0.053929575998521107,0.0011556600002222694,1
9.757519721984863,-0.014210418798029423,-0.07326851785182953,0.4704928994178772,0.02545873078406229,0.006811014231761204,0.020670846113797204,6.876312126458117e-05,-0.0037526158937382093,-0.05912148118561156,0.06819244474172592,0.04163344949483871,-0.03606903925538064,-0.026859927495283684,0.8972185960744674,26.031609310512447,-0.030408243255236805,-0.009825642606549985,0.05917334420015419,0.0009292909962823614,1
9.767507553100586,-0.014210418798029423,-0.07326851785182953,0.4704928994178772,0.02545873078406229,0.006811014231761204,0.020670846113797204,6.876312126458117e-05,-0.0037526158937382093,-0.05912148118561156,0.06819244474172592,0.04163344949483871,-0.03606903925538064,-0.027520876414937324,0.8832733964477519,26.030365253944726,-0.031287444177002924,-0.010350554706932271,0.06027874241878614,0.0009392790016136132,1
9.777529954910278,-0.01364915631711483,-0.07291727513074875,0.47092992067337036,0.025074089025638048,0.01335667614652606,0.020116381358373504,0.0007443627243324258,-0.003424595755235682,-0.05957041007856878,0.07989390939474106,0.03158146515488624,-0.043165061622858054,-0.028257724577856837,0.8668411924049194,26.029839967805863,-0.037814809426983884,-0.0066664599458079316,0.06306643338624063,0.000944097999308724,1
9.787529706954956,-0.013359232805669308,-0.07271593809127808,0.4711425006389618,0.025226784885991112,0.014365682345549786,0.017204029487746287,0.002098763444251972,-0.002929432936470633,-0.06028903706589972,0.0864662453532219,0.038265280425548547,-0.053935464471578605,-0.030040649745996028,0.8528086706437148,26.038700151893057,-0.04434148552134693,-0.010991930844036709,0.06751416564702108,0.0009373229986522347,1
9.79764175415039,-0.01307631190866232,-0.07248689979314804,0.4713629484176636,0.024247070784608863,0.016990937275558924,0.020221503452669848,0.0030190188524397144,-0.002454176542329378,-0.06088389119757531,0.09853830933570862,0.03400393575429916,-0.057752799242734916,-0.031515618515324736,0.8394472668715163,26.03070591600693,-0.05218593500235162,-0.01030960081214264,0.06993996303236776,0.001138967003498692,1
9.807847261428833,-0.012793944217264652,-0.0722404271364212,0.47157588601112366,0.023846574251639104,0.019498793232082364,0.018268594533137242,0.0041142499598296745,-0.0022044374367387043,-0.061489607943147284,0.11041704565286636,0.035203568637371056,-0.06517793238162994,-0.03306791274820558,0.8269704985801168,26.033206657761152,-0.0602816254705002,-0.011475232351756383,0.07316534653831112,0.002601036998385098,1
9.817780256271362,-0.012510217726230621,-0.07197089493274689,0.47180089354515076,0.024926152217973552,0.020963311002645712,0.020465815457438863,0.005229897983876963,-0.0018267823110789116,-0.062170665001398895,0.11437252163887024,0.027351716533303254,-0.06683456897735596,-0.035623726424195444,0.815514945835594,26.025506300193566,-0.06509718844424718,-0.009052809560806892,0.07470476036717737,0.0008854280022205785,1
9.827564239501953,-0.012220351956784725,-0.07168876379728317,0.4720001518726349,0.024406139026297152,0.02440133851553573,0.016656152934849042,0.007016803169559882,-0.0014353503377053656,-0.06321279692802673,0.1195685938000679,0.02135550044476985,-0.07186855375766754,-0.03789113117785805,0.8044679316039488,26.03464742827547,-0.07194525970909273,-0.007306594908418711,0.07722891384378366,0.0010565490010776557,1
9.837851762771606,-0.011939773336052895,-0.07138322293758392,0.4722265899181366,0.02307203237751081,0.02583104545394157,0.020013187098940906,0.008230841951190282,-0.0012232806438272625,-0.06392617777410381,0.12292130291461945,0.019259123131632794,-0.07726108282804489,-0.03941743823401108,0.7942999231300362,26.02561209585125,-0.07676194865962105,-0.006802164999522012,0.07986659727398719,0.0010954530007438734,1
9.847536563873291,-0.01165064238011837,-0.07107728719711304,0.47243553400039673,0.023496873746717547,0.028111038658717138,0.019114689913127845,0.00954356740239204,-0.0009613358631046509,-0.06477764644962791,0.12235981225967407,0.01626122184097766,-0.08165992051362991,-0.04134790321568445,0.7847012159015466,26.024891023399885,-0.07861569383114451,-0.005903856140029318,0.0819527481659097,0.0009709179939818569,1
9.857615232467651,-0.01136083249002695,-0.07074486464262009,0.4726581275463104,0.0240671691784558,0.029442040126881425,0.018945328913580063,0.010720058981914082,-0.0008390992622757665,-0.0655623592480099,0.11633343994617462,0.01803278736770152,-0.08322133868932724,-0.044123734407948284,0.7753048030230287,26.02342420676367,-0.0802973858289242,-0.007337232900667399,0.08363148873070482,0.0010709369962569326,1
9.86753249168396,-0.011069373227655888,-0.0704067125916481,0.47285956144332886,0.022819780125159703,0.032214242690792955,0.018934905588877383,0.011980762067512973,-0.000511627940314785,-0.06648418429247993,0.12426402419805527,0.020873643457889546,-0.08711277693510056,-0.046197874642163905,0.7662707582639613,26.02268383390567,-0.08579813252510143,-0.009066863791653314,0.08538265232824552,0.0014079400061746128,1
9.877528429031372,-0.010495181195437908,-0.06971634924411774,0.4732856750488281,0.022136747968837318,0.03554526706222249,0.017537444856988674,0.013158784424937231,-0.00043247410726277025,-0.06733160478575062,0.12094393372535706,0.010335776954889287,-0.0900149866938591,-0.04816082934835002,0.7580350205467941,26.02164334973761,-0.08711430604071789,-0.009402762074271678,0.08607135841177278,0.0012190790002932772,1
9.887502193450928,-0.010495181195437908,-0.06971634924411774,0.4732856750488281,0.022136747968837318,0.03554526706222249,0.017537444856988674,0.013158784424937231,-0.00043247410726277025,-0.06733160478575062,0.12094393372535706,0.010335776954889287,-0.0900149866938591,-0.04970850918342964,0.7484269899111037,26.02430644901476,-0.08853639164066772,-0.0047990470279344576,0.08763188895918406,0.0009676359986769967,1
9.897505044937134,-0.010495181195437908,-0.06971634924411774,0.4732856750488281,0.022136747968837318,0.03554526706222249,0.017537444856988674,0.013158784424937231,-0.00043247410726277025,-0.06733160478575062,0.12094393372535706,0.010335776954889287,-0.0900149866938591,-0.05106951653404597,0.7399952529396308,26.025415222196763,-0.0885791856872547,-0.004749836610378281,0.08792012957415535,0.0009443770031793974,1
9.907519817352295,-0.009922604076564312,-0.06898541748523712,0.4736954867839813,0.021169705415722318,0.03594633929267686,0.01832882876096457,0.016147439166787514,-0.0002020312172605898,-0.06968994545254947,0.11034563928842545,0.0016652749618515255,-0.09529293328523636,-0.05232290494590466,0.7332984194393977,26.021255030710115,-0.09192547194501158,-0.0013847641017487567,0.09103641585888253,0.001048866004566662,1
9.917505264282227,-0.009642827324569225,-0.06862284243106842,0.47389790415763855,0.021684050741020686,0.036573190103938266,0.016484556765332458,0.01722603044544746,-0.0002002548575386065,-0.07066964062996117,0.11441219598054886,-0.00010425050277264092,-0.09517456591129303,-0.05410490688371102,0.7276502702804966,26.025104612712017,-0.09661295607691532,-0.0006026230577699595,0.09213806278430346,0.0009531780015095137,1
9.927531003952026,-0.00936338771134615,-0.0682622417807579,0.47409433126449585,0.020532936184267214,0.03813457465510313,0.017597157597134663,0.019006917155846015,-0.0002388681602876197,-0.07210944912471451,0.11327644437551498,-0.012151012197136891,-0.09562263637781143,-0.05475732386832587,0.7223869611327614,26.02190840499748,-0.10087644075644012,0.005064250263761883,0.09330542759036138,0.0009496860002400354,1
9.937528610229492,-0.00908460933715105,-0.06789427995681763,0.47429159283638,0.02135800977949791,0.036847986014554183,0.015305275198482519,0.020111834563306896,-0.000414528248042334,-0.0729916287177459,0.10687720775604248,-0.012977682054042827,-0.08832639455795288,-0.05619299689998595,0.7190861130959004,26.027749116471355,-0.10113154094791514,0.005916524549605924,0.09163758870792207,0.0009616989991627634,1
9.947519302368164,-0.0088076526299119,-0.06754249334335327,0.47447970509529114,0.01946499204383403,0.03824623297687347,0.016061492281251265,0.02116599178427636,-0.0004452988048861961,-0.07391879569019322,0.10245667397975922,-0.014197195880115043,-0.09076575189828873,-0.05636873080852061,0.7153689590219099,26.026692661061116,-0.10190289771551832,0.006726234949735539,0.09264263516101712,0.0009492669996689074,1
9.95752215385437,-0.008542622439563274,-0.06719381362199783,0.47467464208602905,0.018855752395658676,0.03603139149140146,0.01521696987629177,0.022268854717577113,-0.0006126234739123326,-0.07472223685650281,0.10977604240179062,-0.012626918964087974,-0.08254341036081314,-0.056321917919411726,0.7147994327313586,26.02906716948646,-0.1072693237301236,0.00638045630383132,0.0902852790311122,0.0009642830045777373,1
9.967562675476074,-0.008278099820017815,-0.06685634702444077,0.4748574197292328,0.017076200045120938,0.03744303051557337,0.01536066649405573,0.02336205766422772,-0.0007419396468071326,-0.07554232313814202,0.10221562534570694,-0.023927437141537677,-0.07632891833782196,-0.05480530201823842,0.7134846756242841,26.02871715618164,-0.106810126667004,0.012064819867648256,0.08826506060734676,0.0009457039996050298,1
9.977530717849731,-0.007759737782180309,-0.06620645523071289,0.4752192497253418,0.016701689056245615,0.03565111751916259,0.014849795050797546,0.02432237285780703,-0.001034299673000838,-0.07623590044416728,0.09287334978580475,-0.026582675054669387,-0.06828959286212921,-0.053635880726314304,0.7120220154022678,26.027886967091465,-0.10787409027413912,0.01222323722941241,0.08819955179873275,0.0009543650012346916,1
9.987539052963257,-0.007519129663705826,-0.06590492278337479,0.4754018485546112,0.015932457440040914,0.03392867377052604,0.015331690170876251,0.025738683280922547,-0.0013255291856522078,-0.07721899879309335,0.08885042369365692,-0.027874840423464782,-0.059443674981594086,-0.05276469010651248,0.711601074375585,26.027810217626847,-0.10644631419657875,0.014255702664981152,0.08595262219946753,0.0011827589987660758,1
9.99764609336853,-0.007519129663705826,-0.06590492278337479,0.4754018485546112,0.015932457440040914,0.03392867377052604,0.015331690170876251,0.025738683280922547,-0.0013255291856522078,-0.07721899879309335,0.08885042369365692,-0.027874840423464782,-0.059443674981594086,-0.05160862730376158,0.7129962083387404,26.02526963720022,-0.1086200146667968,0.01573917073069963,0.08319156610852078,0.0011498620006022975,1
10.007822513580322,-0.007073346991091967,-0.06534529477357864,0.4757619798183441,0.01344583005854086,0.031633295062977226,0.014072904395371677,0.027413423993732255,-0.001845058395282262,-0.07825179216426603,0.07545443624258041,-0.029739398509264,-0.04437975957989692,-0.048894121094902154,0.7165362088942556,26.027760979399915,-0.10657319978442045,0.018042237820174258,0.07814703088298419,0.0025012279947986826,1
10.017782926559448,-0.007073346991091967,-0.06534529477357864,0.4757619798183441,0.01344583005854086,0.031633295062977226,0.014072904395371677,0.027413423993732255,-0.001845058395282262,-0.07825179216426603,0.07545443624258041,-0.029739398509264,-0.04437975957989692,-0.046651607188904785,0.7193695937978497,26.02806091201267,-0.10734303959298251,0.01828931438229837,0.07737658419245762,0.0009015619943966158,1
10.027589082717896,-0.006857916712760925,-0.06509172171354294,0.4759417772293091,0.012429008323226545,0.031744580675762094,0.01561744234139428,0.02816965916573455,-0.0021206346487225858,-0.0786672393000134,0.06860959529876709,-0.028463033959269527,-0.03885615244507789,-0.04407423287603012,0.7215485592295016,26.022021276453238,-0.10630724696886149,0.018571102163406805,0.07566088343139615,0.0011017380020348355,1
10.037609815597534,-0.006655813194811344,-0.06485043466091156,0.47613072395324707,0.011622282942297129,0.029629720203396496,0.01465892336502798,0.028780215674742315,-0.0023657623994841614,-0.07899843635888626,0.056705866008996964,-0.024140274152159694,-0.0278185773640871,-0.04154174147210542,0.7249210415936801,26.022072168348693,-0.10279189132583903,0.01740032000186066,0.07191919231915972,0.001128837997384835,1
10.0475492477417,-0.006463223602622747,-0.0646248310804367,0.47632044553756714,0.009841493531958494,0.02927893573839857,0.016994066617117283,0.02953782511096925,-0.0026607114787373654,-0.07933478327843257,0.04355253651738167,-0.026125591248273853,-0.018762456253170964,-0.03804421433943273,0.7276097187828381,26.01312629325639,-0.09895930323898969,0.019280907109400915,0.0684403772706864,0.0009731540048960596,1
10.057544231414795,-0.0062858532182872295,-0.064414381980896,0.47651517391204834,0.009305055411095465,0.027261530882758976,0.014652067859779983,0.02995836211145564,-0.0029572754684283886,-0.07948162303364814,0.029252363368868828,-0.02406369522213936,-0.01345415040850639,-0.03471237109653508,0.7314267811233632,26.016803332619762,-0.09383304996460456,0.019236089279749194,0.06613192335752545,0.0009394880034960806,1
10.067549467086792,-0.0061139254830777645,-0.06421785801649094,0.47671204805374146,0.008581785697932196,0.026988634701542443,0.01779559635940913,0.030130537193801654,-0.003051171912220152,-0.07955334231528344,0.023149216547608376,-0.017655378207564354,-0.0029753283597528913,-0.03179232532167268,0.7347614549684292,26.018288036733004,-0.09377683842119196,0.019218129915403868,0.06569639992953873,0.0011713740022969432,1
10.077537775039673,-0.005957266315817833,-0.0640387311577797,0.47691768407821655,0.006388172764323716,0.02406204103655751,0.016629371898670968,0.030359979702865303,-0.0032702146446617064,-0.07949169682435597,0.010813391767442226,-0.022052638232707977,0.008936490863561634,-0.027456221803499787,0.7389914878501437,26.01106508558288,-0.08665438652532835,0.01929149890841572,0.058321589633992796,0.0009983679992728867,1
10.087601900100708,-0.005814673379063606,-0.063874252140522,0.4771265983581543,0.006119842019194161,0.024049011793639878,0.01864283544803948,0.030285524987321732,-0.0034350770667708197,-0.07941860986651594,-0.00581913348287344,-0.01844128407537937,0.012458954006433489,-0.023767136559176054,0.7413021015559672,25.99945784852691,-0.07915057232315889,0.01833854903900535,0.055718118553761714,0.001460603998566512,1
10.09757947921753,-0.005814673379063606,-0.063874252140522,0.4771265983581543,0.006119842019194161,0.024049011793639878,0.01864283544803948,0.030285524987321732,-0.0034350770667708197,-0.07941860986651594,-0.00581913348287344,-0.01844128407537937,0.012458954006433489,-0.020525322205686928,0.7433884838731734,25.99471151893546,-0.07908089979951315,0.018314315232335503,0.0552267491473037,0.0010224650031886995,1
10.107532501220703,-0.005560779944062233,-0.06358588486909866,0.4775490462779999,0.0035430726355139743,0.022092416869922204,0.018291270369705473,0.03028577878502814,-0.0036209061548184707,-0.07919195837698512,-0.016249317675828934,-0.01645613275468349,0.027528470382094387,-0.016144804520206103,0.7459813279257339,25.992243844731274,-0.07457075486410375,0.018201139404828117,0.05007794330658979,0.0009549239985062741,1
10.117540121078491,-0.00545291556045413,-0.0634617805480957,0.47776079177856445,0.0022756344716289116,0.01946326337171077,0.017688904018409616,0.029867757421177643,-0.0038267149530715194,-0.0786962615121456,-0.028906971216201782,-0.010385124012827868,0.035492196679115295,-0.011662971161095794,0.7493342802306262,25.99246157060324,-0.0679501102162512,0.016125472951016732,0.04622728371722418,0.0009484280017204583,1
10.127552032470703,-0.0053656939417123795,-0.06334500014781952,0.47797900438308716,0.0011093538022221457,0.019926993080305107,0.01991891868574019,0.029537596342655625,-0.003881302524286756,-0.07830553823916642,-0.038128212094306946,-0.013432230800390238,0.04606714844703674,-0.006843489274914913,0.7508159865486798,25.983902531281306,-0.06283147787817309,0.017760968676441728,0.04181703978944777,0.0010546630001044832,1
10.137527227401733,-0.005291469860821962,-0.06324579566717148,0.47819697856903076,2.6731116028039124e-05,0.01795149962531167,0.01820978712552817,0.02907786409709967,-0.004062009400285227,-0.07777087409878325,-0.04916821047663689,-0.006441798061132425,0.049821604043245316,-0.0020548355656786,0.7530055782558462,25.98548843694644,-0.05676185656266643,0.015184186062629588,0.03946164474865077,0.0009655409958213568,1
10.147511005401611,-0.005233979783952236,-0.06314603984355927,0.478421688079834,-0.002279057502615428,0.018081759986786305,0.020567908933890947,0.02819259768450255,-0.004128071688095147,-0.07689692913207935,-0.06650153547525406,-0.012798258103430264,0.06288084387779236,0.004021390256221614,0.7530684230650913,25.977068511719303,-0.04657331915770324,0.018439528871596902,0.03423925409675294,0.0009549249953124672,1
10.157516479492188,-0.005186727270483971,-0.06307174265384674,0.47864657640457153,-0.002016949776541459,0.01622211182434786,0.01863348676309339,0.027491222152236983,-0.004237857112665111,-0.07620349162274609,-0.07046729326248169,-0.0059619862586259755,0.06882202625274658,0.008967699815496985,0.7539694333386187,25.97949455369146,-0.0429530714442466,0.01563226423024078,0.03093103391364655,0.0009474509934079833,1
10.167527437210083,-0.005157751962542534,-0.06299959123134613,0.4788747727870941,-0.0053632417045225015,0.01513535621289131,0.020797610306624054,0.02673760115926349,-0.004306295121494941,-0.07539339800389255,-0.07672427594661713,-0.005919178016483773,0.0826694518327713,0.015699879896442247,0.7544385126575036,25.97291458365619,-0.03893734973879775,0.01601827424492237,0.025629654557766328,0.0009794389989110641,1
10.177542924880981,-0.005144182592630386,-0.06294269859790802,0.4791020154953003,-0.005278036358008854,0.015465434623615163,0.02002650316871491,0.0259481107497761,-0.0044178128578615805,-0.07451465585642891,-0.08592654764652252,-0.011569791473448266,0.09001106768846512,0.021581531064467786,0.7548353626772822,25.96935458768349,-0.03815700681983777,0.016055054928318407,0.024317407262040024,0.0011810130017693155,1
10.18752384185791,-0.005147273652255535,-0.06288723647594452,0.479330450296402,-0.007648124700326562,0.014306857250982437,0.02100516859929737,0.02499830833717942,-0.004559945767020679,-0.07358443538249837,-0.09604904055595398,-0.009789489209651935,0.09892477095127106,0.028804884542797525,0.7536251895225226,25.965480996914444,-0.02488359465024003,0.018681428738465487,0.017718713529495098,0.0009725250056362711,1
10.197629690170288,-0.0052080522291362286,-0.06280603259801865,0.4797927737236023,-0.010919241195796531,0.013160437357887973,0.020390251663257336,0.024035953036724234,-0.0046484018208712286,-0.07252851271584149,-0.09912022203207016,-0.009096855297684656,0.10913628339767456,0.03513709392107689,0.7525893919626587,25.963897634775137,-0.024784204162767567,0.018686676821075426,0.016478511554911673,0.0014562729993485846,1
10.207756996154785,-0.005270928144454956,-0.06276767700910568,0.48003089427948,-0.011556475381870162,0.013909943416166509,0.02042735928060737,0.024035953036724234,-0.0046484018208712286,-0.07252851271584149,-0.09912022203207016,-0.009096855297684656,0.10913628339767456,0.04373899423852117,0.7511849142565836,25.963380685957024,-0.020848843142151383,0.018942690212044484,0.012303554785887837,0.0009783920031622984,1
10.217510223388672,-0.005270928144454956,-0.06276767700910568,0.48003089427948,-0.011556475381870162,0.013909943416166509,0.02042735928060737,0.024035953036724234,-0.0046484018208712286,-0.07252851271584149,-0.09912022203207016,-0.009096855297684656,0.10913628339767456,0.051313698290987024,0.7498977848619341,25.96226002975254,-0.020822637438515746,0.01891457353892119,0.011518108740263882,0.0009508029979770072,1
10.227523803710938,-0.00533071206882596,-0.06273090094327927,0.48025351762771606,-0.013369264045415897,0.01162721871078247,0.01924433001269407,0.02137196308132161,-0.005015241790967906,-0.06955700112837793,-0.11212683469057083,-0.009397487156093105,0.1284657120704651,0.05981625561127693,0.7480307135288163,25.965280885449612,-0.007979678460523465,0.02012914904177514,0.0033596635333780628,0.0008530900013283826,1
10.237644910812378,-0.0054201968014240265,-0.06270165741443634,0.48047715425491333,-0.01472945231567203,0.012431527490783759,0.020482476801550444,0.020275627257899664,-0.005090643350692758,-0.06819898244639822,-0.10951314121484756,-0.008741958998143656,0.13460172712802887,0.06850452301415261,0.7448897903980909,25.961380725158342,-0.006020378657553661,0.020120649067817294,-0.0009526125702921644,0.0012972350014024414,1
10.247528553009033,-0.005511326249688864,-0.0626690685749054,0.4806872010231018,-0.01551144099110055,0.011211699859752651,0.018344467516244793,0.019162919359725805,-0.0052837553736431175,-0.06679547602001445,-0.10813881456851959,-0.012487377971410734,0.14506493508815765,0.07722280458173969,0.7424047559286552,25.96649028757399,-0.003697443992209404,0.022353687213120567,-0.005987305834212121,0.0010270740021951497,1
10.257513523101807,-0.005638238973915577,-0.06263450533151627,0.48090073466300964,-0.01776817070475384,0.01335338314847866,0.020934902127992053,0.01754200865250155,-0.0054405414501559335,-0.06445276364741837,-0.10865697264671326,-0.008567145094275455,0.15829560160636902,0.08684229741421336,0.7371345346124956,25.95883882082318,0.0011081257107955211,0.021167592653867702,-0.01258602745187886,0.0009879610006464645,1
10.267590999603271,-0.00576735520735383,-0.06258989870548248,0.4810996651649475,-0.01938403762458815,0.011716596890796103,0.017006305988042716,0.016978322328049966,-0.005572344108088156,-0.0636808233899635,-0.10847798734903336,-0.013258887454867344,0.16199970245361328,0.09699834908448413,0.7336619478361509,25.968656181017714,0.0024680198769132774,0.023727642085140957,-0.015487125642873228,0.0014979010011302307,1
10.277535438537598,-0.005926685873419046,-0.06254485994577408,0.48130565881729126,-0.019597495006946887,0.014924660290925689,0.020560244093729606,0.015420313850992962,-0.0057321118644191316,-0.06109027830675062,-0.1035374104976654,-0.013725007884204367,0.17031286656856537,0.10662352476331387,0.726811516370271,25.95958490711006,0.004733678660117152,0.024327601223910124,-0.020218741465100342,0.001059900998370722,1
10.287571430206299,-0.006086432375013828,-0.06248987838625908,0.4814967215061188,-0.022340068559482586,0.01312115514219183,0.016949089246760616,0.014398086877411398,-0.005827039026919056,-0.0593028675974101,-0.0970694050192833,-0.003553417744114973,0.1808117777109146,0.11708566697625045,0.7218423982808183,25.96850935655706,0.003505315314134334,0.020095738270349918,-0.024851504562319143,0.0009545049979351461,1
10.29755711555481,-0.006278127897530794,-0.062430039048194885,0.4816984534263611,-0.022914180508122314,0.015674460709934345,0.019724460320895112,0.013537032223432721,-0.005927652515957504,-0.05744405183808299,-0.08943561464548111,-0.002149495529010869,0.18690088391304016,0.12708360532517046,0.7149093127366518,25.961755496038823,0.002772302432174378,0.01967283096279888,-0.02874413268442924,0.0009491969976807013,1
10.307517766952515,-0.006278127897530794,-0.062430039048194885,0.4816984534263611,-0.022914180508122314,0.015674460709934345,0.019724460320895112,0.013537032223432721,-0.005927652515957504,-0.05744405183808299,-0.08943561464548111,-0.002149495529010869,0.18690088391304016,0.13596087060908219,0.7088402949113916,25.95822658172559,0.003594198779199152,0.01971500549369657,-0.030199547339969317,0.0009541559993522242,1
10.317545175552368,-0.006910074036568403,-0.06221592426300049,0.48224976658821106,-0.026992637598243715,0.015113300754563536,0.014284343459510705,0.011643454127041153,-0.006142849324498378,-0.05260184089453812,-0.0658932775259018,-0.0006469851359724756,0.19833821058273315,0.14696552400253812,0.7026112564201744,25.960867669616167,0.0025591433881510086,0.023401677460621023,-0.03244535930736132,0.001205178996315226,1
10.327550649642944,-0.006910074036568403,-0.06221592426300049,0.48224976658821106,-0.026992637598243715,0.015113300754563536,0.014284343459510705,0.011643454127041153,-0.006142849324498378,-0.05260184089453812,-0.0658932775259018,-0.0006469851359724756,0.19833821058273315,0.1578227082834362,0.6979284145381879,25.974697698674085,-0.0017965138580429488,0.019865680378831414,-0.037381550846337375,0.0009380210030940361,1
10.337516069412231,-0.007162867113947868,-0.062123749405145645,0.4824295938014984,-0.02884717465556533,0.017912266871575638,0.01676926016987953,0.011072929021621825,-0.006008650846191177,-0.05059522019518692,-0.05693729594349861,0.00996455550193789,0.20002740621566772,0.16867945748473606,0.6913693259112094,25.970969339814474,-0.004075928611508501,0.014778303218048714,-0.03999764548332796,0.000945425003010314,1
10.347533226013184,-0.0074152410961687565,-0.06203385815024376,0.48258620500564575,-0.029389520993857006,0.01634090971998883,0.01299421209748588,0.010560984963111864,-0.006047325193546449,-0.04854962038820032,-0.047047581523656845,0.012161594815552259,0.2051156461238861,0.1791316813320117,0.6867628502864671,25.981993587621474,-0.007201949070176577,0.013823735214324187,-0.04331463347345019,0.0010183429985772818,1
10.357523202896118,-0.007691909559071064,-0.061932384967803955,0.48274508118629456,-0.030866464579242418,0.018002007190561404,0.015070170164090405,0.009993692514695063,-0.005816804674355414,-0.04540496743305633,-0.034263789653778076,0.013716720975935485,0.21264399588108063,0.1896934262688192,0.681191840711587,25.978616708502205,-0.011293795548877413,0.01256968685805206,-0.04818417826668676,0.0009559719983371906,1
10.367531061172485,-0.007966473698616028,-0.06183149293065071,0.482883095741272,-0.03073545730704518,0.01825462096886306,0.011709828861084385,0.009708655711825553,-0.005670031588167479,-0.04330948770248444,-0.022559745237231255,0.017263388261199022,0.20967277884483337,0.1992641576149031,0.6763056314036319,25.988397553484795,-0.015724253917158336,0.010475529824403357,-0.04931610442926017,0.0009510820018476807,1
10.377532005310059,-0.008254053071141243,-0.06171087920665741,0.4830258786678314,-0.032400596814901816,0.019686242678649293,0.013152059168367465,0.009528599409271088,-0.005522339363449369,-0.04118438045508155,-0.019466888159513474,0.01802703365683558,0.20944327116012573,0.20922272390506683,0.6706804875338928,25.98678159089442,-0.01656622628892881,0.009821504884208734,-0.05066378844978298,0.0009670770014054142,1
10.387524843215942,-0.008553276769816875,-0.06158861145377159,0.4831587076187134,-0.03255714100654735,0.020253051117206048,0.011598830111951144,0.00938901728283037,-0.005327612444356866,-0.03901826642301787,-0.007444748654961586,0.0221859831362963,0.22171075642108917,0.21840999425074054,0.6655002545825797,25.990983823074405,-0.02148914618059937,0.007409082778521959,-0.056151953193731056,0.0009485680056968704,1
10.39765739440918,-0.008864087983965874,-0.061457064002752304,0.4832814037799835,-0.03502744062966455,0.019372342167733092,0.011349878273921187,0.009413921099580058,-0.0051454877294898616,-0.036814700487158625,0.004345440771430731,0.016034642234444646,0.21272996068000793,0.22883308158684074,0.6618357290787173,25.993015534118122,-0.026972489687834413,0.00983072732575164,-0.05550551245579645,0.0012215239985380322,1
10.407929182052612,-0.00918509904295206,-0.06132088601589203,0.48340773582458496,-0.03407499931134602,0.021712690711885495,0.011847308841098001,0.009525589128283496,-0.004958170436768494,-0.03471759843184108,0.015877339988946915,0.022999318316578893,0.21457847952842712,0.2375204841367095,0.6571177021333412,25.99156603425291,-0.03227514774222458,0.0060935530066599936,-0.057174109131577056,0.0027007060052710585,1
10.417773485183716,-0.009853115305304527,-0.061015330255031586,0.48366573452949524,-0.03591507292742442,0.023180652526767216,0.011979045352182655,0.009664830953641346,-0.0047832839700632235,-0.03247285571902525,0.016747351735830307,0.01709940843284133,0.2206302136182785,0.24514258701750488,0.6529744067698535,25.99097713254768,-0.032325896013431964,0.0060084324610875026,-0.05748822093019583,0.0008446389983873814,1
10.427512884140015,-0.009853115305304527,-0.061015330255031586,0.48366573452949524,-0.03591507292742442,0.023180652526767216,0.011979045352182655,0.009664830953641346,-0.0047832839700632235,-0.03247285571902525,0.016747351735830307,0.01709940843284133,0.2206302136182785,0.254296613921142,0.647983464812295,25.989206259545938,-0.03296851116405162,0.008394261470999,-0.06080454466163662,0.0009774149948498234,1
10.437671422958374,-0.010536902584135532,-0.06068211793899536,0.4839283227920532,-0.03606402119944623,0.02430202265487504,0.012103947824594041,0.010524186457063767,-0.00445081022176641,-0.027227963640100494,0.04121701419353485,0.017465667799115205,0.2111891508102417,0.26412052923260987,0.644912799095777,25.991409747767342,-0.04026929718155656,0.008677022826650093,-0.05874925419249455,0.0016620369933662005,1
10.447516679763794,-0.010536902584135532,-0.06068211793899536,0.4839283227920532,-0.03606402119944623,0.02430202265487504,0.012103947824594041,0.010524186457063767,-0.00445081022176641,-0.027227963640100494,0.04121701419353485,0.017465667799115205,0.2111891508102417,0.2720316486086018,0.6409789986206109,25.987743299302565,-0.046222573524221496,0.007332405641862006,-0.06093167700702158,0.0010636030056048185,1
10.457511901855469,-0.01088765263557434,-0.06050998717546463,0.48405933380126953,-0.03949010370640229,0.02394279653665917,0.013043407353139707,0.01088108411377009,-0.004398665966953708,-0.02518273451161379,0.04617924988269806,0.010779261589050317,0.20432835817337036,0.2821697424031127,0.6379251576410061,25.982375630004213,-0.04951179732694756,0.010478333485056555,-0.0602669569646533,0.0009450059951632284,1
10.467515468597412,-0.011252772994339466,-0.06032446026802063,0.4842159152030945,-0.0371873303899989,0.02465664600034989,0.013724974365173502,0.011570042995825425,-0.004377804667684337,-0.02220825933781434,0.04469405859708786,0.0014081198023632407,0.1955423504114151,0.2903854169761787,0.6347826096116622,25.97710886137536,-0.05069563283593844,0.014472168212291749,-0.058960467285642845,0.0010970590010401793,1
10.47752332687378,-0.01160797756165266,-0.060149505734443665,0.4843621253967285,-0.03968609865403393,0.024369703664910435,0.014639049778497953,0.011767943113482282,-0.0043502979843235146,-0.021239089015642865,0.048754505813121796,-0.002376612508669472,0.19189034402370453,0.2999860863965775,0.6322203267527855,25.971134616653533,-0.05310724284033108,0.016352380524498143,-0.05807574752143295,0.0009771349941729568,1
10.487514734268188,-0.011970757506787777,-0.05995561182498932,0.4845322072505951,-0.03765681008119019,0.025417199425130047,0.014413736780486148,0.012590377111179496,-0.0044701418233281665,-0.018377689818777743,0.0497373603284359,-0.0059987725690006976,0.1881811022758484,0.30786107732736123,0.6295131025178762,25.96871754191265,-0.05568622291622785,0.01815457209778725,-0.05832129552140844,0.0009628869956941344,1
10.497521877288818,-0.01233264897018671,-0.05976689234375954,0.48468703031539917,-0.040275528982396155,0.026587361524830107,0.015746895243665033,0.01303819868912326,-0.0044660717765929725,-0.016601332403585634,0.05012227222323418,-0.013270670548081377,0.17669060826301575,0.3174364018324076,0.6262574451237101,25.96240030978176,-0.05701541581739861,0.021659560285718915,-0.055627769538966816,0.001195331002236344,1
10.507628917694092,-0.013058885000646114,-0.05936085805296898,0.48505255579948425,-0.04049802940957457,0.026791600545754347,0.01753988677485611,0.01364611511037861,-0.00470041378446906,-0.01483389040497407,0.060225121676921844,-0.006073690485209205,0.17479267716407776,0.32583390877658364,0.6234099488181293,25.959823579596108,-0.057044828333905735,0.02164867993785046,-0.055120811099101906,0.001327758000115864,1
10.517549514770508,-0.013058885000646114,-0.05936085805296898,0.48505255579948425,-0.04049802940957457,0.026791600545754347,0.01753988677485611,0.01364611511037861,-0.00470041378446906,-0.01483389040497407,0.060225121676921844,-0.006073690485209205,0.17479267716407776,0.3343210162146427,0.6207748322204313,25.950949459485013,-0.0631679404698068,0.0190920793640696,-0.055406705023755005,0.0009783220011740923,1
10.527544021606445,-0.01379576325416565,-0.05893803387880325,0.48545747995376587,-0.041590157868014135,0.028318846621946725,0.019056221496311115,0.014931569291336988,-0.005100024939111769,-0.01148380831386353,0.06928391754627228,-0.02070438489317892,0.158845916390419,0.3424329665323837,0.6197173071012213,25.950107155683117,-0.07075084007622291,0.026620259193884162,-0.05214987259796598,0.0009783920031622984,1
10.537532091140747,-0.014170407317578793,-0.05872312933206558,0.4856806993484497,-0.04007324203359802,0.024842774498917027,0.01714716293557,0.015834901262427703,-0.005457881366651929,-0.009166503145592308,0.059676527976989746,-0.02999270893633364,0.15242183208465576,0.3515880424227305,0.6168499226086012,25.939887221036305,-0.0706668173134064,0.02688202900250265,-0.05154385497182676,0.0012285080010769889,1
10.54753828048706,-0.014170407317578793,-0.05872312933206558,0.4856806993484497,-0.04007324203359802,0.024842774498917027,0.01714716293557,0.015834901262427703,-0.005457881366651929,-0.009166503145592308,0.059676527976989746,-0.02999270893633364,0.15242183208465576,0.35980149786115495,0.6169627106474753,25.941369914438233,-0.06909700201078893,0.03189349796395174,-0.050645564786922066,0.0009832809955696575,1
10.557529926300049,-0.014539452269673347,-0.05852309241890907,0.4858854413032532,-0.04100456833025984,0.02735853195282594,0.018530782328675537,0.016413128295934776,-0.005697987735244325,-0.00779585594303045,0.059180013835430145,-0.01732011325657366,0.14026257395744324,0.3679325569973767,0.6151968169126896,25.936288800678714,-0.07021063360529749,0.026936294257175798,-0.04728463007966132,0.0009577180026099086,1
10.567529916763306,-0.014912290498614311,-0.05831483006477356,0.486106276512146,-0.040429487815174824,0.02531858346646538,0.017450219051815218,0.01708411196552362,-0.005900495748393908,-0.00639815705119684,0.06506794691085815,-0.01948334835469721,0.13278864324092865,0.3754867149386737,0.6155643918605024,25.936998860630247,-0.07481783946801612,0.02834218023854433,-0.04499769185555122,0.0009671469961176626,1
10.577529668807983,-0.015284478664398193,-0.058104488998651505,0.48632270097732544,-0.04146740585547282,0.026504797844288504,0.01884896310550996,0.01785662327250437,-0.006199661062117556,-0.004593343058330479,0.05129536613821983,-0.018937593325972543,0.12282083928585052,0.383595353461788,0.6146081283103351,25.93148012558798,-0.07068468678927621,0.02899323558377526,-0.042339701356093655,0.0009396979949087836,1
10.587529420852661,-0.015667278319597244,-0.057906921952962875,0.4865403473377228,-0.04177581146559525,0.024233009654440862,0.017224712308896026,0.01842505144209472,-0.006409344345441159,-0.003421600830231686,0.05242525786161423,-0.014556251466274248,0.11807073652744293,0.3915704686817438,0.6157112963676112,25.93394077462621,-0.07287381966386462,0.027598226452445904,-0.040949927685074494,0.0009640730058890767,1
10.59754729270935,-0.016034644097089767,-0.05770868435502052,0.486752450466156,-0.04095521569969036,0.025461649492411392,0.01796296241448625,0.01891659054267647,-0.006583585691651628,-0.002460126462956236,0.05042930319905281,-0.011093582957983005,0.09795872122049332,0.3984757507107684,0.6156804406972808,25.93147271015904,-0.07322610638037272,0.02636154945895045,-0.03466037270634682,0.0011157779954373837,1
10.607814073562622,-0.016401179134845734,-0.05752734839916229,0.4869675636291504,-0.040890645241596,0.024505484824073914,0.015959946462052517,0.01891659054267647,-0.006583585691651628,-0.002460126462956236,0.05042930319905281,-0.011093582957983005,0.09795872122049332,0.40505664828964094,0.616307482237511,25.936560152345542,-0.0732905760704931,0.02632844846549113,-0.033474110829008356,0.0027276660039206035,1
10.617898225784302,-0.016759496182203293,-0.05734725669026375,0.4871806800365448,-0.04041643441656144,0.023804135591532882,0.01557399148238519,0.019775844295319978,-0.006762228671939763,-0.000687049394047623,0.04116150736808777,-0.0022823200561106105,0.08043130487203598,0.41088986763081653,0.6173840789135058,25.939066538763964,-0.07154253784464533,0.02274043423412746,-0.028527167609978935,0.0008012640028027818,1
10.627805948257446,-0.017118075862526894,-0.057192616164684296,0.48738110065460205,-0.040791027259437534,0.021902143920863683,0.015523575264033484,0.020137825487620553,-0.006694912358251148,5.515691045232529e-05,0.033745989203453064,0.00409871246665717,0.06815828382968903,0.41650857487484844,0.6194469143734392,25.939423515281142,-0.06936394702394226,0.01964489142272425,-0.024002522250931486,0.0009490569937042892,1
10.637555837631226,-0.017832836136221886,-0.056906379759311676,0.4877793490886688,-0.041029877966430324,0.02132819963804419,0.015864107765243534,0.02048518521328324,-0.006721712832013171,0.000621470758045195,0.037231408059597015,0.007581615820527084,0.055184923112392426,0.42143911709505644,0.621255519222827,25.939559511496856,-0.06933416916757448,0.01959988314411018,-0.023149258742906006,0.0012561670009745285,1
10.647605180740356,-0.018184158951044083,-0.056772179901599884,0.4879834055900574,-0.039340022964461686,0.018992517104494094,0.01405960602364328,0.020891285813509075,-0.006480446230910708,0.0013290507063747903,0.023252839222550392,0.015439469367265706,0.043481919914484024,0.4267798300581867,0.6231226441898798,25.93675986091519,-0.07187411596147257,0.01810619626620959,-0.019067972495580263,0.0013847519949194975,1
10.657671451568604,-0.018184158951044083,-0.056772179901599884,0.4879834055900574,-0.039340022964461686,0.018992517104494094,0.01405960602364328,0.020891285813509075,-0.006480446230910708,0.0013290507063747903,0.023252839222550392,0.015439469367265706,0.043481919914484024,0.43037738957920196,0.6262714368556305,25.94107947829375,-0.06695448655560876,0.013692190325488266,-0.014871127612912297,0.0010731020011007786,1
10.667524337768555,-0.018537264317274094,-0.05665934458374977,0.4881681501865387,-0.04069931806892082,0.018591111472037136,0.016554115356554846,0.02091697056033448,-0.006328466349230233,0.0016352125409011542,0.009458278305828571,0.014245886355638507,0.030003430321812626,0.43479586965080286,0.6283552515985725,25.93338607174075,-0.06086659086742028,0.013886981372418377,-0.009854588104371481,0.0009734330014907755,1
10.677506923675537,-0.018880415707826614,-0.05655084550380707,0.48837289214134216,-0.03863042594421766,0.017881194085692383,0.012592189963305462,0.021142597530254825,-0.006068681389712172,0.0018600480438100142,0.011127146892249584,0.03238536790013313,0.01814930327236652,0.4369873149614597,0.6312946056757903,25.943266686153514,-0.06222414107586722,0.004742066450236299,-0.005145357185836231,0.0009647719998611137,1
10.687518119812012,-0.01923348568379879,-0.05645497888326645,0.4885711073875427,-0.040245108311679344,0.01726606858954206,0.01645793207563964,0.021145439672048738,-0.00557012460374251,0.0019363733441100095,-0.00032434507738798857,0.03363548591732979,0.002223089337348934,0.4399529763425895,0.6332371649761305,25.93303277850434,-0.057200180811717224,0.002888342683359853,0.0008992893190207666,0.0009515719939372502,1
10.69753122329712,-0.019575802609324455,-0.05635736137628555,0.4887756109237671,-0.03906486556054054,0.01629327237194341,0.012853603811572455,0.021131656547782818,-0.005474706146129993,0.0018943429118047916,-0.008120415732264519,0.032503578811883926,-0.009293417446315292,0.4422427970207324,0.6357286644721482,25.940599594010553,-0.053716258809476045,0.0029521635162106227,0.005826290827507234,0.000992640998447314,1
10.707536935806274,-0.019919315353035927,-0.056284088641405106,0.4889756143093109,-0.03971369192042351,0.01606461591870411,0.016564914957189494,0.021024408972729614,-0.004863338101305015,0.001627343308377327,-0.005687730852514505,0.03340514376759529,-0.01951595209538937,0.444521870022218,0.63746611097741,25.92995872232384,-0.05451355040420036,0.000970720928202609,0.010249911519013395,0.0010819720046129078,1
10.717539072036743,-0.0202480498701334,-0.056215643882751465,0.48918208479881287,-0.03723303974936753,0.014111910894780321,0.013058905509060071,0.020883204786926512,-0.004588547169141588,0.0013090395684907108,-0.013084039092063904,0.03728402778506278,-0.034237891435623176,0.44470227833790227,0.6404979718529471,25.93782656549416,-0.05114118836880094,-0.0015789907560655016,0.01595819419100511,0.0011539129991433583,1
10.727537631988525,-0.02057814411818981,-0.05616914480924606,0.489383727312088,-0.03922077641314878,0.014341228621574364,0.01709330827676354,0.020725037801041957,-0.00409078098368898,0.0008755329075058604,-0.024308452382683754,0.043314609676599496,-0.04900521039962769,0.4461920739509273,0.6418410131851155,25.925418588987387,-0.04552629429211905,-0.005737742843723119,0.022229384181830937,0.0010560599985183217,1
10.737532138824463,-0.021208005025982857,-0.0561046339571476,0.48978519439697266,-0.03831671550899492,0.012921721672934518,0.01710249483635656,0.020556698000174123,-0.003749597562170859,0.0003663436521410546,-0.01961287297308445,0.0414547175168991,-0.05367943644523621,0.4475115048882147,0.6430624194361052,25.92035206803236,-0.04547509795785502,-0.0057852503791844525,0.023411489197672514,0.0012445020038285293,1
10.74751591682434,-0.021208005025982857,-0.0561046339571476,0.48978519439697266,-0.03831671550899492,0.012921721672934518,0.01710249483635656,0.020556698000174123,-0.003749597562170859,0.0003663436521410546,-0.01961287297308445,0.0414547175168991,-0.05367943644523621,0.4486346124772399,0.6450817172664818,25.91661816728474,-0.047234395825160175,-0.005926009913659576,0.025453564615936328,0.0009649819985497743,1
10.75750732421875,-0.021516993641853333,-0.05608399584889412,0.48999637365341187,-0.035940818490093236,0.01106547749490772,0.013897161935111238,0.020204996434712186,-0.0031337260914687803,-0.0006114619087091988,-0.02382437326014042,0.03772567212581634,-0.06889159232378006,0.4479764677459566,0.6482044740719356,25.925469089833953,-0.04456705487955961,-0.006186175932479782,0.03136678941562931,0.0009300589954364114,1
10.767520904541016,-0.021824762225151062,-0.05607208237051964,0.4901978671550751,-0.03664913028514505,0.012562762942097516,0.01719567552405408,0.019918359213109582,-0.0025991079121943095,-0.0014333245117290616,-0.028824888169765472,0.03941970691084861,-0.08245933055877686,0.4477254451964977,0.6490795708356673,25.916827912153167,-0.041412757950072855,-0.008309868716789605,0.037381085074575916,0.0009564610008965246,1
10.777512550354004,-0.022122250869870186,-0.05606449395418167,0.4904089570045471,-0.03468961268737773,0.010544333584117209,0.013194383138091226,0.01962878834903048,-0.0022255700556530478,-0.0023099391179450812,-0.037900410592556,0.0433945097029209,-0.09455198049545288,0.44606858032578756,0.6513081422820185,25.926463048309785,-0.03670853674492452,-0.011375197314554407,0.042971499209515665,0.0009294300034525804,1
10.787521600723267,-0.02241361327469349,-0.056069936603307724,0.4906052052974701,-0.03453807532756234,0.011306252321778953,0.016841020441530703,0.01921359523942101,-0.0017120863844786172,-0.003318977382679833,-0.034475177526474,0.03713384643197058,-0.10090383142232895,0.4446098830082296,0.6521070825810178,25.916915282219463,-0.0370240763169807,-0.009912961873908723,0.04666890130140551,0.0009458440035814419,1
10.797640562057495,-0.022700263187289238,-0.05608469620347023,0.49081262946128845,-0.03330670669238905,0.009921669947777531,0.013658136148756453,0.018715937002710792,-0.0011515497831249277,-0.004978258562361226,-0.03898121044039726,0.036156695336103425,-0.11354511231184006,0.4423392418074227,0.6537730421380866,25.923357155191542,-0.033763515389810636,-0.011130846243127145,0.052442681924286,0.0010997130011674017,1
10.807983160018921,-0.022981969639658928,-0.05610010027885437,0.49100837111473083,-0.0344497971208632,0.011940174730429878,0.01595770196147259,0.0185346596093261,-0.0008991047534312457,-0.005632320158409865,-0.04599105194211006,0.03806865960359572,-0.12247081100940704,0.44122694986244304,0.6531943491429821,25.917225409738734,-0.029949773981873914,-0.012550168425544047,0.056816583445646204,0.0019865389986080118,1
10.817857503890991,-0.023260796442627907,-0.05612889304757118,0.4912176728248596,-0.0316346697502227,0.007741912733196315,0.015557506123404587,0.01792531851568846,-0.00043855652951396706,-0.00757593441540827,-0.0384722463786602,0.028261689469218237,-0.13769203424453735,0.438430985972732,0.6556740500665577,25.915272756081922,-0.032002801737521,-0.009654706740527055,0.06372015496098862,0.0008303200011141598,1
10.827519178390503,-0.023522600531578064,-0.05616186931729317,0.49142464995384216,-0.03178271278171589,0.008117923510525274,0.017940439294987297,0.01765295658278898,-3.206876245531731e-05,-0.009017224081830921,-0.036480505019426346,0.029687369242310507,-0.14975813031196594,0.43596811946835023,0.657304534851095,25.90536699858474,-0.03213423664103305,-0.011318917896791675,0.06978463950212842,0.0009702200040919706,1
10.837511539459229,-0.02377326413989067,-0.05620679631829262,0.49163636565208435,-0.029300402842610502,0.007279602812846379,0.016515646141808622,0.01724052744033333,0.00012816933293580135,-0.010530399052107509,-0.04338117316365242,0.015868950635194758,-0.1565197855234146,0.43243466282637344,0.6590581393373067,25.906246412595493,-0.02841797752482634,-0.005602952000010279,0.07339817632720327,0.0010360140004195273,1
10.84753704071045,-0.024007583037018776,-0.05625458434224129,0.4918501079082489,-0.028088062999464872,0.007224566304652397,0.017866319048223906,0.01662382698693765,0.00035978483680176865,-0.013003140666843827,-0.040871527045965195,0.010974222794175127,-0.1672530323266983,0.4287475810248323,0.6603318950245904,25.90025164477968,-0.027435043679868303,-0.004188886365952571,0.07958068966547195,0.0010082860026159324,1
10.858508586883545,-0.024452613666653633,-0.05638999864459038,0.4922696053981781,-0.025439303363184805,0.004660651092216171,0.017603743827605354,0.016485687859516318,0.0004141096409910894,-0.013844598734403135,-0.038143109530210495,0.004368352238088825,-0.17316272854804993,0.42551338801838684,0.6614635111378472,25.8978032526666,-0.027416612090537723,-0.004163237142625755,0.08074550421205044,0.001429033000022173,1
10.867511749267578,-0.024452613666653633,-0.05638999864459038,0.4922696053981781,-0.025439303363184805,0.004660651092216171,0.017603743827605354,0.016485687859516318,0.0004141096409910894,-0.013844598734403135,-0.038143109530210495,0.004368352238088825,-0.17316272854804993,0.4214693109118327,0.6644696638507243,25.895965250101135,-0.028493552445351792,-0.0015401608134037502,0.0833743373902603,0.0008197729985113256,1
10.877506017684937,-0.02466035820543766,-0.05647024139761925,0.49247410893440247,-0.025132171804961204,0.004550820224176311,0.017642563213628667,0.015938154664560056,0.00046589033234667454,-0.01655380144134666,-0.03291124477982521,0.00015459430869666497,-0.1816336214542389,0.41786845839114295,0.6671921580281691,25.89426073862124,-0.029363964873962884,0.00024281760316341265,0.08817418358683461,0.0009515709971310571,1
10.88751482963562,-0.02485991269350052,-0.05654614418745041,0.4926903545856476,-0.023913547385261247,0.0040508671884764485,0.017873920510373568,0.01571905816936514,0.0004675448721340736,-0.01845595905322117,-0.03363661468029022,-0.008711872622370744,-0.19240331649780273,0.4142370057432293,0.6699035856541661,25.891855546420985,-0.028504944372176256,0.004159226863727061,0.09367388700714513,0.0009552029951009899,1
10.897525072097778,-0.025052618235349655,-0.05663925036787987,0.49290144443511963,-0.023465931401081313,0.0038471042996710446,0.017579985793848743,0.015325438103557687,0.0004291140131500448,-0.020405673673943525,-0.029406296089291573,-0.00969231873750689,-0.19636675715446472,0.4108916972168759,0.6725188988159245,25.891045776611875,-0.02932924511697824,0.004723957481660612,0.09711304239998401,0.0009948060032911599,1
10.90751576423645,-0.025220107287168503,-0.056730225682258606,0.4931151568889618,-0.01929765007439536,0.002678324033392539,0.015792991972194203,0.015060102230444627,0.00023724670588043395,-0.023444103922972914,-0.02321726456284523,-0.013409344479441669,-0.20547449588775635,0.4052026642800343,0.6760131035451871,25.89604302969984,-0.031475153718016034,0.006541394747506042,0.10246623121479265,0.0010079370040330105,1
10.91756558418274,-0.025383291766047478,-0.05682691931724548,0.49331510066986084,-0.020641628641385485,0.003327006739369151,0.018420966348784675,0.014915796720150976,0.00020928616309223713,-0.02555474245842726,-0.01622791402041912,-0.013625955209136035,-0.21427182853221893,0.40125277033000567,0.6787268654428017,25.888079559244648,-0.03419082672669117,0.006905015720836123,0.10754524020388684,0.001473106000048574,1
10.927537202835083,-0.02552715502679348,-0.056916795670986176,0.49352890253067017,-0.018502665684064744,0.0027174968256717044,0.01615098118759849,0.014690284365257433,3.73349597242445e-05,-0.02778330704418641,-0.019866639748215675,-0.014868954196572332,-0.2218153327703476,0.3964213610224107,0.6816516495581221,25.891880355275912,-0.032013263258806705,0.007736367897947327,0.11223545961099145,0.0010670959964045323,1
10.937516212463379,-0.02568647265434265,-0.05701228976249695,0.4937397241592407,-0.019256269556840504,0.0025769881994046197,0.020286407322781527,0.014473864539632508,-4.183015387626554e-05,-0.03004154187441177,-0.022758305072784424,-0.0122804865241051,-0.22846719622612,0.3927080116972087,0.6839233454724569,25.878155520384517,-0.030177680751979175,0.0069247242063713065,0.11657501954903972,0.0009684049946372397,1
10.947543382644653,-0.025819331407546997,-0.057112060487270355,0.4939531683921814,-0.016479950398220308,2.6737667032487938e-05,0.015109580010073552,0.014268686926282026,-0.0002079069685261281,-0.032393492333548046,-0.015921583399176598,-0.01125582680106166,-0.23678624629974365,0.38741197720644105,0.6884186113720273,25.890532720483858,-0.03302751643605215,0.006408482038144094,0.12053562484711784,0.0010006730008171871,1
10.957512378692627,-0.0259547159075737,-0.05721641331911087,0.494162380695343,-0.0170509479927028,0.0006768213560777022,0.020996145904292083,0.01412987000795729,-0.0002476121793799635,-0.034827789570611944,-0.0230614822357893,-0.010746337473392516,-0.2466016411781311,0.3831442983998831,0.691265877284948,25.874191216495085,-0.029438319531420773,0.006559098936071428,0.12583836844679852,0.0009422820003237575,1
10.96751856803894,-0.0259547159075737,-0.05721641331911087,0.494162380695343,-0.0170509479927028,0.0006768213560777022,0.020996145904292083,0.01412987000795729,-0.0002476121793799635,-0.034827789570611944,-0.0230614822357893,-0.010746337473392516,-0.2466016411781311,0.3794817924978703,0.6938538356974092,25.866721482953036,-0.029258615048663752,0.0066073187505311095,0.12778485110979482,0.0009489169970038347,1
10.977543115615845,-0.026169773191213608,-0.05742702633142471,0.494585782289505,-0.014317204240388803,0.0010129250943638056,0.021465508268095474,0.013907289200615569,-0.0004645755275549668,-0.037352203420618846,-0.02397996187210083,-0.019662532955408128,-0.253677636384964,0.374839222374716,0.6959630602403765,25.86027991277876,-0.028250516235806714,0.010999613606281253,0.13189449694672845,0.000947521002672147,1
10.987541437149048,-0.026256639510393143,-0.057525765150785446,0.49479588866233826,-0.011420556347799133,-0.00043181331795230746,0.014673687515558516,0.013665010169204184,-0.000605354017393811,-0.04127054948412123,-0.019269855692982674,-0.00860744342207912,-0.26594966650009155,0.36819261275620074,0.6996283417481117,25.880511452153574,-0.029704140157386327,0.006082893148120315,0.13891772765869484,0.0009531079995213076,1
10.997649669647217,-0.026355132460594177,-0.057628337293863297,0.4950145184993744,-0.01257463078802063,0.0008642764446773558,0.0218057520689012,0.013483785730418418,-0.0005729020934870377,-0.043978695267112844,-0.01996499113738537,-0.019178621470928227,-0.27251681685447693,0.3634252906084882,0.7013868802431623,25.86297254343335,-0.028939260742572692,0.010948774216323816,0.14391395160520973,0.001124299000366591,1
11.007846355438232,-0.026495955884456635,-0.05783325061202049,0.4954349398612976,-0.010547993706211572,4.793556947664027e-05,0.02136460877857779,0.012989822880340007,-0.0008328934805326149,-0.05101383410315785,-0.017124483361840248,-0.009531943127512967,-0.2874562740325928,0.3555104295659039,0.7055098089810034,25.877153218806303,-0.027344375738551394,0.0038066699950636248,0.14789602412994712,0.0030310040019685403,1
11.017798900604248,-0.026495955884456635,-0.05783325061202049,0.4954349398612976,-0.010547993706211572,4.793556947664027e-05,0.02136460877857779,0.012989822880340007,-0.0008328934805326149,-0.05101383410315785,-0.017124483361840248,-0.009531943127512967,-0.2874562740325928,0.3502736004347976,0.7073891242805586,25.8614503572446,-0.028925128884454046,0.007116436702821022,0.15449022179194127,0.0007870159970480017,1
11.027529954910278,-0.026559609919786453,-0.05791362002491951,0.4956464469432831,-0.007418685137707582,-0.0015865490824124653,0.017033558335795,0.012981783963744498,-0.000980537447467178,-0.05247772108427462,-0.012221086770296097,-0.010903224349021948,-0.292020320892334,0.3435149119672137,0.7107663058820975,25.8692551298599,-0.031172675377767675,0.007847491884482517,0.15806057034790086,0.001018483002553694,1
11.037516593933105,-0.026623893529176712,-0.05798732861876488,0.4958488941192627,-0.008229770701746193,-0.0008037875388923721,0.019786994903040065,0.01275859693993553,-0.0010117368393056658,-0.05687382223513948,-0.010769292712211609,-0.015436416491866148,-0.2949836552143097,0.3380644093119252,0.7130972382243932,25.86200333186352,-0.031221491881710303,0.010130073528363858,0.16219436639067136,0.0011227619979763404,1
11.047550916671753,-0.026674160733819008,-0.058061979711055756,0.4960487186908722,-0.00596619071814122,-0.0017527134575248517,0.01608145236878344,0.012615325997421323,-0.0010889974800827318,-0.05985861340356102,-0.01473249215632677,-0.0039499551057815925,-0.30143991112709045,0.33110605236661184,0.7159575936566648,25.871961443045226,-0.02919047581222344,0.004869171858879148,0.16562521873893793,0.0009840499988058582,1
11.058537483215332,-0.026723885908722878,-0.05812542885541916,0.4962417781352997,-0.00619575754458424,-0.00034178473973079347,0.01899908855375612,0.01260793274076688,-0.0010719743889864297,-0.06294288519949776,-0.0035378150641918182,-0.0032482319511473556,-0.30656740069389343,0.3250022115086012,0.7178013381739015,25.864255480846317,-0.03395313415446008,0.004597941834323178,0.17085977681133618,0.0011399439972592518,1
11.0675208568573,-0.026765920221805573,-0.05818658694624901,0.49643707275390625,-0.004532959775053097,-0.00144543743465414,0.01620297879039714,0.012591557968346212,-0.0011449022349463434,-0.06597482643067076,-5.147024057805538e-05,-0.007765664253383912,-0.30638816952705383,0.3184203121604442,0.7206013307124187,25.870782876327787,-0.03558460545991148,0.0066203012951246715,0.1723289459840087,0.000824522998300381,1
11.077507257461548,-0.026765920221805573,-0.05818658694624901,0.49643707275390625,-0.004532959775053097,-0.00144543743465414,0.01620297879039714,0.012591557968346212,-0.0011449022349463434,-0.06597482643067076,-5.147024057805538e-05,-0.007765664253383912,-0.30638816952705383,0.31266214601648473,0.7230626675033395,25.872698864026752,-0.03556753086411816,0.006748576448378939,0.1737866633468919,0.0009495460035395809,1
11.087522506713867,-0.02684119902551174,-0.05830994248390198,0.4969620108604431,-0.0017258675204844239,-0.000931490455133536,0.015870379281936423,0.012589371060847565,-0.0010176401186279271,-0.07391587581868997,0.008785177022218704,0.004952830262482127,-0.3164103329181671,0.30529224092542223,0.7255164313401415,25.877056526142795,-0.03432246154294603,0.003385814919569082,0.17960138704996162,0.0009655399990151636,1
11.097520351409912,-0.02684119902551174,-0.05830994248390198,0.4969620108604431,-0.0017258675204844239,-0.000931490455133536,0.015870379281936423,0.012589371060847565,-0.0010176401186279271,-0.07391587581868997,0.008785177022218704,0.004952830262482127,-0.3164103329181671,0.2980820371965989,0.7275459752656795,25.874263878869975,-0.03940197803240733,0.00040760398052346785,0.18295207719227674,0.0009626069950172678,1
11.107556819915771,-0.02686484344303608,-0.058335404843091965,0.49713462591171265,-0.001049620338929421,-0.0005150111505631429,0.015426729804875042,0.012648478454478695,-0.0009353226635044898,-0.0770271868711232,0.011986364610493183,0.0028507213573902455,-0.3174681067466736,0.29108988333711805,0.729283121890588,25.873947643057083,-0.0409975856747472,0.0010904516625520073,0.18569601239064973,0.0010430690017528832,1
11.117549180984497,-0.026883624494075775,-0.05834686756134033,0.49730557203292847,-0.0014994572873335194,-0.0002825377782966257,0.015505979768598648,0.0128642946575388,-0.0008535159215732335,-0.08028271538467813,0.016544919461011887,0.006516733206808528,-0.3209502398967743,0.28486120530580794,0.7310575710111046,25.87281293263452,-0.04359031964465705,-0.0007248212423034345,0.18920081718736784,0.0012750250025419518,1
11.12754225730896,-0.02690858580172062,-0.05835931748151779,0.49747174978256226,0.0002559656197425421,-0.0004469068630289544,0.015084887853922018,0.013048149519101049,-0.0007261214043925435,-0.08501257748308122,0.015367920510470867,0.004837912507355174,-0.316549152135849,0.27776249746844595,0.7328786922718534,25.87312237568379,-0.04358472394378011,-0.0004420939116726835,0.19111216732114036,0.0010712169969337992,1
11.137511730194092,-0.026920411735773087,-0.05834921449422836,0.4976324439048767,0.0007079058470102964,-0.0007525343908500911,0.013666702433399793,0.013261640029011534,-0.0006614661176369552,-0.08816814992915756,0.023103764280676842,0.001775374752469322,-0.3164518177509308,0.2710188730063392,0.7352407824516587,25.877485066882937,-0.047621324688340544,0.0007234416817403807,0.19323280446216004,0.0009640040007070638,1
11.147541999816895,-0.026939326897263527,-0.058343514800071716,0.4977836310863495,0.001098135146263992,0.0009819198847361367,0.014886880295481809,0.013569113567585056,-0.0005491245013211632,-0.09125573398204478,0.02715461142361164,0.005138132721185647,-0.30604633688926697,0.26453610700090097,0.7363390569217009,25.874359589706163,-0.050124166909852524,-0.0010402742254557366,0.19198608804254555,0.0009363450008095242,1
11.157543420791626,-0.026954425498843193,-0.0583108551800251,0.49793219566345215,0.0009357977890223442,-0.001434113052645272,0.012790638019138665,0.013816200682793767,-0.0004503850568355894,-0.09427336260548591,0.0265569519251585,0.008469562977552378,-0.3029804229736328,0.2583938592428628,0.7394372629872902,25.880328035084705,-0.0504782018514929,-0.002713052226039036,0.19129113155092925,0.0009443079979973845,1
11.167542457580566,-0.026985011994838715,-0.0582817904651165,0.49807974696159363,-0.0012406026801320036,0.0012457722142457407,0.017335398124944463,0.014214539110270152,-0.00025941986858235566,-0.09720410481181085,0.04223720729351044,0.015013515949249233,-0.2894878089427948,0.25419951261652834,0.7407992955615185,25.866233052100224,-0.05821168803981882,-0.005828379281233437,0.1884475827263741,0.000961559999268502,1
11.177531242370605,-0.027013754472136497,-0.05823950469493866,0.49822622537612915,0.0010142448236372201,-0.0019172281475634684,0.012767094182721208,0.014606415219060587,-0.00027523838781018384,-0.10006627856809569,0.04828107729554176,-0.00015647639520469794,-0.2830583155155182,0.24905357240998674,0.7449984493477741,25.875716056358446,-0.06230132675847979,0.0006099341605119071,0.18746510284001863,0.0009711980019346811,1
11.187532424926758,-0.027013754472136497,-0.05823950469493866,0.49822622537612915,0.0010142448236372201,-0.0019172281475634684,0.012767094182721208,0.014606415219060587,-0.00027523838781018384,-0.10006627856809569,0.04828107729554176,-0.00015647639520469794,-0.2830583155155182,0.24455163804043836,0.7485936366781878,25.879021394031067,-0.06267877771361466,0.0007163426586992,0.1882715932371818,0.0009552740011713468,1
11.197668313980103,-0.02708098106086254,-0.05814846232533455,0.49849292635917664,0.0019808807170940026,-0.0018788209778467558,0.00906333513238426,0.015166426892018858,-0.00016012837933843116,-0.10285847654206615,0.05497022718191147,0.005373762454837527,-0.2736489474773407,0.23954488437793345,0.7525384210163659,25.892136180821684,-0.06708643085571735,-0.002178999879030587,0.1867207398793056,0.0011036950018024072,1
11.207853555679321,-0.02718646638095379,-0.05800953134894371,0.4987383186817169,0.0004455008040834366,-0.0018767153598759003,0.008833399969914462,0.016699413706478428,-0.00021752468826052862,-0.10932575808306,0.06491316854953766,-0.008336221799254449,-0.24883539974689484,0.2363874394169248,0.7575760830117468,25.897563354945323,-0.07507305230863533,0.004257806552128224,0.18027407438098358,0.002422163001028821,1
11.21752405166626,-0.02718646638095379,-0.05800953134894371,0.4987383186817169,0.0004455008040834366,-0.0018767153598759003,0.008833399969914462,0.016699413706478428,-0.00021752468826052862,-0.10932575808306,0.06491316854953766,-0.008336221799254449,-0.24883539974689484,0.23364082462906638,0.7618751010304009,25.899280382399997,-0.07581048821070803,0.004434243583782761,0.179565454464123,0.0008650340023450553,1
11.227533340454102,-0.02725467085838318,-0.05792907252907753,0.4988532066345215,-0.0019691232567873376,0.000616333853533703,0.01413694489785876,0.017351036231093353,-0.00020524498153839943,-0.11171046590547062,0.08056137710809708,-0.012914231047034293,-0.23629997670650482,0.23321115161107583,0.7643974772884797,25.880899439646402,-0.0844275914952847,0.00675925512251281,0.17623741206823695,0.0011149400015710853,1
11.237531185150146,-0.02733045630156994,-0.05782988667488098,0.4989778995513916,-0.0005361001175562754,-0.0016212024466482318,0.008617798798779453,0.01816572235934588,-0.00037036140508561743,-0.11398729858807632,0.0810743123292923,-0.01110737770795825,-0.22502700984477997,0.23165160901176668,0.769262615839184,25.892052111528226,-0.08703382382183711,0.006276735131079741,0.17279935588260142,0.0010140830054297112,1
11.24753713607788,-0.02741769514977932,-0.05773049592971802,0.499087393283844,-0.003582948116779602,0.00026760620003210165,0.012888618745077072,0.019317896607823126,-0.0005027821822518597,-0.11714216342633987,0.08109354227781296,-0.023426568135619188,-0.20555493235588074,0.23300027784776242,0.7726412805778161,25.881125881432894,-0.09013627110453565,0.01257843567971226,0.1669832701349662,0.0009727340002427809,1
11.258457660675049,-0.02750702016055584,-0.05762389674782753,0.49920162558555603,-0.000269460686678579,-0.0020943277107148195,0.006208667993977647,0.020064412057129388,-0.0008725743041431144,-0.11914135466281062,0.08074922114610672,-0.023699799552559877,-0.1948031485080719,0.23192863542176234,0.7782972620022349,25.899408715153772,-0.09211980624137865,0.013437016275928273,0.16303087719382472,0.0011137520050397143,1
11.267558097839355,-0.027605585753917694,-0.05751967057585716,0.4993021786212921,-0.0034123985205547027,-0.00041832157772134606,0.011328812686153374,0.02093268593124309,-0.0009892972147977908,-0.12098104040721092,0.08504320681095123,-0.029724033549428007,-0.18387822806835175,0.23356118941750298,0.7823926544624984,25.88886814793237,-0.09548609670418587,0.016745207557907798,0.15903485501657352,0.0009824430017033592,1
11.2775297164917,-0.027706900611519814,-0.05739876255393028,0.49940162897109985,-0.0010349710087753726,-0.0017131279437203346,0.005948023399368028,0.02164660100737459,-0.0013034303599970265,-0.122694387978461,0.07536125183105469,-0.031776078045368215,-0.16187451779842377,0.23359605742633813,0.7875226384493006,25.902860641617572,-0.09330949613051989,0.018201469642859736,0.1515749860858314,0.000947102002101019,1
11.2875394821167,-0.027706900611519814,-0.05739876255393028,0.49940162897109985,-0.0010349710087753726,-0.0017131279437203346,0.005948023399368028,0.02164660100737459,-0.0013034303599970265,-0.122694387978461,0.07536125183105469,-0.031776078045368215,-0.16187451779842377,0.23367348097270482,0.7918549313828642,25.9081793971333,-0.09397675561219039,0.018511707306630633,0.15033264805874783,0.0009565310028847307,1
11.29754376411438,-0.02808297611773014,-0.05703606456518173,0.49965834617614746,-0.005060529813444661,-0.001681949918030548,0.008131895211542681,0.023430728258620803,-0.0018510087786314244,-0.1263401305794396,0.07617060840129852,-0.028495376929640787,-0.13287466764450073,0.23526408700775814,0.7963908774383219,25.910724020967308,-0.09407643067553752,0.018673868117129084,0.15009635037716645,0.000943678998737596,1
11.307544231414795,-0.02808297611773014,-0.05703606456518173,0.49965834617614746,-0.005060529813444661,-0.001681949918030548,0.008131895211542681,0.023430728258620803,-0.0018510087786314244,-0.1263401305794396,0.07617060840129852,-0.028495376929640787,-0.13287466764450073,0.23856339654737385,0.8005596159489181,25.902519537898012,-0.09918979157941163,0.019025779648606144,0.14156797008424216,0.0009815349985728972,1
11.317545652389526,-0.02822674810886383,-0.05690368264913559,0.49973538517951965,-0.0046500131951252915,-0.004754436078305661,0.004493435814877755,0.02421581124926142,-0.002150892140490246,-0.12750764648425683,0.07004167884588242,-0.01857853308320047,-0.11505972594022751,0.24096982730128724,0.8071564099591356,25.91145859051077,-0.0988015365890408,0.015365027140892017,0.13446756736982549,0.0011247179936617613,1
11.32755160331726,-0.028389455750584602,-0.056781914085149765,0.4997957944869995,-0.007559360535491307,-0.0029786523385407194,0.007806314604318446,0.024807310794685122,-0.002312034682536712,-0.12863602818386521,0.06513635069131851,-0.022159244865179076,-0.10801626741886139,0.24564564277504955,0.8115483846241837,25.903240329413556,-0.09810549766773521,0.01772383278459628,0.131131266704589,0.0010631139957695268,1
11.338017225265503,-0.028552986681461334,-0.0566483810544014,0.4998537302017212,-0.005950242226194842,-0.005755436664814197,0.002682949894565695,0.02548182443691749,-0.0025415897089695605,-0.1296033457723751,0.0663369819521904,-0.014250600710511218,-0.0918501764535904,0.2485252105093496,0.8184608227213808,25.917429135283683,-0.10059734005706195,0.01466164749509664,0.12549186327318418,0.0011332389985909685,1
11.347515344619751,-0.028729895129799843,-0.056512702256441116,0.4998992383480072,-0.0069950455984153954,-0.0034697961175806564,0.005208932789776344,0.02632142754892186,-0.002623576472863043,-0.13074566081998684,0.061563629657030106,-0.009585771709680566,-0.06893112510442734,0.2520663037668474,0.822848762678415,25.91416285136933,-0.10053795063665978,0.013015897644926305,0.11725293133390075,0.0009874030001810752,1
11.35752248764038,-0.02890760265290737,-0.05636632442474365,0.4999438226222992,-0.006607441731687909,-0.005831462755331589,0.0020016317637743357,0.026770131889274573,-0.0027188274409879476,-0.13136185699194947,0.045760419219732285,-0.000758790411055096,-0.06437312811613083,0.2547218004708639,0.8285321425286307,25.92379753739273,-0.09482640332528178,0.009246427541728837,0.11438812580126916,0.0009609999979147688,1
11.367546081542969,-0.029104135930538177,-0.056227218359708786,0.49997761845588684,-0.009279227906542434,-0.004780660668493076,0.004549600159304008,0.027139317580086253,-0.002654006006080234,-0.13188390661618143,0.039794135838747025,-0.001632992411032325,-0.04795975238084793,0.2592525457391056,0.8324753610196374,25.918668154694306,-0.09304345567395814,0.009787858022945886,0.10862278017183051,0.0009543660053168423,1
11.377539873123169,-0.029513055458664894,-0.055948153138160706,0.5000227093696594,-0.010451029098946117,-0.006511001769426631,0.0020493487710033635,0.027434257539718843,-0.002670967172631933,-0.13215414468951936,0.03289048746228218,0.01404297165572643,-0.026307761669158936,0.2632264368169517,0.8359560339903492,25.916560626440916,-0.09301081534234665,0.009766684709681612,0.1075372475187008,0.0012439429992809892,1
11.387538194656372,-0.029513055458664894,-0.055948153138160706,0.5000227093696594,-0.010451029098946117,-0.006511001769426631,0.0020493487710033635,0.027434257539718843,-0.002670967172631933,-0.13215414468951936,0.03289048746228218,0.01404297165572643,-0.026307761669158936,0.2675181951037832,0.8404558122880341,25.924216516288496,-0.09077640356411373,0.0029367526825727387,0.10034143843271702,0.0009461239969823509,1
11.397633075714111,-0.02972322143614292,-0.05581609904766083,0.5000317692756653,-0.009175218788369122,-0.00865979193476317,-0.004044230132918495,0.02789841723885189,-0.002299073924843409,-0.1324244623404791,0.021974481642246246,0.01855485886335373,0.0005116104148328282,0.2701661731687709,0.8466677313887022,25.94853026658049,-0.08724734090113047,-0.00018278718774985062,0.0903051986944258,0.0010913320002146065,1
11.40784215927124,-0.030180005356669426,-0.055549830198287964,0.4999987483024597,-0.009084692175660622,-0.010217465517739102,-0.005528336844519574,0.027972787570279767,-0.0019292880438053217,-0.13216064785319137,0.006059660110622644,0.02730587683618069,0.020619936287403103,0.27225295065145966,0.8526599918899513,25.963715265465456,-0.0802995539734837,-0.004695270228032394,0.08180719462676339,0.0023909420051495545,1
11.417772769927979,-0.030180005356669426,-0.055549830198287964,0.4999987483024597,-0.009084692175660622,-0.010217465517739102,-0.005528336844519574,0.027972787570279767,-0.0019292880438053217,-0.13216064785319137,0.006059660110622644,0.02730587683618069,0.020619936287403103,0.27424975522039574,0.8577938236164748,25.969959349094484,-0.08029632110225383,-0.005104972526904569,0.08018084366894085,0.0007927440019557253,1
11.427819967269897,-0.030180005356669426,-0.055549830198287964,0.4999987483024597,-0.009084692175660622,-0.010217465517739102,-0.005528336844519574,0.027972787570279767,-0.0019292880438053217,-0.13216064785319137,0.006059660110622644,0.02730587683618069,0.020619936287403103,0.2759996598456263,0.8622682728576154,25.97249052750099,-0.08027559791581239,-0.005117318474639664,0.07987456296861192,0.0009932690009009093,1
11.437528610229492,-0.030646804720163345,-0.05529775470495224,0.4999215006828308,-0.010692760481158995,-0.011478286072044874,-0.007288467636328824,0.027773760411530013,-0.0011329164475442077,-0.13142808239425374,-0.015551197342574596,0.053433280438184745,0.04735888168215751,0.2778285394699385,0.8663615058952816,25.980105904559316,-0.07006604824331067,-0.018775245091444723,0.07090123586566431,0.000943259998166468,1
11.447540521621704,-0.03089803270995617,-0.05517502501606941,0.4998677968978882,-0.012796914399172393,-0.009378960957890987,-0.00397957726400614,0.027509205956047555,-0.0005933203092607364,-0.13082210823095508,-0.025266647338867188,0.05039766430854798,0.06494827568531036,0.2812429786683263,0.8673890481868379,25.97197045100136,-0.0647774843417335,-0.018650095731562576,0.06328983095861475,0.001003117999061942,1
11.45767879486084,-0.03114190325140953,-0.055049117654561996,0.4998060464859009,-0.010803123137345346,-0.012227414949361018,-0.008694921649921663,0.027086264793972692,6.790539970547016e-05,-0.1296292469869056,-0.02769293822348118,0.05824413895606995,0.08042433112859725,0.28225145308781346,0.8703737467602459,25.985429485717685,-0.06266703546214956,-0.024177422811767463,0.056491468077788425,0.0010864430005312897,1
11.467511653900146,-0.031384505331516266,-0.05492711812257767,0.49973586201667786,-0.011581644471132703,-0.01035898822845641,-0.00609823131282851,0.026772978685594584,0.0007282975699647309,-0.12866657428186867,-0.030850693583488464,0.06972184777259828,0.09384884685277937,0.28340945923367916,0.8707448750793749,25.982270311320846,-0.06020068862764283,-0.031019473072821154,0.05057049169055764,0.000855254998896271,1
11.477505922317505,-0.031631335616111755,-0.054810531437397,0.49965551495552063,-0.011465467717075194,-0.01367343845937593,-0.010025312235782007,0.02631841090189191,0.0012531095097134681,-0.12751043772943804,-0.037970200181007385,0.06520234048366548,0.11379607766866683,0.28405458240186493,0.8733137249419238,25.994759780219514,-0.056489940481851096,-0.029941476501214266,0.04273041065924879,0.0009377420064993203,1
11.487504243850708,-0.03188415244221687,-0.054694827646017075,0.4995754361152649,-0.01214554336780696,-0.011560266044913474,-0.0072843953757544,0.025897722835687365,0.0018826229768897917,-0.12628459612442944,-0.04315811023116112,0.06772471219301225,0.12357810139656066,0.2854027982655777,0.8729649594222747,25.991049845918194,-0.052391902594858236,-0.03313254553827051,0.03761189733129637,0.0009631659995648079,1
11.497541427612305,-0.032379645854234695,-0.05447688698768616,0.49938908219337463,-0.011467057376649452,-0.013093186432171446,-0.008707336168933644,0.025364870675981255,0.002545225654505767,-0.12492009533888337,-0.048912886530160904,0.0747845619916916,0.14140062034130096,0.2865860060246184,0.8726780905290585,25.98953722808227,-0.05235629851967886,-0.033167060098153504,0.03664892743039832,0.0012628719996428117,1
11.507561445236206,-0.032379645854234695,-0.05447688698768616,0.49938908219337463,-0.011467057376649452,-0.013093186432171446,-0.008707336168933644,0.025364870675981255,0.002545225654505767,-0.12492009533888337,-0.048912886530160904,0.0747845619916916,0.14140062034130096,0.287060958962047,0.8728190287582802,25.99477454176688,-0.04843967837793611,-0.03815398315677626,0.030281134629787265,0.0009616290044505149,1
11.5175199508667,-0.03286610171198845,-0.05427352711558342,0.49916940927505493,-0.00987089350343885,-0.01293000839695038,-0.010171808334639567,0.02402783758564153,0.00417433732189032,-0.1208337924740448,-0.05392173305153847,0.062436413019895574,0.17291133105754852,0.2875316110478853,0.8739899064931057,26.01059052649073,-0.04748241771012225,-0.03832198005930965,0.021313392657688814,0.0014882629984640516,1
11.5276198387146,-0.03286610171198845,-0.05427352711558342,0.49916940927505493,-0.00987089350343885,-0.01293000839695038,-0.010171808334639567,0.02402783758564153,0.00417433732189032,-0.1208337924740448,-0.05392173305153847,0.062436413019895574,0.17291133105754852,0.286957275019077,0.8722677508017865,26.009624314702656,-0.042581635753419125,-0.037098317559745506,0.01597022064879417,0.001086092997866217,1
11.537858486175537,-0.03309348225593567,-0.05418112128973007,0.4990427792072296,-0.010937015517766283,-0.014367870063796653,-0.014169422908217419,0.023436315279206976,0.004685412551096224,-0.11887938092124894,-0.0571015402674675,0.0681310296058655,0.1906880885362625,0.28687011179604116,0.871702010526758,26.02382114856937,-0.03962676282726251,-0.04095192518994074,0.008630133898830552,0.0011242289983783849,1
11.547521829605103,-0.033328257501125336,-0.05407731235027313,0.498926043510437,-0.009075637984843227,-0.01398945686027623,-0.011048089725863774,0.02282325857611145,0.005439574436758132,-0.11692726868274983,-0.06094047799706459,0.06858634948730472,0.1991765946149826,0.2854936725384245,0.8694846714412704,26.01934610084212,-0.03623031183929856,-0.04333461888395156,0.0038144144996663095,0.0008010550009203143,1
11.557540655136108,-0.0335482656955719,-0.053986866027116776,0.4987856447696686,-0.01050739467646642,-0.012760720084526158,-0.015069933625125955,0.021844907189086715,0.00628564919857455,-0.11375074837188048,-0.05981159955263138,0.059773940593004254,0.21710386872291565,0.28546056508648027,0.8663694772580441,26.032300862584208,-0.033986464860140966,-0.041567376397919346,-0.004173086906615628,0.0009593939976184629,1
