time_s,pos_x_m,pos_y_m,pos_z_m,vel_vx_m/s,vel_vy_m/s,vel_vz_m/s,att_roll_rad,att_pitch_rad,att_yaw_rad,ang_vel_p_rad/s,ang_vel_q_rad/s,ang_vel_r_rad/s,control_Fx_N,control_Fy_N,control_Fz_N,control_tau_x_Nm,control_tau_y_Nm,control_tau_z_Nm,solve_time_s,solve_success
2.2949609756469727,-8.891742618288845e-05,0.0008363391389138997,-0.0008779446943663061,0.0007150965427717822,0.0007898881220431462,-0.0025065713615536013,-0.07194736301363092,-0.010871357446447849,0.001072630726633328,0.012952879071235657,0.001243647886440158,0.0009739970555528997,0.09749871833683245,-0.6858274941490344,26.407504086410334,0.21690046905762234,0.030849232395968353,0.00020615944064386328,0.003174397001203033,1
0.002068042755126953,-8.891742618288845e-05,0.0008363391389138997,-0.0008779446943663061,0.0007150965427717822,0.0007898881220431462,-0.0025065713615536013,-0.07194736301363092,-0.010871357446447849,0.001072630726633328,0.012952879071235657,0.001243647886440158,0.0009739970555528997,0.09676158629328233,-0.6837934778699464,26.407601242179492,0.2053715498252206,0.030937064193576985,5.7538086019801596e-05,0.0008614020007371437,1
0.012032270431518555,-7.979158544912934e-05,0.0008311223355121911,-0.000860560336150229,0.0006045266090344875,0.0009671649655196462,-0.002625117551151247,-0.07194736301363092,-0.010871357446447849,0.001072630726633328,0.012952879071235657,0.001243647886440158,0.0009739970555528997,0.09654355121197906,-0.6830734526451122,26.407913409514883,0.2052125985443511,0.030951909055370687,2.3312061352364205e-05,0.002365517999351141,1
0.0225830078125,-7.979158544912934e-05,0.0008311223355121911,-0.000860560336150229,0.0006045266090344875,0.0009671649655196462,-0.002625117551151247,-0.07194736301363092,-0.010871357446447849,0.001072630726633328,0.012952879071235657,0.001243647886440158,0.0009739970555528997,0.09641159048526311,-0.6826379936239179,26.407961896806878,0.2052127997217549,0.030953051354227747,1.5566138790088563e-05,0.0013884540003346046,1
0.03212857246398926,-6.676023622276261e-05,0.0008177166455425322,-0.000828652991913259,0.0005940609867717473,0.0007246279117551077,-0.002552809429858433,-0.07193997479128056,-0.010820122685465172,0.0010584315543455958,0.007599391043186188,5.29483368154616e-05,0.0006762678967788815,0.09633184501822382,-0.6823749104618647,26.407970408076288,0.2052144586712933,0.03095357793158739,1.3825034138505972e-05,0.0011962389999098377,1
0.042305707931518555,-6.0592756199184805e-05,0.0008122644503600895,-0.0008126304019242525,0.00045789880407483887,0.001117476939437716,-0.002508395592279163,-0.0720590761740616,-0.01079772832073811,0.001045534095199141,-0.012015256099402905,0.0014131235657259822,-0.0007526090485043826,0.09617135637863165,-0.6820277228332307,26.40779143483316,0.20781885987182028,0.031402856361081574,4.8936961651005206e-05,0.002900741999837919,1
0.052056074142456055,-5.496010635397397e-05,0.0008095065131783485,-0.0007972566527314484,0.0005743893019788689,0.0011682029309230027,-0.0026525054226443964,-0.07203427632129156,-0.010812168448807391,0.0010363042275836065,0.009607307612895966,-0.002217375673353672,-0.0012207062682136891,0.09615115283873754,-0.684942811028401,26.40766046755781,0.2179598287484697,0.03069229939857752,0.00019881493522758148,0.0009857959994405974,1
0.06229233741760254,-4.883482324657962e-05,0.0008082818822003901,-0.0007833526469767094,0.0005601677148449844,0.0013773656436637611,-0.0025472883249230884,-0.07199108511198515,-0.01083320236668417,0.0010370804886385976,-0.0044036079198122025,-0.001742668799124658,-5.9624697314575104e-05,0.09625999581906015,-0.684734029024232,26.407953777521897,0.2073383956286064,0.032525733779982136,0.00030787312810350183,0.0027032199996028794,1
0.07212090492248535,-4.883482324657962e-05,0.0008082818822003901,-0.0007833526469767094,0.0005601677148449844,0.0013773656436637611,-0.0025472883249230884,-0.07199108511198515,-0.01083320236668417,0.0010370804886385976,-0.0044036079198122025,-0.001742668799124658,-5.9624697314575104e-05,0.09634317933583,-0.6862102287888452,26.40773413868982,0.213999905421976,0.03237305450621347,0.00019789957092713957,0.0008185160004359204,1
0.08229207992553711,-3.696397106978111e-05,0.0008043526322580874,-0.0007590422756038606,0.0004749094404423758,0.00118807316684827,-0.00266379281852821,-0.0720366075960599,-0.010871277553122116,0.001041230514941649,0.008566548116505146,-0.0015539648011326788,0.0013882236089557411,0.09629694381956065,-0.6868859160351277,26.408193664772426,0.21409162559277892,0.032366596588743024,0.0001733374107444143,0.0035585450004873564,1
0.09234809875488281,-3.696397106978111e-05,0.0008043526322580874,-0.0007590422756038606,0.0004749094404423758,0.00118807316684827,-0.00266379281852821,-0.0720366075960599,-0.010871277553122116,0.001041230514941649,0.008566548116505146,-0.0015539648011326788,0.0013882236089557411,0.09663939213504773,-0.6860533605620499,26.40803620001631,0.20779602295692873,0.03238175473555726,1.739165497229039e-05,0.000799867999376147,1
0.10203051567077637,-2.2743743102182634e-05,0.0007959658978506923,-0.0007369552040472627,0.0006702798465273692,0.0012413756606643013,-0.0027046261940668038,-0.07217079121402525,-0.010872516323583437,0.0010348373916300169,-0.013845802284777164,-5.7670171372592503e-05,-0.0004184511781204492,0.09621507682708973,-0.6882981939118111,26.408157099802395,0.21919302245737635,0.03163394160815426,0.00016110405176033045,0.0024904020010581007,1
0.11207938194274902,-1.4547265891451389e-05,0.0007938008639030159,-0.0007268821354955435,0.0007882238179361127,0.0013391973601256243,-0.002702270880197601,-0.07217079121402525,-0.010872516323583437,0.0010348373916300169,-0.013845802284777164,-5.7670171372592503e-05,-0.0004184511781204492,0.09565482530239464,-0.6898214726850289,26.40815212484277,0.2193774724927485,0.03161032574878411,0.00019447996375982456,0.0017052720013452927,1
0.12234044075012207,-6.28812540526269e-06,0.0007910328567959368,-0.0007165775750763714,0.0008048182980964027,0.0011399216875368967,-0.0026420557511782484,-0.07217079121402525,-0.010872516323583437,0.0010348373916300169,-0.013845802284777164,-5.7670171372592503e-05,-0.0004184511781204492,0.09523721000572344,-0.6902284178614057,26.407994730271408,0.21935397585126964,0.03160963702587931,0.0002022145631667929,0.0024833480001689168,1
0.13229751586914062,8.70213000325748e-07,0.0007860359037294984,-0.00070584547938779,0.0007425303335776786,0.0008456293159856359,-0.0025339163835908637,-0.07231244729281805,-0.010878162504302402,0.001024933271516204,-0.010772550478577614,0.00031110207783058275,-0.000972674461081624,0.09507522105486924,-0.6899320815635425,26.407689243692488,0.2182133135949634,0.03145285162384123,0.0002659236200215503,0.000819773000330315,1
0.14225435256958008,9.122331903199665e-06,0.0007792080286890268,-0.0006958898738957942,0.000979907463358474,0.0007411213463563764,-0.0026317588077677846,-0.07222930402895411,-0.010886910812824002,0.0010155170899990296,0.00774611160159111,-0.0011985056335106492,-0.000685040431562811,0.09497812724810807,-0.6897589031652773,26.407644947772912,0.21819603753345876,0.03145061165105053,0.00028036334277806266,0.001053684998623794,1
0.1523151397705078,1.7586566173122264e-05,0.0007736099069006741,-0.0006873560487292707,0.0009003127945158743,0.0009666297566483243,-0.0027581660577953066,-0.07222930402895411,-0.010886910812824002,0.0010155170899990296,0.00774611160159111,-0.0011985056335106492,-0.000685040431562811,0.09452110327947603,-0.6873988207989001,26.40785877408744,0.2087735539493727,0.032203571882701315,0.00026814472470546437,0.0029786900013277773,1
0.1623082160949707,2.412060166534502e-05,0.0007685397285968065,-0.0006794117507524788,0.0005809660107025674,0.0009253687788276781,-0.002885252010818817,-0.0723992246616989,-0.010867378446687948,0.0010193647920555549,0.001012120395898819,-0.001346550532616675,0.0007354092085734012,0.09440228704643738,-0.6865895754217647,26.40821224580791,0.20865467435176288,0.032225888673117604,0.00026468276806702667,0.0010274929991282988,1
0.17214059829711914,2.9565897420980036e-05,0.0007611042237840593,-0.0006723893457092345,0.0008158417804465094,0.000646577017531025,-0.0028223507142614555,-0.0723992246616989,-0.010867378446687948,0.0010193647920555549,0.001012120395898819,-0.001346550532616675,0.0007354092085734012,0.09498815413455176,-0.687335229846952,26.408609473418476,0.21248838262709246,0.0322637811408929,0.00010779118519461749,0.002399532999334042,1
0.1823277473449707,2.9565897420980036e-05,0.0007611042237840593,-0.0006723893457092345,0.0008158417804465094,0.000646577017531025,-0.0028223507142614555,-0.0723992246616989,-0.010867378446687948,0.0010193647920555549,0.001012120395898819,-0.001346550532616675,0.0007354092085734012,0.09477314582357176,-0.6870539594430448,26.40851470760955,0.21251852403589624,0.0322396226820664,7.20804820150858e-05,0.0008199140011129202,1
0.1922919750213623,3.953322084271349e-05,0.0007411137921735644,-0.0006572383572347462,0.0005599787701912204,0.0004233956501155358,-0.0026738829916901205,-0.07242131989780942,-0.010891981233936754,0.0010008073708411835,0.008367949165403843,-0.001924975193105638,-0.0002656232682056723,0.09507058056900307,-0.6864586996882936,26.408215822369034,0.2125043341814534,0.032258685475274974,6.430036479078413e-05,0.0034115899998141686,1
0.20215106010437012,3.953322084271349e-05,0.0007411137921735644,-0.0006572383572347462,0.0005599787701912204,0.0004233956501155358,-0.0026738829916901205,-0.07242131989780942,-0.010891981233936754,0.0010008073708411835,0.008367949165403843,-0.001924975193105638,-0.0002656232682056723,0.09550247624638847,-0.6852100964732304,26.408057127638678,0.20891684889020853,0.03263031587151426,0.00017913946291949108,0.0008655219990032492,1
0.21230554580688477,4.629290197044611e-05,0.0007183771231211722,-0.000645186984911561,0.0009134443861018845,0.0003385749063706815,-0.0029223239988031735,-0.0724936600382744,-0.010888914529668448,0.0010005853106647145,-0.008623992092907429,0.000277647573966533,0.0003086861979681998,0.09472891931555849,-0.6862280168367818,26.408727346142545,0.21748628778994056,0.03148908629017507,0.00012701357281278493,0.001984233000257518,1
0.22209835052490234,5.401332236942835e-05,0.0007058405899442732,-0.0006420356221497059,0.001164608172760779,4.604210262124263e-05,-0.002848239148030283,-0.0724936600382744,-0.010888914529668448,0.0010005853106647145,-0.008623992092907429,0.000277647573966533,0.0003086861979681998,0.09364837262502279,-0.6860319977904372,26.408646899718484,0.21758988318787553,0.03144752597238048,0.00011598682547218511,0.0008312980007758597,1
0.23242974281311035,6.261157977860421e-05,0.0006903888424858451,-0.0006378130055963993,0.0010712080438163786,-1.0601192085231912e-05,-0.0027328652771641737,-0.0725149610553264,-0.010919487802974803,0.000998183680272824,0.000264999718638137,0.0005573343951255083,0.00039176692371256644,0.0932466092591535,-0.6848750391984657,26.408315270455432,0.21324394798901936,0.03140644975211361,0.00010898780447003314,0.0022018010004103417,1
0.2423086166381836,7.161206303862855e-05,0.0006752032786607742,-0.0006344323046505451,0.0012525467883371247,-0.00012193507750270047,-0.0028815993590037784,-0.07262202564729181,-0.010901833117681559,0.0009973696796801157,-0.011145411059260368,0.0020909251179546118,0.0002608392678666857,0.09300430683989033,-0.6841945912586677,26.408269893515342,0.21317827927433247,0.03140724548560366,0.00010721419381853493,0.000987052999334992,1
0.25212526321411133,8.190907101379707e-05,0.0006581195048056543,-0.0006331028416752815,0.0011911126815204532,-5.132073227710278e-05,-0.0030735521554837494,-0.07252654544207848,-0.010915025021965175,0.0009839987115016768,0.011601295322179794,-0.0011363693047314882,-0.0006834649248048662,0.09271017016155937,-0.6827945958363646,26.4091358839551,0.20773235240745389,0.03221949422708414,0.00023474123824943345,0.002361606999329524,1
0.26218390464782715,9.048129868460819e-05,0.000643177074380219,-0.0006337051745504141,0.000996038204062319,0.00016038860086306416,-0.0030273976729531435,-0.07251879545896323,-0.010888643409319165,0.000975660723427918,-0.005569797940552235,0.0031182896345853806,-0.0009045589249581103,0.09250316121912273,-0.6819390731583764,26.409270109304252,0.20751656646072056,0.03225231355781753,0.00026427628132378954,0.001048307000019122,1
0.27212047576904297,9.048129868460819e-05,0.000643177074380219,-0.0006337051745504141,0.000996038204062319,0.00016038860086306416,-0.0030273976729531435,-0.07251879545896323,-0.010888643409319165,0.000975660723427918,-0.005569797940552235,0.0031182896345853806,-0.0009045589249581103,0.09228868646671094,-0.6834070598542626,26.409196929596487,0.2160156402558655,0.030073160366702045,0.000273969178665468,0.0024124539995682426,1
0.2823069095611572,0.00010107072012033314,0.0006169641274027526,-0.000636159093119204,0.0007492480221235954,0.00011936345004077193,-0.0030628116800512192,-0.07242744721341099,-0.010832463631016864,0.0009731262783794214,0.008282017894089222,0.002436454873532057,0.0005305310478433963,0.09248754863689937,-0.6841755910637637,26.409417416289102,0.21614378685437433,0.030049934416057748,0.00027780900993955223,0.003162523000355577,1
0.29215359687805176,0.00010107072012033314,0.0006169641274027526,-0.000636159093119204,0.0007492480221235954,0.00011936345004077193,-0.0030628116800512192,-0.07242744721341099,-0.010832463631016864,0.0009731262783794214,0.008282017894089222,0.002436454873532057,0.0005305310478433963,0.09266420250842954,-0.682900743839788,26.40927865059415,0.20901556838805882,0.030223222709817227,0.00013370625991858512,0.0008456169998680707,1
0.30221080780029297,0.0001122773319366388,0.0005892171757295728,-0.0006415210664272308,0.0007813107266681323,8.278753324318862e-05,-0.003214475464527799,-0.07240941211284957,-0.010788322220232516,0.0009565836677141171,0.010800881311297417,0.0006544060306623578,-0.0004166302096564323,0.09277066147802959,-0.6821586762356178,26.40926205246571,0.20890551011206226,0.030225877654786525,0.00010043734110546179,0.003052377000130946,1
0.31213974952697754,0.0001122773319366388,0.0005892171757295728,-0.0006415210664272308,0.0007813107266681323,8.278753324318862e-05,-0.003214475464527799,-0.07240941211284957,-0.010788322220232516,0.0009565836677141171,0.010800881311297417,0.0006544060306623578,-0.0004166302096564323,0.09274003568825227,-0.6813149030142245,26.409662189038446,0.20760271860090052,0.030991864281601892,0.00020446423128556515,0.0008318559994222596,1
0.322279691696167,0.00011779848136939108,0.0005620908341370523,-0.0006463953177444637,0.0006011566183399561,-0.00017815477119570552,-0.003091950432201477,-0.07234580932930346,-0.010773851445597504,0.0009533539667621049,0.005282535683363676,0.0014652690151706338,1.4810881111770689e-05,0.09296620657914673,-0.6802997517306233,26.40943311106578,0.2101026233233245,0.030571541656487143,0.00017656214039676895,0.00289801799954148,1
0.33229970932006836,0.00011779848136939108,0.0005620908341370523,-0.0006463953177444637,0.0006011566183399561,-0.00017815477119570552,-0.003091950432201477,-0.07234580932930346,-0.010773851445597504,0.0009533539667621049,0.005282535683363676,0.0014652690151706338,1.4810881111770689e-05,0.09310481470694071,-0.6796785174871017,26.40940190948544,0.21014671505067736,0.03056345121424202,0.00017050249509320672,0.0008164210012182593,1
0.34212422370910645,0.00012296462955418974,0.0005284819635562599,-0.0006508413353003561,0.0009195143393105778,-8.00973962145868e-05,-0.0030948177419731784,-0.07234580932930346,-0.010773851445597504,0.0009533539667621049,0.005282535683363676,0.0014652690151706338,1.4810881111770689e-05,0.09243572248089978,-0.6793902704279572,26.409409368379343,0.21015715973633245,0.03053203970371858,0.0001686947032825767,0.0008051059994613752,1
0.3522930145263672,0.00012629240518435836,0.0005106260650791228,-0.0006546042859554291,0.0005738356283054776,-0.00039137531308123754,-0.0032387285008135987,-0.0723149333594173,-0.0108454139137244,0.0009303022334417044,-0.006252895575016737,-0.0004301291191950442,-0.0013279381673783064,0.0932942389531871,-0.679545647095399,26.40983213764568,0.2157939956569754,0.03163405440656992,0.0003162330471273014,0.0024425579995295266,1
0.36230993270874023,0.00012693391181528568,0.0004931844887323678,-0.0006609134725295007,0.00042121400451767735,-0.00032713118558181053,-0.003421190427843535,-0.07224674105598883,-0.010901461107558852,0.0009360900954118456,0.014461454935371876,-0.005839165300130844,0.00020489786402322422,0.09379177140035858,-0.6795786616312498,26.409894661023127,0.215840705650224,0.03174802448336658,0.0003512946421761807,0.000803150998763158,1
0.37229394912719727,0.00012848291953559965,0.0004745148471556604,-0.0006681831437163055,0.0006035441200640238,-0.0006143493922045359,-0.003276716914916135,-0.0721411402742782,-0.010945814845742863,0.0009301123259914945,0.002472315216436982,-0.002745230682194233,-0.0007746629999019202,0.09461393003450089,-0.6775304123615993,26.410007432852534,0.21113634606131484,0.03312587931225358,0.0003117334401679744,0.002446260001306655,1
0.38203859329223633,0.00012848291953559965,0.0004745148471556604,-0.0006681831437163055,0.0006035441200640238,-0.0006143493922045359,-0.003276716914916135,-0.0721411402742782,-0.010945814845742863,0.0009301123259914945,0.002472315216436982,-0.002745230682194233,-0.0007746629999019202,0.09509664151982387,-0.6762816851045209,26.410031259563958,0.21092067270114045,0.033207910708721665,0.0003018692958148771,0.0008291330013889819,1
0.39235949516296387,0.00013318211131263524,0.0004364113847259432,-0.0006802448187954724,0.000925457862328685,-0.0006372190584069721,-0.0031742076378694422,-0.07201424673397971,-0.011020401254248302,0.0009391037386405898,0.015175995416939259,-0.003013796638697386,0.0006775913061574105,0.0956207229432374,-0.6762206834017426,26.409688488168133,0.21402805282318638,0.033073791153772424,0.00018513274717671044,0.0029578070007119095,1
0.4021165370941162,0.00013318211131263524,0.0004364113847259432,-0.0006802448187954724,0.000925457862328685,-0.0006372190584069721,-0.0031742076378694422,-0.07201424673397971,-0.011020401254248302,0.0009391037386405898,0.015175995416939259,-0.003013796638697386,0.0006775913061574105,0.09522850960462127,-0.6735317746411115,26.40970534830363,0.2043043175374821,0.033509615052425376,0.0001224076144411813,0.0008028709999052808,1
0.41246461868286133,0.00014041182294022292,0.00041947996942326427,-0.0006836731336079538,0.0012409260979614576,-0.00028729777516706855,-0.0030227075308715996,-0.07205936186759887,-0.01099253708351311,0.000927636231172535,-0.005371575243771076,0.003169683739542961,-0.0011839444050565366,0.09354050913720721,-0.6746768430132117,26.409349609976648,0.21449327309802982,0.030335197054263657,0.0002791908193233044,0.00179732800097554,1
0.42232680320739746,0.00014041182294022292,0.00041947996942326427,-0.0006836731336079538,0.0012409260979614576,-0.00028729777516706855,-0.0030227075308715996,-0.07205936186759887,-0.01099253708351311,0.000927636231172535,-0.005371575243771076,0.003169683739542961,-0.0011839444050565366,0.09253232105138189,-0.6753314600048328,26.409293757495583,0.2146530458820105,0.03028588131366847,0.0003169180246121259,0.002574215999629814,1
0.4323108196258545,0.00014041182294022292,0.00041947996942326427,-0.0006836731336079538,0.0012409260979614576,-0.00028729777516706855,-0.0030227075308715996,-0.07205936186759887,-0.01099253708351311,0.000927636231172535,-0.005371575243771076,0.003169683739542961,-0.0011839444050565366,0.09192302595605763,-0.6757264112770986,26.40928397395803,0.21465314083581497,0.03028868296678424,0.0003257044054406011,0.0016432490010629408,1
0.442028284072876,0.0001783738989615813,0.0003739139356184751,-0.0006969959940761328,0.001651058438908087,9.809305867071824e-06,-0.003034678986493261,-0.07202219604040039,-0.010856581191594827,0.000908530931162943,-0.0076064178720116615,0.004625146742910147,-0.00035944220144301707,0.08981294467760592,-0.6765401749501058,26.409316744073784,0.215676748976469,0.029122269611521832,0.0002355815093687585,0.0008089480015769368,1
0.4522695541381836,0.00018835205992218107,0.0003623120719566941,-0.00070131232496351,0.0014628635251028909,-0.0001415322022051496,-0.003214981640027741,-0.07202219604040039,-0.010856581191594827,0.000908530931162943,-0.0076064178720116615,0.004625146742910147,-0.00035944220144301707,0.08895214462002793,-0.6767604108561324,26.409802771458082,0.21567813209848674,0.029127931795262883,0.00021631778383249134,0.002418530999420909,1
0.46234655380249023,0.0001968726428458467,0.0003503915504552424,-0.0007069048006087542,0.0012103210933834812,-4.420903799807912e-05,-0.003223218952822204,-0.07197722548431473,-0.010769433090048519,0.0008930018137580653,-0.006016502156853676,0.00603120680898428,-0.0007953924359753736,0.08843143174009249,-0.6768912730993788,26.409874574642238,0.2156773796306209,0.02913126875706767,0.00021212543226492984,0.0009933389992511366,1
0.4723551273345947,0.00020180024148430675,0.0003397697873879224,-0.0007120424997992814,0.000938458372926266,-7.989349494958872e-05,-0.0031637256000001082,-0.07202118158586757,-0.010750649158950853,0.000888598013188524,0.0021569300442934036,0.00016772489470895372,-0.0007684450829401612,0.08820951873724318,-0.6768333892721708,26.40989968420917,0.21476607232761669,0.028205622369009187,0.00025719601616404716,0.002972054999190732,1
0.4820559024810791,0.0002049518225248903,0.00032876458135433495,-0.0007181009859777987,0.0007416140285406181,0.00014447901229004784,-0.0031987281982331236,-0.07192855582336577,-0.010763494289935949,0.0008793667748139278,0.0034577499609440565,-0.0010110186412930489,-0.0007260179263539611,0.08916106819287581,-0.6760243128472935,26.409735383551116,0.21082757604958724,0.031089046091720182,0.00028856586080945915,0.0008169800003088312,1
0.4922938346862793,0.0002080978883896023,0.00032197253312915564,-0.0007236950332298875,0.0008604830405561186,0.00022034597469046188,-0.003188867587370753,-0.07205733945421189,-0.010756917300961621,0.0008707993794216939,-0.014130285009741783,0.0007668523467145858,-0.001511838287115097,0.09032614089389193,-0.6755808111862048,26.409793652161373,0.20987349887498638,0.031779556651990636,0.00029584713631015735,0.0031719520011392888,1
0.5020492076873779,0.0002080978883896023,0.00032197253312915564,-0.0007236950332298875,0.0008604830405561186,0.00022034597469046188,-0.003188867587370753,-0.07205733945421189,-0.010756917300961621,0.0008707993794216939,-0.014130285009741783,0.0007668523467145858,-0.001511838287115097,0.09055361012952928,-0.6775923999702503,26.40981568546248,0.21895294881642957,0.030876204591749994,0.0003685260685861928,0.0007974929994816193,1
0.5122859477996826,0.0002122072910424322,0.00030964703182689846,-0.0007318899733945727,0.00019249289664387145,0.0002639366592913764,-0.003285825485806874,-0.0721379343144708,-0.010847060600625014,0.0008659678109497193,-0.012811304070055485,-0.0028703913558274508,0.00034010611125268075,0.09149197239829614,-0.6762941988221346,26.40964241159442,0.20848699782307653,0.03401188108430024,0.00027299411192632653,0.002371176000451669,1
0.5223124027252197,0.0002122072910424322,0.00030964703182689846,-0.0007318899733945727,0.00019249289664387145,0.0002639366592913764,-0.003285825485806874,-0.0721379343144708,-0.010847060600625014,0.0008659678109497193,-0.012811304070055485,-0.0028703913558274508,0.00034010611125268075,0.09344712183238876,-0.6783202186111946,26.410040887077816,0.21851846334934055,0.033037146166775805,0.00017738851916079902,0.0008157920001394814,1
0.5323340892791748,0.00020972061611246318,0.0003049141669180244,-0.0007364815683104098,0.0004026078987989191,0.00020994585214848517,-0.0033478441183530214,-0.0721379343144708,-0.010847060600625014,0.0008659678109497193,-0.012811304070055485,-0.0028703913558274508,0.00034010611125268075,0.09416654599699327,-0.6794044774465545,26.410262689655926,0.21866801927014448,0.03299339359274479,0.00015585174170341864,0.0024707760003366275,1
0.5423352718353271,0.00020972061611246318,0.0003049141669180244,-0.0007364815683104098,0.0004026078987989191,0.00020994585214848517,-0.0033478441183530214,-0.0721379343144708,-0.010847060600625014,0.0008659678109497193,-0.012811304070055485,-0.0028703913558274508,0.00034010611125268075,0.0946013069586873,-0.6800573413814414,26.410292005384026,0.21866632318756232,0.03299000440376847,0.00015088202491961422,0.0008043379984883359,1
0.552332878112793,0.0002206489152740687,0.00028032856062054634,-0.0007525194669142365,0.0012118313475317792,-0.00024161669163138197,-0.0033264483775885005,-0.07217982324979788,-0.010923066010643634,0.0008636260145400421,0.006200066767632961,-0.004225627519190311,0.0015822759596630935,0.09335898771510627,-0.6776594003366436,26.410238803212312,0.20932719844443762,0.03379596455133447,2.9498827803910415e-05,0.002413223000985454,1
0.5620758533477783,0.00022676143271382898,0.00027187654632143676,-0.0007592158508487046,0.0011604382895318492,-0.00016984453059136343,-0.0034465950442664596,-0.0722988287786741,-0.010949610172774182,0.0008793243345026625,0.004614179953932762,-0.0023261464666575193,5.794555181637435e-05,0.09260539197964254,-0.6762474958235556,26.410238936639768,0.20918581996867597,0.03381475556774537,1.5529036075934855e-06,0.0008148840006469982,1
0.5723319053649902,0.0002339651546208188,0.00026321105542592704,-0.0007677703397348523,0.0013745877649216766,-0.00041719353704691383,-0.0033799537937426283,-0.07234446397860372,-0.010948719541218122,0.0008751564773508136,-0.010702043771743774,0.0014831838198006153,0.0006374131189659236,0.0921799118698498,-0.6761980861612183,26.410560855719165,0.21032967947120162,0.03296363119521282,0.00014987776837877386,0.00307605399939348,1
0.5820367336273193,0.0002409913286101073,0.00025200453819707036,-0.000776504457462579,0.0011786163139888054,-0.0005310817275588709,-0.0034148390317803807,-0.07242617149421937,-0.010917613008952554,0.0008598854085968277,-0.00211102026514709,0.0018294765613973139,-0.0013994127511978152,0.09103350962008855,-0.6771309768117815,26.410487686580506,0.21804190899609152,0.031020315645112248,0.00010227702501073812,0.0010183430003962712,1
0.5922837257385254,0.00024697784101590514,0.00023908221919555217,-0.0007858306053094566,0.0012834913852570627,-0.000768185281015931,-0.0036003461459118177,-0.07242617149421937,-0.010917613008952554,0.0008598854085968277,-0.00211102026514709,0.0018294765613973139,-0.0013994127511978152,0.0906326150612751,-0.6768714221144104,26.41055643226876,0.2141337174666487,0.030762094864059463,0.00031803533553065777,0.003026115000466234,1
0.6020331382751465,0.00024697784101590514,0.00023908221919555217,-0.0007858306053094566,0.0012834913852570627,-0.000768185281015931,-0.0036003461459118177,-0.07242617149421937,-0.010917613008952554,0.0008598854085968277,-0.00211102026514709,0.0018294765613973139,-0.0013994127511978152,0.09014571239183664,-0.6762653266654062,26.411074056949136,0.21405153983692268,0.030748903349209246,0.00036672455571433774,0.0008114619995467365,1
0.6123356819152832,0.0002569791686255485,0.00020744159701280296,-0.0008093571523204446,0.0010758895663848,-0.0011195493888379294,-0.003682619658201107,-0.07234937222382554,-0.010862150515896118,0.000840503289417871,0.012727583758533001,-2.9701157473027794e-05,-0.000721283140592277,0.08974514767147099,-0.6757472686283933,26.411419161213587,0.21717087048944939,0.029474457204424008,0.00029722591326202923,0.003598217999751796,1
0.6220738887786865,0.0002569791686255485,0.00020744159701280296,-0.0008093571523204446,0.0010758895663848,-0.0011195493888379294,-0.003682619658201107,-0.07234937222382554,-0.010862150515896118,0.000840503289417871,0.012727583758533001,-2.9701157473027794e-05,-0.000721283140592277,0.09002579757534407,-0.6730103126983599,26.41142242282143,0.20649766996686522,0.0315106832550398,0.000306783493438457,0.0008414249987254152,1
0.6322979927062988,0.00025931152049452066,0.00018963658658321947,-0.0008216216810978949,0.0008391708260683093,-0.0012023451329110514,-0.003769414031500886,-0.07226843792453908,-0.010844851078427364,0.0008191930799639202,0.004080119077116251,0.0025782014708966017,-0.001629509497433901,0.09042589646383452,-0.671716553460394,26.41168844427815,0.2103728651210503,0.03022301765337714,0.00039624980038168833,0.002437809000184643,1
0.6424868106842041,0.0002586711780168116,0.0001544943224871531,-0.0008447057916782796,0.0006039068743573681,-0.0014713067014564165,-0.00400518438043517,-0.07232612256556337,-0.010823268644013506,0.000819400629488154,-0.003643089672550559,0.0015388517640531063,0.0004998224321752784,0.09125399740032322,-0.6712720866899807,26.412395492498696,0.21441297655687072,0.030662199736497364,0.000187712322134818,0.0027420539990998805,1
0.6520905494689941,0.0002566489274613559,0.00013502461661119014,-0.00085799815133214,0.0006476653529041821,-0.0015413902145435517,-0.003953296218912863,-0.07212553248619091,-0.010838309007921154,0.0008024909586126228,-0.0009515716228634119,3.5669712815433605e-05,-0.001095848041586578,0.09185826028233259,-0.6697132178173941,26.41237361778662,0.2125481032883505,0.03146955168310457,0.0003212883271296895,0.0008604229988122825,1
0.6623141765594482,0.00025603084941394627,0.00011572527728276327,-0.0008681281469762325,0.0008675276788762649,-0.0014186687906557049,-0.0038181394276059193,-0.07212553248619091,-0.010838309007921154,0.0008024909586126228,-0.0009515716228634119,3.5669712815433605e-05,-0.001095848041586578,0.09170359040469635,-0.668885923442933,26.41202315615612,0.2125321171958362,0.03145967896305853,0.0003507021280185119,0.0025042310007847846,1
0.6721560955047607,0.0002573707897681743,9.828511974774301e-05,-0.0008791787549853325,0.0009031558327887142,-0.0013271273574378209,-0.003886291282005225,-0.07207371659373463,-0.010861480202118745,0.0008178060282615363,0.009891384281218052,-0.0025460845790803432,0.001535820425488055,0.09161046194952295,-0.668388181209518,26.411973690259185,0.21253498045173314,0.03146002174792228,0.0003573748918759941,0.001030425999488216,1
0.6822867393493652,0.00025749034830369055,8.262573828687891e-05,-0.0008887895382940769,0.0008375477057179936,-0.0011817736159492338,-0.003736113428027283,-0.07195376010135046,-0.010901754916278428,0.0008123606230596714,0.003122462658211589,-0.0025268765166401863,-0.0016773637617006896,0.09209136472900951,-0.6674388739154364,26.411745803484916,0.21020222898327878,0.03287515114680388,0.00043024457936272125,0.0025349630013806745,1
0.6923153400421143,0.00025734270457178354,6.544312054757029e-05,-0.0008974491502158344,0.0009047839002638,-0.0015406876511115145,-0.0035553444086547053,-0.07202718010114628,-0.010904570385239065,0.0007991143496011155,-0.004576250445097685,0.00045046792365610594,-0.00034113155561499303,0.09192444203656576,-0.6668848679672912,26.411283860023996,0.21388897089413977,0.031453462771730556,0.0002895192842332316,0.00084694299948751,1
0.7021198272705078,0.00025734270457178354,6.544312054757029e-05,-0.0008974491502158344,0.0009047839002638,-0.0015406876511115145,-0.0035553444086547053,-0.07202718010114628,-0.010904570385239065,0.0007991143496011155,-0.004576250445097685,0.00045046792365610594,-0.00034113155561499303,0.0918294107123016,-0.6664887896565782,26.41121733166076,0.21405199604709751,0.03143351362604615,0.0002600371761735293,0.0008167699998011813,1
0.7122859954833984,0.0002605762565508485,3.0163913834257983e-05,-0.0009097573929466307,0.00115264056146587,-0.0011895038421222582,-0.003346508591112425,-0.07192864349739869,-0.010926375363732532,0.0007987698121789677,-0.00848816242069006,0.0012132616247981785,-0.0012996745062991979,0.09178420208311885,-0.6640862578740735,26.41095337490698,0.20437444179886302,0.03303630912108863,0.00015397613810002692,0.0032299230006174184,1
0.7223222255706787,0.0002605762565508485,3.0163913834257983e-05,-0.0009097573929466307,0.00115264056146587,-0.0011895038421222582,-0.003346508591112425,-0.07192864349739869,-0.010926375363732532,0.0007987698121789677,-0.00848816242069006,0.0012132616247981785,-0.0012996745062991979,0.09114545615485763,-0.6653546867054799,26.410631874222172,0.21558447159126504,0.03112734234467677,0.0003267740561774796,0.0008223579989135033,1
0.7323110103607178,0.0002675798023119569,1.7282800399698317e-06,-0.0009176163002848625,0.0012758906264971523,-0.0010265963131497367,-0.0032624483485580447,-0.07185251451437225,-0.010901246562253775,0.0007969434861507807,0.004955518990755081,0.001837635412812233,0.00030090557993389644,0.0903984178237085,-0.6649033960096661,26.410193561013024,0.20963781265301745,0.030995135634285007,0.0002174146285339989,0.0032797230014693923,1
0.7421479225158691,0.0002675798023119569,1.7282800399698317e-06,-0.0009176163002848625,0.0012758906264971523,-0.0010265963131497367,-0.0032624483485580447,-0.07185251451437225,-0.010901246562253775,0.0007969434861507807,0.004955518990755081,0.001837635412812233,0.00030090557993389644,0.08983484007251911,-0.6644767344787483,26.410265749179885,0.2087996924603813,0.030685971744396627,0.00017498448435116225,0.0008168399999703979,1
0.7522130012512207,0.00027171880356036127,-1.1323647413519211e-05,-0.0009227030095644295,0.0013614803364578824,-0.0009833097284017126,-0.0032827292916401546,-0.07194672807674207,-0.010858670552807759,0.0007830205278165359,-0.010195166803896427,0.004713372327387333,-0.0012196013703942305,0.08886262159144373,-0.6660607673153515,26.41036631102456,0.21656867150168588,0.02912812906297147,0.0003145095714824711,0.002624016000481788,1
0.762131929397583,0.0002844989357981831,-3.656917760963552e-05,-0.0009317092481069267,0.001521015660767106,-0.0007236736427811287,-0.0033627720452457962,-0.07194672807674207,-0.010858670552807759,0.0007830205278165359,-0.010195166803896427,0.004713372327387333,-0.0012196013703942305,0.08786858225278756,-0.6675341579421274,26.410581102411562,0.21671297835370257,0.029088454876421237,0.0003472396885599101,0.0008313670005009044,1
0.7722995281219482,0.0002901412080973387,-4.725460894405842e-05,-0.0009355230140499771,0.0013209620955036171,-0.0007622811236277701,-0.003318605479134561,-0.07193054068064164,-0.010787334329851017,0.0007557355080871631,-0.005901040975004435,0.003944244235754013,-0.0010695324745029215,0.08750781022019072,-0.6677930595722563,26.41048744404618,0.21453070049155173,0.029285969261908015,0.00034809296386788453,0.0024671440005477052,1
0.7821488380432129,0.0002926918095909059,-5.680252070305869e-05,-0.0009390319464728236,0.0010492121856706873,-0.0007738468490197105,-0.003442033415356503,-0.07197810438231311,-0.010764852783911927,0.0007417716117905648,-0.006339825224131346,0.0025419173762202263,-0.0010688959155231716,0.08728901315981197,-0.6679580598770442,26.410473044820808,0.2144945497767472,0.029290762793884678,0.0003481260747199071,0.001042091000272194,1
0.7922914028167725,0.00029504537815228105,-6.762382690794766e-05,-0.0009447816992178559,0.00129174371408019,-0.0009270709810301084,-0.0035796610136017786,-0.07187073142528844,-0.01078794589067611,0.0007510479126477954,0.005790506023913622,-0.0016344154719263313,0.0009487557690590622,0.08776041289337974,-0.6664667264428862,26.411145605113887,0.20866838182721711,0.03203412624440535,0.00015699295414875355,0.002145925000149873,1
0.8021149635314941,0.00029819217161275446,-7.887405809015036e-05,-0.0009521195897832513,0.0010796852886486472,-0.0010953323289305639,-0.0036736468291097683,-0.07197307059606572,-0.01079118771165577,0.0007461509677817446,-0.01184389553964138,-0.0010460935300216079,-0.0005650384118780493,0.08802629221250456,-0.6655744536347479,26.411250655019895,0.20843033251181672,0.03211213287934945,0.00011064537321359079,0.0010599010001897113,1
0.8123071193695068,0.0002994276874233037,-9.190040873363614e-05,-0.0009597751777619123,0.0008207994389599026,-0.0013372237979913805,-0.0035363303053273045,-0.07198153807940999,-0.010835484870026058,0.0007472013973348623,0.006199043709784746,-0.005949947517365217,0.00027729387511499297,0.0898420485480447,-0.6643689644282273,26.41118401760913,0.2084978804563971,0.03439463577086436,0.0001884678895876744,0.0029114989993104246,1
0.82236647605896,0.0002984379243571311,-0.00010577038483461365,-0.0009660609066486359,0.0008780501112398829,-0.0014559439332243371,-0.003543286808178965,-0.07189726225116644,-0.010882679700142006,0.0007496219677345373,0.002144078491255641,-0.0029030577279627323,5.606596823781764e-05,0.09092255990371914,-0.6636095650411419,26.411177274429072,0.2085148987907127,0.03448830154317101,0.00020418317597312293,0.002614655999423121,1
0.8320713043212891,0.0002984379243571311,-0.00010577038483461365,-0.0009660609066486359,0.0008780501112398829,-0.0014559439332243371,-0.003543286808178965,-0.07189726225116644,-0.010882679700142006,0.0007496219677345373,0.002144078491255641,-0.0029030577279627323,5.606596823781764e-05,0.09133628052038187,-0.6628994710038556,26.411216120658214,0.21026664616381938,0.03309742709559106,0.00021928899119748256,0.0013436829995043809,1
0.8423018455505371,0.0002993642119690776,-0.0001197981764562428,-0.0009737432119436562,0.0010051878674127116,-0.0014525631231515894,-0.0036451544023395756,-0.0720206328048949,-0.010924202194347643,0.0007442837881979081,-0.0040131486020982265,-0.003632758744060993,-0.001142727909609675,0.09153449509267608,-0.6635230257638672,26.4115110655165,0.2137081614856047,0.03355455656516986,0.0003525292446728781,0.0008116019998851698,1
0.8522984981536865,0.0003014724934473634,-0.0001337243156740442,-0.0009830659255385399,0.0012104599788317235,-0.0014885150927596445,-0.0037376647650878853,-0.07191144519241233,-0.01096944096647956,0.0007412645327620204,0.009932382963597775,-0.0033547133207321167,-0.0002481166739016767,0.09131714796022282,-0.6620895653251356,26.411773984964938,0.20653362978101333,0.0335258660511078,0.0002928490841272119,0.0008244529999501538,1
0.8622915744781494,0.0003059761365875602,-0.00015003852604422718,-0.0009918799623847008,0.0013634350632529607,-0.001633257848295247,-0.0037874553763170846,-0.07198223027952855,-0.010981581749759606,0.0007284262726372503,-0.010002315044403076,-0.0006066184723749758,-0.0012505882186815143,0.090612742694102,-0.663033607778563,26.412007566867324,0.21648774665177867,0.032183673666991805,0.00037044773637792705,0.000803221000751364,1
0.8720383644104004,0.00031735742231830955,-0.00018211275164503604,-0.0010101438965648413,0.001651082075286019,-0.0015731671837712056,-0.003967338694867983,-0.07201558769725835,-0.01098677219599864,0.0007291342487980579,0.0016907970421016216,0.00030590628739446407,0.00029134188662283117,0.08942849866390176,-0.6627154652530661,26.412496025147618,0.21096064974700499,0.031681277834090686,0.0002257074386480038,0.00260774200069136,1
0.882347822189331,0.00031735742231830955,-0.00018211275164503604,-0.0010101438965648413,0.001651082075286019,-0.0015731671837712056,-0.003967338694867983,-0.07201558769725835,-0.01098677219599864,0.0007291342487980579,0.0016907970421016216,0.00030590628739446407,0.00029134188662283117,0.08871435189346162,-0.6625422507711038,26.41257021301135,0.2108728447227976,0.031677281465236795,0.00019302347247959623,0.0007951879997563083,1
0.892402172088623,0.0003348400932736695,-0.0002153196546714753,-0.0010268171317875385,0.001809074193862688,-0.0016225989655229247,-0.0037924211948855784,-0.07204261266154166,-0.010930277255748688,0.00072446352574973,-0.010193542577326298,0.003995982930064201,0.000551569508388638,0.08730481026154827,-0.6633702185768445,26.41216407437884,0.2167902179899127,0.029733769629141902,0.00013920492668868784,0.0023654489996260963,1
0.9023730754852295,0.000342303334036842,-0.00023050315212458372,-0.0010331294033676386,0.0016255370578707312,-0.0015112925350885822,-0.0037207703556178385,-0.07193512349066822,-0.010916738257034542,0.0007165551605150533,0.011158286593854427,0.0012775019276887178,-0.0005178037681616844,0.08642680175213549,-0.6637687274943662,26.41210321357602,0.21691881150761633,0.029626990425183384,0.00012958203418983574,0.0010712869989220053,1
0.9123387336730957,0.0003488323127385229,-0.0002453624620102346,-0.0010393009288236499,0.0016322431647333461,-0.001769639336427715,-0.003787794372997781,-0.07199585054033664,-0.010881985853273157,0.0007017181041897302,-0.011768651194870472,0.004618101753294468,-0.0010541417868807918,0.08648740223875163,-0.6617341481815109,26.411856079295198,0.20603746109351237,0.030970711532109767,0.0002637084863787053,0.003031143000043812,1
0.9223504066467285,0.00035412341821938753,-0.00026346667436882854,-0.0010460997000336647,0.001421681255684837,-0.0021340318467159072,-0.0036325412818280422,-0.07207747685197807,-0.010854806519184912,0.0006961223131871641,-0.0013668043538928032,0.00044591003097593784,-0.0001859013427747414,0.08679023505532643,-0.6606879089941585,26.411664613444536,0.21231293969320017,0.03128394447467632,0.0002559568738354641,0.0007988899997144472,1
0.9323766231536865,0.00035850529093295336,-0.0002816295891534537,-0.0010501210344955325,0.0013651778023270284,-0.001962943955383119,-0.0034987616673843344,-0.07198183490581522,-0.01087031998178567,0.0006947266787276085,0.0069025130942463875,-0.0007002014899626374,-0.0002488158643245696,0.08696344813831798,-0.6599803918604739,26.411639380484463,0.21253102633607004,0.031250617363407895,0.0002554466409675538,0.0030984739987616194,1
0.9421279430389404,0.00035850529093295336,-0.0002816295891534537,-0.0010501210344955325,0.0013651778023270284,-0.001962943955383119,-0.0034987616673843344,-0.07198183490581522,-0.01087031998178567,0.0006947266787276085,0.0069025130942463875,-0.0007002014899626374,-0.0002488158643245696,0.08732998291146905,-0.6586398583749136,26.411263109482995,0.20817457777791232,0.03187125641132327,0.0002702140214606553,0.0008017529999051476,1
0.9522762298583984,0.0003659908543340862,-0.0003117478045169264,-0.001055740867741406,0.0015078414014878156,-0.0018543611618531287,-0.0034027853910819244,-0.07208112483607332,-0.01087151873187242,0.0006923585750087113,0.008462764322757721,-0.0023571185301989317,0.0010735380928963425,0.08723724997610431,-0.6605970452852966,26.411342278111192,0.21818064631680495,0.03075554453477641,0.00020380047136150963,0.002353434998440207,1
0.9623515605926514,0.0003659908543340862,-0.0003117478045169264,-0.001055740867741406,0.0015078414014878156,-0.0018543611618531287,-0.0034027853910819244,-0.07208112483607332,-0.01087151873187242,0.0006923585750087113,0.008462764322757721,-0.0023571185301989317,0.0010735380928963425,0.08728433103533621,-0.6592675266021512,26.41096342752789,0.20778983100015733,0.0326676884001561,0.00012294279178770752,0.0007831049988453742,1
0.9723570346832275,0.00037151071592234075,-0.0003254366456530988,-0.0010572351748123765,0.001514378124393832,-0.0017211080103573934,-0.003397900826917712,-0.07210738413135287,-0.010880967049256896,0.00069191459778839,-0.005857517942786217,-0.0005359093192964792,-0.00012715937918983394,0.0871360361083144,-0.6602013208934082,26.41092580050023,0.21480660521460215,0.03182826879571111,0.00021973309080133404,0.002690159000849235,1
0.9820590019226074,0.0003796125529333949,-0.0003553777060005814,-0.0010590878082439303,0.0012210180299331572,-0.001970140040249415,-0.003178125705942701,-0.07221292386119416,-0.010896246625333283,0.0006990309242409509,-0.0069628129713237286,-0.0019159518415108323,0.0005740367341786625,0.08785155763305888,-0.660382362343605,26.410359053335647,0.21574315741562775,0.03256893633940692,0.00016992849475990697,0.0008050360011111479,1
0.9922904968261719,0.0003818224067799747,-0.00036643396015278995,-0.0010561011731624603,0.0007238226299932218,-0.0007438588435272888,-0.002555499538179944,-0.07209858075017905,-0.010939478899225641,0.0006930490680714385,0.008497585542500019,-0.002683197846636176,-0.0007777913124300536,0.0895803015493203,-0.6609285000509251,26.408536749464986,0.2078706021303588,0.033142585558306056,0.00031550840495240726,0.0023774620003678137,1
1.0021288394927979,0.0003836702089756727,-0.000377560529159382,-0.0010488745756447315,0.001380336009090453,-0.0016713550098901577,-0.0031083796474500667,-0.07223180551283859,-0.01094068637750878,0.0006273553237963192,-0.011614326387643814,-0.00041865385719575064,-0.006041159387677908,0.09062423592068265,-0.6612959454287022,26.40826446325737,0.2077415153671516,0.0331459029502918,0.0003476038496579626,0.0010536850004427833,1
1.0123200416564941,0.0003936526190955192,-0.00040283804992213845,-0.0010645370930433273,0.002001177753604182,-0.005544491120089539,-0.007399750401088577,-0.07210769654214921,-0.011033965623430397,0.0005038524076033113,0.014863825403153896,-0.004602458793669939,-0.002212980994954705,0.08937078053374842,-0.6532647435204633,26.421179463024725,0.20440923795845686,0.03414845388470884,0.0005381671848988754,0.002536011001211591,1
1.0223140716552734,0.00038913037860766053,-0.0004286773910280317,-0.0010757779236882925,-0.0021283645172987435,-0.0038162905322062495,-0.004233847832132496,-0.0721678121476832,-0.010901269931193003,0.0004574722958547994,-0.008680869825184345,0.004460604861378669,-0.00880755577236414,0.08856623317459532,-0.6483280986293807,26.42312051358544,0.2042145697642665,0.034298491948321685,0.0005941162603106506,0.001863960000264342,1
1.0325708389282227,0.00038913037860766053,-0.0004286773910280317,-0.0010757779236882925,-0.0021283645172987435,-0.0038162905322062495,-0.004233847832132496,-0.0721678121476832,-0.010901269931193003,0.0004574722958547994,-0.008680869825184345,0.004460604861378669,-0.00880755577236414,0.09592181791315833,-0.6494030681304093,26.415059444487184,0.21616291415758784,0.029833543504711995,0.0012874172457937733,0.0009556219993100967,1
1.0421717166900635,0.00038913037860766053,-0.0004286773910280317,-0.0010757779236882925,-0.0021283645172987435,-0.0038162905322062495,-0.004233847832132496,-0.0721678121476832,-0.010901269931193003,0.0004574722958547994,-0.008680869825184345,0.004460604861378669,-0.00880755577236414,0.1003905357866155,-0.650041952873375,26.413856878780994,0.21635016758275122,0.02972612000198122,0.0014455604633718713,0.0008271070000773761,1
1.0523042678833008,0.00038913037860766053,-0.0004286773910280317,-0.0010757779236882925,-0.0021283645172987435,-0.0038162905322062495,-0.004233847832132496,-0.0721678121476832,-0.010901269931193003,0.0004574722958547994,-0.008680869825184345,0.004460604861378669,-0.00880755577236414,0.1030929230757483,-0.6504316090789434,26.41367465661803,0.21635061111925163,0.029707219005326985,0.0014806215683131198,0.0008584679999330547,1
1.0623366832733154,0.00038913037860766053,-0.0004286773910280317,-0.0010757779236882925,-0.0021283645172987435,-0.0038162905322062495,-0.004233847832132496,-0.0721678121476832,-0.010901269931193003,0.0004574722958547994,-0.008680869825184345,0.004460604861378669,-0.00880755577236414,0.10472661470126333,-0.6506672079882071,26.41364528899935,0.21634909903763327,0.02969673171712892,0.0014880801192738789,0.0008088769991445588,1
1.0723896026611328,0.0003967009542975575,-0.0004643091233447194,-0.001018158858641982,0.0029440075160515966,-0.0030897385449160635,-0.0004787856801198436,-0.0721407225106363,-0.010911840588176513,0.000537247756538406,0.011603891849517822,-0.006000221241265535,-0.0010893406579270952,0.09461866115240003,-0.6476589802031979,26.40372845528437,0.20622768239062966,0.03438651446420068,0.0006827086687565496,0.0008124390005832538,1
1.0823249816894531,0.000424097350332886,-0.0004950579605065286,-0.000982125522568822,0.004134296440555998,-0.004309883813286685,0.00117444279606418,-0.07196260586716807,-0.010911533125823158,0.0004185955525071172,-0.016500461846590042,0.003809615736827254,-0.0042367586866021165,0.08455915865484843,-0.6438366644312927,26.398059425797268,0.21931381222424196,0.029512487278047513,0.000812898903503062,0.0008080400002654642,1
1.0923185348510742,0.0004676675598602742,-0.00047988849109970033,-0.0008459147065877914,0.004946818108841745,0.0026581238540831272,0.00674974080008475,-0.07232891412701248,-0.010788326539494797,0.0002000341629484481,-0.03659312054514885,0.018396066501736637,-0.021269287914037708,0.0741003244849527,-0.6567729668668222,26.382217688303985,0.23110549458884003,0.021861410132027578,0.0026594097906016073,0.0008617499988758937,1
1.1023643016815186,0.0005344366072677076,-0.000506113632582128,-0.0006823328440077603,0.01257042586612194,-0.0010144272691287404,0.016569456087313344,-0.07232891412701248,-0.010788326539494797,0.0002000341629484481,-0.03659312054514885,0.018396066501736637,-0.021269287914037708,0.048987260948918865,-0.649116981580705,26.354270978129115,0.23069414504799202,0.020995990877713734,0.0030745315191920254,0.0008552550007152604,1
1.1123394966125488,0.0006461057346314192,-0.0004517885099630803,-0.000463925302028656,0.006137748711688382,0.009871034902186101,0.02535660750403809,-0.07232891412701248,-0.010788326539494797,0.0002000341629484481,-0.03659312054514885,0.018396066501736637,-0.021269287914037708,0.04721618623655529,-0.6634961029151077,26.326364573732167,0.23159544036235286,0.0216397934373978,0.003179503918842836,0.0008452679994661594,1
1.122417688369751,0.0007361266762018204,-0.0003431080258451402,-8.96411802386865e-05,0.009121039869432062,0.010336722369012468,0.04136913266517771,-0.07426575514174916,-0.008142569001711841,-0.0006754856681268073,-0.093471959233284,0.1254243552684784,-0.018592618405818953,0.04616269888612239,-0.6722966869519077,26.322181856753563,0.23155855065785003,0.021656749333830553,0.003203803211126154,0.00346530099886877,1
1.1323325634002686,0.000810849538538605,-0.00025936958263628185,0.00047436938621103764,0.008938615203254499,0.006867753913888432,0.06517348437070929,-0.07517973268003386,-0.005243730704731053,-0.001160803814788558,-0.07139351218938828,0.20660386979579926,-0.012758327648043659,0.0182180532584779,-0.6792675469761307,26.279434582138478,0.26508033597546865,-0.039754696122111174,0.002705680249992014,0.001080785001249751,1
1.142354965209961,0.0009061299497261643,-0.00014089389878790826,0.0012515322305262089,0.012769593848212111,0.016719259460285497,0.08517809209078585,-0.07517973268003386,-0.005243730704731053,-0.001160803814788558,-0.07139351218938828,0.20660386979579926,-0.012758327648043659,-0.016149965800035287,-0.6592370998537399,26.210503234045213,0.25651290334130805,-0.08967926644698554,0.0018316261229839102,0.0035912329985876568,1
1.1523265838623047,0.0009061299497261643,-0.00014089389878790826,0.0012515322305262089,0.012769593848212111,0.016719259460285497,0.08517809209078585,-0.07517973268003386,-0.005243730704731053,-0.001160803814788558,-0.07139351218938828,0.20660386979579926,-0.012758327648043659,-0.046675276088684624,-0.655636675880599,26.14692807513005,0.25695607448020974,-0.09085962487335332,0.0016242633051632076,0.0008495269994455157,1
1.162388801574707,0.001223759725689888,0.00022954761516302824,0.0035389047116041183,0.019772125436672266,0.00764906040511892,0.13971680397433064,-0.07488049295227928,0.0038059830398573524,-0.0017296648851692353,0.07878461480140686,0.31591740250587463,0.025959869846701584,-0.10110227919635116,-0.6408667741196258,26.069689768196564,0.21795215526948364,-0.14993263712210436,0.0010927693425573431,0.0031076239993126364,1
1.17238450050354,0.001223759725689888,0.00022954761516302824,0.0035389047116041183,0.019772125436672266,0.00764906040511892,0.13971680397433064,-0.07488049295227928,0.0038059830398573524,-0.0017296648851692353,0.07878461480140686,0.31591740250587463,0.025959869846701584,-0.14757715843626587,-0.5718905716937027,25.981915343821576,0.17924279043947544,-0.17309188642817827,-0.0029448597633248896,0.0008542770010535605,1
1.1824090480804443,0.0013447633245959878,0.0003720735548995435,0.005072940606623888,0.007218722753187737,0.023455339153987297,0.15813307452728043,-0.07488049295227928,0.0038059830398573524,-0.0017296648851692353,0.07878461480140686,0.31591740250587463,0.025959869846701584,-0.14609765882749084,-0.5538796589929394,25.919079912363074,0.17983089933548502,-0.17224956781910764,-0.0038810676619880705,0.0028079879994038492,1
1.192178726196289,0.001680757268331945,0.0009378344984725118,0.008872288279235363,0.027012216056956435,0.027202940474500944,0.21222935601059292,-0.0719216117531607,0.010502196469042602,-0.0019030395957053692,0.1942458152770996,0.3640155494213104,0.021319139748811677,-0.20346048321563884,-0.5003516897377015,25.765204736562882,0.11355243495808522,-0.21681248320992055,-0.00373834576369019,0.0008667790007166332,1
1.202369213104248,0.001919204369187355,0.0012164207873865962,0.011140459217131138,0.023202166105117893,0.02649740411604851,0.23572227343070348,-0.0719216117531607,0.010502196469042602,-0.0019030395957053692,0.1942458152770996,0.3640155494213104,0.021319139748811677,-0.22726152801219884,-0.45186488337354325,25.679614244125887,0.1119525233905636,-0.21719198581070417,-0.0037571213485992844,0.0008416359996772371,1
1.2124009132385254,0.0021546564530581236,0.0015471801161766052,0.01364200934767723,0.02875521482699092,0.03582235291746634,0.25822851011470077,-0.06479258847925395,0.020282497956533252,-0.0022270245249647047,0.34390315413475037,0.3590964376926422,0.011242799460887866,-0.2630949430928169,-0.4102249574832279,25.60555241428311,0.018224313207192117,-0.24233741636222847,-0.002632962655301961,0.0008651730004203273,1
1.2225134372711182,0.0024757757782936096,0.0018694037571549416,0.01635558158159256,0.03739170439799939,0.027960092547960513,0.27927264524947176,-0.06479258847925395,0.020282497956533252,-0.0022270245249647047,0.34390315413475037,0.3590964376926422,0.011242799460887866,-0.2847187980158815,-0.3856280659680867,25.594562960398125,0.01668354433047106,-0.24280462842175746,-0.002490828761375909,0.0022736720002285438,1
1.2323153018951416,0.0027908547781407833,0.002200660528615117,0.01924910768866539,0.02761552668705271,0.03809313475360997,0.29403060674824827,-0.05294462076742423,0.028965313862680198,-0.0024765073220489597,0.5382139682769775,0.35457783937454224,0.02654321119189258,-0.3142875038778427,-0.34086088084796584,25.536406954666102,0.015507882096833221,-0.24355876801411638,-0.002467089905596869,0.0013719700000365265,1
1.242203950881958,0.0027908547781407833,0.002200660528615117,0.01924910768866539,0.02761552668705271,0.03809313475360997,0.29403060674824827,-0.05294462076742423,0.028965313862680198,-0.0024765073220489597,0.5382139682769775,0.35457783937454224,0.02654321119189258,-0.31392102853521237,-0.30565791571365997,25.4867403422469,-0.11320668296272073,-0.26447296533883596,-0.004115211158855405,0.0012130020004406106,1
1.2522172927856445,0.0027908547781407833,0.002200660528615117,0.01924910768866539,0.02761552668705271,0.03809313475360997,0.29403060674824827,-0.05294462076742423,0.028965313862680198,-0.0024765073220489597,0.5382139682769775,0.35457783937454224,0.02654321119189258,-0.31370293988046943,-0.284870201283864,25.479393235739618,-0.1153299545688835,-0.2648538243844198,-0.004650074001174636,0.0008964639982877998,1
1.2625081539154053,0.004099968355149031,0.003198410850018263,0.02911720797419548,0.05615820395039053,0.028222054705043496,0.3563126026553306,-0.04672712320438732,0.031703450355184515,-0.002746121448113037,0.6178504824638367,0.2807305157184601,0.0051396805793046604,-0.3602042381625834,-0.21608925249586647,25.30867840534701,-0.173802687966255,-0.23764243459274603,-0.0021704376970140917,0.0008624489983048989,1
1.2722713947296143,0.004099968355149031,0.003198410850018263,0.02911720797419548,0.05615820395039053,0.028222054705043496,0.3563126026553306,-0.04672712320438732,0.031703450355184515,-0.002746121448113037,0.6178504824638367,0.2807305157184601,0.0051396805793046604,-0.388556239503946,-0.1753590191174241,25.283252762783473,-0.17489388562794062,-0.23726336325125938,-0.0017898367766273713,0.0008672679996379884,1
1.2822377681732178,0.004631326533854008,0.0034384659957140684,0.03278118744492531,0.05166778373847329,0.02357852320468693,0.36801946153827236,-0.04672712320438732,0.031703450355184515,-0.002746121448113037,0.6178504824638367,0.2807305157184601,0.0051396805793046604,-0.3935670919427875,-0.13590367655837465,25.24684403846712,-0.1756043583694877,-0.23686527571064542,-0.0017045304386674443,0.0008428919991274597,1
1.2923078536987305,0.005824963096529245,0.003946378361433744,0.04048314318060875,0.06402697607668265,0.01594370455669421,0.3945678170761668,-0.008996088820201642,0.04215557071252407,-0.003126953848420655,0.8281856179237366,0.11269491910934448,-0.013803999871015563,-0.4084820680350391,-0.10722366255671378,25.19910213084109,-0.3410608285976974,-0.19144544757830667,0.001045955292779401,0.0011509790001582587,1
1.30226469039917,0.005824963096529245,0.003946378361433744,0.04048314318060875,0.06402697607668265,0.01594370455669421,0.3945678170761668,-0.008996088820201642,0.04215557071252407,-0.003126953848420655,0.8281856179237366,0.11269491910934448,-0.013803999871015563,-0.41611547691873313,-0.06353229660027981,25.160649901183422,-0.387548283272049,-0.18186468463647215,0.0010211336925274785,0.0008628679988760268,1
1.3122761249542236,0.0064862449653446674,0.004145281855016947,0.04450048878788948,0.07214465765824961,0.019816102459063217,0.405316621008187,-0.0006177908858040482,0.04256156213865214,-0.0034551361393804214,0.8388941884040833,0.06182834133505821,-0.021182114258408553,-0.43380508241203924,-0.04902397563608857,25.124561132069584,-0.4164025886465775,-0.15816849935534608,0.001971302300517562,0.000871248999828822,1
1.3223414421081543,0.007960419170558453,0.004415012430399656,0.05280027166008949,0.07967114769989571,0.0006068816800304497,0.41964846781081505,0.007660994851412806,0.04277285681490817,-0.0039335232226256345,0.845498263835907,0.004922202322632068,-0.05303577706217766,-0.44438681596643703,-0.029648208084982836,25.102355196394875,-0.44338633368910757,-0.1301398746763857,0.005727532883453006,0.002611234000141849,1
1.3323354721069336,0.007960419170558453,0.004415012430399656,0.05280027166008949,0.07967114769989571,0.0006068816800304497,0.41964846781081505,0.007660994851412806,0.04277285681490817,-0.0039335232226256345,0.845498263835907,0.004922202322632068,-0.05303577706217766,-0.46410826906720243,0.00950547607822936,25.073602839873825,-0.44499668056181924,-0.1301928060859385,0.006434568922757033,0.0008688050002092496,1
1.3423247337341309,0.009557432495057583,0.004486889578402042,0.061372559517621994,0.08918153080842958,-0.006000254045535329,0.43333718103834573,0.007660994851412806,0.04277285681490817,-0.0039335232226256345,0.845498263835907,0.004922202322632068,-0.05303577706217766,-0.49813079763046925,0.04594603291118739,25.027936718997196,-0.4456943935739301,-0.13109295462042267,0.006594416785009166,0.0026071829997817986,1
1.3523335456848145,0.009557432495057583,0.004486889578402042,0.061372559517621994,0.08918153080842958,-0.006000254045535329,0.43333718103834573,0.007660994851412806,0.04277285681490817,-0.0039335232226256345,0.845498263835907,0.004922202322632068,-0.05303577706217766,-0.5187845915503688,0.06787188804437697,25.020985815403133,-0.4458427091713161,-0.13123398743984951,0.00663940085946728,0.0008616810009698384,1
1.3623204231262207,0.011301586404442787,0.004251969046890736,0.07019408792257309,0.08506672113813184,-0.012756638623611047,0.4438752233156177,0.045071154174396444,0.03559036455310416,-0.007167970376650956,0.8143677711486816,-0.27601319551467896,-0.07879218459129331,-0.5119928830602952,0.06438711352414346,24.991167673500794,-0.5335977018605351,0.027928280602192157,0.01054655219119708,0.002619685999889043,1
1.3723297119140625,0.012173003517091274,0.0041213068179786205,0.07466968894004822,0.09352326544530642,-0.020490051119357765,0.4501749569785512,0.05284299175799001,0.03210148478519592,-0.00812008757784044,0.788332462310791,-0.3456548750400543,-0.07409718632698055,-0.508153731296247,0.062238461125815374,24.986747718262585,-0.5349154679727118,0.03080118086534788,0.010846023823312385,0.0008894799993868219,1
1.3823325634002686,0.013115273788571358,0.003833760740235448,0.07920283824205399,0.09475124778526339,-0.037652241894862055,0.45484948094404876,0.05284299175799001,0.03210148478519592,-0.00812008757784044,0.788332462310791,-0.3456548750400543,-0.07409718632698055,-0.528460857591216,0.1039167300100871,24.952107810123774,-0.545482838546194,0.07398803181356112,0.010668616183496757,0.0026633390007191338,1
1.3920907974243164,0.014059855602681637,0.003455476136878133,0.08375966548919678,0.09480597119294479,-0.039835227261517184,0.4575936791573568,0.06980318983891509,0.02183159036832727,-0.011106588022608221,0.6253582835197449,-0.44337716698646545,-0.09389333426952357,-0.5430718596913239,0.12974069004265354,24.94677814380397,-0.545815434840038,0.07463929798189703,0.010465273604168619,0.001091750998966745,1
1.402322769165039,0.014967847615480423,0.0030751237645745277,0.08834228664636612,0.09000734300613253,-0.03787426226951308,0.46095257945944096,0.07552564718771304,0.01687739854356396,-0.012442975713255144,0.5787168741226196,-0.496022492647171,-0.10017301887273783,-0.5586322236785785,0.12358516696087402,24.938719153223957,-0.5121404184512579,0.150737248883193,0.013404191269513092,0.002299444999152911,1
1.4121203422546387,0.014967847615480423,0.0030751237645745277,0.08834228664636612,0.09000734300613253,-0.03787426226951308,0.46095257945944096,0.07552564718771304,0.01687739854356396,-0.012442975713255144,0.5787168741226196,-0.496022492647171,-0.10017301887273783,-0.5616088061685902,0.10554935583600313,24.927625962720175,-0.5039661745158819,0.19188217196079932,0.014683303820230727,0.0010168759999942267,1
1.422393560409546,0.01691117137670517,0.002011096803471446,0.097591832280159,0.09869626166880202,-0.06813521026644345,0.4678551850962878,0.08422713037751706,0.006119488535049289,-0.015660518264521084,0.37283700704574585,-0.5658407211303711,-0.1209780648350715,-0.5880070900605102,0.1199936013791822,24.909333032346783,-0.45790944428152824,0.2347795858304515,0.016168441735735752,0.003658284000266576,1
1.4320809841156006,0.01691117137670517,0.002011096803471446,0.097591832280159,0.09869626166880202,-0.06813521026644345,0.4678551850962878,0.08422713037751706,0.006119488535049289,-0.015660518264521084,0.37283700704574585,-0.5658407211303711,-0.1209780648350715,-0.6146210869969624,0.14765803447450473,24.899885200874934,-0.4278243561436236,0.2558460130793873,0.017909084157785853,0.0008480610013066325,1
1.4423954486846924,0.018801815807819366,0.0005474547506310046,0.10690265893936157,0.09418276676110354,-0.07744463269277677,0.47164717219289537,0.08726565696880995,0.0004466983721846951,-0.017506803757123546,0.2890530824661255,-0.5893117189407349,-0.13275846838951103,-0.6336077338837394,0.17818537794673778,24.88344545279579,-0.39466118330188715,0.28320228336249786,0.019805189454641717,0.003141988001516438,1
1.4520540237426758,0.019764369353652,-0.00029173740767873824,0.11157048493623734,0.09400055516610796,-0.08841184053630963,0.4734305137746776,0.089666220800523,-0.008440957123226678,-0.020345341918646564,0.12614978849887848,-0.6125730872154236,-0.13869924843311301,-0.6583520837649129,0.20972682021925082,24.87391165837126,-0.320094800749777,0.31900585723873087,0.02132345734656286,0.0009240519993909402,1
1.462301254272461,0.02072719670832157,-0.0012650960125029087,0.11625297367572784,0.09247430370792872,-0.10594839130492928,0.47611015969095316,0.089666220800523,-0.008440957123226678,-0.020345341918646564,0.12614978849887848,-0.6125730872154236,-0.13869924843311301,-0.6752718304139478,0.26967994416620866,24.86150866704386,-0.3205486860252322,0.3194396105584338,0.021379375025268356,0.0008449879987892928,1
1.472341537475586,0.021608881652355194,-0.0023468327708542347,0.12092267721891403,0.08089458899418867,-0.10456119749263874,0.47628706627824424,0.089666220800523,-0.008440957123226678,-0.020345341918646564,0.12614978849887848,-0.6125730872154236,-0.13869924843311301,-0.685549068524196,0.305868916254764,24.85946081098757,-0.3208368832722958,0.3193719568775422,0.021405296673142546,0.003186898000421934,1
1.4823639392852783,0.022443754598498344,-0.003428230993449688,0.12560929358005524,0.08220753566026492,-0.11045845461249751,0.47876509894278785,0.08575408444869348,-0.02870504239145344,-0.027468708750613136,-0.2636275589466095,-0.5991578102111816,-0.16223095357418052,-0.6690346173473829,0.3284140878978885,24.855815240623457,-0.3209512437311097,0.3203040910214718,0.021417975794010773,0.0009292909999203403,1
1.4923200607299805,0.023299986496567726,-0.004603148438036442,0.1302957385778427,0.08455317447768936,-0.12072254756085615,0.4808933436028537,0.08219760048712788,-0.034214490564811406,-0.029479750414127093,-0.3539920151233673,-0.5825111865997314,-0.16082262992858878,-0.7095630424877585,0.35709016089580364,24.83933700491612,-0.07221634417550599,0.36660477007286674,0.025261766338234556,0.0024582030000601662,1
1.5023553371429443,0.024152657017111778,-0.00591745600104332,0.1349894255399704,0.07648196033449271,-0.1336767232616634,0.48164033875146406,0.07764841933722177,-0.03905015911374976,-0.031758863244961244,-0.46849074959754944,-0.5195250511169434,-0.1851325780153274,-0.7367901823727829,0.3777502968391726,24.83697807805818,-0.06378637755815333,0.3745234342092483,0.02579515393879498,0.0008164210012182593,1
1.5123200416564941,0.02487175539135933,-0.007237388286739588,0.13964450359344482,0.06490845339136049,-0.12264466885874205,0.47787332566116547,0.07226829374105037,-0.04416784383962469,-0.03363188205899981,-0.5500285029411316,-0.48996224999427795,-0.15816855430603022,-0.7506716613530819,0.42243304192055975,24.831268707394738,0.003820455867514741,0.35659956534316845,0.029172413118782263,0.003254508001191425,1
1.5223779678344727,0.02487175539135933,-0.007237388286739588,0.13964450359344482,0.06490845339136049,-0.12264466885874205,0.47787332566116547,0.07226829374105037,-0.04416784383962469,-0.03363188205899981,-0.5500285029411316,-0.48996224999427795,-0.15816855430603022,-0.7422295494241576,0.4339130532432275,24.838548572663736,0.060438413224211306,0.35667449097868437,0.027201668301847608,0.0008396099983656313,1
1.532320261001587,0.026224277913570404,-0.010124011896550655,0.14896278083324432,0.054468716052094156,-0.14287492761255208,0.47822475402050746,0.05914346513443558,-0.0522648159648198,-0.037865563116273204,-0.7399675250053406,-0.3940432667732239,-0.1956904530525207,-0.759670432086033,0.49568959568281856,24.825481465849375,0.11298296714835773,0.3580818748847787,0.029467860466100386,0.0031461779999517603,1
1.542360544204712,0.026224277913570404,-0.010124011896550655,0.14896278083324432,0.054468716052094156,-0.14287492761255208,0.47822475402050746,0.05914346513443558,-0.0522648159648198,-0.037865563116273204,-0.7399675250053406,-0.3940432667732239,-0.1956904530525207,-0.7500508304901162,0.5395195729275248,24.83145140064838,0.18912925128916366,0.3311598367810525,0.032026059165847866,0.0009874020015558926,1
1.5523390769958496,0.026805441826581955,-0.011570456437766552,0.15359269082546234,0.057519610278455514,-0.1425509458161785,0.48053479183203274,0.05141026949687433,-0.055923071407240066,-0.04003497621430263,-0.7799442410469055,-0.3124345541000366,-0.1706653982400894,-0.7659760421688732,0.5763675528896655,24.82464227175175,0.2310018529789704,0.29980377102935746,0.03034769807003399,0.0026182879992120434,1
1.5623221397399902,0.027771200984716415,-0.014719541184604168,0.16277632117271423,0.0349187506262099,-0.14657595810325938,0.47317114457069254,0.04335396616453524,-0.05812908644095183,-0.04183743058764966,-0.850603461265564,-0.29026663303375244,-0.17896668612956998,-0.7304380916229369,0.6306913796961354,24.837808778929755,0.2875507836655073,0.2962813827299688,0.03091853887204456,0.0008583980015828274,1
1.5723588466644287,0.028185568749904633,-0.01631915755569935,0.16733860969543457,0.039322266889057114,-0.1571502109414317,0.4783375854593636,0.03011872357244716,-0.06192538622869748,-0.04486407395460512,-0.8898069262504578,-0.187786802649498,-0.20172105729579923,-0.7381281718406789,0.7056587682311308,24.825587787757716,0.34241428871944507,0.25496663564955935,0.034298201535719594,0.002586928001619526,1
1.5823543071746826,0.02853069081902504,-0.017952848225831985,0.1718740016222,0.0256356241856591,-0.15537077289273338,0.4717926976214639,0.021393647276740868,-0.06250337386655902,-0.04667504596321237,-0.90571129322052,-0.1214338764548302,-0.17148855328559873,-0.742729457304702,0.7510199430405782,24.823944183512463,0.34288705185001406,0.25413321879111894,0.034812042466628224,0.000888919999852078,1
1.5923309326171875,0.028750013560056686,-0.019594058394432068,0.176363006234169,0.014025244743185634,-0.15262259550329554,0.4711582660327619,0.0076721187267225766,-0.06348515304459212,-0.049319823593739986,-0.9293354153633118,-0.029581509530544302,-0.17945075035095215,-0.699202006672742,0.804674172002573,24.839943186129652,0.4046742102988659,0.18120274008666487,0.03336850303313974,0.002766010999039281,1
1.602365255355835,0.02889912948012352,-0.0211735051125288,0.18082909286022186,0.015932522341842194,-0.14971485724828468,0.4697135687032281,-0.0013369608427562518,-0.0634457181421797,-0.051163978939588795,-0.9129524827003479,0.01133344881236551,-0.17824463546276093,-0.673781083046333,0.8426057431815983,24.842349490567177,0.42436869055491827,0.18148943879432886,0.033109693772237304,0.0011780800014093984,1
1.612334966659546,0.029062587767839432,-0.022820185869932175,0.1852809488773346,0.010659619343620197,-0.15664152727412667,0.4698526562902756,-0.010238670456136134,-0.06170699438056193,-0.05279130782116637,-0.9088320136070251,0.1318191885948181,-0.1707939058542252,-0.6622524330579562,0.9063249731880084,24.84378307638586,0.45047730828986166,0.09947143715863063,0.033035386722441,0.0027086680001957575,1
1.6220788955688477,0.029062587767839432,-0.022820185869932175,0.1852809488773346,0.010659619343620197,-0.15664152727412667,0.4698526562902756,-0.010238670456136134,-0.06170699438056193,-0.05279130782116637,-0.9088320136070251,0.1318191885948181,-0.1707939058542252,-0.6556143793025069,0.9497390918221611,24.844249315724188,0.4628578745260191,0.09572209125797103,0.03290106066241937,0.0009096650010178564,1
1.6323320865631104,0.029016587883234024,-0.02602720633149147,0.19409175217151642,-0.01154353533522214,-0.13906642561335353,0.4667499366748636,-0.026970718359858203,-0.057523732967986074,-0.056135032093934,-0.8057855367660522,0.2606825828552246,-0.1599276661872864,-0.6221097074842905,0.9817869341014923,24.851742273634734,0.48185046430859807,0.057803615241482,0.03255820645429384,0.0027022430003853515,1
1.64235520362854,0.029016587883234024,-0.02602720633149147,0.19409175217151642,-0.01154353533522214,-0.13906642561335353,0.4667499366748636,-0.026970718359858203,-0.057523732967986074,-0.056135032093934,-0.8057855367660522,0.2606825828552246,-0.1599276661872864,-0.5822439217560119,0.9971441563093334,24.85003694899947,0.4593643323075517,0.022167906437354924,0.03265225856114251,0.0009227949994965456,1
1.6523478031158447,0.028545482084155083,-0.030472848564386368,0.20721913874149323,-0.026271380993308443,-0.13817204191843385,0.4674189990298395,-0.04469606269853532,-0.04845171266030546,-0.06040854268448115,-0.6375696659088135,0.432902067899704,-0.15187442302703863,-0.55090086275444,1.0246921334382404,24.842406503564874,0.45643335775460003,-0.02986049404614844,0.031738813333553016,0.0028219569994689664,1
1.662379264831543,0.028545482084155083,-0.030472848564386368,0.20721913874149323,-0.026271380993308443,-0.13817204191843385,0.4674189990298395,-0.04469606269853532,-0.04845171266030546,-0.06040854268448115,-0.6375696659088135,0.432902067899704,-0.15187442302703863,-0.5073102771582003,1.0745440423648704,24.84119834382484,0.42404598312509945,-0.08770084641113615,0.0326087163416438,0.0009892879988910863,1
1.6722722053527832,0.028196705505251884,-0.0318947434425354,0.21154509484767914,-0.034488577762491826,-0.12572945307713956,0.46298059862749585,-0.04469606269853532,-0.04845171266030546,-0.06040854268448115,-0.6375696659088135,0.432902067899704,-0.15187442302703863,-0.4577143334258283,1.0817328077598298,24.849746510291133,0.4243725421534344,-0.08755295905631297,0.03252361185965074,0.0008787229999143165,1
1.6823208332061768,0.02782103605568409,-0.03319722041487694,0.21585409343242645,-0.0330932221031225,-0.11240182740772216,0.46325579295705066,-0.05489396304932592,-0.03865647811585804,-0.06375417729657729,-0.4850711226463318,0.5190490484237671,-0.13874648511409765,-0.422931539133624,1.083000142914901,24.84807811592724,0.3784199153336005,-0.15669599044203047,0.03215504249079265,0.00253328600047098,1
1.692333459854126,0.027423400431871414,-0.03437087684869766,0.22011488676071167,-0.03226831718877286,-0.10977601018908452,0.45903965865167096,-0.058496340841901695,-0.03284758234557872,-0.06560663639264241,-0.36337485909461975,0.5686486959457397,-0.14280927181243905,-0.4018644231332693,1.0837432400591696,24.84786577560681,0.3775845464272042,-0.15770080359983207,0.03176049559329604,0.001102506999814068,1
1.7023701667785645,0.02700437791645527,-0.03555614501237869,0.22435376048088074,-0.03992766245549385,-0.1078880259714846,0.4568870368639838,-0.06212064846173293,-0.023746120041532315,-0.06819626964774539,-0.2275068610906601,0.6257072687149048,-0.13935634493827828,-0.36104973948409486,1.1034437853160473,24.858292744242966,0.26597788955571955,-0.23777605675780875,0.032640850312601936,0.00244653899972036,1
1.7123360633850098,0.026478461921215057,-0.036679260432720184,0.22853949666023254,-0.04770802414169657,-0.10316151926680628,0.45376056460980174,-0.06312806963707329,-0.01792457811156689,-0.06979264760384218,-0.10223297774791718,0.6150441765785217,-0.12955009937286385,-0.3084474929672317,1.1186568089524815,24.86465311530296,0.20914846396915243,-0.25313396860942783,0.032025238516441415,0.0008457560015813215,1
1.7223291397094727,0.025870077311992645,-0.03768134489655495,0.2326841503381729,-0.05368620601643488,-0.08508953253684666,0.4472679497891841,-0.06312806963707329,-0.01792457811156689,-0.06979264760384218,-0.10223297774791718,0.6150441765785217,-0.12955009937286385,-0.25653065760656735,1.0887908096042525,24.879585208731392,0.21139350824465533,-0.26038658657796593,0.031933504936675176,0.002452126998832682,1
1.732337474822998,0.025870077311992645,-0.03768134489655495,0.2326841503381729,-0.05368620601643488,-0.08508953253684666,0.4472679497891841,-0.06312806963707329,-0.01792457811156689,-0.06979264760384218,-0.10223297774791718,0.6150441765785217,-0.12955009937286385,-0.2239372744584315,1.0732646041106613,24.881864376281733,0.2115052240694646,-0.2602796337578458,0.03193619125165593,0.0008377240010304376,1
1.742356300354004,0.02472148835659027,-0.039377085864543915,0.24084992706775665,-0.043917249927952144,-0.07682377810801329,0.4389692247354346,-0.059498554150823946,0.0004980925776068013,-0.0749224066405847,0.24737833440303802,0.6181100010871887,-0.12012707442045219,-0.20424985408740767,1.0639174759103045,24.882198995947853,0.2115724651667941,-0.2601396057093851,0.031948666947776046,0.002597753998998087,1
1.7523269653320312,0.02472148835659027,-0.039377085864543915,0.24084992706775665,-0.043917249927952144,-0.07682377810801329,0.4389692247354346,-0.059498554150823946,0.0004980925776068013,-0.0749224066405847,0.24737833440303802,0.6181100010871887,-0.12012707442045219,-0.19048090534955842,1.059419190168817,24.895383508050397,0.03043127619337857,-0.3124119585956807,0.03241790607343272,0.0008668490008858498,1
1.762342929840088,0.02348892204463482,-0.04082590341567993,0.24881677329540253,-0.05378059663511067,-0.054608896880225896,0.4272581938059458,-0.05636167478950238,0.006442252495805878,-0.07631349355477468,0.3250817358493805,0.5577535033226013,-0.13176769018173223,-0.14226466435862986,1.010271228612287,24.921753966014055,-0.01718684170284411,-0.29802008676669123,0.03375129702031687,0.0026627799998095725,1
1.7723605632781982,0.02348892204463482,-0.04082590341567993,0.24881677329540253,-0.05378059663511067,-0.054608896880225896,0.4272581938059458,-0.05636167478950238,0.006442252495805878,-0.07631349355477468,0.3250817358493805,0.5577535033226013,-0.13176769018173223,-0.11315830173285757,0.9806802937945271,24.925719830228836,-0.017762860233665217,-0.29752804695649016,0.033889262565567096,0.00279464800041751,1
1.7823023796081543,0.022298449650406837,-0.041950564831495285,0.2566135823726654,-0.05212628020838429,-0.045857948208685065,0.4167445901292125,-0.04515660768645091,0.01912299375710269,-0.08032582111782016,0.5104060173034668,0.48505863547325134,-0.11744725704193121,-0.07895958660855727,0.9449323759370097,24.946369693555432,-0.13873761259022727,-0.29593348142766057,0.033436680546781464,0.0008574209987273207,1
1.7923288345336914,0.02169755846261978,-0.04233047366142273,0.2604106366634369,-0.04327725230423857,-0.04048539657059715,0.4112752378448636,-0.039852166957417,0.022784351373299483,-0.08157236798242495,0.5492295622825623,0.39659377932548523,-0.13000272214412695,-0.06779799232496063,0.9072745220543527,24.9604216306616,-0.17363890589384234,-0.26229864864975583,0.034950805521578615,0.0030028559995116666,1
1.8023192882537842,0.021138960495591164,-0.04270513355731964,0.264169305562973,-0.04539233019405704,-0.04278462273715128,0.4050402046702509,-0.033650920279361785,0.026457000424752408,-0.08312510309227594,0.6192466020584106,0.3542366325855255,-0.1340350657701493,-0.061069093273467275,0.8845554240794751,24.962547207262745,-0.17403313135781165,-0.2616315011301547,0.035107225926960396,0.0010882580008910736,1
1.8123459815979004,0.020554957911372185,-0.04299043118953705,0.26784878969192505,-0.04387668115986966,-0.02657570467327566,0.3957632780570022,-0.02403949045560072,0.03037876073961776,-0.0851279435047334,0.6498643755912781,0.255100816488266,-0.1249227896332741,-0.04642692781909922,0.8758196795946392,24.976107058530804,-0.22564485073615037,-0.250393443686488,0.035961931137788214,0.003200658000423573,1
1.8229639530181885,0.020056376233696938,-0.043214716017246246,0.2714937627315521,-0.032898973356317744,-0.035551827135817046,0.39297822122142867,-0.017274582255055737,0.032384169103489846,-0.08666848800639615,0.670616626739502,0.18339018523693082,-0.14060415327548983,-0.029062914142445936,0.8270611031111079,24.998875458153986,-0.26636634276716786,-0.21164478613358595,0.03569204451183525,0.0013047789998381631,1
1.8323333263397217,0.019546763971447945,-0.04342351853847504,0.27509137988090515,-0.04193504343460604,-0.021692477982540974,0.38123530171943804,-0.010192843895278525,0.03366140498387615,-0.08769454011756306,0.7096000909805298,0.1370573043823242,-0.1223447471857071,-0.01414323140181345,0.781428190582137,25.034776497706886,-0.3239833226893882,-0.1596668543320178,0.035706823461019485,0.002552914000261808,1
1.8422977924346924,0.019546763971447945,-0.04342351853847504,0.27509137988090515,-0.04193504343460604,-0.021692477982540974,0.38123530171943804,-0.010192843895278525,0.03366140498387615,-0.08769454011756306,0.7096000909805298,0.1370573043823242,-0.1223447471857071,-0.0038352112747174084,0.7535980035907359,25.040317161314437,-0.33459136894530955,-0.16042792796855596,0.035564199392323394,0.0008776049999141833,1
1.8523130416870117,0.01862739957869053,-0.04350797086954117,0.28209879994392395,-0.02907758353361142,-0.018627205852653577,0.36783191564264767,0.003475021950986701,0.033998745567663136,-0.09062851645069303,0.7115890383720398,-0.033564586192369475,-0.13960036635398865,-0.017181096587959507,0.7126882069970233,25.048039653567148,-0.3398582523050435,-0.110775292688662,0.03781217496959944,0.0027623790010693483,1
1.862356185913086,0.01862739957869053,-0.04350797086954117,0.28209879994392395,-0.02907758353361142,-0.018627205852653577,0.36783191564264767,0.003475021950986701,0.033998745567663136,-0.09062851645069303,0.7115890383720398,-0.033564586192369475,-0.13960036635398865,-0.023956131540615926,0.6956563138374853,25.07226827716098,-0.37282994517577495,-0.07689406582638274,0.03853666290865638,0.0009764359983819304,1
1.8722939491271973,0.018224051222205162,-0.043519776314496994,0.2855236828327179,-0.027590443029735817,-0.012815334182827993,0.3609724045483719,0.01054429474200802,0.033198406326247376,-0.09212533851104698,0.6908716559410095,-0.09782297909259798,-0.1486278623342514,-0.026993989816955024,0.667855228229923,25.091666001565937,-0.38203412422846,-0.04231475816771991,0.0399051244664293,0.0025901410008373205,1
1.8820841312408447,0.017427630722522736,-0.0433058962225914,0.2921324372291565,-0.017077532891130925,-0.010140966041747738,0.3446085453132117,0.016980621327228995,0.03185201304689533,-0.09343577218108123,0.6533046364784241,-0.1521406024694443,-0.14757162332534787,-0.050522431597661885,0.6396464827541899,25.13246711025828,-0.38100205849200997,-0.012118223219147201,0.04031427238261324,0.000850086000355077,1
1.8923323154449463,0.017121590673923492,-0.043217677623033524,0.2953742444515228,-0.02187901785561605,-0.010643777823225049,0.3337461352511846,0.026433621130256046,0.02879377663167837,-0.09573075407285181,0.6346966624259949,-0.21413625776767733,-0.12861925363540647,-0.05223390811848793,0.6232029529550619,25.164146313478398,-0.39818678040226885,0.027846883971549965,0.03865725512337115,0.00247147400114045,1
1.9023287296295166,0.016819898039102554,-0.04306884482502937,0.29856619238853455,-0.018234455974652602,-0.004716878268782209,0.3287493288516039,0.03215129250696158,0.02593074500422965,-0.0971384210275752,0.5808187127113342,-0.27193495631217957,-0.139039471745491,-0.056846878638175266,0.5948384463722584,25.179234446427582,-0.3871449085019436,0.06486154201693667,0.03962227665011361,0.000825150998934987,1
1.9123446941375732,0.016513122245669365,-0.04282858595252037,0.30168578028678894,-0.018933968579757304,0.007122916574260167,0.31926119327766445,0.03738872886464506,0.02276358044061766,-0.0987777988685723,0.5310565233230591,-0.3393924832344055,-0.14264315366744992,-0.051916357371373796,0.5489488077851133,25.20411140678188,-0.37589900003426435,0.10786451538088362,0.04039519972845053,0.0025167339990730397,1
1.9223508834838867,0.01626228168606758,-0.04256245121359825,0.3047664761543274,-0.012912914963672967,-0.005075296302551255,0.31336322425856605,0.042161914549583734,0.018691380832305704,-0.1003726343657898,0.48606839776039124,-0.38746872544288635,-0.14091977477073664,-0.048930838794138176,0.5212431615314298,25.207955858869603,-0.375561052943404,0.10862030525457606,0.04042236460589474,0.001074150000931695,1
1.9323389530181885,0.01603500358760357,-0.04239038750529289,0.3078065514564514,-0.015082752276331914,-0.008020420108343407,0.3070195317062338,0.04834999202464507,0.012594053299044727,-0.10284652092150148,0.39594799280166626,-0.43325814604759216,-0.15065808594226832,-0.05324443912312645,0.5325597259888233,25.236012289463222,-0.3323596907440196,0.174442647431783,0.04173605135606749,0.002535382000132813,1
1.942323923110962,0.015788879245519638,-0.04217491298913956,0.3108152747154236,-0.0187717377924558,-0.0016201976156573529,0.30025792120858114,0.05147675808889707,0.008012714949535926,-0.10455304870918747,0.3446682393550873,-0.4624497592449188,-0.14337055385112757,-0.05603335128752013,0.5380827062999192,25.2391972741844,-0.3402577368225505,0.1838941876779093,0.04192626575895439,0.0011064189984608674,1
1.9523348808288574,0.015527936629951,-0.04188435524702072,0.31376251578330994,-0.014878786202236715,0.003266937685121748,0.2928386330419385,0.053949068381707654,0.00300566491212928,-0.10629579513343046,0.2596466541290283,-0.4934323728084564,-0.1460340172052383,-0.04511615787745438,0.5263326541446717,25.25517127418165,-0.32342791126093084,0.21165564160318362,0.041400717992059834,0.0030819910007267026,1
1.9623358249664307,0.015527936629951,-0.04188435524702072,0.31376251578330994,-0.014878786202236715,0.003266937685121748,0.2928386330419385,0.053949068381707654,0.00300566491212928,-0.10629579513343046,0.2596466541290283,-0.4934323728084564,-0.1460340172052383,-0.04279069032185604,0.5037431299641774,25.274803142744204,-0.28771215276983586,0.24110494931681042,0.041724867006190464,0.0008393299995077541,1
1.9723327159881592,0.015141524374485016,-0.04147340729832649,0.31957951188087463,-0.016095273713178853,-0.0030547574108875366,0.28178566684133055,0.05731480117838794,-0.006476820635270997,-0.10970949360354032,0.10894190520048141,-0.49880823493003845,-0.14632450044155115,-0.052791932488139404,0.5190153544655343,25.28461093471216,-0.2580087428710155,0.2548076995168569,0.04132215095909564,0.0031597289998899214,1
1.9823319911956787,0.015141524374485016,-0.04147340729832649,0.31957951188087463,-0.016095273713178853,-0.0030547574108875366,0.28178566684133055,0.05731480117838794,-0.006476820635270997,-0.10970949360354032,0.10894190520048141,-0.49880823493003845,-0.14632450044155115,-0.04250748582772389,0.5074792857309598,25.303152244030883,-0.22244614102629331,0.27078101773992913,0.04195413195773075,0.0009964129985746695,1
1.9923346042633057,0.014896930195391178,-0.04121508449316025,0.32240748405456543,-0.02100590798645548,-0.000330749962912702,0.2739484608235916,0.0575656788205503,-0.011477675814560051,-0.1115549743491222,0.024174116551876068,-0.5099577307701111,-0.1554673016071319,-0.020691042478245766,0.4925200307772009,25.324204548604445,-0.18064525408119436,0.2909303402322827,0.043181171029460036,0.0024658860002091387,1
2.0023269653320312,0.014461932703852654,-0.0408218689262867,0.32793399691581726,-0.020409330574198435,-0.012169139207936644,0.26274868849078925,0.05736236717141896,-0.016602543345646037,-0.1133760001825781,-0.03154116868972778,-0.5087339878082275,-0.14820103347301478,-0.007094366503232573,0.5100579164193736,25.351588298073697,-0.15314005226331628,0.30485060054940977,0.04275728713903419,0.0008268980000138981,1
2.012327194213867,0.01418808288872242,-0.0405978187918663,0.3306167721748352,-0.023609353478753342,0.003424786113954596,0.25400939580820003,0.05601649103128947,-0.02342364262440544,-0.11598994385393491,-0.12944656610488892,-0.4871561527252197,-0.15222479403018946,0.01638355328043191,0.4818047981957019,25.376969161464597,-0.0993333236539144,0.3138034916503956,0.04333466010632349,0.002501228000255651,1
2.0223560333251953,0.013966087251901627,-0.04039175808429718,0.3332710862159729,-0.018421778504367953,-0.013869207402519106,0.25092744826428787,0.05407358459966405,-0.028318623202834736,-0.11803480069185257,-0.1987067610025406,-0.4464203417301178,-0.16996492445468897,0.030567096620068283,0.46474757461940336,25.380726368273216,-0.09841454529828557,0.3139266373851905,0.04333636736676381,0.0008417750013904879,1
2.0320632457733154,0.013707051053643227,-0.04026622697710991,0.33585846424102783,-0.024985959085303808,-0.007117993201838177,0.24180820565042543,0.05039846081062427,-0.0340717208648309,-0.12049842638737385,-0.2591032087802887,-0.4059133231639862,-0.15204225480556482,0.04366654852326851,0.4706912728317894,25.409514593370595,-0.024813344429034767,0.2953263835748113,0.04378263121519156,0.0025104470005317125,1
2.042391777038574,0.013459770940244198,-0.040080826729536057,0.33840295672416687,-0.023147397327871477,-0.005563530060357878,0.23608668139946232,0.047067444020270965,-0.03781476420321672,-0.12248309730449858,-0.33153483271598816,-0.3738808333873749,-0.16816157102584833,0.05139776384342287,0.4743949663379741,25.412927886010845,-0.018570018236316783,0.30288449228416514,0.04384164242042575,0.0008867550004652003,1
2.052337408065796,0.013162367045879364,-0.03995182737708092,0.3408825993537903,-0.032577675691304916,-0.011480493810775172,0.22988736613068042,0.043560506183136116,-0.04097906741260671,-0.12404822395869974,-0.3585503101348877,-0.32171109318733215,-0.15205757319927213,0.07552181991411601,0.4806464942787508,25.44053189504935,0.044462962885569876,0.2767866143945936,0.04425721464068184,0.0026410580012452556,1
2.0621907711029053,0.012824814766645432,-0.03978137671947479,0.34331420063972473,-0.03037525029215584,-0.0032402302328546377,0.223113015191219,0.03960071264399678,-0.04393029206271537,-0.1258910074825681,-0.39283841848373413,-0.29022619128227234,-0.15757326781749723,0.09006717208907924,0.4843227359260241,25.44236406781666,0.050310867966875006,0.28066408264699944,0.04428588726477551,0.0026735360006568953,1
2.0720603466033936,0.012824814766645432,-0.03978137671947479,0.34331420063972473,-0.03037525029215584,-0.0032402302328546377,0.223113015191219,0.03960071264399678,-0.04393029206271537,-0.1258910074825681,-0.39283841848373413,-0.29022619128227234,-0.15757326781749723,0.09933801316660822,0.46358828892338905,25.457391708736353,0.07922826733033089,0.2732817085645866,0.04511439585333602,0.0009526889989501797,1
2.0823404788970947,0.012185715138912201,-0.03958401829004288,0.34804877638816833,-0.04012319462972984,-0.0012831736835674503,0.21186956759522263,0.031189180961239238,-0.04765865134968417,-0.1290348060693991,-0.43338263034820557,-0.16046908497810367,-0.16142567992210385,0.09742010816451621,0.4724883071335362,25.462713786822256,0.11362658478348854,0.2486964690550001,0.04550511223771947,0.0035313049993419554,1
2.0923690795898438,0.012185715138912201,-0.03958401829004288,0.34804877638816833,-0.04012319462972984,-0.0012831736835674503,0.21186956759522263,0.031189180961239238,-0.04765865134968417,-0.1290348060693991,-0.43338263034820557,-0.16046908497810367,-0.16142567992210385,0.12579614106759832,0.448061207652472,25.482942239433072,0.12406473335310722,0.21956449881970225,0.04626905073856582,0.0009874019997369032,1
2.10202693939209,0.011836409568786621,-0.03941559046506882,0.3503420054912567,-0.03240960696403412,-0.007504906946178555,0.20926043348678047,0.026533469391295306,-0.049013366928302826,-0.13087604866706348,-0.45162856578826904,-0.09678467363119127,-0.14524401724338531,0.12171023478725707,0.4400528164047613,25.48976590896356,0.14600863910441372,0.1904996881047615,0.044902043480957596,0.0032286659989040345,1
2.112062692642212,0.011036609299480915,-0.03929409384727478,0.354787677526474,-0.04008104246284983,-0.004777754730285198,0.1968722642226251,0.022083160211975983,-0.049266989920235815,-0.1322083950736741,-0.46086668968200684,-0.03277139738202097,-0.1497935652732849,0.14051541585735614,0.42887390119527846,25.514868257228652,0.16365822729348728,0.15976591164085457,0.045237059154323245,0.0008609120013716165,1
2.122347831726074,0.010613548569381237,-0.0392090380191803,0.3569442331790924,-0.045791413320817105,-0.002682881296376267,0.19160243877138358,0.022083160211975983,-0.049266989920235815,-0.1322083950736741,-0.46086668968200684,-0.03277139738202097,-0.1497935652732849,0.16894287080542028,0.41958111078389443,25.527406551408724,0.1640318249961954,0.15987022249440605,0.04522096197957939,0.002676259999134345,1
2.1320321559906006,0.010613548569381237,-0.0392090380191803,0.3569442331790924,-0.045791413320817105,-0.002682881296376267,0.19160243877138358,0.022083160211975983,-0.049266989920235815,-0.1322083950736741,-0.46086668968200684,-0.03277139738202097,-0.1497935652732849,0.18607561522363836,0.41394797761996754,25.529198389328165,0.16403948380570685,0.15987798409963833,0.04522008311677378,0.0008558839999750489,1
2.1423213481903076,0.009603654034435749,-0.03910377249121666,0.3610840439796448,-0.05486111030911785,0.005295093361087115,0.17937463498717018,0.005044103322420668,-0.04678895997514365,-0.13760275970627056,-0.3911072015762329,0.1410149037837982,-0.11699576675891878,0.19843181202841667,0.41735471917431666,25.538152883076478,0.18563475968497764,0.10579533995739532,0.044115757504562356,0.003374572999746306,1
2.15234112739563,0.00910046137869358,-0.0389958880841732,0.36306411027908325,-0.0465649147058542,-0.0018607415863055414,0.1755909918485047,0.0012473926834082327,-0.044914105082535905,-0.13899366541024083,-0.39127570390701294,0.18078392744064328,-0.12713876366615298,0.218465301168547,0.38784007307371604,25.55126459225752,0.17914882600885412,0.06669972590014293,0.042209275571474934,0.0011886259999300819,1
2.162036180496216,0.00856664776802063,-0.03895171731710434,0.3649823069572449,-0.05652116954481182,0.0009241845321651225,0.16604344559014408,-0.0023495782342508598,-0.04227911794643191,-0.14002608350224044,-0.35094019770622253,0.25205808877944946,-0.11848518252372744,0.20696616772511145,0.3798611026027565,25.5566434098861,0.18931818364311012,0.0401663539707274,0.04294853662796057,0.003266661999077769,1
2.172417163848877,0.00856664776802063,-0.03895171731710434,0.3649823069572449,-0.05652116954481182,0.0009241845321651225,0.16604344559014408,-0.0023495782342508598,-0.04227911794643191,-0.14002608350224044,-0.35094019770622253,0.25205808877944946,-0.11848518252372744,0.22037746274462497,0.3713257570988408,25.575537167841905,0.18007797101124662,-0.00211116291406091,0.04239902895081593,0.000849037998705171,1
2.1821200847625732,0.007344153244048357,-0.03876149281859398,0.36861178278923035,-0.057156611268404746,0.011297370416796359,0.15383891758804444,-0.008581710302340895,-0.03658035956329275,-0.14205388287255039,-0.2905665636062622,0.3260982930660248,-0.08608892560005192,0.2343354350080373,0.36076714539563093,25.582053801564548,0.17573261107945895,-0.030508893263159257,0.04067792723261197,0.003677072001664783,1
2.1921191215515137,0.007344153244048357,-0.03876149281859398,0.36861178278923035,-0.057156611268404746,0.011297370416796359,0.15383891758804444,-0.008581710302340895,-0.03658035956329275,-0.14205388287255039,-0.2905665636062622,0.3260982930660248,-0.08608892560005192,0.2374967646975267,0.33376396449230594,25.59880012717804,0.16901823232143473,-0.055851382722272,0.03858948980032974,0.0008361170002899598,1
2.2022993564605713,0.006768753286451101,-0.03868464007973671,0.37034934759140015,-0.05535322425126355,0.001997337606241156,0.15208400787247528,-0.010888969690058925,-0.032714621667675026,-0.14298757008669316,-0.234377920627594,0.34602224826812744,-0.08005031943321232,0.2284965265682064,0.33987725774576893,25.600019981744644,0.1469131467851064,-0.07735215071279852,0.03763834602969335,0.002841514000465395,1
2.2123866081237793,0.005462339147925377,-0.03845357149839401,0.37363189458847046,-0.05925968288754448,0.015304218906656692,0.1404854506385943,-0.012909542579459643,-0.028955075329769375,-0.1436192952447768,-0.19754143059253693,0.4010486304759979,-0.08912198990583425,0.2352093507878637,0.3140366648927414,25.619043649417222,0.13544434545875023,-0.11503733878487832,0.038451633568931304,0.0008054549998632865,1
2.2221622467041016,0.004837060812860727,-0.03830098733305931,0.37519556283950806,-0.057960599679210925,0.011548455327229647,0.13393136852378476,-0.015176904249464496,-0.022787995908272407,-0.1449126425391989,-0.13074037432670593,0.4249822497367859,-0.06709391623735433,0.22937511292384935,0.3081231267012214,25.633890194018196,0.10855617365473921,-0.14513232458521114,0.036434470598745036,0.0024453510013699997,1
2.232348918914795,0.004168761428445578,-0.0381891094148159,0.37670397758483887,-0.06438633790785142,0.01500928801115961,0.12900437399618142,-0.015896967131372897,-0.018194482606659346,-0.14543019670428237,-0.06929628551006317,0.4446300268173218,-0.05021092668175703,0.23772211456135595,0.3021495994399303,25.643745347030944,0.08016056100183076,-0.1677314144353398,0.03422046183670974,0.0009225859994330676,1
2.2425436973571777,0.00350274913944304,-0.03799624368548393,0.3781543970108032,-0.05597514629970109,0.02065770835622934,0.12462277695325033,-0.016275084834098674,-0.013831115921311365,-0.14598719429154716,-0.042004261165857315,0.45397964119911194,-0.04812682047486311,0.24279700378017458,0.2984849362564724,25.64520971912193,0.07968023805611467,-0.16811850270338782,0.03363852617401979,0.0034592249994602753,1
2.2521049976348877,0.0028594881296157837,-0.037822648882865906,0.3795583248138428,-0.05964175582933247,0.018023324368587,0.118726201280847,-0.015728730580219175,-0.006870581654530028,-0.14667448813083306,0.04970056563615799,0.4573191702365875,-0.037266686558723505,0.22549775629310254,0.28151453200600335,25.65205569872194,0.06798274128907646,-0.18575841066115423,0.03336814395960777,0.000989776999631431,1
2.2632203102111816,0.0021874639205634594,-0.03764508292078972,0.3809036910533905,-0.05935104173725722,0.019569317398064084,0.11364125458024213,-0.014972334632327833,-0.0026632221475191287,-0.14691163434326837,0.07983443886041641,0.4366893470287323,-0.02008629031479364,0.21295622575587772,0.2843639491381288,25.67657222673116,0.004879406359297719,-0.20288645122427484,0.03050102474564622,0.001043628000843455,1
2.2721424102783203,0.0015174024738371372,-0.03743616119027138,0.3822043538093567,-0.056655931132530424,0.025305176473838432,0.10995296382796749,-0.013675115483280376,0.0016348342355527734,-0.14712995353601244,0.13984891772270203,0.42339301109313965,-0.013076205737888865,0.20751690828844702,0.285911853632988,25.67624927217893,0.002799070217861662,-0.20892344040511662,0.029715496185881877,0.00121090699940396,1
2.282315969467163,0.0008678014273755252,-0.03721330687403679,0.3834506869316101,-0.0549789397192673,0.022337203751268336,0.10433021188611499,-0.01172396115637353,0.0056865037092528326,-0.1470952835541599,0.19014400243759155,0.40419337153434753,0.0008002510294317704,0.19812073246220804,0.2786231289512708,25.681373036488278,-0.030025207213165806,-0.21469186075146965,0.0288703681688394,0.0028013529990857933,1
2.2921407222747803,0.0008678014273755252,-0.03721330687403679,0.3834506869316101,-0.0549789397192673,0.022337203751268336,0.10433021188611499,-0.01172396115637353,0.0056865037092528326,-0.1470952835541599,0.19014400243759155,0.40419337153434753,0.0008002510294317704,0.18616897309650143,0.2859519297462076,25.692649211660925,-0.06124541821358829,-0.21685521536406893,0.02718188779026834,0.0017566070000611944,1
2.302295684814453,0.0002226370561402291,-0.0370027981698513,0.38465389609336853,-0.0531504035260852,0.026217430053765825,0.10021003338935161,-0.009358320720586732,0.009409661772072475,-0.14712030042331614,0.2192736119031906,0.38035139441490173,0.011071057058870746,0.17528842004497727,0.28578418126997496,25.700990116444324,-0.08254017678534982,-0.21561203173136692,0.02567985204417132,0.0025559170007909415,1
2.312136650085449,-0.000983378617092967,-0.036539893597364426,0.3868957459926605,-0.05061364940311287,0.020742950622801893,0.08874632415915293,-0.006876918885891481,0.012989127284918744,-0.1470485679274547,0.2680359482765198,0.33777254819869995,0.022206394001841503,0.16344621076983706,0.30294991978662394,25.72455081017585,-0.11456715499911951,-0.20479121119673205,0.024161336527442668,0.0008701319984538713,1
2.322258949279785,-0.0015717935748398304,-0.0362941138446331,0.38793808221817017,-0.04649909087092134,0.02978344949618445,0.08210505559707518,-0.0023311764279618785,0.017426775877353418,-0.1467133414653845,0.2989904582500458,0.2906710207462311,0.01859483495354649,0.14863796263657758,0.29988235519274314,25.741862344473635,-0.14254517187288718,-0.1938889316816698,0.024165770427962467,0.0025038820003828732,1
2.3322932720184326,-0.0021574024576693773,-0.036041259765625,0.3889184594154358,-0.04654669719092851,0.022224313152896646,0.07784628875621628,0.0006859986335023827,0.020075889022933335,-0.14638376491253702,0.3178293704986572,0.24555625021457672,0.0289441533386707,0.1387438732538645,0.32069364372143877,25.752187313434327,-0.1617472956189091,-0.1787659280564597,0.023017885900543707,0.0024792260010144673,1
2.3422658443450928,-0.0021574024576693773,-0.036041259765625,0.3889184594154358,-0.04654669719092851,0.022224313152896646,0.07784628875621628,0.0006859986335023827,0.020075889022933335,-0.14638376491253702,0.3178293704986572,0.24555625021457672,0.0289441533386707,0.13273911384547105,0.3332331106903942,25.753680010180336,-0.1620283249242022,-0.17848814586142753,0.02270290659774626,0.0008000780017027864,1
2.3522980213165283,-0.0032277596183121204,-0.03557877987623215,0.3907502591609955,-0.03896127639960542,0.025436973209149855,0.06738602370279932,0.009426932856555492,0.024354084729174108,-0.145329203120796,0.34505191445350647,0.1441531479358673,0.0419146344065666,0.1146742835961584,0.34240835370442907,25.76201891589457,-0.1893297353772235,-0.15895513292750765,0.02235561528038045,0.0030568469992431346,1
2.3623204231262207,-0.0037171917501837015,-0.03534563630819321,0.3915877342224121,-0.03201183947286045,0.01954771093515425,0.06315368436826872,0.013305942176466079,0.02506838645281073,-0.1448000192284069,0.3805575966835022,0.08385263383388519,0.054175019264221184,0.10622205553815038,0.3519297234789734,25.776007182826273,-0.20074650331850066,-0.14025353470830665,0.021119454746026355,0.0015562219996354543,1
2.3721187114715576,-0.00417530070990324,-0.03515498340129852,0.39238131046295166,-0.035261809895676635,0.02168516064411853,0.0581390633998609,0.017192594355058155,0.02569078693844906,-0.14412675526304897,0.37461695075035095,0.054182175546884544,0.06219967827200889,0.08850465040596789,0.3777393384255638,25.78593114624414,-0.23018643567686642,-0.1125449412392748,0.019472282400465297,0.0021677869990526233,1
2.382319927215576,-0.00464615086093545,-0.03488820791244507,0.3931214213371277,-0.02928467560177768,0.02276363835611722,0.05256729968851544,0.02064539238616714,0.025177768051904525,-0.14347651475026257,0.3517133593559265,-0.017154453322291364,0.07152439653873444,0.08829630210828633,0.39572021236047855,25.79779155189156,-0.23877272626025497,-0.09863078427213097,0.018141329766784807,0.0026025740007753484,1
2.3922829627990723,-0.00464615086093545,-0.03488820791244507,0.3931214213371277,-0.02928467560177768,0.02276363835611722,0.05256729968851544,0.02064539238616714,0.025177768051904525,-0.14347651475026257,0.3517133593559265,-0.017154453322291364,0.07152439653873444,0.08269764835169656,0.40634974826425485,25.811314564832987,-0.23739601205200744,-0.061829445287142536,0.01683436083356529,0.0008489690007991157,1
2.4022722244262695,-0.005498924758285284,-0.034545790404081345,0.39446744322776794,-0.02813618611285251,0.021622922382942156,0.04133692016891464,0.028080975833339572,0.023818644302216363,-0.14189551533092093,0.3472009599208832,-0.11083014309406279,0.08588439971208574,0.08206588485825714,0.4519344035300678,25.82329382640928,-0.25896238009304867,-0.033816302436225396,0.016314993361594168,0.0025075830017158296,1
2.4121482372283936,-0.005498924758285284,-0.034545790404081345,0.39446744322776794,-0.02813618611285251,0.021622922382942156,0.04133692016891464,0.028080975833339572,0.023818644302216363,-0.14189551533092093,0.3472009599208832,-0.11083014309406279,0.08588439971208574,0.0877102234317291,0.45692538930870374,25.83951029874292,-0.2570787732402037,-0.010095930024952054,0.014668694630108836,0.0008533689997420879,1
2.4221203327178955,-0.006567658390849829,-0.034100715070962906,0.3961029350757599,-0.026578202536571255,0.011885195398920342,0.02402257745500632,0.03481870730262093,0.020239473488699478,-0.14018967225117596,0.32418394088745117,-0.2169361114501953,0.09453146904706958,0.082307904487557,0.4860288387617984,25.85204811941179,-0.2640858816233918,0.01972717468203833,0.01448169173418332,0.0037073849998705555,1
2.432034730911255,-0.006567658390849829,-0.034100715070962906,0.3961029350757599,-0.026578202536571255,0.011885195398920342,0.02402257745500632,0.03481870730262093,0.020239473488699478,-0.14018967225117596,0.32418394088745117,-0.2169361114501953,0.09453146904706958,0.09861018081798882,0.5137633010657168,25.882888038544294,-0.266241855436396,0.053809825754152975,0.013122990017056609,0.0008875240000634221,1
2.4420316219329834,-0.00690966984257102,-0.033942610025405884,0.39654743671417236,-0.015307428208638141,0.006674932880088727,0.020604902918997883,0.039100135097819066,0.01653614617522825,-0.13873024444701976,0.27739211916923523,-0.2664594054222107,0.0989087596535683,0.09397829723509747,0.5439497729701303,25.89435855302212,-0.25582990679980444,0.0886837488255335,0.012229807392025732,0.002176029000111157,1
2.4520418643951416,-0.00720605393871665,-0.03388972580432892,0.39695799350738525,-0.02199955097346968,-0.0014235489545018738,0.01440729016339434,0.04196297091046963,0.013787004595413599,-0.13787045832317402,0.27799320220947266,-0.27979445457458496,0.1108704134821892,0.09111696408712838,0.5621920960316679,25.895984929792306,-0.25561152480371946,0.08931206449107468,0.01195898656336968,0.0010429989997646771,1
2.4623656272888184,-0.007519163656979799,-0.0338246151804924,0.3973039984703064,-0.015391139280464542,0.0021482888800491737,0.011077782154673189,0.04523736655336874,0.008440244229121596,-0.13632790069849499,0.20377092063426971,-0.34597575664520264,0.1180217638611794,0.11361784512790263,0.5940796831087348,25.91914981986015,-0.23286698685488152,0.1449849072110484,0.009638136159353296,0.003138635000141221,1
2.4720726013183594,-0.007800715509802103,-0.033782050013542175,0.3976139426231384,-0.018364958530288737,-0.0035033649503704366,0.003627301409926882,0.047149558525321655,0.0048916102265663675,-0.13523503647317314,0.1888415366411209,-0.36067232489585876,0.11699003726243977,0.12720821589680792,0.6126751762184866,25.92147572677043,-0.23698970510743864,0.15330928067583816,0.009036561013707567,0.0015418340008181985,1
2.4821231365203857,-0.008065645582973957,-0.03382064402103424,0.3978706896305084,-0.013914347058169336,-0.013724798860800918,0.0015495548493782278,0.048847216987147224,0.0009235034920851426,-0.13416453277763107,0.16007307171821594,-0.3873297870159149,0.1269610226154328,0.1491867231255093,0.6681088544491066,25.94485947590492,-0.22500583887749942,0.1899439131557593,0.007743350991768918,0.002624994000143488,1
2.4921491146087646,-0.008065645582973957,-0.03382064402103424,0.3978706896305084,-0.013914347058169336,-0.013724798860800918,0.0015495548493782278,0.048847216987147224,0.0009235034920851426,-0.13416453277763107,0.16007307171821594,-0.3873297870159149,0.1269610226154328,0.16251963085063403,0.7013483895048016,25.947402742400772,-0.22703473910593114,0.19601866969442805,0.007415784838250356,0.0008762789984757546,1
2.502295970916748,-0.008612798526883125,-0.03390597179532051,0.3982439339160919,-0.013243386448692496,-0.016586691227160624,-0.007765037904064922,0.05067858725377272,-0.007445339688665786,-0.1320034197424622,0.07587594538927078,-0.4268907606601715,0.1306911706924439,0.19993592071500862,0.703591999848119,25.967616756285796,-0.20613542210389682,0.21138765839221432,0.006155177085774245,0.0026905790000455454,1
2.5121796131134033,-0.008612798526883125,-0.03390597179532051,0.3982439339160919,-0.013243386448692496,-0.016586691227160624,-0.007765037904064922,0.05067858725377272,-0.007445339688665786,-0.1320034197424622,0.07587594538927078,-0.4268907606601715,0.1306911706924439,0.21599371619242513,0.7309398583741318,25.9736042014264,-0.19052541727078087,0.2400662287773375,0.006432662540950753,0.000867757000378333,1
2.5222833156585693,-0.00891059823334217,-0.03406346216797829,0.3983669877052307,-0.025515901231942223,-0.019057500438848674,-0.015677379638829737,0.05123217600915986,-0.011429755116578288,-0.13059710666685787,0.03219179809093475,-0.38848695158958435,0.14430847764015203,0.26120741458636715,0.7589124434791161,25.99444898649029,-0.17056312413035635,0.23406162685754556,0.004960812899690748,0.0026372859992989106,1
2.532320499420166,-0.009480287320911884,-0.03440239652991295,0.3984808623790741,-0.022558204675590738,-0.028488433215270087,-0.02332179052708738,0.051253494524003074,-0.015954252893703114,-0.12963863807120157,-0.005259673576802015,-0.42575129866600037,0.15145771205425268,0.29665010423262916,0.7986054998512747,26.016750965139813,-0.15254201150906543,0.2651722453308445,0.0036757601890109017,0.0008428220007772325,1
2.5420281887054443,-0.009786102920770645,-0.03461595997214317,0.3984665274620056,-0.02055590607730679,-0.02385444923168789,-0.027313564035340892,0.050938826612862975,-0.02190716618422517,-0.12747359867809394,-0.04116212949156761,-0.42296743392944336,0.14732436835765844,0.33157174581969323,0.8104947872446413,26.030682763756325,-0.13290948376353456,0.28125876622385354,0.0035877832631436386,0.0008533000000170432,1
2.5522844791412354,-0.010074999183416367,-0.03487616777420044,0.39841428399086,-0.023980962442647167,-0.03470911034342735,-0.03199045757151709,0.04995407123376738,-0.025939739220886437,-0.12630234216246006,-0.09183681011199951,-0.38439562916755676,0.15710307657718664,0.36658795671306343,0.8400144318208634,26.044698941662467,-0.10559294609165107,0.2740802640892373,0.002454147087190858,0.0030321909998747287,1
2.5623161792755127,-0.010416860692203045,-0.035175975412130356,0.3983202278614044,-0.029232066357867386,-0.03068320768673105,-0.03590377071521816,0.04896800767391296,-0.029654416753960078,-0.12478946833520554,-0.09851875901222229,-0.37390393018722534,0.15720337629318243,0.38777177548932734,0.8578439773361415,26.046641514788604,-0.10504736780635536,0.27387462583589167,0.002140445420169161,0.0008398190002480987,1
2.572279214859009,-0.010765847750008106,-0.03549180179834366,0.3981822431087494,-0.028160955823390548,-0.03877300756249734,-0.04006959504352901,0.04677465475226317,-0.03509788701332539,-0.12276024379318429,-0.156945139169693,-0.34730151295661926,0.15644054114818579,0.4351251088279057,0.870736871699664,26.068486262768097,-0.06680226748210258,0.2745566162504981,0.0018375904490487629,0.002521413000067696,1
2.5821163654327393,-0.011132976971566677,-0.03587448224425316,0.3980109393596649,-0.03267711802971784,-0.03802241684274154,-0.04292874446089137,0.04484160777940893,-0.03836209218062825,-0.12130516421321813,-0.19484630227088928,-0.3127990663051605,0.15976849198341372,0.4637973988539506,0.8797039663381611,26.07195479653836,-0.06306049361706229,0.28194234236922566,0.0016904168974447619,0.0008427520006080158,1
2.5922882556915283,-0.011511859484016895,-0.036245815455913544,0.397793710231781,-0.031189106567030354,-0.04152550883051511,-0.04677949865133631,0.04262015340695724,-0.041115619214435295,-0.1197582757119422,-0.20400738716125488,-0.28249508142471313,0.16558982431888583,0.5032243856466472,0.8822472978222489,26.09085391653222,-0.030765006908455468,0.26349249145529996,0.000517144021098936,0.002559059999839519,1
2.6021194458007812,-0.011511859484016895,-0.036245815455913544,0.397793710231781,-0.031189106567030354,-0.04152550883051511,-0.04677949865133631,0.04262015340695724,-0.041115619214435295,-0.1197582757119422,-0.20400738716125488,-0.28249508142471313,0.16558982431888583,0.5275966306843369,0.885135910098339,26.094153095632816,-0.027114712665750745,0.2668579850102428,0.00016791263072081828,0.0008558139998058323,1
2.6123533248901367,-0.012345265597105026,-0.037090979516506195,0.3972400724887848,-0.03379026086357552,-0.042185164051295694,-0.052313279842940305,0.037375800063156106,-0.04602646385946585,-0.1166661555778461,-0.2684725224971771,-0.19859023392200467,0.1823568791151047,0.5679835003752873,0.8848453754871574,26.106429070788348,-0.0039348739530761755,0.25163574442571973,-0.00090042180307696,0.0031303929990826873,1
2.6221532821655273,-0.012345265597105026,-0.037090979516506195,0.3972400724887848,-0.03379026086357552,-0.042185164051295694,-0.052313279842940305,0.037375800063156106,-0.04602646385946585,-0.1166661555778461,-0.2684725224971771,-0.19859023392200467,0.1823568791151047,0.5850417821803146,0.8752092486289987,26.113054666152447,0.02071504877354131,0.23901864765537656,-0.002186472962384185,0.0008401689992751926,1
2.632307767868042,-0.013776282779872417,-0.038562361150979996,0.39612680673599243,-0.04447558163861005,-0.0551525089854911,-0.06068363806423701,0.0316445203345852,-0.04916078957875136,-0.11309080699705554,-0.29147031903266907,-0.1047428026795387,0.17686843872070312,0.61934506098493,0.8897569362458653,26.125665052592993,0.030935981079610736,0.230662405543539,-0.0017180224920924697,0.0025561260008544195,1
2.642171859741211,-0.013776282779872417,-0.038562361150979996,0.39612680673599243,-0.04447558163861005,-0.0551525089854911,-0.06068363806423701,0.0316445203345852,-0.04916078957875136,-0.11309080699705554,-0.29147031903266907,-0.1047428026795387,0.17686843872070312,0.6483834785463974,0.9023828358873551,26.14138554951232,0.04816408718253325,0.2015527983070837,-0.002001691444844543,0.0008369560000573983,1
2.6523735523223877,-0.014337534084916115,-0.039105311036109924,0.3956918716430664,-0.05533074225716225,-0.045913166570388776,-0.06551539934375314,0.027439322008137257,-0.04995404431197059,-0.11051705517743748,-0.2771925628185272,-0.05539063736796377,0.1852065622806549,0.696514866616001,0.8846441672834425,26.157958468157698,0.05463162895630739,0.1797268967963173,-0.0031527659634827954,0.0025059769996005343,1
2.662140130996704,-0.014904933050274849,-0.03960076719522476,0.39523300528526306,-0.04812916375261174,-0.04736958782361428,-0.06370303052616523,0.024211955026926635,-0.050548285672673554,-0.10867937906898728,-0.30186915397644043,-0.017127886414527872,0.1733401119709015,0.7091319614062028,0.865910917190704,26.15778767682278,0.07624438093443162,0.16097431658705078,-0.002299411756333552,0.0008599349985161098,1
2.672361373901367,-0.015452709048986435,-0.04013097286224365,0.39475831389427185,-0.050573837150761865,-0.05269734134962772,-0.06709499685426948,0.021240219912610048,-0.04995862821634933,-0.10706070896026532,-0.29306304454803467,0.04997555539011957,0.17769381403923035,0.7168002503234616,0.8546458076887968,26.15773102058376,0.07654569689015965,0.1606274492768741,-0.0021309701522282923,0.004053607999594533,1
2.682379722595215,-0.016064545139670372,-0.040682997554540634,0.39425772428512573,-0.06047606842918081,-0.047111313627549084,-0.0688436106657485,0.016978795789737156,-0.048913001828757796,-0.10414697006304774,-0.2772481441497803,0.09137338399887088,0.18493597209453583,0.7225640061042142,0.8559444201652796,26.168436018199007,0.08035531171630404,0.1255491684509093,-0.002539335877791938,0.0013749739991908427,1
2.692174196243286,-0.016064545139670372,-0.040682997554540634,0.39425772428512573,-0.06047606842918081,-0.047111313627549084,-0.0688436106657485,0.016978795789737156,-0.048913001828757796,-0.10414697006304774,-0.2772481441497803,0.09137338399887088,0.18493597209453583,0.7477471112308006,0.8379122769383827,26.176560040210376,0.08558903325253697,0.10216656962746244,-0.0036582195283509835,0.0009383010001329239,1
2.7023487091064453,-0.017302256077528,-0.04174138233065605,0.3932158052921295,-0.05773726116303733,-0.05154659928015574,-0.0687523709856206,0.011363391914958942,-0.04584733108618666,-0.1006796635337519,-0.2614448368549347,0.15900887548923495,0.17285235226154325,0.7629973212126886,0.8269930117028045,26.17771512338098,0.08563100060686593,0.10166716359765075,-0.003938091518048605,0.0029950339994684327,1
2.712062120437622,-0.017302256077528,-0.04174138233065605,0.3932158052921295,-0.05773726116303733,-0.05154659928015574,-0.0687523709856206,0.011363391914958942,-0.04584733108618666,-0.1006796635337519,-0.2614448368549347,0.15900887548923495,0.17285235226154325,0.756257595502169,0.8195658482321202,26.182179251490364,0.09366698051353038,0.05853010304275056,-0.0028523718095755995,0.0008231259998865426,1
2.7223148345947266,-0.018614986911416054,-0.04274959862232208,0.3920993208885193,-0.055113397556154124,-0.04437887286797727,-0.06924870614325192,0.006059577540562522,-0.04171185993793891,-0.09717341767495302,-0.2431754767894745,0.23517414927482608,0.17456135153770444,0.7549730919860117,0.7898488223526984,26.190979058144432,0.10315815183042483,0.03541997853107894,-0.002766728222366028,0.0029149909987609135,1
2.7321887016296387,-0.018614986911416054,-0.04274959862232208,0.3920993208885193,-0.055113397556154124,-0.04437887286797727,-0.06924870614325192,0.006059577540562522,-0.04171185993793891,-0.09717341767495302,-0.2431754767894745,0.23517414927482608,0.17456135153770444,0.7352230067246699,0.7706004456198475,26.190367882933455,0.10100866128661296,0.007188206967318485,-0.0030592998609455173,0.0007833840008970583,1
2.7422945499420166,-0.021907132118940353,-0.04498853534460068,0.3891357183456421,-0.04988612986823989,-0.0352344547386169,-0.0652633980778805,-0.003417611858309577,-0.028766598763925177,-0.0891144574364855,-0.16266308724880219,0.32154640555381775,0.16812330484390256,0.7273254852896438,0.7360103241607764,26.201218413801445,0.10284037982524352,-0.02105883361761048,-0.0031456324479130857,0.0020729370007757097,1
2.778277635574341,-0.021907132118940353,-0.04498853534460068,0.3891357183456421,-0.04988612986823989,-0.0352344547386169,-0.0652633980778805,-0.003417611858309577,-0.028766598763925177,-0.0891144574364855,-0.16266308724880219,0.32154640555381775,0.16812330484390256,0.6779777923369827,0.7045710030505056,26.193895828629035,0.08925736673873803,-0.07479289730318453,-0.003254266735572499,0.0009357859998999629,1
2.7886505126953125,-0.023196768015623093,-0.04573686048388481,0.3879990577697754,-0.0512315518989983,-0.027054300609588265,-0.06083438171138451,-0.005912341038515567,-0.02151996714802662,-0.08572151760234092,-0.09065686166286469,0.36481383442878723,0.17254662513732905,0.6563616993374809,0.6752477986539934,26.19683412162138,0.08062501748915438,-0.10111301157685766,-0.0038499083736356224,0.003139612999802921,1
2.79862380027771,-0.023196768015623093,-0.04573686048388481,0.3879990577697754,-0.0512315518989983,-0.027054300609588265,-0.06083438171138451,-0.005912341038515567,-0.02151996714802662,-0.08572151760234092,-0.09065686166286469,0.36481383442878723,0.17254662513732905,0.6202921114026893,0.6515406358709537,26.186239347219615,0.06095840746170837,-0.11831529166271457,-0.0042645662612553325,0.0007974929994816193,1
2.8086400032043457,-0.024434924125671387,-0.04637579247355461,0.38699206709861755,-0.050437010870269604,-0.023114433358873164,-0.04938094692313756,-0.007505409996861001,-0.012654249546413698,-0.08145758340501841,-0.03676772117614746,0.35691821575164795,0.17688576877117151,0.5897170462598498,0.6315427225170743,26.174604233278806,0.05946665902827319,-0.13224686769454824,-0.004447945230163958,0.0023955520009621978,1
2.8186304569244385,-0.024434924125671387,-0.04637579247355461,0.38699206709861755,-0.050437010870269604,-0.023114433358873164,-0.04938094692313756,-0.007505409996861001,-0.012654249546413698,-0.08145758340501841,-0.03676772117614746,0.35691821575164795,0.17688576877117151,0.5588676806301671,0.6190424369319928,26.157131592074457,0.03846284514719932,-0.14030200775536447,-0.005510331288386795,0.0007978419998835307,1
2.828650712966919,-0.02503844164311886,-0.04661101475358009,0.38655856251716614,-0.04517021405146066,-0.013409699165647196,-0.04493920506455967,-0.007751634246644823,-0.009272697479744796,-0.07986355986930826,-0.020827433094382286,0.3448025584220886,0.1702957302331924,0.524014309784119,0.5901317824330577,26.144603341282913,0.03171520555685906,-0.1444416020888336,-0.005346046567458591,0.002406797000730876,1
2.8386809825897217,-0.025568051263689995,-0.046877846121788025,0.38619014620780945,-0.04094300421544901,-0.024702152192138244,-0.03619221970505598,-0.007685434759503451,-0.00575171025773491,-0.0781802844206605,0.011120403185486794,0.32438424229621887,0.16392816603183744,0.4854183266988299,0.6023581259256044,26.12126805186408,0.01420923713549612,-0.14476015309987714,-0.004863260187138927,0.0009876109998003813,1
2.8486266136169434,-0.02612009271979332,-0.047090183943510056,0.38587504625320435,-0.044265698676668276,-0.006729085115320773,-0.032833561308433,-0.007310492590948847,-0.0026032091682730574,-0.07633964750011613,0.05787833034992218,0.33135515451431274,0.17141905426979062,0.46642701949726817,0.5750971671556266,26.110080130576556,-0.008689841907279474,-0.1567050011917887,-0.005901012178124951,0.0008640550004201941,1
2.858694314956665,-0.027121957391500473,-0.04746811091899872,0.38550105690956116,-0.042401928456580085,-0.0021705523965501,-0.014393943360711096,-0.006834746925178159,0.000508066103031446,-0.07494956258692476,0.05093158408999443,0.28991028666496277,0.16032946109771726,0.4488082750518757,0.5502786951920007,26.06028622990299,-0.006297238176757362,-0.14080942990350673,-0.0050503910869956654,0.0024499609990016324,1
2.8684253692626953,-0.02758377604186535,-0.047557249665260315,0.3854367136955261,-0.025344060744851845,-0.009279780987454214,0.0003002346523035679,-0.005684745517492651,0.004379727518000198,-0.07232054119588938,0.09406059235334396,0.2511524260044098,0.15568335354328153,0.44077272428019415,0.5362298726902781,26.053976125648422,-0.007051033246777762,-0.1447284994242477,-0.005018867447150378,0.0010742199992819224,1
2.878783702850342,-0.027967624366283417,-0.04770209640264511,0.38548964262008667,-0.030001239855261652,-0.0028768338887661194,0.0072627109608029575,-0.004319741857794046,0.007312911719993043,-0.07096622967949928,0.11449012905359268,0.257050096988678,0.16188970208168027,0.39802982704758216,0.5401076069296721,25.996409458036347,-0.044353545194321345,-0.1447386387156985,-0.005648349815497959,0.001148605000707903,1
2.8884437084198,-0.027967624366283417,-0.04770209640264511,0.38548964262008667,-0.030001239855261652,-0.0028768338887661194,0.0072627109608029575,-0.004319741857794046,0.007312911719993043,-0.07096622967949928,0.11449012905359268,0.257050096988678,0.16188970208168027,0.37345367033311394,0.542568344064845,25.987667454694463,-0.04686781746100306,-0.14868441469578086,-0.006003776519555419,0.000840726999740582,1
2.898634672164917,-0.02862776815891266,-0.0478314645588398,0.3858379125595093,-0.020677013300039983,-0.0010083903284224965,0.025820320491435483,-0.0020391632513234725,0.011081077606424738,-0.06763452922427726,0.14027926325798035,0.15803420543670657,0.15760338306427,0.33471098697811424,0.5396224459861814,25.96006888403831,-0.038829637154698296,-0.1251737279445027,-0.006105013708245055,0.002835717001289595,1
2.908649206161499,-0.02862776815891266,-0.0478314645588398,0.3858379125595093,-0.020677013300039983,-0.0010083903284224965,0.025820320491435483,-0.0020391632513234725,0.011081077606424738,-0.06763452922427726,0.14027926325798035,0.15803420543670657,0.15760338306427,0.3194112724761801,0.5444018881462785,25.931956722554062,-0.0662521982956932,-0.11010863122541703,-0.006183497029142806,0.0007881330002419418,1
2.9186930656433105,-0.029125776141881943,-0.047858163714408875,0.3864925801753998,-0.010479035761573555,0.001097526538867879,0.04084782675474612,0.0017185876273213552,0.014429868144226976,-0.06363333244956193,0.14601092040538788,0.10967239737510683,0.15435698628425598,0.29253824816717067,0.5306504037208701,25.906028491078633,-0.07252444800836001,-0.0964223988123615,-0.007250944742516819,0.003195769000740256,1
2.928643226623535,-0.029125776141881943,-0.047858163714408875,0.3864925801753998,-0.010479035761573555,0.001097526538867879,0.04084782675474612,0.0017185876273213552,0.014429868144226976,-0.06363333244956193,0.14601092040538788,0.10967239737510683,0.15435698628425598,0.27290720704100946,0.5402509966844592,25.881854054040254,-0.08050520563309818,-0.09562217266116405,-0.006816260759022388,0.0008116709996102145,1
2.9386510848999023,-0.029329031705856323,-0.047841060906648636,0.386894166469574,-0.0038316988772816515,0.01151625533034807,0.04383690283664398,0.0032159344697255676,0.014638108291887608,-0.06197687098217042,0.15972767770290375,0.05582835897803309,0.16282182931900024,0.25304989065246214,0.5248631570590447,25.868708432452053,-0.09074265832793312,-0.06977891254994939,-0.007904799723894192,0.0026188470001216047,1
2.948640823364258,-0.029440095648169518,-0.04782414436340332,0.3873484134674072,-0.001220287251040377,0.0015649975882705918,0.04826934263203039,0.004669914153126342,0.015252595138447678,-0.06052524374876844,0.14315927028656006,0.015231480821967142,0.14234204590320587,0.23717703919040317,0.5390041607898399,25.853329806376856,-0.08792586740333833,-0.05100294954113649,-0.0062034350802381245,0.0008122309991449583,1
2.958641290664673,-0.029572784900665283,-0.04780401661992073,0.3878173530101776,0.000652432950334475,0.012424681272897115,0.04929136113282463,0.006344241471747392,0.01475807905160531,-0.05887866172754341,0.16572928428649902,-0.030805742368102053,0.15980003774166107,0.2306087937608306,0.5269885237854339,25.846475581529315,-0.10285907328741115,-0.026311227378369814,-0.008004395900603967,0.0024418590001005214,1
2.9686405658721924,-0.029664289206266403,-0.04768480733036995,0.388790100812912,0.009680063677172238,0.009512815449151682,0.050449140357620215,0.007927575415231036,0.014414490442606454,-0.05752231950953535,0.14342942833900452,-0.06600887328386305,0.14596758782863617,0.22655618802695404,0.5196901724103825,25.845468847315463,-0.10315368176163138,-0.02588612668711616,-0.008432578076416853,0.0011317720000079134,1
2.978623151779175,-0.029646724462509155,-0.04762013629078865,0.3892763555049896,0.011791339133975247,0.011435166011201718,0.05095019191540451,0.009950652726693932,0.012918232866722335,-0.055326702797676486,0.14312249422073364,-0.10615005344152449,0.14444653689861298,0.20748528315843012,0.5210929064137716,25.838622104996784,-0.09691035885268494,-0.00812800552826981,-0.007248677214948036,0.002912407000621897,1
2.988612174987793,-0.029631992802023888,-0.04753301665186882,0.38974428176879883,0.01333781985461434,0.012580730932445747,0.04881060868484947,0.011764187824409245,0.011447648308510416,-0.053816890166339615,0.16637854278087616,-0.1581732779741287,0.14675743877887729,0.20163397541258885,0.5229419213364103,25.83942680981162,-0.11636638292446866,0.044374699915477614,-0.007574447101650884,0.002511075999791501,1
2.998448610305786,-0.029631992802023888,-0.04753301665186882,0.38974428176879883,0.01333781985461434,0.012580730932445747,0.04881060868484947,0.011764187824409245,0.011447648308510416,-0.053816890166339615,0.16637854278087616,-0.1581732779741287,0.14675743877887729,0.19780572585939832,0.5235023275775434,25.838184827979315,-0.11924855468617303,0.04731901591665766,-0.007851178607057106,0.0008130679998430423,1
3.008615493774414,-0.02946525625884533,-0.04737076163291931,0.3906550407409668,0.018997818284104476,0.013596021474764531,0.044094331566993564,0.015165552113943548,0.006447057380569721,-0.05042701037563502,0.1470949649810791,-0.2250442802906036,0.1321171969175339,0.18764926267168006,0.5224538290752855,25.836951236964694,-0.1066781455506683,0.0606215280458843,-0.0069050897788533235,0.002476222998666344,1
3.018641233444214,-0.02946525625884533,-0.04737076163291931,0.3906550407409668,0.018997818284104476,0.013596021474764531,0.044094331566993564,0.015165552113943548,0.006447057380569721,-0.05042701037563502,0.1470949649810791,-0.2250442802906036,0.1321171969175339,0.19086795386401398,0.5245084579701464,25.84666932965856,-0.11912908441961435,0.09475941509086602,-0.006734099433821555,0.0008289239995065145,1
3.028730630874634,-0.029094750061631203,-0.04727949947118759,0.39150992035865784,0.02089662486955572,0.016672493685982493,0.03880766782226076,0.017875833637150507,0.0017065838702854386,-0.0478398811918348,0.12643814086914062,-0.2789596617221832,0.13780184090137484,0.17727271242069037,0.5470743991889001,25.841489537930606,-0.12170445461531723,0.10892985152008572,-0.006067462461461286,0.003268547001425759,1
3.03840970993042,-0.029094750061631203,-0.04727949947118759,0.39150992035865784,0.02089662486955572,0.016672493685982493,0.03880766782226076,0.017875833637150507,0.0017065838702854386,-0.0478398811918348,0.12643814086914062,-0.2789596617221832,0.13780184090137484,0.1927449265889537,0.5355660738831981,25.858062932084323,-0.11658194653308837,0.13589284260899093,-0.007636091202115322,0.0007977720015333034,1
3.0486433506011963,-0.028659645467996597,-0.04718732461333275,0.3922426700592041,0.01898655668680638,0.012207520161393148,0.03425031528536401,0.020571392513735187,-0.0037572779977992354,-0.045354212029193874,0.1193901002407074,-0.25560081005096436,0.13005979359149936,0.18374750806120557,0.5550806082116083,25.85509096723031,-0.12529579050703205,0.14900522185474577,-0.006842783688001565,0.00240400300026522,1
3.0583603382110596,-0.028659645467996597,-0.04718732461333275,0.3922426700592041,0.01898655668680638,0.012207520161393148,0.03425031528536401,0.020571392513735187,-0.0037572779977992354,-0.045354212029193874,0.1193901002407074,-0.25560081005096436,0.13005979359149936,0.2078227153359538,0.5555215343453105,25.869276603377998,-0.12127595332852109,0.14068615641439366,-0.00743437536142694,0.0008205419999285368,1
3.068740129470825,-0.02816598303616047,-0.04709741845726967,0.3928677439689636,0.029664915052662482,0.003796477532325401,0.032697368418486285,0.021714098717074748,-0.007216610220903696,-0.044264178194168835,0.1277967393398285,-0.2706299424171448,0.13393719494342807,0.20490222333911418,0.5770951279603058,25.87494265877567,-0.12778683743417946,0.15208231651681173,-0.008049896558210931,0.0025999890003731707,1
3.078396797180176,-0.027895744889974594,-0.04705609753727913,0.39311033487319946,0.032506763937951474,0.01052271382928268,0.025423703732129155,0.02361121748063999,-0.011163057894161277,-0.042275154044048247,0.12478122115135193,-0.2687108814716339,0.13454255461692813,0.20148290179937794,0.5895465862917859,25.873933911573772,-0.12941947464173295,0.15703345678241135,-0.008305079841044102,0.0010756870015029563,1
3.0887346267700195,-0.027554349973797798,-0.047099947929382324,0.39333754777908325,0.03216289727490916,-0.004946811167493045,0.025772240020177667,0.02451145439123037,-0.014346567558615408,-0.04122773722736861,0.09373871237039566,-0.2682769000530243,0.1279404014348984,0.20124015921465116,0.5861735827758943,25.892140418176744,-0.13268545805424722,0.1672417393584305,-0.008785091260331406,0.0029091240012348862,1
3.09847092628479,-0.027288390323519707,-0.047132499516010284,0.3935154676437378,0.025119630620500388,0.009775368474648993,0.017941370616525613,0.02581040271013979,-0.016841787852547974,-0.0397775179316775,0.11088979244232178,-0.2967510223388672,0.14046826958656314,0.23197218864568273,0.5918628738696616,25.91351382993516,-0.13046000268248895,0.1949550862656028,-0.009845443688604818,0.0009556229997542687,1
3.1085846424102783,-0.02697739563882351,-0.04716724157333374,0.39365649223327637,0.03343137353852608,-0.0045044128725837,0.01860304176630324,0.026447353449170485,-0.020237656859486197,-0.038768577841621354,0.0834772065281868,-0.2747422754764557,0.11552958935499194,0.24948637641634822,0.5950833082663536,25.916101558696813,-0.13223326244281094,0.19879845620697073,-0.010265757610243531,0.002640988001076039,1
3.1184468269348145,-0.02697739563882351,-0.04716724157333374,0.39365649223327637,0.03343137353852608,-0.0045044128725837,0.01860304176630324,0.026447353449170485,-0.020237656859486197,-0.038768577841621354,0.0834772065281868,-0.2747422754764557,0.11552958935499194,0.24359553850936497,0.6279964258403724,25.91410633386518,-0.12183758485804158,0.19665300813023728,-0.007826369021615459,0.0009376720008731354,1
3.1285760402679443,-0.02635934017598629,-0.04728717729449272,0.39384257793426514,0.035847917193609136,-0.003183036827798419,0.013020952241449611,0.028264906239016785,-0.026335964347839358,-0.035971326693428285,0.06086351349949837,-0.21518211066722867,0.11612659692764285,0.2656726741460913,0.6309307350505224,25.933036272301056,-0.12313744414639889,0.18784578268600202,-0.010199692880771286,0.0024613460009277333,1
3.138568878173828,-0.02635934017598629,-0.04728717729449272,0.39384257793426514,0.035847917193609136,-0.003183036827798419,0.013020952241449611,0.028264906239016785,-0.026335964347839358,-0.035971326693428285,0.06086351349949837,-0.21518211066722867,0.11612659692764285,0.2551517767848527,0.6501562235387841,25.93063649341982,-0.11543559375758133,0.18398186986649387,-0.008344482312308544,0.0008996759988804115,1
3.1486263275146484,-0.026023654267191887,-0.04742280766367912,0.3938865661621094,0.026082998087482805,-0.0060867612792479845,0.005138306026387059,0.028587584338432226,-0.02819861551458347,-0.03457160063203313,0.0405680350959301,-0.20466683804988858,0.1239271014928818,0.2752641951713831,0.6708990197636345,25.950583878882995,-0.1064197537621365,0.1850152276539101,-0.00903880764788885,0.0020516340009635314,1
3.158644437789917,-0.025715425610542297,-0.047527384012937546,0.3938795328140259,0.032471194861530495,-0.004183548510101747,0.003577660774737861,0.02891570929784626,-0.03067846587397227,-0.03349136902930816,0.04470756649971008,-0.20415319502353665,0.1192329674959183,0.2777339249940533,0.6804586451991387,25.957821236091267,-0.10899787763431583,0.19123670458866326,-0.008881714500424529,0.0008162809990608366,1
3.1688506603240967,-0.02510415017604828,-0.04785740375518799,0.39377617835998535,0.026467246925017295,-0.006346162457753546,-0.0021172409928085553,0.02913982539840143,-0.03207818251618244,-0.032318383233121306,0.005723624490201473,-0.194204106926918,0.11567205935716632,0.29622004676535724,0.6910425890869333,25.973741734668604,-0.09029518391309742,0.18904318430393463,-0.008574840676257554,0.0025290960002166685,1
3.178680658340454,-0.0247762743383646,-0.048055872321128845,0.3936842679977417,0.029219249220732168,-0.014424958364548528,-0.0030896134364173555,0.029099876099080824,-0.03541147456622218,-0.030188671197170613,0.000420801283326,-0.13486312329769135,0.11260013282299043,0.30209622995979696,0.7165699142852914,25.978870535148396,-0.08833139892700276,0.16595382361697508,-0.008392987594527244,0.0008256399996753316,1
3.188692092895508,-0.024496551603078842,-0.04827322065830231,0.39355796575546265,0.02078117429633697,-0.011342793750764683,-0.008471853979020682,0.029099876099080824,-0.03541147456622218,-0.030188671197170613,0.000420801283326,-0.13486312329769135,0.11260013282299043,0.32552349186806756,0.7278701778190654,25.993898341154054,-0.08787396952856906,0.17095962247624674,-0.008607775057030122,0.0024395540003752103,1
3.1983840465545654,-0.024219652637839317,-0.04850291460752487,0.3933936357498169,0.02733782864388654,-0.01586442815453656,-0.00735212441193759,0.028422901002779444,-0.03703284977987442,-0.028419747135634665,-0.04641380533576012,-0.09652555733919142,0.1085406467318535,0.33902238993947165,0.7351855891065919,25.996440191558168,-0.08784683601979038,0.17096993877863118,-0.00865292187939768,0.0010664669989637332,1
3.2085824012756348,-0.023927967995405197,-0.04877723008394241,0.39321720600128174,0.021380657327144344,-0.01789658890261998,-0.010981040994562239,0.028058791508827507,-0.037432955819279634,-0.027481719181672304,-0.043679483234882355,-0.047840978950262056,0.11474713683128357,0.33123422969119876,0.7446368576082417,25.994588581277068,-0.06308749864230272,0.15577463261596342,-0.00854011028842918,0.003021225998963928,1
3.2185544967651367,-0.023927967995405197,-0.04877723008394241,0.39321720600128174,0.021380657327144344,-0.01789658890261998,-0.010981040994562239,0.028058791508827507,-0.037432955819279634,-0.027481719181672304,-0.043679483234882355,-0.047840978950262056,0.11474713683128357,0.3373287238027845,0.7569604451006187,26.004226859996795,-0.06313027129223821,0.13299494042671292,-0.00929939031535058,0.0008000769994396251,1
3.22864031791687,-0.02343657612800598,-0.049347322434186935,0.3927951753139496,0.023140450937989,-0.020029667796416406,-0.012661566909816761,0.026335608101969665,-0.03794180879725806,-0.024785207627091577,-0.078586645424366,0.01582247950136663,0.10758071392774582,0.34641464049218745,0.7636017771258955,26.00780566605111,-0.053951691855592974,0.13121521944000986,-0.009389000144224125,0.0025771489999897312,1
3.238647699356079,-0.02343657612800598,-0.049347322434186935,0.3927951753139496,0.023140450937989,-0.020029667796416406,-0.012661566909816761,0.026335608101969665,-0.03794180879725806,-0.024785207627091577,-0.078586645424366,0.01582247950136663,0.10758071392774582,0.3374837711533708,0.7689972667876914,26.01216798394879,-0.04086617834282444,0.10198584986948706,-0.009168301758476584,0.0008190749995264923,1
3.248645305633545,-0.02299768291413784,-0.050006501376628876,0.3923250734806061,0.01533074678138206,-0.01650005206406143,-0.014650586981023202,0.02447094631774993,-0.037042263524615926,-0.022565138161628973,-0.10919084399938583,0.061001949012279524,0.10178245604038237,0.34004264920658844,0.7834417087088695,26.01115889433717,-0.03912385895652993,0.08812569483704522,-0.009816584013641159,0.00282517000050575,1
3.2583653926849365,-0.02299768291413784,-0.050006501376628876,0.3923250734806061,0.01533074678138206,-0.01650005206406143,-0.014650586981023202,0.02447094631774993,-0.037042263524615926,-0.022565138161628973,-0.10919084399938583,0.061001949012279524,0.10178245604038237,0.34540259502867315,0.7695191731599148,26.019537414820363,-0.019710713935271625,0.07682332982200551,-0.009059111714785125,0.0008074109991866862,1
3.2686445713043213,-0.02276492677628994,-0.05035816878080368,0.39208704233169556,0.021312205092823628,-0.03183554114875753,-0.010626524683731986,0.023407387169473104,-0.03598760524202893,-0.021587611723454803,-0.09755221754312515,0.08321967720985414,0.09841338545083998,0.3276293894341512,0.7951046674763663,26.01101365846939,-0.023620872223026158,0.06183403272253768,-0.008613997676203885,0.0021779840008093743,1
3.2783608436584473,-0.02258780598640442,-0.050752125680446625,0.3918443024158478,0.009086231714175576,-0.021409228425209793,-0.015072108265086627,0.022436081204461278,-0.034863530374703355,-0.020372796261362236,-0.11637389659881592,0.1395675241947174,0.10076592862606047,0.33916155655165137,0.7858644338295508,26.02221377853953,-0.010487646402839525,0.03146765576403836,-0.008976909171939733,0.0008481300010316772,1
3.2887415885925293,-0.022244123741984367,-0.051506757736206055,0.39136505126953125,0.007766231874117538,-0.02799826672966586,-0.011256094133690926,0.020866290092119044,-0.033890930328105195,-0.019551404529785987,-0.137965589761734,0.11076083034276964,0.10011333227157591,0.3472670498414552,0.7902536619369681,26.014228076232882,0.0021001430760163795,0.043886296095871254,-0.009131002377566267,0.003155677999529871,1
3.298543691635132,-0.022130390629172325,-0.05186339467763901,0.3911267817020416,0.014384970985852508,-0.02590327710622172,-0.00792409107362556,0.01918954653122551,-0.03149740198932793,-0.017784158476068068,-0.11283046752214432,0.16614070534706116,0.08615905046463011,0.3516140888657977,0.7950107571282288,26.01443125081466,0.004464788036524666,0.04273057416147196,-0.009234325221803954,0.0011491639997984748,1
3.3086206912994385,-0.021970903500914574,-0.05228656157851219,0.3909285068511963,0.011430001804654132,-0.03233406320513612,-0.005786618691819676,0.017891700431473367,-0.029845996126609098,-0.016986116876811508,-0.1327800452709198,0.16777892410755157,0.10337623953819274,0.3293117946340754,0.8021246702682688,26.00140505311624,0.008283703547703658,0.0044743023253822,-0.009848723807527153,0.0019426050002948614,1
3.3185622692108154,-0.021970903500914574,-0.05228656157851219,0.3909285068511963,0.011430001804654132,-0.03233406320513612,-0.005786618691819676,0.017891700431473367,-0.029845996126609098,-0.016986116876811508,-0.1327800452709198,0.16777892410755157,0.10337623953819274,0.3158645836177308,0.8076570800265561,26.000063423966836,0.010184056953276002,0.0015907031932250984,-0.010114095493946137,0.0007953280000947416,1
3.32869291305542,-0.021725935861468315,-0.05309409648180008,0.3905792534351349,0.012810993954239878,-0.03316138311657508,0.0008721613606767105,0.01482640864166962,-0.025380066994538097,-0.014599175446511126,-0.1228969618678093,0.1981009542942047,0.10090979188680646,0.3035034194368187,0.7955109693509194,25.994984029771054,0.011173690653319877,-0.005074573249244789,-0.008436483795300537,0.002862746998289367,1
3.3386282920837402,-0.021725935861468315,-0.05309409648180008,0.3905792534351349,0.012810993954239878,-0.03316138311657508,0.0008721613606767105,0.01482640864166962,-0.025380066994538097,-0.014599175446511126,-0.1228969618678093,0.1981009542942047,0.10090979188680646,0.2821248334700044,0.8015841825884613,25.98325870096391,0.013988373039188163,-0.026674022164927758,-0.009886341478571911,0.0008063630011747591,1
3.348662853240967,-0.02151739038527012,-0.05389690771698952,0.39034801721572876,0.014074860071126695,-0.030072836239528066,0.008316154582963564,0.012445301423297472,-0.02174436931844559,-0.012715279392936818,-0.10778303444385529,0.19074037671089172,0.08759179711341855,0.27543283223979675,0.7894012705208167,25.979432014353282,0.018837301313311416,-0.021013271550917968,-0.009502100555824285,0.0027574199993978254,1
3.3586180210113525,-0.02151739038527012,-0.05389690771698952,0.39034801721572876,0.014074860071126695,-0.030072836239528066,0.008316154582963564,0.012445301423297472,-0.02174436931844559,-0.012715279392936818,-0.10778303444385529,0.19074037671089172,0.08759179711341855,0.2528210050523875,0.7890875306023253,25.962558667107803,0.0136358917188343,-0.033833269166943424,-0.009011922879071788,0.0028735020005115075,1
3.368375539779663,-0.021407626569271088,-0.05431809648871422,0.3902873992919922,0.00940004632731684,-0.029708255123450735,0.010086052091478134,0.011209931267224693,-0.019828619123509306,-0.01170950792128389,-0.11984634399414062,0.16987831890583038,0.09050528705120085,0.2469887750162164,0.7859672799269706,25.955773936427434,0.02309030433090905,-0.028658394906527117,-0.009449025110848334,0.000834720000057132,1
3.378685474395752,-0.02131875604391098,-0.054701972752809525,0.3902472257614136,0.012047404390004204,-0.027897629902709276,0.013692087490061148,0.010127793818716757,-0.01846859540152579,-0.010931399414746412,-0.09348571300506592,0.15040519833564758,0.08050377666950224,0.23522897557038586,0.7809508805186809,25.945562614831317,0.013399724634108675,-0.023016502663161333,-0.00857540882873815,0.002553123000325286,1
3.3884425163269043,-0.02122500166296959,-0.055096305906772614,0.3902369737625122,0.010707269398030166,-0.029732786129933016,0.015532922926520877,0.009378062483997418,-0.01674745893019569,-0.010190996519074513,-0.08630334585905075,0.15129771828651428,0.07406464219093321,0.22681858459080934,0.7825808131700076,25.93932065285266,0.011593925973552093,-0.028168955369044204,-0.007808761285317587,0.0008716689990251325,1
3.398608922958374,-0.021084986627101898,-0.05586569011211395,0.390264630317688,0.009138968739939036,-0.027177792057093707,0.019859105343337582,0.008322846442332388,-0.015437101192070646,-0.009280880008797343,-0.10022695362567902,0.14300264418125153,0.08525554835796355,0.2225523109163018,0.7751861108094694,25.927194951408538,0.020246952988625576,-0.025897979670910155,-0.008920044099769582,0.0009836999997787643,1
3.408813714981079,-0.021027280017733574,-0.05624082311987877,0.3902945816516876,0.009195778525379082,-0.027416449037327536,0.020738624037305236,0.0072526617452406406,-0.013463677816075936,-0.008212340570329602,-0.05395093932747841,0.11373803019523622,0.06700314581394194,0.21768229606491207,0.7752657320563711,25.92302275499579,0.0004200956200767353,-0.016019689232911118,-0.007340644881604245,0.0010046540010080207,1
3.418656826019287,-0.020955385640263557,-0.05659950152039528,0.390340119600296,0.013377999842519481,-0.025865478464064874,0.021665379404407544,0.006636009964475331,-0.012508457882439927,-0.007565680882447801,-0.06374584883451462,0.10582770407199861,0.06512898951768874,0.20369181543133047,0.7710186684240374,25.920017954711994,0.00746502318853911,-0.01643459653245173,-0.006960410753129493,0.0008743919988773996,1
3.428431510925293,-0.020955385640263557,-0.05659950152039528,0.390340119600296,0.013377999842519481,-0.025865478464064874,0.021665379404407544,0.006636009964475331,-0.012508457882439927,-0.007565680882447801,-0.06374584883451462,0.10582770407199861,0.06512898951768874,0.19517801963808662,0.7693897202094145,25.919437283595713,0.008412083827772473,-0.017722944315445716,-0.006947623029848329,0.0017701579999993555,1
3.4386463165283203,-0.020955385640263557,-0.05659950152039528,0.390340119600296,0.013377999842519481,-0.025865478464064874,0.021665379404407544,0.006636009964475331,-0.012508457882439927,-0.007565680882447801,-0.06374584883451462,0.10582770407199861,0.06512898951768874,0.19003599869096616,0.7684106905000938,25.91935246289393,0.008423966594200525,-0.017724060376788617,-0.0069458614259395556,0.0016263460001937347,1
3.4484703540802,-0.020850328728556633,-0.057263754308223724,0.3904290199279785,0.01012856042803246,-0.021816326328485035,0.021641096098765255,0.005370153335864991,-0.010641315753292524,-0.006024161641584591,-0.04017800837755203,0.053791619837284095,0.04990530759096145,0.1947939159818865,0.7605714682257507,25.919191084298873,0.0007270544304577011,0.00319421301636158,-0.005594362583026119,0.0008334630001627374,1
3.4584431648254395,-0.020699558779597282,-0.05789768323302269,0.3905087411403656,0.01362915149552977,-0.022867629311029487,0.021277051420033073,0.004788182150509801,-0.010038332724468635,-0.004882801436345563,-0.016839543357491493,0.026832964271307,0.05081704631447792,0.19177720546791185,0.7632005835679012,25.920901751115128,0.0013281007508376154,0.012024422859524294,-0.006208351799353712,0.001931221000631922,1
3.4686598777770996,-0.020699558779597282,-0.05789768323302269,0.3905087411403656,0.01362915149552977,-0.022867629311029487,0.021277051420033073,0.004788182150509801,-0.010038332724468635,-0.004882801436345563,-0.016839543357491493,0.026832964271307,0.05081704631447792,0.1884078589978563,0.7630941611044437,25.920128173039334,-0.009413891351668889,0.01509619712015741,-0.00571032536918126,0.001003117999061942,1
3.478635549545288,-0.020619826391339302,-0.05818900465965271,0.390541136264801,0.012861912130392363,-0.02300429717117383,0.019055638462910043,0.00461677977523145,-0.009989967610253725,-0.004427982589396251,-0.018788162618875504,0.0016332974191755108,0.04311848431825638,0.1901046447461653,0.7641026694036769,25.925762190199695,-0.008144169492675745,0.027653818752814606,-0.004863406428855105,0.002497106999726384,1
3.488576889038086,-0.020565804094076157,-0.05846850201487541,0.39055612683296204,0.01111032066677476,-0.020304890359115053,0.01768979989159638,0.004459711301063596,-0.010160329221314157,-0.003969013159613954,-0.00476787518709898,-0.020305957645177834,0.04631098359823227,0.19740131347108367,0.7605577217934434,25.930104116819024,-0.014349844017957716,0.03947055209742917,-0.0050975736520736045,0.0009206300001096679,1
3.498666286468506,-0.02048666961491108,-0.0587199404835701,0.39056196808815,0.014984348752617003,-0.019162816946326804,0.016265785331651097,0.004617933199173585,-0.010436071180966344,-0.0036936315408149234,0.01984023116528988,-0.03805887326598167,0.029827762395143512,0.19476775080877842,0.7592486512421764,25.93441074195779,-0.02700935910572795,0.048928303598846395,-0.0034148258375027818,0.00250758299989684,1
3.50846791267395,-0.020297745242714882,-0.05920235067605972,0.3905346989631653,0.016644339997540815,-0.01566102170108198,0.012982245540679511,0.004669059075995907,-0.010830786317227226,-0.0033365690859650243,0.0006667725392617285,-0.046085339039564126,0.028424456715583808,0.19314725524384618,0.7584208003106556,25.935052639998073,-0.027219841509987405,0.04909721235085885,-0.0030327043062527157,0.0012090910004189936,1
3.518470287322998,-0.0202045738697052,-0.05942857638001442,0.39049553871154785,0.01373258790081474,-0.019010346391837074,0.011173884390755989,0.004904393359161041,-0.011730822460038315,-0.002878120625010805,0.03334181755781174,-0.07402044534683228,0.030784234404563914,0.20085292703417482,0.76200384258527,25.948567966286276,-0.034372178923735,0.06963339868944476,-0.0031431807669666184,0.0028007939999952214,1
3.5284476280212402,-0.020121773704886436,-0.05963616445660591,0.3904488980770111,0.015223722900864713,-0.014114180582049623,0.010611328299106772,0.005307398900889382,-0.012682098201520553,-0.0027033845200281625,0.036594245582818985,-0.07894507795572281,0.013973483815789233,0.20511691431335033,0.7646439441192484,25.950681344321726,-0.034820176531931445,0.07120553202109131,-0.003221754128783165,0.001114938999307924,1
3.538475751876831,-0.02002708800137043,-0.05982157960534096,0.3903854489326477,0.013661930321303445,-0.016577752315608648,0.008070086138695915,0.005561677120624164,-0.013414024922261625,-0.0025876764741430414,0.031001150608062744,-0.08293230831623077,0.020566008985042582,0.20649673788994924,0.7570476777147832,25.952606068514903,-0.037157039526165954,0.07625438506450963,-0.0014650956977240253,0.0025536809989716858,1
3.5484580993652344,-0.02002708800137043,-0.05982157960534096,0.3903854489326477,0.013661930321303445,-0.016577752315608648,0.008070086138695915,0.005561677120624164,-0.013414024922261625,-0.0025876764741430414,0.031001150608062744,-0.08293230831623077,0.020566008985042582,0.2128707833404189,0.7591212308222995,25.959758512915826,-0.03539500942321934,0.08057626450755208,-0.0018011879946966613,0.0008452669990219874,1
3.5583441257476807,-0.019818436354398727,-0.06014901027083397,0.3902432322502136,0.019528208298548417,-0.016033595429076727,0.006984594746241045,0.006919573569001081,-0.016005800307163476,-0.002433225586354837,0.0490320585668087,-0.10664400458335876,0.005902824457734836,0.21737796477256635,0.7557847164602247,25.96126283678246,-0.05106605374638859,0.09347870870661809,-0.0005592778083455775,0.002608650000183843,1
3.568453311920166,-0.019818436354398727,-0.06014901027083397,0.3902432322502136,0.019528208298548417,-0.016033595429076727,0.006984594746241045,0.006919573569001081,-0.016005800307163476,-0.002433225586354837,0.0490320585668087,-0.10664400458335876,0.005902824457734836,0.21300935082563116,0.7630374144783503,25.96426097611275,-0.04846681882488042,0.09954080002761395,-3.531642037205441e-05,0.0008299010005430318,1
3.5786030292510986,-0.01970844157040119,-0.060328297317028046,0.39016324281692505,0.012457394040936562,-0.014327674172919126,0.005803782493019904,0.007530467553389819,-0.017073589135946143,-0.0023652693322140372,0.0679350271821022,-0.11709728091955185,0.0024717648047953987,0.22965485149420828,0.7673487855435077,25.967899751108398,-0.059379453911801106,0.10859690926657539,0.0004290194542965873,0.0025256730004912242,1
3.5884604454040527,-0.01961267553269863,-0.06043343245983124,0.39006996154785156,0.019004214551889158,-0.008254864255588086,0.004650725059858958,0.008259417602983987,-0.01852643241132057,-0.0025742627084772707,0.07786719501018524,-0.11203627288341522,-0.005461251363158212,0.22726560777127186,0.7589728931027853,25.971805043669963,-0.06600389355538093,0.10972787208487214,0.0014419598040486732,0.0008289929992315592,1
3.5986080169677734,-0.019472690299153328,-0.060561809688806534,0.3899776339530945,0.01752838863868969,-0.015031731694746057,0.0038340762447217776,0.008931870106882123,-0.01942015257158758,-0.002577585391762227,0.06521173566579819,-0.11827398836612701,-0.022433131933212266,0.23123590265214558,0.7705742076549899,25.974768560958395,-0.06250789359110086,0.11554855406829011,0.0034867116457104157,0.002397857000687509,1
3.608635902404785,-0.019353630021214485,-0.060657717287540436,0.38987627625465393,0.019370762624893952,-0.005066626711636071,0.0032925445383181046,0.009895471003712242,-0.02083603322760652,-0.0027863432831516377,0.09305386245250702,-0.12144749611616135,-0.015135655179619774,0.23256570536811372,0.7596796351294678,25.976920106548324,-0.07803365862651035,0.1211120388177027,0.0032136258576938993,0.0008748820000619162,1
3.6184229850769043,-0.019129570573568344,-0.06081898510456085,0.3896593153476715,0.010121766477209951,-0.003490658481319454,-0.00037537666208199493,0.010624492151551035,-0.021704896570732934,-0.0028742735019382515,0.08282630145549774,-0.11865689605474472,-0.02637219242751597,0.2567922922291727,0.7511001654556915,25.98683250538895,-0.0742051719864542,0.12198344790926155,0.004345619784373719,0.0025413189996470464,1
3.628732204437256,-0.019010664895176888,-0.060846660286188126,0.3895498812198639,0.02024947105659042,-0.012015914554736145,0.0032431367187710463,0.0118463829101767,-0.023867839322721185,-0.0033176831283321384,0.09640152007341385,-0.09386127442121506,-0.028972692787647237,0.24947651897602838,0.769516452485332,25.979411813685996,-0.08461200859836426,0.11299037868501673,0.004956507125217867,0.001689974998953403,1
3.6384782791137695,-0.018890611827373505,-0.06092503294348717,0.3894435465335846,0.009137287733575588,-0.007996548901655397,-0.00033003611450720767,0.012887336795699866,-0.02442730441884633,-0.0036696762308161546,0.09636107832193375,-0.13258837163448334,-0.03484382107853888,0.24457033165543574,0.7805406977895658,25.978630714738742,-0.08643295935682486,0.1158266728088784,0.005154004702275798,0.0029101719992468134,1
3.648582935333252,-0.018796812742948532,-0.06089908629655838,0.38931384682655334,0.019349269563523248,-0.0029841840842891377,0.0010223691918052255,0.013789146889380266,-0.026009753292797644,-0.003929805330989744,0.09128338098526001,-0.09786009788513184,-0.02118086628615855,0.27202737081775213,0.781259576638711,25.988043113439655,-0.08905166012592566,0.13787070782771838,0.005853308348265733,0.0009826530003920197,1
3.6586222648620605,-0.01866099424660206,-0.06094777584075928,0.3892097771167755,0.012831135650725474,-0.009238314817374626,0.0005703984140203001,0.014781818891663523,-0.027058176815241808,-0.004645928929204235,0.1001497283577919,-0.11802313476800919,-0.04213067516684531,0.26515019351376296,0.7714482886003531,25.98645867633767,-0.08868640567867173,0.12443039388418806,0.004605575097243918,0.002398625001660548,1
3.6683666706085205,-0.01866099424660206,-0.06094777584075928,0.3892097771167755,0.012831135650725474,-0.009238314817374626,0.0005703984140203001,0.014781818891663523,-0.027058176815241808,-0.004645928929204235,0.1001497283577919,-0.11802313476800919,-0.04213067516684531,0.2793867372989759,0.7833402020985535,25.987510563457036,-0.09665267239888495,0.13785788892401873,0.006696267593883989,0.0008447780001006322,1
3.6786439418792725,-0.018432484939694405,-0.06096551567316055,0.38897454738616943,0.016639294087339305,-0.010735570470225738,0.001590593526164446,0.01719451772773617,-0.0290990126009798,-0.005975321128766975,0.09411360323429108,-0.06910690665245056,-0.044037856161594384,0.28461827288612673,0.7720087822254355,25.990898765431048,-0.09527557135360956,0.13743576406624688,0.009023166348159344,0.002777744999548304,1
3.688624858856201,-0.018432484939694405,-0.06096551567316055,0.38897454738616943,0.016639294087339305,-0.010735570470225738,0.001590593526164446,0.01719451772773617,-0.0290990126009798,-0.005975321128766975,0.09411360323429108,-0.06910690665245056,-0.044037856161594384,0.28136563709674844,0.7921084680251838,25.98610877277895,-0.10093303546430887,0.11908133664541834,0.008152687204813679,0.0010931480010185624,1
3.698744773864746,-0.018364453688263893,-0.06096120551228523,0.38883769512176514,0.008571933031701704,0.002901399275984813,-0.003656112568445927,0.018144198665142497,-0.030400081879904395,-0.00634651774132422,0.10158845782279968,-0.1021280661225319,-0.06255985796451567,0.305196043992223,0.7768642402357498,25.99959083230041,-0.10617527009408932,0.13975021211082625,0.00999038427351034,0.0017802849997679004,1
3.708360195159912,-0.018266303464770317,-0.06094328686594963,0.3887152671813965,0.014102691781983019,-0.009258753623883864,-0.00012026090266917704,0.01913723003199097,-0.031022725862634548,-0.007212229900224187,0.09019596129655838,-0.0503089763224125,-0.06279446929693222,0.3019741881522725,0.7961608166017486,25.99255713447132,-0.10471901156783962,0.11540369229716711,0.010608966126817037,0.0008141159996739589,1
3.718384265899658,-0.01821976527571678,-0.0609586127102375,0.3885887563228607,0.004632154016856977,-0.0010034294088879987,-0.004568444562168687,0.01989517753272585,-0.031511757361204484,-0.007755078539291027,0.09860315918922424,-0.04869863390922547,-0.06956314295530319,0.32407764137381323,0.7925193901136754,26.003444080000815,-0.1102348814749631,0.11649708683119808,0.011570447134252242,0.001670978001129697,1
3.728534698486328,-0.0180799700319767,-0.06093268468976021,0.3883323073387146,0.0058883046846677,-0.003725531506356025,-0.00486710899371843,0.020978808397801085,-0.032307451334246284,-0.008717529153574155,0.09289935976266861,-0.06798989325761796,-0.0770747810602188,0.3376873131228938,0.7988442910245727,26.00588601378752,-0.10944961463105096,0.12713091861782294,0.012641863440568953,0.0009703599989734357,1
3.7385151386260986,-0.0180550217628479,-0.060892801731824875,0.38818421959877014,0.00731243938883293,-0.00045619410073076145,-0.004839433346696976,0.022298700339660638,-0.032649440437106936,-0.009788798690174794,0.08348233252763748,-0.04801443591713906,-0.08112961053848267,0.3455417225683867,0.802527284642122,26.006974262354316,-0.11092165763492721,0.12836306524431956,0.012991563404339157,0.0019839540000248235,1
3.748507261276245,-0.018006617203354836,-0.06087064743041992,0.3880472481250763,0.005298146982776123,-0.0040166629456769645,-0.004651616789469862,0.023245571417879418,-0.03298552458815651,-0.010854470066173239,0.09718296676874161,-0.022234225645661364,-0.08396682888269424,0.34584104342218963,0.7994713560418643,26.007541279398087,-0.10980758854866969,0.11922109681662786,0.013694578831796946,0.0009305479998147348,1
3.758667469024658,-0.01799505203962326,-0.0608404316008091,0.3878956139087677,0.002715478678929945,-0.00098900076242493,-0.005875363469584032,0.02391245208442605,-0.0328949567057677,-0.011711844500808866,0.06578733772039413,-0.010960845276713383,-0.09749555587768555,0.34868136546115885,0.8092252381217486,26.007380950192108,-0.1196894705826316,0.10732579231854612,0.014386804091087477,0.0016187330002139788,1
3.768643856048584,-0.01799505203962326,-0.0608404316008091,0.3878956139087677,0.002715478678929945,-0.00098900076242493,-0.005875363469584032,0.02391245208442605,-0.0328949567057677,-0.011711844500808866,0.06578733772039413,-0.010960845276713383,-0.09749555587768555,0.3553846180544231,0.8074071021886086,26.01106494590065,-0.10597925692725296,0.10144505708906468,0.016108614525672665,0.0008072710006672423,1
3.7785160541534424,-0.01797238364815712,-0.06081543117761612,0.38775140047073364,0.007055653271091274,-0.0054627023585740635,-0.005931926881530768,0.024934728975636755,-0.03288425826712471,-0.01328147913618416,0.0730755627155304,0.008268251083791244,-0.10607540607452393,0.34719755585286044,0.8196204730760014,26.0121717276707,-0.11279757633899133,0.09123616229937524,0.01774018545014376,0.0016244600010395516,1
3.788526773452759,-0.01794871874153614,-0.060819514095783234,0.3876144289970398,-0.00010962343607883311,-0.0050936099083353035,-0.005914757033166856,0.02567335129655479,-0.032712773513664306,-0.014273891486564327,0.06255508214235306,0.019235201179981218,-0.10292373597621918,0.3570956569505615,0.8273280735317725,26.012543181750022,-0.10977548263580512,0.08579458398708568,0.017927036914888932,0.0016498140012117801,1
3.7985217571258545,-0.01798311620950699,-0.06078782305121422,0.3874741792678833,-0.0008567529163672362,0.00015344506988151279,-0.003895402885734763,0.02597468901341138,-0.03247736618674146,-0.015418641797141586,0.028208721429109573,0.02965476922690867,-0.11770526319742203,0.3627280760931272,0.8172795507994141,26.007867798221948,-0.09313755708698229,0.0798100342467239,0.01971601415540761,0.0019598580001911614,1
3.808410167694092,-0.017985183745622635,-0.06075311824679375,0.38735294342041016,0.004878560082819795,-0.006546053567916975,-0.004118904006649888,0.026498483376754756,-0.03193116029662679,-0.016741692816371945,0.04221095144748688,0.05488621070981024,-0.11459366977214813,0.34906784618827974,0.8289079288533289,26.00812489753949,-0.10195844751833927,0.06496776320476706,0.020093150285430766,0.0016806160001578974,1
3.8185243606567383,-0.018008289858698845,-0.06076962128281593,0.3872329294681549,-0.004034111276576303,-0.007400881035398271,-0.004838887133251003,0.02674932421402154,-0.031347003254744266,-0.017809474207152398,0.010719580575823784,0.07357053458690642,-0.12349933385849,0.35831433018523223,0.8365259072042028,26.01027216972097,-0.08733539476524033,0.05456730915005955,0.021275247035367116,0.001689206999799353,1
3.8285343647003174,-0.018069284036755562,-0.06076878309249878,0.38703450560569763,-0.003036377258428854,-0.009971574875908438,-0.0015652815492349158,0.02674681704602211,-0.030739716367556902,-0.019215606425272203,0.00811376515775919,0.08842550218105315,-0.12355609238147737,0.3577701657679575,0.8461268885948433,26.002645802916316,-0.08603100688730961,0.045069787863576655,0.021823834949267158,0.0016818740004964639,1
3.838763475418091,-0.018147215247154236,-0.06075914576649666,0.38694968819618225,-0.004359764042899941,-0.000482512850920212,-0.0010614680589656367,0.026834679964424346,-0.029255843506149404,-0.021193492652016754,-0.003722989931702614,0.09300854057073592,-0.13776174187660217,0.35629249786236494,0.8294678203609451,26.00042456130747,-0.07939624387747642,0.040490204383342526,0.023577667082542633,0.0010584350002318388,1
3.848703384399414,-0.0181819349527359,-0.0607660710811615,0.38688164949417114,-0.0010939738747460244,-0.012353616766432545,0.0005970058803567654,0.026544585536041776,-0.028286299127201264,-0.022735167312837756,-0.034754667431116104,0.1102980002760887,-0.1486683040857315,0.34295711726544864,0.8428959499055863,25.99597805946544,-0.06481274753269456,0.02792078882369679,0.025462497977047114,0.0010059809992526425,1
3.8586761951446533,-0.01825929433107376,-0.060806162655353546,0.38683030009269714,-0.009495628068091209,-0.0051185009049762396,0.001749503072804736,0.026333726368643173,-0.026960261315246203,-0.024027847419849202,-0.02915421687066555,0.10130033642053603,-0.15599854290485382,0.33516062897599114,0.8511293639554317,25.995513457764048,-0.06413912994919461,0.02639335801357306,0.026071796087512773,0.0012074839996785158,1
3.868680477142334,-0.018348753452301025,-0.060793112963438034,0.3867858350276947,-0.0013099225542089938,-0.009480516427891545,0.004903967021136266,0.025723683957795895,-0.025925536556691053,-0.02555473506523409,-0.051015205681324005,0.12565439939498899,-0.15415610373020175,0.34744889960285963,0.8399425859039275,25.992601471048847,-0.06559995642740193,0.027852902687546956,0.027203635886391294,0.001610280998647795,1
3.878443479537964,-0.018348753452301025,-0.060793112963438034,0.3867858350276947,-0.0013099225542089938,-0.009480516427891545,0.004903967021136266,0.025723683957795895,-0.025925536556691053,-0.02555473506523409,-0.051015205681324005,0.12565439939498899,-0.15415610373020175,0.33053779397586047,0.8387770699549087,25.984233540520275,-0.05343480656227561,0.011949944438771835,0.02755340990819378,0.0008690849990671268,1
3.88845157623291,-0.01849726401269436,-0.06084641069173813,0.3867579698562622,-0.002396068318459919,-0.0049103559021194875,0.005023821246463051,0.024263150853511828,-0.023049849138065515,-0.029562784126672792,-0.06534598022699356,0.11426630616188048,-0.16604940593242648,0.3313467197078761,0.8357729758070778,25.983102284768822,-0.04794723275602243,0.012422635633805064,0.028790859450805117,0.0030134729986457387,1
3.8985061645507812,-0.01849726401269436,-0.06084641069173813,0.3867579698562622,-0.002396068318459919,-0.0049103559021194875,0.005023821246463051,0.024263150853511828,-0.023049849138065515,-0.029562784126672792,-0.06534598022699356,0.11426630616188048,-0.16604940593242648,0.31745149099123016,0.8218769814031703,25.982921638332343,-0.04139565149894819,0.009241866989895677,0.029867543799558374,0.000844080001115799,1
3.9084718227386475,-0.018542515113949776,-0.06090177223086357,0.3867577016353607,-0.004990152578608739,-0.014179726132043633,0.007979562484434398,0.023576513151267076,-0.021517624210907638,-0.031252645459953765,-0.08520127832889557,0.12477114051580428,-0.16547222435474399,0.3090493311018536,0.8314076013302344,25.975088417982303,-0.030383379536584064,-0.0001947794922267515,0.03034576887250263,0.0036399149994394975,1
3.9183852672576904,-0.018638456240296364,-0.060930036008358,0.38675594329833984,-0.006729780244305147,-0.003102576590638599,0.008061192918868892,0.02280062450746634,-0.020777467097174096,-0.032860587494813576,-0.08662211149930954,0.08967374265193936,-0.17842936515808105,0.3100134470857773,0.8102993853936118,25.97397157379971,-0.026219893986484367,0.01521224426922148,0.03206961214419319,0.0009176269995805342,1
3.9284591674804688,-0.018695922568440437,-0.0609627291560173,0.3867730498313904,-0.0011466174621060092,-0.014491419334874793,0.010102671513893812,0.021893285323735245,-0.019607564279442435,-0.034725459812917414,-0.09800460934638977,0.08804251253604886,-0.1839684396982193,0.2936148168671665,0.8201267844618224,25.96844341982705,-0.018993175554783776,0.012372821428272764,0.03340447766783862,0.0025552879997121636,1
3.9384825229644775,-0.018866434693336487,-0.061010707169771194,0.3868115246295929,4.312372272244594e-05,-0.010293521011972883,0.010239144759931424,0.0210115858795068,-0.01838753258320347,-0.03643462204400327,-0.09265755861997604,0.11284779757261273,-0.17603708803653717,0.27616390999613666,0.8148766272835513,25.967438432641234,-0.01971354752266256,-0.0019065272942837795,0.032997154296571116,0.0009108519989240449,1
3.9485206604003906,-0.018927644938230515,-0.06107539311051369,0.38684070110321045,-0.007284622225784931,-0.008110238224553788,0.008625204642657588,0.01977653095416443,-0.016969549656772553,-0.039406469651384946,-0.08399491012096405,0.08248664438724515,-0.1879851371049881,0.2822118229357517,0.8063498908060648,25.971404068738135,-0.01904908034870274,0.007998063850360239,0.034857874289172044,0.0025352430002385518,1
3.9584896564483643,-0.018927644938230515,-0.06107539311051369,0.38684070110321045,-0.007284622225784931,-0.008110238224553788,0.008625204642657588,0.01977653095416443,-0.016969549656772553,-0.039406469651384946,-0.08399491012096405,0.08248664438724515,-0.1879851371049881,0.2858411040640614,0.8011981518060983,25.97199418271564,-0.019046039793520892,0.008155567408214569,0.03528730879872495,0.0008296920004795538,1
3.9684431552886963,-0.019038356840610504,-0.06116865575313568,0.38691356778144836,-0.006962523821046161,-0.01140969898010325,0.010177148493703932,0.017888730150175114,-0.015979388487008972,-0.04339469258969686,-0.07607688754796982,0.04262090846896169,-0.21513330936431885,0.26816871663106884,0.7982728591042672,25.967259692302488,-0.009169984005920668,0.015348132943744059,0.036124510304839846,0.003301513999758754,1
3.9785006046295166,-0.019038356840610504,-0.06116865575313568,0.38691356778144836,-0.006962523821046161,-0.01140969898010325,0.010177148493703932,0.017888730150175114,-0.015979388487008972,-0.04339469258969686,-0.07607688754796982,0.04262090846896169,-0.21513330936431885,0.2763535312501132,0.800799678012919,25.967219435596558,-0.017723350414056413,0.025281086038736973,0.03916040613916524,0.0008201220007322263,1
3.9884438514709473,-0.019130976870656013,-0.06116282939910889,0.38693708181381226,-0.0024429736924531428,-0.002345080259807287,0.010016400358926788,0.01720931137891668,-0.01545341432161118,-0.04525245678983136,-0.07643010467290878,0.045947887003421756,-0.22084775567054749,0.27024527909077833,0.779647858319475,25.96779887646202,-0.01479842544132361,0.02189510198261587,0.040799629853371544,0.002814274999764166,1
3.9985263347625732,-0.01916615106165409,-0.06120439991354942,0.38697895407676697,-0.002104126681951899,-0.014217554594795052,0.010686246657980033,0.015879567434448294,-0.014825586743418828,-0.048663088648214003,-0.08027523010969162,0.03377354145050046,-0.2107088416814804,0.2632505661292475,0.7910728641806986,25.966021488324834,-0.010166304083476215,0.02608914388963134,0.040674389028168306,0.0008405179996771039,1
4.0084474086761475,-0.01923457719385624,-0.061220090836286545,0.3870072066783905,-0.0024499406594836793,0.0007355266131144084,0.009487756527391778,0.015415153433048445,-0.015123739133212855,-0.05085257980882307,-0.060958411544561386,-4.739277937918019e-05,-0.2321377694606781,0.26483445357447283,0.7647417853466807,25.968960441385104,-0.01690316602980296,0.043961532912912715,0.043302743833422086,0.00276293800015992,1
4.018555402755737,-0.01923956163227558,-0.061227355152368546,0.38704365491867065,0.0033859844789784063,-0.012290425634626807,0.011769337564798102,0.014658057261763169,-0.014485883998192506,-0.05323687236296326,-0.06376399099826813,0.031299646943807574,-0.22387821972370148,0.24575438136850922,0.7758880056262513,25.963315046600595,-0.014643196310944217,0.026232353089220638,0.043488104095186664,0.0009684739998192526,1
4.028434753417969,-0.019278842955827713,-0.061255570501089096,0.38707083463668823,-0.0030318030692788518,-0.0004324764573832626,0.009022239593296908,0.014237209471002377,-0.01458007835066999,-0.055454565552774504,-0.06467751413583755,-0.01723678223788741,-0.2366710901260376,0.2547195819867139,0.7558810184291859,25.969697939518813,-0.011877071822077387,0.05110234981896827,0.04521937608976691,0.0025600370008760365,1
4.0385582447052,-0.019273212179541588,-0.06123105809092522,0.387099027633667,0.007684338343526663,-0.00760492452254737,0.011174821295194273,0.013631321647755712,-0.01477906971344023,-0.0580172222764439,-0.05479694530367851,-0.03642417490482333,-0.2438281625509262,0.23555469948825197,0.7580718501813556,25.964982793274206,-0.015650331738346117,0.060599798330802354,0.0468563505486947,0.0008405179996771039,1
4.04861044883728,-0.01925049163401127,-0.061189327389001846,0.3871554732322693,0.008841492220848514,0.000806367363378304,0.01132210718029483,0.01323281326048642,-0.014784570174628975,-0.06018045264960481,-0.05304764211177826,7.082370575514504e-05,-0.2378728985786438,0.21877473674875256,0.739104876663803,25.96400402207324,-0.015099198750725403,0.04256577620049919,0.04674317049588354,0.0025468359999649692,1
4.058376312255859,-0.01921245828270912,-0.0611751526594162,0.38718539476394653,0.0014209721235513139,-0.0026097125656909036,0.009189849717488346,0.012667899009591643,-0.01537665663176302,-0.06396987913587626,-0.027050871402025223,-0.016078853979706792,-0.23438049852848053,0.2272242390481846,0.7377558041250665,25.96918257052198,-0.027004049168674556,0.051926569957109245,0.046800062847304896,0.0008839609999995446,1
4.068607807159424,-0.019209302961826324,-0.06107836961746216,0.38718917965888977,0.00874106681144978,0.00670208311487593,0.00808250719346442,0.012330720626361646,-0.01563188067085708,-0.06628599899301912,-0.047505512833595276,-0.041239935904741315,-0.25466883182525635,0.21901885177212194,0.7120538952412375,25.97301647324847,-0.014888179965918817,0.06518441319759781,0.049552217522774916,0.002019784998992691,1
4.078354120254517,-0.0191345177590847,-0.06104118004441261,0.3872046172618866,0.008766106254798164,-0.0045982372130895805,0.009439126601243453,0.011887057509393895,-0.0161727585326088,-0.0690062942789118,-0.029662439599633217,-0.053996626287698773,-0.23882244527339935,0.21358087094889688,0.7225669224061532,25.969932642978033,-0.02350777090683097,0.07288868970071705,0.048914185518940834,0.0009058920004463289,1
4.0886101722717285,-0.019103417173027992,-0.06094227358698845,0.3871951401233673,0.006803551674161179,0.012450481775652463,0.004932722071893988,0.011848019727361159,-0.01668703954934614,-0.07125472990647763,-0.021815571933984756,-0.06824418902397159,-0.2626941502094269,0.2100228292217071,0.7288509685663276,25.969430941165463,-0.022988896430424944,0.0738002983811713,0.049094976057007966,0.002820838999468833,1
4.098370313644409,-0.019103417173027992,-0.06094227358698845,0.3871951401233673,0.006803551674161179,0.012450481775652463,0.004932722071893988,0.011848019727361159,-0.01668703954934614,-0.07125472990647763,-0.021815571933984756,-0.06824418902397159,-0.2626941502094269,0.21752400958727208,0.6946936217919774,25.981338828236247,-0.025146296193079395,0.08266831178283632,0.05207643518680065,0.0008351400010724319,1
4.108623027801514,-0.01898946613073349,-0.060726020485162735,0.3871494233608246,0.004298744256214894,0.015587963164306648,0.0016686700980060466,0.011271817592998445,-0.018583692861796397,-0.07769432433385859,-0.016636811196804047,-0.10424723476171496,-0.2622811198234558,0.2110077449327038,0.7019810586342378,25.976679105361207,-0.01875588711689462,0.08094196643847047,0.051966722126755405,0.0037068270012241555,1
4.118370056152344,-0.01898946613073349,-0.060726020485162735,0.3871494233608246,0.004298744256214894,0.015587963164306648,0.0016686700980060466,0.011271817592998445,-0.018583692861796397,-0.07769432433385859,-0.016636811196804047,-0.10424723476171496,-0.2622811198234558,0.2306307109431806,0.6705760917603497,25.991212344540763,-0.025806477838118923,0.10645856910296982,0.053788566660686245,0.0008682459992996883,1
4.128456115722656,-0.01891654171049595,-0.060550495982170105,0.38710227608680725,0.014522749972452897,0.00560067532066416,0.003385009054916141,0.011025361621632701,-0.01953472820129276,-0.080427782383242,-0.01687680184841156,-0.06970354169607165,-0.2577078342437744,0.21526304848564118,0.6711425703039916,25.98911098201688,-0.025990899980482922,0.09132491541792151,0.05424205580982593,0.002535382000132813,1
4.138638496398926,-0.018842177465558052,-0.060428645461797714,0.38704341650009155,0.005341186231247682,0.01361582333291827,-0.0016507611047193189,0.010937111593074977,-0.02009414064659909,-0.08280526596962678,-0.019202589988708496,-0.10388427972793582,-0.2544889450073242,0.2330280736037223,0.6545590603481012,26.002211170856924,-0.023920733972733296,0.11070903989624412,0.05436095158333843,0.0008845199990901165,1
4.148455619812012,-0.01877419278025627,-0.060218267142772675,0.3869534432888031,0.013152475534656486,0.012324437426878028,-0.002214364914090217,0.01090244864114398,-0.021485053561851153,-0.08558681315392036,-0.0012518397998064756,-0.11449429392814639,-0.265651673078537,0.22904689722779756,0.6467142262872274,26.00604190065756,-0.032807430375997045,0.11951383429443625,0.05604729461321264,0.002440881999064004,1
4.158644914627075,-0.018628381192684174,-0.0598403625190258,0.3867465555667877,0.011796839695182006,0.020424021316454412,-0.005445297765905072,0.010961802052362302,-0.022019813443974634,-0.08808658575655359,-0.013946509920060635,-0.08598108589649203,-0.26416632533073425,0.22661845635605626,0.6419407828912796,26.00661923031885,-0.03295376406407713,0.11969857707058387,0.05643487327026247,0.001051241000823211,1
4.1684629917144775,-0.018521923571825027,-0.059628356248140335,0.3866397440433502,0.008989300628960235,0.011781244502553077,-0.00476134706655827,0.011083136978299546,-0.023739458990805762,-0.0922088118282609,0.018469762057065964,-0.07822619378566745,-0.27043643593788147,0.23557203806639693,0.6417616525417461,26.014070168008388,-0.043150736549784664,0.10608308813312878,0.05761042573784772,0.0025938420003512874,1
4.17861270904541,-0.018478188663721085,-0.05938097462058067,0.38650253415107727,0.008431164536855539,0.023469613868819343,-0.00840748008557129,0.011222384259399476,-0.02438490113630909,-0.09469960780530506,0.0021484107710421085,-0.10855431109666827,-0.26168137788772583,0.24907684474053027,0.6134786245490231,26.02526063547919,-0.0345465054948811,0.12448962671199523,0.05731836444916925,0.0008709009998710826,1
4.1884543895721436,-0.01838538981974125,-0.05911992862820625,0.3863756060600281,0.010390814375590186,0.013828480629172472,-0.005680134990960307,0.011288335179558295,-0.025746707803303792,-0.09758297248310743,0.005745323840528727,-0.08416325598955157,-0.26723891496658325,0.2571131119973293,0.595832025970775,26.027317915712604,-0.03464828906302197,0.12564108188422507,0.057414512182813585,0.003541082998708589,1
4.198370456695557,-0.01838538981974125,-0.05911992862820625,0.3863756060600281,0.010390814375590186,0.013828480629172472,-0.005680134990960307,0.011288335179558295,-0.025746707803303792,-0.09758297248310743,0.005745323840528727,-0.08416325598955157,-0.26723891496658325,0.2550116446988566,0.6059456947109931,26.02085771993032,-0.03760812447524159,0.11707684994207493,0.058413537033244624,0.0008198429986805422,1
4.208597898483276,-0.018265511840581894,-0.058577414602041245,0.3861028552055359,0.009854651412590983,0.02005184611093606,-0.007479101802362436,0.01214386844565496,-0.02771727263853485,-0.10430798348358694,0.012994632124900818,-0.06978477537631991,-0.27059707045555115,0.27026095210570544,0.5961166834038474,26.030547540384255,-0.05042482949609465,0.1320906934686649,0.059018364898334306,0.0025848330005828757,1
4.218472242355347,-0.018265511840581894,-0.058577414602041245,0.3861028552055359,0.009854651412590983,0.02005184611093606,-0.007479101802362436,0.01214386844565496,-0.02771727263853485,-0.10430798348358694,0.012994632124900818,-0.06978477537631991,-0.27059707045555115,0.2680577494265448,0.5928223776178214,26.026975873706068,-0.043349211933415094,0.11575017071059548,0.059791278160057325,0.0008536479999747826,1
4.2286622524261475,-0.01822594925761223,-0.058296896517276764,0.3859735429286957,0.0036517404808265623,0.02221961692213325,-0.009000006133928734,0.012397714354270839,-0.028422173049966748,-0.1069620685682584,0.03330589085817337,-0.09614170342683795,-0.2692079544067383,0.2853971065680936,0.5888977673404567,26.03076381275391,-0.05395390312862171,0.13123687113547927,0.06006163369746662,0.002553121999881114,1
4.238474369049072,-0.018178826197981834,-0.057983919978141785,0.3858460485935211,0.008919630429305988,0.024117009626520282,-0.0065060499577512185,0.012928421468436646,-0.029369294556940595,-0.10964397157574668,0.0400073379278183,-0.07158446311950686,-0.2672434449195862,0.2832404534597568,0.5811978959073142,26.025272022399374,-0.058719322679194566,0.12143727621625712,0.060188964629189254,0.0008367459995497484,1
4.248613357543945,-0.018135420978069305,-0.057664789259433746,0.3857215344905853,0.004420791953038593,0.024243647193630164,-0.007980777850522182,0.01337557732493,-0.029837461593456904,-0.11233787791529837,0.039653804153203964,-0.05008047446608547,-0.2670893669128418,0.29151671131458046,0.5774207278267917,26.028637395930673,-0.05996317002992279,0.11231917825048389,0.0604585507074782,0.0024498220009263605,1
4.2585225105285645,-0.018117764964699745,-0.056975677609443665,0.38547274470329285,0.004283553713073643,0.028631139502531017,-0.008043817204978144,0.013989358121417439,-0.030442521414016266,-0.11494841778014653,0.0548388808965683,-0.054549150168895756,-0.2673816978931427,0.29654479273938644,0.5751383754975031,26.029127869488704,-0.060016182703877104,0.11213851049320402,0.060522062587093,0.0010308460005035158,1
4.268599271774292,-0.01809360273182392,-0.056649982929229736,0.38535556197166443,0.003499402959558293,0.02190782687419283,-0.005972954434783507,0.014740003183233874,-0.031081155034207608,-0.11889986649722184,0.040370237082242966,-0.04016433656215671,-0.2568696141242981,0.30190486414916223,0.5793716235265638,26.024739833385738,-0.06347901272942717,0.10991074145640448,0.05991977871328171,0.0018258940017403802,1
4.278350591659546,-0.018110904842615128,-0.05628862977027893,0.38524308800697327,0.0005947734607730166,0.03327005356145176,-0.007180836042514784,0.015433364582573716,-0.031241887988025407,-0.12147227627212143,0.059469450265169144,-0.03361982107162479,-0.26165759563446045,0.3051509375359093,0.5810881927007068,26.024424882037405,-0.06456906241830765,0.11073201274199043,0.05991959740568749,0.001044185999489855,1
4.2886481285095215,-0.018119413405656815,-0.05592070892453194,0.3851306736469269,0.0020475179405716193,0.02245488016131448,-0.0060084280359476204,0.015861017351365803,-0.03154950059334016,-0.12407641276969317,0.06043387949466705,-0.023116860538721116,-0.25321638584136963,0.30972937388106725,0.5838596185762638,26.024793933299673,-0.07708566397729702,0.10328164149950977,0.05995314851679733,0.002282612000271911,1
4.298434257507324,-0.018119413405656815,-0.05592070892453194,0.3851306736469269,0.0020475179405716193,0.02245488016131448,-0.0060084280359476204,0.015861017351365803,-0.03154950059334016,-0.12407641276969317,0.06043387949466705,-0.023116860538721116,-0.25321638584136963,0.31264269609281514,0.5846149097748474,26.025172890011433,-0.07788228588525146,0.10358267917544708,0.0600520559706857,0.0008336730006703874,1
4.308665037155151,-0.018223589286208153,-0.05518544465303421,0.38494449853897095,0.002751110678074747,0.026062872246422692,-0.0025591212180053873,0.017387025658907262,-0.03177317675547897,-0.12900050647927808,0.0770498588681221,-0.004498857073485881,-0.2412293255329132,0.33403998079730907,0.5661569203595364,26.025283033567366,-0.07371359455802474,0.1021699769343821,0.06038991204675345,0.003982645001087803,1
4.318374872207642,-0.018223589286208153,-0.05518544465303421,0.38494449853897095,0.002751110678074747,0.026062872246422692,-0.0025591212180053873,0.017387025658907262,-0.03177317675547897,-0.12900050647927808,0.0770498588681221,-0.004498857073485881,-0.2412293255329132,0.3247279716315352,0.5672814649590986,26.016757901341915,-0.09010056990682977,0.0947868405124578,0.059358002081572235,0.0008660809999128105,1
4.328397750854492,-0.018268093466758728,-0.05486418306827545,0.38488468527793884,-0.005545796641862622,0.02656887846871628,-0.0016056778676106897,0.018585859480921396,-0.031329637912518304,-0.13248244422663902,0.06465810537338257,0.006146449130028458,-0.23116876184940338,0.3357157855038385,0.5697744617355557,26.012955877569084,-0.08770410079033625,0.08891036794182294,0.058271543609034006,0.0011000630001944955,1
4.3383941650390625,-0.018344620242714882,-0.054458484053611755,0.38483086228370667,-0.0004241734401929196,0.031600009630622546,-0.0005535769812512279,0.019239346946282154,-0.03142194149218902,-0.1349223167729643,0.07261460274457932,0.019727159291505786,-0.23421035706996918,0.33115259754603454,0.5588239856311762,26.00993773564619,-0.09294116220288151,0.08182437992636736,0.05854891890963215,0.0010779210006148787,1
4.3490471839904785,-0.018549827858805656,-0.05375196784734726,0.38478216528892517,-0.008026488597456449,0.03142852344313593,0.0025664177209627544,0.020281205607780795,-0.03080090400298019,-0.1370353561946489,0.08692759275436401,0.023496042937040305,-0.20923395454883575,0.3439548815736457,0.555297500053543,26.001237015319333,-0.10314743863287697,0.0787975988702007,0.05609248046150752,0.00261835799938126,1
4.35847282409668,-0.018653269857168198,-0.053398966789245605,0.38479429483413696,-0.007383913364720204,0.021331124101653547,0.005209008726130476,0.021330780107009062,-0.030801965134481524,-0.1402984183283369,0.06552814692258835,0.0166642293334007,-0.2149796038866043,0.3468598326691798,0.5748487127968526,25.992814319551385,-0.09675301592320659,0.08191977034077948,0.056356131701308064,0.0008830530005070614,1
4.368896007537842,-0.018818533048033714,-0.053049419075250626,0.3848171830177307,-0.012988751588493372,0.03043971588837969,0.004907059959981294,0.022345911362943394,-0.030071178589445413,-0.14228057761106516,0.09044825285673141,0.04806936159729955,-0.2051444798707962,0.360591156628788,0.5710977463960053,25.992159442489243,-0.11096665551700767,0.06484328416436098,0.055541870442738506,0.002571701999841025,1
4.378662347793579,-0.01897420920431614,-0.05267663672566414,0.38484519720077515,-0.010534057437173604,0.023107582687696835,0.007163661529189042,0.023088577865248094,-0.029889964597335172,-0.144248242294009,0.07435493916273117,0.03362167999148366,-0.1985442340373993,0.36164143593215414,0.5831934348843862,25.985973984848076,-0.1060665495047622,0.07090588484296939,0.054764852653897675,0.000873344999490655,1
4.3885908126831055,-0.019185492768883705,-0.052342500537633896,0.38488367199897766,-0.017906812616603467,0.025852052691957474,0.005534485921777903,0.023878799937135486,-0.02923081259683613,-0.1461613438734224,0.06811642646789551,0.05349542573094366,-0.19117505848407745,0.37725776100258895,0.5881150695437494,25.98913011021991,-0.10382336429479311,0.060858173712572454,0.05390989481067277,0.002031867999903625,1
4.398457288742065,-0.019185492768883705,-0.052342500537633896,0.38488367199897766,-0.017906812616603467,0.025852052691957474,0.005534485921777903,0.023878799937135486,-0.02923081259683613,-0.1461613438734224,0.06811642646789551,0.05349542573094366,-0.19117505848407745,0.38738768834960147,0.5902888903032368,25.989464772234083,-0.10487622809163827,0.059730010391547066,0.053737063872859626,0.0008451969988527708,1
4.408595323562622,-0.01963662914931774,-0.0516401045024395,0.3849766254425049,-0.016927636989608728,0.023533072426065213,0.008684246806399693,0.025273020845272942,-0.028163416346492998,-0.14977319481470364,0.05745445564389229,0.050064459443092325,-0.17494402825832367,0.3852119596719516,0.5925188717818657,25.986690658994036,-0.11408953809695438,0.05809217645271774,0.052957885540096866,0.0024293569986184593,1
4.418429851531982,-0.01963662914931774,-0.0516401045024395,0.3849766254425049,-0.016927636989608728,0.023533072426065213,0.008684246806399693,0.025273020845272942,-0.028163416346492998,-0.14977319481470364,0.05745445564389229,0.050064459443092325,-0.17494402825832367,0.3878352935858148,0.5970489220164464,25.980444711268728,-0.10390643975132446,0.05825291491657286,0.05201448839310926,0.0008380029994441429,1
4.428443670272827,-0.020163407549262047,-0.05095644295215607,0.3850902020931244,-0.019034599833431354,0.02034301873762361,0.009850251488956425,0.026954004377647944,-0.026679681151684065,-0.15372856774358823,0.05061347410082817,0.060156699270009974,-0.15794654190540314,0.3977161987850361,0.5968043275777993,25.981291300344868,-0.11133440062591331,0.061542739624758466,0.05110273332551497,0.002477829999406822,1
4.438456058502197,-0.020163407549262047,-0.05095644295215607,0.3850902020931244,-0.019034599833431354,0.02034301873762361,0.009850251488956425,0.026954004377647944,-0.026679681151684065,-0.15372856774358823,0.05061347410082817,0.060156699270009974,-0.15794654190540314,0.3964209143849087,0.6083992272610856,25.97602415017074,-0.10554559873903575,0.04920630581728721,0.050051110143977305,0.000834091999422526,1
4.448594093322754,-0.020461680367588997,-0.05062481760978699,0.3851451277732849,-0.024358570024199458,0.02555415079398556,0.006421363454812724,0.02739782525469714,-0.026155042511743165,-0.15506960470957054,0.03428954631090164,0.0405343174934387,-0.14877377450466156,0.41218671967852993,0.6049685940449753,25.984023286995804,-0.09820918952416341,0.05790816426305466,0.04887138821159083,0.002450449999741977,1
4.4585607051849365,-0.021039221435785294,-0.05000855028629303,0.3852677047252655,-0.0268324571884679,0.02209091791893921,0.00625324853622651,0.027782375717999575,-0.025721572062985754,-0.15661941185279948,0.04578031599521637,0.06954430788755415,-0.14288146793842316,0.425114358673711,0.611503641801606,25.985084021338302,-0.1051661447952607,0.04252443729228196,0.04813174057878131,0.0008479909993184265,1
4.468447923660278,-0.021375391632318497,-0.04968611150979996,0.3853110671043396,-0.02092171835340149,0.019330566726413975,0.00849469471708175,0.028040221484371575,-0.024730315109319,-0.15830705272215395,0.012170195579528809,0.057881701737642274,-0.11722853779792787,0.41810792632343685,0.6157109835596688,25.979299774470004,-0.08947705809074155,0.0447206098101473,0.04527897157286164,0.0025654149994807085,1
4.478555202484131,-0.021682746708393097,-0.049409620463848114,0.385378360748291,-0.027565040881231677,0.01849070837291518,0.007616382060014618,0.028266133203715516,-0.024076079957420227,-0.1596916149259897,0.020045205950737,0.05312341824173926,-0.1270860731601715,0.4288866500952534,0.6232755782482025,25.980364710873275,-0.09396155231226458,0.04585412131276209,0.045793143612701016,0.0008282250000775093,1
4.488458633422852,-0.02205512672662735,-0.049104563891887665,0.3854219317436218,-0.025995049583381617,0.0193503499520267,0.007966662756280276,0.028480589952782243,-0.023370851681855598,-0.16054457656364018,0.012787173502147198,0.0756971091032028,-0.10486222803592683,0.43018670219891997,0.6241127370402518,25.979504030452876,-0.09082229303920702,0.032527079186392534,0.04360085881631484,0.002583505998700275,1
4.498479843139648,-0.022387856617569923,-0.048840124160051346,0.3854912519454956,-0.027018680799091654,0.014667724849843189,0.009454317359576019,0.028452434938615934,-0.022914324599339064,-0.16174044938013488,-0.012091095559298992,0.04995165020227431,-0.10465706139802933,0.4310125517491007,0.6246290940841551,25.979374035476745,-0.09078447336599184,0.032286864206108115,0.04310487610863437,0.0011840170009236317,1
4.508633613586426,-0.022778969258069992,-0.04855945706367493,0.38553792238235474,-0.029773948457052783,0.019060910090676886,0.006175195789030111,0.02834397201620087,-0.022004670644433233,-0.16254836975564402,-0.0037701698020100594,0.0554034113883972,-0.1004265695810318,0.4408169541722008,0.6247250308295285,25.983779782913302,-0.0824207578790009,0.04014566002011519,0.04260246077633963,0.00218734299960488,1
4.518489360809326,-0.022778969258069992,-0.04855945706367493,0.38553792238235474,-0.029773948457052783,0.019060910090676886,0.006175195789030111,0.02834397201620087,-0.022004670644433233,-0.16254836975564402,-0.0037701698020100594,0.0554034113883972,-0.1004265695810318,0.44782222300763824,0.6243037686325722,25.984286861151542,-0.08211635269409481,0.03901238997433106,0.04250035772590529,0.0009535280005366076,1
4.528609037399292,-0.023517582565546036,-0.04806433245539665,0.38563722372055054,-0.030732042839534034,0.017338652533686084,0.004256758826936657,0.027786992749749384,-0.02051630292910689,-0.1642822694139765,-0.02458554320037365,0.07173691689968108,-0.08441694825887681,0.4374357218278443,0.6361959337279536,25.97630114146415,-0.0711202677614121,0.023990774170806355,0.04032064251302187,0.002485791999788489,1
4.53843092918396,-0.023517582565546036,-0.04806433245539665,0.38563722372055054,-0.030732042839534034,0.017338652533686084,0.004256758826936657,0.027786992749749384,-0.02051630292910689,-0.1642822694139765,-0.02458554320037365,0.07173691689968108,-0.08441694825887681,0.44601473584938234,0.6316457976946004,25.9879296518471,-0.07008203761330664,0.026480926494132324,0.04038449081875621,0.0008411459984927205,1
4.548600196838379,-0.02429165504872799,-0.04759848117828369,0.3856898844242096,-0.033740706626708604,0.013255654142978777,0.0057313581797553146,0.0270343219207132,-0.019010875263049787,-0.1657097310005513,-0.044883567839860916,0.052440211176872246,-0.055407091975212104,0.44137524073896667,0.6339280835490382,25.982672310520993,-0.068706643816064,0.025184091453746064,0.0387837034485457,0.0026775870010169456,1
4.558460235595703,-0.02429165504872799,-0.04759848117828369,0.3856898844242096,-0.033740706626708604,0.013255654142978777,0.0057313581797553146,0.0270343219207132,-0.019010875263049787,-0.1657097310005513,-0.044883567839860916,0.052440211176872246,-0.055407091975212104,0.45487956092255466,0.6355310084634702,25.98480887727759,-0.058177288526894855,0.03216425740390196,0.03697804280414456,0.0008241039995482424,1
4.568615198135376,-0.024696839973330498,-0.047372348606586456,0.3857056796550751,-0.028165811748840017,0.011552266623663808,0.005449724391451446,0.026677898147712487,-0.018754271415135193,-0.16626133299204593,-0.027641961351037025,0.062351740896701806,-0.05126160755753518,0.4500829123621334,0.6383947315990128,25.985889242896565,-0.06554057246751577,0.026049524312447458,0.036208665381635974,0.002469517999998061,1
4.578429698944092,-0.025510139763355255,-0.046988796442747116,0.38571491837501526,-0.03048814795093278,0.010116817409309344,0.0038241808702944103,0.02612673703517565,-0.017849627206596885,-0.16692674225851123,-0.04371751844882965,0.052318919450044625,-0.04174964129924775,0.4544872427556247,0.6410691133366255,25.99030602525686,-0.05624467553131486,0.028647034755574393,0.03502424065126732,0.00084617500033346,1
4.588474273681641,-0.025913884863257408,-0.04681219905614853,0.38570937514305115,-0.03163361556433114,0.005656575976023099,0.0031089713082087024,0.025731278351477815,-0.017338211373651102,-0.1672402813828482,-0.043062660843133926,0.04450990259647369,-0.033004645258188255,0.4593818547320916,0.6521398823307176,25.99280479945371,-0.055685411230326706,0.031192442242397592,0.03383810582963656,0.002474547000019811,1
4.5986528396606445,-0.02633850648999214,-0.04663282260298729,0.3856894373893738,-0.03176534513077324,0.01230063455602104,0.0018298414912798606,0.025568463185011048,-0.016906174782348682,-0.16745931582990092,-0.022147323936223984,0.05097763240337372,-0.019614616408944137,0.4646089334146077,0.6453177580923752,25.99666263727304,-0.06508603894488037,0.027510484378716057,0.03216513828521559,0.0008775349997449666,1
4.608446359634399,-0.026738807559013367,-0.04645552113652229,0.3856581449508667,-0.030666755530576965,0.005853674307994059,0.0020305926495014005,0.02497353826447757,-0.016754131104040226,-0.16766231511172958,-0.04506802186369896,0.03450366109609604,-0.01640993915498257,0.4656776928572908,0.6514867680271201,25.996750681792033,-0.05338642546444633,0.03466571690220307,0.031417766200119164,0.0024890740005503176,1
4.618633270263672,-0.027171118184924126,-0.04631059989333153,0.3856165111064911,-0.03468992534330966,0.007919074872476083,-0.0005689457142245666,0.02458588756265545,-0.016385042904603964,-0.1677087613011219,-0.02565268613398075,0.002733534900471567,-0.011946646496653557,0.46731681407374775,0.6550829923967012,25.996845308614294,-0.052346127370879826,0.03459037990393019,0.031257069512734964,0.0010374110006523551,1
4.628453969955444,-0.027569321915507317,-0.04615456238389015,0.3855738639831543,-0.030589759230841645,0.005088792187147283,0.00047327536632394475,0.024306663011939733,-0.016604275499943366,-0.1676701767270945,-0.04086552560329437,0.01816856488585472,9.191918070427851e-05,0.4823888690204736,0.6551914114304676,26.003800834707583,-0.06069381449510067,0.04981333482495112,0.030713815875655984,0.0025572440008545527,1
4.638631582260132,-0.027569321915507317,-0.04615456238389015,0.3855738639831543,-0.030589759230841645,0.005088792187147283,0.00047327536632394475,0.024306663011939733,-0.016604275499943366,-0.1676701767270945,-0.04086552560329437,0.01816856488585472,9.191918070427851e-05,0.48192089770177476,0.6574707230571593,26.0022815552754,-0.05263903311650939,0.04260226715149722,0.0293136859779128,0.0008373049986403203,1
4.6484456062316895,-0.028402680531144142,-0.04587673395872116,0.3854553699493408,-0.031376171661451534,0.006158267349402409,-0.0028264758195523684,0.0235276659243584,-0.01668164590681931,-0.1675213392098951,-0.02047247625887394,-0.0013962356606498345,0.012431934475898743,0.49314809015188005,0.6650518155248839,26.009454338478495,-0.0578463282810589,0.05069071497031691,0.02801638245326087,0.002892012000302202,1
4.658612251281738,-0.028402680531144142,-0.04587673395872116,0.3854553699493408,-0.031376171661451534,0.006158267349402409,-0.0028264758195523684,0.0235276659243584,-0.01668164590681931,-0.1675213392098951,-0.02047247625887394,-0.0013962356606498345,0.012431934475898743,0.4967537514525218,0.6613682368417548,26.012195834782833,-0.06029101294715391,0.05272864903697207,0.027355427732616292,0.0008353489993169205,1
4.668443918228149,-0.02881387621164322,-0.045759376138448715,0.3853893280029297,-0.03422070288941511,0.002366485183966036,-0.0037379428117588144,0.02312054541141073,-0.016553512533912684,-0.16731446802558203,-0.040588561445474625,-0.017729537561535832,0.025782166048884395,0.507057162861232,0.6660722138140936,26.015169750346622,-0.049592491458233676,0.060802706579199145,0.02572561341073974,0.00248711900167109,1
4.678631067276001,-0.02922699972987175,-0.045633476227521896,0.3853069841861725,-0.03222316504066423,0.0053650610875917715,-0.003772758178675773,0.022827638981228304,-0.016860233560997084,-0.1670251462962309,-0.027922140434384346,-0.03270997107028961,0.022515133023262027,0.5137691294195106,0.6615216515894524,26.016020090540394,-0.054526212732736314,0.06914266717707433,0.025679099981158405,0.0007970739989104914,1
4.688627004623413,-0.030030567198991776,-0.045425206422805786,0.38514500856399536,-0.03310357008843903,0.005279902425879369,-0.003369910256792133,0.02268865679378651,-0.01706540739038198,-0.16678663996533372,-0.0251958929002285,-0.03267617523670196,0.033980820327997215,0.5237869697874302,0.6587577947762258,26.015618591329385,-0.05555857055426094,0.07000166574157093,0.024424189616057804,0.003040154000700568,1
4.698392629623413,-0.030419232323765755,-0.04531964287161827,0.38506603240966797,-0.02978068210935137,0.0008248491556912906,-0.0020302469490906276,0.02212856553752829,-0.017917590103322834,-0.16615913521367265,-0.029362760484218597,-0.05073412507772445,0.041169963777065284,0.5249942451013911,0.6636555030697929,26.012043747784848,-0.0530401805468897,0.07992022528270093,0.023312652041702568,0.0008635659996798495,1
4.708624601364136,-0.030819442123174667,-0.04524076357483864,0.38498857617378235,-0.035340510263075824,0.0023112288294840546,-0.002634402626651061,0.021938788845334845,-0.018324288758565288,-0.16575497450911536,-0.01087814662605524,-0.054828528314828866,0.04675641655921937,0.5420675426706383,0.6664751565625284,26.013259358967048,-0.061000472664845255,0.08448309677433936,0.02243312480774968,0.002220240001406637,1
4.7184975147247314,-0.031221982091665268,-0.04514175280928612,0.38491833209991455,-0.029933597936196616,0.0035882718117489876,0.0003865932159167143,0.021719770662546267,-0.019249704282807034,-0.1651474719853887,-0.02115287072956562,-0.055915754288434975,0.051651660352945335,0.5532889578103037,0.6681639892153898,26.013643675216926,-0.060856099441905835,0.0850830586077056,0.0222350133023787,0.0013237759994808584,1
4.728487491607666,-0.031594980508089066,-0.04505745321512222,0.38486337661743164,-0.032313167937304835,0.002265418901927169,-3.769189172615836e-05,0.021685208949010715,-0.019886217458489508,-0.16482105775001799,-0.009263095445930958,-0.08103523403406142,0.06271555274724962,0.5519333014516357,0.6619733083296434,26.00606600385687,-0.05490427889637612,0.0878206072575176,0.021615774196487997,0.0020801310001843376,1
4.738526344299316,-0.031594980508089066,-0.04505745321512222,0.38486337661743164,-0.032313167937304835,0.002265418901927169,-3.769189172615836e-05,0.021685208949010715,-0.019886217458489508,-0.16482105775001799,-0.009263095445930958,-0.08103523403406142,0.06271555274724962,0.5614874407315832,0.6629911223507882,26.00611818877692,-0.06076605982892437,0.10248434131886945,0.02024392377140862,0.0008285039984912146,1
4.7485058307647705,-0.03199690207839012,-0.044958923012018204,0.3848062753677368,-0.033345773820889255,0.003254272482848672,0.000533418383716514,0.021496861704844772,-0.02075331010038628,-0.16403826274181554,-0.016088886186480522,-0.089085154235363,0.05498953163623811,0.5744416998297581,0.6603541617816499,26.004765928899296,-0.056871150341842,0.1093330299559403,0.020695067388115797,0.0016517700005351799,1
4.758521556854248,-0.032390616834163666,-0.04488734155893326,0.3847709894180298,-0.03669109194586467,4.123511091802444e-05,0.00147838004253752,0.021039260754341704,-0.022130624242428176,-0.16314831766321403,-0.021706145256757736,-0.09107849746942519,0.06917630881071092,0.5938065698617802,0.6653052522643377,26.002038808228157,-0.053014411128863154,0.11468047175340498,0.019203347008620173,0.0007942100000946084,1
4.768529891967773,-0.03281545266509056,-0.04480423778295517,0.38473546504974365,-0.03753834224285342,0.003944201032273558,0.0026465794553166763,0.021169443840759694,-0.02331628116316642,-0.16243289756932588,0.0010210750624537468,-0.1038786694407463,0.07073793560266496,0.6144808506194035,0.6615621935290708,25.99856012353628,-0.06420558089002215,0.12467853005562136,0.018644016908321164,0.0016458330010209465,1
4.778518438339233,-0.033197157084941864,-0.0447305329144001,0.384738028049469,-0.03147605433681482,-0.0010675101334235988,0.006999353361164751,0.02093472105922256,-0.024265392678387343,-0.1619306074560969,-0.016885094344615936,-0.08472723513841628,0.06629352271556856,0.6126012878164593,0.6653107174089421,25.986623088638666,-0.055222114117419126,0.11732944238984412,0.01898455492800468,0.0009598830001777969,1
4.788398265838623,-0.033956870436668396,-0.04461260139942169,0.3847891390323639,-0.032964754745109695,0.0025554122527264383,0.009970787767050505,0.02061460519676306,-0.025237599758071827,-0.16098439990173086,-0.01429132092744112,-0.10573094338178633,0.07867994159460069,0.6229619849000321,0.6586108731102097,25.97680118818692,-0.05507727185117656,0.130742496243336,0.017631055174984325,0.001658683999266941,1
4.798711776733398,-0.03433362767100334,-0.04454244300723076,0.3848351538181305,-0.03616473447991665,0.0012700699660548199,0.009148618127255537,0.020404514187814193,-0.027217287413806357,-0.15946585640668376,-0.01645493321120739,-0.08958458155393599,0.08004865795373918,0.6412707454687029,0.6578019608161376,25.97715543775709,-0.0535299029466977,0.12886685453118646,0.01708147769276086,0.0016797079988464247,1
4.808531284332275,-0.03472813963890076,-0.04448111355304718,0.3848918080329895,-0.036192793367175395,0.0017128436483218417,0.011783446106718262,0.020404514187814193,-0.027217287413806357,-0.15946585640668376,-0.01645493321120739,-0.08958458155393599,0.08004865795373918,0.6525839506457489,0.6557884855316599,25.97022255031901,-0.0534726063190645,0.12880517533363736,0.01695762176532948,0.0013747639986831928,1
4.818491220474243,-0.03510890156030655,-0.04441114142537117,0.38495752215385437,-0.03646165876097317,-4.734529561096791e-05,0.009561366319596892,0.020404514187814193,-0.027217287413806357,-0.15946585640668376,-0.01645493321120739,-0.08958458155393599,0.08004865795373918,0.6603444161128087,0.6545658807216795,25.969006399861822,-0.053475938616441,0.1287856675596948,0.016931081706562035,0.0010860929996852065,1
4.8284852504730225,-0.03548610955476761,-0.044384296983480453,0.3850253224372864,-0.03590539473216004,-0.0033463738647307993,0.010533717379172077,0.02010875471048612,-0.02980491248981787,-0.1574347063568693,-0.01295381411910057,-0.10450847446918486,0.07788976281881334,0.6672064926141252,0.6583026664965832,25.974386774955256,-0.05364251350704917,0.1287878846404981,0.01692828740686073,0.001124299000366591,1
4.838432312011719,-0.03584711253643036,-0.04433033987879753,0.38510406017303467,-0.03398284316114546,0.0023103796348651266,0.011043047533678338,0.019960600241311965,-0.030891287714252424,-0.15682422517650396,-0.02059284970164299,-0.07949446141719817,0.08860098570585252,0.6777742413305049,0.6669811569184407,25.97219362605921,-0.054793948935246486,0.1435491155961844,0.01700531903656109,0.0010483080004632939,1
4.848459720611572,-0.03584711253643036,-0.04433033987879753,0.38510406017303467,-0.03398284316114546,0.0023103796348651266,0.011043047533678338,0.019960600241311965,-0.030891287714252424,-0.15682422517650396,-0.02059284970164299,-0.07949446141719817,0.08860098570585252,0.683652473297725,0.6574383080197026,25.97030391104591,-0.049943729293263975,0.13436016013497037,0.015836515928309036,0.0008671979994687717,1
4.8584206104278564,-0.036216408014297485,-0.04429512098431587,0.3851688802242279,-0.03740683948070732,-0.0028244220349322845,0.010685501430605352,0.01983827221809431,-0.03148069323878033,-0.15594195673857136,-0.0025744920130819082,-0.08597105741500853,0.07887075096368791,0.6968411693948985,0.6658053574576543,25.970519605680398,-0.059013764181679765,0.13934559802197954,0.016573624288582813,0.0008248029989772476,1
4.868428468704224,-0.036604370921850204,-0.044238582253456116,0.3852293789386749,-0.03669126694152192,0.006152736073617832,0.009276318260518798,0.019469070862884408,-0.032833597785252966,-0.15493191755126823,-0.03182784467935562,-0.06767892092466353,0.07487882673740388,0.7101513176592558,0.6469720519842547,25.974112119209323,-0.04269643654397151,0.13422563416143002,0.01706254942140518,0.0008961139992607059,1
4.878429651260376,-0.03696238994598389,-0.04418545588850975,0.3852720260620117,-0.03528790927880385,-0.004763587661309136,0.007837728443453828,0.019244106098523783,-0.0332962594511832,-0.15408715588634925,-0.0060216025449335575,-0.0446520373225212,0.07204281538724899,0.7123987410566898,0.6616941376374105,25.97814343255772,-0.05558581679788023,0.123666104397454,0.017495514247936297,0.0008659409995743772,1
4.888440132141113,-0.03735227882862091,-0.04418407380580902,0.38530880212783813,-0.039605859705980316,0.0024600521245391584,0.006467949213102244,0.01921562392884857,-0.033545397237781494,-0.15335390385008107,-0.011795985512435436,-0.03635275736451148,0.07001420110464096,0.7281913480358954,0.6554444028450251,25.982137121373277,-0.05217994154645008,0.12057416571579974,0.017737626582592855,0.0008986289994936669,1
4.898475170135498,-0.03806951269507408,-0.044092413038015366,0.38532617688179016,-0.04142124573364122,-0.0007091991534693856,0.002880766513147816,0.018860053107367936,-0.033951031042561475,-0.15274041919449388,-0.021218780428171158,-0.010605759918689719,0.07680413126945496,0.7438677048050101,0.6584480155365147,25.991994931710053,-0.04669947297178729,0.10897982246690588,0.017032651918750547,0.0017532550009491388,1
4.908571004867554,-0.03846263512969017,-0.04401710629463196,0.38530442118644714,-0.03529558329582029,0.005400519404977619,0.0012611147138468688,0.018696002426035196,-0.03407300362579946,-0.15130219198814565,-0.016826985403895378,0.0119911301881075,0.07315418124198914,0.7415120233926039,0.6442086904612138,25.99793269472935,-0.047833375131794496,0.09716691569535972,0.017202542682591186,0.0011224129993934184,1
4.919476509094238,-0.038785554468631744,-0.04399407282471657,0.38529083132743835,-0.03632322326388213,-0.003171801279129378,0.0012384921880587993,0.018696002426035196,-0.03407300362579946,-0.15130219198814565,-0.016826985403895378,0.0119911301881075,0.07315418124198914,0.7417713029836127,0.6555264310402162,25.9988612104849,-0.04848687498297358,0.0971431297853648,0.017238623267594733,0.0009902649999276036,1
4.928436040878296,-0.03917025402188301,-0.04395277053117752,0.3852446675300598,-0.039080135353081476,0.0051801910661743835,-0.002747492320320884,0.018555773048416935,-0.03318950786451147,-0.15028729254510376,-0.003924712538719177,0.021534137427806865,0.07158596068620682,0.7419293974214365,0.6623636863788259,25.998990683949692,-0.04846501462728454,0.09714212229900718,0.017244354971434835,0.0030174539988365723,1
4.938663959503174,-0.039496373385190964,-0.04391271993517876,0.38520196080207825,-0.03324198720528104,-0.0016191290518218918,-0.00016640354589486306,0.018731857851802314,-0.03329339333254033,-0.14973808767464547,-0.0017962793353945017,0.06051477417349816,0.055951260030269616,0.7325648299888834,0.663409781439415,26.00302568615498,-0.055569654588089865,0.0702795764961528,0.01906021351650065,0.0024299159995280206,1
4.948451042175293,-0.03985222056508064,-0.04390550032258034,0.38515377044677734,-0.04037075118952571,0.0010706875233371797,-0.003246270090437663,0.018440183951508704,-0.032140925349442906,-0.14915794402068183,-0.010250824503600597,0.05071556195616723,0.0560770072042942,0.7277491330678588,0.6640265504452898,26.003751140887193,-0.05591692215144926,0.06999176740806133,0.01945650002852157,0.0010939859985228395,1
4.958592414855957,-0.04020337015390396,-0.04387076199054718,0.38509950041770935,-0.03404286502086087,0.0017742794076554187,-0.001243672825019998,0.01856453219822729,-0.03179539404187315,-0.14853105456326698,0.01249204482883215,0.096010223031044,0.05089193210005759,0.7426441215301367,0.6599377666522392,26.01206778584632,-0.05074542248431648,0.07230658410617184,0.019456986326614654,0.0025848330005828757,1
4.968457460403442,-0.04020337015390396,-0.04387076199054718,0.38509950041770935,-0.03404286502086087,0.0017742794076554187,-0.001243672825019998,0.01856453219822729,-0.03179539404187315,-0.14853105456326698,0.01249204482883215,0.096010223031044,0.05089193210005759,0.733761965323578,0.6555681549950083,26.008394238866746,-0.06212027893050834,0.04814005084413296,0.02005838631813439,0.0008478510007989826,1
4.9786107540130615,-0.04087541624903679,-0.043823663145303726,0.38499143719673157,-0.033171158278173844,-0.0016678832191642976,-0.0021012556102661954,0.018765948183832926,-0.02937487113647652,-0.14741071164637853,0.018414858728647232,0.10692205280065536,0.0405202843248844,0.7353946892253355,0.6525255721723044,26.013172356962027,-0.057550888039081545,0.042885383758222595,0.02010117558765578,0.0026863870007218793,1
4.988452672958374,-0.04087541624903679,-0.043823663145303726,0.38499143719673157,-0.033171158278173844,-0.0016678832191642976,-0.0021012556102661954,0.018765948183832926,-0.02937487113647652,-0.14741071164637853,0.018414858728647232,0.10692205280065536,0.0405202843248844,0.7229119806802905,0.6598036651412751,26.011341234802348,-0.06612116860099732,0.035146498966316414,0.021265680774416856,0.0008584679999330547,1
4.998589754104614,-0.04116947948932648,-0.04380714148283005,0.3849412500858307,-0.032456584266570235,0.002215821346651445,-0.0028375648053465927,0.01894277563656832,-0.027831259875983783,-0.14693250186807427,0.021897446364164352,0.12457886338233948,0.04582489654421805,0.7114393069977493,0.6559772817472221,26.013361294566906,-0.06806816362405335,0.021820548671941248,0.020933294920435542,0.002428657999189454,1
5.008666753768921,-0.041475288569927216,-0.04379955306649208,0.3848915100097656,-0.03408110141986066,-0.0019941628821729548,-0.0017478866343613514,0.018976205346609376,-0.0267373585297781,-0.14653714950811647,0.0064966133795678616,0.12826111912727356,0.030279265716671926,0.7049069768021646,0.6624974039293685,26.011004042288683,-0.06107053549611513,0.01672901037649292,0.022484890059941233,0.0008817270008876221,1
5.018494129180908,-0.04207240045070648,-0.04376586899161339,0.384808212518692,-0.03160547836765433,-0.004299407966648474,5.7465176398673046e-05,0.01920375356852455,-0.02535589094360713,-0.14619195820330955,0.03133433684706688,0.1314765065908432,0.033470056951045976,0.6915923287059355,0.6732380132807728,26.006039682229357,-0.0737572373267949,0.012753926508440268,0.022532693014292126,0.002476502999343211,1
5.028728008270264,-0.04238351434469223,-0.04381035268306732,0.3847901225090027,-0.03451061991002306,0.0006292070049724048,0.0025243746950658432,0.019447036885966718,-0.023366852971513197,-0.14567301268023192,0.009616140276193619,0.14283281564712524,0.024451335892081243,0.6875444262219903,0.667969299804013,25.999258269046113,-0.06348103196870196,0.0025429130811284485,0.023436328405978542,0.0009392789997946238,1
5.03842830657959,-0.04265328869223595,-0.04379844292998314,0.384783536195755,-0.025228086840791693,-0.0002496608952651592,0.005465658746365445,0.019479825009097507,-0.022050692351483825,-0.14542054658534376,0.006329100579023361,0.13765788078308105,0.01885311305522917,0.6617951125777762,0.6631886091419162,25.990838001768235,-0.06208758420868043,-0.0006035402320922682,0.02423522055587423,0.002491588998964289,1
5.048458099365234,-0.04288417845964432,-0.04383598268032074,0.38479042053222656,-0.026897078382002376,-0.0010926037786533542,0.004718983598128917,0.019578328442102944,-0.020445764647984088,-0.14517579236445055,0.015171264298260212,0.13204053044319153,0.023911561816930754,0.647741995765493,0.6640478326950089,25.991641855688464,-0.06674999989300681,-0.0018233001217789345,0.023864794226991313,0.0008876629999576835,1
5.058450222015381,-0.04309716075658798,-0.04383417218923569,0.3848043978214264,-0.0201398692547054,0.002314791876127512,0.0065828081749674,0.01960507302262604,-0.019057366378647966,-0.14491499294578114,-0.011348827742040157,0.13742229342460632,0.017451256513595564,0.6219466667507062,0.6522224846082117,25.987137981688623,-0.05348798522153789,-0.009341789841582371,0.02442876602908386,0.002423071000521304,1
5.068641185760498,-0.04309716075658798,-0.04383417218923569,0.3848043978214264,-0.0201398692547054,0.002314791876127512,0.0065828081749674,0.01960507302262604,-0.019057366378647966,-0.14491499294578114,-0.011348827742040157,0.13742229342460632,0.017451256513595564,0.6070476912369213,0.6451844127295047,25.98643957534107,-0.053345828128263745,-0.011304476308285294,0.024558187601576163,0.0008479909993184265,1
5.0784385204315186,-0.04353402554988861,-0.04390668496489525,0.38484862446784973,-0.025813184505481392,0.004509026025491103,0.006598404072392808,0.01966331220246076,-0.015939078665066386,-0.1443770014786665,-0.008368924260139465,0.11371158063411713,0.0027083540335297446,0.609845597993951,0.6673806209170569,25.98660933404392,-0.0662085452346875,-0.014374474655065124,0.02474555758026143,0.0026322579997213325,1
5.088350534439087,-0.04353402554988861,-0.04390668496489525,0.38484862446784973,-0.025813184505481392,0.004509026025491103,0.006598404072392808,0.01966331220246076,-0.015939078665066386,-0.1443770014786665,-0.008368924260139465,0.11371158063411713,0.0027083540335297446,0.6099811210014732,0.6520908092138176,25.98630413229914,-0.055104627026299174,-0.007918153802323556,0.026142740623505623,0.0008363270007976098,1
5.098450183868408,-0.043712977319955826,-0.04393649846315384,0.38489219546318054,-0.01890047092739303,-0.006476168639965264,0.009887534140214807,0.019595582405349088,-0.014538945487311494,-0.14461650400204595,0.00027428497560322285,0.13407070934772491,0.001680532237514837,0.5859225593499646,0.6658050512632644,25.977553214100503,-0.0599930792881288,-0.022752555308703036,0.026653114702836628,0.0025531930004945025,1
5.1084675788879395,-0.043879684060811996,-0.04399827867746353,0.38493648171424866,-0.018360570076435365,-6.179662211074134e-05,0.008294738845055553,0.01967455383120953,-0.013299030361894726,-0.14451093119631953,0.007087527308613062,0.12384599447250366,-0.004821262322366252,0.5712081414971805,0.6607442595611247,25.98043360202993,-0.06304817654736179,-0.021376130228168193,0.027441182899803865,0.0008296920004795538,1
5.119707822799683,-0.04408523440361023,-0.04414845630526543,0.38503167033195496,-0.017642788584398716,-0.0018139104965004009,0.007289259235198216,0.019629864957718457,-0.012306196150565718,-0.14466191174697807,-0.014113270677626133,0.08855833858251572,-0.010977388359606276,0.562307308719916,0.6576738849403789,25.980866932270576,-0.0631111818502519,-0.02131113631453626,0.027616311962848944,0.001887847000034526,1
5.128352880477905,-0.04418008029460907,-0.04418693110346794,0.3850726783275604,-0.007921818684755551,-0.00417073437281396,0.010219787236778877,0.019706677886992097,-0.010950905044456949,-0.14454429477386732,0.011965672485530376,0.08275644481182098,-0.0041369735263288125,0.53082895471949,0.6627617772030046,25.975544471101077,-0.06594215897468268,-0.008513308520234623,0.02757579015689539,0.0009027500000229338,1
5.138755559921265,-0.044261302798986435,-0.04429953545331955,0.38512468338012695,-0.014928657598827047,-0.008057742310437176,0.009015492153217338,0.019807015072049516,-0.010037184701778834,-0.1448248323725596,0.0057599772699177265,0.08086579293012619,-0.017449939623475085,0.5247475529968197,0.6775357115759367,25.977684206786563,-0.06368437509426747,-0.00931188203489477,0.029003648269568517,0.002444443000058527,1
5.148677110671997,-0.04432959854602814,-0.04436526447534561,0.38517364859580994,-0.004551850731011849,-0.0020482346794702716,0.009122748857783325,0.019822081213999976,-0.00937224703716133,-0.1447987404776061,0.00019586920097935945,0.07341504096984863,-0.005801964551210412,0.49864741956966496,0.6690096927485784,25.977896012574586,-0.060158290950063496,-0.00743610857814252,0.028072040892667818,0.0021310479987732833,1
5.158425569534302,-0.04432959854602814,-0.04436526447534561,0.38517364859580994,-0.004551850731011849,-0.0020482346794702716,0.009122748857783325,0.019822081213999976,-0.00937224703716133,-0.1447987404776061,0.00019586920097935945,0.07341504096984863,-0.005801964551210412,0.48307922472709747,0.6640303293472585,25.97779164142402,-0.06014854932808075,-0.008246679001773151,0.027858009291582223,0.0008829839989630273,1
5.168429374694824,-0.04438290372490883,-0.04457186907529831,0.3852769136428833,-0.004450458119247622,-0.001749810967669401,0.009044189001885803,0.020043235383382818,-0.008398268417406207,-0.14520291025144072,-0.00406288169324398,0.042769670486450195,-0.02045561000704766,0.4772974786359195,0.6816449656285981,25.977772570476084,-0.0610083899107374,-0.00807054445946682,0.0278153131239141,0.0011667649996525142,1
5.178441524505615,-0.04438290372490883,-0.04457186907529831,0.3852769136428833,-0.004450458119247622,-0.001749810967669401,0.009044189001885803,0.020043235383382818,-0.008398268417406207,-0.14520291025144072,-0.00406288169324398,0.042769670486450195,-0.02045561000704766,0.4703603049318304,0.6720879006716591,25.977619747484336,-0.05870006039588299,0.004265150932975139,0.029370770046858282,0.0008555340009479551,1
5.188433408737183,-0.0443526990711689,-0.04467475786805153,0.3853277862071991,0.0005558383734015128,-0.011077789600147613,0.008760086242416112,0.02000627028426205,-0.008403345972372911,-0.14566654940381785,0.002825134200975299,0.006762189324945208,-0.027599137276411057,0.454404000412274,0.686897195165075,25.978028065450122,-0.06285483011945113,0.021865681084739158,0.030513567964648207,0.0008745319992158329,1
5.198434591293335,-0.04432890564203262,-0.04480387642979622,0.38536936044692993,0.0004855732349030454,-0.005133620955161438,0.007705047244337316,0.020250381551907726,-0.008100158731760843,-0.14607156633292684,0.0035938480868935585,0.0006759508978575423,-0.03753895312547684,0.44644198815212416,0.6837775435488781,25.980779754787186,-0.06342354733288269,0.02444306271986167,0.031854905663859796,0.000855254998896271,1
5.2084267139434814,-0.0442536398768425,-0.044923704117536545,0.3854047358036041,0.004750597344405799,-0.01211864609604415,0.007585989266650911,0.020087261155899316,-0.00819577692048723,-0.14649371601485228,-0.006008991971611977,-0.0151345506310463,-0.03555732220411301,0.43067819237675575,0.695671560218298,25.981319665518225,-0.058839126902120356,0.032181551941774446,0.03197068126166714,0.0008633569996163715,1
5.2184319496154785,-0.04407592490315437,-0.04518651217222214,0.38546717166900635,0.011463502414178412,-0.009351936177440361,0.006791399791367452,0.020258406544696683,-0.00844318511434361,-0.14678351393998135,0.010007723234593868,-0.019257735460996635,-0.04311945289373398,0.40677225033972925,0.6972521719221496,25.98330295924675,-0.06682318884919733,0.03449960836956321,0.032835275511367355,0.0008470830016449327,1
5.228440999984741,-0.0439627505838871,-0.04534825682640076,0.3854798972606659,0.004824826708814951,-0.011787669821906802,0.003563639215099301,0.020215041938330458,-0.008662033972195449,-0.14763625340987874,-0.006377836223691702,-0.02533844485878945,-0.05812599137425423,0.4070506497608022,0.7058603658219329,25.99196877398933,-0.059055711045311994,0.038804120603211374,0.03468158535631779,0.0009151120011665625,1
5.238733530044556,-0.04383794963359833,-0.04548690840601921,0.38548514246940613,0.013480205720684162,-0.009181248403641607,0.004583831864555877,0.02025933013220893,-0.009272779346954252,-0.1480081152552284,0.0036195439752191305,-0.05297613516449929,-0.039757832884788506,0.3914960592153148,0.7034575499687297,25.990582150502817,-0.06363931890997358,0.05368476440561554,0.03313831448078623,0.000885776998984511,1
5.248612880706787,-0.04367298260331154,-0.04564439132809639,0.3854817748069763,0.010350552922229871,-0.013102418082668862,0.0014167568552319312,0.02025933013220893,-0.009272779346954252,-0.1480081152552284,0.0036195439752191305,-0.05297613516449929,-0.039757832884788506,0.3873499220965545,0.7131483300012105,25.99864441736621,-0.06412530464415042,0.05420452349924313,0.03278923050351072,0.0024767819995759055,1
5.258677244186401,-0.04367298260331154,-0.04564439132809639,0.3854817748069763,0.010350552922229871,-0.013102418082668862,0.0014167568552319312,0.02025933013220893,-0.009272779346954252,-0.1480081152552284,0.0036195439752191305,-0.05297613516449929,-0.039757832884788506,0.38483709044804804,0.7189934138456414,25.999834065266214,-0.06410665794796046,0.05422581725065921,0.03270924924684062,0.0008505749992764322,1
5.268460988998413,-0.04329439625144005,-0.04600278288125992,0.3854430615901947,0.014028684921214975,-0.014594143460570912,0.0007577966747066439,0.020671119641339608,-0.011223664309563564,-0.1499220956063061,0.0256738793104887,-0.08027655631303789,-0.06521759182214736,0.3797150902389449,0.7288475860207491,26.001654270275953,-0.0759897881211196,0.07206916658604559,0.03553503198235397,0.002606903999549104,1
5.278694152832031,-0.04329439625144005,-0.04600278288125992,0.3854430615901947,0.014028684921214975,-0.014594143460570912,0.0007577966747066439,0.020671119641339608,-0.011223664309563564,-0.1499220956063061,0.0256738793104887,-0.08027655631303789,-0.06521759182214736,0.37593907091946205,0.7350928193016955,26.001990185307122,-0.0765309443559947,0.07332941779538565,0.03618858221644634,0.0009755290011526085,1
5.288445711135864,-0.042862776666879654,-0.04637383669614792,0.3853631019592285,0.021176312226064104,-0.01492061359830056,-0.0007636313080616587,0.0210559047520551,-0.013380140409790187,-0.15160601145567965,0.02045886032283306,-0.09428300708532335,-0.06862087547779082,0.3653519214704947,0.732566773911404,26.002183803178404,-0.07147882130505093,0.07671444263449348,0.0374650539991642,0.004713227001047926,1
5.298961639404297,-0.042862776666879654,-0.04637383669614792,0.3853631019592285,0.021176312226064104,-0.01492061359830056,-0.0007636313080616587,0.0210559047520551,-0.013380140409790187,-0.15160601145567965,0.02045886032283306,-0.09428300708532335,-0.06862087547779082,0.35496919104260105,0.7378703947314625,26.00634125729498,-0.07495849328632392,0.08591912538243578,0.037097773857998735,0.0008505749992764322,1
5.308532953262329,-0.042372845113277435,-0.04678836837410927,0.3852598965167999,0.024996412778020546,-0.016354048807102926,-0.0026222045986183627,0.021514670157291693,-0.015043021423286174,-0.15327552372319753,0.0158681720495224,-0.10713640600442888,-0.0672357678413391,0.3575880403998605,0.7461237714742448,26.01390693938244,-0.08102196024714707,0.0895248295319542,0.03760660330545051,0.003052726000532857,1
5.318448305130005,-0.042372845113277435,-0.04678836837410927,0.3852598965167999,0.024996412778020546,-0.016354048807102926,-0.0026222045986183627,0.021514670157291693,-0.015043021423286174,-0.15327552372319753,0.0158681720495224,-0.10713640600442888,-0.0672357678413391,0.3437233145068309,0.7506104791971723,26.01328325243535,-0.07424662257453257,0.09695142863382913,0.03709037315981671,0.0008596559982834151,1
5.328698635101318,-0.04183744266629219,-0.04722508043050766,0.38512831926345825,0.027104727541924053,-0.016403521016057923,-0.002256467228464717,0.02172680727047993,-0.016203036655282776,-0.15382308239926124,0.02435978874564171,-0.10893788188695909,-0.07737785577774046,0.3307421377056262,0.7554306194328649,26.01268032524948,-0.0789627774396617,0.1010846313867366,0.03809925927436451,0.002074054000331671,1
5.338440895080566,-0.04153306409716606,-0.04746780917048454,0.3850667476654053,0.024352099490111898,-0.01949051422541408,-0.004362047650370028,0.02209565628335408,-0.017379149860166976,-0.15513389480659123,0.015059649012982845,-0.08884413540363313,-0.08270445466041564,0.32774711567441406,0.7677946983201108,26.01823621085315,-0.07582045243313451,0.09472872262297147,0.03900080225177827,0.0008703410003363388,1
5.3484673500061035,-0.041246846318244934,-0.04770169034600258,0.3850075900554657,0.02649478192724835,-0.015409101519218801,-0.0036702742526994216,0.022268957153623425,-0.018419821197014574,-0.1558972006712258,0.023892370983958244,-0.10198739916086198,-0.09346909075975417,0.3244948450203916,0.7671379342510597,26.017489609306292,-0.08025746286280311,0.10398057091077031,0.04040336367208127,0.0026010359997599153,1
5.358463287353516,-0.04093104228377342,-0.047949180006980896,0.3849506676197052,0.02727548740363671,-0.022566693293632423,-0.0021875454091572033,0.02261631332615499,-0.01946115869759968,-0.1568699777194551,0.026890277862548828,-0.10370165109634401,-0.08587602525949477,0.31886651089589324,0.7843383177527363,26.013553151299355,-0.0834972479755765,0.10781526499649897,0.039980654863600376,0.0008613310001237551,1
5.368445873260498,-0.04065151512622833,-0.048232581466436386,0.38490888476371765,0.025011520827963537,-0.01915987581550239,-0.000372139474970819,0.022782396600019794,-0.020316627841269863,-0.15767765793832567,0.010707125999033451,-0.0893869996070862,-0.08376857638359068,0.32159072555942725,0.7869388834589143,26.008222015484794,-0.07544252687642862,0.102289570830797,0.03969696909088921,0.002585182000984787,1
5.378466606140137,-0.04065151512622833,-0.048232581466436386,0.38490888476371765,0.025011520827963537,-0.01915987581550239,-0.000372139474970819,0.022782396600019794,-0.020316627841269863,-0.15767765793832567,0.010707125999033451,-0.0893869996070862,-0.08376857638359068,0.32241291327108207,0.789081814220222,26.007548417466847,-0.07555124544469538,0.10334545112588758,0.03964164496504091,0.0008007760006876197,1
5.388445138931274,-0.0403226763010025,-0.0484720915555954,0.3848891854286194,0.0334640703220337,-0.01901980129789082,0.0014954512078297181,0.022975278417243672,-0.021449742792895687,-0.1588390453390165,0.02337891049683094,-0.09580793231725694,-0.09293270111083983,0.3047709840061291,0.7889793993508135,26.002723322717966,-0.08229596872106301,0.10897502918687041,0.0407099328817839,0.002867496999897412,1
5.398461818695068,-0.039984554052352905,-0.04874209687113762,0.3848792612552643,0.02736209153238251,-0.01954951315789718,8.532319477415156e-05,0.02318844452712776,-0.02223448170802822,-0.16021225428907426,-0.006181676872074604,-0.09597568958997728,-0.10451029241085051,0.3079469795321667,0.7916393653601794,26.005680010312105,-0.0685698739710458,0.11198177215579003,0.042256094256297096,0.0008181670000340091,1
5.408451795578003,-0.03928714618086815,-0.04926413297653198,0.3848925828933716,0.03233782499166659,-0.025387848602743998,0.004698962000872566,0.023478841085538882,-0.02379197070966166,-0.16235367077978857,0.01324846688657999,-0.08291252702474596,-0.11006929725408553,0.2913409337982803,0.791958574085907,25.997246949383356,-0.07494260498866848,0.09776392629757052,0.04203722796013159,0.0031366800012619933,1
5.4185121059417725,-0.03928714618086815,-0.04926413297653198,0.3848925828933716,0.03233782499166659,-0.025387848602743998,0.004698962000872566,0.023478841085538882,-0.02379197070966166,-0.16235367077978857,0.01324846688657999,-0.08291252702474596,-0.11006929725408553,0.2840755234168374,0.807947123397599,25.99266874968577,-0.07944659445798676,0.10912229559764015,0.04333775999789469,0.0008298319989989977,1
5.428468465805054,-0.03897606581449509,-0.04950399324297905,0.3849165141582489,0.028821704907242923,-0.013860503214863023,0.004982944578202141,0.02339833943800862,-0.024601278147278638,-0.16337912088814832,-0.004716516472399235,-0.046158805489540114,-0.1071895956993103,0.2889091755380921,0.7918235491898644,25.99126663362501,-0.06926348067787626,0.0938123204153169,0.043400190398007285,0.0024889350006560562,1
5.438457012176514,-0.038317643105983734,-0.0500580295920372,0.3850189745426178,0.028610748767724303,-0.019253382949389556,0.0072574517969630865,0.023515618502463642,-0.02507898101259709,-0.1646038416026787,0.0034283220302313566,-0.05229027569293977,-0.11465410143136978,0.2879161385160941,0.7967351454298759,25.98463976016861,-0.07411610714589174,0.09780583949010034,0.04430495514484305,0.0008546959998056991,1
5.448464393615723,-0.03796004131436348,-0.0502941831946373,0.3850838840007782,0.041434104434776874,-0.025027073455193553,0.011783517064714833,0.023520220997208963,-0.02587151416925959,-0.16635585844101897,-0.006274573039263487,-0.0496063567698002,-0.12230623513460159,0.25433232440312986,0.8068599360409393,25.97175847302848,-0.06978478506619008,0.09746300148960522,0.04547314480863265,0.0025906999999278923,1
5.458532333374023,-0.03757047653198242,-0.05060388520359993,0.3851720690727234,0.033323887972040056,-0.02411652143324412,0.00920318251920765,0.023424416610739573,-0.025667615792444476,-0.16758616910116952,-0.011738806031644344,-0.02740271389484407,-0.12596353888511658,0.2488633528590826,0.8149648583842263,25.97619556294306,-0.0667221543680684,0.0866213724297033,0.046215572966598575,0.0008337430008396041,1
5.46859335899353,-0.037240173667669296,-0.050825558602809906,0.38522472977638245,0.03582376570442842,-0.01941035379651199,0.008326605013706823,0.023659761839129878,-0.026090383476276013,-0.16848236707643416,0.014493395574390888,-0.009147472679615035,-0.11101413518190384,0.24058491395899703,0.8115295305852547,25.979170993047784,-0.07945183591404831,0.07783299502566142,0.044875279685063524,0.0026039700005640043,1
5.478452444076538,-0.03687405213713646,-0.05113564431667328,0.38530728220939636,0.03327339887852609,-0.03177756815945577,0.010277673602052626,0.023500331189735935,-0.02671427384215308,-0.1698767581552847,-0.01956786960363388,-0.018216619268059744,-0.12420934438705444,0.23468834660455792,0.8097450300200406,25.979475754686,-0.08001305668546822,0.07828089787062911,0.04458036663637801,0.0009997649995057145,1
5.488598585128784,-0.0365774892270565,-0.05140241980552673,0.38536807894706726,0.03108034468645113,-0.017092863105648292,0.0064730411401758324,0.023384142143795028,-0.02633750302243465,-0.17100119260893099,-0.021204741671681404,-0.019908068701624888,-0.13115045428276062,0.24153218661981612,0.8035246625264206,25.98411353545967,-0.061668769145002675,0.08530393654611156,0.046776756860558176,0.0017885970009956509,1
5.4984283447265625,-0.0365774892270565,-0.05140241980552673,0.38536807894706726,0.03108034468645113,-0.017092863105648292,0.0064730411401758324,0.023384142143795028,-0.02633750302243465,-0.17100119260893099,-0.021204741671681404,-0.019908068701624888,-0.13115045428276062,0.2448865693209638,0.800309690079978,25.984622246456336,-0.06122437808509025,0.08486087915991276,0.04729041610945037,0.0008596549996582326,1
5.50867486000061,-0.035833727568387985,-0.05200108513236046,0.3855140805244446,0.03503173140239322,-0.021085570676553755,0.0037816847519029527,0.022976148532579455,-0.026258569234458573,-0.17421378491402617,-0.0317307710647583,-0.01713333465158941,-0.13871289789676666,0.2111718607018436,0.8329384941668873,25.968345547124223,-0.06273135200283762,0.0834541117414734,0.04743991116035555,0.003207641999324551,1
5.518362045288086,-0.035833727568387985,-0.05200108513236046,0.3855140805244446,0.03503173140239322,-0.021085570676553755,0.0037816847519029527,0.022976148532579455,-0.026258569234458573,-0.17421378491402617,-0.0317307710647583,-0.01713333465158941,-0.13871289789676666,0.21185055154724045,0.8263437435539126,25.98896651436103,-0.055102824727406026,0.08281218773916729,0.048474302216632785,0.0008539280006516492,1
5.528632640838623,-0.03512141481041908,-0.052549853920936584,0.38559502363204956,0.03164682801901414,-0.026560648478389525,0.004700194159437371,0.022650217460872923,-0.02630196708701016,-0.17674128159088953,-0.03255348280072212,-0.005073669832199829,-0.13944627344608307,0.1931970733537708,0.8336899625349398,25.984209109261922,-0.064776478342291,0.07031187272261413,0.04741890485801454,0.002924700000221492,1
5.538457632064819,-0.03512141481041908,-0.052549853920936584,0.38559502363204956,0.03164682801901414,-0.026560648478389525,0.004700194159437371,0.022650217460872923,-0.02630196708701016,-0.17674128159088953,-0.03255348280072212,-0.005073669832199829,-0.13944627344608307,0.20120331125609994,0.8412482747055144,25.98853648416265,-0.05438416627548785,0.07689832571016209,0.04872902054113316,0.0009480089993303409,1
5.548668146133423,-0.03442502021789551,-0.053114909678697586,0.3856290578842163,0.03871205450826943,-0.030171675589224983,0.002550883450460846,0.022351834723668862,-0.026645444541314678,-0.1781939673095243,-0.02952832542359829,0.03320408239960669,-0.1382497400045395,0.18293196337680678,0.8529954916104839,25.994810919634713,-0.05499852363123629,0.058113375016293725,0.04906451674581003,0.0023875900005805306,1
5.5584588050842285,-0.034089937806129456,-0.05338781327009201,0.38561350107192993,0.03620592123303073,-0.02169027377956043,5.483638056904728e-05,0.022075052076122148,-0.025914743595606193,-0.18017081296801418,-0.019856292754411697,0.03068182617425917,-0.13226015865802765,0.1780959344674504,0.8435242865254463,26.00243115452916,-0.058192865459904965,0.05737306413200128,0.048628862153763434,0.0008712500002729939,1
5.568443775177002,-0.033738818019628525,-0.05366264656186104,0.3855884373188019,0.039543110409390965,-0.03095774215999557,3.9715022964110094e-05,0.021704552041180936,-0.026045078530810617,-0.18155268472460717,-0.04004577547311783,0.03179604560136794,-0.13758888840675354,0.16192762035087307,0.8556440380767144,26.003751079604058,-0.048047876967747344,0.056693673703168856,0.04918418519624244,0.0008464550010103267,1
5.578617095947266,-0.03341813012957573,-0.05396244674921036,0.38555899262428284,0.03285025009337613,-0.025048029234936924,-0.002479241665557398,0.021557647058835006,-0.02532922488778233,-0.18283010162576474,-0.022141894325613976,0.03870651870965956,-0.13681557774543762,0.16691980637454085,0.8545519543525513,26.01048307980039,-0.05601664710172374,0.05291623338095977,0.04932008772680769,0.0024386459990637377,1
5.588618516921997,-0.033117350190877914,-0.05421949923038483,0.38551265001296997,0.0359988503092511,-0.026780930257259725,-0.0017843493951454873,0.021319313997379297,-0.025367228990898383,-0.18406443274861228,-0.03039589151740074,0.02980224229395388,-0.12745937705039978,0.16917146049300066,0.8544393904025448,26.011568420608913,-0.05595370194467849,0.05184790048990028,0.0493617316082327,0.0010746389998530503,1
5.59844708442688,-0.03278340399265289,-0.05451187863945961,0.3854728639125824,0.038291531400927115,-0.0280537394730829,-0.0011870715970857433,0.02107794377228167,-0.02503151540924131,-0.18545798250762502,-0.03018767759203911,0.021719787269830686,-0.13235017657279968,0.15449744415548242,0.8580155426161393,26.008693082110007,-0.05113132026812725,0.05931209226561347,0.0490444703165283,0.002432989000226371,1
5.608370304107666,-0.03278340399265289,-0.05451187863945961,0.3854728639125824,0.038291531400927115,-0.0280537394730829,-0.0011870715970857433,0.02107794377228167,-0.02503151540924131,-0.18545798250762502,-0.03018767759203911,0.021719787269830686,-0.13235017657279968,0.1447697205679209,0.8607576319951115,26.00839705076081,-0.050702161916352316,0.05900615781592108,0.04899011719754666,0.0008248720005212817,1
5.6184375286102295,-0.032156359404325485,-0.05505680292844772,0.38538482785224915,0.036588892360774734,-0.03014077802960374,-0.000651950657754574,0.020535305838167872,-0.024171305535345855,-0.18853770291514982,-0.0348922461271286,0.021732782945036874,-0.1197340115904808,0.14054174441144843,0.8603032638332954,26.00849672922266,-0.060185227084324854,0.05141727769625455,0.048187918961977994,0.002842841000529006,1
5.628463506698608,-0.032156359404325485,-0.05505680292844772,0.38538482785224915,0.036588892360774734,-0.03014077802960374,-0.000651950657754574,0.020535305838167872,-0.024171305535345855,-0.18853770291514982,-0.0348922461271286,0.021732782945036874,-0.1197340115904808,0.13329862446608642,0.8675048853604728,26.00729771793118,-0.047143536225339344,0.056532914552512636,0.04764622553870517,0.0008363970009668265,1
5.638429880142212,-0.03187434747815132,-0.05533045157790184,0.3853500187397003,0.03208929580709142,-0.02805370552131173,-0.0004279244145940984,0.02032203050733239,-0.02393478062147869,-0.18969160461777257,-0.0136102931573987,0.02442079037427901,-0.11954985558986664,0.13739987215403096,0.8712972065724863,26.00656095936904,-0.05670857430269062,0.055027890528590764,0.047606958895676156,0.002479016999132,1
5.648664951324463,-0.03160586208105087,-0.055603183805942535,0.385328471660614,0.03489948804784498,-0.03086880412289905,0.0016986681162419741,0.02012886398032343,-0.023831407377256753,-0.19082207664964246,-0.012067859061062336,0.025246897712349878,-0.10754174739122391,0.12991621707995113,0.878853206018695,26.00097921295448,-0.05725813817946222,0.053967559070583836,0.04639560824876422,0.0008952759999374393,1
5.658438205718994,-0.03108651377260685,-0.05613001063466072,0.3853076994419098,0.030234302886291857,-0.02553185677045716,0.0017510088090426697,0.0199685394866278,-0.023581972875486468,-0.19185925859774589,-0.027962293475866318,0.021708417683839784,-0.11622343957424164,0.1350541177868969,0.8734532612252965,26.000116867685467,-0.0485465474467309,0.05548703490095197,0.04709316722163924,0.0024697980006749276,1
5.668471097946167,-0.030829988420009613,-0.056389302015304565,0.3853062391281128,0.03590914510441239,-0.03112993480255842,0.00596657864212588,0.01986794439254025,-0.02356055373680599,-0.193540295230346,-0.0019351622322574258,-0.001984365284442914,-0.10347848385572433,0.12219382341531218,0.8823366130402354,25.9889484310827,-0.06146931965497674,0.06659334805495905,0.04602384336611459,0.000880190000316361,1
5.678447484970093,-0.03057830035686493,-0.0566655732691288,0.3853164315223694,0.030113495629149552,-0.027885230484513242,0.005957108462725758,0.01985271509437725,-0.02327175389018077,-0.19446150935110484,-0.017216145992279053,0.015560819767415511,-0.09576054662466049,0.12524241803965602,0.8825250805898062,25.987225422160186,-0.05379477825658067,0.057842572911916065,0.045003396500768796,0.0024358530008612433,1
5.688653945922852,-0.030365245416760445,-0.056911077350378036,0.38532984256744385,0.03261746368668965,-0.029896936313047524,0.007097326709774959,0.019751600722220708,-0.023405438177357407,-0.19540674698526406,-0.007055326830595732,0.004267070908099402,-0.09295152127742767,0.12085032039300905,0.8868402233041249,25.98399582107583,-0.058719544378973275,0.06322497049680192,0.04453098599967097,0.0008937389993661782,1
5.6984381675720215,-0.030152644962072372,-0.05718657001852989,0.38535940647125244,0.02616007854818439,-0.029164759132889594,0.008180022237835583,0.019755674762557796,-0.02322981904411403,-0.19631075575714707,-0.007134506478905678,-0.000295595091301959,-0.09116467833518982,0.13139945580816056,0.891364254047705,25.980499948177894,-0.05867978832711356,0.06611820701417992,0.04428043949046588,0.002521413000067696,1
5.708354711532593,-0.02996612899005413,-0.05740981549024582,0.38539358973503113,0.031366298603281106,-0.026464334935717135,0.009919854854075837,0.01958583636536293,-0.02318698833087085,-0.19704231997897637,-0.016206396743655205,0.005155106075108042,-0.08021766692399979,0.13717098354930574,0.894632904670223,25.979882614674384,-0.05867624429106974,0.06588925891010695,0.044236382796849286,0.0009969710008590482,1
5.718358039855957,-0.029739875346422195,-0.057663220912218094,0.3854471743106842,0.030739449571038698,-0.03184308954741128,0.011399295195317212,0.019705850580833406,-0.023230643635576698,-0.19812130014151652,0.004452049266546965,-0.014187734574079524,-0.08177968859672546,0.1280685352136976,0.8874503207531963,25.975260949027007,-0.05331833599867402,0.06259288228431789,0.04310753828841373,0.0032779769990156638,1
5.728557109832764,-0.029739875346422195,-0.057663220912218094,0.3854471743106842,0.030739449571038698,-0.03184308954741128,0.011399295195317212,0.019705850580833406,-0.023230643635576698,-0.19812130014151652,0.004452049266546965,-0.014187734574079524,-0.08177968859672546,0.12147084295674797,0.8980878072215523,25.970406808651912,-0.06439826457679423,0.07224971613451134,0.043099629412510776,0.000947451000683941,1
5.738467454910278,-0.029357364401221275,-0.05814829096198082,0.38556239008903503,0.03068028639245301,-0.033749253464656126,0.011594981895674508,0.019443591653364845,-0.023408391296310782,-0.19970837116047724,-0.002319204155355692,-0.01897711865603925,-0.07230006903409958,0.12358453681979858,0.8929767328838163,25.972329960630436,-0.05350573604127253,0.06938815503854417,0.04153616578042374,0.00272640900038823,1
5.7486350536346436,-0.029357364401221275,-0.05814829096198082,0.38556239008903503,0.03068028639245301,-0.033749253464656126,0.011594981895674508,0.019443591653364845,-0.023408391296310782,-0.19970837116047724,-0.002319204155355692,-0.01897711865603925,-0.07230006903409958,0.11631369058917093,0.9061786766410194,25.96909674964468,-0.0604543326853888,0.07523211259019778,0.04182603824598509,0.0010365029993408825,1
5.758434772491455,-0.02920345403254032,-0.05838803946971893,0.3856211006641388,0.02215326467155175,-0.02394938178365798,0.01020843909253992,0.019536910367338844,-0.023718376456548285,-0.20031238109401306,0.005778617691248655,-0.024941049516201026,-0.06678488105535507,0.13611171675843056,0.8979565339585668,25.97197000427546,-0.06404340458662108,0.08019591788056103,0.04132106802871258,0.0008774660000199219,1
5.768461465835571,-0.028935259208083153,-0.05883124843239784,0.38573187589645386,0.01811903852582841,-0.028265029439904752,0.009329724116509844,0.019398473970110075,-0.024094362666467806,-0.20103262297877933,-0.017632724717259407,-0.020451555028557784,-0.05476725473999977,0.1541867367865052,0.9039927460754557,25.974252041718465,-0.05259386910900164,0.07937396192428096,0.03994388660618822,0.0025154069990094285,1
5.778647184371948,-0.028851374983787537,-0.059001948684453964,0.3857760429382324,0.023387167891233598,-0.024708032389082053,0.009545400734094158,0.019374794256092454,-0.024557667690433327,-0.20164711566825444,0.010646581649780273,-0.028775826096534736,-0.04345737025141715,0.15597017113128928,0.900149107011575,25.97394142869597,-0.0658810090757228,0.08437299052667092,0.038492441471951,0.0008359069997823099,1
5.78846287727356,-0.028711136430501938,-0.059224683791399,0.3858266770839691,0.026084639301305203,-0.032681479942009185,0.010575457475815089,0.01932634421671464,-0.024851040933611124,-0.20241025406029278,-0.005639599170535803,-0.013633001595735557,-0.049668144434690475,0.14535123094634786,0.9136083934391596,25.97102368295849,-0.05861351578963069,0.07731340754686822,0.03889098662729548,0.002566114000728703,1
5.798664093017578,-0.028589315712451935,-0.0593983493745327,0.38585662841796875,0.023909793661450744,-0.02023575689014969,0.006362000967373552,0.01930111494970399,-0.024866505599529187,-0.20267902754652356,-0.010243924334645271,-0.032756339758634574,-0.04041937366127967,0.1519956154581702,0.8953692928022623,25.9817697330174,-0.054992463212930644,0.08726652729405089,0.03796561062921946,0.0008714590003364719,1
5.808436155319214,-0.028471508994698524,-0.05955057591199875,0.38586661219596863,0.021393817960866483,-0.02827703071071993,0.005107565782127025,0.019322241866194023,-0.0253532771467615,-0.20311883579489987,0.006357389967888594,-0.02950946241617203,-0.034973308444023125,0.1583761173660823,0.9058636162109591,25.98640262674522,-0.0639783883355848,0.08663271089560921,0.03722066877764321,0.002531959000407369,1
5.8186140060424805,-0.028421703726053238,-0.05973939225077629,0.3858681619167328,0.013901818001713239,-0.022722476906520916,0.0029870565112205196,0.01916673036352412,-0.02567649131409233,-0.20331345930590672,-0.02365115098655224,-0.028869790956377987,-0.02401414886116981,0.16181973610856118,0.9124621142197531,25.98704547751965,-0.06413042248844995,0.08727097532844821,0.03705988920163047,0.001080366000678623,1
5.828444480895996,-0.028354166075587273,-0.059867069125175476,0.3858495056629181,0.02114173906403523,-0.025929807080472402,0.002803323796008624,0.01892783973967349,-0.026326829496281068,-0.20362324830807488,-0.011890157125890255,-0.042538661509752274,-0.012625497765839095,0.18421178843061317,0.9056454123729941,25.992689320488605,-0.048394941256356516,0.08871815190429297,0.035808480234329566,0.0029631140005221823,1
5.838630437850952,-0.028354166075587273,-0.059867069125175476,0.3858495056629181,0.02114173906403523,-0.025929807080472402,0.002803323796008624,0.01892783973967349,-0.026326829496281068,-0.20362324830807488,-0.011890157125890255,-0.042538661509752274,-0.012625497765839095,0.18228515423490918,0.9063673316933104,25.994203661803844,-0.05344039963680935,0.09664900110529166,0.03434178738757702,0.0008341619995917426,1
5.848440408706665,-0.02827286534011364,-0.060146551579236984,0.3857746720314026,0.019290852903332618,-0.017866677015270425,-0.00013691339308763247,0.018415951462185998,-0.026939013665683742,-0.2040223104546488,-0.01869705691933632,-0.01724269613623619,-0.010376071557402609,0.19681702014145788,0.9066682318920007,25.99484722093841,-0.04790229850448387,0.08970688286582457,0.035006329530236406,0.003208271000403329,1
5.8584794998168945,-0.02827286534011364,-0.060146551579236984,0.3857746720314026,0.019290852903332618,-0.017866677015270425,-0.00013691339308763247,0.018415951462185998,-0.026939013665683742,-0.2040223104546488,-0.01869705691933632,-0.01724269613623619,-0.010376071557402609,0.19721375428508311,0.889557052877299,26.00258885778346,-0.04780063550670199,0.08609932575202768,0.03395331838287662,0.0008449180004390655,1
5.868369102478027,-0.028202369809150696,-0.06029266119003296,0.38571852445602417,0.017683070544060462,-0.030135832548202866,0.00021094852593752462,0.018365811511440455,-0.02693086774343456,-0.2039999080997048,-0.014160248450934887,-0.03459055349230766,-0.004157063551247116,0.196381328768604,0.9083142451018218,26.002896765466243,-0.05115108664593871,0.09458584487127591,0.033040343184408495,0.00108427700070024,1
5.878640174865723,-0.028106557205319405,-0.060534946620464325,0.3855588734149933,0.016951816613220472,-0.02751781210520736,-0.003240511516950931,0.018191893533456405,-0.027250555551733502,-0.20408372135151476,-0.022346442565321922,-0.01434909924864769,-0.0011399001814424974,0.19811539561030128,0.9145497023413323,26.012593510064644,-0.04630651827533279,0.08569421080943644,0.03252001095685157,0.002541178999308613,1
5.8892316818237305,-0.028113335371017456,-0.06066419556736946,0.3854638338088989,0.007886085441199871,-0.01596326947878768,-0.0050360313660793585,0.017919338605981938,-0.027619036415144294,-0.2038305132265963,-0.0003540247562341392,-0.0013501867651939366,0.020482433959841728,0.22536434788216114,0.8985866414105133,26.018935061897512,-0.05530469527478812,0.08121083663501914,0.03007082723245334,0.0008658709994051605,1
5.898986577987671,-0.028137754648923874,-0.060712240636348724,0.38534170389175415,0.013715997975932443,-0.020884525184796842,-0.004864475223672557,0.017919338605981938,-0.027619036415144294,-0.2038305132265963,-0.0003540247562341392,-0.0013501867651939366,0.020482433959841728,0.22648581618874364,0.8974888526944235,26.019922697258238,-0.05585374500937843,0.08041857157608423,0.029534655666245354,0.0025910490003298037,1
5.908699035644531,-0.028136758133769035,-0.06084355339407921,0.3852425813674927,0.008374339268559006,-0.02202702144031949,-0.006081884282724033,0.017581080100448787,-0.02782826790308679,-0.20371571681064937,-0.017688384279608727,0.006259622983634474,0.013725689612329006,0.2271638398819171,0.8968223565563709,26.020068721665318,-0.05586658950498154,0.08040111837031627,0.029413269705883663,0.0011013900002581067,1
5.918623924255371,-0.028176654130220413,-0.06088128313422203,0.3851137161254883,0.010777278840677544,-0.012642465504984815,-0.007269753610040276,0.01762958825423544,-0.027820655421263663,-0.2033152876227775,0.007309367880225182,0.021724447607994083,0.030348589643836018,0.23736849234885984,0.8802321433556552,26.02682624531155,-0.057959805064267164,0.06993286107276252,0.028310156222371326,0.0027382820007915143,1
5.928385019302368,-0.028170743957161903,-0.060967110097408295,0.385008841753006,0.010069097776585073,-0.023523532024520212,-0.0031778467961189037,0.01740720630900583,-0.027977961826405995,-0.2031376526442492,-0.02072477526962757,-0.005037270486354824,0.03143954649567604,0.243667550300458,0.8703127946870367,26.028206315449367,-0.058114478329223736,0.0697100092273868,0.028056657262692294,0.0009279639998567291,1
5.938609838485718,-0.028229160234332085,-0.06100603565573692,0.3848966062068939,0.005149754452998272,-0.008769735807540055,-0.006598696579255017,0.017301610429448555,-0.02749567258357022,-0.20268625745233404,-0.012906656600534916,0.023780619725584987,0.02761253900825977,0.2456007427816503,0.8858681774732825,26.01803300350323,-0.04472834454122557,0.0833283023186109,0.027819820915889346,0.003725335000126506,1
5.949066877365112,-0.028229160234332085,-0.06100603565573692,0.3848966062068939,0.005149754452998272,-0.008769735807540055,-0.006598696579255017,0.017301610429448555,-0.02749567258357022,-0.20268625745233404,-0.012906656600534916,0.023780619725584987,0.02761253900825977,0.2622798247299269,0.8655939492183378,26.025868350284604,-0.046689258664354936,0.06854697795859627,0.028164325799656983,0.0009844690011959756,1
5.958601951599121,-0.028318392112851143,-0.061079371720552444,0.3847241997718811,0.002142142592830382,-0.00999963375781749,-0.0024972297201888154,0.016994909203011943,-0.02743728959845848,-0.2016890376862821,-0.01669437438249588,0.017083566635847095,0.04031885042786598,0.2563452921738958,0.8750218394595278,26.01141477526571,-0.05071444928329843,0.07260695748299859,0.02556179227155343,0.0037815609994140686,1
5.968434572219849,-0.028318392112851143,-0.061079371720552444,0.3847241997718811,0.002142142592830382,-0.00999963375781749,-0.0024972297201888154,0.016994909203011943,-0.02743728959845848,-0.2016890376862821,-0.01669437438249588,0.017083566635847095,0.04031885042786598,0.2750855395799743,0.8617703434680914,26.014671558814488,-0.04423163199877949,0.07175444096015265,0.026202277114785347,0.0008479209991492098,1
5.978615045547485,-0.028383292257785797,-0.06105472892522812,0.3846500515937805,0.008422414717261111,-0.01212794988663811,0.0005251826374666113,0.016927478911375804,-0.027479552036927313,-0.2013517337401236,0.004585132468491793,0.030008960515260703,0.05512075498700141,0.2699689609137805,0.8567618845078627,26.007525199952795,-0.05453855672248763,0.06474639424217078,0.0247903780340793,0.0026560050009720726,1
5.988414764404297,-0.028532424941658974,-0.06105368584394455,0.3845829367637634,0.0047824877858298614,-0.009321373080404795,0.004554899404902474,0.016743921159114272,-0.02691657541489212,-0.20067841790221497,-0.017186658456921577,-0.002251279773190612,0.04733509197831154,0.2775451448498647,0.8462293717393855,25.996150693161255,-0.043321286566624435,0.07947832697653472,0.025195260284040854,0.0008985589993244503,1
5.998433351516724,-0.028606504201889038,-0.06104769557714462,0.3845769166946411,0.00010418175432420019,-0.011384123003911435,0.006866659967580617,0.016485524746202795,-0.02695207503499919,-0.19986304905135555,-0.010656279511749744,0.018874328583478935,0.057569824159145355,0.2899645095011964,0.8462361098929697,25.988278771640495,-0.04589353330733809,0.06967452595814089,0.024155234565320656,0.00307605399939348,1
6.008712530136108,-0.028724271804094315,-0.06100453436374664,0.38457274436950684,0.0007098710842470405,-0.0072922231668314606,0.003995161959072262,0.016577595801137157,-0.0266590084606646,-0.1991503581391849,-0.000785613083280623,0.016885766759514816,0.0654330924153328,0.29869111136067283,0.8381771134300695,25.994662872870236,-0.05051673994624605,0.07008170536991236,0.02304312666297167,0.0008708300010766834,1
6.018697500228882,-0.028798872604966164,-0.060975316911935806,0.38458767533302307,0.003428083782951856,-0.011214178119223206,0.008270611975218839,0.016329635973406198,-0.026387878805107956,-0.1985656272006855,-0.01675739698112011,0.01551665738224984,0.07175349444150925,0.2950739135401717,0.8381182999157194,25.984463804551794,-0.04279788890335382,0.06960864533611016,0.022057461303745758,0.0026637580012902617,1
6.028473377227783,-0.02889345958828926,-0.06095566228032112,0.3846064805984497,-9.311526668703445e-05,-0.008026583105865263,0.006451926641415272,0.016175802854899057,-0.025976517932841947,-0.197750210309243,0.005491584073752165,0.02629449777305127,0.06612998247146606,0.29311927776927715,0.8381146284953862,25.982909102239066,-0.04232723663559819,0.06924195240065215,0.021828613233150027,0.0011094920009782072,1
6.038552522659302,-0.029008813202381134,-0.06090159714221954,0.38462138175964355,-0.0023603783568659,-0.004366463997551292,0.007527271290334328,0.016332146638150746,-0.025913539148238574,-0.19703798019376606,0.00048693810822442174,0.029056029394269,0.0804881900548935,0.3005099227296881,0.8342877737323778,25.987301652660797,-0.052646887289209146,0.06306497760014823,0.022351118175491687,0.00263903199993365,1
6.048459768295288,-0.029008813202381134,-0.06090159714221954,0.38462138175964355,-0.0023603783568659,-0.004366463997551292,0.007527271290334328,0.016332146638150746,-0.025913539148238574,-0.19703798019376606,0.00048693810822442174,0.029056029394269,0.0804881900548935,0.31188334652768046,0.8242650525362352,25.985041956190088,-0.05045725820141837,0.06168755684433507,0.02086428056644574,0.000837444000353571,1
6.05842924118042,-0.0291228536516428,-0.060845211148262024,0.3846281170845032,-0.0012322348852629819,-0.007909709518059804,0.005844593944774875,0.016249914832500156,-0.025568717284289555,-0.195758604509789,0.004063406027853489,0.024326980113983165,0.08298789709806442,0.3155494450829759,0.825840483632307,25.98909979561186,-0.0522797647525563,0.06285681619960214,0.02017865106176051,0.002646645998538588,1
6.068668842315674,-0.029244719073176384,-0.06080162897706032,0.3846389949321747,-0.003295592583826368,-0.0042050927269384,0.006016900282736759,0.01635870268787487,-0.02545030286501815,-0.19485965309704767,0.018616270273923874,0.021184887737035762,0.08496803790330887,0.3248036508521711,0.8206450022272813,25.989145933164828,-0.059515274488764064,0.06436541182940675,0.01975645051263269,0.0008614010002929717,1
6.078442811965942,-0.02936720848083496,-0.06072131544351578,0.38464221358299255,-0.0016959328236089617,-0.003883261465215914,0.0061833281066107845,0.016338994598208423,-0.025035910659889637,-0.1940393075050988,0.0013630975736305118,0.021626928821206103,0.08837194740772247,0.3266993872508049,0.8142163838224723,25.988779014208816,-0.05098304411885665,0.06283173513578011,0.01922014900926315,0.002592306000224198,1
6.088653087615967,-0.029639381915330887,-0.06057539954781532,0.38461747765541077,-0.006839924493001762,0.0006306807555670593,0.0021703608808786106,0.016420966366005096,-0.025059611878704757,-0.19295411221459435,0.022519202902913094,0.029636310413479815,0.09027756005525589,0.3433409049766809,0.8045971805279544,25.999226481778383,-0.061191618309748674,0.059473853060645246,0.018838196988226613,0.0008509939998475602,1
6.0984578132629395,-0.029759204015135765,-0.06050463393330574,0.3845939636230469,-0.001519428327519945,-0.00869780869329337,0.0029699907053169386,0.016668144245991723,-0.02478419734092796,-0.1915958683307628,0.013112949207425117,0.014584573917090905,0.094923235476017,0.338709002943424,0.8167959154597104,25.998778369336158,-0.05823502001380313,0.06545053381694713,0.01815473323900426,0.0023925489986140747,1
6.108649492263794,-0.029891494661569595,-0.06043076142668724,0.38456520438194275,-0.009277449003399508,0.00038182900001109283,7.24354849186363e-06,0.016738519082625025,-0.024185314562901628,-0.19046364047236253,0.012628982774913311,0.02579992450773717,0.09883900731801987,0.33589692558335305,0.8241804102038082,25.99870742525492,-0.05815654981211991,0.06556976520268519,0.017998883950671993,0.0010613679987727664,1
6.118438720703125,-0.030021701008081436,-0.06031670421361923,0.3845227360725403,-0.0015546307835095962,-0.0035913447075769573,0.0005179845074121561,0.017082445693256343,-0.02428527063396313,-0.1894010989660564,0.03474508598446846,0.03174180909991266,0.11947155743837357,0.3360906381755466,0.8198334786851353,26.005214887092475,-0.06897941803068999,0.05562627339526462,0.015218420468419345,0.0024653970012877835,1
6.12835431098938,-0.030144616961479187,-0.06024932488799095,0.38448143005371094,-0.009522785433596657,-0.0007280918884002867,-0.0014945352419215687,0.017272378092754614,-0.024159940753384568,-0.1883363855965503,0.014334934763610363,0.011076878756284728,0.10953082889318466,0.3365717539022775,0.8169279212112656,26.006307996587196,-0.06963758596161118,0.05558667498321676,0.014573025036106559,0.0009393489999638405,1
6.138441562652588,-0.030292537063360214,-0.060114867985248566,0.38442274928092957,-0.0036441913431932973,0.001883353929979815,-0.0010664301328931634,0.01741197345153722,-0.024030903200919607,-0.1870702468992964,0.026600653305649757,0.021918451413512244,0.12356127798557281,0.3460602251708244,0.803515309175488,26.0108098467663,-0.06589636436810951,0.06027043340866275,0.01381536066852141,0.002496268998584128,1
6.148406028747559,-0.030292537063360214,-0.060114867985248566,0.38442274928092957,-0.0036441913431932973,0.001883353929979815,-0.0010664301328931634,0.01741197345153722,-0.024030903200919607,-0.1870702468992964,0.026600653305649757,0.021918451413512244,0.12356127798557281,0.352194633187987,0.7951570708779648,26.011649709090204,-0.06607181807878393,0.06015688022042572,0.013630689616021503,0.0008570709997002268,1
6.158470392227173,-0.030559372156858444,-0.05991756543517113,0.38430631160736084,-0.007687798812355431,0.007892571301609088,-0.0032859430621014966,0.018044485245147346,-0.024034414988853392,-0.1839710070697631,0.026534436270594597,0.022510847076773657,0.12274326384067535,0.3646284362999398,0.809092637244956,26.011458837297997,-0.07083692469038795,0.07230346809712493,0.014551771902991227,0.003320302999782143,1
6.168848037719727,-0.030559372156858444,-0.05991756543517113,0.38430631160736084,-0.007687798812355431,0.007892571301609088,-0.0032859430621014966,0.018044485245147346,-0.024034414988853392,-0.1839710070697631,0.026534436270594597,0.022510847076773657,0.12274326384067535,0.3776182646739451,0.7876564110254138,26.01787583918391,-0.0674299203493135,0.06055625797823845,0.01365590377156893,0.0009473109985265182,1
6.178440093994141,-0.030871620401740074,-0.059714797884225845,0.38416802883148193,-0.016396734526284183,0.007555334451442327,-0.004971786449959076,0.018576578292149204,-0.02395154829259072,-0.1811937618276125,0.019063040614128113,0.009164110757410542,0.1222502663731575,0.3815700796294127,0.8068366327224875,26.012533998373474,-0.07389140295933017,0.07480617245665745,0.012940528986333352,0.003384281000762712,1
6.188457727432251,-0.030871620401740074,-0.059714797884225845,0.38416802883148193,-0.016396734526284183,0.007555334451442327,-0.004971786449959076,0.018576578292149204,-0.02395154829259072,-0.1811937618276125,0.019063040614128113,0.009164110757410542,0.1222502663731575,0.4109170309638936,0.7907193414101517,26.022719301789085,-0.06551520548094424,0.06782175259843186,0.01311923340661829,0.0008289240013255039,1
6.1984312534332275,-0.031128408387303352,-0.0595024935901165,0.38405513763427734,-0.011302185232447963,0.0040619941678483274,-0.0029570292705792273,0.01880502429983988,-0.024112919033510316,-0.18032525539124444,0.02831360138952732,0.008663538843393343,0.14559178054332733,0.41725729177545917,0.78693038711226,26.019328419378752,-0.07083671331421622,0.06787221723750425,0.01062057100940482,0.002555497998400824,1
6.208505392074585,-0.03126918524503708,-0.05932745710015297,0.3839814364910126,-0.006774685588454737,0.005293547874958344,-0.0015752191079639064,0.019219231769900258,-0.023957020442849863,-0.1779363439652908,0.03160169720649719,0.0054349377751350585,0.14719180762767792,0.41229138057034487,0.7801547948118301,26.015509053439185,-0.07356820817267058,0.0686411947248709,0.00972282159264054,0.0008332529996550875,1
6.218434572219849,-0.03140014037489891,-0.0592493899166584,0.38393405079841614,-0.01465788576488859,-0.002419173063845515,-0.0013737996273759765,0.019226806071042546,-0.024074078586178604,-0.17661867367397432,0.01548385713249445,0.008157258853316324,0.1481609344482422,0.424977551259698,0.7949247496070059,26.01436921796355,-0.06652649377140135,0.06826212402715316,0.009302576478224465,0.0024608570001873886,1
6.22847056388855,-0.03157154098153114,-0.059113647788763046,0.3838813900947571,-0.009271411923682442,0.007243564600395868,-0.0006686804251427288,0.019549674863271083,-0.024105436476133058,-0.1749917540580923,0.032386839389801025,0.0009969521779567194,0.1564314365386963,0.425695390235206,0.7815653602787849,26.012498526512953,-0.07420121395811172,0.07153881929727392,0.008237448837314582,0.0008524610002496047,1
6.2384278774261475,-0.03167855367064476,-0.05901515111327171,0.3838686943054199,-0.010438112547362403,-0.0011915546272676636,0.002666635193390118,0.019683228457675117,-0.02438728937714263,-0.17367515192889904,0.02249719388782978,0.0008332217112183761,0.1547788381576538,0.42635745502041794,0.7913088657593454,26.00350162499633,-0.0709497238929465,0.07210774258175937,0.008072851440477582,0.0024841159993229667,1
6.248464345932007,-0.03184312954545021,-0.05888025090098381,0.3838568925857544,-0.014591435728977729,0.012556457131527981,0.002097504903999873,0.019896728440253586,-0.02430880369087296,-0.17202869364698836,0.015076940879225731,-0.0033958684653043556,0.15545347332954407,0.4270294896453002,0.7970193840433323,26.002194636131254,-0.07104926755081342,0.07251186537367793,0.008019633717148172,0.0010346170001866994,1
6.258434295654297,-0.031964436173439026,-0.05871656537055969,0.3838598132133484,-0.008513677861673891,0.0004425534485002493,0.005612289982334981,0.01997896041803937,-0.024775824070089936,-0.1705981823283862,0.03017960488796234,0.004201685078442117,0.16145123541355133,0.44376505340176764,0.7703216731023858,26.003596408240856,-0.06674487416467549,0.0750399886559242,0.007784662248980956,0.0029985960009071277,1
6.268622636795044,-0.031964436173439026,-0.05871656537055969,0.3838598132133484,-0.008513677861673891,0.0004425534485002493,0.005612289982334981,0.01997896041803937,-0.024775824070089936,-0.1705981823283862,0.03017960488796234,0.004201685078442117,0.16145123541355133,0.435980618446723,0.7792598804639855,25.994493556565402,-0.07548024706485185,0.0718447388722477,0.007039092772082044,0.0008234759989136364,1
6.278428077697754,-0.032230526208877563,-0.05844186991453171,0.38389748334884644,-0.007291423525291289,0.006888636481056691,0.006920940703941666,0.02027530378750031,-0.025192618036545156,-0.16662792149802907,0.021094543859362602,-0.0066688917577266485,0.1701284795999527,0.45129210904179756,0.7648827146906042,25.994437360399086,-0.062032795869269165,0.0834805372329311,0.006927351028327368,0.0029219050011306535,1
6.288466691970825,-0.032230526208877563,-0.05844186991453171,0.38389748334884644,-0.007291423525291289,0.006888636481056691,0.006920940703941666,0.02027530378750031,-0.025192618036545156,-0.16662792149802907,0.021094543859362602,-0.0066688917577266485,0.1701284795999527,0.44413809838931634,0.7591494117839946,25.989628294869412,-0.07112201748470554,0.07864258375741956,0.005609823258003551,0.0008292719994642539,1
6.2984325885772705,-0.03236497938632965,-0.05834611505270004,0.3839375376701355,-0.018020577571437345,0.004925021941304474,0.006781402911173666,0.02039989238036144,-0.024962810099848465,-0.16480112838857508,-0.0006724210688844323,-0.03244216367602346,0.15769027173519135,0.46611451433575224,0.7621158072767216,25.988933097418826,-0.061282272592943804,0.09172702688356235,0.0064574713256587155,0.002615843999592471,1
6.308446884155273,-0.032664310187101364,-0.05809921398758888,0.38399961590766907,-0.012631245872660556,-0.0017263836663754754,0.008336676301614403,0.020247398887263568,-0.025770506754043243,-0.16316661846134606,0.0004943130188621581,-0.0005676489090546752,0.17448967695236206,0.46532323322064,0.7753413381188736,25.984513235016955,-0.061697022302589846,0.07776789864832245,0.004777823677545071,0.0008754399987083161,1
6.318458557128906,-0.032814882695674896,-0.05797841027379036,0.38402846455574036,-0.013362537628662154,0.01452702412010756,0.00478417006341128,0.02032465785311599,-0.02554318108445619,-0.16058979010847052,0.012517699971795082,-0.027648773044347742,0.1671714037656784,0.47652854479282514,0.7479260041516197,25.99322966401184,-0.06632363327418596,0.09071319428075035,0.004968529054443555,0.002474126999004511,1
6.328699827194214,-0.032919399440288544,-0.05783926695585251,0.38404545187950134,-0.01080414001683227,-0.0004071543358859006,0.004939221277290509,0.020034646550951773,-0.026092949587034564,-0.15883635292678377,-0.019130200147628784,-0.020720571279525736,0.18119199573993683,0.4736751721123216,0.760121036834197,25.9940063771968,-0.05128311487288108,0.08859727723877085,0.003378232743160657,0.0008493180012010271,1
6.338449239730835,-0.03307477757334709,-0.05776016041636467,0.38404759764671326,-0.020542275089696378,0.011232326846612968,-0.0002117390503537717,0.020230379266136467,-0.026079791374931993,-0.1570240130498748,0.0024531446397304535,-0.013773118145763852,0.1781320869922638,0.4719629981435249,0.7675379111272829,25.994114554139696,-0.05100464089580797,0.08858862000970284,0.00301591984124948,0.004308473000492086,1
6.348366022109985,-0.033236220479011536,-0.057611580938100815,0.38402843475341797,-0.013056142072279061,0.006548467404008162,0.0014887930236216558,0.019978435668562167,-0.026711926489270787,-0.1551671261169103,-0.0035660038702189922,-0.02063050307333467,0.18681466579437256,0.49904691014130365,0.7519285093855472,26.00752258332848,-0.06124937014287093,0.0861922539997342,0.0031366385290824104,0.0008911549994081724,1
6.358601808547974,-0.03337961062788963,-0.057524651288986206,0.3840118944644928,-0.020501563047534338,0.007584610141000769,-0.002027801080583771,0.01986695847993669,-0.02677264883096342,-0.1535097594778878,-0.018461259081959724,-0.03695302829146383,0.18224520981311798,0.5200797042453558,0.7472153609562939,26.01432684255431,-0.05050681735473546,0.09950555118242504,0.0024548585839845477,0.003033588998732739,1
6.368471384048462,-0.03337961062788963,-0.057524651288986206,0.3840118944644928,-0.020501563047534338,0.007584610141000769,-0.002027801080583771,0.01986695847993669,-0.02677264883096342,-0.1535097594778878,-0.018461259081959724,-0.03695302829146383,0.18224520981311798,0.5330923549887516,0.744236344704828,26.01535867084871,-0.050207740615413866,0.09977983413928672,0.0022865640511157376,0.000999345000309404,1
6.3784778118133545,-0.033650871366262436,-0.05730464681982994,0.3839278221130371,-0.016155328580815705,0.00021024890903211966,-0.00165546921715664,0.01970405119086971,-0.027410752935464355,-0.14883959750037334,-0.01459514256566763,-0.04319809004664419,0.18962500989437103,0.5282627572749494,0.7368766141722071,26.017151024360167,-0.06375442337985548,0.0944383006898146,0.0019620497768967856,0.003492331999950693,1
6.388698577880859,-0.033650871366262436,-0.05730464681982994,0.3839278221130371,-0.016155328580815705,0.00021024890903211966,-0.00165546921715664,0.01970405119086971,-0.027410752935464355,-0.14883959750037334,-0.01459514256566763,-0.04319809004664419,0.18962500989437103,0.5301240055836334,0.7516451280613419,26.015073389220863,-0.05245873069387448,0.10412590197391755,0.0010695488128674125,0.0008454770013486268,1
6.398621320724487,-0.03399970382452011,-0.05706445500254631,0.3837897777557373,-0.016624061344544493,0.0029687366185645408,-0.0028680889209272307,0.01969889933212432,-0.028433016216135698,-0.14502179761638478,0.006609666161239147,-0.02336572110652921,0.19775784015655518,0.5511666813049664,0.730442677930991,26.027864431596218,-0.0562258987979492,0.09577524147943889,0.0012660183158516517,0.0017489250003563939,1
6.408431053161621,-0.03399970382452011,-0.05706445500254631,0.3837897777557373,-0.016624061344544493,0.0029687366185645408,-0.0028680889209272307,0.01969889933212432,-0.028433016216135698,-0.14502179761638478,0.006609666161239147,-0.02336572110652921,0.19775784015655518,0.5496894548590069,0.7423321315150265,26.02024216677195,-0.06248403829436142,0.09726529361605296,-0.00018956982484455063,0.000852810000651516,1
6.418641567230225,-0.03433506190776825,-0.05686139687895775,0.38363903760910034,-0.015307432995144298,0.005853686902474449,-0.004539640613819766,0.019602036718919358,-0.028488834915139538,-0.143048582009917,-0.010216789320111275,-0.024020537734031653,0.18518148362636566,0.5494274721923421,0.7403280122186137,26.02411305351914,-0.05366550932378443,0.09769250612079117,0.0006667909483554543,0.0024933349995990284,1
6.42845606803894,-0.03448418155312538,-0.05678415298461914,0.3835708498954773,-0.021844604984893344,0.005794499066992412,-0.005888338200340987,0.019545622866159462,-0.02871260929122199,-0.14023132801988414,0.01024914812296629,-0.0072988169267773385,0.20012417435646057,0.5650538892863763,0.742536489818014,26.028276593020063,-0.06350393432898017,0.09066757108352592,-0.0009105850647546812,0.0008275259988295147,1
6.438488721847534,-0.034659720957279205,-0.05668390914797783,0.38349276781082153,-0.019204845748954424,0.009300955414681697,-0.005309011765179898,0.019470142796602197,-0.02887214612407707,-0.13811881834671436,-0.006253483239561319,-0.018511049449443793,0.1955525130033493,0.5721146726965611,0.7326891284145849,26.027741818572732,-0.05489899379914225,0.09634349240349788,-0.0009578400876073929,0.002871268001399585,1
6.448653221130371,-0.03480614721775055,-0.05659300088882446,0.38343381881713867,-0.019698170919217693,0.006172244032022124,-0.0035556487376017993,0.019313575740371736,-0.029107441194312855,-0.13630802314945356,-0.0044607617892324924,0.0002982861187774926,0.19444666802883148,0.5763556450719398,0.7267557762767423,26.027660526596737,-0.05479758954168736,0.09643364821443393,-0.000965067421850872,0.0010560599985183217,1
6.4586029052734375,-0.0349825955927372,-0.05650552362203598,0.3833792507648468,-0.02262947701426497,0.008428092260662608,-0.0027757662121668694,0.019335293527427577,-0.02891223591213521,-0.13424441460371916,0.007450086995959282,-0.0010124949039891128,0.1914982795715332,0.5786287356252485,0.7293232065694035,26.02319922075621,-0.05552962682304806,0.08771750045520245,-0.0009512825928533335,0.002997408000737778,1
6.4684765338897705,-0.0349825955927372,-0.05650552362203598,0.3833792507648468,-0.02262947701426497,0.008428092260662608,-0.0027757662121668694,0.019335293527427577,-0.02891223591213521,-0.13424441460371916,0.007450086995959282,-0.0010124949039891128,0.1914982795715332,0.5881124410906456,0.7269785434599347,26.02061074934374,-0.061312271593423937,0.08795954098138939,-0.0007693635122937071,0.0008394699998461874,1
6.478598356246948,-0.035309720784425735,-0.056310463696718216,0.3833153247833252,-0.021942583719280515,0.005320585272782468,0.000729757400196934,0.0191251961606409,-0.02872231046390672,-0.1294030873722103,0.00707497913390398,0.018838204443454767,0.1888475865125656,0.5882189637935636,0.7188588422624517,26.0164377885547,-0.051321602882581766,0.08399825055515413,-0.001195240004425452,0.002708318999793846,1
6.488651275634766,-0.035309720784425735,-0.056310463696718216,0.3833153247833252,-0.021942583719280515,0.005320585272782468,0.000729757400196934,0.0191251961606409,-0.02872231046390672,-0.1294030873722103,0.00707497913390398,0.018838204443454767,0.1888475865125656,0.5909244759630905,0.7249296848334829,26.010619445613774,-0.060746959114317836,0.07732796037513755,-0.0008532113285241685,0.0008630780012026662,1
6.498450040817261,-0.03547384962439537,-0.05622872710227966,0.3833130896091461,-0.02053440719029414,0.010650314659589492,0.0022723676686410557,0.01916406593839426,-0.028637924354622424,-0.12766697735923005,-0.013268920592963696,0.02430702187120917,0.19055938720703125,0.5909883255916848,0.7135460370065676,26.005827377782918,-0.05038004971098894,0.07417325342519705,-0.0011508915057341503,0.0026349820000177715,1
6.508653879165649,-0.03561447560787201,-0.056108660995960236,0.38331788778305054,-0.017787279612123556,0.010277450005035218,0.0027327847319376613,0.01882568470141255,-0.028336019737928098,-0.12578897149997115,-0.004552572965621948,0.0327332988381386,0.17474018037319183,0.5841083335576235,0.7059464354205224,26.003984128210625,-0.053619078098099175,0.0687623172140508,0.00033444739641963397,0.0008578389988542767,1
6.518448352813721,-0.035754572600126266,-0.05603997781872749,0.383338987827301,-0.02127178563727058,0.008647599450908648,0.005315657671282128,0.018909304063857935,-0.02791670877254271,-0.12395397133906005,-0.005429856013506651,0.03432775288820269,0.18149860203266144,0.5866808320482837,0.7051500285633118,25.996777096950556,-0.05368006271489384,0.06701670919424678,-0.0002281951133218591,0.0026990999995177845,1
6.52869987487793,-0.03601129353046417,-0.055826835334300995,0.3833969235420227,-0.018499514038675707,0.005484499681039981,0.00774918539664277,0.018650262551123564,-0.02763413345575083,-0.12226580210365956,-0.017324019223451614,0.055464915931224844,0.1754629760980606,0.5794514347632918,0.7080380797643675,25.989194417063377,-0.047316080241820685,0.05532115417112286,0.00014612078011599775,0.0008873839997249888,1
6.5385918617248535,-0.03614741191267967,-0.0557112842798233,0.3834407329559326,-0.018278414476599825,0.017865573900155855,0.0057348217886128315,0.018457740683193613,-0.026619503131218192,-0.11967321613344861,-0.00036537519190460443,0.053296279162168524,0.16504132747650146,0.5775331933699894,0.6820492536064808,25.9933970872122,-0.053882597948986075,0.053422168412435335,0.0011151793889496943,0.00302869900042424,1
6.548388481140137,-0.0362326018512249,-0.055592119693756104,0.3834889233112335,-0.013037065017830458,0.004801229658706874,0.008287200688282934,0.018235390963483145,-0.02620839995643065,-0.11807901419713218,-0.01407313160598278,0.07022953778505327,0.16374847292900085,0.5763548129418721,0.6663192124022397,25.994041767384907,-0.05405911326634695,0.05338625537649461,0.001335267774396679,0.0010675140001694672,1
6.55854058265686,-0.03634970262646675,-0.05551774054765701,0.3835383355617523,-0.02107292785390102,0.01589108818319494,0.005175631026544665,0.01802024604765906,-0.025057597168498535,-0.11639479424503785,-0.026437098160386086,0.06031899154186251,0.1566338986158371,0.5578313517863905,0.6823689524049863,25.98730497876375,-0.04785924680127653,0.043120488928980946,0.0013985994189667675,0.0035804069993901066,1
6.5689661502838135,-0.03644769266247749,-0.05537671595811844,0.38357770442962646,-0.00973072180018302,0.009989210426406969,0.007333382496958902,0.01790709312586447,-0.02467600132943737,-0.11481296959427612,-1.479874481447041e-05,0.08012443780899049,0.15777945518493652,0.567777885116354,0.6674213674281888,25.994368779123455,-0.040030505058310226,0.04551349872718535,0.001969730313294764,0.0012286469991522608,1
6.578437328338623,-0.0365137904882431,-0.05530966818332672,0.38363489508628845,-0.0187511107329317,0.013188613775349836,0.005237690151814475,0.01787624533901333,-0.023739982839618534,-0.11347353738617594,-0.029740825295448303,0.07112387567758562,0.14504191279411316,0.5440350149941092,0.6696852078876598,25.9897658248217,-0.053119761329012964,0.03343661027084154,0.0019116617063028975,0.0010983860011037905,1
6.588604927062988,-0.03661360219120979,-0.05515220761299133,0.38366445899009705,-0.011683069850312299,0.01835270612505931,0.006106430205461305,0.017516071703851388,-0.02295450622839157,-0.1117464505440231,-0.005690320860594511,0.10774581134319307,0.15168926119804382,0.550757273485374,0.6634153637664751,25.994366031569744,-0.03835620706675166,0.03594649321359638,0.0030710263026661995,0.0026967949997924734,1
6.598452806472778,-0.03661360219120979,-0.05515220761299133,0.38366445899009705,-0.011683069850312299,0.01835270612505931,0.006106430205461305,0.017516071703851388,-0.02295450622839157,-0.1117464505440231,-0.005690320860594511,0.10774581134319307,0.15168926119804382,0.5357004932395396,0.6461952821829485,25.992909250956465,-0.04838975990252702,0.014863215125890759,0.0025341459977755885,0.0008512739987054374,1
6.608592987060547,-0.03673382103443146,-0.054923295974731445,0.3837287425994873,-0.012790157143276729,0.021895039987943232,0.0028406274651670556,0.01716767560999033,-0.020710015922405844,-0.10819523655335139,-0.016781195998191833,0.10846716165542604,0.133036807179451,0.5243199945620459,0.6582693977154657,25.99066013265243,-0.04888481055422439,0.023042730627143394,0.0032792089591511557,0.002647692999744322,1
6.6184282302856445,-0.03673382103443146,-0.054923295974731445,0.3837287425994873,-0.012790157143276729,0.021895039987943232,0.0028406274651670556,0.01716767560999033,-0.020710015922405844,-0.10819523655335139,-0.016781195998191833,0.10846716165542604,0.133036807179451,0.5197400328420659,0.6326500008293405,26.00093508830353,-0.04179818216297563,0.008005323235484895,0.004229168004779518,0.0008097160007309867,1
6.628594398498535,-0.03674890473484993,-0.05480107292532921,0.38375627994537354,-0.005784131595713478,0.00752894952267094,0.005666988435948196,0.017294753205540747,-0.019683582952151557,-0.10705118988741447,0.00757240504026413,0.08515634387731554,0.13608567416667938,0.4968548044336387,0.6494827301316589,25.994895970342824,-0.05548809818350414,0.015658962054438393,0.0040553415879295935,0.0024419990004389547,1
6.63842511177063,-0.03676961734890938,-0.05454789474606514,0.38379785418510437,-0.0004355675298478056,0.01259697228302264,0.004614610698596903,0.017164454432776033,-0.01875798423789865,-0.10553403256288751,-0.01100107654929161,0.09221763908863069,0.12151239812374114,0.469900039418457,0.643851788026858,25.996856289545473,-0.04558828874493942,0.009189608102514265,0.005415883397046805,0.000828504000310204,1
6.648473501205444,-0.03674332797527313,-0.05445186048746109,0.38381558656692505,-0.008570571282825491,0.016144862467582156,-0.0009370942607472969,0.017127697810096265,-0.017293134361709317,-0.1039595023386739,-0.0040201786905527115,0.10087266564369203,0.12383393198251723,0.4700587340212486,0.6351144849775199,26.011702165570792,-0.048517548528105095,0.0014338487661503451,0.005334765361931199,0.0023946440014697146,1
6.658822536468506,-0.03672437369823456,-0.05430171266198158,0.3838079571723938,3.241123994867724e-05,0.015655472860464113,0.0017151579128771468,0.01703779956884821,-0.016947473734171492,-0.10248732438952057,0.0005019325762987137,0.059851553291082396,0.1129469871520996,0.4528733508592238,0.627820564865362,26.00706035115455,-0.050577495595419374,0.019944149484090495,0.0063308440097937175,0.0008389110007556155,1
6.668450117111206,-0.03667358309030533,-0.054210878908634186,0.3838161826133728,-0.006844810228835625,0.012690676367478853,0.0012771979657562396,0.017016010693275074,-0.015986933263338,-0.10161041279505811,-0.001797697157599032,0.09009777009487153,0.10835503041744231,0.4424325374207937,0.6234195594993895,26.006386772221294,-0.05064621526040234,0.020313622492796626,0.006556446689603847,0.003133536998575437,1
6.678372859954834,-0.036657996475696564,-0.05405265837907791,0.3838026821613312,-0.00016191484674441916,0.0213421545797885,0.0006764769640224381,0.01717385064011534,-0.015353826642984458,-0.10040966797854844,0.01876690983772278,0.07673420757055284,0.10789585113525389,0.4463314348952564,0.6284601968793864,26.007374479759168,-0.04980804489556268,0.0031027227201569536,0.007036769677814079,0.0011144510008307407,1
6.6886045932769775,-0.03655000776052475,-0.05393544211983681,0.3838123679161072,0.0033302518809328495,0.010437710219022959,0.0022069034120879394,0.0172960033723073,-0.015046866522407942,-0.0997371304297281,0.0020688839722424746,0.028986386954784404,0.0936954915523529,0.4279430119707473,0.6340584811997866,26.005188681688924,-0.05250842259458694,0.030015433188288188,0.008542853557556926,0.002217655999629642,1
6.698421955108643,-0.03655000776052475,-0.05393544211983681,0.3838123679161072,0.0033302518809328495,0.010437710219022959,0.0022069034120879394,0.0172960033723073,-0.015046866522407942,-0.0997371304297281,0.0020688839722424746,0.028986386954784404,0.0936954915523529,0.4165653724435459,0.637128766551999,26.00484563798873,-0.052720268188206326,0.030110277057320622,0.008858886379021375,0.0008389110007556155,1
6.708444118499756,-0.03631632402539253,-0.053682081401348114,0.38380157947540283,0.008119201451325286,0.012308138294527609,0.0019083053818503882,0.017666901100280796,-0.013904608716988953,-0.09756163697105658,0.024971265345811844,0.01978135108947755,0.08790437877178192,0.40730022171638175,0.6187006157275702,26.01305106817664,-0.05748116694330513,0.013040272555546881,0.010144303380886111,0.002985115999763366,1
6.7186362743377686,-0.03631632402539253,-0.053682081401348114,0.38380157947540283,0.008119201451325286,0.012308138294527609,0.0019083053818503882,0.017666901100280796,-0.013904608716988953,-0.09756163697105658,0.024971265345811844,0.01978135108947755,0.08790437877178192,0.39127615102824875,0.6239625015829848,26.006927183282965,-0.06503639721238098,0.03073481537379053,0.00963969440850562,0.0009049139989656396,1
6.728442668914795,-0.03606460615992546,-0.05342429503798485,0.38377341628074646,0.014285815107755723,0.013787238663746293,0.002671290014666934,0.017940299507356094,-0.013866588012592995,-0.09623361450552226,0.02816435508430004,0.02039912529289723,0.06982548534870148,0.3997608519149865,0.6109845004683636,26.014183643179923,-0.054056172265945585,0.034384523218394816,0.012860953543760403,0.002752531001533498,1
6.738416433334351,-0.03606460615992546,-0.05342429503798485,0.38377341628074646,0.014285815107755723,0.013787238663746293,0.002671290014666934,0.017940299507356094,-0.013866588012592995,-0.09623361450552226,0.02816435508430004,0.02039912529289723,0.06982548534870148,0.3718818045902592,0.614082246936723,26.005275580536885,-0.06720641828912632,0.030104511577272928,0.012041703401165648,0.0008192840014089597,1
6.7487194538116455,-0.03569744899868965,-0.05319451540708542,0.38377144932746887,0.015398590142958999,0.019444470998456496,0.0019591158123209956,0.01827993192211652,-0.013397139179367468,-0.09551228212944096,0.02355908788740635,-0.009873185306787484,0.06048363447189331,0.3539830052423993,0.6021366788403574,26.005923303459124,-0.06558695450753978,0.04377416915541424,0.012737147713486134,0.003526835998854949,1
6.7584004402160645,-0.035480208694934845,-0.05309763178229332,0.38377684354782104,0.011651244035004652,0.011366935422327857,0.0018016985927050905,0.01840157627118355,-0.013911541014713702,-0.09484129670207819,0.013271135278046131,-0.0009362332057207766,0.046382732689380646,0.3496197449112034,0.6131331865864532,26.006288797629175,-0.06167119526535081,0.04132149426670242,0.014327404601313718,0.0009912440000334755,1
6.768407583236694,-0.03528660535812378,-0.05298134684562683,0.38376495242118835,0.016317868865951612,0.01850301188049143,0.0002017216054321967,0.018712514754680498,-0.013781624733675724,-0.09415072859240192,0.026596900075674057,-0.03662667796015739,0.05636353045701981,0.3402429877308395,0.6039747925305068,26.010687544246125,-0.06834566818335783,0.058369459951279234,0.013509909106826482,0.0019656549993669614,1
6.778587579727173,-0.03501089662313461,-0.052890051156282425,0.38377341628074646,0.020658411158384675,0.009133474696649773,0.0025519850207973826,0.01883992997909667,-0.014468071746051692,-0.09396003767679861,0.01707756146788597,-0.006335688754916187,0.03572222217917442,0.3345176710928702,0.598417878625025,26.0113550505359,-0.0684870916446958,0.05869032084011097,0.013324244093142121,0.0009505239995633019,1
6.788453102111816,-0.034774452447891235,-0.05279278755187988,0.38376882672309875,0.015341083544436007,0.020530886927416423,-0.0005452837711413299,0.01913688645948808,-0.014303526624184215,-0.09351839333799061,0.02718384750187397,-0.024225022643804547,0.026523482054471973,0.31665565285677,0.6141587616786184,26.005186796623242,-0.06502469204050852,0.04501951890199807,0.015505839341596845,0.003173768000124255,1
6.798627138137817,-0.034774452447891235,-0.05279278755187988,0.38376882672309875,0.015341083544436007,0.020530886927416423,-0.0005452837711413299,0.01913688645948808,-0.014303526624184215,-0.09351839333799061,0.02718384750187397,-0.024225022643804547,0.026523482054471973,0.32120794630543487,0.6003841739930179,26.012489562828907,-0.0697588750057428,0.05385771411559673,0.01690831685173695,0.0008498070001223823,1
6.808439254760742,-0.03420977294445038,-0.052588436752557755,0.3837539553642273,0.018159698813459354,0.015165401471296039,-0.001594544686423378,0.019665475140673294,-0.015569578157597075,-0.09270387696727189,0.02241325192153454,-0.05967346206307411,0.010689697228372104,0.3052080576020403,0.6081922688293199,26.007832574046027,-0.07027592403372446,0.07160068631679509,0.015930789761141113,0.0034601329989527585,1
6.8186187744140625,-0.03420977294445038,-0.052588436752557755,0.3837539553642273,0.018159698813459354,0.015165401471296039,-0.001594544686423378,0.019665475140673294,-0.015569578157597075,-0.09270387696727189,0.02241325192153454,-0.05967346206307411,0.010689697228372104,0.31067599340514623,0.6083878834736024,26.01562235347764,-0.06955195505413406,0.0753075100306509,0.01857784962571947,0.0008232650015997933,1
6.828442096710205,-0.03359454497694969,-0.052406180649995804,0.3837418556213379,0.0220506602465796,0.010641951693191046,0.0013685932886505874,0.020148700393470165,-0.01661415745741479,-0.09243775011566102,0.0061851991340518,-0.07682012021541595,0.015792755410075198,0.29415220017946164,0.6112595351951142,26.0089317132661,-0.07735177271624946,0.07118226275462408,0.01768915617629754,0.002849057000275934,1
6.838624000549316,-0.03359454497694969,-0.052406180649995804,0.3837418556213379,0.0220506602465796,0.010641951693191046,0.0013685932886505874,0.020148700393470165,-0.01661415745741479,-0.09243775011566102,0.0061851991340518,-0.07682012021541595,0.015792755410075198,0.2952087857430545,0.6179132146613306,26.008021789879425,-0.06341591942996169,0.0864615379351778,0.01837724156236128,0.0008291329995699925,1
6.848444700241089,-0.033289000391960144,-0.05229640752077103,0.3837329149246216,0.029195085303144668,0.017982890580841526,0.0004907657482170249,0.020280498639471567,-0.017737228836903984,-0.09239724094785506,0.018548717722296715,-0.05068353936076164,0.011207521893084056,0.28036346403464996,0.6046447938275447,26.010396363650525,-0.06888567558571501,0.07627250104943828,0.01904998316379568,0.0027370950010663364,1
6.858469009399414,-0.03260427340865135,-0.05211344361305237,0.3837338387966156,0.026092339425636633,0.016653977124863738,0.0003684837242037364,0.020721132065823156,-0.017994828899889903,-0.09244067472153761,0.030915770679712296,-0.08425252884626389,0.008508083410561095,0.27895246673101054,0.6014086894828002,26.01101206264371,-0.07658190661847473,0.09386291766366707,0.01947342282284418,0.0008739040004002163,1
6.86845326423645,-0.032231878489255905,-0.052004508674144745,0.3837401270866394,0.033281818076415094,0.010952431532486222,0.002899556702134112,0.020868497876331382,-0.019480040660184272,-0.09243306527717765,0.012342697009444237,-0.08017102628946304,0.002022265689447532,0.26156237755829326,0.6086202614562862,26.004479599376346,-0.06843111934094306,0.09563561968779635,0.02026837201252751,0.0026173099995503435,1
6.878471612930298,-0.03186493366956711,-0.05191439017653465,0.38375768065452576,0.027773665344826146,0.0152700867656641,0.0012590045206559328,0.021197431409108347,-0.01985955688923635,-0.0924931159688871,0.03487825021147728,-0.07609099894762039,0.0004548129800241534,0.25105395909485817,0.6130134950129597,26.00352305717543,-0.06827776380016491,0.09571606691438689,0.020444012866480708,0.001072613000360434,1
6.888460159301758,-0.0314805768430233,-0.051799800246953964,0.3837709128856659,0.03602741660172873,0.014154092357904229,0.005193468198608103,0.02136235330241476,-0.02094772042803461,-0.09263803668707293,0.016072619706392288,-0.06404954195022583,-0.016110727563500397,0.25758216331350503,0.6094705690164551,26.00757672060662,-0.07999864920476418,0.09533277166853162,0.020667612003508452,0.0031343050013674656,1
6.898458957672119,-0.0314805768430233,-0.051799800246953964,0.3837709128856659,0.03602741660172873,0.014154092357904229,0.005193468198608103,0.02136235330241476,-0.02094772042803461,-0.09263803668707293,0.016072619706392288,-0.06404954195022583,-0.016110727563500397,0.24149185179748342,0.605464612053396,25.99792617003626,-0.07142552666382906,0.09156437958464948,0.022526115541640725,0.0008157230004144367,1
6.908443212509155,-0.030724678188562393,-0.05162900313735008,0.3838224709033966,0.03257874028482228,0.013848294455316934,0.003940291718756871,0.02191083968057317,-0.022750519758162113,-0.09313024226461675,0.014802915044128895,-0.06989232450723648,-0.02444357052445411,0.24770669106273308,0.6115272393184704,26.002418983584487,-0.07096520397168482,0.10101266013612233,0.023399565777725014,0.0029332909998629475,1
6.918457508087158,-0.030724678188562393,-0.05162900313735008,0.3838224709033966,0.03257874028482228,0.013848294455316934,0.003940291718756871,0.02191083968057317,-0.022750519758162113,-0.09313024226461675,0.014802915044128895,-0.06989232450723648,-0.02444357052445411,0.2451327140240715,0.608624886750213,26.000222005304256,-0.07230260512502598,0.10004320604646821,0.024083336393928862,0.00082745699910447,1
6.928451061248779,-0.030334344133734703,-0.05154214799404144,0.3838551640510559,0.03165382160105946,0.011129708434958939,0.004237871317757365,0.02192437400334457,-0.023251431834972802,-0.0935396521999472,0.005505729466676712,-0.07474975287914276,-0.02765115164220332,0.24495149007174577,0.6119615286776561,25.99897653179539,-0.06804158091935418,0.10392686990281033,0.024620235708971244,0.002621640998768271,1
6.938477277755737,-0.02996698208153248,-0.051460232585668564,0.38388100266456604,0.033672649512905606,0.011309986536316026,0.0030181185699879195,0.022158664778199277,-0.023986947193778807,-0.09368229219825608,0.022074582055211067,-0.05718271061778069,-0.031028373166918748,0.23922401886768535,0.6148847898888087,26.001920325183843,-0.07679535314778911,0.09712428162243865,0.02515441602108644,0.0008294119998026872,1
6.948458671569824,-0.029553135856986046,-0.051379814743995667,0.38391363620758057,0.038422551037133414,0.010159051802091439,0.003962353857654464,0.02223449570968361,-0.02444108157123459,-0.09417628579685422,0.0063298046588897705,-0.055045817047357566,-0.033737152814865105,0.22351953109734768,0.6163806510926583,25.999871663685955,-0.06942414521897591,0.0967715785805689,0.0256213690513942,0.0035682529996847734,1
6.95849084854126,-0.02874251827597618,-0.051248591393232346,0.38397231698036194,0.03566416727450173,0.010291405854176658,0.0042414330262766625,0.022317737511391655,-0.02490100961129027,-0.09449012789916544,0.007765209302306175,-0.04648355022072793,-0.03844823315739631,0.21722672964059866,0.6169836516603525,25.99861329620241,-0.0702587814114502,0.0940499852520837,0.026274970125904674,0.0008294819999719039,1
6.968402862548828,-0.02834055759012699,-0.05116650089621544,0.38399264216423035,0.03491288798721304,0.008943651664282185,0.0010141671385372787,0.02267084653245499,-0.025537166422926028,-0.09511217830916197,0.030371734872460365,-0.03630000352859498,-0.03815938904881477,0.21452966581977603,0.623563670245394,26.00677870236949,-0.08260207217426258,0.09081769499391937,0.02650018881300332,0.003023180999662145,1
6.978508710861206,-0.027964415028691292,-0.05112571269273758,0.3840068280696869,0.03225365655442807,0.005402124752365823,0.002489588982670847,0.022757843184312065,-0.025868684646665585,-0.09539786038715237,0.011366418562829494,-0.030108522623777393,-0.03670734539628028,0.21647761897445456,0.6341127466223769,26.003975238105067,-0.07397998697858897,0.08882627545427184,0.02641427745938292,0.0011668349998217309,1
6.988541603088379,-0.02755962684750557,-0.051065873354673386,0.3840288519859314,0.0396076441819288,0.009769821863248969,0.003046059479683422,0.02315184573612239,-0.026304080846441202,-0.09590198131965222,0.02958017960190773,-0.0257659312337637,-0.04791532829403877,0.20149492070538794,0.6311588018678546,26.00225785933704,-0.08296626560167178,0.08656996550031416,0.027659707227873122,0.003088835999733419,1
6.998518705368042,-0.02714916691184044,-0.051018983125686646,0.38404545187950134,0.032885137951384695,0.0033982024479589424,0.0010108454579280596,0.023279568425975672,-0.02631311670321157,-0.09633810475726001,0.014997628517448902,-0.016213605180382736,-0.045768916606903076,0.19146309222363092,0.629062294815453,26.001968603081654,-0.08366568901311164,0.08716220770131372,0.02797359634859146,0.0008665700006531551,1
7.008645296096802,-0.026782134547829628,-0.05097567290067673,0.38406068086624146,0.03622987866815973,0.009047533360339696,0.003201890512082722,0.023338279558613007,-0.026309626510656603,-0.09666146248600693,0.009032806381583214,0.0021895507816225243,-0.03989747166633606,0.1880578666174122,0.6283389955244518,26.00138200020674,-0.07401542502931818,0.07356903692749539,0.027254732897416645,0.0015925410007184837,1
7.018427610397339,-0.02636360004544258,-0.050926048308610916,0.38408470153808594,0.038262087849158535,0.0015118333182925444,0.00265078993840444,0.02364568469991024,-0.02636034571662904,-0.09735075704656415,0.029388589784502983,-0.008835427463054662,-0.04740976169705391,0.18519535746636803,0.6277359932796163,26.00126255991393,-0.0739470467766443,0.07332116858592637,0.027112925592335874,0.0008906659986678278,1
7.028660535812378,-0.025993555784225464,-0.050922516733407974,0.3840927183628082,0.02984822544820125,0.004989110029108552,0.0021486455762494997,0.023894581598511433,-0.026292307924105085,-0.09776741980922132,0.008626202121376991,0.013458386063575741,-0.033129166811704636,0.17644016627395345,0.6463605817663435,26.002528445305057,-0.08564120595950944,0.07866822136661294,0.02799192443988939,0.002693930999157601,1
7.038444995880127,-0.025993555784225464,-0.050922516733407974,0.3840927183628082,0.02984822544820125,0.004989110029108552,0.0021486455762494997,0.023894581598511433,-0.026292307924105085,-0.09776741980922132,0.008626202121376991,0.013458386063575741,-0.033129166811704636,0.1876317296051431,0.6502658506817856,26.003866856675067,-0.0759001215457329,0.06831309133676652,0.02669087303847107,0.0008356279995496152,1
7.048451900482178,-0.025247568264603615,-0.050898902118206024,0.38412773609161377,0.031006313835166433,-0.002336722719467131,0.004502333271177219,0.02428848652143545,-0.02575551394931841,-0.09864255020991974,0.016621576622128487,0.031051855534315106,-0.04027324542403222,0.1748446904397222,0.6562934547290205,26.001484129994942,-0.08570162205914834,0.06236681776692531,0.028200482658043077,0.0032889419999264646,1
7.058551788330078,-0.025247568264603615,-0.050898902118206024,0.38412773609161377,0.031006313835166433,-0.002336722719467131,0.004502333271177219,0.02428848652143545,-0.02575551394931841,-0.09864255020991974,0.016621576622128487,0.031051855534315106,-0.04027324542403222,0.1757099999210956,0.6734090052832825,25.997270329147582,-0.08166954655624635,0.057452479109684124,0.027630778548567683,0.0008308790002047317,1
7.068449974060059,-0.024512004107236862,-0.05091110244393349,0.3841894567012787,0.033025380133439544,-0.008906587273253972,0.00680836620670657,0.02432470592123659,-0.025680162936685402,-0.09906926843588293,0.015554255805909634,0.02183256112039089,-0.0349983312189579,0.16700836773092173,0.6975052167003865,25.990318479505973,-0.08173170382824468,0.06144747709907247,0.0269714127133448,0.002926655000919709,1
7.078720808029175,-0.024196116253733635,-0.05095035210251808,0.38423091173171997,0.028076738134767885,0.004011674468309889,0.0038241067378469796,0.024779059759818978,-0.0250993143815319,-0.09957849688986808,0.038880590349435806,0.017521595582365986,-0.03491678088903427,0.1742953236755178,0.6874450852933194,25.997026694564447,-0.0933401225801346,0.06260822791458075,0.02687174562754624,0.000849877000291599,1
7.088392734527588,-0.023850159719586372,-0.05095098167657852,0.3842736482620239,0.03690536689184159,-0.007694263126689124,0.007816554069403568,0.024813298189499733,-0.02522627260469079,-0.10004014169709396,0.011568646878004074,0.026381330564618104,-0.04372327774763107,0.1527792452886545,0.7027153494021495,25.98740340151921,-0.08119236004436968,0.05754847761516001,0.027831302787851543,0.0033336429987684824,1
7.0986292362213135,-0.02350078709423542,-0.051033198833465576,0.38432517647743225,0.029427697798824714,-0.0038501698506756984,0.005341685918403759,0.02508800140636458,-0.024538565904901777,-0.10040613111851071,0.024199994280934334,0.03828940168023109,-0.030469546094536785,0.15423119806656674,0.7073956761357372,25.992169191394705,-0.0876550913613409,0.05036809298526591,0.02667589990424329,0.0008923429995775223,1
7.108468770980835,-0.02317296713590622,-0.05104351043701172,0.3843478560447693,0.03690278515596198,-0.005897116505722334,0.005584378377539979,0.02541559216370315,-0.02448877356214041,-0.1005840055299756,0.01651613414287567,0.00661859149113297,-0.03273984044790268,0.13942882195741146,0.7132183276189734,25.992357213753458,-0.08459880258627622,0.0652373671169303,0.02663746786838109,0.0025098189998971066,1
7.118362188339233,-0.022828858345746994,-0.051159970462322235,0.3843972384929657,0.02814180956387852,-0.013683053773932058,0.006573407923033538,0.02546378956203066,-0.024175869179804632,-0.10105629435103536,-0.0032507870346307755,0.013282292522490021,-0.033142153173685074,0.12967308501489686,0.7166447730159331,25.992332719618922,-0.08498297692067132,0.06545646341651887,0.02663274277586359,0.0010700289985834388,1
7.128615856170654,-0.022558564320206642,-0.051218751817941666,0.3844192326068878,0.031314894514214986,-0.004355262224673322,0.004587378390135186,0.02549970164794768,-0.023821473214790778,-0.10108603545877592,0.015294280834496021,0.04238244146108627,-0.02187452651560307,0.13884854911809227,0.7370402153450124,25.98927136151025,-0.07616310805528,0.06198311077450388,0.026692893753459762,0.0027956960002484266,1
7.138458013534546,-0.022558564320206642,-0.051218751817941666,0.3844192326068878,0.031314894514214986,-0.004355262224673322,0.004587378390135186,0.02549970164794768,-0.023821473214790778,-0.10108603545877592,0.015294280834496021,0.04238244146108627,-0.02187452651560307,0.135354249899996,0.7296080104238707,25.99409597123583,-0.08426937823379174,0.046173768302364346,0.025558108876495282,0.0007998670007509645,1
7.148621082305908,-0.02192733995616436,-0.05141829699277878,0.38448038697242737,0.02801894208881053,-0.004226567285513643,0.0028601067722678515,0.025654128773606732,-0.023317138141888627,-0.10172967647063258,-0.0063750906847417355,0.002466532634571192,-0.021460918709635735,0.1208091604091604,0.7517864452104593,25.986103966310786,-0.07679716414095306,0.05775614147705286,0.024934164083968563,0.0031067159998201532,1
7.158435106277466,-0.02192733995616436,-0.05141829699277878,0.38448038697242737,0.02801894208881053,-0.004226567285513643,0.0028601067722678515,0.025654128773606732,-0.023317138141888627,-0.10172967647063258,-0.0063750906847417355,0.002466532634571192,-0.021460918709635735,0.13177752123394962,0.7384998004356186,25.99795988996966,-0.0740176484912024,0.06490991135388269,0.025098362107180985,0.0008322760004375596,1
7.1688995361328125,-0.02159946970641613,-0.05150269716978073,0.3844960629940033,0.03854076914107013,-0.01785238686860533,0.008730334272507467,0.02566367600615216,-0.02296233278055748,-0.10218340257466751,0.001229180721566081,0.00893751066178083,-0.02861965261399746,0.10686280958555192,0.7585465484560621,25.98418775130065,-0.0790270419072383,0.05955239359728893,0.02598907565271091,0.0011224129993934184,1
7.178356885910034,-0.021049732342362404,-0.05172356218099594,0.3844892084598541,0.0348318068769218,-0.014160177029024772,0.004163011010665477,0.025697487113160555,-0.022342375030473427,-0.1021489824493731,-0.011328818276524544,0.060092028230428696,-0.018587557598948486,0.09404763834881541,0.7639439293218633,25.994125688425594,-0.0725480202959609,0.03263647070396364,0.02514615600833039,0.0012288569996599108,1
7.188860893249512,-0.0207446850836277,-0.0518791489303112,0.38449665904045105,0.028772329619934388,-0.018779680529601144,0.0024858904280620126,0.025652786849340803,-0.02211779468786812,-0.10274336033412235,0.010000601410865784,0.053923722356557846,-0.015665037557482726,0.09801143435875789,0.7818141894698709,25.999777393179958,-0.08336350009619278,0.035151619232666326,0.02470108512740444,0.0025784059998841258,1
7.19843864440918,-0.020505215972661972,-0.0519753023982048,0.38446545600891113,0.03224080793669681,-0.011090851572185057,-0.000595225463113098,0.025473402721954752,-0.021722626613715157,-0.10247178462849327,-0.00957600399851799,0.0043039973825216285,-0.008035711012780666,0.09732130744889403,0.7731897713087483,26.00909533253138,-0.07252554515526595,0.058595786918905365,0.023677961147048846,0.0008609119995526271,1
7.208647727966309,-0.020197587087750435,-0.05212538689374924,0.3844592273235321,0.03148510641703488,-0.025073312649789837,0.003128672025658214,0.025288538597945998,-0.02184058256791177,-0.10290527742226141,-0.011154253035783768,0.040461499243974686,-0.020034285262227062,0.09088421259336903,0.7988209087130278,26.000431214997715,-0.07266843793119841,0.04099679850428603,0.024809122368246655,0.001734047998979804,1
7.21843147277832,-0.01998016983270645,-0.0522746704518795,0.38442593812942505,0.025377105876021922,-0.011655792682232923,-0.0017869943900512156,0.025426880549108244,-0.02113920873662911,-0.10282109713173515,-0.0007776761194691062,0.037503682076931,-0.01399606373161078,0.0862935722077249,0.8146257139776569,25.99914702947182,-0.07234577960081685,0.040861454352616844,0.02507737975283736,0.0011037639997084625,1
7.2286176681518555,-0.01970364712178707,-0.052394576370716095,0.38438597321510315,0.03491872918272597,-0.02299927365782579,0.0026218879525352133,0.02518773362990645,-0.021832616072445354,-0.1030070008064694,-0.020379306748509407,0.0014325163792818785,-0.0003262544050812723,0.07826715981511781,0.8184179075375321,26.000591989935447,-0.06752428671425471,0.059110475105539406,0.022969203462871318,0.002081177999571082,1
7.238423824310303,-0.01970364712178707,-0.052394576370716095,0.38438597321510315,0.03491872918272597,-0.02299927365782579,0.0026218879525352133,0.02518773362990645,-0.021832616072445354,-0.1030070008064694,-0.020379306748509407,0.0014325163792818785,-0.0003262544050812723,0.07260960866852398,0.820977402634242,26.000926707962638,-0.06710537324378395,0.06039388649658972,0.022505525877589534,0.0008472230001643766,1
7.248609304428101,-0.01919158734381199,-0.05270352214574814,0.38427796959877014,0.0339289417524483,-0.021761633709720396,0.0014335767035308766,0.025063412369531246,-0.021429729029100564,-0.10320702276441729,-0.015414290130138397,-0.007229591254144906,0.005040995310992003,0.08733291736691767,0.8162081974272692,26.015861629807933,-0.07815533038326311,0.05086831415097063,0.024993566681851837,0.0026872950002143625,1
7.258458375930786,-0.01919158734381199,-0.05270352214574814,0.38427796959877014,0.0339289417524483,-0.021761633709720396,0.0014335767035308766,0.025063412369531246,-0.021429729029100564,-0.10320702276441729,-0.015414290130138397,-0.007229591254144906,0.005040995310992003,0.07842650683415309,0.8185065653062624,26.006702050169,-0.06927948151469993,0.06348389357813344,0.022399734256503493,0.000865452000653022,1
7.268589973449707,-0.01892050914466381,-0.052904389798641205,0.38424432277679443,0.0261289808555037,-0.02229310428869556,0.0006680704505768682,0.024964594298391152,-0.02059356444428584,-0.10316402305623251,-0.006265508942306042,0.020338425412774086,-0.003987433854490521,0.0852712480589497,0.8244493498387343,26.007279479009245,-0.07350803335669191,0.04825272193943549,0.0228106762553971,0.0026622910008882172,1
7.2784388065338135,-0.01843084767460823,-0.05322251468896866,0.3841712176799774,0.028227025603707084,-0.027741113713708947,0.002290363887936054,0.02496164458748451,-0.021123779958227118,-0.10318719445339752,0.0026315408758819103,-0.0016599888913333405,0.008708596229553223,0.08409109285769048,0.8414721882225689,26.003316096642273,-0.07846179642291753,0.06020952559689051,0.021527614057457803,0.0008400289989367593,1
7.2883570194244385,-0.018235918134450912,-0.05338507145643234,0.3841285705566406,0.026533143311536188,-0.018023295701301487,0.000737698181210258,0.024560897269066295,-0.0205884630634241,-0.10306719279784016,-0.030683638527989388,-0.003966839518398045,0.011162891983985901,0.08793478438920337,0.8271528292914395,26.007167530052104,-0.059927964598103026,0.0602962391079807,0.020925402691653307,0.003007745001013973,1
7.298902988433838,-0.017977546900510788,-0.05355039983987808,0.38411322236061096,0.03224121380810421,-0.028869163505068074,0.004109760278283508,0.02432606047980279,-0.020907057210456603,-0.10306065654682683,-0.01517502497881651,0.016208335757255554,0.006620123516768215,0.0718155875308261,0.8425343956740095,25.998839909198086,-0.06766028538199645,0.05043294990859627,0.021330122911201718,0.0008798400012892671,1
7.308440923690796,-0.017764655873179436,-0.05373774841427803,0.38409721851348877,0.021550161736992354,-0.021456332901789645,0.0008908979934550322,0.024167060363144532,-0.020311562506100334,-0.10294789251791103,-0.0180534478276968,0.01283810939639807,0.017617419362068176,0.08695500766904865,0.8382297224219939,26.006074437455403,-0.0652259862573903,0.051391743956133336,0.02019747094624103,0.0024760140004218556,1
7.318633794784546,-0.01756363734602928,-0.05387459695339203,0.38408225774765015,0.03151579899629941,-0.026350724080703523,0.003573246770504793,0.023718439068190378,-0.02080861784607846,-0.10270888016612334,-0.04398537054657936,-0.008808670565485953,0.012806956656277181,0.09609177684071932,0.8356206782465416,26.007138689128315,-0.06520161317121384,0.051364399558648986,0.019944164688231812,0.001141759999882197,1
7.328447580337524,-0.01733003370463848,-0.05407371744513512,0.38409698009490967,0.024936200641099564,-0.025140099594792555,0.004204060870629994,0.023295644988484465,-0.020365490768075034,-0.10250282016767587,-0.027616655454039574,0.02269660867750645,0.017551140859723088,0.07932456120444048,0.8395061627845583,26.000513191780183,-0.05148400043972612,0.06254245752635945,0.02035007838118906,0.0031137699988903478,1
7.338622808456421,-0.01712179183959961,-0.05420472472906113,0.38409098982810974,0.031029906100903577,-0.02097398790747706,0.004437923898493669,0.02301129616235853,-0.02045053223127402,-0.10221529865684031,-0.04660390689969063,0.019101670011878017,0.019383242353796955,0.07964107177843276,0.8416589692504649,25.997706057847456,-0.058054254825516446,0.046404810895875316,0.01995891306049711,0.001221243999680155,1
7.348659515380859,-0.016891663894057274,-0.05438099429011345,0.3841089606285095,0.024279813870908613,-0.029364753771120224,0.0043942997990898975,0.022366551560554004,-0.020472803435292786,-0.10207504612358109,-0.052108034491539,0.00010603037662804491,0.029731014743447304,0.06656297156313655,0.8301427197164032,25.996935503955356,-0.04747828600660441,0.04762114614005682,0.01962747739885799,0.0030246480000641895,1
7.358460903167725,-0.016891663894057274,-0.05438099429011345,0.3841089606285095,0.024279813870908613,-0.029364753771120224,0.0043942997990898975,0.022366551560554004,-0.020472803435292786,-0.10207504612358109,-0.052108034491539,0.00010603037662804491,0.029731014743447304,0.07286506043977205,0.8426381139170723,25.996754415208933,-0.04360722606524556,0.05778134782359859,0.01838933086363823,0.0008396789999096654,1
7.368610620498657,-0.01654485985636711,-0.05470763519406319,0.38411688804626465,0.02613461003492208,-0.030511532088405888,0.006859327661517716,0.021023234159494475,-0.020147047575295396,-0.10120972605258949,-0.06254817545413971,0.0075528314337134405,0.0356428436934948,0.0829721366264673,0.8298192138498521,26.00040905785779,-0.04391156934733369,0.04587214779675057,0.01741536403817229,0.0014937800006009638,1
7.378451585769653,-0.01654485985636711,-0.05470763519406319,0.38411688804626465,0.02613461003492208,-0.030511532088405888,0.006859327661517716,0.021023234159494475,-0.020147047575295396,-0.10120972605258949,-0.06254817545413971,0.0075528314337134405,0.0356428436934948,0.07508820445444804,0.8413408425262909,25.990916040956716,-0.03458964259611766,0.05283077281008363,0.017180190993002418,0.0013544390003517037,1
7.3883583545684814,-0.016226014122366905,-0.055024757981300354,0.38414013385772705,0.02835251344420218,-0.026376180799739423,0.007305319889674391,0.0206369678948497,-0.01997565798516332,-0.10060505413965215,-0.03299516439437866,0.03178656473755837,0.055804174393415444,0.062462958727299386,0.8410909145110042,25.988295299399677,-0.0474546784310349,0.04024138157621176,0.014968084804458343,0.0009324340007879073,1
7.39864182472229,-0.016021182760596275,-0.05520416796207428,0.38416269421577454,0.022301844958497668,-0.023576237512536877,0.0031272147285218363,0.01966820899436339,-0.01963575493778036,-0.10011210989138197,-0.06355392187833786,0.01592000760138035,0.032591838389635086,0.06979634986215914,0.8325379372571267,25.998943342482885,-0.02956671380776788,0.047538965334165996,0.016846805087834777,0.0024352239997824654,1
7.408629417419434,-0.015875382348895073,-0.05532331392168999,0.3841455280780792,0.02358158274757558,-0.022587843526650855,0.0031380511395783916,0.019001867439635944,-0.019628582728193678,-0.09927022867780533,-0.05857511982321739,-0.003047616686671965,0.061336640268564224,0.0728388413459726,0.8241542381236294,26.000666786205617,-0.02967968854219038,0.057038009435661646,0.014100494118650886,0.0022036869995645247,1
7.418424129486084,-0.015676651149988174,-0.05549709498882294,0.38414642214775085,0.024883545977184215,-0.02864700552501673,0.0055276877252866,0.01858706597565174,-0.019700088405983696,-0.09880987316122258,-0.04013055935502052,-0.0009760634275153208,0.058410078287124634,0.06955073821887578,0.8330429094724762,25.99459293053676,-0.038804328981555905,0.05604914724152086,0.013791825538860616,0.0008844499989208998,1
7.428471088409424,-0.015527482144534588,-0.055627789348363876,0.38413822650909424,0.02148674589691495,-0.018907137471801925,0.0016914933314418625,0.017955679264031854,-0.01926273241747234,-0.0981433293657461,-0.06801898032426834,-0.004664702806621783,0.05519427731633186,0.06706564591711307,0.8388097390056783,25.99368761738713,-0.038352136477212286,0.05612737983768685,0.013705693931323848,0.0011026470001525013,1
7.43843674659729,-0.015340063720941544,-0.0557650588452816,0.3841327726840973,0.025763723690085772,-0.028317278504983535,0.004347538577059504,0.01736402160051531,-0.019709669513196193,-0.0975371541566794,-0.04427240416407585,-0.002855577273294322,0.06236550211906433,0.0750447976886339,0.8181185275788486,26.00385556528879,-0.021789285088758964,0.057138434531669606,0.013934793863073572,0.0008479909993184265,1
7.448447942733765,-0.015184926800429821,-0.05589161068201065,0.3841167092323303,0.0167042519930165,-0.018050134179204598,-0.0009725956479532124,0.01665457934675274,-0.019422277822430445,-0.09641014728946251,-0.04794379696249962,0.01193014346063138,0.07057929039001465,0.06773004652281259,0.8268907077752602,25.99838147533137,-0.032480536968133925,0.05700450887891481,0.013176218629169826,0.001107535999835818,1
7.458434343338013,-0.015184926800429821,-0.05589161068201065,0.3841167092323303,0.0167042519930165,-0.018050134179204598,-0.0009725956479532124,0.01665457934675274,-0.019422277822430445,-0.09641014728946251,-0.04794379696249962,0.01193014346063138,0.07057929039001465,0.08505576879036426,0.8100557740163693,26.011650621114978,-0.02779859914268257,0.04979441074919846,0.01197356574099904,0.0008386320005229209,1
7.468436002731323,-0.01502919290214777,-0.05598159506917,0.38408610224723816,0.02608552755551624,-0.022509874836783985,0.002428941665275761,0.01623214526137362,-0.019837030866113547,-0.09609387446560058,-0.05409633368253708,-0.00743764452636241,0.07467325031757355,0.07451996615639678,0.8062762121094929,26.004966722676006,-0.023864265210622154,0.05952626921587308,0.011215705992792209,0.0008462440000585048,1
7.478439807891846,-0.014869192615151405,-0.05608859285712242,0.38406360149383545,0.016320291877788055,-0.01967542993213858,-0.0012699151409377393,0.015642942660861525,-0.019754999135113138,-0.0949735147063806,-0.037819113582372665,-0.005649274680763474,0.0688023641705513,0.09103627434715378,0.8006111542067507,26.013686261094733,-0.029973323680864288,0.05953386959106448,0.011537239935429803,0.0008371650001208764,1
7.488433122634888,-0.014761826954782009,-0.05616013705730438,0.3840183615684509,0.019046658372774916,-0.019249776628396553,-0.0005607576897535329,0.015063689300337302,-0.02032094627942671,-0.09431171977355035,-0.051483381539583206,-0.025729011744260778,0.08289286494255066,0.09760577472678582,0.7932028300199532,26.013435451731265,-0.021558206642273772,0.07088727672066805,0.00999000920046451,0.0009540859991830075,1
7.4984352588653564,-0.014600043185055256,-0.05626966804265976,0.38399115204811096,0.021000807779840275,-0.02289871712265116,0.0008499395456615577,0.014793053675038692,-0.020146063741877995,-0.09370543667970788,-0.021237237378954887,-0.024198850616812696,0.07288376241922379,0.09485897927731157,0.7988098138248435,26.00973278815062,-0.03600829658547264,0.0695401728624666,0.010678572498226563,0.0008572799997637048,1
7.508442401885986,-0.014344140887260437,-0.056388720870018005,0.38390177488327026,0.018493307717152595,-0.018823057446494897,-0.00034306884984544936,0.01455468572003138,-0.020707718544739517,-0.09265976111350982,-0.019655555486679077,-0.02023915946483611,0.08265390992164612,0.10031966776891985,0.7935284178581589,26.012663415587724,-0.03591245930595082,0.06943369274641645,0.00965290531508537,0.0008465240007353714,1
7.518442392349243,-0.014250647276639938,-0.05646376311779022,0.38385117053985596,0.01156443347634447,-0.018590152318778985,-0.0012429992211337028,0.013862517134498376,-0.020936603695993483,-0.0915988543473718,-0.03870275244116783,-0.028995409607887258,0.08862914890050888,0.12093062317638767,0.7883826502321696,26.015657536309543,-0.024512186278114665,0.07509926865564881,0.0086123948504103,0.000852601000588038,1
7.528439998626709,-0.01415263582020998,-0.056536056101322174,0.3838061988353729,0.018351739188984792,-0.01722224809874222,0.0005218968805758478,0.013706763398284583,-0.021359393117367897,-0.0906447546246798,-0.004100899677723646,-0.03496386855840682,0.08482522517442703,0.11909658871121029,0.7833649647085437,26.011672333047628,-0.0408571816643563,0.07868158801126085,0.008709098371704785,0.0008537880003132159,1
7.5384440422058105,-0.014025100506842136,-0.056581199169158936,0.3837609589099884,0.01448096779229421,-0.014396481415969116,-0.002429233611990177,0.013610284170722853,-0.02148966393114815,-0.0899854979434207,-0.010818356648087502,-0.01397781167179345,0.08899331092834473,0.11798126249217715,0.7802881630709977,26.011087551043722,-0.0411366183631145,0.07873896447508787,0.008732617278924201,0.0011043930007872405,1
7.548436164855957,-0.013929303735494614,-0.056615035980939865,0.38370364904403687,0.016811130569513822,-0.01586421020219003,-0.0006517124712807342,0.0134326794317019,-0.022388387526307785,-0.0884815642670973,-0.00014526949962601066,-0.04988370463252066,0.09307162463665009,0.12554588025939875,0.7724986919933305,26.018887905780453,-0.03726443142730723,0.06905235142259386,0.008208444161184644,0.001165646999652381,1
7.55843186378479,-0.013816052116453648,-0.05665517970919609,0.3836602568626404,0.013927245513760568,-0.01663634925991552,-0.0015488243662512135,0.0134326794317019,-0.022388387526307785,-0.0884815642670973,-0.00014526949962601066,-0.04988370463252066,0.09307162463665009,0.12941108347587532,0.7710404287043201,26.01564182412502,-0.042120764392803406,0.08912022399442718,0.00745508248352762,0.001097339001717046,1
7.568480491638184,-0.013816052116453648,-0.05665517970919609,0.3836602568626404,0.013927245513760568,-0.01663634925991552,-0.0015488243662512135,0.0134326794317019,-0.022388387526307785,-0.0884815642670973,-0.00014526949962601066,-0.04988370463252066,0.09307162463665009,0.13785898491993712,0.772743966981519,26.01761259194026,-0.04230976391708856,0.08971829187411282,0.007282475164546025,0.0008905270005925559,1
7.5784430503845215,-0.013745138421654701,-0.05669538676738739,0.38361722230911255,0.009079287591211856,-0.014583619407203107,-0.0019286620645740681,0.013329622666573115,-0.022776601543394115,-0.08660296524934452,-0.00208139861933887,-0.03255973011255263,0.09424956887960434,0.15422278978731346,0.7698055531327656,26.018974776538727,-0.04087817342433133,0.08265084062889654,0.006885487853056148,0.0009922219996951753,1
7.5884857177734375,-0.013674257323145866,-0.05670594051480293,0.3835822343826294,0.013866708505188181,-0.012753741924081498,3.253024603356285e-05,0.013462871813834543,-0.023254872086911682,-0.0857208170865329,0.02241787128150463,-0.03797858953475951,0.09308220446109772,0.15464604678855484,0.7650618726688931,26.014171983391147,-0.053173339761565214,0.08610555049011369,0.006841145921804744,0.0009725250001793029,1
7.598491668701172,-0.013559814542531967,-0.05673561617732048,0.3835391104221344,0.011135372270084723,-0.010920923261273528,0.0014935712172045466,0.013585372681931052,-0.02390117480246312,-0.0837394087161738,0.019505446776747704,-0.028545973822474466,0.1010439544916153,0.16738522713622042,0.7654846638242403,26.014264701124368,-0.04167120071585282,0.08018577903157763,0.005744341690534118,0.0028623979997064453,1
7.608446836471558,-0.013559814542531967,-0.05673561617732048,0.3835391104221344,0.011135372270084723,-0.010920923261273528,0.0014935712172045466,0.013585372681931052,-0.02390117480246312,-0.0837394087161738,0.019505446776747704,-0.028545973822474466,0.1010439544916153,0.16970706344478637,0.758695645741557,26.009729835877692,-0.05193635826865783,0.0834479482498448,0.005415404458425485,0.0008484800000587711,1
7.618471145629883,-0.01344699040055275,-0.05677587166428566,0.38354068994522095,0.004976066664118387,-0.0065418007497933086,0.0033967399543712038,0.013924147152934108,-0.023851712966672434,-0.08264504918621673,0.03671998903155327,-0.013367481529712665,0.09743192046880722,0.18394834879370128,0.7478138783125433,26.003888830095537,-0.06128002965880253,0.07636703966071279,0.005571051796311262,0.002523160001146607,1
7.628462791442871,-0.013390541076660156,-0.056753769516944885,0.38355013728141785,0.012244141477124116,-0.013592106436550204,0.004591794699285667,0.014150563489252477,-0.02410389588848716,-0.08114992160460588,0.020244108512997627,-0.0006339218816719822,0.10364077240228653,0.17403322588998998,0.7548343563871147,25.999918434336312,-0.05455360213050512,0.0698389202732752,0.004692126627152666,0.0008698530000401661,1
7.638437032699585,-0.013340592384338379,-0.056798748672008514,0.3835722506046295,0.002272983051894792,-0.010825564159456175,0.0037074661781301183,0.014549943543687327,-0.023851546311209226,-0.08002360350815518,0.04387740418314934,0.009515852667391314,0.10985597968101501,0.190254475835546,0.7577981969414,26.001319253293346,-0.06707212051782449,0.06494648544113144,0.003640852078705751,0.002568280000559753,1
7.64847207069397,-0.013324846513569355,-0.05677241459488869,0.38358017802238464,0.00843703182321892,-0.007796526008298928,0.003912727355057734,0.014992882298229926,-0.024145625292428807,-0.07891862489319745,0.03890790417790413,-0.0012889569625258316,0.10652924329042435,0.18835619543168552,0.7520675020962698,26.00108837254168,-0.0651477294862497,0.07008577993570198,0.003695134807210888,0.0009371830001327908,1
7.658427476882935,-0.013257144019007683,-0.056820351630449295,0.3836038112640381,0.00520513292533038,-0.016823710895204128,0.005763968446050552,0.015265519858238541,-0.023827230037092306,-0.07778359090886022,0.04388635233044624,0.006858652457594885,0.11121166497468948,0.18711979177799842,0.7484875197495933,26.001038096697144,-0.06575164562503595,0.07058854202369844,0.00357577250258955,0.0031241769993357593,1
7.668360471725464,-0.013263756409287453,-0.05680861324071884,0.38360998034477234,0.0006512286148048675,-0.0022630540296233585,0.0018136195105647413,0.016097943315083185,-0.023581108681597573,-0.07596070553267387,0.06047919765114784,0.017774550244212164,0.11842457950115204,0.19029721432039676,0.7685060409192307,25.99588841612992,-0.06991971254753596,0.06585570266914387,0.0028549277157909024,0.0008669190010550665,1
7.6784281730651855,-0.013263756409287453,-0.05680861324071884,0.38360998034477234,0.0006512286148048675,-0.0022630540296233585,0.0018136195105647413,0.016097943315083185,-0.023581108681597573,-0.07596070553267387,0.06047919765114784,0.017774550244212164,0.11842457950115204,0.20516782181337795,0.7518996423732426,26.00541340060078,-0.07915415217556568,0.0602022153914173,0.0016059043938330773,0.002555217999542947,1
7.688464403152466,-0.013216905295848846,-0.056799184530973434,0.3836231529712677,0.00914229718370582,-0.016144873646189876,0.005662427743812676,0.016487269261943993,-0.023131563337858818,-0.07496899511033295,0.038229405879974365,0.016914745792746558,0.10852211713790894,0.1904499161120181,0.7705123420375924,25.996673499577465,-0.07078971749077441,0.05826636725096068,0.0022109561844496414,0.0008363970009668265,1
7.698427438735962,-0.013180510140955448,-0.05681706219911575,0.38361120223999023,0.009502236598894624,-0.011468619208799333,0.0038375710153253804,0.017797997027173107,-0.022852332222362826,-0.07245919827843172,0.05817529559135437,0.011455091647803799,0.12678855657577515,0.20721165879031625,0.7635442406566721,26.00950109490015,-0.09154965026464255,0.04192379880815357,0.0004143209360337112,0.0028990659993723966,1
7.708450555801392,-0.013180510140955448,-0.05681706219911575,0.38361120223999023,0.009502236598894624,-0.011468619208799333,0.0038375710153253804,0.017797997027173107,-0.022852332222362826,-0.07245919827843172,0.05817529559135437,0.011455091647803799,0.12678855657577515,0.19253271263972194,0.7718136829049259,26.002005627352016,-0.08412200577124958,0.05992889830033222,-0.0004429889244494632,0.000843870000608149,1
7.71843147277832,-0.013127016834914684,-0.05687132850289345,0.3836205303668976,0.0006327218138078511,-0.009845240044644155,0.0011128416381979962,0.018360027388093947,-0.0220434847100357,-0.07113129461381362,0.05879394710063934,0.04132430255413057,0.11763354390859604,0.20038353664528533,0.7766258605371105,26.0078148753922,-0.08585827730278638,0.04391994990742065,0.00011053226860052723,0.002590420001070015,1
7.728463649749756,-0.013075471855700016,-0.05690326914191246,0.3835837244987488,0.0023942550301314677,-0.014949363654885283,-0.0003045014718662679,0.019066021609563055,-0.022399493234462664,-0.06989928880608742,0.0741567462682724,0.0220129042863846,0.14099235832691193,0.20337066102873363,0.7942520537391741,26.012403392048757,-0.09592198668012857,0.05414538185357945,-0.002474032725347363,0.0008482709999952931,1
7.738959550857544,-0.013085433281958103,-0.05690451338887215,0.3835434913635254,-0.002617791066304881,-0.002134745449519322,-0.004203058788670392,0.020216249869291936,-0.02131894829121439,-0.06786630731635768,0.06838688999414444,0.026501782238483446,0.13762590289115906,0.21702669778221795,0.779260711750114,26.023447995024167,-0.09535358524063635,0.04956742524169119,-0.0030801436504400573,0.002607463000458665,1
7.74874472618103,-0.013066760264337063,-0.0569339394569397,0.38350406289100647,0.0026559721513637192,-0.016674261552504604,-0.0007154778285315725,0.020789968556928162,-0.021587655093606717,-0.06659465142031884,0.08232686668634415,0.05859662219882013,0.13391131162643433,0.20836021361144055,0.8046583078887076,26.015841649683196,-0.10532276607921287,0.03360128759249519,-0.0029826291258432235,0.0025909089999913704,1
7.7584388256073,-0.013077829033136368,-0.056987497955560684,0.3834601640701294,-0.005328923975370776,-0.006739395591555714,-0.006303997285465524,0.02160617164626233,-0.02066649728923231,-0.0651771752325252,0.07109326869249344,0.012775006704032438,0.1382184624671936,0.20319714241157652,0.8199943003058059,26.014692377739188,-0.10539125524948462,0.03333868031831438,-0.0029615658263756057,0.0009712680002849083,1
7.768599987030029,-0.013043507002294064,-0.05701368302106857,0.38340359926223755,0.009331649149398043,-0.01366314106939645,-0.0011767786954611419,0.022564573551073774,-0.02058156844257386,-0.06315335063600225,0.0700014978647232,0.013625767081975954,0.1381474882364273,0.18768632734330565,0.8250149638968423,26.015940446528962,-0.10276872160744382,0.05247215066426677,-0.003810377816590816,0.0022715069990226766,1
7.7784318923950195,-0.013043507002294064,-0.05701368302106857,0.38340359926223755,0.009331649149398043,-0.01366314106939645,-0.0011767786954611419,0.022564573551073774,-0.02058156844257386,-0.06315335063600225,0.0700014978647232,0.013625767081975954,0.1381474882364273,0.17819252935804217,0.8280111519984527,26.016299992767827,-0.10406973661522832,0.0527413526776917,-0.004252467341240622,0.0008406580000155373,1
7.788679122924805,-0.013019910082221031,-0.05712895840406418,0.3832797110080719,4.8070531674268805e-05,-0.009505203916962456,-0.004453970600478078,0.02400306715795164,-0.020270127625308554,-0.06005846119688485,0.05792703106999397,0.00582625064998867,0.15709537267684937,0.19831970883824984,0.8285711155667768,26.02983700659061,-0.11672632600194234,0.024929871545732445,-0.005251823544671417,0.0030636210012744414,1
7.799392938613892,-0.013019910082221031,-0.05712895840406418,0.3832797110080719,4.8070531674268805e-05,-0.009505203916962456,-0.004453970600478078,0.02400306715795164,-0.020270127625308554,-0.06005846119688485,0.05792703106999397,0.00582625064998867,0.15709537267684937,0.20795990237137993,0.8254558371418298,26.02720449135409,-0.1020774359077397,0.05621637836887188,-0.007189943349176237,0.0010462119989824714,1
7.808436632156372,-0.01297526340931654,-0.057242970913648605,0.3832418620586395,-0.0012876975423386661,-0.017993094386842906,-0.0022464141147271474,0.024761020094873576,-0.019329336510527817,-0.05865375865809552,0.07708829641342163,0.024934094399213808,0.14682595431804657,0.2113677505933318,0.8466222895256748,26.02085672464276,-0.11445402479234744,0.04456945080949974,-0.006739407313415702,0.0008715990006749053,1
7.818447828292847,-0.012993043288588524,-0.05731179565191269,0.38318318128585815,-0.002836145706092089,-0.006462308097469215,-0.00515719830221084,0.025456681295592976,-0.019552306117696094,-0.05696554973045398,0.07365909218788147,0.032233137637376806,0.16283249855041504,0.21962811582355163,0.8354796184961425,26.027862497346113,-0.11375474619521174,0.041629868714564505,-0.008657966173810124,0.0024428369997622212,1
7.828648567199707,-0.0129337627440691,-0.05751361697912216,0.38311320543289185,-0.006251657865362549,-0.009116685930720006,-0.0030516216215267697,0.02603858152714933,-0.019165513693188085,-0.05568960306093995,0.04239039123058319,-0.0007682639989070412,0.14854104816913605,0.23358229805934833,0.8342637394694059,26.023528856634446,-0.10033535499713903,0.05718852349486034,-0.007843816935336473,0.0008525310004188213,1
7.838426351547241,-0.012909566052258015,-0.05761580914258957,0.383075088262558,0.005162908107948577,-0.019396206394437218,0.0007657185288408764,0.026811754518995645,-0.019532236738356357,-0.0531129359576501,0.05462314561009407,-0.011554128490388374,0.161599799990654,0.2162666322578411,0.8579679290499956,26.01286160385144,-0.10934649702562729,0.06278798357268608,-0.009488187135685779,0.0026155640007345937,1
7.848465442657471,-0.012877803295850754,-0.05779150873422623,0.38306400179862976,-0.006228578322942953,-0.01570499499973314,-0.0006318661938868982,0.027229296150808935,-0.018902742329734767,-0.05158409891507176,0.042946334928274155,0.019035333767533323,0.17211152613162994,0.20581229675570603,0.8722971984792609,26.011265401900225,-0.10942883330246894,0.06292351511830425,-0.009866536003683535,0.0010130350001418265,1
7.8584253787994385,-0.012886016629636288,-0.05788854509592056,0.3830326795578003,0.0003021566145765959,-0.013510787859528393,0.0002282465147751874,0.027469375709433752,-0.019209729952180066,-0.049779960502529974,0.0375947505235672,0.012150741182267687,0.16561409831047058,0.20944181653587005,0.8693246833121796,26.012563485066426,-0.10234373067111194,0.05072683121366566,-0.01097412109613211,0.0025871380003081867,1
7.8684608936309814,-0.012861215509474277,-0.058065660297870636,0.38303160667419434,-0.003990512535903125,-0.020849479324945307,0.00111371871521709,0.027802934525068768,-0.01933167406866021,-0.048427104474601634,0.030363380908966064,0.010326637886464615,0.15855839848518372,0.2116677179711741,0.8675455062016711,26.012756350130804,-0.10222316571513192,0.05051203237503172,-0.011222073206009101,0.0008765569982642774,1
7.878616571426392,-0.012833259999752045,-0.058193422853946686,0.38302338123321533,0.003426836797272169,-0.009737509305261483,0.0016909264932764864,0.027726636831324925,-0.019517412794355593,-0.045960316536586276,-0.0007346355705522001,-0.017312658950686434,0.15877319872379303,0.22253596844349657,0.8843988753572913,26.01022217404621,-0.10036868008052433,0.052116649568005165,-0.01077084852536114,0.0030400830000871792,1
7.888603210449219,-0.012748120352625847,-0.05835883691906929,0.38304316997528076,0.0013798594588675381,-0.024717126059496723,0.0033254596794205973,0.02787402416194329,-0.01941902218727476,-0.04435136025542619,0.006955110467970371,-0.0006019410211592721,0.15664781630039215,0.21797481882552655,0.9011590630002445,26.004053728570543,-0.08907405985954164,0.05743064651117429,-0.011011102490475717,0.0008495969996147323,1
7.898432493209839,-0.012748120352625847,-0.05835883691906929,0.38304316997528076,0.0013798594588675381,-0.024717126059496723,0.0033254596794205973,0.02787402416194329,-0.01941902218727476,-0.04435136025542619,0.006955110467970371,-0.0006019410211592721,0.15664781630039215,0.21501087532117563,0.9116866144391708,26.003063108302722,-0.08906098223721258,0.05741203519851462,-0.01125595223757661,0.0008199830008379649,1
7.9085962772369385,-0.012670458294451237,-0.058686304837465286,0.3830668032169342,0.001959886091245951,-0.02057299018931573,0.0022964220965847625,0.027274530923478313,-0.020000462544031095,-0.041171924395214,-0.034732885658741,-0.030186885967850668,0.1486925184726715,0.22614542340719643,0.8893605333031397,26.00613516586946,-0.0818759749038616,0.06246801139051439,-0.012827382868116684,0.0026514649998716777,1
7.9184534549713135,-0.012670458294451237,-0.058686304837465286,0.3830668032169342,0.001959886091245951,-0.02057299018931573,0.0022964220965847625,0.027274530923478313,-0.020000462544031095,-0.041171924395214,-0.034732885658741,-0.030186885967850668,0.1486925184726715,0.22361485470124373,0.8915672801007389,26.006229099780114,-0.0662363749109225,0.07385136366560846,-0.01144728482104351,0.0008121609989757417,1
7.928444862365723,-0.012618515640497208,-0.05892495438456535,0.38309091329574585,-0.004066778349679338,-0.02002722956206182,0.0030538761036166206,0.027223508490486825,-0.01995319188631184,-0.03952923965349786,-0.022272653877735138,-0.0033157553989440003,0.16306838393211365,0.23367463579930525,0.8938595721415382,26.004043131411777,-0.07196512088328698,0.061142083777146375,-0.012929989968914497,0.002780259999781265,1
7.938459634780884,-0.01250004954636097,-0.059328578412532806,0.3831411600112915,-0.0024591716605690058,-0.022325852885503643,0.004905610833845359,0.026659112333374146,-0.020442273818423118,-0.038082280716643435,-0.04712510108947754,-0.025382107123732546,0.156340092420578,0.2383986144395145,0.8980376944006516,25.998749092169543,-0.05834727440083766,0.07309296009154811,-0.01285001243918365,0.0008335330003319541,1
7.948687791824341,-0.012460376136004925,-0.059504419565200806,0.3831571638584137,-0.00017737535591658192,-0.008819172165067867,0.00298006387805451,0.02603783152768191,-0.02060759599911588,-0.03571928837840366,-0.048162177205085754,-0.023922875523567182,0.153908833861351,0.23822342181589004,0.8689817502140902,26.003307732562234,-0.05451102013954563,0.07287527212643122,-0.012983139820077148,0.0025698850004118867,1
7.958362340927124,-0.012373149394989014,-0.059713948518037796,0.38318154215812683,0.001107818380609166,-0.025899654263840534,0.005178948821861037,0.02520977719678097,-0.02096511917558841,-0.03433435265951079,-0.06340440362691879,-0.016095492988824827,0.15168866515159607,0.2335095649029316,0.8875660571942711,25.997959415135494,-0.04623408105484422,0.06977715909404952,-0.013010240768807194,0.0008404479995078873,1
7.968687534332275,-0.012319732457399368,-0.05995752289891243,0.38320082426071167,-0.00222316811450705,-0.012906866144112848,0.002512792295535901,0.024564464768364047,-0.020960599103469146,-0.032710541802816184,-0.07181517779827118,-0.037403024733066545,0.1401928961277008,0.2419795337633202,0.8679672365770837,26.004421910802726,-0.039692333197028036,0.08070116988448894,-0.01193078457182924,0.0017955809998966288,1
7.97843337059021,-0.0122295580804348,-0.06014758348464966,0.3832067847251892,0.004179407815735231,-0.021429551773589486,0.00555634590292806,0.02346808992098337,-0.021600581700054633,-0.030672363888261778,-0.07084651291370392,-0.037444293498992906,0.13584648072719574,0.24689939239646322,0.8567658996956224,26.005324338431592,-0.03876580531590101,0.08086191210589741,-0.011866905631937654,0.000981045999651542,1
7.988739252090454,-0.012154274620115757,-0.06042930483818054,0.3832080364227295,-0.005318603542030959,-0.020089711977707234,0.0008155984654098049,0.02266542189623255,-0.021718580842443824,-0.029167587457300748,-0.08809062093496323,-0.01723945885896681,0.13969627022743225,0.25739483512972006,0.8622193688353962,26.00994663231119,-0.027017454316933684,0.07304664790573712,-0.012240496671694596,0.0017886660007206956,1
7.998920917510986,-0.012154274620115757,-0.06042930483818054,0.3832080364227295,-0.005318603542030959,-0.020089711977707234,0.0008155984654098049,0.02266542189623255,-0.021718580842443824,-0.029167587457300748,-0.08809062093496323,-0.01723945885896681,0.13969627022743225,0.2635482304849647,0.8662923095758751,26.01060847221418,-0.025695790484236546,0.07304668716093535,-0.012502507746580127,0.001054103999194922,1
8.008439779281616,-0.012110001407563686,-0.06062237545847893,0.38319265842437744,0.0006051279312449867,-0.014805594459676627,0.0001851796563141641,0.021956209195621135,-0.022369001675126565,-0.027903678146781186,-0.07065613567829132,-0.04365001618862151,0.1410946398973465,0.25814439566665376,0.8569182070848912,26.012637937479358,-0.031698440434792946,0.08752832844145675,-0.012947160751448568,0.0008512740005244268,1
8.018592596054077,-0.011921937577426434,-0.061127327382564545,0.3831692636013031,0.0005618937986622779,-0.010398586280156809,-0.0023986089533909647,0.020432813988929155,-0.02251360840991712,-0.02522951211843827,-0.07841070741415024,-0.0139894839376211,0.13623718917369843,0.2530297106825257,0.8706801140437461,26.008879569983257,-0.029632450682265242,0.0723150244676532,-0.011456882232886793,0.0026495099991734605,1
8.028636693954468,-0.011777201667428017,-0.06137096881866455,0.383150577545166,0.005874190951748474,-0.022579433394551023,0.0020008187310952934,0.01984145854517605,-0.022633831909953273,-0.024101071379132755,-0.054888010025024414,-0.04444368556141852,0.11445385962724686,0.25042524048511,0.8476622593504137,26.01948449936913,-0.02308083056853995,0.07313532299698537,-0.01263330160289433,0.0026311399997211993,1
8.03844952583313,-0.011777201667428017,-0.06137096881866455,0.383150577545166,0.005874190951748474,-0.022579433394551023,0.0020008187310952934,0.01984145854517605,-0.022633831909953273,-0.024101071379132755,-0.054888010025024414,-0.04444368556141852,0.11445385962724686,0.2374585747793851,0.8621853405439726,26.009517457139694,-0.034225011728302376,0.08807921705192967,-0.010752034216635974,0.00093103699873609,1
8.048622608184814,-0.011561192572116852,-0.06186674162745476,0.3830741047859192,0.006370101115020058,-0.015869319442448508,0.00011159706224692202,0.01930685795607001,-0.022880978236887728,-0.02273165895453122,-0.061033088713884354,-0.009042517282068714,0.12298670411109924,0.22631993915481435,0.8561036399233166,26.013427586236734,-0.029124815736737836,0.07139283699002365,-0.011448409176034319,0.0025142890008282848,1
8.058440446853638,-0.011438226327300072,-0.06213245168328285,0.38304081559181213,-0.003053318500222326,-0.014984292892770371,-0.004263284189725982,0.018445899302474533,-0.02311265563466014,-0.02125936984026211,-0.05590948462486267,-0.00016517032054251397,0.12450943142175674,0.24202137823100525,0.8510736389578761,26.025559764961447,-0.02899212586355577,0.06827262172926349,-0.01204311026142187,0.0008552550007152604,1
8.068619966506958,-0.011438226327300072,-0.06213245168328285,0.38304081559181213,-0.003053318500222326,-0.014984292892770371,-0.004263284189725982,0.018445899302474533,-0.02311265563466014,-0.02125936984026211,-0.05590948462486267,-0.00016517032054251397,0.12450943142175674,0.2514999140634639,0.8480084212723682,26.02734625681726,-0.02900470591984184,0.06817228741861456,-0.01217630877339233,0.0025706540000101086,1
8.078437328338623,-0.011179045774042606,-0.06262029707431793,0.38295218348503113,0.0017968950274809708,-0.015161707062622575,-0.003196112143177514,0.01731737565208613,-0.023740736132676687,-0.019096006967266543,-0.054166506975889206,-0.00186571944504975,0.10467368364334106,0.24762476607099715,0.8442572781352518,26.02505227340608,-0.02824111069506094,0.06941002400066723,-0.01020030690063916,0.0008460349999950267,1
8.088581562042236,-0.011069239117205143,-0.06286218017339706,0.3828922212123871,-0.0005212571717736016,-0.011019389144324975,-0.003231402255985224,0.016965653278502302,-0.023793684973817175,-0.01783466354438179,-0.03739708289504051,0.0030577539000660302,0.09810692071914673,0.24993973990397467,0.8348087723517963,26.025101394384105,-0.03408004113979064,0.06812540044307835,-0.009354089077407732,0.0025580820001778193,1
8.098608016967773,-0.01092561800032854,-0.06309393048286438,0.3828543424606323,0.0037234604699135075,-0.013207136656289106,-0.0007689083075512896,0.01629970636971434,-0.02399070615390375,-0.016480102371818628,-0.05148943513631821,-0.019245769828557958,0.0929701030254364,0.24318891429370634,0.8316586281829265,26.019005404955223,-0.025974212206824936,0.07915067396404558,-0.008867340244171008,0.0008231960000557592,1
8.108426332473755,-0.01092561800032854,-0.06309393048286438,0.3828543424606323,0.0037234604699135075,-0.013207136656289106,-0.0007689083075512896,0.01629970636971434,-0.02399070615390375,-0.016480102371818628,-0.05148943513631821,-0.019245769828557958,0.0929701030254364,0.23872435772932762,0.830417571159044,26.018217730530154,-0.0249391317213158,0.07963089649824119,-0.008909754461967616,0.0016079069991974393,1
8.118627309799194,-0.010663219727575779,-0.06356050074100494,0.3827904462814331,0.004148698397667194,-0.010121878243026478,0.002023017961039655,0.015596024958265176,-0.024507369755749853,-0.014257630398443855,-0.027372507378458977,-0.010758361779153337,0.08142268657684326,0.24664958846378554,0.8260121455893752,26.021592815082208,-0.024729896317676088,0.08009748260155021,-0.008929490743829493,0.0027581880003708648,1
8.128636121749878,-0.010663219727575779,-0.06356050074100494,0.3827904462814331,0.004148698397667194,-0.010121878243026478,0.002023017961039655,0.015596024958265176,-0.024507369755749853,-0.014257630398443855,-0.027372507378458977,-0.010758361779153337,0.08142268657684326,0.2392590163611531,0.8217380736582298,26.011535789619362,-0.03460929921651773,0.07679225142269298,-0.008041744326238637,0.0008777450002526166,1
8.138426303863525,-0.010535445995628834,-0.06378510594367981,0.3827764689922333,-0.0007051775588258677,-0.010919284075293457,0.0006334612123482169,0.015596024958265176,-0.024507369755749853,-0.014257630398443855,-0.027372507378458977,-0.010758361779153337,0.08142268657684326,0.2457343729699046,0.8222683121033678,26.01365879027513,-0.03486347211403194,0.07720557401763263,-0.007851505917627497,0.002574705000370159,1
8.148623943328857,-0.010271570645272732,-0.06422680616378784,0.38278648257255554,0.003072553071416244,-0.00807099044804891,0.003964076747608964,0.01514351040857953,-0.02482740738259226,-0.01285615336716539,-0.01756550930440426,-0.031171539798378934,0.08992651849985123,0.24207642925480355,0.8169595652715492,26.0053154040347,-0.03815285544358923,0.08792616796113212,-0.008967511898964971,0.0008708999994269107,1
8.158431768417358,-0.010008742101490498,-0.0646432489156723,0.3828340768814087,0.0003320937652225734,-0.003183103866506229,0.0045983940354284636,0.01442451079230489,-0.02523431807007004,-0.010939915596070104,-0.02810046635568142,-0.01296320278197526,0.07692831754684448,0.24657883839838646,0.8203375925473924,26.001882702791033,-0.033440790793081994,0.08363888523449804,-0.008968905650411797,0.0024126640000758925,1
8.168346881866455,-0.010008742101490498,-0.0646432489156723,0.3828340768814087,0.0003320937652225734,-0.003183103866506229,0.0045983940354284636,0.01442451079230489,-0.02523431807007004,-0.010939915596070104,-0.02810046635568142,-0.01296320278197526,0.07692831754684448,0.24758940985989122,0.8036428601997188,26.001819690349446,-0.030434232354936353,0.08033282672553087,-0.008165386488357672,0.000865452000653022,1
8.178436040878296,-0.009874439798295498,-0.06483921408653259,0.3828697204589844,0.0003622805550458887,-0.011962871075472226,0.005724800734151422,0.014311364829484141,-0.025474115521426643,-0.010268988519507083,-0.01459971722215414,-0.015405426733195773,0.07330932468175888,0.24801424157489133,0.8152448230873955,25.99862243612759,-0.037655242930931275,0.0821473819365624,-0.007695050697291904,0.0025128220004262403,1
8.188649654388428,-0.009764069691300392,-0.06503628194332123,0.382914274930954,-0.0006984609803404635,-0.0005966613611098376,0.0059209787257780465,0.01409902182904288,-0.025418119642030668,-0.00956185827826328,-0.027378221973776817,-0.010102903470396989,0.06318793445825577,0.2482742927310534,0.8222388718486748,25.998142496557037,-0.037738900692259464,0.08217400098265995,-0.007589258938596695,0.0010536150002735667,1
8.198619365692139,-0.009614776819944382,-0.0651915967464447,0.3829575181007385,0.004070397430902467,-0.00841813256937667,0.006450357378865858,0.01394681179396251,-0.02555302792358427,-0.00894444029925845,-0.0002064892032649368,0.0027853208594024264,0.06852427124977112,0.25014845505617117,0.7995639864025438,25.997539097715443,-0.029735198724241817,0.07945237222135848,-0.006620128715554087,0.002499691001503379,1
8.208341121673584,-0.009614776819944382,-0.0651915967464447,0.3829575181007385,0.004070397430902467,-0.00841813256937667,0.006450357378865858,0.01394681179396251,-0.02555302792358427,-0.00894444029925845,-0.0002064892032649368,0.0027853208594024264,0.06852427124977112,0.23880439681275356,0.8062449754483276,25.995870301951115,-0.04341652153119305,0.07290036111304972,-0.007027881049501347,0.0008694329990248661,1
8.218433618545532,-0.009384417906403542,-0.06553123891353607,0.38304200768470764,0.0034745600905167415,-0.002438739647103042,0.005099060948757511,0.013751772383973737,-0.02523345939592092,-0.007497807182829774,-0.006681757513433695,0.006701855920255191,0.05703749507665634,0.24928752030558507,0.7994250784360665,25.99988459457695,-0.04341534613883331,0.061783212463713405,-0.006711992416566228,0.00278940899988811,1
8.22844934463501,-0.009384417906403542,-0.06553123891353607,0.38304200768470764,0.0034745600905167415,-0.002438739647103042,0.005099060948757511,0.013751772383973737,-0.02523345939592092,-0.007497807182829774,-0.006681757513433695,0.006701855920255191,0.05703749507665634,0.23840540328105828,0.7929440101378745,25.999556564409623,-0.03933421778458114,0.06975520722755248,-0.006081053278603284,0.0008335330003319541,1
8.238429069519043,-0.009146521799266338,-0.06584607064723969,0.3831188678741455,0.001486963231374922,0.002132963845788139,0.0038584545347493037,0.014059068428646349,-0.024701972573796915,-0.006409920649071754,0.0015566584188491106,0.036323480308055885,0.04955750703811645,0.24116404693322616,0.7993018279654339,25.99837124018179,-0.053232706295477106,0.05393826353314902,-0.00555028915675552,0.0030872299994371133,1
8.24862790107727,-0.009146521799266338,-0.06584607064723969,0.3831188678741455,0.001486963231374922,0.002132963845788139,0.0038584545347493037,0.014059068428646349,-0.024701972573796915,-0.006409920649071754,0.0015566584188491106,0.036323480308055885,0.04955750703811645,0.23389176068147857,0.7852325414877576,26.002270166931226,-0.04406020248563368,0.053506727583595516,-0.005184556465751081,0.0008756499992159661,1
8.258423566818237,-0.008988593704998493,-0.0659974217414856,0.3831562399864197,0.001505706812145517,-0.005722908766984067,0.00432373862836215,0.014081461816040974,-0.02382814061548766,-0.0060674775780817924,0.011898119933903217,0.039267968386411674,0.03464506566524505,0.22624316954058726,0.796302776461956,26.00140209643198,-0.049951817367179255,0.0495031294624493,-0.0035372603777933135,0.002353294999920763,1
8.268458843231201,-0.008757952600717545,-0.06624951213598251,0.38317248225212097,0.003298071676990599,-0.0013224389418642884,0.0019652762003269167,0.014370410069304729,-0.023719658084268236,-0.005423461333640134,0.027160940691828728,0.05085191130638123,0.05259768292307853,0.2161653579771486,0.7961637209837826,26.00742414096575,-0.057930805316390055,0.04322896442084587,-0.005181895389740004,0.0008485500002279878,1
8.27842926979065,-0.008655739948153496,-0.06637486815452576,0.38316357135772705,-0.005313485853741254,0.002778580185694118,-0.002461484408476107,0.01473960587246781,-0.022731679225540535,-0.005021534861221255,0.022859832271933556,0.04362327605485916,0.02667689882218837,0.22869801623204875,0.7884208391875882,26.019872943495354,-0.05667047130643965,0.04470830757354592,-0.0028696095682247506,0.0026231069987261435,1
8.288474082946777,-0.008546949364244938,-0.06646499037742615,0.38313859701156616,0.004221513401955088,0.000771552673278546,-0.00043434242040855904,0.015085810351489037,-0.022364699994149806,-0.004643340905732707,0.03699616342782974,0.0671369805932045,0.029359964653849595,0.21083330327537475,0.7901808065801088,26.016457162787702,-0.06439372357452179,0.03150969597519861,-0.002601309252725698,0.0008704819992999546,1
8.298431158065796,-0.008418324403464794,-0.06658142060041428,0.38311734795570374,-0.0029946623697537805,0.0019782059932537516,-0.004068065905061663,0.015377484372441685,-0.021703846880694933,-0.004388099548499724,0.02838127873837948,0.03239758312702179,0.02518193610012531,0.19987954340789582,0.7913967995959398,26.01603800958143,-0.06499511115672833,0.030821418911980012,-0.0025913310625787452,0.003007395998793072,1
8.308455467224121,-0.008324307389557362,-0.06666076928377151,0.3830723166465759,0.0006276678321393918,0.003516572070613132,-0.003651420807446559,0.01607283544191329,-0.021594384941475475,-0.003991392749639555,0.04636218398809433,0.022025667130947117,0.01905024796724319,0.21152791678396918,0.7904337319671954,26.025523300228855,-0.06146936113703191,0.0469670713448348,-0.00222979440994782,0.001028820999636082,1
8.318440437316895,-0.00820847786962986,-0.06674087047576904,0.3830399811267853,-0.0028312634555215416,0.002914289022044877,-0.004567151424783429,0.016237194524298726,-0.02118334629623897,-0.003939496360754635,0.05190311372280121,0.02362608537077904,0.020544139668345448,0.21716970396773225,0.7923763508079231,26.02829612552083,-0.07526324477700448,0.05063784447394163,-0.0016987000328816603,0.002514638001230196,1
8.32864499092102,-0.00820847786962986,-0.06674087047576904,0.3830399811267853,-0.0028312634555215416,0.002914289022044877,-0.004567151424783429,0.016237194524298726,-0.02118334629623897,-0.003939496360754635,0.05190311372280121,0.02362608537077904,0.020544139668345448,0.22035301295053383,0.7936766102124392,26.028798735638137,-0.07571259399749151,0.050113979946244586,-0.0015896108536884931,0.0008190749995264923,1
8.338427305221558,-0.007988530211150646,-0.06690098345279694,0.3829483687877655,0.004764521036025316,0.004354643172618864,-0.0024804340014279256,0.017531002527258366,-0.020581136708697212,-0.0036215152650918014,0.06869877874851227,-0.008688557893037794,0.00915524270385504,0.21631997516165824,0.7946842298740032,26.032898547778252,-0.0675649258269752,0.050941875162292476,-0.0020977291367287,0.0026072519995068433,1
8.3484525680542,-0.007988530211150646,-0.06690098345279694,0.3829483687877655,0.004764521036025316,0.004354643172618864,-0.0024804340014279256,0.017531002527258366,-0.020581136708697212,-0.0036215152650918014,0.06869877874851227,-0.008688557893037794,0.00915524270385504,0.20240201929681725,0.7966370134516597,26.02431353267387,-0.08757442238653035,0.06376417096253773,-0.0005015943842597366,0.0008224270004575374,1
8.358427047729492,-0.007876478135585785,-0.06696182489395142,0.3828909397125244,-0.0009922020580954503,0.004960719050475974,-0.005738242981436226,0.018031047169073222,-0.020658713759678093,-0.003304578670804137,0.04837530478835106,0.015973592177033424,0.013714282773435114,0.205572592649092,0.7967294431533005,26.031719333046674,-0.0791998984255933,0.0525042283816103,-0.0007067339499844313,0.0026158440014114603,1
8.368452310562134,-0.007876478135585785,-0.06696182489395142,0.3828909397125244,-0.0009922020580954503,0.004960719050475974,-0.005738242981436226,0.018031047169073222,-0.020658713759678093,-0.003304578670804137,0.04837530478835106,0.015973592177033424,0.013714282773435114,0.2075136511445944,0.796802482036753,26.032814174516957,-0.079064954294773,0.05229976722668804,-0.000749028748164643,0.000840726999740582,1
8.378446578979492,-0.0076010036282241344,-0.06710093468427658,0.3827657997608185,0.0031423638620800658,0.006017764565877352,-0.0011565134418857978,0.019645010322500767,-0.021049095289935593,-0.003241994886149957,0.06826486438512802,-0.03516266494989395,-0.00641114497557282,0.20240295653422524,0.7997781664408804,26.021292126140604,-0.09358905772377932,0.07846368002023459,0.001383799105128779,0.0031309519999922486,1
8.38840103149414,-0.007480723317712545,-0.06714395433664322,0.3827509880065918,0.00047134337649443637,0.007936442272373747,-0.0017424444587440604,0.020216774191768483,-0.021118063064003767,-0.0034115933819656163,0.052078377455472946,-0.02334168367087841,0.008799135684967044,0.2042098822289489,0.797439737552425,26.021139188336647,-0.08724024066441513,0.0735137816241494,0.00024345436384747335,0.0011627130006672814,1
8.398381233215332,-0.0073800948448479176,-0.06717216968536377,0.3827308416366577,0.0033856718843013767,0.00840708240749708,-0.0002443312470943552,0.020861740319110478,-0.021361498832500825,-0.0032581693024762437,0.06811375170946121,-0.03293897211551666,-0.0011051539331674535,0.19929516130622316,0.7976857184348544,26.017223884557854,-0.09694570809692313,0.07860176138044107,0.001035271423870049,0.0010733109993452672,1
8.408945560455322,-0.007267877925187349,-0.06719447672367096,0.38273748755455017,-0.00040988440755613777,0.008879634547202206,0.0012411227516156093,0.02154968119821188,-0.021798163910589974,-0.0034207241456569726,0.05726897716522217,-0.04313148558139801,-0.013044747523963446,0.206391591296936,0.7973057405471817,26.012652362161163,-0.09276821646040426,0.08476360781374168,0.0024811137524109166,0.0011211560013180133,1
8.418474435806274,-0.007195538841187954,-0.0672202929854393,0.3827468454837799,0.001154719966444889,0.006556472272371637,0.0026932524130459084,0.02215486608210382,-0.022414307293341373,-0.003609016185412983,0.045097969472408295,-0.04757725074887276,-0.01084088440984487,0.21034987403071376,0.7970538484311991,26.01194995381365,-0.09365862832640066,0.08544732591029255,0.0028258862035875436,0.0009731529989949195,1
8.428582668304443,-0.007097175344824791,-0.06724438816308975,0.3827817142009735,0.0007801391117578527,0.00935030075598965,0.00389834309703121,0.022546345097088416,-0.022624648794573154,-0.003705571478344716,0.06202586367726326,-0.04750392585992813,-0.011758175678551192,0.21124305264311727,0.7981969828533182,26.00474452186699,-0.0983468590184234,0.08958093995908294,0.0028073510559915305,0.0024588319993199548,1
8.438614845275879,-0.007097175344824791,-0.06724438816308975,0.3827817142009735,0.0007801391117578527,0.00935030075598965,0.00389834309703121,0.022546345097088416,-0.022624648794573154,-0.003705571478344716,0.06202586367726326,-0.04750392585992813,-0.011758175678551192,0.2115143249693527,0.7988788738856483,26.003573756377236,-0.09896357715408552,0.08993629772450554,0.0028135889756118093,0.0007826860000932356,1
8.448622465133667,-0.007038244977593422,-0.067251056432724,0.3828195035457611,-0.003058976960623849,0.009086374191262804,0.002566975780309526,0.02321411081889302,-0.02318955669891576,-0.004038467179426242,0.04064520075917244,-0.0406019426882267,-0.022892178967595097,0.22115095571110527,0.8000321023881393,26.006671135566688,-0.09037965576503842,0.08845520642637095,0.0040472507577329845,0.002500808999684523,1
8.458585500717163,-0.00696142902597785,-0.06726246327161789,0.3828590214252472,0.00028590852041708787,0.009417967869230158,0.00611856207496093,0.023685187691677267,-0.02384840893834861,-0.004319851561975785,0.05199999734759331,-0.06657221913337708,-0.021469045430421822,0.2218512351455763,0.8012473409744233,25.997674448673465,-0.09720989160014772,0.10291386394928338,0.004215829054567064,0.0008007760006876197,1
8.468649864196777,-0.00688535999506712,-0.06727747619152069,0.3829101324081421,-0.0020306510986355035,0.007650948578038059,0.004652724157442776,0.024044440327413596,-0.024381325711264612,-0.0046819539486504524,0.042108409106731415,-0.05099732801318169,-0.03803258389234542,0.22730420951395713,0.8064808967155206,25.99991476489195,-0.09366917109511241,0.09709816532255042,0.006096561680682821,0.0024361319992749486,1
8.478648900985718,-0.006737452931702137,-0.06728392094373703,0.38301941752433777,0.0014374285097426122,0.012883002847152986,0.0063169715471077595,0.024437385214997054,-0.025084055591488408,-0.005067999117392308,0.019103966653347015,-0.05873877555131913,-0.03958673030138015,0.22385899353904884,0.7961698365092732,25.995656112722827,-0.08286618385922125,0.1025099485832268,0.006729662750785433,0.0007926739999675192,1
8.488655090332031,-0.006679870188236237,-0.06727375835180283,0.3830667734146118,-0.004247477279401509,0.007275765760114882,0.0033564770146924457,0.024937350244357503,-0.02590138853456514,-0.005775573314178661,0.03430968150496483,-0.06614691019058228,-0.03662041574716567,0.23764816522300536,0.8060633298247286,26.002388165461586,-0.0922233843114921,0.10920826882083626,0.006674338608092677,0.0023942950010678032,1
8.498647212982178,-0.006645183078944683,-0.06729086488485336,0.38310855627059937,-0.001043468828926092,0.00886065140552557,0.004707434211523966,0.025151768210680547,-0.026580896191525927,-0.00617247098201501,0.015339537523686886,-0.06424400955438614,-0.04820360988378524,0.239382455609792,0.8069715559481696,25.999768730290832,-0.08346737440369054,0.10994275770492357,0.007964564172786162,0.0007939309998619137,1
8.508644819259644,-0.006599465385079384,-0.06729785352945328,0.3831436336040497,-0.00443445425282076,0.008733389897768153,0.0014892731694990358,0.025305541857401526,-0.02709846485808276,-0.006822088956103478,0.019468212500214577,-0.048442952334880836,-0.05160183459520339,0.24856237361112737,0.8094419678929614,26.007609463785297,-0.08582713859948149,0.10387602526414938,0.008748649898264262,0.0024029560008784756,1
8.518665075302124,-0.006587906740605831,-0.06730923801660538,0.38316425681114197,-0.005147580524082142,0.0074310866160756765,0.0021054202282852056,0.02538958635557753,-0.02764059038570288,-0.00721694898815306,0.013605715706944466,-0.05629393085837365,-0.05323162302374839,0.2541155836412832,0.8109164197434041,26.008757885375193,-0.08586162784648067,0.10374617657090543,0.008927498804735066,0.001159641000413103,1
8.528655529022217,-0.006542074494063854,-0.06730583310127258,0.38318318128585815,-0.0009276453032146579,0.010794490574304521,0.0011927912848581075,0.025457819434080875,-0.028276521631270146,-0.0078466248459792,-0.012108411639928818,-0.06837213039398193,-0.053235393017530434,0.2607215919740483,0.8144142647795131,26.007199820566324,-0.0833387950829566,0.10925800303996028,0.009196066773866855,0.0031880159986030776,1
8.538674354553223,-0.0065204245038330555,-0.06730739772319794,0.3831770420074463,-0.005634524390231876,0.006692763886621972,-1.1502990229255075e-05,0.02544990167740524,-0.02899137404346641,-0.00866570038584058,0.005688848905265331,-0.05219028890132905,-0.058121256530284875,0.2575192710904191,0.8069508400217258,26.009493791872835,-0.07043338963011896,0.11679450311625389,0.009329018694099911,0.0015824130005057668,1
8.548743724822998,-0.0065204245038330555,-0.06730739772319794,0.3831770420074463,-0.005634524390231876,0.006692763886621972,-1.1502990229255075e-05,0.02544990167740524,-0.02899137404346641,-0.00866570038584058,0.005688848905265331,-0.05219028890132905,-0.058121256530284875,0.26663102619771073,0.8138142777865751,26.012813767284914,-0.07944063404031931,0.11133945690401006,0.010058150697150924,0.0008909460011636838,1
8.55865478515625,-0.006516227498650551,-0.06730664521455765,0.38316789269447327,-0.003225866461004569,0.009986501191453837,-0.000519942532982746,0.025439118514772208,-0.02957829692188696,-0.009379568483002476,-0.016535049304366112,-0.04762764647603036,-0.06617546826601028,0.2676158203516677,0.8085647782181979,26.01480660020307,-0.06824728728934135,0.11038565947261873,0.011194807531435952,0.0023813730003894307,1
8.568690776824951,-0.006509067490696907,-0.06731569766998291,0.3831499516963959,-0.006020220449506917,0.006013782706531631,-0.0017529502542427621,0.025176877230175254,-0.030041518026540093,-0.010400518984458706,-0.014310222119092941,-0.04275830835103989,-0.06715142726898193,0.2753069267076314,0.8145538387723361,26.01829027210827,-0.0688070403498103,0.10952840348519666,0.011740082889591587,0.0008584679999330547,1
8.578669309616089,-0.0065355501137673855,-0.06733936816453934,0.3831194341182709,-0.007720425231779904,0.006950179606209683,-0.003461180961907378,0.025256819565528055,-0.030377222137963233,-0.010904944879138956,-0.014046543277800083,-0.03557901456952096,-0.06764404475688934,0.2845720214718013,0.8168230912895411,26.023349015873656,-0.0690726980173509,0.10704685527007665,0.012009524227222781,0.0025149169996439014,1
8.588616609573364,-0.006537656765431166,-0.06733834743499756,0.38308802247047424,-0.004646676104379825,0.008470360205009192,-0.003670975092324244,0.025011525742476337,-0.0304389858707812,-0.01167334400873754,-0.034725066274404526,-0.020110886543989192,-0.08469359576702118,0.2817625813658006,0.8123723182342288,26.024887632586896,-0.05802887536287729,0.09909832984318291,0.014034907796218092,0.0009116900000663009,1
8.598628997802734,-0.006620113737881184,-0.0673355683684349,0.3830074667930603,-0.005707876749292164,0.008410451939134641,-0.0031234205222801683,0.024446592500475095,-0.030759586155409302,-0.012884592424448726,-0.02453647181391716,-0.021120285615324984,-0.08223716169595718,0.28312689996148876,0.8092134932516516,26.0237443681808,-0.062058128419766594,0.10005231854773644,0.014303655622501629,0.0026219199990009656,1
8.608364582061768,-0.00665081012994051,-0.0673624575138092,0.38297945261001587,-0.011234164219538737,0.004101260123226093,-0.004756755682741886,0.024235423002114675,-0.03078632084492572,-0.013832436620664357,-0.04802205041050911,-0.009084267541766177,-0.09127215296030045,0.29604953450730515,0.8154973216646059,26.028042217899024,-0.049550630057654255,0.09508907029432985,0.01562412370394143,0.0008734139992156997,1
8.618946075439453,-0.006739221978932619,-0.06735191494226456,0.38293924927711487,-0.012501132640430963,0.01404433048325591,-0.005329621960208344,0.02380863528737054,-0.030919251620558974,-0.014624595455996925,-0.05178908631205559,-0.005437985528260481,-0.0947919636964798,0.30726151656166545,0.7952737837332441,26.03037132760454,-0.04588001413156033,0.09346485471439896,0.016336177092904185,0.0015819939999346389,1
8.628436088562012,-0.0067788283340632915,-0.0673365369439125,0.38291096687316895,-0.004759358697716029,0.002839620238055226,-0.0009005579742190899,0.023226502771025004,-0.03090445591594193,-0.015724492438635274,-0.047029104083776474,-0.0006852504448033985,-0.09465997666120529,0.31425238284587453,0.7831056479748679,26.030833197801343,-0.045288675049520895,0.09359028523011095,0.01659649708017254,0.0010797369995998451,1
8.638588190078735,-0.00684913108125329,-0.06737158447504044,0.3828941583633423,-0.016541413961700106,0.009980007076279154,-0.0026199452125885247,0.022761317803769998,-0.030430904040509965,-0.016659056450623044,-0.07172637432813644,0.019264483824372278,-0.10967683047056198,0.32313268030624476,0.7804710740778236,26.023844414942435,-0.03349848476604628,0.08081506568391264,0.0185058233444785,0.0024066570003924426,1
8.648626327514648,-0.00684913108125329,-0.06737158447504044,0.3828941583633423,-0.016541413961700106,0.009980007076279154,-0.0026199452125885247,0.022761317803769998,-0.030430904040509965,-0.016659056450623044,-0.07172637432813644,0.019264483824372278,-0.10967683047056198,0.3287830780201079,0.7790766027662404,26.022845633863927,-0.0326756457900198,0.07991111830037609,0.019046462458103996,0.0008537890007573878,1
8.658454656600952,-0.006988428067415953,-0.06733600050210953,0.38287466764450073,-0.01230782642670122,0.002767250890923774,0.0007786120157309278,0.021298617483485938,-0.02966339923107819,-0.019327697017251566,-0.06720264256000519,0.021237762644886957,-0.11888041347265244,0.3187753817742546,0.7907097741169565,26.01397618331097,-0.031946186042313245,0.07743224807949926,0.02052172401011793,0.002354274000026635,1
8.668611764907837,-0.006988428067415953,-0.06733600050210953,0.38287466764450073,-0.01230782642670122,0.002767250890923774,0.0007786120157309278,0.021298617483485938,-0.02966339923107819,-0.019327697017251566,-0.06720264256000519,0.021237762644886957,-0.11888041347265244,0.3129547356982474,0.797863924026369,26.012641651564266,-0.03132720302727788,0.07623754423274542,0.020981842430580676,0.0008587470001657493,1
8.678417682647705,-0.0071917129680514336,-0.06725814193487167,0.382890909910202,-0.010636474003419513,0.0033703378835145056,0.005260889891343583,0.02045602458669693,-0.029531521740087552,-0.020325904671207873,-0.08129381388425827,0.027120420709252344,-0.11942285299301147,0.30409773282802804,0.7963753482604633,26.000760790975338,-0.02183035296002562,0.07275222376344358,0.021307819357865996,0.0025425069998163963,1
8.68843412399292,-0.007339756935834885,-0.06723102182149887,0.38290902972221375,-0.020900445042658658,0.01615760850048906,0.0008943253064195532,0.019727555159256394,-0.028306219491826656,-0.0221067210294148,-0.05336429178714752,0.07015386968851088,-0.12050681561231615,0.3177620449526468,0.7681364213029225,26.010380409628908,-0.03212919323184358,0.04874538702216426,0.021879840916730495,0.0008229869999922812,1
8.698421716690063,-0.007449275813996792,-0.0671599879860878,0.38293975591659546,-0.007231107918976535,0.005750808867138273,0.007450329597779171,0.018989482548481984,-0.02846442478671829,-0.023413232201384027,-0.07830323278903961,0.05231819674372671,-0.14218303561210632,0.29425458321126463,0.7689608556752023,25.99474833425859,-0.01900085027214285,0.0562686708434812,0.02452761080008682,0.002848848000212456,1
8.708436250686646,-0.007566103711724281,-0.06714999675750732,0.3829898536205292,-0.021506702520375048,0.012323263114739736,0.0021058218455584387,0.018315693139898226,-0.02704410070294827,-0.0247888807101031,-0.06694977730512619,0.07873547077178954,-0.12110326439142229,0.30925188689252575,0.7555447842175957,26.006158347661323,-0.021701220274600395,0.040650685769297215,0.023134850982788134,0.0008386310000787489,1
8.718653917312622,-0.007719533517956734,-0.06705574691295624,0.38301828503608704,-0.01124526652957545,0.012828383600306576,0.00681267725038543,0.017734836587708358,-0.027046154650262277,-0.02582264606189888,-0.0645718052983284,0.04041463136672972,-0.13650450110435486,0.29682257382902427,0.7435293163266085,25.99574192122224,-0.022121067925754485,0.05844277545046401,0.024502233411329687,0.0024110579997795867,1
8.728379249572754,-0.007820338942110538,-0.06701541692018509,0.3830845057964325,-0.016228085375014,0.009762520928555176,0.006210108267322565,0.017100794426050392,-0.02601648724355421,-0.027508528214692074,-0.07554039359092712,0.05863707885146139,-0.14472739398479462,0.29666004958261477,0.7411313440810259,25.99562484144622,-0.01524898915135564,0.04862213347668678,0.025928451825613024,0.0008263390009233262,1
8.738558292388916,-0.007987231016159058,-0.06692367047071457,0.38312339782714844,-0.015062767081647808,0.0173097569489024,0.005577805452232178,0.016368391344710798,-0.024979474948109814,-0.028590088580476625,-0.05498574674129486,0.10168654471635817,-0.1376252919435501,0.2887461053955913,0.7221946134908815,25.99718915913416,-0.022546217686084464,0.023942141274659195,0.025818070032093684,0.0008123000006889924,1
8.748448133468628,-0.007987231016159058,-0.06692367047071457,0.38312339782714844,-0.015062767081647808,0.0173097569489024,0.005577805452232178,0.016368391344710798,-0.024979474948109814,-0.028590088580476625,-0.05498574674129486,0.10168654471635817,-0.1376252919435501,0.2845610478081462,0.7106051926128067,25.99731982411879,-0.021715446101579768,0.02212645903403426,0.025906180204889002,0.0008783039993431885,1
8.758562803268433,-0.008089651353657246,-0.06684382259845734,0.383184552192688,-0.011784057120187532,0.010360730838256848,0.008373641393773999,0.015913453143218348,-0.02464901573032563,-0.03025837210322635,-0.06653262674808502,0.06427937746047972,-0.14381785690784454,0.2757687939632416,0.7166428943483185,25.989853441037287,-0.01539953035887564,0.0394825806740786,0.02684233803117151,0.0008701320002728608,1
8.768628358840942,-0.008248532190918922,-0.06674885004758835,0.38322392106056213,-0.01930355838360144,0.017923997727354382,0.0046703391668050185,0.014992342079665821,-0.02315342211033533,-0.0323030965792217,-0.060714829713106155,0.06114412471652029,-0.14996691048145294,0.28598985538912775,0.7021426604870432,25.99839309286317,-0.014723937908443608,0.03783133775966319,0.028076693383909515,0.0008167010000761366,1
8.77860713005066,-0.008521449752151966,-0.06650694459676743,0.38330352306365967,-0.017356382676519518,0.0169119425186115,0.004041432866794998,0.014461987156954681,-0.022377369325759844,-0.033968707717000335,-0.04822126403450966,0.0967714488506317,-0.14978472888469696,0.28362517291491973,0.6945731021348284,26.001082982156973,-0.01944126819712063,0.017609527604137882,0.028683049529264433,0.0007900199998402968,1
8.788621187210083,-0.008676417171955109,-0.06636685132980347,0.3833265006542206,-0.012555034801583981,0.01795643383803569,0.0046194726590401206,0.013782123496651977,-0.02120648172097983,-0.03610272117423996,-0.047468118369579315,0.07509087026119231,-0.1506185084581375,0.2704401033670643,0.685143100300585,26.000063379238696,-0.017833295883448324,0.024295334226016048,0.02926643064369125,0.0008080389998212922,1
8.798669338226318,-0.008807222358882427,-0.06622224301099777,0.383358895778656,-0.015211483454169866,0.018568998210337386,0.0033778045317417733,0.013598001555606753,-0.020540122635166025,-0.03774637535874392,-0.019742898643016815,0.051611196249723414,-0.15646903216838837,0.2694388803217161,0.679865264279732,26.003021022250355,-0.030961583002716814,0.034504325668958176,0.03032833386367831,0.0026895999999396736,1
8.808668375015259,-0.008955820463597775,-0.06606549024581909,0.38338136672973633,-0.014224541244863774,0.020883804272014687,0.0045882300454248215,0.013242764065807489,-0.02012759721170765,-0.0392946430258001,-0.0329652838408947,0.051006335765123346,-0.16009272634983063,0.26585374248329313,0.6685800846350879,26.000302336517226,-0.023373688286629613,0.03373997254242946,0.031213758941825258,0.002614446999359643,1
8.820557117462158,-0.00910156313329935,-0.06588524580001831,0.3834037780761719,-0.015146496628440458,0.022733802025335263,0.004531980957601446,0.013060199424578478,-0.019686333370839915,-0.04104317692912529,-0.023125045001506805,0.032822947949171045,-0.16770434379577637,0.26672425743300454,0.6574212776508217,25.999987520383833,-0.02745948834623617,0.041625687728370594,0.03253784695897634,0.0009496860002400354,1
8.828391075134277,-0.0092763751745224,-0.06570261716842651,0.3834128677845001,-0.018129382304631337,0.02194469234059808,0.00305850338355066,0.013044757597242995,-0.019379495386676382,-0.04263515879175772,-8.182389137800783e-05,0.026361405849456766,-0.16429509222507477,0.27452693807494555,0.6542422011166033,26.00370360148836,-0.0389639994586258,0.04440675086439281,0.03276748882241473,0.0008382129999517929,1
8.83865213394165,-0.009435749612748623,-0.06550624966621399,0.38341590762138367,-0.012706005973131046,0.02419738470164393,0.0025042456090915532,0.012961961629236018,-0.019229929552280645,-0.04435370937635419,-0.013249893672764301,0.020283246412873247,-0.17247532308101654,0.2792308767929056,0.6522892769964426,26.004251773590333,-0.039155523104456476,0.04444850589330289,0.03281776002813079,0.002887541999371024,1
8.84851884841919,-0.009577756747603416,-0.065288245677948,0.38341274857521057,-0.014578223216701226,0.024929584941792173,0.0017802165826134309,0.013095902260249481,-0.019052108569005632,-0.046929403806559744,0.011303810402750969,0.007108435966074446,-0.17210695147514343,0.27041231853730247,0.6434776860779908,26.005912326853466,-0.03217506340118505,0.04653982238570144,0.03400076157240827,0.0020873249995929655,1
8.858620166778564,-0.009577756747603416,-0.065288245677948,0.38341274857521057,-0.014578223216701226,0.024929584941792173,0.0017802165826134309,0.013095902260249481,-0.019052108569005632,-0.046929403806559744,0.011303810402750969,0.007108435966074446,-0.17210695147514343,0.27037170918787345,0.6384509968496115,26.008016664554994,-0.0445528389878632,0.05284090950124607,0.034695482480916175,0.0010217660001217155,1
8.86869740486145,-0.009876186959445477,-0.06482260674238205,0.38338977098464966,-0.014907918865660251,0.027510348709873282,0.0006517279546737339,0.013409308707427403,-0.01923452984040752,-0.05046284569097681,0.015705391764640808,-0.02058662660419943,-0.1783987581729889,0.274617853266344,0.6296881601750247,26.01133721889493,-0.04733310814179628,0.06721783426958573,0.03592085900408983,0.0026254819986206712,1
8.878611087799072,-0.009876186959445477,-0.06482260674238205,0.38338977098464966,-0.014907918865660251,0.027510348709873282,0.0006517279546737339,0.013409308707427403,-0.01923452984040752,-0.05046284569097681,0.015705391764640808,-0.02058662660419943,-0.1783987581729889,0.27750153755530904,0.6238093078991096,26.01186753976655,-0.04765670549000338,0.0676038305398696,0.03641261590139898,0.0008127890014293371,1
8.888435363769531,-0.010174994356930256,-0.06429941952228546,0.3833584785461426,-0.012844528827006011,0.028220307156385648,0.00023672096872348917,0.013743653763142571,-0.019667519246807874,-0.052215955159313765,0.03452408313751221,-0.03081103600561621,-0.18216903507709503,0.2775845449192969,0.6188329513479716,26.01312938758439,-0.05788032194986851,0.073763855079652,0.03724981833400637,0.0023916399986774195,1
8.898441791534424,-0.010174994356930256,-0.06429941952228546,0.3833584785461426,-0.012844528827006011,0.028220307156385648,0.00023672096872348917,0.013743653763142571,-0.019667519246807874,-0.052215955159313765,0.03452408313751221,-0.03081103600561621,-0.18216903507709503,0.27761774607516454,0.6157946290274908,26.01332060011289,-0.05805006920845539,0.07388613341065756,0.03743994631917598,0.0008088070007943315,1
8.908434629440308,-0.010509046725928783,-0.06373035907745361,0.3833315074443817,-0.014242825881714886,0.0311789755400798,0.0007651988549574308,0.014602347921971237,-0.020766472605683983,-0.05696076429646357,0.046555209904909134,-0.057208407670259497,-0.19339075684547424,0.2865584794541042,0.6083652078216474,26.011982478579032,-0.06628202285662262,0.09034662439450576,0.03951472013987763,0.002403583999694092,1
8.918503761291504,-0.010659989900887012,-0.06342325359582901,0.3833254277706146,-0.01557539956956242,0.02891169491067501,0.0008727288837006187,0.01503859033826771,-0.021236877514151598,-0.05895973384428288,0.03950432315468788,-0.060113299638032934,-0.19582988321781158,0.2959869213426991,0.6093068602517465,26.01143388751409,-0.06381427265508664,0.09288494586017129,0.04035470519783487,0.0008075509995251196,1
8.9284188747406,-0.010825607925653458,-0.06312099099159241,0.38331931829452515,-0.014810578761640172,0.031001104101342682,0.0018290028785904603,0.015332875148933223,-0.021752512313957695,-0.06073351432054519,0.03981603682041168,-0.06364246457815173,-0.19068796932697296,0.3023270129905355,0.6037113877146714,26.00887880091953,-0.06516667610576876,0.0967390263058538,0.040536539016330635,0.0008143260001816088,1
8.93862009048462,-0.01096811518073082,-0.0627928152680397,0.3833189606666565,-0.01142217300247197,0.0317699350794622,0.0007813404230535575,0.016056261122763704,-0.02253936472146556,-0.06279359328062295,0.06435210257768631,-0.07166505604982379,-0.1991250365972519,0.301258699470346,0.6017037248355395,26.011235788091753,-0.07837420419573693,0.10163901553685893,0.04162477532799146,0.0024736389987083385,1
8.948593616485596,-0.011130211874842644,-0.06246916949748993,0.38331449031829834,-0.017951978205401103,0.032714750701349965,0.0008143532422820588,0.01666068030273271,-0.02315205369021678,-0.06477727732957872,0.0514986589550972,-0.0770034417510033,-0.20347119867801666,0.31793373547351006,0.5983944355951317,26.011375532803108,-0.07410872056635688,0.10702365310744301,0.04267408635449813,0.0021752600005129352,1
8.958555221557617,-0.011130211874842644,-0.06246916949748993,0.38331449031829834,-0.017951978205401103,0.032714750701349965,0.0008143532422820588,0.01666068030273271,-0.02315205369021678,-0.06477727732957872,0.0514986589550972,-0.0770034417510033,-0.20347119867801666,0.32835151174150085,0.595612620669507,26.011393026270063,-0.07487733896937343,0.10790678825342477,0.043143341436065734,0.0008075509995251196,1
8.968611001968384,-0.011461826041340828,-0.06177383288741112,0.38331878185272217,-0.017260394614390134,0.03272338229671116,0.0008326508375192835,0.018261313453696637,-0.02502851246099347,-0.06986482695554885,0.06726924329996109,-0.08356575667858127,-0.20674572885036469,0.3346474020244454,0.5939371817300673,26.01138551358054,-0.07489663490043692,0.10789391078915686,0.04325061695884636,0.001270275000933907,1
8.978628396987915,-0.011651602573692799,-0.06141301617026329,0.38332608342170715,-0.01682288931947048,0.03556299214992058,0.003369802620960674,0.01893116198202005,-0.02609175908380923,-0.07205507711209869,0.053703904151916504,-0.07910736650228503,-0.21372726559638977,0.34253697291004814,0.5955239573407758,26.011197425283132,-0.0873870333481577,0.11645797378474917,0.044531332141614456,0.0032183990006160457,1
8.989020824432373,-0.011651602573692799,-0.06141301617026329,0.38332608342170715,-0.01682288931947048,0.03556299214992058,0.003369802620960674,0.01893116198202005,-0.02609175908380923,-0.07205507711209869,0.053703904151916504,-0.07910736650228503,-0.21372726559638977,0.348725640133757,0.5885575386992203,26.00447246413122,-0.0825582469000056,0.1173873760106862,0.045946382159277696,0.0008458259999315487,1
8.99854826927185,-0.011998845264315605,-0.0606892928481102,0.3833392560482025,-0.020665384736537805,0.037085879641366774,-0.001195951941165386,0.019688101958655668,-0.026715542391765545,-0.07413074353287419,0.07397450506687164,-0.06955141574144366,-0.2005235254764557,0.36476957002743526,0.5831535012400211,26.015298628446878,-0.09453350691306302,0.11483118022313075,0.04523277407821947,0.0009650520005379803,1
9.008637428283691,-0.012179441750049591,-0.06030397489666939,0.38334786891937256,-0.014630219645879914,0.032823734084697485,0.0024408186134967183,0.021367336371068024,-0.028437016934152126,-0.07935560112348039,0.06529249995946884,-0.0653830245137215,-0.2077566683292389,0.3625733693377479,0.5899233256906568,26.007273518585315,-0.09575193554542337,0.11698037784440042,0.046776431577358335,0.002463091999743483,1
9.018492460250854,-0.012372148223221302,-0.059953100979328156,0.3833652138710022,-0.02245775210934651,0.033951621664596504,0.0015361571070648613,0.021367336371068024,-0.028437016934152126,-0.07935560112348039,0.06529249995946884,-0.0653830245137215,-0.2077566683292389,0.38055031058881034,0.5916570639009415,26.00823502420712,-0.09567338853293508,0.11778727290749016,0.04711407664906124,0.0010756159990705783,1
9.028404474258423,-0.012591038830578327,-0.05953803285956383,0.3833768367767334,-0.01611224355265731,0.03926410160791111,0.002236927885737185,0.022333319557912734,-0.029083426666050016,-0.08141214376251327,0.08642443269491196,-0.06331243366003039,-0.20170706510543823,0.37976019671841876,0.5817978724008361,26.00661936544882,-0.1083545998237686,0.11802244395638165,0.046931858543062685,0.0011467189997347305,1
9.038525581359863,-0.012769214808940887,-0.05918053537607193,0.38341057300567627,-0.0204642543370276,0.027480278305064425,0.004051134923696896,0.022968320746657334,-0.029586904277840276,-0.08380633746332933,0.06266773492097855,-0.0633078292012215,-0.22671940922737122,0.3875779115472013,0.6023779645286236,26.00130527572783,-0.09903188152870375,0.11905830660914155,0.04969784432804349,0.0012125840003136545,1
9.048486232757568,-0.013014975935220718,-0.058809492737054825,0.3834306597709656,-0.02275712025064427,0.040554426700842194,0.00251459704290003,0.023717465714757413,-0.030004535269555266,-0.08569523585797745,0.08573687821626663,-0.033741500228643445,-0.20663857460021973,0.3997490218560823,0.5881298428656658,26.00448501283584,-0.11092435151944227,0.10597315276576999,0.04856416883206894,0.0016425510002591182,1
9.058523893356323,-0.013207564130425453,-0.05841777101159096,0.3834669291973114,-0.016072293799015088,0.028588147806523235,0.005277358456337006,0.024641381205007473,-0.030615784700454896,-0.08803710589279934,0.07108066976070404,-0.05828634276986125,-0.21788039803504944,0.3927905120913959,0.6045325268045577,25.997557730464695,-0.10751659675709223,0.11870853882597232,0.04982617008904356,0.0012361209992377553,1
9.068525075912476,-0.013207564130425453,-0.05841777101159096,0.3834669291973114,-0.016072293799015088,0.028588147806523235,0.005277358456337006,0.024641381205007473,-0.030615784700454896,-0.08803710589279934,0.07108066976070404,-0.05828634276986125,-0.21788039803504944,0.38898439106158766,0.6134586023739635,25.996414748313356,-0.10866941738224473,0.11978148813143433,0.0502553607643855,0.0013347429994610138,1
9.078524351119995,-0.013693603686988354,-0.05767282098531723,0.3835417926311493,-0.019293868425454493,0.03424475365992946,0.005914977335514064,0.026828507608485985,-0.03129779015109602,-0.09330007420631237,0.09266012161970139,-0.020210232585668588,-0.212361678481102,0.3866738222516598,0.6188482176848609,25.996239346517424,-0.10866012668206282,0.11981232231448954,0.05035105480584684,0.0017403330002707662,1
9.088515996932983,-0.013929510489106178,-0.057350292801856995,0.3835992217063904,-0.027378594239341216,0.02668194870237566,0.004737536410617254,0.027668787020525,-0.03105042994699181,-0.09525172376338231,0.07560864835977554,-0.02083203196525576,-0.20345567166805267,0.39335706033146034,0.6140523120633051,25.994141496643216,-0.12509115812099825,0.10313034893260295,0.05048078848300161,0.0016646219992253464,1
9.098524570465088,-0.013929510489106178,-0.057350292801856995,0.3835992217063904,-0.027378594239341216,0.02668194870237566,0.004737536410617254,0.027668787020525,-0.03105042994699181,-0.09525172376338231,0.07560864835977554,-0.02083203196525576,-0.20345567166805267,0.4148907252669815,0.6298855675622878,25.996355021831803,-0.12014426746086948,0.10318288646511534,0.04977241381233906,0.0017102999991038814,1
9.1085364818573,-0.014486110769212246,-0.05662789195775986,0.38368475437164307,-0.02131141514480102,0.023159206095795262,0.0077251465961640665,0.027668787020525,-0.03105042994699181,-0.09525172376338231,0.07560864835977554,-0.02083203196525576,-0.20345567166805267,0.414895839850713,0.642560264818378,25.988569320354774,-0.12025820430765223,0.10253758869207857,0.04962193412817386,0.0016973089987004641,1
9.118524312973022,-0.014778269454836845,-0.056298624724149704,0.38372647762298584,-0.030820218680367478,0.03464476777535841,0.001153620661680864,0.029788171215454184,-0.031169877144633595,-0.10047903997522978,0.06524745374917984,-3.607331018431658e-05,-0.19667664170265198,0.44019040103806706,0.6313224854178917,26.004388189559737,-0.12020567596263748,0.09353714178156795,0.04941699660110372,0.001707436998913181,1
9.128504991531372,-0.015058398246765137,-0.05596434697508812,0.3837601840496063,-0.02349411883591981,0.020024754094710887,0.005533688236837752,0.030384397357641646,-0.031658798367284025,-0.10239422825356392,0.06062515079975128,-0.012907114811241651,-0.19818942248821259,0.4371512799082744,0.6548435680177142,25.99495045277132,-0.12103437704404235,0.10030105758802932,0.04972062262299829,0.000849877000291599,1
9.138442039489746,-0.015363413840532303,-0.05573548749089241,0.38381025195121765,-0.03608785559748663,0.022822611176065485,0.0026136687791895874,0.031385901224243895,-0.03117626902999726,-0.10429709220344607,0.08506813645362854,0.023020274937152838,-0.18484552204608917,0.4624478715644194,0.6703031612954412,26.000682138896043,-0.13573125065688077,0.08238028147903248,0.04858432509418042,0.0008800499999779277,1
9.148405075073242,-0.01573476381599903,-0.055391453206539154,0.38382184505462646,-0.030549565072156372,0.029197905456277776,0.0023306875939211715,0.031960465565544105,-0.031101512702733647,-0.10589753392193568,0.05547266826033592,0.032143566757440546,-0.1981765180826187,0.4671387891183865,0.6615971864794362,26.00244239762448,-0.12233810805315042,0.07677560054521497,0.04987951877960139,0.0009749689997988753,1
9.158711433410645,-0.016037749126553535,-0.05513409525156021,0.3838675916194916,-0.029537729748930337,0.01544422127603658,0.005135487256780479,0.032688958310379324,-0.0310061082358013,-0.10813329632804924,0.056320562958717346,0.046637967228889445,-0.19296379387378693,0.46214634314611436,0.6883295123260947,25.99500486082622,-0.12493565257872481,0.06905335824742678,0.049791705074747006,0.002403583999694092,1
9.168621301651001,-0.016394924372434616,-0.054867278784513474,0.3838934302330017,-0.03301118658550657,0.025693139386625076,0.0008108147165688229,0.03314879755836042,-0.030157987270536868,-0.10968245278954569,0.044039286673069,0.05569929629564283,-0.1751333326101303,0.46930890552848986,0.6825414599841998,26.005224464889917,-0.11951760782558109,0.06354190435346617,0.04800048618351738,0.0008709699995961273,1
9.178435564041138,-0.016394924372434616,-0.054867278784513474,0.3838934302330017,-0.03301118658550657,0.025693139386625076,0.0008108147165688229,0.03314879755836042,-0.030157987270536868,-0.10968245278954569,0.044039286673069,0.05569929629564283,-0.1751333326101303,0.4746337463841245,0.6784471403561948,26.00666346024989,-0.12008396673056883,0.06226019886069646,0.04764673653550033,0.0008699919999344274,1
9.188586711883545,-0.017069336026906967,-0.05441723018884659,0.3839453160762787,-0.03800169356309201,0.02182677608516682,0.0002649106603995289,0.03403994836073787,-0.02904238354362798,-0.1137947979271976,0.026686789467930794,0.03543128818273542,-0.16188214719295502,0.4887311366531392,0.6862923832996309,26.007986221985764,-0.11367925713629576,0.07131141511106386,0.04640278721753933,0.0025181999990309123,1
9.199002265930176,-0.017069336026906967,-0.05441723018884659,0.3839453160762787,-0.03800169356309201,0.02182677608516682,0.0002649106603995289,0.03403994836073787,-0.02904238354362798,-0.1137947979271976,0.026686789467930794,0.03543128818273542,-0.16188214719295502,0.49824586070507254,0.6905821074302367,26.008086601983543,-0.11433984842317091,0.06976627084502438,0.04619458480564271,0.0008611920002294937,1
9.208610773086548,-0.01819945126771927,-0.053798940032720566,0.38399505615234375,-0.03169949341866032,0.013619696942601634,0.002133134959420063,0.03393536313523349,-0.027572533550668687,-0.1169319333454375,-0.0002687510568648577,0.062360137701034525,-0.1521635204553604,0.48344846389745366,0.7044341484482693,25.99857924857888,-0.10016154962715657,0.06340468426078762,0.04597064201092981,0.003403487999094068,1
9.218393564224243,-0.01819945126771927,-0.053798940032720566,0.38399505615234375,-0.03169949341866032,0.013619696942601634,0.002133134959420063,0.03393536313523349,-0.027572533550668687,-0.1169319333454375,-0.0002687510568648577,0.062360137701034525,-0.1521635204553604,0.47659138345104607,0.7138350376793775,26.001617517225398,-0.10103455321942659,0.05140362471132511,0.045367589531240864,0.0008639850002509775,1
9.228866338729858,-0.0189799927175045,-0.05349821597337723,0.38401171565055847,-0.036827400266967826,0.012778663221173475,0.0008784630157700047,0.033765781339074596,-0.026002206556540397,-0.11994282675897461,-0.03959120810031891,0.08632268011569975,-0.14815309643745422,0.4775188297959118,0.7355954117900316,25.99973073993542,-0.08185899450582465,0.03521156115712769,0.04506636810220816,0.0026657130001694895,1
9.23835301399231,-0.0189799927175045,-0.05349821597337723,0.38401171565055847,-0.036827400266967826,0.012778663221173475,0.0008784630157700047,0.033765781339074596,-0.026002206556540397,-0.11994282675897461,-0.03959120810031891,0.08632268011569975,-0.14815309643745422,0.48185601257616334,0.7322141133842754,26.00495185206203,-0.08080281515512987,0.03499091432722542,0.04499128749349643,0.0009304090017394628,1
9.248437404632568,-0.019357968121767044,-0.053364794701337814,0.38402077555656433,-0.03453699494448809,0.0007670057122692509,0.0030868713145982608,0.03319391337708977,-0.02505032422085085,-0.12200355797055851,-0.03199755772948265,0.06652967631816863,-0.13982801139354706,0.47599719404439106,0.7553860762902358,25.9997403395826,-0.08398951170308636,0.04182568235990647,0.044269188592984864,0.0013251740001578582,1
9.25862741470337,-0.019785944372415543,-0.05326348915696144,0.3840212821960449,-0.04064590110774712,0.008810330203528388,0.00013343599564313358,0.03291556047875854,-0.023890754319037644,-0.12335027329789261,-0.05008532106876373,0.08287185430526732,-0.13321998715400696,0.4855685634823682,0.7515782087323809,26.006851489639942,-0.07385520301247846,0.03278283861137713,0.04346449253951238,0.0023827700006222585,1
9.268607139587402,-0.02019255980849266,-0.05312275141477585,0.38401147723197937,-0.033183522451137815,0.002203001058388855,0.001482836684619194,0.032351690542025135,-0.02337734127633917,-0.12456325870159546,-0.05045202374458313,0.08709711581468581,-0.12128663808107377,0.4732905265363204,0.7601372445771245,26.0044533430645,-0.07199105718932593,0.026726291350095147,0.04218317096938676,0.002475523999237339,1
9.278441190719604,-0.020588185638189316,-0.05306153744459152,0.38401275873184204,-0.039575334624056956,-4.5853965069250604e-05,0.0008821333911973733,0.03181841328071311,-0.022220256173217212,-0.12586207264991245,-0.04814063385128975,0.07096631824970244,-0.11722761392593385,0.4658868639138625,0.765315262200738,26.004095465660733,-0.07194336161832558,0.02665181511133212,0.04188808092585065,0.0011185719995410182,1
9.288583993911743,-0.02101890929043293,-0.05296292528510094,0.38399994373321533,-0.033681705611379203,0.0026064776873487606,0.0027903947251903074,0.030884558034888876,-0.02125147511143588,-0.1275139669410148,-0.07099144160747528,0.06794312596321105,-0.11552029103040697,0.4754792587399333,0.7746512993768735,26.005523984482757,-0.07180642659867946,0.03201200372666898,0.04147708230171063,0.002814903000398772,1
9.29842758178711,-0.02101890929043293,-0.05296292528510094,0.38399994373321533,-0.033681705611379203,0.0026064776873487606,0.0027903947251903074,0.030884558034888876,-0.02125147511143588,-0.1275139669410148,-0.07099144160747528,0.06794312596321105,-0.11552029103040697,0.4676218295719751,0.7678817416568227,26.001054994341395,-0.057416215158581196,0.030325552334190285,0.041332844491612716,0.0008104839998850366,1
9.308588027954102,-0.021839112043380737,-0.05287618190050125,0.38401558995246887,-0.03724708405165608,0.0031957390852752465,0.0012044858621735699,0.02994748840887862,-0.01941737332239324,-0.12953509176695022,-0.060174643993377686,0.09025971591472624,-0.10711465030908586,0.4629254267035057,0.7902701003624675,25.993622896686414,-0.0731245152939111,0.015216820520133047,0.03998560177488065,0.003092536999247386,1
9.318413257598877,-0.021839112043380737,-0.05287618190050125,0.38401558995246887,-0.03724708405165608,0.0031957390852752465,0.0012044858621735699,0.02994748840887862,-0.01941737332239324,-0.12953509176695022,-0.060174643993377686,0.09025971591472624,-0.10711465030908586,0.46546203839860556,0.7765677245702043,26.003498487990377,-0.05996529318485067,0.014083818912409361,0.04030674088511436,0.0008095070006675087,1
9.328432321548462,-0.02222261391580105,-0.05283600836992264,0.3840252459049225,-0.03262637928777761,-0.010470199375937898,0.005539758125944615,0.029314453977586474,-0.018521906279138634,-0.13058465506173755,-0.05798140913248062,0.06168486177921294,-0.10418888926506044,0.45328044378082855,0.7956946568877237,25.993422109210886,-0.06030735613397954,0.02517708794469241,0.04013176665801928,0.0008382819996768376,1
9.338423490524292,-0.022660424932837486,-0.05284389853477478,0.3840380012989044,-0.0432378612451929,-0.0035116540167451677,0.0012280880529867133,0.028982454833776927,-0.017825389554123827,-0.13132809135213153,-0.03382747992873192,0.09208535403013228,-0.08821678906679155,0.47037072181735734,0.7974324593206582,26.00321869188901,-0.07063023910436131,0.009380646241811313,0.03847497331251745,0.0008164909995684866,1
9.34842586517334,-0.023483743891119957,-0.0528760701417923,0.3840855658054352,-0.04111940784912292,-0.010794824981256902,0.005911149561876175,0.02845974979499566,-0.017525531373408842,-0.1323426643985055,-0.05820947512984276,0.04197928309440612,-0.07979979366064072,0.47965508063166606,0.8104929581207162,25.992113835733413,-0.057942514451380815,0.033010457704231604,0.03717081471577607,0.0008384220000152709,1
9.358416318893433,-0.023933228105306625,-0.05286712571978569,0.3840925693511963,-0.03328251469953681,-0.006091723415364422,0.00534898550455009,0.027855809083071392,-0.016428485619820243,-0.1333333540566266,-0.03745843842625618,0.024598347023129453,-0.07824458926916122,0.46942371323937604,0.8062262875371058,25.99217007190819,-0.06566552303975838,0.03826149114010509,0.03679679799452425,0.0008224279990827199,1
9.368420600891113,-0.024314865469932556,-0.05292976647615433,0.38413918018341064,-0.03674389082783377,-0.01707647103660322,0.007249082268258514,0.027460218060019415,-0.016119673455517347,-0.13434075978559434,-0.02862217091023922,0.06452619284391402,-0.08165904134511949,0.4645525388052759,0.8296285163454035,25.986841363896954,-0.0700859446697575,0.01776971660427743,0.03721878463104852,0.0008179579999705311,1
9.378605127334595,-0.024760188534855843,-0.05296636372804642,0.3841550648212433,-0.037825345979432115,-0.005699771596972231,0.0038083759343426277,0.027102176807283662,-0.01548193978446255,-0.1347251935687428,-0.04580257087945938,0.022253625094890588,-0.06184898689389229,0.46166768167120065,0.8437654185609351,25.986028717816925,-0.07010674052082419,0.017427947228942364,0.037301892859586315,0.001080295998690417,1
9.388426065444946,-0.02513762004673481,-0.05302228406071663,0.38418111205101013,-0.030613353805143358,-0.02110259743407735,0.008164042481863929,0.026707791680249837,-0.015191880619917164,-0.13595925525495822,-0.021219415590167046,0.015957901254296292,-0.07593050599098206,0.47037813207108703,0.8257745613478227,25.99512789297966,-0.05945606387559391,0.03702775854620146,0.03513071106863279,0.0011241590000281576,1
9.39843225479126,-0.025547895580530167,-0.053139377385377884,0.3842003047466278,-0.04000534488943937,-0.012858036936834816,0.002683456061169768,0.026375292711126708,-0.014929415622475961,-0.1361297809949975,-0.031097495928406715,0.03488009795546531,-0.047377210110425956,0.4546888439706329,0.8484290498179587,25.984766206395744,-0.07177414069133721,0.03875585284852068,0.03629385423185208,0.001065139998900122,1
9.408459424972534,-0.025547895580530167,-0.053139377385377884,0.3842003047466278,-0.04000534488943937,-0.012858036936834816,0.002683456061169768,0.026375292711126708,-0.014929415622475961,-0.1361297809949975,-0.031097495928406715,0.03488009795546531,-0.047377210110425956,0.46948435119861476,0.8467286553811134,25.997646663914516,-0.06530820276012936,0.02972448366768952,0.03348571568006065,0.0008590259985794546,1
9.418482065200806,-0.025933939963579178,-0.0532071478664875,0.38421428203582764,-0.026463225469074217,-0.019924769198488006,0.008147714664845452,0.026375292711126708,-0.014929415622475961,-0.1361297809949975,-0.031097495928406715,0.03488009795546531,-0.047377210110425956,0.4461674912521928,0.8566570216761413,25.985182038419403,-0.06574160282442681,0.02820479292965981,0.032882829456174906,0.00095597200015618,1
9.42893934249878,-0.027004817500710487,-0.05357864499092102,0.38426098227500916,-0.031746465544566824,-0.024792781336437857,0.005078036863400379,0.026058857537532454,-0.015166896502351701,-0.137865242979204,-0.0053310394287109375,-0.02535059489309788,-0.041678979992866516,0.46311378107910617,0.863791023129052,25.995224341676508,-0.07459601448950004,0.04608940234585135,0.030475321703686317,0.0027865459996974096,1
9.438493013381958,-0.027004817500710487,-0.05357864499092102,0.38426098227500916,-0.031746465544566824,-0.024792781336437857,0.005078036863400379,0.026058857537532454,-0.015166896502351701,-0.137865242979204,-0.0053310394287109375,-0.02535059489309788,-0.041678979992866516,0.46264696567829905,0.8842708042175542,25.992444289172962,-0.07828343573638827,0.05973693416093291,0.03164790950253029,0.0010009529996750643,1
9.448440074920654,-0.027385316789150238,-0.053715456277132034,0.3842470347881317,-0.03045927905252861,-0.017941685666026164,0.003396472720451116,0.026181345426543157,-0.015268537324532261,-0.13786479396553064,0.017219560220837593,-0.005558778997510675,-0.025864653289318085,0.46195573038759213,0.8840163202763758,25.9965644693265,-0.0890851242209164,0.05042249506378194,0.030246078148065264,0.0008816560002742335,1
9.45859956741333,-0.027691969648003578,-0.05388951674103737,0.3842587471008301,-0.027297599872985957,-0.028136342105935092,0.006582862499075336,0.026121910264377046,-0.01586965365497406,-0.13826581223090528,0.0013712694635614753,-0.014357006177306179,-0.028447298333048817,0.45383932362976825,0.9046820096364648,25.98861067510346,-0.08221773564053175,0.05597038721688301,0.03022832032193958,0.0024055390003923094,1
9.468456506729126,-0.02805551514029503,-0.0540548637509346,0.384252667427063,-0.033099554848517544,-0.016839332023639342,0.0016716103409005342,0.026342419621146362,-0.015678074619560167,-0.13834177926464042,0.011261268518865108,-0.008906905539333822,-0.014981376007199286,0.46703252938819195,0.8968199623051957,26.00042126469915,-0.08654646753095088,0.053558097611620344,0.02876860652692236,0.0008461050001642434,1
9.47873592376709,-0.028362669050693512,-0.05420641973614693,0.3842554986476898,-0.022988440725278142,-0.028408445197952954,0.0070505388244468765,0.026615828986917833,-0.01683663611228914,-0.138472138361176,0.029553409665822983,-0.02724449709057808,-0.006534852087497708,0.4529319887466292,0.9167359165799371,25.987818006271507,-0.09749422205423627,0.06491099210663108,0.02756586891030089,0.0023926880003273254,1
9.488636016845703,-0.028678791597485542,-0.054423604160547256,0.3842627704143524,-0.03416880968394855,-0.02341713937299273,0.0019973888863260023,0.026814270162708542,-0.016884797154803177,-0.13863202130305385,0.016605468466877937,-0.04297720640897751,-0.0022800529841333576,0.47423058719133165,0.9221524140103109,25.99911969358785,-0.09116870710493094,0.07419794151117945,0.026786410894875226,0.0024556190001021605,1
9.498493671417236,-0.02899003028869629,-0.05458339303731918,0.38425105810165405,-0.02118337570373919,-0.025797795118239195,0.004799867842253461,0.02724933980917399,-0.01839402231392029,-0.13864930102609074,0.03458467870950699,-0.08875954896211624,0.0037160466890782226,0.48771695459262454,0.9259985150862031,26.000742275326395,-0.09133858266853417,0.07437680376688202,0.02661429116951931,0.0008289930010505486,1
9.50857949256897,-0.02899003028869629,-0.05458339303731918,0.38425105810165405,-0.02118337570373919,-0.025797795118239195,0.004799867842253461,0.02724933980917399,-0.01839402231392029,-0.13864930102609074,0.03458467870950699,-0.08875954896211624,0.0037160466890782226,0.47375823460628363,0.9322396621387014,25.993607386817775,-0.10160478948911678,0.10031871108507284,0.025917986907389924,0.0026022940000984818,1
9.518672466278076,-0.029599454253911972,-0.055001478642225266,0.38423147797584534,-0.02436439721598793,-0.02511935649921769,0.0021659775067967416,0.027705747312518625,-0.01983456706360176,-0.13845681933855358,0.02252885513007641,-0.07840990275144577,0.0041961972601711845,0.465250106962886,0.9359962533123047,25.992558479448814,-0.10174822187701904,0.10080764506028131,0.025759109325361528,0.0011404340002627578,1
9.52844500541687,-0.02985692396759987,-0.055255621671676636,0.38422685861587524,-0.025833420847233435,-0.036649044290097584,0.002372853332262679,0.028022599228791467,-0.020226042106235465,-0.1382812918645655,0.04143428057432175,-0.06990648806095123,0.026693034917116172,0.47293148908536925,0.9405513754467446,25.999250558183466,-0.09707911365849747,0.10016004136694028,0.025647421204807258,0.0032076420011435403,1
9.538477659225464,-0.02985692396759987,-0.055255621671676636,0.38422685861587524,-0.025833420847233435,-0.036649044290097584,0.002372853332262679,0.028022599228791467,-0.020226042106235465,-0.1382812918645655,0.04143428057432175,-0.06990648806095123,0.026693034917116172,0.4785331480404855,0.9733992033247345,25.99936089528027,-0.10834643124104552,0.09707974740338578,0.02322670483670878,0.0008294119998026872,1
9.548587322235107,-0.030436867848038673,-0.055738408118486404,0.3841854929924011,-0.02307249423855367,-0.036633618145068395,0.005069614839842169,0.028237231601917934,-0.02119127285901712,-0.13786498187734875,0.0132334865629673,-0.10525346547365189,0.024709613993763938,0.4826489482565435,0.9919723482716728,25.99238528020232,-0.09514320962166228,0.11719660225567133,0.022801500568110505,0.0023864020004111808,1
9.558505773544312,-0.030732907354831696,-0.05603380873799324,0.3841654062271118,-0.03386305620650931,-0.03101107323157128,-0.0007818858267603638,0.02875225327932629,-0.022277865820334863,-0.13764003558632565,0.03810230270028114,-0.0775398388504982,0.024760819971561442,0.5140355996709884,1.000159571279136,26.006501765466975,-0.10824850732114591,0.10792836996884667,0.022696776612559543,0.0008167010000761366,1
9.56860899925232,-0.03101816214621067,-0.05628480017185211,0.3841365575790405,-0.02312622239983051,-0.03374385072609906,0.001987098179033225,0.029030057213385252,-0.023775773010583645,-0.13721531773721063,0.031786076724529266,-0.10627080500125885,0.04915766790509225,0.514458770564863,1.00828965725456,26.001424195754808,-0.10622501401483696,0.12537800613289882,0.020015187442790645,0.002391640000496409,1
9.57864260673523,-0.0312902107834816,-0.05660499259829521,0.3841184079647064,-0.032788802738692314,-0.03833761731348662,-0.000632556818989157,0.029131596832252526,-0.02430834960799677,-0.1369183965042291,0.023155847564339638,-0.07777485996484756,0.03808687627315522,0.5356573552165498,1.0284234084129071,26.007293519993862,-0.10276385119824659,0.11381673187263658,0.02058513177622066,0.0008041279997996753,1
9.5886549949646,-0.0315934419631958,-0.05687622353434563,0.38407933712005615,-0.02648597225258051,-0.03356013433502104,-0.0008775107550440235,0.029473479092055666,-0.02535688125757618,-0.136330133047458,0.03566209226846695,-0.09360449761152267,0.04076452553272249,0.5409122483094191,1.0309041423148415,26.00897513986299,-0.1093125953995109,0.12397384213241525,0.020381436454389616,0.002424049000183004,1
9.598682165145874,-0.03184572979807854,-0.057215720415115356,0.3840661942958832,-0.02764718694092579,-0.04336744855838477,0.001793692158512283,0.02965790813781144,-0.0264815486590102,-0.13595974125766563,0.012343693524599075,-0.0817897692322731,0.052034050226211555,0.5440548825074817,1.0323787444391448,26.0092149815903,-0.10941362472158069,0.12413400480016686,0.020338200415520778,0.0009727350006869528,1
9.608589172363281,-0.0321582593023777,-0.05753551796078682,0.38402995467185974,-0.03311907122964302,-0.03275386249490744,-0.001668082994690523,0.02989011607356229,-0.027118572995374457,-0.1352861478141203,0.027562759816646576,-0.07422931492328644,0.05187822878360749,0.565940277517835,1.0360550423951314,26.01111912434625,-0.1062622637453754,0.11934235476526268,0.019062769170088822,0.002480764000210911,1
9.618637084960938,-0.03244185820221901,-0.0578598752617836,0.3839998245239258,-0.02661624428735174,-0.04432066858242353,0.0017479946801936498,0.030177155222939067,-0.02875177724349509,-0.13461167334278912,0.017051583155989647,-0.06978772580623627,0.05412507429718972,0.5797306842270044,1.0390926256327335,26.011460449154047,-0.10653428515662534,0.12008279239764466,0.018771448488677383,0.0010981069990521064,1
9.628687858581543,-0.03273197263479233,-0.058237820863723755,0.3839765787124634,-0.03410159073480662,-0.03794071054714294,-0.0021628438117899237,0.030193035851981076,-0.02929621877604216,-0.13376332498909482,0.0013753054663538933,-0.059359829872846596,0.06950194388628007,0.5735154550609081,1.0654316730430324,26.002443493500444,-0.10318754330861063,0.12180254473202182,0.01843921325154538,0.003291386999990209,1
9.638468980789185,-0.03273197263479233,-0.058237820863723755,0.3839765787124634,-0.03410159073480662,-0.03794071054714294,-0.0021628438117899237,0.030193035851981076,-0.02929621877604216,-0.13376332498909482,0.0013753054663538933,-0.059359829872846596,0.06950194388628007,0.5917241571273711,1.0705431315446599,26.011365381968005,-0.09476817690004649,0.11907189840149719,0.016612286117425535,0.0009644230012781918,1
9.64848518371582,-0.03330798074603081,-0.05896897614002228,0.3839181363582611,-0.029388388613367983,-0.048020113263414314,0.0011731478173779481,0.030231032610310127,-0.030313009124895984,-0.13314022272467252,0.010072319768369198,-0.07886156439781188,0.06334954500198366,0.5942249589948796,1.0982863002414778,26.00389194206394,-0.10002809649763145,0.13106620756320034,0.016823855382181445,0.0016551230000914074,1
9.658522367477417,-0.033608850091695786,-0.05933990702033043,0.3838993310928345,-0.03293544151577727,-0.03939540959915677,-0.002026132988680413,0.029964350618631563,-0.03080303903859516,-0.13198147892907608,-0.01957687735557556,-0.058369006961584084,0.07913638651371004,0.6083940130907712,1.0957317055809983,26.011358963430446,-0.08373211636886038,0.12296778245278153,0.015060232202447977,0.0007993780000106199,1
9.66852331161499,-0.033882178366184235,-0.05972840636968613,0.38389039039611816,-0.02963915500863766,-0.04770513972819698,0.002582687752704547,0.029803231734731206,-0.03172723166033409,-0.13136999936770488,-0.009844968095421791,-0.041505474597215646,0.07194441556930542,0.607391416991139,1.1129430809316114,26.000232734593602,-0.08862631995158977,0.11659675822314532,0.01544313077751422,0.001677403000940103,1
9.678525924682617,-0.03418227657675743,-0.060134388506412506,0.383889377117157,-0.033617322289765356,-0.04384114516225515,0.001964602697849629,0.02965699130853805,-0.03178174462797889,-0.13062738676506536,-0.024538224563002586,-0.02376379445195197,0.072215236723423,0.6171611790391023,1.1160488336591583,26.000193662110465,-0.08063809675230588,0.10822842069148145,0.015433516138182031,0.0008203319994208869,1
9.688502073287964,-0.03445928916335106,-0.06052712723612785,0.3838914632797241,-0.027804864018587512,-0.04594615139981301,0.0017853000727838808,0.02921465347021357,-0.032113486192868024,-0.12992614317639894,-0.04602184146642685,-0.0158773548901081,0.06965545564889908,0.6105794286113495,1.1198923433720023,26.00082912153585,-0.06872550586830513,0.10451253358788631,0.01565208807794716,0.0014838630013400689,1
9.698528289794922,-0.03473050519824028,-0.06094231456518173,0.38390281796455383,-0.03247630284230715,-0.0463114897613545,0.0029108419367199017,0.02880286990109271,-0.03205357386024543,-0.12920165071495582,-0.03287379443645477,-0.004759113769978276,0.07422231137752533,0.6066127908832984,1.122252231670533,26.000926943467352,-0.0685208927426805,0.10447285308306631,0.015698538756166534,0.001664900999458041,1
9.70854139328003,-0.035007525235414505,-0.06135360524058342,0.3839203417301178,-0.029807387333742656,-0.043379224524571054,0.004357593433471083,0.02796987509629112,-0.03192317938414657,-0.12815374745931818,-0.060976073145866394,0.019030472263693816,0.0675925761461258,0.6072471657814831,1.1158323770632477,25.994333349214347,-0.058467934815391746,0.0869106704229583,0.015832952589302778,0.0011043230006180238,1
9.71851897239685,-0.03527875989675522,-0.06173912435770035,0.38393768668174744,-0.02868491678327939,-0.0443284729283157,0.0037430426250186005,0.027171118509791814,-0.031557002489210007,-0.12754127388219416,-0.061313945800065994,0.03155487775802613,0.061991561204195016,0.6042048945972177,1.113838716641216,25.9950399489564,-0.05588926215148372,0.0794982263541038,0.016411778450640662,0.001254838998647756,1
9.728538513183594,-0.03527875989675522,-0.06173912435770035,0.38393768668174744,-0.02868491678327939,-0.0443284729283157,0.0037430426250186005,0.027171118509791814,-0.031557002489210007,-0.12754127388219416,-0.061313945800065994,0.03155487775802613,0.061991561204195016,0.6029407751994146,1.1137121447350753,25.995083569286148,-0.054753510939162205,0.07888035288200435,0.016520687338932957,0.0016403850004280685,1
9.738520860671997,-0.035514652729034424,-0.06217816844582558,0.3839547336101532,-0.027742803849850957,-0.048581305415315267,0.004561821659602209,0.026708817565073595,-0.031058600972356132,-0.12675207641122288,-0.05396983027458191,0.049155730754137046,0.06670808792114258,0.5969529781612842,1.1241922388669423,25.992890198131533,-0.05742695280062795,0.06854030503774323,0.01601235734089083,0.001723641000353382,1
9.748501062393188,-0.03577117994427681,-0.06259091943502426,0.38398537039756775,-0.027828281804902745,-0.04273923854680204,0.0031712432168990367,0.02584302183355147,-0.03036604005193011,-0.1261784228408218,-0.07886505872011185,0.07452315837144853,0.05898866802453994,0.5928812949028732,1.1152476355524372,25.996427660948452,-0.042074244615850284,0.053789038661998745,0.01665387601497201,0.0008928320003178669,1
9.75864553451538,-0.03623691201210022,-0.06344377994537354,0.3840351998806,-0.030259740259136362,-0.041586573650024376,0.004611951048834455,0.02516696683861186,-0.029704647917148108,-0.12555203396948889,-0.06465727090835571,0.07122798264026643,0.05786005035042762,0.5963393880629123,1.1108935847186792,25.993010757809206,-0.046918559045201175,0.05354223723743175,0.01687469873791632,0.0023970889997144695,1
9.768694162368774,-0.03644329309463501,-0.06383602321147919,0.3840579092502594,-0.019938184696484826,-0.04718847910128186,0.005345293106649359,0.0235457567799382,-0.027767620337400878,-0.12448756879725664,-0.07830262929201126,0.08693259209394455,0.048611719161272035,0.5682300063405074,1.1146155999954193,25.99103364829807,-0.03602073019919802,0.03906314107301465,0.017858868987361505,0.0008078299997578142,1
9.778619527816772,-0.03663834556937218,-0.06429268419742584,0.3840881586074829,-0.028543538199751237,-0.04618672232291967,0.0037838497577331997,0.0235457567799382,-0.027767620337400878,-0.12448756879725664,-0.07830262929201126,0.08693259209394455,0.048611719161272035,0.572174163832603,1.119404785270419,25.994562277326363,-0.035853476737200046,0.03971934075687561,0.018050730879133427,0.0008209610004996648,1
9.78863787651062,-0.03685037046670914,-0.06466694921255112,0.3840963840484619,-0.01977959858585688,-0.03990020961916359,0.0037917896848108507,0.022662197909573134,-0.026274626277623447,-0.12349482854667393,-0.07073695212602615,0.11282671988010406,0.043031968176364885,0.5516615094913064,1.1055998076258464,25.9955002486929,-0.03634585340159844,0.021753173885602158,0.018665156354681817,0.0023697090000496246,1
9.798659086227417,-0.03701291233301163,-0.06509131193161011,0.38412031531333923,-0.023657385369596218,-0.04981318855365215,0.0037995334409346927,0.021611642597670677,-0.02504318736273392,-0.12305383712715168,-0.0846560075879097,0.11928157508373262,0.05801885202527045,0.5426507875976329,1.119055164252801,25.995608638712174,-0.02741953531648718,0.0150271081766136,0.017136003449189245,0.0008167699998011813,1
9.808741569519043,-0.03721131011843681,-0.06550176441669464,0.38412636518478394,-0.02113771838561461,-0.036723010065245594,0.0025942958091925653,0.021002507427233308,-0.02370050128116663,-0.1224274669105565,-0.06889166682958603,0.11896571516990662,0.03722184896469115,0.5324985235162825,1.0975149977088399,25.99912131170135,-0.03291736345953502,0.012944684406920749,0.019003455105398314,0.002465187999405316,1
9.818368673324585,-0.03721131011843681,-0.06550176441669464,0.38412636518478394,-0.02113771838561461,-0.036723010065245594,0.0025942958091925653,0.021002507427233308,-0.02370050128116663,-0.1224274669105565,-0.06889166682958603,0.11896571516990662,0.03722184896469115,0.526870149169168,1.085561760361595,25.999632316426094,-0.032236072081002924,0.011093249791063006,0.01939767915163837,0.0008223580007324927,1
9.828646421432495,-0.03748399764299393,-0.06632252037525177,0.38415831327438354,-0.019962041319855378,-0.04013483191690593,0.0022206463254791473,0.019177358179075732,-0.020631735310297827,-0.12129247268047871,-0.07673071324825287,0.11262157559394836,0.04966855794191359,0.5139724908103745,1.0830756736193365,26.001077908031814,-0.024954974979438032,0.008183724672529412,0.018077877680364476,0.0026855500000237953,1
9.83864951133728,-0.03748399764299393,-0.06632252037525177,0.38415831327438354,-0.019962041319855378,-0.04013483191690593,0.0022206463254791473,0.019177358179075732,-0.020631735310297827,-0.12129247268047871,-0.07673071324825287,0.11262157559394836,0.04966855794191359,0.5066519729513408,1.082782907856237,26.001237755482407,-0.02331775779229456,0.00529707973634691,0.017747182176428587,0.0007965849999891361,1
9.848732709884644,-0.037753839045763016,-0.06747326254844666,0.38420647382736206,-0.007645718437625153,-0.035845044842235885,0.004585193361406199,0.017497038854149327,-0.01752743277329527,-0.12013839813215155,-0.06893382966518402,0.12068863958120346,0.05103053525090216,0.4895662205503297,1.0901919804761737,25.99724553002018,-0.03460490060276477,-0.007937888991098901,0.018849775680933517,0.0026206630009255605,1
9.858429670333862,-0.037753839045763016,-0.06747326254844666,0.38420647382736206,-0.007645718437625153,-0.035845044842235885,0.004585193361406199,0.017497038854149327,-0.01752743277329527,-0.12013839813215155,-0.06893382966518402,0.12068863958120346,0.05103053525090216,0.4576041403097265,1.0749648055057017,25.994905243903872,-0.02198999799245744,-0.008963468729240236,0.017699760045043405,0.0008178180014510872,1
9.868589401245117,-0.037789322435855865,-0.06788146495819092,0.38422882556915283,-0.010467214360082215,-0.04563607999053438,0.005321841081083947,0.017497038854149327,-0.01752743277329527,-0.12013839813215155,-0.06893382966518402,0.12068863958120346,0.05103053525090216,0.4418500167017936,1.0905093918975655,25.992403330802784,-0.022829162368714045,-0.008736443244776083,0.017448926860976502,0.0027745320003305096,1
9.87844967842102,-0.03783231973648071,-0.06826252490282059,0.384243369102478,-0.004214110714550662,-0.033326383612223696,0.003957532751434855,0.01633331901685109,-0.015435463725211207,-0.11931853062894682,-0.059265006333589554,0.08633515238761902,0.03668711334466933,0.4198884003822132,1.0699879864861206,25.995994766991842,-0.023045641069084744,0.0019577164321756546,0.018832830265122686,0.0008079700000962475,1
9.888558626174927,-0.037802089005708694,-0.06864228844642639,0.3842636048793793,-0.0013750809454274517,-0.04423587020509681,0.006707902929591957,0.015648974252852277,-0.014767207213743916,-0.11902389973078176,-0.06644723564386368,0.07979577034711838,0.031678043305873864,0.3954837532900771,1.080626271734034,25.989314474474877,-0.018649504469538215,0.003146251234063398,0.019666764005679467,0.0008049659991229419,1
9.898560047149658,-0.037800054997205734,-0.06902621686458588,0.38428249955177307,-0.004138431475747115,-0.03201735765378872,0.00336077553739856,0.015318350018374005,-0.01369551516186407,-0.11853755202379901,-0.04134562984108925,0.06358177214860916,0.035108506679534905,0.38971070949790304,1.0633323325135466,25.99714372263531,-0.0288759909986099,0.008639634495749463,0.0194294572631913,0.000806851998277125,1
9.90861201286316,-0.037733446806669235,-0.06935689598321915,0.3842999339103699,0.005443419214108895,-0.03840003168357812,0.006863272221722177,0.014710514545971609,-0.013349068569858069,-0.11828325157554653,-0.061139367520809174,0.06446899473667145,0.024053582921624177,0.360833809455249,1.0625604907038775,25.989259404554698,-0.01811393165271198,0.006320066720119475,0.020551650554343322,0.0007917659986560466,1
9.918640613555908,-0.03767010569572449,-0.06974297016859055,0.3843274414539337,-0.00015736896536100325,-0.03504154084946867,0.005284215294125345,0.014224432396537257,-0.01246656787381406,-0.11800980652665771,-0.047085121273994446,0.037640966475009925,0.029556415975093838,0.3572023045297296,1.0577980594439749,25.99216399618154,-0.023250021754818186,0.017772119042980643,0.02016106308575696,0.0023363229993265122,1
9.928670644760132,-0.037568893283605576,-0.07006373256444931,0.3843482732772827,0.01121768232577107,-0.03361768656434296,0.006737016117524402,0.013919462003320948,-0.012310408451631005,-0.11757259427958688,-0.03199522942304611,0.05645211786031724,0.03152941912412643,0.3271522650105421,1.0494446287548316,25.988905217397896,-0.030101175688898092,0.007309559947364975,0.019887983709883816,0.0008037099996727193,1
9.938649415969849,-0.037428755313158035,-0.07043224573135376,0.38438406586647034,0.007043914675197071,-0.036606524235621246,0.005950017771762002,0.013180399589322267,-0.011396051997023093,-0.11719010927360829,-0.04956982284784317,0.05284222587943077,0.025966241955757134,0.3087164642988564,1.0451381985850707,25.98837185564649,-0.02981913911026001,0.006987992236653882,0.019799894045079713,0.0024278900000354042,1
9.948672533035278,-0.03729114681482315,-0.07074084877967834,0.3844079375267029,0.014700361934477558,-0.027837842946611523,0.005833161499935095,0.012875220131100651,-0.011474634836385889,-0.11693402654864604,-0.02315104752779007,0.038810279220342636,0.028061639517545697,0.30390762993432446,1.048828103116935,25.99037582072735,-0.019342624616406116,0.006543932773723888,0.020319438388807523,0.0011157080007251352,1
9.958623886108398,-0.03729114681482315,-0.07074084877967834,0.3844079375267029,0.014700361934477558,-0.027837842946611523,0.005833161499935095,0.012875220131100651,-0.011474634836385889,-0.11693402654864604,-0.02315104752779007,0.038810279220342636,0.028061639517545697,0.28665325913938766,1.0317505235057822,25.99098061381214,-0.030458081144929317,0.013143677908819193,0.020205723734923322,0.0008512039985362208,1
9.968638896942139,-0.036904267966747284,-0.07140698283910751,0.3844744563102722,0.01642907377708703,-0.025375791084665252,0.005487225469011845,0.012641307771356747,-0.010893521570419562,-0.11671603114240092,-0.024066809564828873,0.027113193646073345,0.029813539236783978,0.27074047729619544,1.0172940333031741,25.991842075571356,-0.029346463346845812,0.017311696588798404,0.01996279206849392,0.002364261001275736,1
9.978636503219604,-0.036651402711868286,-0.07169687002897263,0.38451144099235535,0.022422524077279453,-0.033302422667876204,0.007722356818653333,0.012281596057557742,-0.010928418857916622,-0.11628006730558837,-0.0041910032741725445,-0.0123442355543375,0.018409043550491333,0.24740439011570334,1.0266979805290768,25.985934017930926,-0.03894453816554415,0.0365280953053569,0.021095489530061344,0.0007869460005167639,1
9.988643646240234,-0.036401476711034775,-0.07201439887285233,0.384548544883728,0.01911861628909543,-0.0247298945211914,0.005002886054766292,0.012281596057557742,-0.010928418857916622,-0.11628006730558837,-0.0041910032741725445,-0.0123442355543375,0.018409043550491333,0.24216804772738454,1.0151967929066021,25.992126409754004,-0.038277015558487316,0.03731143558438943,0.02133526477461712,0.0023990439985936973,1
9.99865436553955,-0.03610550984740257,-0.07227986305952072,0.3845769762992859,0.028078663626793905,-0.02952882873336216,0.006398873398391232,0.012029428686632482,-0.011199717913743523,-0.1159701700505309,-0.0207330621778965,-0.020946172997355458,0.015584371052682401,0.21720968400993299,1.0156119240996322,25.989415456810164,-0.02977919021199297,0.04149821200352989,0.021673426133049626,0.0008284340001409873,1
10.008485317230225,-0.03580861538648605,-0.07259586453437805,0.38461166620254517,0.021539641430107004,-0.027005888602669517,0.004931834057715409,0.01210242006942952,-0.011169893425245103,-0.11579512610294973,0.002263062633574009,-0.015511698089540003,0.016598094254732135,0.21601792354137475,1.0153111449288263,25.992632482370272,-0.04106148296931508,0.03946003674669555,0.021618842455220992,0.002716839999266085,1
10.018635988235474,-0.035496100783348083,-0.0728389099240303,0.38463476300239563,0.031862079808951574,-0.02307301422200541,0.006065072966129877,0.01220172312433343,-0.011660252774170488,-0.11563159458805305,-0.0035209564957767725,-0.024771669879555702,0.008769543841481212,0.19317034530647026,1.003847589720081,25.990181607951904,-0.03822612669362171,0.04450145424729675,0.022443158181383295,0.0010399949987913715,1
10.028671503067017,-0.03513072803616524,-0.07312741875648499,0.3846714496612549,0.029356078851128006,-0.02794737212853443,0.005866851659352157,0.01203146394590826,-0.012114068797413946,-0.11562050973889892,-0.004598294384777546,-0.0544872023165226,0.017380276694893844,0.1857901416737978,1.0092679504696167,25.990198416465738,-0.03769962117523239,0.06095087151595612,0.02167853789211199,0.0009306179999839514,1
10.038735628128052,-0.03477049991488457,-0.07336612045764923,0.38469398021698,0.03537391088125717,-0.0184442146445376,0.00417501622577741,0.012254113207089024,-0.012680259525794213,-0.11536545306811297,0.015934577211737633,-0.0669996440410614,0.015302791260182866,0.17209260910914423,0.9921049010626273,25.994678542656615,-0.04720202948218292,0.0678752454673851,0.02172054769660558,0.0024478659997839713,1
10.048695802688599,-0.03477049991488457,-0.07336612045764923,0.38469398021698,0.03537391088125717,-0.0184442146445376,0.00417501622577741,0.012254113207089024,-0.012680259525794213,-0.11536545306811297,0.015934577211737633,-0.0669996440410614,0.015302791260182866,0.16281464690190736,0.9821273022880704,25.99530078160797,-0.04772167802919534,0.06879938749373103,0.021722260002822017,0.0009816749989113305,1
10.058787822723389,-0.03396616503596306,-0.0738472267985344,0.38473233580589294,0.03534423911207774,-0.014790259731068867,0.002245241113307657,0.01256984686746021,-0.014644897334930018,-0.1151473082439467,0.027808042243123055,-0.08628692477941513,0.009033679030835639,0.16243603364644013,0.9709682076028189,26.000351630694848,-0.05378093966601793,0.08140056029124254,0.022367782994418554,0.002483137999661267,1
10.068655014038086,-0.03396616503596306,-0.0738472267985344,0.38473233580589294,0.03534423911207774,-0.014790259731068867,0.002245241113307657,0.01256984686746021,-0.014644897334930018,-0.1151473082439467,0.027808042243123055,-0.08628692477941513,0.009033679030835639,0.1609573141055323,0.9645901638550595,26.001077920351594,-0.054356280920374325,0.0843107163277093,0.022511086956172495,0.0008296910000353819,1
10.078646421432495,-0.033088769763708115,-0.07428620755672455,0.3847513794898987,0.03709915270603955,-0.01534251516139814,0.0017992244285422894,0.01286009282663958,-0.01568963803706902,-0.11520248316519321,0.029949858784675598,-0.08779148757457733,0.004711561836302291,0.15465640891933125,0.9638605809337906,26.002292888567766,-0.05634197991441668,0.08788418371407632,0.02301541936572216,0.0023749470001348527,1
10.08868956565857,-0.03262496739625931,-0.07445836812257767,0.38474583625793457,0.044748689965650304,-0.017921257792758584,0.00270967884293447,0.013282403266879683,-0.017316708900329214,-0.11514449863431864,0.03283856064081192,-0.11083618551492691,-0.00030654767761005596,0.1363371079900077,0.9689034531356829,26.000173202441697,-0.05923630090575782,0.10335307482938885,0.02366656579254718,0.0008140459995047422,1
10.098623991012573,-0.03216187283396721,-0.07468236237764359,0.3847529888153076,0.0371449960094699,-0.01803318077115873,0.0006593044199034852,0.013792244582291335,-0.01830069036058113,-0.11520174147878715,0.04855078086256981,-0.10704000294208527,-0.004789468366652714,0.1428375865797901,0.9777292100539693,26.005036156455247,-0.06861092275278145,0.10528833757926256,0.02428890145085053,0.0008185160004359204,1
10.108652830123901,-0.03170996904373169,-0.07482484728097916,0.3847445845603943,0.04450397560276817,-0.010913359184470043,0.0005638256226551287,0.014295511691996943,-0.019362186049260988,-0.11520678019682062,0.04318744316697121,-0.12283746153116226,-0.005952552426606402,0.1337844038652393,0.9659676651355543,26.006198273979443,-0.06680530898248793,0.11559944691979275,0.024559196987306325,0.00243669100018451,1
10.118755102157593,-0.031199602410197258,-0.0750015377998352,0.38475120067596436,0.04485905531360036,-0.017029309901136203,0.001699138117353004,0.014794655744530427,-0.020589285233747034,-0.11541556500693417,0.05427468940615654,-0.12107118964195251,-0.011011016555130466,0.12606947355783962,0.9751761119693393,26.003275910764465,-0.07435269155582935,0.11829870814829231,0.025187561878009395,0.0008170500004780479,1
10.128659725189209,-0.030713660642504692,-0.0751601830124855,0.3847419321537018,0.0446438267674467,-0.009044413512953941,-0.0006575345084350635,0.015564350838357832,-0.021502799138162665,-0.11559370556352144,0.0644259825348854,-0.09564272314310074,-0.020243216305971135,0.12228525968744543,0.9660269941327412,26.009026788807777,-0.08092897412875935,0.1083806528458614,0.02635339218805699,0.0025747750005393755,1
10.138724565505981,-0.03020438924431801,-0.0753011703491211,0.3847351670265198,0.044984768919268156,-0.013322683482153836,0.0005736380217907999,0.01607378526596026,-0.022778747823064105,-0.11578012942571814,0.0587492398917675,-0.10725252330303192,-0.01781864650547503,0.11964763466055876,0.971019319514212,26.00665878198379,-0.080162138826706,0.11756573996976905,0.026369922503413804,0.0008173989990609698,1
10.148648738861084,-0.02970477193593979,-0.07546016573905945,0.3847176134586334,0.04506050420335776,-0.011088710358572054,-0.0012003849124113848,0.016720114128776054,-0.023415037177067166,-0.11602669659244436,0.07343582063913345,-0.093775175511837,-0.028056135401129712,0.11819651306560591,0.9722690743666824,26.010888026603872,-0.08816475375321792,0.11195782161776989,0.027501043648336634,0.0024068660004559206,1
10.15838623046875,-0.02970477193593979,-0.07546016573905945,0.3847176134586334,0.04506050420335776,-0.011088710358572054,-0.0012003849124113848,0.016720114128776054,-0.023415037177067166,-0.11602669659244436,0.07343582063913345,-0.093775175511837,-0.028056135401129712,0.11605584697803825,0.9731501942565622,26.01157700822887,-0.08919677033584322,0.1127237800895313,0.02777051843652344,0.000807760001407587,1
10.168645143508911,-0.028673332184553146,-0.07572653144598007,0.38468843698501587,0.04697052749182024,-0.010997559383342527,-0.0020730084853963666,0.01860367549287245,-0.025538438615879677,-0.11664833418627252,0.0819087028503418,-0.07793699204921722,-0.02577488310635089,0.10955858692143941,0.9704074908096806,26.0101120377466,-0.086423674216072,0.11447964449735701,0.027302011722475386,0.003196117999323178,1
10.178643226623535,-0.028673332184553146,-0.07572653144598007,0.38468843698501587,0.04697052749182024,-0.010997559383342527,-0.0020730084853963666,0.01860367549287245,-0.025538438615879677,-0.11664833418627252,0.0819087028503418,-0.07793699204921722,-0.02577488310635089,0.10584232380120408,0.977288720497567,26.013732107243243,-0.0987958345893618,0.11076295717395962,0.027551419724978286,0.0008141849993990036,1
10.188647508621216,-0.027653129771351814,-0.07596705108880997,0.38466891646385193,0.04926570875189165,-0.007012260719747012,0.0007835879443363391,0.01957318579932421,-0.02646051208178557,-0.11685474251951655,0.09000177681446075,-0.06914665549993515,-0.023989016190171235,0.09573309343064051,0.9746453553476494,26.006837935957066,-0.10541651007474435,0.10871765668613646,0.027456822862678452,0.0023986249998415587,1
10.19864010810852,-0.02714576944708824,-0.07609677314758301,0.38466641306877136,0.043211486168934235,-0.009303673247421549,0.0002665696526278578,0.020618893017062767,-0.027238529664393774,-0.11730826691457441,0.07569810003042221,-0.058433130383491516,-0.01654920168220996,0.10163576541423766,0.9815243499740465,26.006979811606257,-0.10174264714953901,0.10613888634849061,0.026656006535488278,0.0008139759993355256,1
10.20864725112915,-0.026678860187530518,-0.07619760930538177,0.38466963171958923,0.04378606366734038,-0.004348107414668881,0.0011312338038855121,0.021647660110086342,-0.027883786941337974,-0.11746545425075894,0.09330064803361893,-0.06673446297645569,-0.024594640359282487,0.10514623478794029,0.9781621076926652,26.0046650104937,-0.1129323805295876,0.11201994608576914,0.027366568068765418,0.002444024999931571,1
10.2186918258667,-0.026176562532782555,-0.07632330805063248,0.384687602519989,0.046373832950373714,-0.012823881639107642,0.0026351881788721754,0.022382470857070125,-0.028388359083078463,-0.11787326389013053,0.07648652046918869,-0.04846406355500221,-0.025233019143342965,0.0959719743591964,0.9949737768960824,26.000209316501444,-0.10770996164006005,0.10406990405221302,0.02763618585608467,0.0008186560007743537,1
10.228767156600952,-0.025713086128234863,-0.07645294070243835,0.38472074270248413,0.04206132887107883,-0.0036379984639117306,0.0036848050298656527,0.023359926463922154,-0.02871980726785095,-0.11796669051089737,0.08327160030603409,-0.03788481652736664,-0.016355641186237332,0.10038171526654704,0.9882689231215191,25.996577933234995,-0.11292621147179879,0.10011936409868032,0.026755532301804656,0.0025265119984396733,1
10.238383769989014,-0.025236349552869797,-0.07654347270727158,0.38475731015205383,0.04628089071031083,-0.008843770225087259,0.004525725724442245,0.024240222612643247,-0.029348250487785332,-0.11819857078252705,0.0870993584394455,-0.0367841012775898,-0.017759522423148152,0.09104001226855298,0.997246701666062,25.993653926586994,-0.11794109529391658,0.10080460269670442,0.026747190163726075,0.0008487590002914658,1
10.248602628707886,-0.024781018495559692,-0.07669712603092194,0.38480478525161743,0.03803629779944327,-0.009605168036449134,0.004498483729703216,0.0248840018481431,-0.029305845633865957,-0.1182309699678128,0.06887407600879669,-0.025564404204487804,-0.015570564195513722,0.10095911373655345,1.0069763625640704,25.992878319681918,-0.11099961420779457,0.0958703929122037,0.0264794523069044,0.0025406899985682685,1
10.258960962295532,-0.024356983602046967,-0.0767858624458313,0.384845107793808,0.04375509538955774,-0.004906778539449387,0.004086706858215926,0.025747838556432256,-0.029724597179006107,-0.11827267140232767,0.08733855932950974,-0.014497615396976471,0.0009222789667546766,0.10696785121942506,1.0128763453799852,25.992737592454,-0.11086138102969725,0.09575560291567876,0.02642201434773476,0.0011890459991263924,1
10.268624305725098,-0.023914003744721413,-0.07694121450185776,0.3848966956138611,0.038689929867023264,-0.0161374213728118,0.005813378412670744,0.026609853550499274,-0.029659555729492748,-0.1183043169999527,0.07083632797002792,0.002175517147406936,0.004741250537335873,0.10283051297317895,1.035426560510418,25.988756366936148,-0.11616103777090599,0.08288239335389823,0.024269836830971833,0.0021414550010376843,1
10.278466701507568,-0.023914003744721413,-0.07694121450185776,0.3848966956138611,0.038689929867023264,-0.0161374213728118,0.005813378412670744,0.026609853550499274,-0.029659555729492748,-0.1183043169999527,0.07083632797002792,0.002175517147406936,0.004741250537335873,0.09929488668414613,1.04915697139694,25.988001473246527,-0.11738905730121625,0.08256364654144012,0.023781485561495588,0.0008502959990437375,1
10.2886221408844,-0.022697772830724716,-0.07732274383306503,0.385066419839859,0.033521968746585536,-0.005954883972054259,0.005765217447039247,0.02782007361355676,-0.029702244526833343,-0.11831888575683491,0.06325934082269669,0.005999522283673288,0.01637990213930607,0.10044529167463177,1.0229514777811068,25.988504210753586,-0.10732774276901695,0.08567411574414165,0.023867175466522134,0.002946351998616592,1
10.298422574996948,-0.022697772830724716,-0.07732274383306503,0.385066419839859,0.033521968746585536,-0.005954883972054259,0.005765217447039247,0.02782007361355676,-0.029702244526833343,-0.11831888575683491,0.06325934082269669,0.005999522283673288,0.01637990213930607,0.10694022517778809,1.022891239726729,25.987476402219446,-0.11610849794258563,0.08140100126439491,0.022421510093091547,0.0008355589998245705,1
10.308624982833862,-0.022325683385133743,-0.07742810249328613,0.38511431217193604,0.04075375924293675,-0.010950659010553216,0.007385515705450406,0.028348948233600346,-0.02947264568457486,-0.11797136758222848,0.029873309656977654,0.024870062246918682,0.01813886128365993,0.08892727409240317,1.030479578007333,25.982965226007913,-0.10164930037906826,0.07047976290653186,0.02186755506332288,0.0015249309999489924,1
10.318467855453491,-0.02195163629949093,-0.07763319462537766,0.3851878345012665,0.030809171175653505,-0.014273695278191492,0.006982855571896169,0.02881237666522507,-0.029136346877554065,-0.1178634022154208,0.03444616124033928,0.02250245213508606,0.013633290305733677,0.09772761011102107,1.0475688027228265,25.98273867375321,-0.1054604765493361,0.07141927245231286,0.022200870365886898,0.0008536479999747826,1
10.328652381896973,-0.021628370508551598,-0.07774992287158966,0.3852483630180359,0.035346556349040575,-0.0033740846522554405,0.006929731107764451,0.02904210977238675,-0.028906470098124082,-0.1174731386491974,0.018416088074445724,0.03645250573754311,0.03188059106469154,0.09275678679755728,1.0313016247144355,25.982906328148815,-0.09705117038308611,0.0635332842261961,0.020282708136565023,0.002299933001268073,1
10.338430881500244,-0.021250717341899872,-0.0779164656996727,0.38533926010131836,0.034178834037566566,-0.017563898704381915,0.009633685528714152,0.028875712164370793,-0.028713882760694975,-0.1174861425560021,-0.007945515215396881,0.012883582152426245,0.015971101820468903,0.08762514520989687,1.0512912854525727,25.975360358134353,-0.08489494388138026,0.07446925980635956,0.021497289053574738,0.0007902289999037748,1
10.348408699035645,-0.020943356677889824,-0.07808762043714523,0.38540521264076233,0.03108048061080294,-0.00595719385074504,0.007544399271496077,0.02902388413493906,-0.027839292080435563,-0.11693514718435605,0.0032933561597019434,0.02701368182897568,0.023315919563174244,0.09090912433228931,1.040188013912138,25.979538916618658,-0.08953077659837186,0.06556116403685519,0.02096211667925852,0.0011003420004271902,1
10.358649253845215,-0.020593926310539246,-0.0782361850142479,0.3854723274707794,0.03775786952516102,-0.017670484754062504,0.008822946868227769,0.028867469111015343,-0.027890363711481125,-0.11664976382606929,-0.02511078491806984,0.04113434627652169,0.043977886438369744,0.07180028305722425,1.0557293899299245,25.976583501647198,-0.07609812464129379,0.05778025909134836,0.018592336008710124,0.002458064000165905,1
10.368620157241821,-0.02028726041316986,-0.07845929265022278,0.38553252816200256,0.025366028719037804,-0.01299497493673458,0.0038106739609813957,0.02870514683083325,-0.026927054802349915,-0.11620763888849384,-0.021456165239214897,0.05382441729307175,0.025886263698339455,0.08711487874117697,1.0594561514106189,25.98905162772306,-0.07712681486238415,0.05111441931068265,0.019972529960868953,0.0008225670007959707,1
10.378566026687622,-0.019998375326395035,-0.078606016933918,0.3855733275413513,0.036625716568968306,-0.011433076753737875,0.008019964306743803,0.02824183542045544,-0.02677317129834078,-0.11561355941640272,-0.026092668995261192,0.06280934810638428,0.03507880866527557,0.06789179865900186,1.0531212573293205,25.979960548452492,-0.0736419934592265,0.04384936890796712,0.019276232021189364,0.0024111269995046314,1
10.38844895362854,-0.019998375326395035,-0.078606016933918,0.3855733275413513,0.036625716568968306,-0.011433076753737875,0.008019964306743803,0.02824183542045544,-0.02677317129834078,-0.11561355941640272,-0.026092668995261192,0.06280934810638428,0.03507880866527557,0.0556092905386734,1.0496363952814802,25.978519421287192,-0.07295959918224597,0.04355329888821808,0.019094900412593124,0.0008453369991912041,1
10.398581743240356,-0.019097939133644104,-0.079185850918293,0.3856842517852783,0.030119798574648568,-0.021531221138157773,0.005933095733171813,0.02738218712671614,-0.02568928243872559,-0.11445317173743286,-0.042026959359645844,0.03989169374108315,0.045707114040851586,0.06419388513095876,1.0629022527240892,25.983932909220815,-0.06325051540342878,0.04669013912373368,0.016719941888229478,0.0026723480004875455,1
10.408523559570312,-0.019097939133644104,-0.079185850918293,0.3856842517852783,0.030119798574648568,-0.021531221138157773,0.005933095733171813,0.02738218712671614,-0.02568928243872559,-0.11445317173743286,-0.042026959359645844,0.03989169374108315,0.045707114040851586,0.06196142702527334,1.07955856285406,25.984041832323882,-0.06343216618095568,0.05242851524047352,0.017209865491188407,0.0008421239999734098,1
10.418578147888184,-0.0186022836714983,-0.07955435663461685,0.3856993317604065,0.034021172544317316,-0.01888106224217049,0.006249915360247573,0.02583108152113356,-0.024513943059865095,-0.11294851754364954,-0.0614594891667366,0.04495512321591378,0.05241208896040916,0.07655746493507547,1.0593209024724124,26.00006334989507,-0.049632500180661246,0.03257894593238408,0.01583507162909173,0.00240595899958862,1
10.428422212600708,-0.0186022836714983,-0.07955435663461685,0.3856993317604065,0.034021172544317316,-0.01888106224217049,0.006249915360247573,0.02583108152113356,-0.024513943059865095,-0.11294851754364954,-0.0614594891667366,0.04495512321591378,0.05241208896040916,0.05637014490762956,1.0664148861590523,25.985891448673957,-0.04881777123676406,0.04588724286861906,0.01614610678455777,0.0008480599990434712,1
10.43858027458191,-0.01833926886320114,-0.07980288565158844,0.3857133686542511,0.023631557737607018,-0.01616642076268148,0.0014203563392912258,0.025423795636898117,-0.023445294924810955,-0.11235844805677786,-0.05068129673600197,0.06468393653631212,0.05952284857630729,0.06456110131687132,1.069287870141146,25.99625780734345,-0.05274368605028949,0.03430520681748697,0.015421546074847704,0.0024371099989366485,1
10.448741674423218,-0.018126290291547775,-0.0799713209271431,0.38569536805152893,0.029892440767021557,-0.012868555495343461,0.0020839346373065395,0.024630432192402463,-0.02321654071398571,-0.1115129840347322,-0.07710642367601395,0.03301515057682992,0.06835140287876129,0.05751411847240084,1.0582513750063258,25.996499742121895,-0.037047379078687964,0.048676693808578045,0.01416431003531307,0.000860912999996799,1
10.458654403686523,-0.017857560887932777,-0.08021626621484756,0.38570135831832886,0.0259116085362716,-0.023624349555824844,0.005109173247058586,0.024035526576883903,-0.022868997597957907,-0.11098655706907978,-0.05875847861170769,0.022759024053812037,0.07132472842931747,0.05793040900173998,1.0775644859646278,25.98836731017996,-0.04529743906374421,0.053285090958524656,0.013525990661841935,0.002855693001038162,1
10.470530986785889,-0.01765565760433674,-0.08042463660240173,0.38569149374961853,0.02671730876030595,-0.010370951464999986,0.002147866917272048,0.023505438107670695,-0.022362258769272447,-0.11006579126271143,-0.07233705371618271,0.05972952395677567,0.07652704417705535,0.05818576193592364,1.089226017258346,25.987147065541578,-0.045376366765255326,0.05336025250801152,0.013381718004368014,0.0012325589996180497,1
10.478495359420776,-0.01738864555954933,-0.08063501864671707,0.3856954276561737,0.03100778896833128,-0.02356412274123248,0.005887780809890015,0.022674630690874054,-0.02230683673456202,-0.1094721505469769,-0.07107742875814438,0.01797979138791562,0.0778714120388031,0.055603501887880026,1.0649142946297292,25.995046151641116,-0.03576568835261168,0.033543954732614595,0.012739245942900768,0.0008150939993356587,1
10.488449335098267,-0.01738864555954933,-0.08063501864671707,0.3856954276561737,0.03100778896833128,-0.02356412274123248,0.005887780809890015,0.022674630690874054,-0.02230683673456202,-0.1094721505469769,-0.07107742875814438,0.01797979138791562,0.0778714120388031,0.0426250120614295,1.0774245537772795,25.986443009487985,-0.0351664489972698,0.053287593299769724,0.012346671531236088,0.0008164909995684866,1
10.49862265586853,-0.016963021829724312,-0.0810430496931076,0.38568350672721863,0.02929347373282748,-0.018744476243970378,0.006065156784321706,0.02106992072345948,-0.021646381432053996,-0.10736042471024776,-0.06950921565294266,0.037722539156675346,0.08395582437515259,0.06329095082863913,1.0596541505418913,25.99818664356088,-0.039489593283349486,0.06110268800855721,0.010927395832812617,0.0011098409995611291,1
10.508623123168945,-0.016963021829724312,-0.0810430496931076,0.38568350672721863,0.02929347373282748,-0.018744476243970378,0.006065156784321706,0.02106992072345948,-0.021646381432053996,-0.10736042471024776,-0.06950921565294266,0.037722539156675346,0.08395582437515259,0.047938852438133485,1.0616418319747918,25.98669785621429,-0.030941752825785214,0.04216997207374712,0.011125888889751053,0.0008097150002868148,1
10.518615484237671,-0.016565149649977684,-0.08148206770420074,0.3856731355190277,0.025258315549081815,-0.014887368568999056,0.003445885399493323,0.020588887708478776,-0.02120486835148716,-0.10635269000786263,-0.04971946403384209,0.012130387127399457,0.09433918446302414,0.049200133122063776,1.0578355001229125,25.991937917817015,-0.03885463983800557,0.05382164044208506,0.009933973461414326,0.0008112520008580759,1
10.528616666793823,-0.01633330062031746,-0.08173181861639023,0.3856789469718933,0.024847061860320076,-0.022280982203957227,0.005967959777197982,0.01988379776092586,-0.021612198374434843,-0.10502776828267235,-0.04551267996430397,-0.01752582937479018,0.09346196055412292,0.05145142340058577,1.0717056357346562,25.986099281029528,-0.0398035845249227,0.06989794573543974,0.009608760928754949,0.0008060140007728478,1
10.538636445999146,-0.016175881028175354,-0.08192209154367447,0.385651171207428,0.018756775036460543,-0.00816218770639644,0.00099455336053061,0.01958164330877432,-0.0212971749845563,-0.10390036283987314,-0.033967386931180954,0.015095814131200326,0.09729516506195068,0.06730076428290735,1.0512530106531814,25.99842068045844,-0.043277671561652346,0.053733516080916886,0.009053801309707907,0.0008030799999687588,1
10.54863977432251,-0.015980113297700882,-0.08211634308099747,0.38562342524528503,0.024780870896966366,-0.02196597539322465,0.004700639306130635,0.019323741278724604,-0.021909954157880662,-0.10299282603828352,-0.016427703201770782,-0.032527089118957506,0.10562288761138916,0.06411119671059158,1.0699241818159415,25.990593927434197,-0.05262108409687317,0.07819962636122557,0.007931630975685978,0.0008197030001610983,1
10.558549165725708,-0.015824291855096817,-0.08232439309358597,0.3855876624584198,0.015162101022671872,-0.010655191717633936,-0.0013379850432782073,0.01917046563123348,-0.021646411857230152,-0.10194987531190991,-0.018946252763271332,-0.000992951681837427,0.10223909467458725,0.08437670081636348,1.0589691573177444,26.00537374592591,-0.05000473274488929,0.06317682565707244,0.007950853397274981,0.0007921149990579579,1
10.568563461303711,-0.015664612874388695,-0.08248986303806305,0.38553857803344727,0.0267505811509759,-0.018538726732608368,0.003787536894856407,0.018902368117467816,-0.022429262738628886,-0.10075055938475774,-0.002076768549159169,-0.023823253810405717,0.12049499154090881,0.07088732105165726,1.0681847264777466,25.99439378131009,-0.05821266639749677,0.07532467952226983,0.005906824670315232,0.0008383519998460542,1
10.57858157157898,-0.015482170507311821,-0.08272166550159454,0.3855123817920685,0.01647371420579506,-0.014479479810509325,0.00022858644998447367,0.019030382854680727,-0.022281267676923733,-0.0999480954948857,-0.0017288436647504568,-0.03671748191118239,0.10118722915649414,0.08800151780563271,1.068721310169314,26.002074252030205,-0.05862328762053447,0.08255710673887527,0.007404578786839396,0.0008250820010289317,1
10.588621616363525,-0.015351949259638786,-0.08288542926311493,0.3854531943798065,0.02061979090869669,-0.012715216858201057,0.0017712251435958427,0.018761068063258612,-0.022774371494366896,-0.0984788375387784,-0.008519419468939304,-0.013209050521254526,0.1184157207608223,0.09831406419924177,1.0690246717427287,26.003194305764712,-0.058634528309022806,0.08263471005201212,0.007747983160922204,0.001124088999858941,1
10.59864068031311,-0.015177999623119831,-0.0830790176987648,0.3854166567325592,0.018648503283373478,-0.014810797831620823,0.0016116306712245399,0.019090102806198495,-0.023028818269088536,-0.09677125103558115,0.02508929744362831,-0.021177442744374258,0.1300189048051834,0.09435834377466491,1.0634019181363004,25.99963830353631,-0.0542428919902387,0.07193874513844298,0.005863142926477948,0.0008317870015162043,1
10.608628988265991,-0.015068265609443188,-0.08324797451496124,0.3853541910648346,0.014684913563480867,-0.010964311800800887,-8.500977152791877e-05,0.019059198005500377,-0.023487743739436073,-0.09535150923413971,0.004566528834402561,-0.04649189114570616,0.12318748980760574,0.09729336112591616,1.0696713877271102,25.999466460101463,-0.07197127638837697,0.07666363904630931,0.004009502379562794,0.0010927280000032624,1
10.618615627288818,-0.015068265609443188,-0.08324797451496124,0.3853541910648346,0.014684913563480867,-0.010964311800800887,-8.500977152791877e-05,0.019059198005500377,-0.023487743739436073,-0.09535150923413971,0.004566528834402561,-0.04649189114570616,0.12318748980760574,0.11259413287598358,1.064674052336782,26.00419247775173,-0.06168447520760957,0.09107784372762241,0.004094223440011833,0.0008975809996627504,1
10.628639221191406,-0.014791853725910187,-0.08361291885375977,0.38525354862213135,0.012341731234765724,-0.011171299957268344,-0.0009780008118151096,0.019192948815068167,-0.023913836997175864,-0.09429034825517846,0.0120662497356534,-0.01903777569532393,0.1268656700849533,0.12513021162875748,1.0652084806247384,26.007461670089256,-0.06566961014461155,0.07903773914206846,0.0036144382261740385,0.0008134870004141703,1
10.638623476028442,-0.01467745378613472,-0.08376782387495041,0.38519206643104553,0.018486546260846205,-0.012226018245031287,0.002814074527981945,0.01942737477863643,-0.02452074514150482,-0.09206150685344694,0.023206813260912895,-0.03575834259390829,0.14536453783512115,0.12087567296217971,1.0680253679521876,25.998248367773904,-0.07195789502714853,0.08830648436751652,0.0012566549297079,0.0008470129996567266,1
10.648650407791138,-0.014558283612132072,-0.0839262455701828,0.3851412832736969,0.011287169477632924,-0.0139389951176096,-0.0006846461907947204,0.019507553051880677,-0.02465554154938454,-0.09085221993160131,0.004289884120225906,-0.029533864930272085,0.1320313811302185,0.13486661341669576,1.0750367303818413,26.00613447934571,-0.06316374098680516,0.08641508573731718,0.0019723829752579577,0.0008982090002973564,1
10.658619403839111,-0.014483594335615635,-0.08409584313631058,0.3850858807563782,0.011863497804658651,-0.014125162897960493,0.0011623989586141041,0.019698324026049985,-0.02499349666760864,-0.08924371678307352,0.021583832800388336,-0.029520232230424864,0.15011659264564514,0.1427026069655842,1.0818311599377388,26.002549514453484,-0.0721012004134529,0.0872899529019818,1.4136058535813446e-05,0.0009510130003036465,1
10.668694734573364,-0.014379284344613552,-0.08423960953950882,0.38505494594573975,0.01264950058932297,-0.010874175625310636,0.002729813350413388,0.019857398072665955,-0.02547573648228152,-0.08788317644349375,0.01901673711836338,-0.041744712740182856,0.15007708966732025,0.14813665766399542,1.0787318650111635,25.998056106236092,-0.07112259726143558,0.09470180218649735,-0.0006055489483157457,0.0021779840008093743,1
10.678402185440063,-0.01429673656821251,-0.08438386023044586,0.3850180506706238,0.010310059309431656,-0.01198083636050599,0.002957894701987886,0.019854629806452806,-0.025728563739890298,-0.08633869117989335,0.017726248130202293,-0.035308219492435435,0.1474403440952301,0.15140229015900183,1.0768619704231,25.997385513766094,-0.07112292882273044,0.09481632520831396,-0.0007449981640921203,0.0008320670003740815,1
10.688681840896606,-0.014210999943315983,-0.0845077708363533,0.3849940299987793,0.012873499654323035,-0.00732908816994823,0.002993580186716797,0.020291232308474516,-0.026385860830706598,-0.08405045788074572,0.02253749780356884,-0.03411845117807386,0.15740996599197388,0.1559838769026818,1.0696863911675611,25.996710803094402,-0.07316098123354893,0.09275028467919198,-0.001881499179520821,0.0027070619998994516,1
10.698379755020142,-0.014122006483376026,-0.08463338017463684,0.3849634826183319,0.009301360595958992,-0.013274421048557535,0.0034835254754489206,0.020322812603505103,-0.026729163725677463,-0.08242640361347409,0.01618039794266224,-0.03644058480858801,0.15612277388572693,0.15845516890983932,1.0655620820381304,25.996682800338384,-0.07381938769784215,0.0936025852344271,-0.0023421904901434784,0.0008310880002682097,1
10.708658933639526,-0.013999897055327892,-0.08487564325332642,0.38490527868270874,0.011402350760341715,-0.01215062204916399,0.0034031167204865587,0.02074538986327079,-0.027063002045657925,-0.08091534201086859,0.039702147245407104,-0.043228380382060984,0.15835043787956238,0.16807529536653967,1.077287304221091,25.995362679384815,-0.07139618469869848,0.09603648022952545,-0.002580394393478373,0.002891383999667596,1
10.718424797058105,-0.013999897055327892,-0.08487564325332642,0.38490527868270874,0.011402350760341715,-0.01215062204916399,0.0034031167204865587,0.02074538986327079,-0.027063002045657925,-0.08091534201086859,0.039702147245407104,-0.043228380382060984,0.15835043787956238,0.17069897125652012,1.0853840766841973,25.995497111174373,-0.08407582921209343,0.10022504178377582,-0.0031099343504973893,0.0007906480004749028,1
10.728622674942017,-0.013939609751105309,-0.08509992063045502,0.38484522700309753,0.004820775208925196,-0.005294912986497411,0.0015581405037921672,0.021344974410749007,-0.02813898244236812,-0.07672572391237553,0.038015272468328476,-0.030437149107456186,0.16980807483196259,0.19531449813885973,1.0885204992847595,25.997809450792165,-0.07738949615347672,0.0960082416837526,-0.004272956538659421,0.002681219000805868,1
10.738430261611938,-0.013939609751105309,-0.08509992063045502,0.38484522700309753,0.004820775208925196,-0.005294912986497411,0.0015581405037921672,0.021344974410749007,-0.02813898244236812,-0.07672572391237553,0.038015272468328476,-0.030437149107456186,0.16980807483196259,0.2067640418072852,1.0801170383861143,26.000734368375333,-0.08437657021628438,0.09758823667639059,-0.0054699286661952385,0.0007877839998400304,1
10.748449325561523,-0.013909968547523022,-0.08531642705202103,0.38478973507881165,-0.0009285256387842916,-0.00022457644643809365,0.0001840745381844465,0.02232831076350905,-0.028663527085719842,-0.07328396988174513,0.04328896477818489,-0.013340120203793026,0.17867283523082733,0.21684938945600077,1.1001709498446834,25.997761627058125,-0.09549551130095485,0.10431899563771199,-0.005798728918668989,0.003034076999028912,1
10.758649110794067,-0.013909968547523022,-0.08531642705202103,0.38478973507881165,-0.0009285256387842916,-0.00022457644643809365,0.0001840745381844465,0.02232831076350905,-0.028663527085719842,-0.07328396988174513,0.04328896477818489,-0.013340120203793026,0.17867283523082733,0.23510326952228242,1.080304455458123,26.00426593852857,-0.08962645288548787,0.09126937588291764,-0.007369945659254367,0.0007984710009623086,1
10.768446207046509,-0.013880935497581959,-0.08539360016584396,0.3847624957561493,0.006382624200760292,-0.014114261584077754,0.0037025823315027877,0.022693867641510934,-0.029268531203347603,-0.07167053571289195,0.047341328114271164,-0.04106070101261137,0.17429694533348083,0.230354421469142,1.0996376025387928,25.996001442819804,-0.0939630602731132,0.10575867469612084,-0.007527665562758921,0.0025956580011552433,1
10.778653860092163,-0.013878894969820976,-0.08553419262170792,0.3847450315952301,-0.003951970484502471,-0.0059314472622299915,0.0008422154953079404,0.023265277365920767,-0.029044925064010574,-0.06990543179204911,0.05186080187559128,-0.03378203883767126,0.17748074233531952,0.252786824093825,1.0971146620806915,26.002117595131956,-0.09715917439385963,0.10282658289638222,-0.008239564897176156,0.0008245230001193704,1
10.788445949554443,-0.013899611309170723,-0.08558287471532822,0.38471105694770813,0.003012751001886222,-0.008749228900091041,0.0037315851086924495,0.023675929528031325,-0.029601380461607985,-0.06801353842136715,0.05186626687645912,0.0002405649574939376,0.1751757264137268,0.26633892999683273,1.095551503822997,26.002997856411433,-0.09721538621188178,0.10270728459809171,-0.00839567638222809,0.0030335189985635225,1
10.798653364181519,-0.013881949707865715,-0.08571769297122955,0.38470959663391113,-0.0034218226217052274,-0.010582271018707698,0.0032448314320295472,0.024554967488548574,-0.029365165044499708,-0.06533218873622282,0.06451582908630371,0.011939565651118778,0.17776980996131897,0.2564703270360689,1.100429921686028,25.995660567701908,-0.09864998998615658,0.08660538770764187,-0.008464553347120863,0.000998716999674798,1
10.808586359024048,-0.013944253325462341,-0.08576135337352753,0.38467687368392944,-0.003446957328217512,-0.0021271770833123384,0.0011490745247546062,0.024834043882767887,-0.03000953417305796,-0.0634417988937086,0.03649240359663963,-0.01567922905087469,0.17613966763019562,0.2712372808159142,1.0917139992531657,26.001237653631428,-0.09339618267507219,0.09530331681535902,-0.009224380771447766,0.002616472000227077,1
10.818653345108032,-0.013944253325462341,-0.08576135337352753,0.38467687368392944,-0.003446957328217512,-0.0021271770833123384,0.0011490745247546062,0.024834043882767887,-0.03000953417305796,-0.0634417988937086,0.03649240359663963,-0.01567922905087469,0.17613966763019562,0.28018528229020845,1.0865230945811823,26.0021478373608,-0.09373496259573559,0.09631045239729256,-0.009614911267619737,0.0007861080011934973,1
10.828637838363647,-0.014056184329092503,-0.08602982014417648,0.38463443517684937,-0.0006862435085946119,-0.011587969960811139,0.004265028966704733,0.02609255428066115,-0.030044519670731518,-0.05884404441226465,0.054993968456983566,-0.009591926820576168,0.18942232429981232,0.2940773332657244,1.0849655497423663,26.005873652181972,-0.10878397900360876,0.07782755375097347,-0.012380128460790275,0.0026685070006351452,1
10.838382720947266,-0.014056184329092503,-0.08602982014417648,0.38463443517684937,-0.0006862435085946119,-0.011587969960811139,0.004265028966704733,0.02609255428066115,-0.030044519670731518,-0.05884404441226465,0.054993968456983566,-0.009591926820576168,0.18942232429981232,0.28726966680064236,1.1083714738419321,25.99442611838543,-0.10767619845133412,0.09273871166379621,-0.012515986134760267,0.0008036390008783201,1
10.848389387130737,-0.01410871371626854,-0.08616345375776291,0.38462457060813904,-0.010848441242625515,-0.007618749411312149,0.0018762860229333124,0.026513057050108646,-0.02927288605735301,-0.056914527341755505,0.042843904346227646,0.031054915860295317,0.18282674252986908,0.3032504883101016,1.1158086754917056,25.998788147734757,-0.10252225275610555,0.07152134072214106,-0.012184906028082199,0.0010804359990288503,1
10.858495712280273,-0.014183007180690765,-0.0862327516078949,0.38459086418151855,-0.004910484881710047,-0.009003222922280063,0.002764720939503632,0.027059217070023234,-0.029441809352710013,-0.054875893269790144,0.06148965284228325,0.010311649180948759,0.19257086515426636,0.30225225210889034,1.125545338964588,25.997181149997836,-0.11327817554097233,0.08143645466225759,-0.013488916778883543,0.0017395659997418988,1
10.868597507476807,-0.014247244223952293,-0.08636587113142014,0.38457033038139343,-0.011311364431245183,-0.013150351992172835,0.0009488407981020797,0.027518649814971763,-0.02885401833344936,-0.05299269389618111,0.04608282074332237,0.03801345452666285,0.19282180070877075,0.31353788674033173,1.1424124835601277,26.001502394517065,-0.10758486423527994,0.06670363879577271,-0.014152319447760906,0.0009779030006029643,1
10.87856411933899,-0.014359458349645138,-0.08645232021808624,0.3845408856868744,-0.012343068632913812,-0.003919468171460967,0.00017899655286778913,0.028103484559969694,-0.0286823050603493,-0.05094285858688874,0.04794470965862274,0.044160783290863065,0.1994313895702362,0.32442844638190055,1.1335403478456554,26.00429479333046,-0.1091455642099032,0.0630657597178633,-0.01536724014421326,0.0024211849995481316,1
10.888467788696289,-0.014446827583014965,-0.08654201775789261,0.3845173120498657,-0.00902712530904371,-0.011773320848982046,0.003409661822686181,0.028429418191958433,-0.02835922213218245,-0.04895251677321877,0.052242692559957504,0.05512439832091334,0.20145253837108612,0.3210479524001968,1.146305984520136,25.996149846765345,-0.11303193217287799,0.056228198535371955,-0.016172658133169742,0.0008361170002899598,1
10.89857792854309,-0.014565499499440193,-0.08665072172880173,0.3844914436340332,-0.01572073065831623,-0.006276006783405274,0.0008741514527567845,0.028714314381687256,-0.027638684817320236,-0.04690559566652075,0.034977514296770096,0.06010389700531962,0.20179495215415955,0.31905097569802093,1.1540272283849273,25.994929107478963,-0.11304596458825476,0.05611194343967773,-0.01635775424952859,0.001051241000823211,1
10.908644437789917,-0.014677501283586025,-0.08674726635217667,0.38445624709129333,-0.010688907517762759,-0.010267646005797871,0.0017636053330768657,0.02934059692925306,-0.02706119515987604,-0.043798599982179276,0.04620077461004257,0.06386928260326388,0.20345161855220795,0.3210855395088047,1.1579193762104392,25.999049845783727,-0.11168981466280721,0.04905562683168661,-0.017150773473913382,0.0024509390004823217,1
10.918602705001831,-0.014793284237384796,-0.08687077462673187,0.38442182540893555,-0.016023898550722525,-0.009957479225928535,0.0006735160355840601,0.02941097182687802,-0.02626804475152822,-0.04170348721707251,0.018787911161780357,0.06886833906173709,0.2048059105873108,0.32266410333931533,1.160433313105267,25.999755469255213,-0.11253013316568408,0.04814360734334374,-0.017699983244795787,0.0009525489986117464,1
10.928582191467285,-0.014924750663340092,-0.08697369694709778,0.3843938410282135,-0.013638167712835119,-0.010343708940501328,0.0010877616047042338,0.029560541295802878,-0.025869601772380513,-0.03962682445864418,0.010451330803334713,0.06938270479440692,0.20856276154518127,0.32957694556282735,1.1605329389814927,26.001773176230365,-0.0953077821011544,0.042829822299788434,-0.01890658436644826,0.002435014001093805,1
10.938576936721802,-0.014924750663340092,-0.08697369694709778,0.3843938410282135,-0.013638167712835119,-0.010343708940501328,0.0010877616047042338,0.029560541295802878,-0.025869601772380513,-0.03962682445864418,0.010451330803334713,0.06938270479440692,0.20856276154518127,0.33411862709627665,1.1608747939969744,26.00214254540501,-0.09523905891465569,0.04220138757993678,-0.019416882765226563,0.0007926739999675192,1
10.948667764663696,-0.015293692238628864,-0.08735568076372147,0.38432419300079346,-0.013198336650936098,-0.013772265006227035,0.0027654770790718312,0.029602771260055505,-0.02420472901544901,-0.03440851898140718,-0.009677797555923462,0.0651330649852753,0.20914049446582794,0.34476609791360097,1.1627105412762644,26.006539624255574,-0.10620759815698616,0.03760745677254174,-0.019922073055047864,0.0027805390000139596,1
10.958595037460327,-0.015293692238628864,-0.08735568076372147,0.38432419300079346,-0.013198336650936098,-0.013772265006227035,0.0027654770790718312,0.029602771260055505,-0.02420472901544901,-0.03440851898140718,-0.009677797555923462,0.0651330649852753,0.20914049446582794,0.34159665226877034,1.1691454381357669,25.998659089460148,-0.08596833997367986,0.039378503723040935,-0.020651551592302007,0.0007821970011718804,1
10.96864652633667,-0.015558389015495777,-0.08760644495487213,0.3842672109603882,-0.01144988558967106,-0.012762890173327256,0.0023167994274320104,0.029462907868103905,-0.02295183500868303,-0.03017675854779789,-0.010570443235337734,0.058697227388620404,0.21001239120960236,0.354423929132724,1.1654252623771908,26.007276721794938,-0.09075013416993831,0.027407164005156453,-0.020843067348965516,0.002748760000031325,1
10.978618621826172,-0.015558389015495777,-0.08760644495487213,0.3842672109603882,-0.01144988558967106,-0.012762890173327256,0.0023167994274320104,0.029462907868103905,-0.02295183500868303,-0.03017675854779789,-0.010570443235337734,0.058697227388620404,0.21001239120960236,0.3439934588083581,1.1688774157918935,26.000215147265145,-0.0847859055946752,0.03868792776133187,-0.02169213512008948,0.0007879240001784638,1
10.988637924194336,-0.015669481828808784,-0.08775043487548828,0.3842441737651825,-0.01912422294431073,-0.010623712971493305,-0.0005456692984431215,0.029178337876115013,-0.022007332518804823,-0.02829583971204075,-0.022102752700448036,0.07035733014345172,0.19611340761184692,0.35389849391801337,1.1662373918011097,26.006775300179015,-0.07803192510240192,0.031088814856319657,-0.02073477019275288,0.002450870000757277,1
10.998636722564697,-0.015812348574399948,-0.08786726742982864,0.3842027187347412,-0.014273684505396213,-0.0110771664853489,-0.00039353025890224785,0.029081948711121797,-0.02166146306419492,-0.026184156729819996,-0.009052630513906479,0.06981641799211505,0.19149842858314514,0.34930666105343683,1.1665690437150822,26.007534495558748,-0.08415559714628433,0.029757608185763302,-0.02036138503801145,0.0008093670003290754,1
11.008652210235596,-0.0158979594707489,-0.08801235258579254,0.38418206572532654,-0.01664160755874295,-0.012061665699231859,0.0008438667249795615,0.028754121730713678,-0.021075587595510648,-0.02431275328517435,-0.03961705416440964,0.05854253470897677,0.2025606334209442,0.352134666527561,1.1654638686334349,26.004499408322232,-0.06871795718749296,0.034748229291683565,-0.021631254618908462,0.0024906109993025893,1
11.018680572509766,-0.016038820147514343,-0.08812947571277618,0.38413679599761963,-0.01700599305683878,-0.006998770392998087,-0.0008854253264154945,0.02822185226382734,-0.020584047323981114,-0.021215251826300463,-0.027554355561733246,0.02647384256124499,0.18790306150913239,0.354099080054954,1.1652356206098327,26.004101981046386,-0.06803501596415369,0.034042288543996435,-0.02213130465484501,0.0011289789999864297,1
11.02865195274353,-0.01610959693789482,-0.0882609412074089,0.38411638140678406,-0.009481728087252127,-0.013806643892067351,0.002858004979716591,0.027796678417085996,-0.01993496527026961,-0.019545867171666398,-0.030416209250688553,0.03266030922532084,0.1806776523590088,0.3402383072323949,1.1670910465821456,25.999119280007477,-0.07063790885324532,0.04381361089162802,-0.02053682740461426,0.002466584999638144,1
11.03835129737854,-0.01610959693789482,-0.0882609412074089,0.38411638140678406,-0.009481728087252127,-0.013806643892067351,0.002858004979716591,0.027796678417085996,-0.01993496527026961,-0.019545867171666398,-0.030416209250688553,0.03266030922532084,0.1806776523590088,0.33208627317156625,1.168595545740486,25.99844401641056,-0.07010550361746867,0.04312495989055164,-0.020374200607881626,0.0008127889996103477,1
11.04868483543396,-0.01635647378861904,-0.088653065264225,0.3840336501598358,-0.014036443108898546,-0.009016039744380094,0.00042458870533777755,0.02665427999376968,-0.019316416802855674,-0.015076237319811003,-0.036166589707136154,0.015279189683496973,0.16718067228794098,0.3316729822984791,1.1597645213511538,26.002418305938985,-0.05607525613654335,0.05003329455556109,-0.02090630322994112,0.0026620110002113506,1
11.058479070663452,-0.01635647378861904,-0.088653065264225,0.3840336501598358,-0.014036443108898546,-0.009016039744380094,0.00042458870533777755,0.02665427999376968,-0.019316416802855674,-0.015076237319811003,-0.036166589707136154,0.015279189683496973,0.16718067228794098,0.34070777021736787,1.1521678213465232,26.00583104281431,-0.06332710795363444,0.050579999328849067,-0.019834019865049728,0.0008023819991649361,1
11.069425582885742,-0.016411054879426956,-0.08874943107366562,0.38400372862815857,-0.005879424522846736,-0.005943125578213656,0.0025238604056759283,0.026097199315200825,-0.019373635917431464,-0.013271938502917191,-0.05275650694966316,0.015415473841130754,0.1717299520969391,0.328201489557603,1.1372442832023382,26.00122540737039,-0.0533385475291654,0.049895251970575975,-0.02039365300810923,0.0011232510005356744,1
11.078593254089355,-0.016407737508416176,-0.08888300508260727,0.3839956820011139,-0.010041378464512042,-0.011495308941960606,0.0025247385931085153,0.025673521772858976,-0.019466744705751715,-0.01174288768476428,-0.045132867991924286,-0.0021373482886701627,0.16041694581508636,0.3322732225360548,1.1412411040392096,26.00045377359337,-0.05632843993139241,0.059301247520864867,-0.01959855652808052,0.0008414250005444046,1
11.088651418685913,-0.01647287607192993,-0.08900461345911026,0.3839712142944336,-0.013145883570061757,-0.005752911789014489,0.0020404916616109225,0.025129120698729857,-0.019366361404493215,-0.009992169670159257,-0.04222783446311951,0.010109945200383684,0.16596293449401855,0.34178255410062675,1.1299581357252606,26.00181787355554,-0.055676996636155565,0.05336773575863751,-0.020311124071469074,0.002438018000248121,1
11.098644495010376,-0.01650162972509861,-0.08912436664104462,0.3839696943759918,-0.007844297225395733,-0.008911474611473803,0.0055952868217404444,0.024469331387296567,-0.020045958498921213,-0.008595887988863016,-0.059367965906858444,-0.03684634342789648,0.15288768708705902,0.3407846609650891,1.1268475056308063,25.9928279669853,-0.04563577754069369,0.07806133552040093,-0.019379705644213097,0.0008138370012602536,1
11.108645677566528,-0.01654636114835739,-0.08923104405403137,0.38396134972572327,-0.01349388529106803,-0.0036333540831347405,0.0009758105302022081,0.023956326825796292,-0.019927943046864183,-0.007066170290414675,-0.040977593511343,-0.03798985108733175,0.14519138634204865,0.35464053238575627,1.1147388032871968,26.003690258634972,-0.05260082958979325,0.07926220804212954,-0.01860290527206665,0.002458413000567816,1
11.118651390075684,-0.016558688133955002,-0.08931774646043777,0.3839556574821472,-0.004366118937928589,-0.00690378295973545,0.004692693684671966,0.023548569711268286,-0.020418496352740956,-0.005736297039445226,-0.0500495471060276,-0.03561508283019064,0.14541085064411163,0.36299263843105284,1.1073721915894683,26.005298506472304,-0.052751632474630175,0.07923746080606552,-0.01842191289958646,0.0010757559994090116,1
11.128635168075562,-0.016554413363337517,-0.08942323178052902,0.3839569687843323,-0.010861313908538877,-0.0033651420407093723,0.003118255613721116,0.022688280521859117,-0.020867323147811145,-0.0037511109618453276,-0.04353900998830795,-0.052322413772344575,0.13466022908687592,0.366296966299365,1.098740464474521,26.000125645416894,-0.04902146862887123,0.0881562455078095,-0.017618412841846294,0.0025298650016338797,1
11.138517618179321,-0.016568033024668694,-0.08949825912714005,0.38394781947135925,-0.00492976046810045,-0.003893538375794514,0.004364562692101843,0.02242943657007812,-0.021772981742719022,-0.002518298475750136,-0.03353283554315567,-0.050542660057544694,0.1269802451133728,0.3682014579620062,1.0938972260862247,25.99935242473109,-0.04779672227978001,0.08891713804502022,-0.017661397077162636,0.0010204390000581043,1
11.148650407791138,-0.016540903598070145,-0.08959771692752838,0.3839585781097412,-0.0075546889690242085,-0.004528909001402527,0.005284873740453983,0.02187400096800962,-0.021933703198927734,-0.0012561904983257044,-0.04495006054639816,-0.04486405104398726,0.12468847632408142,0.3640670100362167,1.0913791200559406,25.993696067699478,-0.04564167318486629,0.08769647917969896,-0.01688024516841803,0.00214403900099569,1
11.158626794815063,-0.016540903598070145,-0.08959771692752838,0.3839585781097412,-0.0075546889690242085,-0.004528909001402527,0.005284873740453983,0.02187400096800962,-0.021933703198927734,-0.0012561904983257044,-0.04495006054639816,-0.04486405104398726,0.12468847632408142,0.3614920541639197,1.0901763393273904,25.992828471857536,-0.04484017988495656,0.0879050996217118,-0.01685053897762148,0.0007957470006658696,1
11.168676853179932,-0.016535485163331032,-0.08973119407892227,0.3839501440525055,-0.0044402368457285525,-0.000831299819324683,0.003770360942993448,0.021511531220396396,-0.022731415097427377,-9.639157798124742e-05,-0.02757968194782734,-0.06791305541992186,0.11170667409896852,0.35729038386476897,1.0824007093362185,25.99680525272552,-0.052028431371785026,0.10138384439682124,-0.015663244802129064,0.0024109179994411534,1
11.178671836853027,-0.016503697261214256,-0.08979418873786926,0.38393694162368774,-0.005976618272431178,0.0004327319859899274,0.0022940325895472145,0.021093032268011846,-0.0236225202132192,0.0014189724949646987,-0.03620363026857376,-0.06687939912080763,0.1064342111349106,0.36099343580894117,1.0735159410591404,26.001393162835978,-0.046560444864282215,0.10379986420544553,-0.015104341175671951,0.0008050360011111479,1
11.188657999038696,-0.016475386917591095,-0.08985108882188797,0.3839183449745178,-0.004954084756914803,0.0014248335469231096,0.001729248784082265,0.020711927222774484,-0.02428915611087401,0.0025623552462992194,-0.032473374158144,-0.06860674917697905,0.1043829992413521,0.36302541794774656,1.0655690023545035,26.003686580069648,-0.047135821613336744,0.1065098348497075,-0.014956914241879223,0.002432989000226371,1
11.198446035385132,-0.016444018110632896,-0.08989892154932022,0.3838924169540405,-0.007814032026441944,0.00040987389710196395,0.0003144922449359443,0.020601069669221594,-0.024930099972140685,0.003375286196388494,-0.012491089291870594,-0.06014791503548621,0.08913131803274156,0.3720403469419281,1.0649562413029232,26.007709926745456,-0.05685815326628875,0.10440642708034047,-0.013406352386464553,0.0008219390001613647,1
11.208643913269043,-0.01643821969628334,-0.08994822204113007,0.383859246969223,-0.00841834023992717,0.0018745571042213072,0.0004988123761757702,0.02033327700457832,-0.025464940356687116,0.004451033499198065,-0.02511025220155716,-0.0648103281855583,0.0865602269768715,0.3808688099330843,1.0595581160938412,26.00800251946647,-0.04985270880656202,0.10824993017567955,-0.012987037227437336,0.0024968279994936893,1
11.218616247177124,-0.016405893489718437,-0.0899709090590477,0.38382795453071594,-0.0026675667619184243,0.004203634336226908,0.00022716588893168977,0.020298399365811015,-0.026239100693185247,0.0051518088620454705,0.0024423052091151476,-0.05464304611086845,0.08350174874067307,0.37410964593394114,1.053400447406818,26.00891337752888,-0.0630717120173639,0.10489833409552385,-0.012637025629389429,0.0008330440014105989,1
11.228626012802124,-0.01636105589568615,-0.09000856429338455,0.3837893009185791,-0.00870166905159188,0.0021091815961825533,-0.000574774599732263,0.020423105417872733,-0.02664636340850679,0.00591439475359179,0.00985246803611517,-0.050288558006286614,0.0770682692527771,0.3849418433419419,1.0554870858300942,26.010993080416497,-0.06736497223501528,0.10384688719312415,-0.011912525907963219,0.002367823999520624,1
11.23869276046753,-0.016353236511349678,-0.09001410007476807,0.3837485611438751,-0.00511324080028983,0.007990867828804166,-0.000347683932288344,0.020352720292078796,-0.027379898778038925,0.006967121000372778,0.006412893533706665,-0.042655289173126214,0.06169336289167405,0.3844111564313568,1.0427998287234639,26.01099015744144,-0.06527263567238421,0.10126605045433636,-0.01024209709644798,0.0009334120004496071,1
11.24862289428711,-0.01628577895462513,-0.09003990143537521,0.3837182819843292,-0.003503609915938206,-0.00040229462725105007,0.0007944943982675822,0.020835809622783863,-0.027513326086972434,0.007532595763474426,0.03523626551032066,-0.04835770651698112,0.058704122900962837,0.3839996520583862,1.035169721280581,26.011119479357735,-0.06517341322995629,0.10223319928472571,-0.009984131547441948,0.0030131240000628168,1
11.258708715438843,-0.01628577895462513,-0.09003990143537521,0.3837182819843292,-0.003503609915938206,-0.00040229462725105007,0.0007944943982675822,0.020835809622783863,-0.027513326086972434,0.007532595763474426,0.03523626551032066,-0.04835770651698112,0.058704122900962837,0.3806031877202802,1.053314050566791,26.00800611488934,-0.08169123942908656,0.10532481148411965,-0.009665934824341093,0.0024055400008364813,1
11.268654584884644,-0.016221623867750168,-0.09002319723367691,0.38365113735198975,0.0007566240300687016,0.004403753202422507,0.002559089110281456,0.021091941414939974,-0.027986683408754764,0.008206582615688962,0.020847180858254433,-0.04080063104629516,0.04797306284308434,0.36859986647470666,1.05222463624594,26.003293847051967,-0.07511513558960625,0.10252870833930368,-0.008564670187612037,0.0009063120014616288,1
11.278632402420044,-0.016166826710104942,-0.08999832719564438,0.3835941553115845,-0.000634107865106232,0.01000450271742633,0.002348196937773091,0.02201626451877914,-0.02832225786726905,0.00921258653195478,0.05038784444332123,-0.013221524655818934,0.04474109783768654,0.3890037390702334,1.0474955693988135,26.01384200748517,-0.08802525964333716,0.08081184460363641,-0.00706145241163912,0.006001382000249578,1
11.289879322052002,-0.016092656180262566,-0.08999995142221451,0.3835955560207367,-0.007734701509870483,0.006368379567240614,0.0020257178650425075,0.02246031243827673,-0.027904938377863342,0.009263925919375637,0.04528610780835152,0.004197422415018084,0.01834481582045555,0.37543731810327785,1.040355212935463,26.004752109758815,-0.09200112071174016,0.08940495020573146,-0.007747232394907337,0.002035708999756025,1
11.298445224761963,-0.016092656180262566,-0.08999995142221451,0.3835955560207367,-0.007734701509870483,0.006368379567240614,0.0020257178650425075,0.02246031243827673,-0.027904938377863342,0.009263925919375637,0.04528610780835152,0.004197422415018084,0.01834481582045555,0.38074409223841554,1.0449805206582259,26.004020803058815,-0.09128231329815531,0.08030497641872306,-0.005083672151707189,0.0008274560004792875,1
11.308622121810913,-0.01608962193131447,-0.08994050323963165,0.3835736811161041,-0.006181989334591412,0.013975293373553634,0.0011468760236741902,0.023208310385061992,-0.027825089092953448,0.009676077013874629,0.06661543250083923,0.03281719237565994,0.02550723776221275,0.37802698080487923,1.0338190089631452,26.00629416172903,-0.10322396525142849,0.0654956300398513,-0.005267749168672928,0.002640358999997261,1
11.318636894226074,-0.016023842617869377,-0.0899074450135231,0.3835781216621399,-0.0034228014022998623,0.006146896615713742,0.003806328173849409,0.02382911152985523,-0.027736741559710065,0.00968706904098493,0.05993962287902832,0.04736904427409172,0.01110831275582313,0.3677118955974788,1.0452514738558438,25.999501110432853,-0.10276769089047601,0.05742172666234528,-0.0037453829707444312,0.0008370950017706491,1
11.328603029251099,-0.01601455733180046,-0.08986333012580872,0.38357117772102356,-0.010618176331963674,0.014156592062620014,0.00027647880142366585,0.024484986109629236,-0.026952957255227616,0.009877249538805088,0.06747724860906601,0.028888260945677757,0.004199185408651825,0.3785033862680663,1.0364514594065308,26.007718001240537,-0.10757960041049341,0.06495378206296874,-0.00272023626625362,0.0023916409991215914,1
11.338694334030151,-0.01597684621810913,-0.08980762213468552,0.38356107473373413,-0.002431551255682238,0.008517103252065535,0.0031248685215998525,0.025254018245920662,-0.026773264004348984,0.00991125954153338,0.08048754930496216,0.0696163922548294,-0.0004346614587120797,0.3849894850272716,1.0311061771180103,26.00893695805464,-0.10768409287478153,0.06505538742730135,-0.002488875959079538,0.0010799470001074951,1
11.34843921661377,-0.015945542603731155,-0.08977337926626205,0.3835577368736267,-0.009328620522731453,0.010810905123090417,0.0010814755269730554,0.02615213090293711,-0.025535022820163622,0.009790459887687675,0.058541104197502136,0.06222919374704361,-0.008211796171963222,0.3790760852490961,1.0384433269328868,26.006855564779396,-0.1072375741889965,0.045873343714939896,-0.0010599651149108228,0.0024688200010132277,1
11.358628749847412,-0.01592908799648285,-0.08970645070075989,0.3835386037826538,-0.00442276197281815,0.011379842643449349,-4.47428882493313e-06,0.026871912363671147,-0.02499483100202804,0.009709291096331008,0.07588233053684235,0.06919535249471664,-0.014453692361712464,0.37564667582144895,1.042687114748474,26.006556711178632,-0.10845765565947607,0.043851164020401706,-0.0007281050673704466,0.0010117779984284425,1
11.368588209152222,-0.015813935548067093,-0.0895828977227211,0.3835087716579437,-0.006566565963248792,0.012142673129084432,-0.0009556131302000132,0.027624513794332284,-0.024006304555855174,0.009423002018013715,0.06561175733804703,0.08992870897054672,-0.013801150023937236,0.36053207729790226,1.0472745903596126,26.009419768849977,-0.11909766311951325,0.038321206169759786,7.436159636032126e-05,0.002636657000039122,1
11.378612279891968,-0.015813935548067093,-0.0895828977227211,0.3835087716579437,-0.006566565963248792,0.012142673129084432,-0.0009556131302000132,0.027624513794332284,-0.024006304555855174,0.009423002018013715,0.06561175733804703,0.08992870897054672,-0.013801150023937236,0.35181456505630326,1.0489088854013828,26.012399490368225,-0.11626866110994784,0.025280898350703046,0.00023551458218428224,0.0008120910006255144,1
11.388585090637207,-0.01573670655488968,-0.08942361921072006,0.3834880292415619,-0.007706877329981291,0.012446139922647153,0.0018170308568541667,0.029161912584907412,-0.022139037310768384,0.008870449585935969,0.06506651639938354,0.07665494084358215,-0.031298611313104636,0.3351729757609399,1.0507406922267364,26.009745928433514,-0.11541349598617798,0.029542586638908113,0.0016086751563869814,0.002497386998584261,1
11.398622751235962,-0.01573670655488968,-0.08942361921072006,0.3834880292415619,-0.007706877329981291,0.012446139922647153,0.0018170308568541667,0.029161912584907412,-0.022139037310768384,0.008870449585935969,0.06506651639938354,0.07665494084358215,-0.031298611313104636,0.3345462296950965,1.052540448125875,26.005114406683944,-0.12042186795886363,0.02649716041846239,0.002550637031839868,0.0009577880009601358,1
11.408443927764893,-0.01571059226989746,-0.08933715522289276,0.3834790885448456,-0.001550225568342382,0.012387247741360076,0.002340535455359263,0.029399197580382452,-0.021496049837670395,0.00862483955965887,0.036834899336099625,0.06717625260353088,-0.028962027281522758,0.3190356189217363,1.0515619133936553,26.003236057928948,-0.10721237435629406,0.02875360998050488,0.002525981328252039,0.0025890230008371873,1
11.418614387512207,-0.015628524124622345,-0.08926460891962051,0.3834807872772217,0.00045836719227159464,0.011991324831291178,0.0030052494385602543,0.030020801963102528,-0.02084001637288413,0.00794680373955714,0.05732113495469093,0.07475022226572037,-0.031226610764861117,0.3021107692760998,1.0547147804075203,26.00113626662621,-0.11898978359552838,0.02296478185888641,0.002927774262697182,0.0008010550009203143,1
11.428614616394043,-0.015574651770293713,-0.0891757607460022,0.38346734642982483,-0.001042141355523277,0.012174034487870395,0.0009274371822917719,0.0304727297962768,-0.019876971184860093,0.007680647131073748,0.03563985973596573,0.07277738302946091,-0.044864356517791755,0.2932191166960448,1.0556694160179365,26.006343383255302,-0.10974862733934332,0.0212294675949445,0.004495826264139894,0.002406378000159748,1
11.438589096069336,-0.015491383150219917,-0.0891043096780777,0.38346636295318604,0.0003867661528681138,0.00986232049461758,0.0021450990015886265,0.030717395758512733,-0.019494916257183803,0.007110113154979114,0.028493626043200493,0.04325971379876136,-0.05430595576763154,0.28537272399774444,1.0609629075419145,26.00389206211888,-0.10701944120331518,0.03467998245594296,0.0059298128339626,0.0007963059997564415,1
11.448467016220093,-0.015439944341778755,-0.08902116864919662,0.38346120715141296,-0.0026524195073168375,0.01192617602204109,0.0008016557839641967,0.03124848487381149,-0.01889218524264269,0.006682029807544065,0.04717472195625305,0.05657656863331794,-0.06299138069152832,0.28059215801477894,1.0641733174782344,26.0035262669799,-0.10695267963785202,0.034936279468721985,0.006253916901288868,0.0031720220013085054,1
11.458352327346802,-0.015353197231888771,-0.08894145488739014,0.3834632337093353,0.005286604159222708,0.007880617860226244,0.0027127529266813225,0.03161099820152824,-0.018267467251004366,0.005557738652057775,0.01911809854209423,0.05823674798011779,-0.06450772285461427,0.28189721622216624,1.0642733873779873,26.006935664556273,-0.11753468813259996,0.026829121417503952,0.007365084696459695,0.000991662998785614,1
11.4685800075531,-0.015263759531080723,-0.08886617422103882,0.3834620416164398,-0.0008734178289730856,0.013225242494543231,0.0006785221752536221,0.03188808222217432,-0.017827861813281665,0.005093634388715795,0.02595278061926365,0.019508985802531235,-0.06926589459180832,0.2617778384070434,1.0713297813002252,26.002461710261624,-0.10527242169202651,0.023301405150347544,0.007972842964854353,0.002694629001780413,1
11.478556632995605,-0.015263759531080723,-0.08886617422103882,0.3834620416164398,-0.0008734178289730856,0.013225242494543231,0.0006785221752536221,0.03188808222217432,-0.017827861813281665,0.005093634388715795,0.02595278061926365,0.019508985802531235,-0.06926589459180832,0.26578454500339166,1.064877707321985,26.00716399556719,-0.10872205212618306,0.041913043863927246,0.008641647899554511,0.0007926739999675192,1
11.488701105117798,-0.01504660677164793,-0.08858958631753922,0.3834277391433716,0.006614502521192226,0.011801805348431596,0.0020946934706274657,0.03203335868536872,-0.017500579827233853,0.002998312792408253,-0.002176369773223996,0.014922114089131347,-0.07602439820766449,0.2643149748023968,1.0664134462263217,26.005991519402507,-0.1044948641464684,0.03673265070981532,0.010216710058021107,0.002850245000445284,1
11.498614072799683,-0.01504660677164793,-0.08858958631753922,0.3834277391433716,0.006614502521192226,0.011801805348431596,0.0020946934706274657,0.03203335868536872,-0.017500579827233853,0.002998312792408253,-0.002176369773223996,0.014922114089131347,-0.07602439820766449,0.24778535761624595,1.0617501012561248,26.004222947127687,-0.09535688860523,0.042738624362947834,0.010234432005098179,0.0008875929997884668,1
11.508669137954712,-0.01481393538415432,-0.0884186252951622,0.3833959698677063,0.0055525326183463435,0.012299624280607595,-0.0016693685078281223,0.031967938622219805,-0.017230821185021394,0.001065886623693224,-0.028370393440127373,-0.020349819213151942,-0.09042716771364212,0.2373980017472467,1.0714297147836573,26.007845572749837,-0.10444403302675268,0.05274479886591818,0.013533862351651422,0.0025784070003282977,1
11.518666505813599,-0.01481393538415432,-0.0884186252951622,0.3833959698677063,0.0055525326183463435,0.012299624280607595,-0.0016693685078281223,0.031967938622219805,-0.017230821185021394,0.001065886623693224,-0.028370393440127373,-0.020349819213151942,-0.09042716771364212,0.23520186008052782,1.0618412451213628,26.014601991671263,-0.0821262366929434,0.05996580029967648,0.012798792367314932,0.0008040579996304587,1
11.528672933578491,-0.014702565968036652,-0.08833509683609009,0.3833695650100708,0.00831148214553379,0.005715072619980373,1.4322423795872848e-05,0.03178204070902879,-0.017565524050559223,-3.433554994902721e-05,-0.021356023848056793,-0.016905959695577632,-0.09887012839317322,0.2268286315312792,1.0705752931642256,26.011173406580028,-0.08537789963659588,0.059021268383564404,0.013753579333086324,0.0024388559995713877,1
11.538641452789307,-0.014604846946895123,-0.08826261758804321,0.38334640860557556,0.0038147706078129335,0.013617979363254009,-0.0018952818288451795,0.031802975175142745,-0.01745915725633429,-0.001140713608434929,-0.021257728338241577,-0.006757238414138569,-0.1136842593550682,0.23044018656133658,1.058130978362768,26.01588849861621,-0.08476643377215513,0.05402573193110038,0.015756334513277296,0.0008022430010896642,1
11.548640251159668,-0.014489700086414814,-0.0881468653678894,0.3833189308643341,0.011088129133215106,0.010533244347899401,0.00045099911120093756,0.03134397821096391,-0.017959309893243347,-0.0023579815090122302,-0.04209526628255844,-0.005748724099248662,-0.11648445576429367,0.21571699006044948,1.0536499193969924,26.010661312132026,-0.07346224858909052,0.05415639426141178,0.016725662338813462,0.002443326000502566,1
11.558656454086304,-0.014359959401190281,-0.08807344734668732,0.38329756259918213,0.006965147332447699,0.010892502962507324,4.0819332874162845e-06,0.03100874721104141,-0.017690161407818206,-0.0036260196409387824,-0.02992776408791542,-0.02883248776197435,-0.12388458847999573,0.21695980734218892,1.0504379295591677,26.011068611558457,-0.07878460746281009,0.06566720429260542,0.017778074633149996,0.0008102049996523419,1
11.568650245666504,-0.014227115549147129,-0.0879584476351738,0.3832605183124542,0.013829346748911222,0.012535138973533758,0.0017150386180144834,0.030530980084944037,-0.018385404761662727,-0.005440122128996805,-0.04960344731807709,-0.02485314756631853,-0.1357298344373703,0.201829929832705,1.0409987650721382,26.006959077015175,-0.06780992973409664,0.06385117120855562,0.019547179631792425,0.0024343169989151647,1
11.578639268875122,-0.014227115549147129,-0.0879584476351738,0.3832605183124542,0.013829346748911222,0.012535138973533758,0.0017150386180144834,0.030530980084944037,-0.018385404761662727,-0.005440122128996805,-0.04960344731807709,-0.02485314756631853,-0.1357298344373703,0.19231653113989872,1.0351311965245598,26.00648220605732,-0.06699478378426806,0.06480945354535116,0.020162714451815618,0.0008060840009420644,1
11.588641881942749,-0.013837875798344612,-0.08765269815921783,0.3831716477870941,0.011848581959841762,0.007094440503405691,0.0004348492240580463,0.029129017849461647,-0.019264051295002194,-0.008853337113583493,-0.06523088365793228,-0.05412336811423303,-0.13559742271900177,0.19706695033916274,1.0271726661967655,26.01453702120607,-0.06169348762391908,0.07073240323113487,0.019698560782738295,0.00293475699982082,1
11.598616361618042,-0.013837875798344612,-0.08765269815921783,0.3831716477870941,0.011848581959841762,0.007094440503405691,0.0004348492240580463,0.029129017849461647,-0.019264051295002194,-0.008853337113583493,-0.06523088365793228,-0.05412336811423303,-0.13559742271900177,0.19596154441593974,1.0338632291870784,26.011404171582104,-0.0556356149767045,0.08224863827607352,0.020721457009659813,0.0007970740007294808,1
11.608644247055054,-0.013563084416091442,-0.08740198612213135,0.3831195533275604,0.01418164838248532,0.010688518171537863,0.00044515656959902007,0.02769765988076056,-0.01984609079321542,-0.011795003582675267,-0.062301650643348694,-0.046277042478323004,-0.14335179328918457,0.19462514459700997,1.0187086730589168,26.014617448533155,-0.043451286546432225,0.06860155585474613,0.02252118708266558,0.002512262999516679,1
11.618647575378418,-0.013563084416091442,-0.08740198612213135,0.3831195533275604,0.01418164838248532,0.010688518171537863,0.00044515656959902007,0.02769765988076056,-0.01984609079321542,-0.011795003582675267,-0.062301650643348694,-0.046277042478323004,-0.14335179328918457,0.18776869186949535,1.016361198261735,26.011878872378674,-0.0523158615526681,0.07971183865632377,0.022725285988518393,0.0009070799987966893,1
11.628622770309448,-0.013436486944556236,-0.0872843861579895,0.3830980360507965,0.009260511967492169,0.011213864192772873,-0.000816834418225981,0.026873815560295,-0.019971670166172295,-0.01337823569876484,-0.08047216385602951,-0.03287276253104212,-0.15227103233337402,0.19321072079399565,1.010234069955018,26.01495704499304,-0.04101750270575359,0.07404916621374845,0.024009323292642312,0.002437179999105865,1
11.638471841812134,-0.013335335068404675,-0.08713759481906891,0.383066326379776,0.01115800161312656,0.013621275309587151,4.2815755879655826e-05,0.02604735347682796,-0.020562426204347783,-0.014829837543730129,-0.08652853220701218,-0.037332266569137594,-0.14996598660945892,0.1930060638206842,0.9976873316486364,26.013470481568078,-0.03522958322219694,0.07767792733987594,0.024292619239232427,0.0007909269988886081,1
11.648638010025024,-0.013211513869464397,-0.08700582385063171,0.3830476403236389,0.010529976345325745,0.011425212018136177,0.00017011931673355628,0.02542669880755355,-0.021002917918351294,-0.016645693146280838,-0.06601301580667496,-0.042361777275800726,-0.16189682483673096,0.1945162535433568,0.9949278965660946,26.012981191833855,-0.04375895678826356,0.08152447620229401,0.025967752939193713,0.002479435999703128,1
11.658421993255615,-0.013098838739097118,-0.08684326708316803,0.38301944732666016,0.011689158156569538,0.01881213672455514,-0.00019597896595768707,0.024619616417187018,-0.021421552415687106,-0.018313646783296722,-0.09297221153974533,-0.03719432279467585,-0.1685589849948883,0.195420275193893,0.9932370202220078,26.01291030347898,-0.04389858008285357,0.08159945958144883,0.026350840432181846,0.0010082160006277263,1
11.668580532073975,-0.012964993715286255,-0.08665632456541061,0.3829955458641052,0.014468647546679864,0.014960193998071311,0.0009770381901301175,0.02329528890960475,-0.022040041279151712,-0.020819733061166357,-0.07416453212499619,-0.040221914649009725,-0.17173437774181366,0.19322966461521254,0.9704350207023988,26.014285744424214,-0.02751270590660349,0.08011046277087466,0.027429117636620152,0.002972544001750066,1
11.678601741790771,-0.012849116697907448,-0.08648288995027542,0.38297340273857117,0.011807571189012944,0.016572311503920828,-0.0005900354182176772,0.022611622004251597,-0.02251701036638787,-0.02255998437758855,-0.08178316056728363,-0.042476512491703054,-0.18345127999782562,0.19259398494989172,0.9569759198849508,26.015850036213063,-0.028219181470936758,0.08515068855548694,0.029807989057899244,0.0007940699997561751,1
11.688523530960083,-0.012603141367435455,-0.08606737107038498,0.38294875621795654,0.010835187538412672,0.01673704383480718,0.0009769794306645299,0.02177687055156463,-0.02284797163652552,-0.024394612085837597,-0.08680254220962524,-0.03582013770937922,-0.18160109221935272,0.1918901940493385,0.9485193954225115,26.016157910355805,-0.027307159984403966,0.08590371528503322,0.030559668641688884,0.002745056999629014,1
11.698625802993774,-0.012603141367435455,-0.08606737107038498,0.38294875621795654,0.010835187538412672,0.01673704383480718,0.0009769794306645299,0.02177687055156463,-0.02284797163652552,-0.024394612085837597,-0.08680254220962524,-0.03582013770937922,-0.18160109221935272,0.19203237543296464,0.9386032521369664,26.012293727714887,-0.022373711770777547,0.08363405348358824,0.030855995772195905,0.0010517999999137828,1
11.708971500396729,-0.012513934634625912,-0.08585178107023239,0.38293978571891785,0.009601343451589448,0.01999097502080512,0.0009820897012283744,0.020426484043217563,-0.023598234004398755,-0.028116703378239016,-0.07905532419681549,-0.0363426059484482,-0.1811794936656952,0.19550604254625914,0.9218374132123297,26.011932363395605,-0.021925740671281217,0.0861419253051806,0.03153085738828826,0.002605646001029527,1
11.718633890151978,-0.012413045391440392,-0.08561011403799057,0.38293221592903137,0.01328896552857559,0.01950462529292864,-0.00012719898163661392,0.019581251727442073,-0.02400646860241107,-0.030984563617991512,-0.05773012712597847,-0.03019555844366553,-0.18945430219173431,0.19761281582221674,0.9117086054879686,26.011884723331892,-0.021963231988990813,0.08617638877704967,0.03168637290834741,0.00113281999983883,1
11.728577613830566,-0.012232573702931404,-0.08512841910123825,0.3829047679901123,0.011849946404449857,0.024194210733510177,0.0006436056605728379,0.018961694430574827,-0.024522179843406544,-0.03283424001352353,-0.054341547191143036,-0.033442195504903814,-0.18668758869171143,0.1897700624948382,0.9054888756312046,26.01494295590224,-0.030130278963623268,0.08391688186707161,0.03315073147556678,0.002433687999655376,1
11.738653182983398,-0.012232573702931404,-0.08512841910123825,0.3829047679901123,0.011849946404449857,0.024194210733510177,0.0006436056605728379,0.018961694430574827,-0.024522179843406544,-0.03283424001352353,-0.054341547191143036,-0.033442195504903814,-0.18668758869171143,0.1888093516482679,0.8876814707523187,26.01360596561784,-0.029692914071788718,0.08716368459249862,0.03350289759679062,0.000801753001724137,1
11.748644590377808,-0.012103747576475143,-0.0846167579293251,0.38288024067878723,0.008275013539015955,0.026237307069086693,0.00150452854382493,0.017936963451016474,-0.02490385455685562,-0.03670027657843544,-0.035266242921352386,-0.021609742194414163,-0.19435957074165344,0.19265771028354123,0.8840141789988678,26.014667907760746,-0.018753487044792995,0.08456134507517787,0.034873455595110646,0.0030818510003882693,1
11.75861382484436,-0.012103747576475143,-0.0846167579293251,0.38288024067878723,0.008275013539015955,0.026237307069086693,0.00150452854382493,0.017936963451016474,-0.02490385455685562,-0.03670027657843544,-0.035266242921352386,-0.021609742194414163,-0.19435957074165344,0.19699652438133616,0.8672751219286999,26.011435083445054,-0.03584286483822932,0.08266714774241718,0.035423352000663606,0.0008281549999082927,1
11.768645763397217,-0.012040747329592705,-0.08431604504585266,0.3828701972961426,0.010273048760998485,0.02243319707097734,0.0005917144841380857,0.01751816340339385,-0.025002485400010155,-0.038712689989622184,-0.04537944868206978,-0.009830038994550728,-0.18178074061870575,0.19343191054327424,0.8627252455626715,26.013463358749803,-0.030236280158354664,0.0768919394203334,0.03455688913256324,0.0024836270004016114,1
11.778648138046265,-0.01201118715107441,-0.0840546265244484,0.3828642666339874,0.003913331766136368,0.02473807335126697,0.0012619350979813306,0.01708109316082318,-0.02500402392220824,-0.04142750407993745,-0.02234460599720478,-0.00743881938979032,-0.19233667850494385,0.20479914952291944,0.8550604224660115,26.011934793838517,-0.04011743808276885,0.07618215566153408,0.03598512729691805,0.0008114619995467365,1
11.788649082183838,-0.01199499610811472,-0.08371849358081818,0.382855623960495,0.009420322307069046,0.028889747317013544,0.0005789795856649293,0.016943991701583894,-0.025034562716883535,-0.04334106988560471,-0.017656171694397926,0.0077636460773646615,-0.18008928000926971,0.19790105768853075,0.8391361802837511,26.013683890212654,-0.04173104874237955,0.06818300267647835,0.03535762069040285,0.0024414399995293934,1
11.798674583435059,-0.011967994272708893,-0.08344923704862595,0.3828544616699219,0.003681544025433917,0.01966198346338179,0.0020138058103820523,0.016782193213639385,-0.02469972084372829,-0.04507486526110771,-0.019489509984850883,0.02056063711643217,-0.1816062331199646,0.2031480531706368,0.8493979211897142,26.009995278234477,-0.04132666121340503,0.06120883359087245,0.035684775117099804,0.0008257110002887202,1
11.808651208877563,-0.011996476911008358,-0.08312776684761047,0.3828493356704712,0.004800603823036507,0.03180532900646478,0.0005480355324176174,0.016832474238840156,-0.024647085293023174,-0.04689055871964776,0.007206353358924389,0.03640832006931303,-0.171004056930542,0.20354861331567015,0.8296919414512139,26.01337882135801,-0.053359528954032426,0.053055658630335296,0.03476618014729022,0.0024604379996162606,1
11.818675756454468,-0.011990667320787907,-0.08282411098480225,0.38285335898399353,0.0044218469669198195,0.02007460220813764,0.002986214601965709,0.016842987021400635,-0.023839570901848628,-0.0493972774338034,-0.001741301966831088,0.045888464897871,-0.1681569218635559,0.20393487380599726,0.8169897066602,26.013914227364086,-0.053682010689030564,0.05285779021551165,0.03476826034243865,0.0010365029993408825,1
11.828567743301392,-0.01204628124833107,-0.0825209766626358,0.3828597664833069,-0.0006428272614978684,0.0313627235565505,0.0017430391502312557,0.017054788641114982,-0.023824946140765135,-0.051068758671146686,0.01591593399643898,0.04056005552411077,-0.16447992622852325,0.2130601542223634,0.8103356872052301,26.010709062633747,-0.058394413067154934,0.04895403067941994,0.03461314679946889,0.0024216040001192596,1
11.838646650314331,-0.01204628124833107,-0.0825209766626358,0.3828597664833069,-0.0006428272614978684,0.0313627235565505,0.0017430391502312557,0.017054788641114982,-0.023824946140765135,-0.051068758671146686,0.01591593399643898,0.04056005552411077,-0.16447992622852325,0.21876388125996654,0.8055799042639281,26.010216099699015,-0.05877924197569068,0.04884682094694966,0.034773496802319386,0.0007865970001148526,1
11.8484365940094,-0.01221925113350153,-0.08150191605091095,0.38284429907798767,0.003622943471803048,0.029776075828412074,0.00028869254218814806,0.017606683311563565,-0.022481211704133752,-0.05414671512565894,0.018210509791970253,0.0618491545319557,-0.154039666056633,0.2227200143745757,0.8094852557990673,26.014032097200964,-0.06751354868135397,0.0413369920238794,0.03442835979265141,0.0026801710009749513,1
11.858598709106445,-0.01221925113350153,-0.08150191605091095,0.38284429907798767,0.003622943471803048,0.029776075828412074,0.00028869254218814806,0.017606683311563565,-0.022481211704133752,-0.05414671512565894,0.018210509791970253,0.0618491545319557,-0.154039666056633,0.2100770139348932,0.8057842454192693,26.014591975950314,-0.061665801619122135,0.03384037269266369,0.03417871344011546,0.0008665700006531551,1
11.868573665618896,-0.012361593544483185,-0.08082418143749237,0.3828284740447998,-0.00041125417685948144,0.03128628060216528,-0.0018544044827562072,0.01834342370889397,-0.02126209823681746,-0.057060083077999035,0.037149883806705475,0.07130338996648787,-0.1390470713376999,0.21000004815473106,0.8160878748001631,26.013559481248464,-0.07345426568813529,0.04326003822088394,0.0339230298880476,0.002476153000316117,1
11.878348588943481,-0.012361593544483185,-0.08082418143749237,0.3828284740447998,-0.00041125417685948144,0.03128628060216528,-0.0018544044827562072,0.01834342370889397,-0.02126209823681746,-0.057060083077999035,0.037149883806705475,0.07130338996648787,-0.1390470713376999,0.20856850409426558,0.8078466865993352,26.020074342606488,-0.07300689499525062,0.026123713958170848,0.03298455239797655,0.0008162819995050086,1
11.88871145248413,-0.012425564229488373,-0.08047080785036087,0.3828238844871521,0.0014684263140220665,0.025320736666081478,0.0013454830846953755,0.01885562162817278,-0.02033526815040876,-0.05922403281447686,0.03925243020057678,0.07102086395025252,-0.12973646819591522,0.1995933717353748,0.8157060424245861,26.012568426790846,-0.0760944714832549,0.023101530069134072,0.03216605057831914,0.0024192990003939485,1
11.898608684539795,-0.01253907848149538,-0.08011500537395477,0.3828103840351105,-0.004783441515901109,0.03153835985737638,-0.002523433812852896,0.019446575783516273,-0.01969141455217782,-0.06034715671071034,0.05411414057016373,0.042379815131425844,-0.12537463009357452,0.2113251510376612,0.8090619589853537,26.021600967382252,-0.08459074330664289,0.03616973564917164,0.03168867696365332,0.0008966730001702672,1
11.908592462539673,-0.012656603008508682,-0.07973282784223557,0.38280391693115234,0.00017253339149615353,0.027611654251491723,0.0015058076260440149,0.019826096142633087,-0.01950178074287834,-0.06175739813755632,0.04058893769979477,0.059357248246669755,-0.12914659082889557,0.20395818622240125,0.810789322345638,26.012384090317962,-0.07948572275218445,0.026847457952896517,0.03224099942746772,0.002559408998422441,1
11.91882061958313,-0.012792330235242844,-0.07939004898071289,0.3828071057796478,-0.007578222525667969,0.02910552919372421,0.0007245602953908314,0.02071346869345181,-0.018796420817775772,-0.06339295949940826,0.0654638409614563,0.03333822265267371,-0.11292190849781036,0.21806848897477424,0.8134871194514378,26.01286821262363,-0.09292491124838308,0.039404446269482474,0.03071801957010492,0.0013502479996532202,1
11.928470134735107,-0.012938080355525017,-0.0789969190955162,0.3828088343143463,-0.0004408592504658186,0.029774555927412454,0.0010948797906496395,0.02138795731176124,-0.018365140483525,-0.06472270884933984,0.06198108196258545,0.0460330657660961,-0.11627649515867233,0.22701054476936172,0.8141900744582763,26.012925122611843,-0.09434300999776454,0.038623763404264815,0.030554333504827794,0.0010683519994927337,1
11.938491582870483,-0.013049296103417873,-0.07864893972873688,0.38282763957977295,-0.004725466848770402,0.02513449454065265,0.0023263399780199924,0.022126889404516348,-0.018036029247710417,-0.06557539091211995,0.0674344152212143,0.00883066840469836,-0.10053955018520355,0.22567133546285284,0.8244373651098631,26.00857606996124,-0.09873915341466427,0.048823556638068366,0.029465780903491813,0.0016062309987319168,1
11.948498249053955,-0.013049296103417873,-0.07864893972873688,0.38282763957977295,-0.004725466848770402,0.02513449454065265,0.0023263399780199924,0.022126889404516348,-0.018036029247710417,-0.06557539091211995,0.0674344152212143,0.00883066840469836,-0.10053955018520355,0.22518084675154465,0.8297290629897287,26.007871093271653,-0.09978702363024429,0.048555431252495826,0.02931181679569063,0.0018061980008496903,1
11.958492994308472,-0.013361217454075813,-0.07790211588144302,0.38288232684135437,-0.004728989200768594,0.024384682999010095,0.004438459876032142,0.02301795809953333,-0.017996998789498342,-0.06679260348486649,0.09047834575176239,-0.001006624544970704,-0.10429425537586212,0.22629799627060143,0.8352351440859781,26.001899428410262,-0.11383473096141503,0.053340824553692406,0.02990608352087533,0.001824707000196213,1
11.968469142913818,-0.013565552420914173,-0.0775330662727356,0.3829130232334137,-0.01016431857848697,0.031023155905384493,0.002102900071124697,0.02380198460482985,-0.017556323540274477,-0.06763682676670602,0.07521636039018631,0.018535055220127092,-0.10279884189367294,0.238880953300269,0.8238052499230185,26.007039230716575,-0.10810969352021876,0.04299044319514127,0.030013935006279534,0.0008327649993589148,1
11.97862696647644,-0.013750510290265083,-0.0771581307053566,0.38295915722846985,-0.005835850776950482,0.02358760497807534,0.0067241629414885075,0.024620885731966524,-0.018194204577357986,-0.06858162187451011,0.09399144351482391,-0.014651348814368258,-0.08538628369569778,0.23967564671062558,0.8341719174324823,25.995336095265,-0.1204054333951359,0.06074388430802716,0.02834297033450949,0.002435084999888204,1
11.988503217697144,-0.013972346670925617,-0.0768066868185997,0.38301196694374084,-0.013622669405646267,0.02936671305572551,0.0031427424648945105,0.025714054491691396,-0.01796124075975447,-0.06954621763656332,0.10138997435569763,-0.014071366749703895,-0.08651784062385559,0.2596766864870346,0.8311388170838079,26.00271089980132,-0.12686284015613045,0.06088618041129164,0.028234618281729292,0.0008477110004605493,1
11.998617172241211,-0.014176826924085617,-0.0764063149690628,0.38306283950805664,-0.0034843154473043693,0.02523819915973287,0.006172801842709309,0.027193969061573675,-0.018531373413795293,-0.070871013853254,0.10122852027416229,-0.011020055040717135,-0.0915544182062149,0.24897521658865643,0.8382165630105952,25.99560397662682,-0.1315253252151392,0.05995661621030873,0.02901102814851653,0.0028639339998335345,1
12.008671045303345,-0.014351035468280315,-0.07607349008321762,0.3831309676170349,-0.008973920703027128,0.023664603013969207,0.0044358857022566795,0.028504177601241132,-0.018390324381240664,-0.07154219045808174,0.12575067579746246,-0.024071395397186286,-0.06743074208498001,0.2567031468837372,0.8512510719733042,25.99862954026563,-0.14764424933633016,0.06666614627148001,0.02670989897271321,0.0023623059987585293,1
12.018617630004883,-0.014561932533979416,-0.07570455968379974,0.3831753134727478,-0.004801488549373301,0.0261247381513895,0.004470049377866752,0.029542295466022495,-0.01904282406819302,-0.07215864939379868,0.10912178456783295,-0.03534699976444245,-0.06995128095149994,0.2554961967655179,0.8523143810587999,25.998867328877505,-0.14238307904432118,0.07390198669548774,0.026547859342739805,0.0008018230000743642,1
12.028619050979614,-0.014737957157194614,-0.07538644224405289,0.3832378387451172,-0.00906369447174017,0.016753478033941654,0.006546959329627411,0.03133198863361564,-0.01925146706099712,-0.07303173757899861,0.12899281084537506,-0.058245390653610236,-0.04505325481295585,0.26529002699555715,0.8800469290597746,25.992966386152805,-0.15571839647769145,0.08618139358924032,0.023875585212111257,0.0008386320005229209,1
12.038612127304077,-0.015019937418401241,-0.07505273073911667,0.3832801878452301,-0.017917647951879688,0.02673348039745981,0.0014709110852666547,0.03266823929228657,-0.02037173372801604,-0.07375858998728546,0.12630043923854828,-0.03688606247305871,-0.07334263622760773,0.27159349337635863,0.8958104234348844,25.99185783313799,-0.15833255934653273,0.08666027234698857,0.023362732890777674,0.0010058409989142092,1
12.048632621765137,-0.01527000218629837,-0.07471486181020737,0.3833368718624115,-0.010466806460250569,0.015441564909977152,0.006181423125498332,0.03374277184237284,-0.020049475417229345,-0.0743397628973903,0.11020460724830627,-0.04262578487396241,-0.048427153378725045,0.28034705187484676,0.9110051449986152,25.99220042840739,-0.15464546911466598,0.08173908041137463,0.023772759323776035,0.0008020330005820142,1
12.058621644973755,-0.01527000218629837,-0.07471486181020737,0.3833368718624115,-0.010466806460250569,0.015441564909977152,0.006181423125498332,0.03374277184237284,-0.020049475417229345,-0.0743397628973903,0.11020460724830627,-0.04262578487396241,-0.048427153378725045,0.2863164748227127,0.919291674949446,25.992055141096124,-0.15603027823566717,0.08119091885582568,0.023930300776815648,0.0008022419988265028,1
12.068624019622803,-0.015767453238368034,-0.07409802079200745,0.3834170699119568,-0.006172592186977262,0.013706341417012314,0.0034794856690795644,0.03499197394039655,-0.02084777490043832,-0.07480616193381051,0.1314408779144287,-0.06040815636515618,-0.04948941618204116,0.28584731075278635,0.9307577913083827,25.99873553251104,-0.17028438759765216,0.09195478438289727,0.024168519945788728,0.000809785999081214,1
12.078676223754883,-0.016367262229323387,-0.07353761047124863,0.3834717273712158,-0.015682896370528245,0.019049309366007478,0.0007157686046469737,0.03731225999408361,-0.021921198254928775,-0.07527634504542524,0.1212804764509201,-0.03158597648143768,-0.02486404404044151,0.32371955723976975,0.9400409477646764,26.005959297023196,-0.16766766597204127,0.09167101526042028,0.02395828885831129,0.0031514170004811604,1
12.088366270065308,-0.016367262229323387,-0.07353761047124863,0.3834717273712158,-0.015682896370528245,0.019049309366007478,0.0007157686046469737,0.03731225999408361,-0.021921198254928775,-0.07527634504542524,0.1212804764509201,-0.03158597648143768,-0.02486404404044151,0.33447565182423755,0.9360363595820137,26.007562824362623,-0.17157566007357306,0.08181591207415276,0.0216141654249634,0.0008285039984912146,1
12.098646402359009,-0.01664181426167488,-0.07330729067325592,0.38351187109947205,-0.018444249319067435,0.0067585005762066525,0.001678786796156496,0.038719409875627164,-0.022656485587235764,-0.07602577061509708,0.12482501566410065,-0.08469440788030624,-0.03201633319258689,0.35223470468955037,0.9646670892311923,26.0046125032412,-0.17873876626168198,0.11039523462729493,0.021928337432882385,0.0024806929995975224,1
12.10873293876648,-0.01697651855647564,-0.07305478304624557,0.3835231065750122,-0.019533284007038194,0.01717151701605193,-0.0004847005763841656,0.04023573187662732,-0.023422472018529206,-0.07613367073320187,0.09927821904420853,-0.0675688087940216,-0.02578557096421718,0.36954720121693907,0.9596134355491264,26.00989824274954,-0.16949730498051882,0.1047388868127368,0.021322168696310585,0.0008245919998444151,1
12.118672132492065,-0.017261359840631485,-0.07282541692256927,0.38354647159576416,-0.015103113838009762,0.002729922763121233,0.0029154396622570493,0.04122330698547039,-0.023751485257539784,-0.07655364564859335,0.10609034448862076,-0.05885961279273033,-0.025683218613266938,0.3677063192999311,0.9895575904359787,26.001227054033023,-0.1769370858959263,0.10067974737370138,0.021289211809949932,0.0016927699998632306,1
12.12856650352478,-0.01759960502386093,-0.07265186309814453,0.3835715353488922,-0.026222374293412915,0.011614082374613402,0.00015676999512766434,0.04233852451889364,-0.02423885489174271,-0.07648095108815589,0.08626177161931992,-0.05277474969625473,-0.018454236909747117,0.39647765168437193,0.9906707054980908,26.00698752652749,-0.16959868880041395,0.10015746653159063,0.020448419769984755,0.000818934999188059,1
12.138660907745361,-0.017937878146767616,-0.07241595536470413,0.38358354568481445,-0.016425484753667827,0.005412605695701064,0.0011609822821207734,0.04325790815988162,-0.024988478926884827,-0.07679782691789372,0.07026978582143784,-0.026069380342960358,-0.0021453776862472265,0.41385799983644395,0.9913463256010818,26.007805131660767,-0.16947912974688353,0.10006517223811484,0.020261918163946433,0.0030180129997461336,1
12.148726224899292,-0.01824747957289219,-0.07230108976364136,0.38361790776252747,-0.024881446734510218,-0.0007221868604805399,0.001149312197774133,0.04404920056565542,-0.025385782205352925,-0.07663227236442349,0.07071276009082794,-0.024619435891509056,0.00532234972342849,0.40157923635883613,1.003743572610534,26.005157751198137,-0.1646779856480875,0.08797609743776034,0.018577828137401144,0.000941863001571619,1
12.158530712127686,-0.018631618469953537,-0.07212330400943756,0.38362592458724976,-0.024734398283290302,0.006138761751418768,-0.000913585404950714,0.0441878031956322,-0.026008847279386682,-0.07677741174883979,0.03606376424431801,-0.02224554494023323,-0.0029010628350079034,0.41813037582559826,1.0105622990751546,26.00983846286696,-0.15012690101976517,0.08879609429174073,0.01819952434309655,0.0025466279985266738,1
12.168653011322021,-0.018631618469953537,-0.07212330400943756,0.38362592458724976,-0.024734398283290302,0.006138761751418768,-0.000913585404950714,0.0441878031956322,-0.026008847279386682,-0.07677741174883979,0.03606376424431801,-0.02224554494023323,-0.0029010628350079034,0.4289670006517424,1.014340189843205,26.01047317006083,-0.15006140129942444,0.08963343905521048,0.01813662225346632,0.0007988899997144472,1
12.178435325622559,-0.019698750227689743,-0.0718109980225563,0.3837360739707947,-0.021533612183978507,-0.00943647879473341,0.004166032624405503,0.04458249143440085,-0.026637673090729397,-0.07664836989066925,0.005112707614898682,-0.03364124521613121,0.017917618155479435,0.44515171206764925,1.0170218508595195,26.004125598407175,-0.14598410072423743,0.09783376172628307,0.01631954098715092,0.0025199459996656515,1
12.188448190689087,-0.019698750227689743,-0.0718109980225563,0.3837360739707947,-0.021533612183978507,-0.00943647879473341,0.004166032624405503,0.04458249143440085,-0.026637673090729397,-0.07664836989066925,0.005112707614898682,-0.03364124521613121,0.017917618155479435,0.4410442336027633,1.0483366284547866,25.99539625331059,-0.13719064068032405,0.09695262663405452,0.01541779176557688,0.0007845710006222362,1
12.198446989059448,-0.02047497034072876,-0.07172325998544693,0.3838135600090027,-0.022642886405118728,-0.009661778541868636,0.005174811748813473,0.04433889337501418,-0.02701550766670291,-0.07612567049796848,-0.009900745004415512,-0.00838348641991615,0.02856794185936451,0.4666053527388335,1.0584928120536374,26.001410457727538,-0.12718520642108902,0.08415174810697704,0.016409816683580936,0.002479435999703128,1
12.208682537078857,-0.02047497034072876,-0.07172325998544693,0.3838135600090027,-0.022642886405118728,-0.009661778541868636,0.005174811748813473,0.04433889337501418,-0.02701550766670291,-0.07612567049796848,-0.009900745004415512,-0.00838348641991615,0.02856794185936451,0.45850212050057026,1.071615677345092,25.991949578084263,-0.1286047866740249,0.0853381385306344,0.01422530299013669,0.0008207509999920148,1
12.218650341033936,-0.020853618159890175,-0.07176104933023453,0.38387006521224976,-0.034686684672682266,-0.01434069577208047,0.003563971164929329,0.043779509463242494,-0.026486683795033716,-0.07576515535924866,-0.05376123636960983,-0.005103695672005411,0.03681822493672371,0.4810154551372386,1.0881886823742637,25.994280423372448,-0.10577023725260179,0.08338798500762017,0.012711278689162584,0.0026699739992182003,1
12.228709936141968,-0.021291866898536682,-0.07173672318458557,0.38390347361564636,-0.02899960245605459,-0.006876109968569233,0.003855098202603904,0.0432583334315324,-0.027088668743931343,-0.07558239143811551,-0.04885036498308182,0.004366783425211908,0.014965765178203583,0.48516019653469605,1.0793312872604073,25.994058933270008,-0.10557635659377797,0.07972462687111266,0.014714433135257169,0.0007960259990795748,1
12.238624572753906,-0.021667437627911568,-0.07178837060928345,0.38396042585372925,-0.030695511107668622,-0.02275911149994456,0.005597795744372911,0.04272217098732689,-0.026334089386478077,-0.07529256595030631,-0.05170008912682533,0.03008951619267464,0.037954855710268014,0.4876784817663494,1.0739792842035984,25.994035618324357,-0.10559642892048461,0.07965195027774596,0.015168568568444453,0.0030502810004691128,1
12.248659133911133,-0.022113367915153503,-0.07185405492782593,0.3839988112449646,-0.036108110175884674,-0.009930886981572365,0.0031917640869821347,0.04138710960342795,-0.026570542260779373,-0.07470972665401243,-0.08648528158664703,0.024647641927003864,0.02789467759430408,0.5049293873878772,1.071810932536808,25.99558681577032,-0.08370464432228569,0.0684458861433907,0.013775011468397685,0.0007965849999891361,1
12.258635759353638,-0.022520525380969048,-0.07190696150064468,0.38404616713523865,-0.02839631404097094,-0.02464766052184518,0.006488707819430165,0.04089099685024644,-0.0258664565643838,-0.07433127305793708,-0.07072252780199051,0.03607866913080216,0.03978136181831359,0.5163699981410024,1.0709399671318633,25.995674651380362,-0.08150143772649023,0.06854349719369508,0.013399155411606736,0.0029893060000176774,1
12.268693685531616,-0.022943785414099693,-0.0720539316534996,0.38410186767578125,-0.03767486676848752,-0.018442431168688267,0.004817950348975738,0.03975085052970151,-0.0258079856647071,-0.07386256849656547,-0.10224781930446625,0.028755238279700283,0.036549299955368035,0.5015124628635815,1.1019212920515715,25.986649376005115,-0.08915101221619488,0.06003277818908753,0.01205758573059059,0.0010062599994853372,1
12.27862286567688,-0.023790579289197922,-0.0723060742020607,0.3841957151889801,-0.036526799336291785,-0.027443429288161486,0.006156603209406713,0.038780916594151726,-0.025307253709743627,-0.07354991995907056,-0.10162731260061264,0.04924914613366128,0.040685933083295815,0.5176501996200811,1.104002142079995,25.98963510371309,-0.06976321013872688,0.06432518499278744,0.011914909731759188,0.003164826999636716,1
12.288728713989258,-0.023790579289197922,-0.0723060742020607,0.3841957151889801,-0.036526799336291785,-0.027443429288161486,0.006156603209406713,0.038780916594151726,-0.025307253709743627,-0.07354991995907056,-0.10162731260061264,0.04924914613366128,0.040685933083295815,0.5235552899386023,1.1242337194637835,25.986111644604648,-0.06779158329918893,0.05258534319685283,0.011455343648351931,0.0008041279997996753,1
12.298614263534546,-0.024647774174809456,-0.0726008489727974,0.3842632472515106,-0.03684490927205466,-0.03206184869788635,0.004626568800557631,0.035906956038286086,-0.02437753059065839,-0.07251012740597274,-0.1253061294555664,0.04245696216821671,0.03620532900094985,0.5242656197102503,1.112508978046573,25.9910673765243,-0.06144446187421925,0.05386705440577373,0.011018399651320534,0.0025051390002772678,1
12.308390378952026,-0.024647774174809456,-0.0726008489727974,0.3842632472515106,-0.03684490927205466,-0.03206184869788635,0.004626568800557631,0.035906956038286086,-0.02437753059065839,-0.07251012740597274,-0.1253061294555664,0.04245696216821671,0.03620532900094985,0.5301574029695871,1.1332593267136841,25.99041825583788,-0.04804448707793425,0.053112157307506985,0.011506535562492402,0.0008448480002698489,1
12.318620681762695,-0.025117747485637665,-0.07278463989496231,0.3842824697494507,-0.03979326045609398,-0.018827436360087893,0.0028703856922239093,0.03530581282218437,-0.02413907774950763,-0.07221546538905432,-0.10605774074792862,0.04033686220645905,0.04163155704736709,0.5447642073166956,1.1176708006247966,25.995134629118308,-0.05429579152523124,0.053873705710978034,0.010979429256972232,0.002556056000685203,1
12.328645467758179,-0.025537677109241486,-0.07293930649757385,0.3842983841896057,-0.032727431784373,-0.03055319906114817,0.004838771889452625,0.0334475786279973,-0.02384572259031259,-0.07179994606749585,-0.12307852506637573,0.025242874398827556,0.028961207717657086,0.5373629014372756,1.1282649728189003,25.990755188209132,-0.041758044221193134,0.05974406626724566,0.012132910509793812,0.0008449880006082822,1
12.3394615650177,-0.02598203718662262,-0.0731654018163681,0.3843107521533966,-0.04181812702006858,-0.02383108626291224,0.002064340066837537,0.032401094343511794,-0.023486036530243837,-0.07127199089898362,-0.1238815113902092,0.015302618034183984,0.0357913039624691,0.5575011734097863,1.1201216507459824,25.997467558814897,-0.03749215771601535,0.06474497919886625,0.011522888502384252,0.0015562910011794884,1
12.3485267162323,-0.026417749002575874,-0.07331497222185135,0.3843030631542206,-0.03193386668874785,-0.024454734897845744,0.0035548336018341666,0.031227253333971916,-0.023505862525424526,-0.07108077547688074,-0.09399443864822388,0.030546011403203014,0.04228654876351356,0.5462003829131564,1.1144927513793084,25.994806206314724,-0.05044578401525002,0.056291369004967506,0.010766117113022458,0.0008173980004357873,1
12.358683347702026,-0.026835814118385315,-0.07355231046676636,0.38429439067840576,-0.041768807963956475,-0.029700659144661728,0.00036534549171278387,0.029594966550846813,-0.02313505319331366,-0.07035622669649921,-0.12088487297296524,-0.008135014213621613,0.025178052484989166,0.5660945835029468,1.1202856070135219,26.002823181521194,-0.033880223914363794,0.07578512008526844,0.012242198729958544,0.00169933500001207,1
12.368515014648438,-0.027308089658617973,-0.07373086363077164,0.3842597007751465,-0.03623444229370705,-0.021486406874369143,0.0008924076313341565,0.02863908111349378,-0.02330204761361543,-0.0703811330801356,-0.09174765646457672,0.026503082364797596,0.021920654922723767,0.5790312026852242,1.1246466609269532,26.00399451741533,-0.03133722385480693,0.07557557871896538,0.012517876773311395,0.0012161449994891882,1
12.378469944000244,-0.027705181390047073,-0.07396353781223297,0.38423922657966614,-0.03683031739958954,-0.03288307020523563,0.0010837685360592345,0.027782597556909927,-0.022654530710050302,-0.06993723251762152,-0.09175904095172882,-0.010778441093862055,0.01571476273238659,0.5747014390331168,1.1085648429953034,26.00320980422749,-0.042111186853256315,0.05826643539053801,0.013026250531513663,0.0011995919994660653,1
12.388489723205566,-0.027705181390047073,-0.07396353781223297,0.38423922657966614,-0.03683031739958954,-0.03288307020523563,0.0010837685360592345,0.027782597556909927,-0.022654530710050302,-0.06993723251762152,-0.09175904095172882,-0.010778441093862055,0.01571476273238659,0.5750041946406311,1.1240036764792303,26.00256133548909,-0.04098322382638978,0.07469939801695906,0.013675007412855038,0.0015385510014311876,1
12.398474931716919,-0.028569839894771576,-0.07439520955085754,0.3841579854488373,-0.03362255923883952,-0.030740100799581664,0.0016165956010159696,0.026788022578283055,-0.023387768765686268,-0.06986145902166374,-0.0894152894616127,0.005644632503390314,0.01150650717318058,0.5718592673454004,1.1277239424283632,26.001508941272633,-0.038998554469256125,0.06863609237110004,0.014294161216116905,0.0017134440004156204,1
12.40843915939331,-0.02900542877614498,-0.07463239878416061,0.38412439823150635,-0.04419499639448363,-0.020669847632385305,-0.0018496673315016724,0.026122767470315722,-0.022724091405252445,-0.06955315065133849,-0.06803109496831894,-0.0032392120920121652,0.015321199782192707,0.5976939637103296,1.1107616239993607,26.01061432505357,-0.04669576307327088,0.07215808209943063,0.013939132292400484,0.0008091569998214254,1
12.41844654083252,-0.029423996806144714,-0.07479717582464218,0.38407862186431885,-0.03216357160067171,-0.025766216172294732,0.0005679701868990305,0.0253217369936527,-0.023432801354069888,-0.06931902774538257,-0.07136917859315872,-0.004081975203007455,0.032365329563617706,0.5880429480794598,1.1081799432095156,26.00595593742131,-0.0432806675116086,0.07351373206178506,0.012020650787282879,0.001665529000092647,1
12.428488731384277,-0.02979792095720768,-0.07506980746984482,0.3840709328651428,-0.040912713860771305,-0.02807242608751974,0.0018790541170323292,0.02460368820144776,-0.023134988878542373,-0.069060032752704,-0.05112822726368904,-0.019362214952707287,0.031968239694833755,0.6037851905117744,1.1142115126367602,26.00168604828699,-0.05148451233977224,0.08115284906994817,0.011566942122803778,0.0016323529998771846,1
12.438488721847534,-0.03023373894393444,-0.07524344325065613,0.3840269446372986,-0.03707732268825796,-0.018153035825819105,0.0014555469583232194,0.02397698577406615,-0.024019444903733422,-0.06885824461332923,-0.05076520889997482,-0.035902734845876694,0.008718376047909265,0.6113684312827281,1.0940695223416386,26.00253510792212,-0.04905910063847274,0.09168627644658077,0.01389941711780728,0.001681034998910036,1
12.44848918914795,-0.03060196340084076,-0.0754811093211174,0.3840317130088806,-0.03797211896959731,-0.031183629910299247,0.0048684219683977,0.023570580940688313,-0.023601261771192927,-0.06880136277051374,-0.05164404213428497,-0.005524296313524243,0.025857750326395035,0.6131427076620142,1.111118729837379,25.993553404227125,-0.04870129089737074,0.07556195981177262,0.012644022072847112,0.0016299079998134403,1
12.45851445198059,-0.03103836253285408,-0.0756828710436821,0.38400864601135254,-0.04158150042057186,-0.01365317000084426,0.0025464290171699523,0.02302712627181336,-0.02487831316659017,-0.06848511718786687,-0.01819750666618347,-0.03205714374780655,0.00592725165188313,0.6320565786650529,1.0842756924937484,25.99838950695224,-0.06277257202402318,0.09081855504978875,0.01442845994670463,0.0009721749993332196,1
12.468497276306152,-0.031400103121995926,-0.07584777474403381,0.384015291929245,-0.0309012032117448,-0.02459536087845722,0.00654019068327118,0.022844736895765827,-0.024560762935819547,-0.06844181292635598,-0.03153331205248833,-0.02055560238659382,0.0015700494404882219,0.6159571073198306,1.0899288123017823,25.98879452401742,-0.05647494113225893,0.08551870068696697,0.015323141749886686,0.0016444369994133012,1
12.47843623161316,-0.031766701489686966,-0.07606516778469086,0.3840281665325165,-0.04127195478999732,-0.01758830432024378,0.0038922421914585094,0.02240778032298385,-0.0254593479302323,-0.06810585840930994,-0.020788302645087242,-0.060360491275787354,0.011771907098591335,0.6071123668767472,1.0938434976702058,25.987354300760877,-0.05610679510858695,0.0850438586385268,0.015514231564728448,0.001117453999540885,1
12.488466501235962,-0.031766701489686966,-0.07606516778469086,0.3840281665325165,-0.04127195478999732,-0.01758830432024378,0.0038922421914585094,0.02240778032298385,-0.0254593479302323,-0.06810585840930994,-0.020788302645087242,-0.060360491275787354,0.011771907098591335,0.634463663452874,1.0831391851720282,25.99388802622458,-0.059514704625971734,0.1085671391875925,0.014326097333737587,0.0016711170010239584,1
12.498488187789917,-0.03246566653251648,-0.07644322514533997,0.38406628370285034,-0.03858577473383101,-0.021244827430959224,0.006197122726685497,0.022362230572296138,-0.02557537740418958,-0.06813739576309308,-0.004451267421245575,-0.02357326820492744,0.016274770721793178,0.643548484182474,1.0871359501484956,25.98859054612363,-0.06790670894592798,0.09065276369259162,0.013661743835266553,0.0008847300014167558,1
12.508555889129639,-0.03284803405404091,-0.0765920877456665,0.384076327085495,-0.036610499109527184,-0.013114698946972078,0.005857177897682394,0.022193156221758326,-0.026048715801957112,-0.06783138714965364,-0.017889732494950294,-0.06194700673222542,0.016642201691865928,0.651976260607253,1.0698011802096001,25.988794592078214,-0.060118952271117125,0.11071288895853695,0.013350072921602632,0.0017924379990290618,1
12.51850962638855,-0.03316804766654968,-0.07676548510789871,0.3841046392917633,-0.03512185084422,-0.020794031883198966,0.008170045752305469,0.02218560551382076,-0.02666621075418929,-0.0678201907156204,0.0034903897903859615,-0.05819341540336609,0.01890442334115506,0.654200916233493,1.0787941753382955,25.98245458895352,-0.07135154684735612,0.11077194095704719,0.013082445628581744,0.0017244090013264213,1
12.528541088104248,-0.03351544961333275,-0.07693392783403397,0.38412463665008545,-0.036770384774134655,-0.01562076896778289,0.005427495557758181,0.022309918362716008,-0.02671086822026636,-0.06757804238641363,-0.0015212662983685732,-0.031571514904499054,0.01550585683435202,0.6601615427398013,1.0738259901458642,25.988687088666403,-0.06888424148929378,0.097809660698323,0.013354303535271388,0.0008806089990684995,1
12.538747310638428,-0.0338212326169014,-0.0771009624004364,0.38415491580963135,-0.03181568544094098,-0.018798539257798695,0.008074823665586942,0.022495620934046112,-0.027583368176313794,-0.06746165828123285,0.015219226479530334,-0.03251020610332489,0.009898403659462932,0.654557806094204,1.0793723596906621,25.982455591632544,-0.07800712965549944,0.10005855011253352,0.01403093567628873,0.0024742669993429445,1
12.54865026473999,-0.03413555026054382,-0.07726433873176575,0.38418343663215637,-0.03835826737320212,-0.014605964589797479,0.006010693995162148,0.02272992544375274,-0.027913434711949847,-0.06726019491775848,0.027126910164952278,-0.05089044198393822,0.02100139297544957,0.6711284193938003,1.0767714167180005,25.986662892666576,-0.08431801057319493,0.11092126623750846,0.012927228821827515,0.0008188649990188424,1
12.55865216255188,-0.03447375074028969,-0.07740536332130432,0.3842034935951233,-0.03509014109869857,-0.015266418249108037,0.005792179951659649,0.022866871548894885,-0.028648508066138056,-0.0670424763548878,0.002114384900778532,-0.04280157387256622,0.013568858616054063,0.675987937090124,1.075104025652663,25.98783231858877,-0.0725133227707329,0.10883254051714764,0.01342555457227616,0.002346311001019785,1
12.568650960922241,-0.03475737199187279,-0.07755908370018005,0.3842277228832245,-0.03192151355568796,-0.015541367835585117,0.005407782065558943,0.023224293205577062,-0.028875529881440265,-0.06675456120981194,0.038332294672727585,-0.038380566984415054,0.023573905229568485,0.6725902286092779,1.0785121355147718,25.988891709153325,-0.09076526567441474,0.10665281748112433,0.012503805973129991,0.0008618909996584989,1
12.578644275665283,-0.03504882752895355,-0.07770030945539474,0.3842376172542572,-0.036729831303507314,-0.01145434921482925,0.003901904819108624,0.023479843374449416,-0.02931366184240103,-0.06655746251826722,0.018432628363370895,-0.03769369423389435,0.01885955967009068,0.6711416228251101,1.0808676385022022,25.988974305945202,-0.09155437019833321,0.10694278744067678,0.012260236299570966,0.002857089000826818,1
12.588641881942749,-0.03532984107732773,-0.07780960202217102,0.38423407077789307,-0.030283112100176337,-0.009845115179728709,0.00267646946957721,0.023601876331090565,-0.02969770699176566,-0.06638873164475978,0.018420467153191566,-0.03312703594565391,0.029192963615059856,0.6845266508148361,1.0735501063940918,25.99284370747741,-0.08210308566716992,0.10835533613936041,0.01263239986150217,0.001004165000267676,1
12.598679780960083,-0.03587602823972702,-0.07807914912700653,0.38418692350387573,-0.0352243967828647,-0.007778538591216059,0.00010191428402634465,0.02400294932943048,-0.030091841615864645,-0.06594982000685512,0.03454016149044037,-0.04238438978791237,0.023948721587657932,0.6802228448290197,1.0655103610580545,25.996763861481714,-0.08208299262207902,0.10662037060086703,0.011595654517808645,0.002695956000025035,1
12.608645677566528,-0.03587602823972702,-0.07807914912700653,0.38418692350387573,-0.0352243967828647,-0.007778538591216059,0.00010191428402634465,0.02400294932943048,-0.030091841615864645,-0.06594982000685512,0.03454016149044037,-0.04238438978791237,0.023948721587657932,0.6940913206927817,1.0607860849551933,26.004048511313577,-0.09110234998106158,0.11285605362328241,0.011842764475824628,0.0007916260001366027,1
12.618659019470215,-0.036377403885126114,-0.07832568883895874,0.38411304354667664,-0.03786415237065377,-0.007259386373004827,-0.0012983175675832866,0.024397682139422283,-0.03029288507372918,-0.06544475098594082,0.035476669669151306,-0.02112014032900333,0.026830730959773067,0.6867392343625651,1.0685010117687141,26.00424321367466,-0.0826164450147023,0.10223616862637569,0.012101865071517712,0.00243166200016276,1
12.628646850585938,-0.036377403885126114,-0.07832568883895874,0.38411304354667664,-0.03786415237065377,-0.007259386373004827,-0.0012983175675832866,0.024397682139422283,-0.03029288507372918,-0.06544475098594082,0.035476669669151306,-0.02112014032900333,0.026830730959773067,0.7054909518436094,1.0642018911567164,26.008951898377497,-0.09266351151927087,0.10302553694836906,0.011575544380325684,0.0008148840006469982,1
12.638643264770508,-0.03663085028529167,-0.07841015607118607,0.38405951857566833,-0.025997744948821268,-0.009122112508293286,-0.0004043835594168642,0.02483326885072712,-0.031009598449718734,-0.0651693359789891,0.028422381728887558,-0.014290359802544112,0.03845591098070145,0.6914304392100324,1.0646278816229533,26.0076327804114,-0.09068050275749187,0.10056077642210723,0.01018871370921175,0.0024517080000805436,1
12.648632049560547,-0.03682992234826088,-0.07855978608131409,0.38401293754577637,-0.03298503538530847,-0.013080245615269425,-0.003979378964078413,0.025050045909384533,-0.0306138581187545,-0.06458592634680116,0.02415287122130394,-0.027585744857788082,0.030826864764094356,0.7006140830412895,1.0766457904383406,26.01676037363649,-0.08960345255371975,0.1066884551262002,0.010559621761095827,0.0008230559997173259,1
12.658636808395386,-0.03708391264081001,-0.07864613085985184,0.38393083214759827,-0.030649725339573997,-0.003161994489074738,-0.005844310514248443,0.02557505928710846,-0.03116945883328759,-0.06434014600945659,0.042355284094810486,-0.014875985682010647,0.029843961820006374,0.7042195922864825,1.0645068350100337,26.023347101785067,-0.09911165962896419,0.10188415062908385,0.010732171771672912,0.002921557001172914,1
12.668718576431274,-0.03728021681308746,-0.07875965535640717,0.38385868072509766,-0.028560264080048595,-0.015175090987802802,-0.004174024406801473,0.025825169531698666,-0.030937845816751075,-0.06405508383428904,0.023609986528754234,0.01134106703102589,0.03305859491229057,0.6974596540410328,1.0834371921447066,26.020079319221754,-0.09188470162692204,0.08779625519428344,0.01040492485411365,0.0008034300008148421,1
12.678648471832275,-0.037508197128772736,-0.07887715101242065,0.38378047943115234,-0.03177094455999274,-0.0008308835859456323,-0.00628165217483269,0.026105690356560185,-0.0309349558551002,-0.06342963228081411,0.029755420982837677,0.005501908250153069,0.03577258810400963,0.7046727556964709,1.0643679132800157,26.025275946691895,-0.09379983518346902,0.09089028185754708,0.009972924306439205,0.0023537849992862903,1
12.688713073730469,-0.03768758103251457,-0.07892206311225891,0.38370296359062195,-0.023423343945972876,-0.007720985192644385,-0.003744108751012889,0.02643882322770308,-0.030510221932117165,-0.06305499857004104,0.02788919396698475,0.02741440944373608,0.040477361530065536,0.7095516732907093,1.053121090376552,26.02628301703482,-0.09428566817895476,0.0909268358857397,0.009804375013833954,0.0009878910004772479,1
12.698644399642944,-0.037870004773139954,-0.0790276974439621,0.38363829255104065,-0.03194369748064365,-0.00394374867654089,-0.006385681266791625,0.026470366887529018,-0.030465983669060837,-0.0626000641885942,0.005875770002603531,0.005377880297601227,0.03550342097878456,0.7127185932267834,1.0526755323065553,26.026995047363712,-0.08383025254928728,0.08971092167810471,0.009677819237491676,0.0023326219998125453,1
12.708367824554443,-0.037870004773139954,-0.0790276974439621,0.38363829255104065,-0.03194369748064365,-0.00394374867654089,-0.006385681266791625,0.026470366887529018,-0.030465983669060837,-0.0626000641885942,0.005875770002603531,0.005377880297601227,0.03550342097878456,0.715071510778456,1.0527228436683178,26.02727952669228,-0.0837110234785224,0.08962811547593427,0.009597666354238713,0.0008244529999501538,1
12.718668937683105,-0.038409724831581116,-0.07926730811595917,0.38345012068748474,-0.02707681059100605,-0.0011442801001189029,-0.002149929625611813,0.026909980037331582,-0.029741558145602642,-0.06183204365755701,0.005934665910899639,0.031196426600217826,0.044966582208871834,0.6969151012501454,1.07059313201187,26.014287706359372,-0.094538211214638,0.07509969690491053,0.009448045448404177,0.0031653860005462775,1
12.728392362594604,-0.038409724831581116,-0.07926730811595917,0.38345012068748474,-0.02707681059100605,-0.0011442801001189029,-0.002149929625611813,0.026909980037331582,-0.029741558145602642,-0.06183204365755701,0.005934665910899639,0.031196426600217826,0.044966582208871834,0.6922056503325736,1.0574139088063053,26.015078877732762,-0.08483783600491121,0.07407403392346865,0.008423747910954812,0.0008026619998418028,1
12.738717555999756,-0.038697175681591034,-0.0794176384806633,0.38339975476264954,-0.02449928226337021,-0.00438327136024634,-0.0011724788835556898,0.026927666033321973,-0.028748180005347734,-0.06099945743147117,-2.0913765183649957e-05,0.05871371179819108,0.03957415744662284,0.6761638985059778,1.0606400794057316,26.008779776425442,-0.08420603825135439,0.06739463861641404,0.008245471159806164,0.0016139140006998787,1
12.748537302017212,-0.038697175681591034,-0.0794176384806633,0.38339975476264954,-0.02449928226337021,-0.00438327136024634,-0.0011724788835556898,0.026927666033321973,-0.028748180005347734,-0.06099945743147117,-2.0913765183649957e-05,0.05871371179819108,0.03957415744662284,0.6697334816944046,1.0583810914481695,26.011989410411807,-0.08212529559429152,0.05715818765672187,0.008624365198127384,0.002422651999950176,1
12.758668184280396,-0.038697175681591034,-0.0794176384806633,0.38339975476264954,-0.02449928226337021,-0.00438327136024634,-0.0011724788835556898,0.026927666033321973,-0.028748180005347734,-0.06099945743147117,-2.0913765183649957e-05,0.05871371179819108,0.03957415744662284,0.6658724232121451,1.057018657347195,26.01247338276527,-0.08209625598770118,0.056999879724225565,0.008708909200824545,0.0007872949990996858,1
12.768726587295532,-0.0389542318880558,-0.07955310493707657,0.38336801528930664,-0.02390901373101483,-0.004592441397093059,-0.0006125208935709586,0.026540336633199768,-0.027055008914476097,-0.05994884918467269,-0.006623534951359034,0.0659104436635971,0.04073235765099525,0.6587511271222121,1.0554078401955773,26.011375331819064,-0.07773706854137445,0.04851718527693766,0.0084240706771513,0.0028776929993910016,1
12.778648853302002,-0.039068687707185745,-0.07962924987077713,0.38335472345352173,-0.01760187001309375,-0.00259612583723737,0.0005675144558418043,0.02624553234585969,-0.02635450788671667,-0.05945947746428404,-0.023405887186527252,0.07908836007118225,0.044665616005659096,0.6378353533593881,1.0468438767208046,26.008467038546375,-0.06827643600122901,0.039240458248360664,0.007856446041504895,0.0008303900012833765,1
12.788640260696411,-0.03914818912744522,-0.07969216257333755,0.38335657119750977,-0.01858721302624577,-0.0026364863171358813,0.0014739072070626311,0.02583749350863318,-0.02512110692759162,-0.05876759249765007,-0.02235969714820385,0.08118186891078949,0.04063624143600463,0.6243342858586381,1.040793848474497,26.005789979329663,-0.06808059306827759,0.03633323750378982,0.008130027240381857,0.002410219000012148,1
12.798648357391357,-0.039229605346918106,-0.07977140694856644,0.3833613097667694,-0.018016953045680864,-0.0024393865566480397,0.003561815883023457,0.025639709689488477,-0.02429613414898535,-0.058338094716054556,-0.02475808560848236,0.07750584185123444,0.0378771424293518,0.6132677679647953,1.0357009018073173,26.000004965122727,-0.06605257294392536,0.03516941736434978,0.008375320201010387,0.000816491001387476,1
12.808645963668823,-0.03930763527750969,-0.07981819659471512,0.3833765685558319,-0.014599008486726643,1.731489426349377e-05,0.0023487498858880173,0.025202620066852255,-0.023413298864203735,-0.057877219452911355,-0.04483528807759285,0.08992936462163925,0.04980795457959174,0.5967545397194521,1.0242680899252568,26.002606772903146,-0.05486250663821956,0.026257731866051383,0.007066970712915813,0.002385353998761275,1
12.818639755249023,-0.03930763527750969,-0.07981819659471512,0.3833765685558319,-0.014599008486726643,1.731489426349377e-05,0.0023487498858880173,0.025202620066852255,-0.023413298864203735,-0.057877219452911355,-0.04483528807759285,0.08992936462163925,0.04980795457959174,0.5870756994509914,1.0175646617608318,26.00296257536156,-0.05410938036973545,0.024938780984745765,0.006716665553713208,0.0007936519996292191,1
12.828652620315552,-0.03940533846616745,-0.080009326338768,0.3834095597267151,-0.01368507743386139,-0.0006585152857168182,0.0013264433572516478,0.024503333010641892,-0.021667976573463754,-0.056939080935504816,-0.037484023720026016,0.08843567967414856,0.04211974889039992,0.5744346857968501,1.0157174986085091,26.00118531889552,-0.06051053795714406,0.02854426032650509,0.007563884346010203,0.0024427669995930046,1
12.838640451431274,-0.03940533846616745,-0.080009326338768,0.3834095597267151,-0.01368507743386139,-0.0006585152857168182,0.0013264433572516478,0.024503333010641892,-0.021667976573463754,-0.056939080935504816,-0.037484023720026016,0.08843567967414856,0.04211974889039992,0.568217140864069,1.0137257102841848,26.005523342345203,-0.05593011492540524,0.02066124682725736,0.007501146080226957,0.0007919060008134693,1
12.848644733428955,-0.03946385905146599,-0.08011562377214432,0.38344427943229675,-0.00943705065687281,0.002318266851704561,0.0027707600751762014,0.023585714556769055,-0.020111657789378068,-0.05599275631860268,-0.03503229841589928,0.07919571548700333,0.048102259635925286,0.5612521482782625,1.0087862670817072,25.99720563217835,-0.047420142482592034,0.017693285698346384,0.006868703575448685,0.0030021580005268333,1
12.858669519424438,-0.03946385905146599,-0.08011562377214432,0.38344427943229675,-0.00943705065687281,0.002318266851704561,0.0027707600751762014,0.023585714556769055,-0.020111657789378068,-0.05599275631860268,-0.03503229841589928,0.07919571548700333,0.048102259635925286,0.548300942054887,1.0001919687482743,26.00133926144175,-0.05398827649797119,0.0202885020121357,0.006536970871281237,0.0007882730005803751,1
12.868638753890991,-0.039434585720300674,-0.0801771953701973,0.3834646940231323,-0.005494532654300112,-0.002745683757026233,0.0038563101450115674,0.022888023079474795,-0.019011706150998453,-0.05533901433887989,-0.05450836196541786,0.07261800020933151,0.04541750252246856,0.5285904408064723,1.0027170638452045,25.99921809625128,-0.04294575817689861,0.020084770107460397,0.006620408984486015,0.002418809999653604,1
12.878660917282104,-0.03937406465411186,-0.08023200184106827,0.38349661231040955,-0.001548989196269884,0.003984684121058416,0.005061809911720475,0.022492593469251698,-0.018170755673728944,-0.0548758694044813,-0.04453742504119873,0.06361516565084457,0.043043781071901314,0.5069197774539629,0.9881516767426464,25.995855821571343,-0.04590860442507048,0.02187096462500915,0.006817691765010369,0.0008037089992285473,1
12.88865041732788,-0.03929989039897919,-0.08026635646820068,0.38352495431900024,-0.0017409651931044857,-0.0005634675020043761,0.00405286717478149,0.02211393722401267,-0.01767892957255368,-0.05439541369795098,-0.038838937878608704,0.05312620103359223,0.04336605966091155,0.4934441036512218,0.9896731708122487,25.997910844289958,-0.04815382214635754,0.025770223571206917,0.006740148459771343,0.002419020000161254,1
12.898672580718994,-0.03922710195183754,-0.0803411528468132,0.38356509804725647,-0.0037568716792351566,0.0022456899803188655,0.006593730299180036,0.02139608749739841,-0.016900120950652298,-0.05367802478231898,-0.04474513977766037,0.04192208498716355,0.04558263346552848,0.48898307403029595,0.9816033317967253,25.99167582847732,-0.043944615631322154,0.03051190707637194,0.006417485483915152,0.0007918360006442526,1
12.908647298812866,-0.03916655480861664,-0.08036157488822937,0.3836003541946411,-0.0004711650548292757,0.0021520168534156074,0.005242648999560033,0.021175920951181038,-0.016591200103618586,-0.05327514175474102,-0.024823807179927826,0.03540541976690293,0.04273061826825141,0.47865310982826503,0.9782177528922821,25.994198686000644,-0.05242205978830824,0.03199850498432693,0.0065641658787498145,0.0024556179996579885,1
12.918331146240234,-0.03905446082353592,-0.08042218536138535,0.38364237546920776,0.003295000406409136,0.0017396526618631883,0.006113456576605899,0.020763817588897115,-0.01630066909533623,-0.05279247749751104,-0.04653063416481018,0.029412530362606052,0.042258240282535546,0.472290432674725,0.9762063574386837,25.994478439187077,-0.05226427883274154,0.031622988750963255,0.006546275465082359,0.001010170999506954,1
12.928642749786377,-0.03875017538666725,-0.08049590140581131,0.3837164044380188,0.007823502637061695,0.0009167516627186507,0.005004188068235255,0.020385387512118047,-0.016174865485088397,-0.05228638798710605,-0.03010205365717411,0.018692063167691238,0.04998806491494179,0.4591139609203852,0.9726655552553327,25.992249853901374,-0.04036151046902531,0.033427464769492654,0.006491287108179251,0.0033842110005934956,1
12.938632488250732,-0.03875017538666725,-0.08049590140581131,0.3837164044380188,0.007823502637061695,0.0009167516627186507,0.005004188068235255,0.020385387512118047,-0.016174865485088397,-0.05228638798710605,-0.03010205365717411,0.018692063167691238,0.04998806491494179,0.44036582246307876,0.9727798611185833,25.99463685387323,-0.04724991392821429,0.038053111872450106,0.005574014930538695,0.0007946290006657364,1
12.948680400848389,-0.038601431995630264,-0.08052335679531097,0.38374823331832886,0.005055666918395107,0.007723743077363998,0.003933873040094454,0.02020735885937297,-0.01593586812312653,-0.05182748332534182,-0.026625245809555054,0.0015903640305623473,0.04917414113879204,0.43676010405804,0.9576450421070068,25.997780517534963,-0.04793105755183424,0.04631155525369367,0.00534268205161443,0.0010116379999089986,1
12.958650350570679,-0.03842973709106445,-0.08055318146944046,0.38377007842063904,0.010200936338448803,0.00031302330221839625,0.003306305295718881,0.019694527234345394,-0.015978941280532677,-0.05142364088163731,-0.04670485109090805,-0.0024732605088502117,0.0432107076048851,0.4217814741484009,0.962163200058039,25.99991007992472,-0.037251197314882044,0.04806820840707261,0.005861133750514566,0.0009206300001096679,1
12.96863865852356,-0.038251008838415146,-0.08059093356132507,0.3837938904762268,0.009783790501194076,0.0073999565965671525,0.0029664901615998472,0.0195232004027992,-0.01618231745560017,-0.050887677541705756,-0.01847331039607525,-0.017043381929397576,0.05056478828191757,0.41575312135151116,0.9507939473959557,26.001065038782865,-0.049854041879379266,0.056076683330274796,0.005090263055634972,0.0008192850000341423,1
12.97838306427002,-0.0380423404276371,-0.0806000679731369,0.38380083441734314,0.0153110586183214,0.003488528494961655,0.0013558685501743918,0.019096837803671107,-0.016426312079913963,-0.050287530345743736,-0.03272001072764397,-0.020661516115069382,0.0432121567428112,0.3993675745196348,0.9502620982056655,26.005562598714413,-0.04214854176951765,0.05816261880399628,0.005602066743769037,0.0008092269999906421,1
12.988632917404175,-0.03781697154045105,-0.08063597977161407,0.38380441069602966,0.013254154471612597,0.008132593710056089,0.0016246036373200497,0.018766282607216578,-0.016770889077672546,-0.04975181083079905,-0.03531531244516373,-0.03464182093739509,0.0425831712782383,0.3959016250184444,0.9385301345260398,26.005589497448874,-0.039354218044036854,0.06641220383643673,0.00566343978582098,0.0008037089992285473,1
12.998619794845581,-0.03757999464869499,-0.08061584085226059,0.38379162549972534,0.01884361920448391,0.008539940112346418,-0.0006976788253475224,0.018498972232387167,-0.017069390304996546,-0.04939115920113091,-0.015987327322363853,-0.0331522449851036,0.053104054182767875,0.3811683541930321,0.9311201609671639,26.011813493678776,-0.048023427426350934,0.06616321038536958,0.00451203969134478,0.0008065729998634197,1
13.008623123168945,-0.037315111607313156,-0.08064796030521393,0.3837684988975525,0.0171376206286078,0.004501112622069008,-0.0012565403638805674,0.017991939940100288,-0.017665236792092198,-0.04871852818026268,-0.03572435304522514,-0.04811792075634002,0.03638571128249169,0.37225619579509783,0.9266134925770632,26.01275479027931,-0.04818678110365485,0.06619736818989094,0.004250378579204496,0.0013205630002630642,1
13.018662691116333,-0.037075549364089966,-0.08062227815389633,0.3837323486804962,0.01751558114097133,0.014319942288506943,-0.0033053895143555605,0.017682776263235223,-0.018363652248307716,-0.04835280058098945,-0.02147592045366764,-0.0517495684325695,0.04872355982661248,0.37458635386837136,0.9086913245809941,26.019995771804048,-0.04297871689591199,0.07837556154138627,0.004485532381938135,0.002556404999268125,1
13.028645515441895,-0.036795761436223984,-0.08061516284942627,0.38369253277778625,0.020134137933704273,0.0046316218034212,-0.0016670777892266518,0.017461111838471766,-0.01880361713414569,-0.04784618169648924,-0.034802522510290146,-0.05409508571028709,0.04218163341283799,0.3688597388343963,0.9177306223508616,26.016875447692033,-0.036528112967622525,0.08104929406107096,0.005173051446348835,0.0008597249998274492,1
13.038617849349976,-0.03623603656888008,-0.08053117990493774,0.38360723853111267,0.02771935426608871,0.007646439567086915,-0.00314878484520156,0.016923923301005228,-0.01957070144477102,-0.04756486159485496,-0.04133041948080063,-0.05868250131607055,0.03174854815006257,0.3646972233242014,0.9232075083986391,26.016532003881476,-0.03608693505350528,0.08171033329238983,0.005269425676889648,0.003136678998998832,1
13.048460960388184,-0.03623603656888008,-0.08053117990493774,0.38360723853111267,0.02771935426608871,0.007646439567086915,-0.00314878484520156,0.016923923301005228,-0.01957070144477102,-0.04756486159485496,-0.04133041948080063,-0.05868250131607055,0.03174854815006257,0.345361785640238,0.9167372163862313,26.020910075394973,-0.03094417322636103,0.08546755105802169,0.006363087470113568,0.0008676180004840717,1
13.058611154556274,-0.0355805940926075,-0.0804118663072586,0.3835069537162781,0.02812628264451004,0.013363019512550135,-0.00424572729057251,0.016369855716978687,-0.020847331207462627,-0.04662093137455159,-0.043312400579452515,-0.07043536752462387,0.040690764784812934,0.34834439661712024,0.8913588675084618,26.028103172386214,-0.03812030026708248,0.09333422538732301,0.005502648558176606,0.0032359999986510957,1
13.06846809387207,-0.0355805940926075,-0.0804118663072586,0.3835069537162781,0.02812628264451004,0.013363019512550135,-0.00424572729057251,0.016369855716978687,-0.020847331207462627,-0.04662093137455159,-0.043312400579452515,-0.07043536752462387,0.040690764784812934,0.3371119018759821,0.8822813723000382,26.026039640593392,-0.02789031981623048,0.0952153672696565,0.005272141732175006,0.0008408670000790153,1
13.078636169433594,-0.035247985273599625,-0.08038437366485596,0.38346272706985474,0.02347138150607331,0.012597114794691736,-0.003201625087526626,0.01594731709514985,-0.02145540293770054,-0.04631020788156359,-0.037028323858976364,-0.0754472091794014,0.034431971609592445,0.34130073289265356,0.878247819856822,26.023108184658316,-0.02974738850920282,0.09992523989100148,0.005825182406066499,0.0025237879999622237,1
13.08860445022583,-0.03494548052549362,-0.08027395606040955,0.3834035396575928,0.02844021480355135,0.02198316888562446,-0.0036998283006945184,0.015456797272616285,-0.02285100440659793,-0.04567083588361509,-0.03803366422653198,-0.05043158680200576,0.04362411797046662,0.333777543635485,0.8519717186440935,26.024419456482402,-0.02689140646486522,0.09109114379894263,0.004871698194795019,0.0008426830008829711,1
13.098611831665039,-0.03458220139145851,-0.08019374310970306,0.3833746612071991,0.027230449029627356,0.01404355185288123,-0.0017815217027645522,0.015077168353121007,-0.023042047487177086,-0.04533046242250949,-0.057569198310375214,-0.07983574271202087,0.036742269992828376,0.33232720647091024,0.8511791432062463,26.01969938008736,-0.016949343726659842,0.10621652529852198,0.00529174789682641,0.002672907001397107,1
13.108471632003784,-0.03425809368491173,-0.08004914969205856,0.38333961367607117,0.028850769613660572,0.029842132712486636,-0.0024180677806779857,0.014628300602766764,-0.02393879698148904,-0.044852720151827175,-0.03388271853327751,-0.04611921310424804,0.037947427481412895,0.32756792274076046,0.8146342877998887,26.02096462816027,-0.0256580998423094,0.09213081543010707,0.005216807965725951,0.0008104150001599919,1
13.118631601333618,-0.0338631272315979,-0.07990177720785141,0.38332608342170715,0.03384599099438725,0.014594850782214643,0.0022563461210545087,0.013898296477508065,-0.024326170542452452,-0.04425606149165073,-0.058208975940942764,-0.04911095649003982,0.05374958738684655,0.31136701253102933,0.822099006184891,26.00898888573182,-0.014184639996062506,0.09342856187882483,0.0034552765212561096,0.002527978998841718,1
13.128348112106323,-0.03351407125592232,-0.07978015393018723,0.3833243250846863,0.026900555917227224,0.027652194745097267,-0.0005132349513091687,0.013389617855626312,-0.025284067432741253,-0.043918006515137,-0.038116104900836945,-0.04704464972019195,0.031126603484153754,0.3006383333893828,0.8263755455853843,26.007273303781812,-0.012954782520042403,0.09401895599801403,0.002986809304359015,0.0010265860000799876,1
13.138603210449219,-0.03312765434384346,-0.07959895581007004,0.3833358585834503,0.03746248419959779,0.02095975329062592,0.004915090922377607,0.013158597779940884,-0.025080938741052883,-0.04357898121301762,-0.03144064545631409,-0.013338112272322173,0.045366689562797546,0.28255517666583674,0.8131920827279067,26.000176766904385,-0.02373630267921701,0.07826913807185547,0.0037586629731672194,0.0023605589994986076,1
13.14863109588623,-0.03312765434384346,-0.07959895581007004,0.3833358585834503,0.03746248419959779,0.02095975329062592,0.004915090922377607,0.013158597779940884,-0.025080938741052883,-0.04357898121301762,-0.03144064545631409,-0.013338112272322173,0.045366689562797546,0.27082317435970416,0.80477082105817,25.99912526717936,-0.02361330143238466,0.07774918016728473,0.0038883851525062197,0.0008227069993154146,1
13.158564329147339,-0.031973641365766525,-0.07903905212879181,0.38344740867614746,0.03172569729799119,0.026534136268426402,0.004515793732640304,0.012398781928572689,-0.025600672489730414,-0.04275985216235467,-0.021136779338121414,-0.026328895241022107,0.03555068373680115,0.2673668739818985,0.7761545051592987,25.999032277817754,-0.01359577646980516,0.0883909107556565,0.004465313723636706,0.0026493689983908553,1
13.168591737747192,-0.03160388022661209,-0.0788193792104721,0.38348427414894104,0.034388374689071285,0.031415708162020425,0.004515691360403785,0.012081174304568343,-0.02566853415840331,-0.042171658913616294,-0.03108775056898594,0.014883400872349744,0.04159877076745033,0.2731764897029705,0.7667313266005311,25.99968686684683,-0.025928605955276386,0.08641405955076006,0.004948760754942963,0.002121618999808561,1
13.178534030914307,-0.03160388022661209,-0.0788193792104721,0.38348427414894104,0.034388374689071285,0.031415708162020425,0.004515691360403785,0.012081174304568343,-0.02566853415840331,-0.042171658913616294,-0.03108775056898594,0.014883400872349744,0.04159877076745033,0.26634933251061244,0.7469182674349467,25.99978593663473,-0.019782856661011233,0.06574362916721269,0.004324149651471688,0.0008240340011980152,1
13.188577651977539,-0.03120090812444687,-0.07858442515134811,0.38353630900382996,0.032812915865447094,0.031959261585291436,0.0060681073391635355,0.011762462204018664,-0.025746371214114827,-0.04185138368878771,-0.026486331596970558,-0.000753981352318073,0.04369361326098442,0.26551107846625915,0.7322501578098086,25.9955711149782,-0.02103488585936545,0.0735467555598805,0.0038893968587220594,0.0024535240008844994,1
13.198628425598145,-0.03084227442741394,-0.07833703607320786,0.3835783898830414,0.03205445787835557,0.03225281826827336,0.004490193511531379,0.011523585030375205,-0.025496647263759442,-0.04108292028321037,-0.01885816641151905,0.020403189584612853,0.04510587453842163,0.26347962360095223,0.721908014264967,25.998946170864027,-0.024119304960339243,0.062469833338621224,0.003527986119173493,0.0008351399992534425,1
13.208338975906372,-0.030449243262410164,-0.07807239890098572,0.3836299479007721,0.03487920023107366,0.035536188547220945,0.005578596217321415,0.011523585030375205,-0.025496647263759442,-0.04108292028321037,-0.01885816641151905,0.020403189584612853,0.04510587453842163,0.2542130717847675,0.7065388261339309,25.99650635574173,-0.023860342931398975,0.06199753445755818,0.003446806668543381,0.002812317999996594,1
13.218629121780396,-0.03006943129003048,-0.07779727131128311,0.3836803138256073,0.03308735050809514,0.033655911590236724,0.00435189538277325,0.011150040767196057,-0.02481384629314265,-0.040023267151029884,0.004304370377212763,0.033012706786394126,0.061508197337388985,0.24973322604140108,0.702309186827317,25.999290355564312,-0.034919990738032564,0.054881334527185646,0.001639069546605349,0.0008107629982987419,1
13.2285897731781,-0.029700815677642822,-0.07753043621778488,0.38372156023979187,0.03261758036045429,0.03551664923963751,0.005935159725926817,0.011174933067922055,-0.02441677296938538,-0.03906568808876676,-0.01044628955423832,0.03022220171988011,0.05857598409056663,0.24593018470498432,0.692935968426485,25.995425646360715,-0.02715906814156936,0.05463984992140215,0.0013416648936007461,0.0024176930000976427,1
13.23836636543274,-0.02932635322213173,-0.07722225040197372,0.3837614357471466,0.03626061230352723,0.03796108440160023,0.003189191216891135,0.011024341178500041,-0.02423670724750071,-0.03845479231585669,0.0026953446213155985,0.03238236159086228,0.0741974264383316,0.23425036883781064,0.6811005411743661,26.00202038015473,-0.033040389301786745,0.052436461762914784,-0.0005294635507320697,0.0007951179995870916,1
13.248610973358154,-0.028929539024829865,-0.07696075737476349,0.3837973475456238,0.032789878695589234,0.03277221677058884,0.003826361770610704,0.011289042395108417,-0.023810311261075245,-0.03758276429994023,0.024736642837524414,0.028071008622646342,0.07860066741704941,0.22634907278547528,0.6731924659784014,26.00290610887631,-0.032950401551660596,0.05216599394892705,-0.0010272364061566616,0.002847590998499072,1
13.258415222167969,-0.028929539024829865,-0.07696075737476349,0.3837973475456238,0.032789878695589234,0.03277221677058884,0.003826361770610704,0.011289042395108417,-0.023810311261075245,-0.03758276429994023,0.024736642837524414,0.028071008622646342,0.07860066741704941,0.2268990104894109,0.681852930616796,26.001094472271056,-0.04514217812349755,0.05339885840460026,-0.001744336212743624,0.0007841520000511082,1
13.268611192703247,-0.027887970209121704,-0.07603874802589417,0.3838668763637543,0.027805095642240877,0.04404732205370917,0.0007654325672080979,0.011827297709838813,-0.023122071707297298,-0.035525284643944666,0.029359620064496994,0.03152343630790712,0.0905546098947525,0.22288909708072782,0.6849332371609651,26.00245788681546,-0.039880062900783775,0.04803497000721273,-0.0022505806940991157,0.0029716360004385933,1
13.27842378616333,-0.027887970209121704,-0.07603874802589417,0.3838668763637543,0.027805095642240877,0.04404732205370917,0.0007654325672080979,0.011827297709838813,-0.023122071707297298,-0.035525284643944666,0.029359620064496994,0.03152343630790712,0.0905546098947525,0.23225703421302868,0.6613353233321924,26.00881692603034,-0.0479038319694184,0.05012193038843298,-0.00367322175783707,0.000825151999379159,1
13.288591861724854,-0.027540389448404312,-0.07568291574716568,0.3838728666305542,0.03633698824974292,0.036878187167640325,0.0010402636076922312,0.011822555513495647,-0.023071082510928598,-0.035068780405002276,0.0325225293636322,0.028405053541064276,0.10159318894147873,0.21655743364979999,0.6614853692423955,26.009123899300953,-0.050261304083590856,0.05069942497613539,-0.005245002720531322,0.0025307729993073735,1
13.298662900924683,-0.02718191407620907,-0.07540923357009888,0.38389700651168823,0.025719568198443864,0.038818120910900054,4.841741445876081e-05,0.012070053458603347,-0.022625188392469298,-0.03414497734003774,0.02080933377146721,0.01205661054700614,0.08636289834976196,0.2308316919640507,0.6564394463322167,26.01156420121533,-0.04510251425097641,0.058603679349471964,-0.004165756391100943,0.0012742559993057512,1
13.308422803878784,-0.02687867172062397,-0.07502052932977676,0.38388779759407043,0.031662013481913324,0.046891689227091644,0.0011293817972104399,0.012519257208296608,-0.022630947974954463,-0.03253876534273381,0.0402580164372921,0.030020860955119147,0.10563994199037552,0.22383889844495505,0.6352421728789671,26.009209565505362,-0.055105813385666905,0.04923200805029982,-0.006237432867984442,0.0011773810001614038,1
13.31862759590149,-0.0265385452657938,-0.07470306754112244,0.38390007615089417,0.02881136544492084,0.03355768315107721,0.002655088290778944,0.012869048695976382,-0.02224150513476575,-0.031447844704223904,0.02088228613138199,-0.011931221000850189,0.10530565679073334,0.22640722675779731,0.6508108322554012,26.004705227394012,-0.048036865607220695,0.0691006536247194,-0.006902979974008251,0.0023745290000078967,1
13.328691720962524,-0.02625858224928379,-0.07434144616127014,0.3839047849178314,0.026677932592086832,0.04828661307588668,-0.0010503780779127989,0.013366187007162633,-0.0227017160116727,-0.029757046180562075,0.04689803346991539,0.001497580204159035,0.11227098107337952,0.23454860885767176,0.6297325002566229,26.013777094065027,-0.06006520254872184,0.06370438712045058,-0.007876989478211005,0.0008078989994828589,1
13.338625431060791,-0.02593359537422657,-0.07397714257240295,0.38392242789268494,0.03184348357982458,0.03557311729247574,0.0036315104820072272,0.01390266215209035,-0.022155054267591456,-0.02844929220288117,0.04071249067783356,-0.012191762216389164,0.12990760803222656,0.22461861820141923,0.6443039508160481,26.002752551972808,-0.059922275204382654,0.06969254865434762,-0.010264240362389014,0.0024576440009695943,1
13.348647832870483,-0.02565503679215908,-0.07362494617700577,0.3839375376701355,0.022658908833908826,0.048183258575968384,-3.366132576833364e-05,0.014146798120997062,-0.022994927094975193,-0.027292097913280244,0.03584672138094902,-0.03011996671557425,0.11214017868041992,0.2439637543960541,0.6237968168920695,26.01067867204363,-0.05741359124119103,0.08015421252309281,-0.009157344764167031,0.0009179059998132288,1
13.358641862869263,-0.025092139840126038,-0.07292760163545609,0.38399502635002136,0.019801490131602074,0.0402303151105054,0.0012567017820135599,0.014820600739886114,-0.022778541360707116,-0.02609763094974671,0.07013382017612457,-0.01677573844790457,0.13581326603889465,0.2548658099662667,0.6105183005637855,26.01181044458087,-0.05776457683237202,0.08143086506260136,-0.009042138843104612,0.002772017998722731,1
13.36867356300354,-0.025092139840126038,-0.07292760163545609,0.38399502635002136,0.019801490131602074,0.0402303151105054,0.0012567017820135599,0.014820600739886114,-0.022778541360707116,-0.02609763094974671,0.07013382017612457,-0.01677573844790457,0.13581326603889465,0.2636179499988738,0.6221590078490697,26.008173816628563,-0.07741126939630105,0.07439658358046886,-0.011727819881228712,0.0013385139991441974,1
13.378645658493042,-0.024559155106544495,-0.07219262421131134,0.3840896785259247,0.022835129952065325,0.03716478861603325,0.006965731867196798,0.01575279889573622,-0.02361192057344441,-0.023677332417110453,0.05487954616546631,-0.05925668030977248,0.11201768368482591,0.26894060369354506,0.6291348087453373,26.00761717220943,-0.07768804150112553,0.07422811831766936,-0.012334455177498765,0.002646994000315317,1
13.38869047164917,-0.024559155106544495,-0.07219262421131134,0.3840896785259247,0.022835129952065325,0.03716478861603325,0.006965731867196798,0.01575279889573622,-0.02361192057344441,-0.023677332417110453,0.05487954616546631,-0.05925668030977248,0.11201768368482591,0.2675419821426127,0.6370007021581837,25.992205458967785,-0.07314814740441199,0.09742470355454848,-0.010372325617161901,0.0007928830000309972,1
13.398526430130005,-0.024349216371774673,-0.0718027874827385,0.384125679731369,0.02325913321962547,0.04591308526132079,0.0038674834159275508,0.016525270385479462,-0.024984398473775205,-0.02171605607253113,0.04907220974564552,-0.07017599791288374,0.13247859477996826,0.2706532218359125,0.6216877532431844,25.99802279558073,-0.07148562787226369,0.10725658303818524,-0.012495476418925879,0.001449638000849518,1
13.408671617507935,-0.024093957617878914,-0.07145319133996964,0.3841823637485504,0.023003093946820083,0.03498101973478763,0.007763226631261426,0.016955109317998485,-0.02518861963540031,-0.020575370837234708,0.04052238166332245,-0.07200863957405089,0.1295020878314972,0.27138420618204884,0.635638547635537,25.988314218447897,-0.06957570619190427,0.10888390720095609,-0.012864744633524806,0.0023932469994178973,1
13.418614387512207,-0.02390063926577568,-0.07109253853559494,0.3842172622680664,0.01924042035550741,0.04704084990056549,0.0026621244175493715,0.017506769682898327,-0.02602633500734175,-0.019164329862245033,0.06375958770513535,-0.04831432923674582,0.11984802037477493,0.2817081634757075,0.6190832520192816,26.0001544087527,-0.08143559618077804,0.09988023654624215,-0.012134809734704568,0.0007865280003898079,1
13.428584575653076,-0.023669281974434853,-0.07071130722761154,0.38425472378730774,0.024132411920022183,0.03580503911563196,0.005190838575351446,0.017942993927878348,-0.0264374759178736,-0.018029387957332776,0.040930915623903275,-0.07456424087285994,0.13888540863990784,0.27815719947972706,0.6315774608070057,25.99512383490986,-0.07261994082548767,0.1134933431371427,-0.014238486749710377,0.002498503999959212,1
13.438459157943726,-0.02347603254020214,-0.07037808746099472,0.3842867612838745,0.015781177286311888,0.04311954971376893,0.001594312297482951,0.018633337303741726,-0.027757407926638056,-0.01606025336209793,0.04908309131860733,-0.07625339925289153,0.12139043956995012,0.29982053528362584,0.6250179913506002,26.003681964924834,-0.0768688780919507,0.11735361901327566,-0.012966538143639846,0.0007788439997966634,1
13.448580026626587,-0.02328444831073284,-0.0699840635061264,0.38430678844451904,0.02181524417302925,0.04081419477062246,0.003984790956921062,0.019185802697308407,-0.02814422063740496,-0.014851775587844784,0.059035610407590866,-0.05111514776945113,0.1278662383556366,0.2963952459019095,0.626192359079662,25.9985819627318,-0.08384567297576193,0.10662880922311488,-0.013635190184500871,0.0024688199991942383,1
13.4584801197052,-0.023101672530174255,-0.06965682655572891,0.3843311071395874,0.013404085364612205,0.037297490947766826,0.002227723307643242,0.0196674279043485,-0.028806294848047198,-0.013415905324207777,0.04665244743227959,-0.07405944913625716,0.13176344335079193,0.31717311734799625,0.633999074104778,26.002158412159368,-0.07961197703551831,0.12021832517489943,-0.014470750263203625,0.0007822669995221077,1
13.468447923660278,-0.022820429876446724,-0.06896153092384338,0.3843596279621124,0.012844412592988224,0.036427933718655506,0.003498461815154803,0.02033146683159659,-0.029493281765594404,-0.012275258903335473,0.06377433240413666,-0.05276895314455031,0.12704764306545258,0.32917636617700236,0.6378735152320616,26.002586912732916,-0.08019104395814163,0.12130860802811484,-0.014832370660172225,0.0028646329992625397,1
13.478459358215332,-0.022820429876446724,-0.06896153092384338,0.3843596279621124,0.012844412592988224,0.036427933718655506,0.003498461815154803,0.02033146683159659,-0.029493281765594404,-0.012275258903335473,0.06377433240413666,-0.05276895314455031,0.12704764306545258,0.33618181766758914,0.6419782945854382,25.99910824553461,-0.0906410071643893,0.11266761250191912,-0.014573549588009688,0.0007861080011934973,1
13.48858094215393,-0.0225834958255291,-0.06830423325300217,0.38436901569366455,0.012053553018239122,0.0349959358551771,0.001836641240371081,0.021213003443985023,-0.030616288112793377,-0.009588431437487444,0.05959417298436165,-0.04810298606753348,0.13250119984149933,0.3446531838542258,0.6426415540312067,26.005451455521786,-0.0860132521809624,0.1145852198129294,-0.01521163334274226,0.003080174999922747,1
13.498490571975708,-0.0225834958255291,-0.06830423325300217,0.38436901569366455,0.012053553018239122,0.0349959358551771,0.001836641240371081,0.021213003443985023,-0.030616288112793377,-0.009588431437487444,0.05959417298436165,-0.04810298606753348,0.13250119984149933,0.3496895942590918,0.6472485493740257,26.003763007304872,-0.09126075089881996,0.11349176803170893,-0.015717918216449973,0.0007916949998616474,1
13.50859785079956,-0.022482337430119514,-0.0679907351732254,0.384371280670166,0.009764411509083956,0.03381082041887654,0.0010887099099724767,0.021939275863353647,-0.030952433658648193,-0.008307207584396625,0.07506144046783447,-0.04089391604065894,0.12770165503025055,0.3582152640643717,0.654572894968907,26.005325053879847,-0.10120329694049546,0.11103594351236766,-0.01551928774575905,0.00240595899958862,1
13.51847505569458,-0.022385792806744576,-0.06767954677343369,0.3843786120414734,0.00849418716323325,0.03599842262849024,0.0032448421267857125,0.022651522902904286,-0.03160558294995486,-0.00635950752785952,0.04309993237257004,-0.03781236335635184,0.13153299689292908,0.36695449553591375,0.6509842309528606,25.999845115457457,-0.08733952697338865,0.11141513763564943,-0.016271855483175487,0.0008013349997781916,1
13.528588056564331,-0.022238077595829964,-0.06707864999771118,0.38438645005226135,0.003871300725469556,0.029773125416740424,0.002092427202841839,0.023984339476773364,-0.03224812872300076,-0.003729445435480372,0.0619119331240654,-0.02297524549067019,0.1253724843263626,0.37265583445962214,0.657670419268989,26.00277050407743,-0.10291271537846622,0.10698001847955159,-0.01692975047610713,0.002508142999431584,1
13.538345098495483,-0.022238077595829964,-0.06707864999771118,0.38438645005226135,0.003871300725469556,0.029773125416740424,0.002092427202841839,0.023984339476773364,-0.03224812872300076,-0.003729445435480372,0.0619119331240654,-0.02297524549067019,0.1253724843263626,0.38676755542361557,0.6694609435531867,26.00212053181215,-0.10110996178574513,0.10617977853180365,-0.016356002620023055,0.0008123699990392197,1
13.548651218414307,-0.022184889763593674,-0.06678975373506546,0.3843933045864105,0.008752907628558786,0.03387034312235128,0.0028441221985017174,0.024619952679856727,-0.03270783249163278,-0.0018540247268097332,0.05209851637482643,-0.008233593776822073,0.13495829701423645,0.384083224334619,0.6670157324947309,26.00016249481779,-0.09670634435697695,0.09902380560369331,-0.017360307865293724,0.002617449999888777,1
13.558465957641602,-0.022092798724770546,-0.06652676314115524,0.3844044506549835,0.007074375617563101,0.02651330640920975,0.0034488308199491827,0.02525420523337374,-0.032747401425224254,-0.0003954367119871627,0.06388434022665024,-0.010145994834601862,0.1351494938135147,0.3863502842580571,0.6835174648988791,25.99804178911913,-0.10499744701792108,0.10071631853234854,-0.017891927624547683,0.0008137669992720475,1
13.568766355514526,-0.022059718146920204,-0.06625717133283615,0.3844127953052521,0.0017967929461087304,0.03595247491415649,0.0033466644444408895,0.02545820914765562,-0.032914126180255465,0.0007497886596325998,0.039804521948099136,0.0027712865266949094,0.12657375633716583,0.3990795960529175,0.6689736703564555,25.99799636693971,-0.09347115800690109,0.09506303987783034,-0.01737282738830194,0.0013231479988462524,1
13.578443050384521,-0.022059718146920204,-0.06625717133283615,0.3844127953052521,0.0017967929461087304,0.03595247491415649,0.0033466644444408895,0.02545820914765562,-0.032914126180255465,0.0007497886596325998,0.039804521948099136,0.0027712865266949094,0.12657375633716583,0.40667967417988,0.6595517939182751,25.997969826737908,-0.09359428186328923,0.09516930180082368,-0.017385492442164786,0.0008179579999705311,1
13.588565587997437,-0.02205527015030384,-0.06551890075206757,0.3844626843929291,0.0020790581931855517,0.027148082846245196,0.005764043920739883,0.026703976812387786,-0.03265325338541869,0.003972229223103252,0.03907882794737816,0.003842219477519408,0.12339923530817032,0.41140533753844943,0.6782496594272123,25.998197200021803,-0.1025866844201227,0.0943711016819717,-0.018061369123452166,0.002699238999412046,1
13.5984468460083,-0.02205527015030384,-0.06551890075206757,0.3844626843929291,0.0020790581931855517,0.027148082846245196,0.005764043920739883,0.026703976812387786,-0.03265325338541869,0.003972229223103252,0.03907882794737816,0.003842219477519408,0.12339923530817032,0.41264835299173463,0.6841800707654078,25.991228083099614,-0.09778746791429062,0.09379768057071472,-0.017760855748323433,0.0009358560000691796,1
13.608585119247437,-0.022047419100999832,-0.06534314900636673,0.38449037075042725,-0.0033782369359105237,0.017897190503869568,0.0052938825007153075,0.02706373462192202,-0.03233528485895443,0.005300858641960726,0.034142181277275085,0.0313653238117695,0.122799351811409,0.4233557987478678,0.7086292490482391,25.99098151977725,-0.09717756780728545,0.07966351800030616,-0.017839163618803243,0.0024554089995945105,1
13.618464946746826,-0.02208302728831768,-0.06513170152902603,0.3845120072364807,-0.0013125005075593247,0.02752950598888614,0.004200114993385443,0.027412090504480346,-0.032466699870076,0.006491363917186188,0.04687369987368584,0.013567174784839169,0.12456140667200089,0.42757076376040404,0.702475187070844,25.993920610563134,-0.10344825791956837,0.08847030097516453,-0.01826011200898847,0.0007939309998619137,1
13.628578901290894,-0.022086866199970245,-0.0649496465921402,0.38453492522239685,-0.0032154687143754923,0.015298535120183917,0.0049549629834364705,0.02764999120591538,-0.032055234738527005,0.007793373995084618,0.016674764454364777,0.022925773635506644,0.1229403018951416,0.43294324759691327,0.7236822810551014,25.992019247427525,-0.09049406731137709,0.08293160482319438,-0.01843962442894807,0.0024482159988110652,1
13.638521909713745,-0.02214927412569523,-0.06478442251682281,0.3845469653606415,-0.00747513819598476,0.026882449155783035,0.0032072284068935977,0.027784820431066226,-0.03173098441508326,0.009017403743823316,0.01833435706794262,0.04207665845751764,0.11959107220172882,0.4444112064137639,0.709939753350183,25.996388152873916,-0.09032843879963334,0.07274396715745288,-0.018323942713157928,0.0007981920007296139,1
13.648511171340942,-0.022191202268004417,-0.06458858400583267,0.38455620408058167,-0.003993458128721653,0.015371442763576054,0.006474575039327095,0.027994202524824985,-0.03124597336614343,0.010223494547637824,0.02052665501832962,0.03826124966144563,0.11871860921382904,0.4422424390241958,0.726975096542218,25.98826206375072,-0.09315216192720961,0.07271397288460477,-0.01839818131648757,0.002623805999974138,1
13.658540964126587,-0.02226409688591957,-0.06449633836746216,0.38456979393959045,-0.012683057248564033,0.015637038256445437,0.0029383786059348203,0.028036841258191725,-0.030661403774103757,0.012102229658308872,-0.003191949799656868,0.033311292529106154,0.11733770370483398,0.46151324560287676,0.7350965900738099,25.99616958455202,-0.08144202211142985,0.07514598554735477,-0.018430961649687338,0.0008284340001409873,1
13.668597936630249,-0.022359974682331085,-0.0643327534198761,0.384572833776474,-0.006970007477920369,0.01870795895847891,0.004292991509859682,0.028061609802188858,-0.030300090627735088,0.013134163563921497,0.012031194753944874,0.05779438838362695,0.1193835362792015,0.473373073422961,0.7397847353299741,25.997270817361237,-0.08129324928164856,0.0743437717904957,-0.018656731312836086,0.0025514469998597633,1
13.678432941436768,-0.022423092275857925,-0.06422670185565948,0.38459086418151855,-0.01127413848869809,0.01297999543786736,0.006366727875099338,0.02795023979367528,-0.029649092370063634,0.014412694563569417,-0.021801311522722244,0.036290533840656294,0.12424737215042114,0.47475023469844324,0.7448376686914278,25.988425137741245,-0.07219916390710264,0.07068505337334129,-0.01971842495707994,0.0008185160004359204,1
13.688587427139282,-0.022612623870372772,-0.06400240957736969,0.3845873177051544,-0.00798701683274865,0.005907576508280666,0.006651380093710975,0.027743802698252384,-0.029554173600124578,0.015575930197331722,-0.012462735176086426,0.04985903948545457,0.12746934592723846,0.4758304784194386,0.7476921196232214,25.987054169565354,-0.0718801805168202,0.06972958311616377,-0.020109943429952044,0.002700355998968007,1
13.698424339294434,-0.022612623870372772,-0.06400240957736969,0.3845873177051544,-0.00798701683274865,0.005907576508280666,0.006651380093710975,0.027743802698252384,-0.029554173600124578,0.015575930197331722,-0.012462735176086426,0.04985903948545457,0.12746934592723846,0.4688114111949404,0.7649271960556399,25.9860416512086,-0.0765474557093265,0.06238626018975783,-0.020706833972628166,0.0008111829993140418,1
13.708569049835205,-0.022852476686239243,-0.06382524967193604,0.3845674991607666,-0.008834235390576206,0.0054372898052250035,0.00593522888674527,0.027267469332241223,-0.0290064897562492,0.01799241539009966,-0.042337797582149506,0.03655933588743211,0.12701290845870972,0.48594557240056324,0.7497734797109014,25.998761598453445,-0.07579660531299531,0.061200624290404286,-0.01923004726238538,0.0028901959994982462,1
13.71842885017395,-0.022852476686239243,-0.06382524967193604,0.3845674991607666,-0.008834235390576206,0.0054372898052250035,0.00593522888674527,0.027267469332241223,-0.0290064897562492,0.01799241539009966,-0.042337797582149506,0.03655933588743211,0.12701290845870972,0.4785594215067486,0.7627228487236966,25.98977981903618,-0.06046206313840345,0.06736201059847965,-0.020947908349011238,0.0008174690010491759,1
13.728569507598877,-0.022970952093601227,-0.06382197886705399,0.384562611579895,-0.018407184626150985,0.006156602884850586,0.0025688952387555256,0.02685526153552198,-0.028110182900947134,0.019146557559250432,-0.024682149291038513,0.038194879889488234,0.11018846184015274,0.4954538501745845,0.7698206098548004,25.997162140159904,-0.06770586105370176,0.06497685496382503,-0.019713384358359058,0.0024436050007352605,1
13.738365650177002,-0.02312701940536499,-0.06375103443861008,0.3845309019088745,-0.011991879924071795,0.008976696963214943,0.002031499045284083,0.026348722961332616,-0.028134621220746947,0.020851371632705007,-0.032975953072309494,0.05430249869823457,0.11444205790758133,0.49071604498501165,0.7656118816351395,25.999994813590277,-0.061943711181614125,0.0563252768541387,-0.020177445031073157,0.0008238249993155478,1
13.7485671043396,-0.023230481892824173,-0.06375078856945038,0.38452160358428955,-0.01691482402611472,0.0004035995059501934,0.002281886275415056,0.025926974729889807,-0.027102022195537145,0.022044973541562207,-0.042976014316082,0.008809758350253119,0.11188199371099472,0.5017206165569537,0.7804532914163103,25.999611296252443,-0.05650126296968474,0.07640426050548386,-0.020287340567730502,0.002499831000022823,1
13.758372068405151,-0.02340743876993656,-0.06373350322246552,0.3844844698905945,-0.01698075793123073,0.007581724796126997,0.002668097388763002,0.025594631330192907,-0.027505348655545436,0.02329487743720593,-0.03267725557088852,0.037198744714260115,0.1200515627861023,0.5076141524405328,0.7726587380594734,25.998779145338148,-0.05980550486864789,0.06374400597054566,-0.02136111199137725,0.0008380029994441429,1
13.768609285354614,-0.02351485751569271,-0.06373947858810425,0.3844849765300751,-0.012730202649030057,-0.0013326296371678804,0.005797959824548678,0.02476819860094759,-0.026519511832256093,0.024702860944133764,-0.04621751978993416,0.015472557395696652,0.10402092337608337,0.501026507842696,0.7845822657158315,25.990473669061707,-0.05284158262068499,0.07243314669036025,-0.019993353911390076,0.0031540710006083827,1
13.77877688407898,-0.02367847040295601,-0.06375373899936676,0.384468138217926,-0.02199633978701734,0.004746627975069403,0.00044455613455178945,0.024516518949824206,-0.02681585416157528,0.025784247659102366,-0.0319489985704422,0.021153537556529056,0.09554783999919891,0.520520707810404,0.7791697314984961,26.003232081984958,-0.05763920449646965,0.0697112463880585,-0.019000690392869744,0.0012229900003148941,1
13.788445711135864,-0.023807357996702194,-0.06374847143888474,0.38444754481315613,-0.009955226443963893,0.0007090385182379766,0.00691138626974027,0.02405065120385741,-0.025990244498575787,0.0267203324894143,-0.050607796758413315,0.014349248260259642,0.1105133444070816,0.5326374877543247,0.7759142379697473,26.005154284663767,-0.057379715009993844,0.07001933525939054,-0.018899940899413943,0.0010489360010978999,1
13.798583269119263,-0.024093616753816605,-0.06378641724586487,0.38438543677330017,-0.015565596521319235,-0.00051360024675968,0.003900814566214348,0.023463991070229007,-0.026025415393091667,0.027961065217498415,-0.05038202926516533,0.03387145325541498,0.09308516979217529,0.5103806643256059,0.7795730954785717,25.9887637419805,-0.04719181193819652,0.06992712420650878,-0.02065064226129116,0.0019141779994242825,1
13.808447122573853,-0.024093616753816605,-0.06378641724586487,0.38438543677330017,-0.015565596521319235,-0.00051360024675968,0.003900814566214348,0.023463991070229007,-0.026025415393091667,0.027961065217498415,-0.05038202926516533,0.03387145325541498,0.09308516979217529,0.5105613845166956,0.7836766798470183,25.994403445442348,-0.04557563369946364,0.06085017701543545,-0.01937998557603182,0.0008160020006471314,1
13.818608283996582,-0.02438695728778839,-0.06388793140649796,0.3843270540237427,-0.017502093690013085,-0.0006635558828013433,0.002134042500580966,0.022268814360496325,-0.025599693066454154,0.03048145090619947,-0.05646734684705734,0.020524473860859885,0.10314536839723587,0.5180623662467142,0.7940578649432141,26.001270468571082,-0.05361535844260531,0.06053798115759657,-0.020167305582173355,0.003210156999557512,1
13.82844352722168,-0.02438695728778839,-0.06388793140649796,0.3843270540237427,-0.017502093690013085,-0.0006635558828013433,0.002134042500580966,0.022268814360496325,-0.025599693066454154,0.03048145090619947,-0.05646734684705734,0.020524473860859885,0.10314536839723587,0.5222312381707862,0.7896809165600782,26.00117473068455,-0.03911729685253883,0.0663255193108578,-0.02082942953482261,0.0008029410000744974,1
13.83856749534607,-0.024488655850291252,-0.06394325196743011,0.3843120038509369,-0.013840035535018658,-0.0034055914576878567,0.005447806336564276,0.021948774053866416,-0.02511802336030078,0.03124641031583897,-0.04066484421491623,0.03141523525118829,0.08732828497886658,0.5141956032742271,0.7936882113120457,25.992545903107324,-0.0461406098259708,0.05923017380235669,-0.01936325475552928,0.0025245569995604455,1
13.848467111587524,-0.024629585444927216,-0.06400206685066223,0.38428691029548645,-0.020829508079687937,-0.0025508567009945634,0.0025015517404746346,0.02160295369053422,-0.024937705198445848,0.03223320111547423,-0.026761997491121292,0.022904640063643466,0.08721217513084412,0.5272587330507059,0.7946957187480103,25.998998065746264,-0.05199527728164325,0.06352295545364274,-0.019204752145550417,0.0007963059997564415,1
13.858671188354492,-0.02477235533297062,-0.06406329572200775,0.3842669129371643,-0.01406710594312537,-0.005084658552318459,0.00460068738143442,0.021125555766556836,-0.02478555085638634,0.03314359125744426,-0.02985265478491783,0.025475174188613902,0.09092796593904495,0.5195855790297391,0.7998945248941539,25.994628664239034,-0.04943960076106661,0.061223584097656145,-0.01971352682400327,0.0026013860006059986,1
13.868725776672363,-0.02490518055856228,-0.06413057446479797,0.3842456340789795,-0.020698631178044515,-0.003998484026973758,0.002126342593171933,0.020996864997684384,-0.02434740535030011,0.033954899041238384,-0.012460625730454922,0.027093317359685908,0.07682521641254425,0.5302488550405963,0.8019052218693353,26.000458188609773,-0.05752796048870121,0.05974060242253933,-0.018447486313362634,0.0007988889992702752,1
13.878646612167358,-0.025051606819033623,-0.06419812887907028,0.38421598076820374,-0.01601942814677015,-0.005488064617823141,0.004191264035170321,0.02070006196318852,-0.023920962272022006,0.03502324115458233,-0.02199077047407627,0.04217613860964776,0.07005050778388977,0.5237635380921962,0.804901235411911,25.996033457702605,-0.05267981897675422,0.05106868082324663,-0.017481137267115865,0.002523717999793007,1
13.888391971588135,-0.02516404166817665,-0.06427091360092163,0.38419249653816223,-0.015259734325104057,-0.006108534153158868,0.00232433752575502,0.020602414128652047,-0.023689171158756572,0.0358742036560038,-0.0038177187088876963,0.024786809459328662,0.07348332554101944,0.5204045334305861,0.8100784200982071,26.00036027704685,-0.06106054339250086,0.058635925352911296,-0.01780134174152156,0.0008322760004375596,1
13.898639917373657,-0.025276966392993927,-0.06434660404920578,0.3841572105884552,-0.017297495149909543,-0.0054698847493036525,0.0020681654367720867,0.020740272459264464,-0.023508004324291676,0.036494598122950084,0.003118248889222741,0.033182177692651756,0.06674524396657944,0.5225148782399913,0.812760648860256,26.001720150207408,-0.06465017665653663,0.05417722988532049,-0.017275426076310194,0.00181583600169688,1
13.9085373878479,-0.025276966392993927,-0.06434660404920578,0.3841572105884552,-0.017297495149909543,-0.0054698847493036525,0.0020681654367720867,0.020740272459264464,-0.023508004324291676,0.036494598122950084,0.003118248889222741,0.033182177692651756,0.06674524396657944,0.524104436002478,0.8145258233455882,26.002018557735127,-0.06489282501745891,0.053847154576378,-0.017232001399267085,0.0017484360014350386,1
13.91853404045105,-0.0256043653935194,-0.06459780782461166,0.3840332329273224,-0.016767425454671303,-0.0029653313689321052,0.001798014118122389,0.02085359775986184,-0.022563599720728078,0.0379462141964213,0.026853222399950027,0.03437242656946183,0.05606953427195548,0.5230154783259768,0.8252259642555719,26.0041985767196,-0.05899865499606585,0.04598065129915399,-0.016238322139234845,0.003272108999226475,1
13.928637742996216,-0.0256043653935194,-0.06459780782461166,0.3840332329273224,-0.016767425454671303,-0.0029653313689321052,0.001798014118122389,0.02085359775986184,-0.022563599720728078,0.0379462141964213,0.026853222399950027,0.03437242656946183,0.05606953427195548,0.5225024968205395,0.8195518511489769,26.003542981910893,-0.07664805984848054,0.050347047457327945,-0.016076357814641607,0.0009131570004683454,1
13.938614130020142,-0.025767240673303604,-0.06477004289627075,0.38394370675086975,-0.018984165008971595,-0.006523438367784409,0.001388853806426193,0.021358043596999998,-0.021531338507998488,0.038809293467642725,0.02987063303589821,0.04826830700039864,0.04325594007968902,0.506460979207537,0.8298394776997198,26.001846606576443,-0.07219611424786608,0.04644396281963307,-0.014351248479092102,0.00258182899960957,1
13.948368310928345,-0.025767240673303604,-0.06477004289627075,0.38394370675086975,-0.018984165008971595,-0.006523438367784409,0.001388853806426193,0.021358043596999998,-0.021531338507998488,0.038809293467642725,0.02987063303589821,0.04826830700039864,0.04325594007968902,0.5152542206125779,0.8324388311459646,26.004501529784235,-0.08019040592504191,0.04070524830477657,-0.014412809196538758,0.0008952759999374393,1
13.958662271499634,-0.025867294520139694,-0.06483417749404907,0.3838958144187927,-0.011419352138161837,-0.00504779631341087,0.0028305370224465175,0.021671013371768133,-0.02139701733964028,0.039001269569698405,0.04276927560567856,0.04887627065181733,0.03726865723729133,0.5028728600063878,0.8330626166040245,26.001351209855823,-0.08751828948335169,0.039167248229743504,-0.013790091167791018,0.0025603859994589584,1
13.968653440475464,-0.025932928547263145,-0.06493141502141953,0.38385751843452454,-0.01641602998691533,-0.00773561843298313,0.002067948426754718,0.022157435265822034,-0.020640496458049995,0.03934833556786588,0.029626430943608284,0.02644964121282101,0.015460234135389325,0.5076764687505899,0.8397602705665815,26.00290941687425,-0.08283516642696798,0.048625203412552345,-0.011410474422930632,0.0008440799992968095,1
13.978666543960571,-0.026013774797320366,-0.06498659402132034,0.38380956649780273,-0.008510065256624632,-0.0031800438068575487,0.0022051641491236305,0.02252089657500278,-0.020597074729251208,0.03941108216386047,0.05719684436917305,0.019692020490765575,0.025891816243529316,0.4928669472346345,0.837441096642931,26.003037621376798,-0.09701192732931371,0.0513009915138508,-0.011968920550610199,0.0024735690003581112,1
13.988500118255615,-0.026010554283857346,-0.06509306281805038,0.3837764263153076,-0.008175655189316284,-0.013822278993780352,0.002160570743778081,0.023297936604138147,-0.01974719798618141,0.03960734341150829,0.036069970577955246,0.0223369263112545,0.008333170786499974,0.4839079659460623,0.8360003324103216,26.00307220410437,-0.0972483582521102,0.05138612747074399,-0.012101091940219143,0.001263988999198773,1
13.998678207397461,-0.0260800588876009,-0.06517300009727478,0.38371846079826355,-0.01587390153298332,-0.001980720851811622,-0.0012389111033926656,0.0235382015080976,-0.02000774614876244,0.039535989403591376,0.043903663754463196,0.025994999334216118,-0.008321370929479602,0.4940549743372342,0.8344967245631552,26.01216242840735,-0.09323612107349821,0.046819808464195235,-0.008507948745356993,0.0024053300003288314,1
14.008536577224731,-0.0260800588876009,-0.06517300009727478,0.38371846079826355,-0.01587390153298332,-0.001980720851811622,-0.0012389111033926656,0.0235382015080976,-0.02000774614876244,0.039535989403591376,0.043903663754463196,0.025994999334216118,-0.008321370929479602,0.500342038628458,0.8337502194968928,26.013672217617472,-0.09351280761772462,0.04707507192435718,-0.007681920545419239,0.0016826410010253312,1
14.01863956451416,-0.02614995650947094,-0.06537118554115295,0.3836308419704437,-0.015483112049716875,-0.007355290509592963,-0.0008075350561396788,0.024203832434047,-0.019384819941769216,0.03955014403759316,0.06251931935548782,0.008038733154535294,-0.0004152725450694571,0.5040841395283479,0.8495615445785498,26.012887636596652,-0.10517554393157297,0.05424434560496435,-0.008336770422395966,0.0007809399994584965,1
14.028650999069214,-0.026173682883381844,-0.06557606160640717,0.383558064699173,-0.012250892733070213,-0.012616186480503524,6.769591917230032e-05,0.025110417898401405,-0.019361269949222937,0.03900929733863201,0.03774143382906914,0.010362850502133366,-0.026400338858366013,0.4838253498737585,0.8675643402812192,26.004008357874753,-0.09347519114867991,0.05974326444539796,-0.005406641721360211,0.0024070760009635706,1
14.038642644882202,-0.026173682883381844,-0.06557606160640717,0.383558064699173,-0.012250892733070213,-0.012616186480503524,6.769591917230032e-05,0.025110417898401405,-0.019361269949222937,0.03900929733863201,0.03774143382906914,0.010362850502133366,-0.026400338858366013,0.4865487288138659,0.8832643077789653,26.00927766859582,-0.09603871973343012,0.05292320437880776,-0.004951269172814315,0.0009172779991786228,1
14.048647403717041,-0.026205426082015038,-0.06564906239509583,0.3835197985172272,-0.0055764242774354504,-0.00785576088728814,0.0021242201062749576,0.025236381795086693,-0.01992872325138162,0.03854783505595627,0.018436992540955544,-0.030772875994443897,-0.031574010848999016,0.47693332496212537,0.8809510657109041,26.004919867122332,-0.08643795302983798,0.07429355451468239,-0.0042651975120775705,0.002390662000834709,1
14.058649063110352,-0.0261601023375988,-0.0657680481672287,0.3834996521472931,-0.0053543941450089816,-0.015009080092484025,0.003587905726517207,0.02552433645928165,-0.019598054930273,0.03812430284311086,0.010740023106336594,-0.0009318488300778032,-0.049629390239715576,0.46715962324483395,0.896309469316228,26.00038658180505,-0.0840566198496615,0.05879605724425789,-0.002062313134564021,0.000806711999757681,1
14.068645715713501,-0.026180973276495934,-0.06585593521595001,0.38345032930374146,-0.009189770561414389,-0.004842763292913395,0.0001841723932331585,0.02548311505238221,-0.02004888947566652,0.03778175931844796,0.010812421329319477,-0.019178841263055805,-0.03997562453150749,0.4726031198960152,0.8830902401448453,26.008940105025072,-0.08287218641892681,0.06930697880438216,-0.0025831092878193036,0.0024058889994194033,1
14.078646421432495,-0.026140542700886726,-0.06596595048904419,0.3834163546562195,-0.001898276568708016,-0.01775248908343953,0.00197733911451022,0.025535642241124368,-0.01973998586776826,0.0371175709235545,-0.01671597734093666,-0.021008690819144256,-0.0503711998462677,0.4588798787154334,0.9032988514101042,26.00553343760019,-0.07071936835992033,0.0688232106799239,-0.0014631857498073862,0.0008268279998446815,1
14.088645935058594,-0.026124000549316406,-0.06607767194509506,0.38337743282318115,-0.008888974775921134,-0.004863347402498528,-0.00288307155769275,0.025484797666278425,-0.01996399917643421,0.03667425827300663,-0.010798737406730652,-0.012005183845758445,-0.062002234160900116,0.4660353212820143,0.8875351750956928,26.018068773834784,-0.07199839674300869,0.06557660830442563,0.0001028071011944826,0.0028461940000852337,1
14.098770380020142,-0.0260844174772501,-0.0661252960562706,0.3833296298980713,-0.0004606285707085131,-0.01169298402926836,-0.000315564110961228,0.025166670524182422,-0.01997628408317409,0.03564135285245573,-0.020459549501538277,-0.0013903374783694813,-0.05688910558819771,0.4498453509298815,0.8923190334011454,26.013262751631306,-0.06749541721821163,0.05946585183977139,-3.3881487763633015e-06,0.0015973599984135944,1
14.10845136642456,-0.026055017486214638,-0.06627853214740753,0.3832811415195465,-0.0105763757368822,-0.014807900425264696,-0.0027010520218760234,0.02468154870621664,-0.020470741329088327,0.03500213006310293,-0.05479695275425911,0.005142397247254839,-0.0785946324467659,0.44000440342758995,0.8953973020715006,26.012697194943613,-0.06696842523307166,0.05942019083204826,9.091559507675745e-05,0.0010751980007626116,1
14.118592500686646,-0.02596479095518589,-0.06647802144289017,0.3831861615180969,-0.0040866020160732755,-0.013788973912009294,-0.000505244124400028,0.02424260526856603,-0.020313275067443293,0.03405916983122559,-0.0408763661980629,-0.031507439911365516,-0.07262972742319107,0.45824093909726593,0.9008849957402866,26.018956436129226,-0.048863234364146996,0.05850503693410602,0.0025092913411593923,0.0025724000006448478,1
14.128611326217651,-0.02592925727367401,-0.06653432548046112,0.3831322193145752,-0.002919950515015879,-0.0037972601156245063,-0.0015759355224750377,0.023784645520461556,-0.020579864327011865,0.033362969865289305,-0.07610633969306946,-0.017718208953738223,-0.08872505277395248,0.45602558815380667,0.9030300011499001,26.01454251441463,-0.054100124858859046,0.07566714639312822,0.0025655585457240167,0.0008525310004188213,1
14.138424158096313,-0.02592925727367401,-0.06653432548046112,0.3831322193145752,-0.002919950515015879,-0.0037972601156245063,-0.0015759355224750377,0.023784645520461556,-0.020579864327011865,0.033362969865289305,-0.07610633969306946,-0.017718208953738223,-0.08872505277395248,0.4504563207300265,0.8780127736852631,26.01721105797837,-0.03448449180665486,0.06966656214669348,0.004414695566590127,0.0008109030004561646,1
14.148634910583496,-0.025792008265852928,-0.06671223044395447,0.38305211067199707,-0.0027481743485140496,-0.0038271141276346983,-0.0014521487861986837,0.021627927201062658,-0.02109118251718911,0.030930149623479952,-0.07932908087968826,-0.03221899643540384,-0.10050474852323532,0.44107407468126536,0.8888051931503931,26.013913633573186,-0.025451511945299973,0.07521479447181346,0.00527287323084539,0.0030794069989497075,1
14.158690214157104,-0.025792008265852928,-0.06671223044395447,0.38305211067199707,-0.0027481743485140496,-0.0038271141276346983,-0.0014521487861986837,0.021627927201062658,-0.02109118251718911,0.030930149623479952,-0.07932908087968826,-0.03221899643540384,-0.10050474852323532,0.4422211532721408,0.8652173075949446,26.017310158975885,-0.026248142309532853,0.0783546544489488,0.006695184042719565,0.00132258900157467,1
14.168716192245483,-0.025700997561216354,-0.0667610615491867,0.383012056350708,0.001038744509474303,-0.01263391784781058,-0.00030630352434885975,0.020494480239793056,-0.021617695637135892,0.029898716877948317,-0.11444263160228729,-0.04470665752887727,-0.10696728527545929,0.4362258739026397,0.8658758524327087,26.015062074231157,-0.0065412629784483076,0.08580852201392472,0.007860978645831927,0.0010069589989143424,1
14.178621530532837,-0.02563122659921646,-0.0668734610080719,0.38298511505126953,-0.002530337991052896,-0.00835346897037926,0.001408529099512944,0.01965232824233043,-0.02196098259748691,0.028864977324086993,-0.11000209301710129,-0.03849172964692117,-0.11115680634975433,0.4398187879632385,0.8549226379727812,26.010402974822853,-0.005579290743745424,0.08413937954937091,0.008758992611582127,0.0008107639987429138,1
14.189090967178345,-0.02554970048367977,-0.06689148396253586,0.3829631209373474,0.003696049806436055,-0.004053094414546114,0.0016476494503877722,0.018338756625293495,-0.022499675629658267,0.02757268871869023,-0.1240040734410286,-0.04123092815279962,-0.11154276132583618,0.4282039114489067,0.8347226727942579,26.00949067048294,0.005534466684782438,0.08642447892723679,0.009219781486356911,0.0026562840012047673,1
14.198426485061646,-0.02544800005853176,-0.06696342676877975,0.38295331597328186,-0.0014576990731843757,-0.010263437418834415,0.0027624263547631226,0.016987127130696056,-0.02277474770561616,0.026489743558153034,-0.13693584501743317,-0.06993934512138368,-0.1298959106206894,0.4357130597308415,0.8321424099230189,26.006460105638297,0.01346342739527447,0.10168483263947664,0.011300040302177745,0.0008748119998926995,1
14.208618879318237,-0.025378616526722908,-0.06698343902826309,0.38294196128845215,0.002990267005904156,-0.0004393041015133926,0.003338722280005804,0.015187598263260771,-0.023707933678579263,0.024447482015323097,-0.11858858168125153,-0.04689884185791017,-0.13255397975444794,0.4399460825800141,0.8309660886315111,26.006027047640284,0.015479024750322746,0.10230775265481432,0.011917891834956042,0.003018501998667489,1
14.218630313873291,-0.025258559733629227,-0.06703165918588638,0.38294991850852966,0.0025389390127869295,-0.01138621103106513,0.0055989911732768575,0.01403820144659429,-0.024124125194286083,0.023084767548519736,-0.1431064009666443,-0.05624279379844667,-0.1362408697605133,0.4309570521194663,0.8054942035233731,26.004817604094693,0.012554955462624692,0.09305722793283276,0.012743551567013362,0.0012548390004667453,1
14.228418588638306,-0.025258559733629227,-0.06703165918588638,0.38294991850852966,0.0025389390127869295,-0.01138621103106513,0.0055989911732768575,0.01403820144659429,-0.024124125194286083,0.023084767548519736,-0.1431064009666443,-0.05624279379844667,-0.1362408697605133,0.427526277351716,0.810490499017536,25.99874540066071,0.026812718958268922,0.09884569172598964,0.013532208810041298,0.0008029410000744974,1
14.238593101501465,-0.025064941495656967,-0.06703038513660431,0.3829752504825592,0.005801568740070293,-0.006613038474458901,0.0053938455008853544,0.01262138519440592,-0.02484237826725355,0.021594035342262785,-0.12000378966331482,-0.05104146897792818,-0.14211252331733704,0.41771442736184655,0.8015962830512505,25.998503206062697,0.020166492167637367,0.09808660835746277,0.014632803930087313,0.0007993790004547918,1
14.248697757720947,-0.02486325614154339,-0.06698039919137955,0.3830008804798126,0.005769858602617698,0.002225355477927152,0.004092715214729301,0.00932122944032665,-0.02597167549507473,0.017760930299135502,-0.13570469617843628,-0.05713201314210894,-0.1642071008682251,0.42704658337853063,0.7728248817151587,26.003458335979666,0.031938241883517626,0.10846813878204212,0.016109290655685792,0.0028334119997452945,1
14.258658170700073,-0.02486325614154339,-0.06698039919137955,0.3830008804798126,0.005769858602617698,0.002225355477927152,0.004092715214729301,0.00932122944032665,-0.02597167549507473,0.017760930299135502,-0.13570469617843628,-0.05713201314210894,-0.1642071008682251,0.418594466123678,0.7498105122982015,26.003010822334378,0.03828795329767539,0.10452309909182939,0.018241175406553522,0.0008203319994208869,1
14.26842975616455,-0.02476518787443638,-0.06696034222841263,0.3830130994319916,-0.001979621358112021,0.0003866619678590917,0.002424989595567604,0.008414424330089876,-0.02630026503019023,0.01615604671076909,-0.1112917810678482,-0.03860415890812876,-0.1619465947151184,0.4301633040432059,0.7399893918491348,26.007165825521664,0.0287270107095194,0.0969216744161737,0.01878959740917831,0.001368687999274698,1
14.278666734695435,-0.024702521041035652,-0.06687723845243454,0.38301101326942444,0.002489544685570883,0.0073716011828122265,0.002327385590308961,0.007033495429798364,-0.027185010723917546,0.014489525940792891,-0.12809282541275024,-0.06406736373901369,-0.1645490974187851,0.4302894466744498,0.7132743322645755,26.00834206344152,0.04149989436498339,0.11160073870406104,0.019441476698565628,0.0013823070003127214,1
14.288670778274536,-0.02458808571100235,-0.06679162383079529,0.3830163776874542,0.00396807583214332,0.004979473077862369,0.0021891002730011315,0.00607932890449403,-0.027292107379287334,0.012644099661464736,-0.10091395676136017,-0.057792607694864294,-0.16800789535045624,0.42577650741625783,0.7025940065785129,26.00891270685118,0.03073013887685882,0.10888695791929585,0.020338072137707507,0.0008545559994672658,1
14.29844331741333,-0.024490738287568092,-0.06668810546398163,0.3829962909221649,0.004229236377317947,0.007994432940266128,0.0006078636756007864,0.0051912039140007415,-0.02790103728941462,0.010954777350365763,-0.09183774143457413,-0.03771486133337023,-0.1837625652551651,0.42163771587658266,0.6876865651276843,26.01330897157158,0.028861700862024834,0.10056452056522562,0.022550131364086814,0.0025321699995402014,1
14.308675050735474,-0.024406498298048973,-0.06655649095773697,0.3829711079597473,0.001570080867979726,0.01151753682792433,-0.0013837021467725313,0.003849110394573696,-0.02856545606291938,0.008084022715581174,-0.08434455841779709,-0.04425057023763659,-0.18675878643989563,0.42711946723927985,0.6678819361508841,26.019288945612,0.027441945596568526,0.1049524317832415,0.02352541231268548,0.00285164100023394,1
14.318338394165039,-0.024308733642101288,-0.06641094386577606,0.3829323947429657,0.003994624128815603,0.009346218784881856,-0.0017967896756518114,0.0034055712302833996,-0.02878331766170561,0.006283296499765445,-0.0552026741206646,-0.04226756095886233,-0.20171016454696655,0.4301501754481765,0.6557772551387557,26.02023656638391,0.029234979856311856,0.10594149743008843,0.024095846715754717,0.0010621370001899777,1
14.328618288040161,-0.02423992194235325,-0.06625612825155258,0.382880300283432,-0.002105641411152104,0.016028320416818162,-0.0031526582318138255,0.0029213792978843856,-0.029228700814826425,0.004209707336638058,-0.05798377841711044,-0.010146489366889024,-0.1961267590522766,0.4381008139417409,0.6375775646996107,26.025133157287637,0.01863226933973717,0.09056310950486801,0.025704410967212,0.0015284930013876874,1
14.338441848754883,-0.02423992194235325,-0.06625612825155258,0.382880300283432,-0.002105641411152104,0.016028320416818162,-0.0031526582318138255,0.0029213792978843856,-0.029228700814826425,0.004209707336638058,-0.05798377841711044,-0.010146489366889024,-0.1961267590522766,0.4427587628601664,0.626250544817467,26.02600148403521,0.01905899096671936,0.09090513940985706,0.02631120855407766,0.0008278060013253707,1
14.348365068435669,-0.024075642228126526,-0.06584996730089188,0.38275912404060364,0.0012498321077878789,0.013309013099468149,-0.003821168089135868,0.002385079783298494,-0.0293410060923871,0.0022362943605593877,-0.04539328068494797,-0.006039636209607149,-0.19562584161758423,0.4368803583225326,0.6239635363797901,26.02840265851261,0.0141296279538962,0.08885752491871304,0.026768380910039673,0.0010909819993685232,1
14.358618259429932,-0.023945270106196404,-0.0653466060757637,0.38262683153152466,0.007038677119316006,0.018106723202299148,-0.0009878034221476831,0.002003059803379781,-0.02948278297757012,-0.0029776033327708618,-0.021730724722146988,-0.0035004306118935607,-0.21345970034599304,0.43427059625903774,0.5930713787204318,26.0356027045754,0.0034933091633542693,0.09889672309910977,0.028948216293735028,0.0035750990009546513,1
14.368662595748901,-0.023945270106196404,-0.0653466060757637,0.38262683153152466,0.007038677119316006,0.018106723202299148,-0.0009878034221476831,0.002003059803379781,-0.02948278297757012,-0.0029776033327708618,-0.021730724722146988,-0.0035004306118935607,-0.21345970034599304,0.4159627109575066,0.5922479821525791,26.02297644795067,0.0035911183022753995,0.08760728399781549,0.03023695412790064,0.0008649629999126773,1
14.378428220748901,-0.02390698902308941,-0.0650768056511879,0.3825644254684448,-0.00396938480309723,0.028863124551363976,-0.005262228198211424,0.0021373027537308076,-0.029685208925391837,-0.004931169475292929,0.009762982837855816,0.011062867939472172,-0.21074320375919342,0.43029743426566547,0.5692931490047546,26.03226583846808,-0.011309899436124853,0.08182703927329145,0.030599142170651693,0.0008219390001613647,1
14.388622045516968,-0.02379584312438965,-0.06443784385919571,0.3824741840362549,0.0003460188241088426,0.029717139900062587,-0.003810144021668889,0.002383899095544706,-0.029180938433716275,-0.009312501562994235,0.019002452492713928,0.0019384965999051657,-0.22057130932807922,0.4115949004491286,0.560498866314861,26.021978335009443,-0.005199082456803724,0.0803587553478022,0.03140665992815619,0.0024482150001858827,1
14.398644924163818,-0.02379584312438965,-0.06443784385919571,0.3824741840362549,0.0003460188241088426,0.029717139900062587,-0.003810144021668889,0.002383899095544706,-0.029180938433716275,-0.009312501562994235,0.019002452492713928,0.0019384965999051657,-0.22057130932807922,0.41560874857903135,0.5471763678871809,26.028712636252905,-0.016764725550743036,0.08439741604966529,0.03270919559634526,0.0009693119991425192,1
14.408482789993286,-0.023782236501574516,-0.06408549100160599,0.3824297785758972,-0.0005942700915417853,0.03070744499642018,-0.002190047636770442,0.002957073020862566,-0.02930781523931003,-0.012658158822456578,0.03079528734087944,0.017326302826404544,-0.22203975915908813,0.41803251643811906,0.5380465678699399,26.025519805870573,-0.02438965839276154,0.07722283141453413,0.033766429464689815,0.002626950001285877,1
14.418622970581055,-0.023762088268995285,-0.06370636820793152,0.38240745663642883,0.0037537094105056083,0.03415293991134911,-2.3745314543130265e-05,0.00313793334998147,-0.029057887855507225,-0.013823714050124725,0.02286994457244873,0.033464554697275134,-0.22721999883651733,0.4195338707458036,0.5325066446643295,26.025046548780555,-0.0245518106966986,0.07710399448724427,0.034006222660094836,0.0010947549999400508,1
14.428444147109985,-0.023723915219306946,-0.06333181262016296,0.38239893317222595,0.0019931555955065914,0.03135423362067899,0.0008119792989215061,0.0037642280820611163,-0.028666068319513904,-0.017091614317942927,0.04030369594693184,0.021657789126038524,-0.22969894111156464,0.41069365510863537,0.5284566380114692,26.017170437909016,-0.030688635825468664,0.07335104508843557,0.03529911961107335,0.0026443400001880946,1
14.438674211502075,-0.023735295981168747,-0.06291250884532928,0.38240423798561096,-0.00038828848394183775,0.04253807663878001,0.001985925956435692,0.004253537448907885,-0.02834799273074129,-0.019529049575985002,0.03836652636528015,0.046052858233451816,-0.2255096733570099,0.405361556874907,0.5250249989789744,26.01604276753824,-0.03165790435805473,0.07277404391877079,0.03597296072648147,0.0010889570003200788,1
14.448455333709717,-0.023719284683465958,-0.062060389667749405,0.3824681043624878,-0.0036401617878853145,0.03949446976458399,0.004622270823235713,0.004682165213481859,-0.027677790723747098,-0.021793224680782153,0.03626011312007904,0.02713911607861516,-0.24005737900733948,0.4045936382564008,0.496761745981714,26.012734810798566,-0.03102649492861274,0.05991890945020633,0.036092844171628044,0.002626180999868666,1
14.45849609375,-0.023719284683465958,-0.062060389667749405,0.3824681043624878,-0.0036401617878853145,0.03949446976458399,0.004622270823235713,0.004682165213481859,-0.027677790723747098,-0.021793224680782153,0.03626011312007904,0.02713911607861516,-0.24005737900733948,0.4103853522337286,0.48423768862913713,26.005029696186405,-0.031625848867072114,0.06748207468386727,0.03808006381559292,0.0008097159989119973,1
14.468623161315918,-0.02372475154697895,-0.0610966794192791,0.3825985789299011,-0.0002803996301359602,0.03868287429202719,0.007590305526312413,0.005763092633469746,-0.02659113297748883,-0.027675960002802924,0.029747283086180687,0.058677185326814624,-0.2408171147108078,0.3898743569827434,0.469170034127566,25.994553731822258,-0.03767016267470229,0.07205324409917993,0.039343698311150845,0.002522810000300524,1
14.478431463241577,-0.02372475154697895,-0.0610966794192791,0.3825985789299011,-0.0002803996301359602,0.03868287429202719,0.007590305526312413,0.005763092633469746,-0.02659113297748883,-0.027675960002802924,0.029747283086180687,0.058677185326814624,-0.2408171147108078,0.3867970623362309,0.4675469929813573,25.994144968735117,-0.03168206976551996,0.04853481262314767,0.03993359736471105,0.0009268459998565959,1
14.488598108291626,-0.02377164363861084,-0.06057657301425934,0.38266175985336304,0.003374920541108331,0.04818196593551092,0.00863600431810725,0.006334486073013679,-0.026800025794623483,-0.030023894627120296,0.04860635846853256,0.023667508736252757,-0.23174159228801727,0.38038446600883097,0.4453810407978021,25.991175886822283,-0.04168082687259619,0.06585980271451,0.039528858705467435,0.0024563169990869937,1
14.498557329177856,-0.02375057525932789,-0.06008153408765793,0.38276800513267517,0.004534905858016517,0.03816656766135338,0.012464951757384716,0.006820562791080231,-0.0257869962040691,-0.032520878581095314,0.03724059835076332,0.02169688977301118,-0.23412878811359406,0.3694656196550803,0.45290099769946707,25.980310844699176,-0.03857843929383762,0.0641140545796653,0.04012093341578816,0.0008371650001208764,1
14.508445739746094,-0.023806525394320488,-0.05956710875034332,0.3828670084476471,-0.0017863086939659246,0.05010979249823287,0.009292484289229807,0.007187247535775043,-0.025822166159884752,-0.034681225799475524,0.03715861961245537,0.044484641402959796,-0.24340486526489258,0.37721647769592986,0.4296371670290848,25.986614583715642,-0.03837799158328084,0.05346679420127669,0.041621956656251465,0.002524556000935263,1
14.518464803695679,-0.023815155029296875,-0.0590292364358902,0.38298821449279785,0.007775485176167089,0.04174643750399342,0.01457007328115757,0.007905772708792558,-0.025455886440229225,-0.03732689265265421,0.06474003940820694,0.032987024635076495,-0.22793222963809967,0.35783466820771226,0.43546284796954826,25.973343758034815,-0.05490210495915605,0.05699837695606691,0.040818984100200024,0.0008756499992159661,1
14.528451442718506,-0.02385261096060276,-0.0585135780274868,0.3831094205379486,-0.003286927759160469,0.048321578653845204,0.009361478535245445,0.008503621849718535,-0.024788914877317936,-0.039408352346041564,0.05278652533888817,0.06685581058263776,-0.2301442176103592,0.3686867939208319,0.4249263135812865,25.984843091543087,-0.04947912945901409,0.040323981261165626,0.04096795706571202,0.002903325999795925,1
14.538452625274658,-0.023896612226963043,-0.057950954884290695,0.38322094082832336,0.006592027463113976,0.045663233823337236,0.013028712042973171,0.009472231464472625,-0.02421150298880015,-0.04292733257337433,0.06515683233737946,0.024356150999665233,-0.21828922629356384,0.37547519103076904,0.4172880171173607,25.98619357227427,-0.05025979084408382,0.039072642966046935,0.04125145352981601,0.001056060000337311,1
14.54845380783081,-0.02392483875155449,-0.05742418393492699,0.3833470344543457,-0.0019751572894480193,0.04617289826249603,0.01001728885076029,0.010182496883073267,-0.02395162335668255,-0.04494769828188039,0.07523008435964584,0.045765414834022494,-0.22349001467227936,0.3578660118450426,0.4186775166562213,25.97649692110982,-0.059401478363133225,0.057629980937442676,0.04067969406425957,0.00346376500056067,1
14.55844759941101,-0.02392483875155449,-0.05742418393492699,0.3833470344543457,-0.0019751572894480193,0.04617289826249603,0.01001728885076029,0.010182496883073267,-0.02395162335668255,-0.04494769828188039,0.07523008435964584,0.045765414834022494,-0.22349001467227936,0.3650650664035583,0.41993874006102866,25.982368965470805,-0.06649418975688993,0.04738773401406935,0.041464909432622224,0.0008153729995683534,1
14.56859803199768,-0.024128101766109467,-0.055767834186553955,0.3836657404899597,0.00021227773526621017,0.044699054183036484,0.00818528896571184,0.012129297455454324,-0.023001758182854104,-0.05014487729290584,0.09009876847267151,0.030288264155387854,-0.19915764033794403,0.36298018458233594,0.41295712400153656,25.981581812628054,-0.06201415801193349,0.047868776394104244,0.04056417835457717,0.00269064799977059,1
14.578437089920044,-0.024128101766109467,-0.055767834186553955,0.3836657404899597,0.00021227773526621017,0.044699054183036484,0.00818528896571184,0.012129297455454324,-0.023001758182854104,-0.05014487729290584,0.09009876847267151,0.030288264155387854,-0.19915764033794403,0.36298777381522745,0.41906734275129454,25.986808163724497,-0.07952403974679839,0.052011039884139895,0.03975962070879658,0.0008404479995078873,1
14.588611841201782,-0.02417966164648533,-0.05522080883383751,0.38376152515411377,0.002549022569980498,0.048491545004149,0.008327226194187286,0.01305131502138579,-0.022613916478227303,-0.05222173128453633,0.081150583922863,0.022946044802665686,-0.20652799308300018,0.35777557455953624,0.4129888487662482,25.98693585067377,-0.0776410817927677,0.054441183780693736,0.04071414367330822,0.0020636469998862594,1
14.598427295684814,-0.02424989640712738,-0.054657742381095886,0.38384300470352173,0.0016353990169789175,0.04648610203717527,0.007273984161621622,0.013852850929101379,-0.022550464652485225,-0.05400766196111917,0.08079371601343155,0.012040589004754998,-0.19055436551570892,0.3577059516659028,0.41376941122498934,25.98939666466237,-0.07989690345441947,0.05985026535782777,0.03952622178068432,0.0008658709994051605,1
14.609266519546509,-0.024327600374817848,-0.054110318422317505,0.3839171528816223,-0.00031566008004103586,0.046311572193699614,0.0060003339332367015,0.01497584683289821,-0.022437954991940234,-0.05580212857749922,0.0976996123790741,0.0005884407437406261,-0.178885355591774,0.3630796334882891,0.41838812944710235,25.992990642628058,-0.08997548223378829,0.06569207371909719,0.03812256699259555,0.0012421970004652394,1
14.61843752861023,-0.02442909963428974,-0.05354936420917511,0.383981853723526,-0.003396915410569594,0.046972859652913715,0.003847824666424315,0.01578684067662417,-0.02251904938040372,-0.057591795003377744,0.08832813799381256,-0.015473021194338821,-0.17948675155639648,0.37606716466859724,0.4178983970273506,25.99867442368233,-0.08931252240796343,0.07417759459469767,0.03836760735198302,0.0008715289986866992,1
14.628627061843872,-0.02454962581396103,-0.05301525443792343,0.3840278685092926,-0.002537840092658919,0.04337931796900208,0.004183550352536249,0.01684634996778911,-0.022949270814286216,-0.05928024749997185,0.10148739814758301,-0.024298159405589125,-0.16930538415908813,0.3835571374824188,0.42721408582391557,25.998391238002935,-0.09917983400394206,0.07983657368296192,0.03763761476908325,0.002787104000162799,1
14.638461589813232,-0.024662775918841362,-0.052464209496974945,0.3840731084346771,-0.0024053685101202934,0.04621773585828298,0.0020510815682668357,0.018162871534279645,-0.023379285398883454,-0.061604453860292896,0.08634130656719208,-0.041828252375125906,-0.1536984145641327,0.3880582097905692,0.4328213349681468,25.998331977535514,-0.0993051689093508,0.07992665631950505,0.03746881246277363,0.0010653489989636,1
14.648630619049072,-0.02479042112827301,-0.05193745344877243,0.38410651683807373,-0.0025124784511126206,0.04189356789255424,0.002527065657597413,0.019270224650365098,-0.02413892229694392,-0.06319656857458389,0.08886638283729553,-0.056735511869192144,-0.15664710104465485,0.3970122286040093,0.4418072519879248,26.002384650499483,-0.09865297647722006,0.09848613493745476,0.03654744638101787,0.002537337999456213,1
14.658460855484009,-0.024913299828767776,-0.05140751600265503,0.3841400146484375,-0.0015120513381774742,0.04619124158672219,0.0015155727974243667,0.020273152216107704,-0.02475079413646064,-0.06463271120617087,0.10633387416601181,-0.0765492543578148,-0.1397436559200287,0.4026274456887119,0.4458827326932527,26.002871618702105,-0.10012259389795193,0.09982522916227325,0.03651523556324092,0.001062834999174811,1
14.668603420257568,-0.025209572166204453,-0.050362784415483475,0.3841700255870819,-0.007376191652054742,0.04448795325121537,-0.0007448229512864404,0.0211414774888965,-0.0255399970601764,-0.06590196988244479,0.07632386684417725,-0.08734270185232164,-0.1386467069387436,0.40827960239777045,0.4403080605885751,26.005514230854253,-0.11122738691998325,0.11144459144692448,0.03494724157637828,0.0027129990012326743,1
14.678431272506714,-0.025209572166204453,-0.050362784415483475,0.3841700255870819,-0.007376191652054742,0.04448795325121537,-0.0007448229512864404,0.0211414774888965,-0.0255399970601764,-0.06590196988244479,0.07632386684417725,-0.08734270185232164,-0.1386467069387436,0.42960301661297456,0.43751570656028904,26.0115825567435,-0.09923625256006066,0.11986855353503863,0.03465482566380989,0.0008533689997420879,1
14.688599109649658,-0.02554689720273018,-0.049387067556381226,0.38419413566589355,-0.010579331517465002,0.03799675038824038,-0.0005028757143727898,0.02344316470744756,-0.027845295896692157,-0.06900311088496736,0.09028027951717377,-0.09830711036920549,-0.10772977024316786,0.43894011636132274,0.45135976828783564,26.00849621721838,-0.11517380221673168,0.1253335753067916,0.03340374812230478,0.002870639000320807,1
14.698441505432129,-0.02554689720273018,-0.049387067556381226,0.38419413566589355,-0.010579331517465002,0.03799675038824038,-0.0005028757143727898,0.02344316470744756,-0.027845295896692157,-0.06900311088496736,0.09028027951717377,-0.09830711036920549,-0.10772977024316786,0.46220784115256475,0.4624810961613066,26.01096332484808,-0.11339535016036534,0.1324565261154029,0.03153312346321683,0.000980278000497492,1
14.708584785461426,-0.025724424049258232,-0.04890436306595802,0.38420844078063965,-0.004459274134744904,0.03959582748050383,0.0018401336709749088,0.02427688631022784,-0.029031750853925065,-0.07033162868702503,0.07758386433124542,-0.11305570602416994,-0.11677266657352446,0.4665907158502175,0.46311959650246975,26.005196912676016,-0.1092975165624695,0.14269420093843255,0.032288772841190964,0.002403653999863309,1
14.718393087387085,-0.025910302996635437,-0.04845273494720459,0.3842158019542694,-0.01135383416426687,0.035441544010447475,-0.000211136902921532,0.0252353582121283,-0.030074176449091272,-0.07122597052796431,0.08296026289463043,-0.1172616332769394,-0.1088297739624977,0.48860905256340803,0.4756448878256027,26.00941579938993,-0.1150803879742633,0.14860675207082427,0.031756622862712414,0.0008190759999706643,1
14.728450298309326,-0.026143092662096024,-0.04800025001168251,0.3842203915119171,-0.010807800564376711,0.03686217975627601,0.0001543943869660862,0.025846693269155452,-0.03145832872734555,-0.0723526883319745,0.06860467791557312,-0.10581365972757341,-0.09064173698425292,0.5041068995036412,0.47824920849715175,26.00899918359125,-0.10958680719951676,0.1469356358137878,0.029872830055150335,0.002553053000156069,1
14.73860478401184,-0.026353374123573303,-0.047578804194927216,0.3842311203479767,-0.011410179274286558,0.030890228314256706,0.001327548813102933,0.026481639838247695,-0.032408505477006244,-0.07320991259265996,0.07122872769832611,-0.1278698444366455,-0.08976273238658904,0.5185284788302604,0.4934529062507404,26.00562821558591,-0.11320918946287556,0.16061993607607267,0.029487716123919008,0.0008451270005025435,1
14.74844241142273,-0.026614151895046234,-0.04717007651925087,0.38424819707870483,-0.016805926040033725,0.0354427249512869,0.00035166448077273907,0.027691079215137915,-0.03441331699745431,-0.07458887250477231,0.05671617388725281,-0.09626212716102601,-0.0709606111049652,0.5271983195672152,0.5026386692010417,26.005082382298873,-0.1132129475837957,0.16081866356179336,0.029397273426987565,0.0031276699992304202,1
14.758378744125366,-0.026844996958971024,-0.04674215242266655,0.3842683732509613,-0.008721399901276017,0.029678521711822753,0.0035490708334026985,0.027971062487381015,-0.03510401135897112,-0.07522906769815974,0.04592563211917877,-0.11519479006528856,-0.06936888396739958,0.5490543025261537,0.49904037794686684,26.00731782112653,-0.10903052688133874,0.1513962210405574,0.02759763098212189,0.0010970589992211899,1
14.768602132797241,-0.027095548808574677,-0.04639951512217522,0.3842954933643341,-0.01857959090023595,0.025393800921667303,0.0018337862614806512,0.02887019937326407,-0.036328811655876425,-0.07589758238439925,0.06029024347662926,-0.10158284008502962,-0.06616576761007308,0.5459391989520077,0.5059226035673068,25.999241706136086,-0.10492614668613333,0.16180580757781773,0.027111967426699173,0.0025152670004899846,1
14.778350353240967,-0.027095548808574677,-0.04639951512217522,0.3842954933643341,-0.01857959090023595,0.025393800921667303,0.0018337862614806512,0.02887019937326407,-0.036328811655876425,-0.07589758238439925,0.06029024347662926,-0.10158284008502962,-0.06616576761007308,0.56926490644258,0.5241360158494501,26.00201422531083,-0.11500899468756054,0.15964593460626506,0.02679796075708579,0.0008421239999734098,1
14.788749694824219,-0.02800922840833664,-0.04537457600235939,0.38438519835472107,-0.024819033214048863,0.030643956740514733,0.0023493415208973344,0.029487346281973803,-0.038373172442217385,-0.07733341428664486,0.01904826983809471,-0.08221744745969772,-0.0528481975197792,0.580180750123896,0.5473799710961054,25.995274553989717,-0.09874782476345632,0.1556620457815456,0.026033546924621898,0.002346870000110357,1
14.79844331741333,-0.02800922840833664,-0.04537457600235939,0.38438519835472107,-0.024819033214048863,0.030643956740514733,0.0023493415208973344,0.029487346281973803,-0.038373172442217385,-0.07733341428664486,0.01904826983809471,-0.08221744745969772,-0.0528481975197792,0.6121170068711463,0.5322105582667425,25.999450114365757,-0.09560270935447766,0.15637437469678359,0.025313991200489827,0.000840726999740582,1
14.811021566390991,-0.028661860153079033,-0.04481983184814453,0.38445937633514404,-0.027332411860843685,0.019503338558615663,0.003738550160953167,0.02965078764830853,-0.03931434092905661,-0.07810381845462988,-0.010981823317706585,-0.05433733761310578,-0.03167332336306571,0.6106788861617425,0.5509837712052057,25.993541570582305,-0.09507883751214673,0.14117159360491344,0.02492454245467905,0.0016032269995776005,1
14.818453311920166,-0.028661860153079033,-0.04481983184814453,0.38445937633514404,-0.027332411860843685,0.019503338558615663,0.003738550160953167,0.02965078764830853,-0.03931434092905661,-0.07810381845462988,-0.010981823317706585,-0.05433733761310578,-0.03167332336306571,0.6364693578820559,0.5556924841595078,25.994867719509124,-0.08209181667200781,0.14508761886362523,0.02291542134969376,0.0008397490000788821,1
14.828661680221558,-0.029033366590738297,-0.04451796039938927,0.3844871520996094,-0.02152694739768004,0.02048685424039958,0.004602081568272396,0.0294138692276511,-0.04007479580762974,-0.07853043746615596,-0.006121960934251547,-0.010566994547843937,-0.028266102075576782,0.6382067888549935,0.5538007316797932,25.992810870902975,-0.08338739993479721,0.12490996157556569,0.02223986844887312,0.002573587998995208,1
14.838465213775635,-0.029370097443461418,-0.044318098574876785,0.38453781604766846,-0.026734398639666892,0.009739206291907438,0.005819594904269937,0.029222583826448822,-0.03978601686082861,-0.07878490626584789,-0.043332505971193314,-0.025302169844508175,-0.025187252089381214,0.6508123671551642,0.5735409015496871,25.98878240001626,-0.06549452965336225,0.13151768075203854,0.02171937180965867,0.0008157930005836533,1
14.848444700241089,-0.029779914766550064,-0.044083964079618454,0.3845677375793457,-0.02780798987159708,0.02055603294159776,0.0035756068955558515,0.028739479990828265,-0.04021557645420204,-0.07884194633994746,-0.04258560761809349,0.021592833101749417,-0.016198040917515758,0.662504074044182,0.5596341312297884,25.9940900598516,-0.0630103838659683,0.10966968265748425,0.02069614765006611,0.002592724998976337,1
14.858622074127197,-0.030143940821290016,-0.04386993870139122,0.3846120238304138,-0.02561259825149209,0.008053546906644178,0.00656695704660488,0.028129898225662142,-0.03934533958182218,-0.07899827069775789,-0.05867617577314377,0.018349898979067802,-0.006649121176451447,0.6696228609483299,0.5512253002054851,25.99487242913331,-0.06301606356847711,0.10925628982935318,0.020459919424259797,0.0010751980007626116,1
14.86844539642334,-0.0305780041962862,-0.04369634762406349,0.38463130593299866,-0.03396683177524208,0.014751826601944627,0.002000230295646623,0.02726034485153095,-0.03943319434512205,-0.07895469669886435,-0.08746248483657837,0.07434892654418945,0.0024443157017230896,0.6652846129132393,0.5699840601071685,25.98688005548247,-0.054423381885948925,0.10809221311330892,0.01939762671498814,0.003077800000028219,1
14.878456830978394,-0.03098565712571144,-0.04350590705871582,0.3846510350704193,-0.0260968580824778,0.008733042521794361,0.005845253353354793,0.026548546475630097,-0.03826988969711653,-0.07894757694990462,-0.07093450427055359,0.055743757635354996,0.013185448944568627,0.66107183242845,0.5743395913722794,25.987632635282164,-0.04437920424709448,0.08808381362616875,0.017045135830771843,0.0008696429995325161,1
14.88860011100769,-0.03186556696891785,-0.0432279035449028,0.38466429710388184,-0.03073041321845099,0.0076926553001469755,0.003379982572463049,0.02556069453883625,-0.037704283564487184,-0.07860652871285723,-0.0863751471042633,0.1032424047589302,0.01830896176397799,0.6597041305005895,0.5767191758008314,25.987679600511115,-0.04321183843754188,0.08615854043979866,0.016503697905025087,0.0033573910004633944,1
14.898363590240479,-0.03186556696891785,-0.0432279035449028,0.38466429710388184,-0.03073041321845099,0.0076926553001469755,0.003379982572463049,0.02556069453883625,-0.037704283564487184,-0.07860652871285723,-0.0863751471042633,0.1032424047589302,0.01830896176397799,0.6686644303383218,0.577429495081427,25.99403903699391,-0.0327482620201948,0.06130493872794074,0.01580158889836447,0.0008207509999920148,1
14.908604145050049,-0.032751552760601044,-0.042991526424884796,0.3846645653247833,-0.03700144583241505,0.0035113168686699632,0.0021358726295696074,0.023253563487125817,-0.034836236302349555,-0.07782468903099682,-0.0844096690416336,0.12704889476299286,0.03392674401402472,0.6764777199845826,0.5791282056349045,25.996752549902915,-0.02271275010979678,0.049405202493805214,0.01480349521639941,0.0031910189991322113,1
14.918368816375732,-0.032751552760601044,-0.042991526424884796,0.3846645653247833,-0.03700144583241505,0.0035113168686699632,0.0021358726295696074,0.023253563487125817,-0.034836236302349555,-0.07782468903099682,-0.0844096690416336,0.12704889476299286,0.03392674401402472,0.6881215244602745,0.5837751817469862,25.998703477189512,-0.027044856696391215,0.04115191262447545,0.013632916539774567,0.0008007760006876197,1
14.928593873977661,-0.03324165940284729,-0.04287537932395935,0.3846539556980133,-0.03705677391363698,0.006853430472473,0.00167359518785404,0.022125907180807314,-0.03335497284007216,-0.07746673393394232,-0.10121676325798035,0.13779374957084656,0.04108057171106337,0.6938163709006337,0.5745292526580394,26.000466535983787,-0.015154809636232714,0.03143178588070494,0.012506279953817008,0.002564925998740364,1
14.938445806503296,-0.03370499610900879,-0.04277227446436882,0.3846365511417389,-0.03608623519353426,0.0006139647298161741,0.0016003354505083932,0.02142280761282578,-0.03205392991056444,-0.07696772003161279,-0.07671312242746353,0.1446903944015503,0.042969342321157435,0.6923899602275903,0.5831562089694193,26.00102943030175,-0.025653325322524165,0.023959716946323893,0.012034067411796641,0.0008053159999690251,1
14.948449850082397,-0.03420589864253998,-0.04269916191697121,0.3846079111099243,-0.0416834316521245,0.004657256832897487,0.000560559991864104,0.020611479038733727,-0.030537669574728366,-0.07627503739908326,-0.0842026099562645,0.1687033623456955,0.06436559557914732,0.7020795206222391,0.577340969692114,26.004053536924935,-0.01929543745329751,0.008129536496987822,0.009494894594128146,0.0024570859986852156,1
14.958621263504028,-0.0346791110932827,-0.042595092207193375,0.38458600640296936,-0.03277721628037365,0.0016748620847561895,0.0031107011849329934,0.019665003591835095,-0.028850891062063955,-0.07588041147833513,-0.08287046104669571,0.1479755938053131,0.061040058732032755,0.6862048198765802,0.5761936979158863,25.998198564100246,-0.01737365308705515,0.012480499576063838,0.009201518768820666,0.0008469440017506713,1
14.968439102172852,-0.03513845428824425,-0.04256002977490425,0.3845670223236084,-0.040839273508333024,-0.0030724854312091194,0.001141749331540736,0.018694389934516664,-0.02649076544856488,-0.07457146816455751,-0.053969964385032654,0.15231908857822418,0.06155858188867567,0.6766099719698425,0.5755201783479869,25.99734204511577,-0.0173476733121198,0.012600292549171725,0.009138152827042572,0.0031475759988097707,1
14.978348731994629,-0.035635221749544144,-0.04246888309717178,0.3845387101173401,-0.03482822700327514,0.006150715568702342,0.0018453368533153719,0.017986394162505803,-0.025102445189425282,-0.0740124142765719,-0.059387125074863434,0.15574848651885986,0.07990482449531554,0.6702137298770536,0.5628532855902826,26.001024274674744,-0.024621442931972395,0.0001913992510291021,0.006877411648879952,0.0008273170005850261,1
14.988845348358154,-0.03654104471206665,-0.04238126054406166,0.38448458909988403,-0.03932553903568566,0.00554479138969596,0.0007732457228099259,0.017542967307035084,-0.023174306583109594,-0.07298657355621074,-0.04186086729168892,0.12969569861888885,0.06571996957063674,0.6677272962487576,0.5551450356803285,26.001652160106413,-0.0237892818965721,-0.0019087190665049722,0.006286884342481985,0.001777841000148328,1
14.998433351516724,-0.03654104471206665,-0.04238126054406166,0.38448458909988403,-0.03932553903568566,0.00554479138969596,0.0007732457228099259,0.017542967307035084,-0.023174306583109594,-0.07298657355621074,-0.04186086729168892,0.12969569861888885,0.06571996957063674,0.6783028298837666,0.5530125030181218,26.00478661705672,-0.03134646181529902,0.0059615988973834,0.007498219173013967,0.0008417749995714985,1
15.008765697479248,-0.03743534907698631,-0.04232995584607124,0.3844267725944519,-0.04050818830902471,-0.0017754079579511669,0.0018806134782713764,0.01683080411620619,-0.020167278845891534,-0.07080223057482193,-0.021482309326529503,0.10260378569364549,0.090466670691967,0.6627051580734233,0.5756684584698797,25.99567108978455,-0.037725376514157014,0.0041028242619772955,0.006815803071306361,0.0026839429992833175,1
15.018431425094604,-0.03743534907698631,-0.04232995584607124,0.3844267725944519,-0.04050818830902471,-0.0017754079579511669,0.0018806134782713764,0.01683080411620619,-0.020167278845891534,-0.07080223057482193,-0.021482309326529503,0.10260378569364549,0.090466670691967,0.6760110431303683,0.58168300575515,26.001310576273905,-0.04020733075725012,0.011122413681311283,0.004580063095612475,0.0008489689989801263,1
15.028625011444092,-0.037876516580581665,-0.04226241633296013,0.38439449667930603,-0.02809754014432412,-3.635956827318882e-05,0.0047858798945305345,0.01681215888305898,-0.01943366617792064,-0.07015899802097003,0.002552863210439682,0.09906691312789918,0.0815581828355789,0.6558467652187976,0.5805963668742755,25.99483784754893,-0.05186598934319746,0.009729539955877319,0.004955684149080281,0.0021017130002292106,1
15.038426637649536,-0.038267832249403,-0.042262524366378784,0.3843786120414734,-0.03441129630992262,-0.007045871722526001,0.0027877978438797853,0.01684304507772838,-0.017957759840180998,-0.06915746302783177,-0.0006908968789502978,0.12465905398130418,0.08830988407135008,0.6536003956190077,0.5969981644156485,25.999187092693944,-0.05123564273842111,-0.006673362952021566,0.004152113469291972,0.0008361180007341318,1
15.048439979553223,-0.03867704048752785,-0.04222193360328674,0.38434067368507385,-0.02604825235599652,0.000490309824526911,0.003436592832953526,0.01685697016986243,-0.017578284447548498,-0.06837041803897659,0.018836546689271927,0.07961630821228029,0.09235427528619765,0.6390499371223622,0.589672044206343,25.998373701571253,-0.06011039540545393,0.013736609727688332,0.0033802482976513274,0.0025110059996222844,1
15.058480978012085,-0.03898869454860687,-0.04222173988819122,0.38433146476745605,-0.024385636687582028,-0.009207596964782518,0.004823413664466518,0.01718613835164451,-0.016096119782990748,-0.06757479695652124,0.03272571414709091,0.08943256735801698,0.07201253622770308,0.6217210273128411,0.6089301758697322,25.99464820832065,-0.06909886590322808,0.004748481970743757,0.005284238512072097,0.0008382819996768376,1
15.06845498085022,-0.03935408964753151,-0.04220457002520561,0.3842991590499878,-0.028624702234960324,0.0019881626372903133,0.002397621257093689,0.017301755391933238,-0.015621749117172179,-0.0665238594723192,0.014789207838475704,0.0963251367211342,0.08754128962755202,0.6231881226907869,0.5944500527581609,26.000721785692626,-0.059557038069984095,0.0003523534697652316,0.0038204661928025567,0.002604388999316143,1
15.078450441360474,-0.03965385630726814,-0.042166538536548615,0.3842841386795044,-0.019095392904859978,-0.008872788386240027,0.006125905546129475,0.01785755212413287,-0.014131174030473481,-0.06530214628146158,0.04383404180407524,0.05394788086414338,0.08003506809473038,0.6240741025357461,0.5857199658704217,26.00163192194216,-0.059443668701380514,0.0002780352152396727,0.0034970006108706025,0.0010941959990304895,1
15.088442087173462,-0.039963942021131516,-0.04219556599855423,0.3842690885066986,-0.02531277016663519,-0.004058043418764906,0.003182641448865956,0.01822473311996342,-0.013955401292870206,-0.06454487356608452,0.039202284067869186,0.09100590646266939,0.08240983635187148,0.6146937311245162,0.597582443332066,25.999768719704598,-0.07430636179352589,-0.0019243904770353433,0.003756425715646817,0.0026178690004599048,1
15.098461627960205,-0.039963942021131516,-0.04219556599855423,0.3842690885066986,-0.02531277016663519,-0.004058043418764906,0.003182641448865956,0.01822473311996342,-0.013955401292870206,-0.06454487356608452,0.039202284067869186,0.09100590646266939,0.08240983635187148,0.6097800185391352,0.6047836923531401,25.999525999444256,-0.0750246132376458,-0.002175699816428504,0.0037136000463719354,0.0008178879998013144,1
15.108448505401611,-0.04069814085960388,-0.042133644223213196,0.38423144817352295,-0.012149672978949574,-0.001785325841021506,0.00584218182719075,0.01939827968507224,-0.01251186562829032,-0.06258988344006866,0.05487177148461342,0.049054637551307685,0.069466732442379,0.5993214773522638,0.6126923641842091,25.996908189434908,-0.07815768918142937,0.015559930855151755,0.0031699174720441836,0.002954035000584554,1
15.11847734451294,-0.04069814085960388,-0.042133644223213196,0.38423144817352295,-0.012149672978949574,-0.001785325841021506,0.00584218182719075,0.01939827968507224,-0.01251186562829032,-0.06258988344006866,0.05487177148461342,0.049054637551307685,0.069466732442379,0.5738647844689705,0.6099740646343887,25.992338867312593,-0.08597677697048481,0.01379370034740908,0.00461851504048088,0.0008495269994455157,1
15.128441095352173,-0.041036125272512436,-0.04215921461582184,0.38422542810440063,-0.00853767246015601,-0.0011556062378824162,0.0046845618634575896,0.020550810301785738,-0.01169527821497196,-0.060959807802183796,0.07192859798669815,0.023176915943622596,0.06947223097085953,0.5556779234780492,0.628568565987666,25.99162200665585,-0.084477172848747,0.006017143614726015,0.004432500986508786,0.0026383340009488165,1
15.138493776321411,-0.041036125272512436,-0.04215921461582184,0.38422542810440063,-0.00853767246015601,-0.0011556062378824162,0.0046845618634575896,0.020550810301785738,-0.01169527821497196,-0.060959807802183796,0.07192859798669815,0.023176915943622596,0.06947223097085953,0.5414796598501472,0.6218750128457371,25.994585430420976,-0.09775221439048438,0.0240136543333989,0.00461047651027715,0.0008843109990266385,1
15.148451805114746,-0.041258830577135086,-0.042194828391075134,0.3842158317565918,-0.009232646795908397,-0.0023507040132595557,0.002684005060307511,0.021556584935291223,-0.01117268524700954,-0.05944920285705679,0.05345982313156128,0.028622325509786616,0.07436008006334305,0.5220663499158696,0.6382264888277084,25.98940302317998,-0.09454618029585886,0.020984589318593625,0.004693071482793146,0.0036336989996925695,1
15.158390045166016,-0.041258830577135086,-0.042194828391075134,0.3842158317565918,-0.009232646795908397,-0.0023507040132595557,0.002684005060307511,0.021556584935291223,-0.01117268524700954,-0.05944920285705679,0.05345982313156128,0.028622325509786616,0.07436008006334305,0.5223098093238723,0.6316651190862385,25.999529010356362,-0.09178581654149641,0.02023983713548427,0.0038620992751134536,0.0008387020006921375,1
15.168626308441162,-0.04131327196955681,-0.042199067771434784,0.38420766592025757,0.0040632690388455765,-0.011616802813842336,0.006619092984604475,0.022315493617866444,-0.011066311586042321,-0.05897808825632911,0.0748991072177887,-0.019599106162786477,0.06616806983947754,0.4944191105038434,0.6498617724539258,25.990558085908944,-0.1054253282990065,0.04269742296255064,0.004476014146556552,0.0024866299991117558,1
15.178460597991943,-0.04134886711835861,-0.04227641224861145,0.38420286774635315,-0.004344506707784647,-0.007613761792147205,0.0025357939048464948,0.023033939559454097,-0.010843543471887429,-0.05820928753147703,0.05978885293006897,0.011145190335810191,0.06263484060764313,0.4947981871555993,0.6542307495514009,25.999973746755977,-0.0988652599368267,0.028283253275182503,0.004940868482471284,0.0009224459990946343,1
15.188611030578613,-0.04134892672300339,-0.042280979454517365,0.3841799199581146,0.00928136706324681,-0.006252405699741663,0.0038251774385260947,0.024003419864112807,-0.01120512099499038,-0.05736444581386557,0.07506079971790314,-0.03202878683805465,0.06765314191579819,0.46872143051037535,0.6553093875728431,25.997993781839764,-0.1085724837522001,0.048572334009960194,0.004358874246489932,0.002281982999193133,1
15.198441505432129,-0.0412994846701622,-0.042360883206129074,0.38416385650634766,0.0019874779064487794,-0.014083141473700543,0.001137876148156078,0.02473460599260857,-0.011664467392631384,-0.05658963962975916,0.07202755659818649,-0.02608689665794372,0.04603966325521469,0.4528572340722966,0.6558362464192589,25.997784525213586,-0.11008521341492272,0.049494105160200565,0.004118083575418488,0.0011929560005228268,1
15.20866870880127,-0.04117244854569435,-0.04250142350792885,0.3840949237346649,0.00995626004202286,-0.02040339642122644,0.002468426887975104,0.025400064553450452,-0.012192560618926596,-0.05624996990433262,0.06988253444433212,-0.025299068540334695,0.06385543942451477,0.4597124247487856,0.6774546328390496,26.00461094928619,-0.1115455584942003,0.04849620226651033,0.006248831685878715,0.003752783999516396,1
15.218790769577026,-0.04109925031661987,-0.04260553792119026,0.3840433657169342,0.008976536812437815,-0.006947235658723595,-0.0016724381112412346,0.026554453444953996,-0.012711899971022067,-0.05521360191336644,0.08073530346155167,-0.04786014556884765,0.0642901137471199,0.4453888311615257,0.7055117334762898,26.002225552883555,-0.11291997305508693,0.04885139274148151,0.004776272589984419,0.0013897810003982158,1
15.228547811508179,-0.04109925031661987,-0.04260553792119026,0.3840433657169342,0.008976536812437815,-0.006947235658723595,-0.0016724381112412346,0.026554453444953996,-0.012711899971022067,-0.05521360191336644,0.08073530346155167,-0.04786014556884765,0.0642901137471199,0.4442940528837497,0.6967544053585742,26.013020207384507,-0.12031049653007864,0.06181345446596485,0.004178406848005126,0.0008868250006344169,1
15.238417863845825,-0.04093954712152481,-0.04269114136695862,0.3839959502220154,0.019911926139847814,-0.018972816045698473,0.0007723109790765658,0.027249561392694854,-0.013035123335519039,-0.05497023726834094,0.06193416565656662,-0.05700588226318359,0.04053663834929467,0.41747809086782295,0.7174192207648382,26.008206008617684,-0.11431338438328435,0.06638147183951512,0.0065580044546895535,0.0008999559995572781,1
15.248682498931885,-0.04077336564660072,-0.04283482953906059,0.38393527269363403,0.011976624735928348,-0.013186062763338105,-0.004995226892240745,0.0280309070568614,-0.013610045360175071,-0.05429063775035292,0.08069788664579391,-0.045767039060592644,0.05327980965375901,0.4208866607042,0.7231751478713978,26.022797722374168,-0.12518143376096588,0.06338466178934998,0.005603793293951524,0.0024846050000633113,1
15.25861930847168,-0.04059365764260292,-0.042924914509058,0.38385432958602905,0.02201967686503092,-0.016248216851448043,-0.004369474015975238,0.02876506864281403,-0.014490808643251807,-0.053952272439264704,0.07199261337518692,-0.07542052865028381,0.043724548071622855,0.4034033109967862,0.7335990063045975,26.02355065136507,-0.12343442836959911,0.07966001642821344,0.006340282709158023,0.0008614010002929717,1
15.268341779708862,-0.040358033031225204,-0.04311215505003929,0.38378405570983887,0.017745718339444598,-0.02282881365610061,-0.004073936964983923,0.02943823289994052,-0.014791989306512043,-0.05357404827968004,0.05520784482359886,-0.061760213226079934,0.03856169059872628,0.40034727587195035,0.7563630034882395,26.022903946519598,-0.11769464661493127,0.07439163173399573,0.006990463424810876,0.002546975998484413,1
15.27860140800476,-0.04014463350176811,-0.04324186593294144,0.38367992639541626,0.024848967754233325,-0.012689915553858502,-0.007221644277377165,0.030056406836760807,-0.01597067657212259,-0.05311391742799376,0.07015740871429443,-0.08926025032997131,0.05545675382018091,0.3884925920591535,0.7501777813210505,26.031619430102143,-0.12570154083615967,0.09085112699252648,0.005217557080753929,0.0008779549989412772,1
15.288452863693237,-0.03982377052307129,-0.04342414066195488,0.38360893726348877,0.028912462095878298,-0.027848117240535535,-0.004583589786470949,0.030765453673683663,-0.01620903218621672,-0.0528236838013143,0.05328380689024925,-0.08619324862957001,0.025565756484866153,0.3693328480237418,0.7806277121777541,26.025718114095476,-0.12006779656385706,0.08944102234281882,0.008019406007884993,0.002749388000665931,1
15.2983717918396,-0.03955255448818207,-0.04361177980899811,0.383508563041687,0.02191084251173033,-0.015432497481796382,-0.009765177964674835,0.03147817894185989,-0.017969331451849868,-0.05220020768101863,0.05117558315396309,-0.05802702158689498,0.03639298677444459,0.3772533763227044,0.775227097496836,26.038796588854513,-0.11972636991315751,0.07913376932432276,0.007415006355872331,0.000914064001335646,1
15.308614730834961,-0.03923249989748001,-0.043792951852083206,0.3834167718887329,0.033545691394670396,-0.029958777259383684,-0.004069365589570899,0.03199750136675039,-0.01824367270609706,-0.051945146743810344,0.041288528591394424,-0.0992029458284378,0.03130661696195604,0.3554216031976963,0.8032436331779863,26.025909684486727,-0.11799174466984748,0.10111168588981975,0.007716010433267257,0.0020234160001564305,1
15.318466901779175,-0.03923249989748001,-0.043792951852083206,0.3834167718887329,0.033545691394670396,-0.029958777259383684,-0.004069365589570899,0.03199750136675039,-0.01824367270609706,-0.051945146743810344,0.041288528591394424,-0.0992029458284378,0.03130661696195604,0.3413896863616528,0.8205594851049364,26.024252492940946,-0.1186093583337325,0.10192641033393011,0.007746439978899993,0.0008734149996598717,1
15.328608512878418,-0.03816334158182144,-0.04454716295003891,0.3831862211227417,0.03061780695007915,-0.03004983077774982,-0.005225092665404333,0.03268402363205469,-0.020258594576242128,-0.05141762832380303,0.03940349444746971,-0.0629604384303093,0.015811691060662277,0.33078249069279536,0.8226423027568837,26.03057287511351,-0.10605655779878134,0.11015047570850288,0.008213139047145124,0.0031294159998651594,1
15.338426351547241,-0.03816334158182144,-0.04454716295003891,0.3831862211227417,0.03061780695007915,-0.03004983077774982,-0.005225092665404333,0.03268402363205469,-0.020258594576242128,-0.05141762832380303,0.03940349444746971,-0.0629604384303093,0.015811691060662277,0.33068568563396755,0.837759134148163,26.028652236876948,-0.11950126590562371,0.09002149091257575,0.009459759615230254,0.0008462440000585048,1
15.348580360412598,-0.03737915679812431,-0.04508468136191368,0.38305234909057617,0.03763521456796798,-0.037807501907469204,-0.002312101668839697,0.03253506656952787,-0.02204485340149631,-0.05116155639358544,-0.006795526947826147,-0.06725680828094482,0.02100310660898686,0.3321121197729953,0.8271768264577587,26.031905049953036,-0.09990576928843896,0.1096225677121192,0.008234434203968513,0.0031023159990581917,1
15.358428239822388,-0.03737915679812431,-0.04508468136191368,0.38305234909057617,0.03763521456796798,-0.037807501907469204,-0.002312101668839697,0.03253506656952787,-0.02204485340149631,-0.05116155639358544,-0.006795526947826147,-0.06725680828094482,0.02100310660898686,0.3153277880616169,0.8543727007302664,26.021649088645017,-0.0968125446899013,0.09654947460359736,0.008835042955052315,0.0009080580002773786,1
15.368383646011353,-0.03698141872882843,-0.045387476682662964,0.38299834728240967,0.03351361299485974,-0.02366363822768402,-0.004598809405612953,0.03241400631616154,-0.02313467114549006,-0.05077982492269362,-0.009335361421108246,-0.07154425978660583,0.01969970576465131,0.31827883952213853,0.8402756351232995,26.02657168621579,-0.0937494793831774,0.10207729778961556,0.009006682965598175,0.0011376400016160915,1
15.37839388847351,-0.03652840480208397,-0.045685864984989166,0.38296571373939514,0.042740337368387865,-0.037510041345106986,0.0010978025219194928,0.03198404166097468,-0.02388238928216513,-0.05106854285711249,-0.05129057914018631,-0.09787394106388092,0.002896719612181199,0.2978696038023349,0.857276104756336,26.012428676729858,-0.07308341460293342,0.1164015102046916,0.010849013544226422,0.0011432960000092862,1
15.389202117919922,-0.03563152998685837,-0.04634180665016174,0.38293543457984924,0.044348265830591836,-0.033910181552819545,0.002014535253680823,0.030742705335788933,-0.025597044053105922,-0.05098085725438928,-0.0691390335559845,-0.07378221303224564,-0.009352357126772395,0.30891837648307496,0.851123931345368,26.020277337251283,-0.07336581248477826,0.11624626373486761,0.010192623095421295,0.002742263000982348,1
15.398499011993408,-0.03563152998685837,-0.04634180665016174,0.38293543457984924,0.044348265830591836,-0.033910181552819545,0.002014535253680823,0.030742705335788933,-0.025597044053105922,-0.05098085725438928,-0.0691390335559845,-0.07378221303224564,-0.009352357126772395,0.2867991182259158,0.8533085039565871,26.00945035658381,-0.05998603007803576,0.10932753475310539,0.012431566818032622,0.0009149029992840951,1
15.408475875854492,-0.03514958173036575,-0.04673469811677933,0.3829461634159088,0.037375386663698607,-0.03724244995441287,0.001462563980128378,0.02976593757725876,-0.026454577035658566,-0.050863629405451416,-0.08989491313695908,-0.0586082823574543,-0.013203428126871579,0.2891610349772987,0.8597767019876619,26.009226930310117,-0.048374609530961954,0.10359158657133875,0.013314492433631779,0.0018652870003279531,1
15.418768405914307,-0.0346776582300663,-0.047073379158973694,0.38295742869377136,0.045989386579961294,-0.03305808847732097,0.003434052715375719,0.02889201988167711,-0.02705618051553138,-0.05123922887568133,-0.08875126391649246,-0.0687873512506485,-0.0019898079335689462,0.2709672458904251,0.8520499239205886,26.00433886600996,-0.04560574480156696,0.10984555371571497,0.012309882120265075,0.0024973859999590786,1
15.428715467453003,-0.0336822085082531,-0.04787706211209297,0.3830089867115021,0.0429769194230029,-0.03255317749727735,0.003707150254544105,0.027223557583127,-0.02814282712689309,-0.051259992199530036,-0.12012434005737305,-0.07566465437412262,-0.008060864172875873,0.2587415444420768,0.8482454498409426,26.003612978546528,-0.04437588843623353,0.11081675072665206,0.01213325942426132,0.0024889350006560562,1
15.438786268234253,-0.0336822085082531,-0.04787706211209297,0.3830089867115021,0.0429769194230029,-0.03255317749727735,0.003707150254544105,0.027223557583127,-0.02814282712689309,-0.051259992199530036,-0.12012434005737305,-0.07566465437412262,-0.008060864172875873,0.25703150040953143,0.8416241627064603,26.002824252514944,-0.024024848386689432,0.11760956329576876,0.012692666365780075,0.0009345299986307509,1
15.448648452758789,-0.03313181921839714,-0.048270512372255325,0.38304761052131653,0.049225777137570384,-0.044661805291628345,0.005783881549635348,0.02601861292303509,-0.02844385675592287,-0.05156063565342839,-0.10402043163776398,-0.035963404923677444,-0.010897642932832236,0.23443236073955848,0.8642724302237652,25.99711565681001,-0.029334955523921943,0.09806784502387042,0.013279103055540723,0.0008305299998028204,1
15.458637475967407,-0.032604560256004333,-0.048708125948905945,0.38308972120285034,0.04331626710448978,-0.03690286016705894,0.0020621924728212873,0.02486976063735069,-0.028805064062812136,-0.05159071063352938,-0.12237024307250977,-0.055156104266643524,-0.013283142820000642,0.2365447667521004,0.8592055972285075,26.006116812511102,-0.016247332312641985,0.10898303008902827,0.01358670200100403,0.0007921149990579579,1
15.468681812286377,-0.03206266090273857,-0.04910716414451599,0.3831199109554291,0.04964449215045197,-0.0406511542430114,0.004937759688710858,0.023528763731379243,-0.029226881457983467,-0.05193064725400287,-0.1372731477022171,-0.042152706533670425,-0.023823725059628483,0.21935295933809038,0.8604997359042292,26.000055877974557,-0.005171723004503021,0.10317680289693164,0.014872587260365439,0.0007872259993746411,1
15.478642702102661,-0.03153586387634277,-0.0495530366897583,0.38315290212631226,0.04074952725233914,-0.039827522142581506,0.001807143714260087,0.022555338145515247,-0.02928522737790784,-0.052110026032234025,-0.10889440774917603,-0.016370570287108425,-0.02973908372223377,0.22592448219645794,0.8630340305289679,26.007131786077423,-0.0161886571710188,0.09123153436144875,0.015879640989117507,0.0008003570001164917,1
15.488631963729858,-0.03103438951075077,-0.04996349290013313,0.3831629455089569,0.04748643158900745,-0.03779196774992712,0.0031395913991805325,0.021246121250277472,-0.029998321243080106,-0.05247784487746143,-0.1291242092847824,-0.024179769679903988,-0.02882483787834644,0.21440681903410458,0.8555710446324096,26.005047367463284,-0.0023496297035630175,0.0962851102624621,0.01603499228449838,0.0007958159985719249,1
15.498666048049927,-0.030470386147499084,-0.05039941892027855,0.3831925094127655,0.04817096888783101,-0.040533155205467665,0.0030875224626437437,0.019937615947706266,-0.02964473808967183,-0.052907088689280624,-0.12198145687580109,-0.011286773718893533,-0.03869275376200676,0.20095180690511194,0.8565433860603424,26.004894959005288,-0.002188524839141662,0.08880712557716298,0.017244064768114332,0.002487608000592445,1
15.508706331253052,-0.0299360528588295,-0.05082572624087334,0.38320112228393555,0.0472472906317111,-0.03885598105841435,0.0010051629439978827,0.018381759026665723,-0.030032416756239577,-0.05357224302243413,-0.11920809745788574,0.0012916860869154276,-0.048536963760852814,0.19284455744458118,0.857130906130956,26.004889430082525,-0.0021846278488815945,0.08871585933520584,0.017509145321058222,0.0011791969991463702,1
15.519014120101929,-0.029374923557043076,-0.05124916508793831,0.38321393728256226,0.05068415017656597,-0.03796962664898859,0.0022376031200630106,0.01701328569694649,-0.029769986929480297,-0.05403733568996527,-0.12410292029380798,-0.0007175645441748258,-0.046437669545412064,0.1769826126157519,0.8476570307394656,26.007518179779794,0.0075633237953612025,0.08350984161739386,0.018614105545203805,0.0028762969996023457,1
15.528646469116211,-0.028285598382353783,-0.05211470276117325,0.3832247853279114,0.04906243831780312,-0.03721747918865217,0.0018359350471844242,0.016051261614740575,-0.029765280404162375,-0.05448298642157834,-0.10351666808128357,0.012614737264811986,-0.051279738545417786,0.16741125491040673,0.8419540687715762,26.007929398119114,0.0076914259484840725,0.08346136003741378,0.01885842661839928,0.000831576999189565,1
15.538646221160889,-0.027713151648640633,-0.05252983793616295,0.38323327898979187,0.05134427521099943,-0.04123874784326613,0.0012217955491486924,0.014950368699162553,-0.02957439369955228,-0.05521259071344753,-0.11729452759027481,0.025942234322428696,-0.05614928528666496,0.15948277185725698,0.8398805027717834,26.009064540164886,0.0002903145115955748,0.07689367022319792,0.019552329382369015,0.0025026250004884787,1
15.548641920089722,-0.027713151648640633,-0.05252983793616295,0.38323327898979187,0.05134427521099943,-0.04123874784326613,0.0012217955491486924,0.014950368699162553,-0.02957439369955228,-0.05521259071344753,-0.11729452759027481,0.025942234322428696,-0.05614928528666496,0.14480348845481805,0.8454407291203614,26.01100441457475,0.009783415144254324,0.06932866195078531,0.02035578214729321,0.000816629999462748,1
15.558632612228394,-0.026623448356986046,-0.05336941033601761,0.3832458555698395,0.05409583041308532,-0.035833850991342966,0.0026894001687163883,0.012416189938317057,-0.028892793393834104,-0.056824229015627115,-0.09095455706119537,0.022408463060855855,-0.0774892196059227,0.1451927702166389,0.8434377139292404,26.012541286940323,0.005766125236280879,0.07207658696403732,0.021366611877114767,0.0024392059985984815,1
15.568692684173584,-0.026623448356986046,-0.05336941033601761,0.3832458555698395,0.05409583041308532,-0.035833850991342966,0.0026894001687163883,0.012416189938317057,-0.028892793393834104,-0.056824229015627115,-0.09095455706119537,0.022408463060855855,-0.0774892196059227,0.12345147282811618,0.8341021785437128,26.008001190022117,0.00461432129402366,0.06872730520110434,0.023379455567207837,0.0008476420007355046,1
15.578745126724243,-0.02605803683400154,-0.05379950627684593,0.38325950503349304,0.04734225175738487,-0.04045506591862625,0.00045502365738605026,0.011527227862460077,-0.028140725897387586,-0.05734762276287064,-0.09540770947933197,0.04301990941166877,-0.06321704387664795,0.1197077569902322,0.8393436431563478,26.013091480640487,0.008943697959071555,0.05690944238871515,0.022393294180209328,0.002370477001022664,1
15.588685750961304,-0.025541435927152634,-0.05417424812912941,0.3832532465457916,0.05080618332459017,-0.030141335048458458,0.0003731101135121479,0.010809984674590378,-0.028081258259301745,-0.05812951365042274,-0.062326908111572266,0.042461354285478585,-0.07064007967710495,0.1082985215347534,0.8209320769590238,26.014238684634027,-0.004305569766047771,0.05649552965016548,0.023147530206300764,0.0008611919984105043,1
15.598637819290161,-0.024441353976726532,-0.054989270865917206,0.3832577168941498,0.05017324155070011,-0.03149650259966005,-0.0003587630418911772,0.009602248554800852,-0.02711269421112128,-0.05964879685054303,-0.06578321754932404,0.05266147479414939,-0.07849743962287903,0.09231887103640829,0.8381325193758767,26.010171145351528,0.0016356843616703908,0.05578041827871825,0.0244266850735951,0.002507444000002579,1
15.60836672782898,-0.024441353976726532,-0.054989270865917206,0.3832577168941498,0.05017324155070011,-0.03149650259966005,-0.0003587630418911772,0.009602248554800852,-0.02711269421112128,-0.05964879685054303,-0.06578321754932404,0.05266147479414939,-0.07849743962287903,0.08471308234596263,0.8233466566715288,26.015867755525885,0.0006184561768100762,0.04866127722128322,0.024718283794921053,0.0008192850000341423,1
15.618644714355469,-0.02386941760778427,-0.055344682186841965,0.3832513988018036,0.0557182876591145,-0.03566977405306001,0.0027766272758219723,0.008927687428720521,-0.026026188151114127,-0.06088655469689064,-0.0427342988550663,0.03291338682174681,-0.08543901145458221,0.06346506279859368,0.8237362222447172,26.00859611137133,-0.010267773434806523,0.0561787411401738,0.025629413374921327,0.002503673000319395,1
15.62870740890503,-0.023330722004175186,-0.05572248995304108,0.383243590593338,0.04636823002837244,-0.03118917547202604,-0.0017071134140472669,0.00841294990784247,-0.025891641653266184,-0.06170874719831154,-0.0531764030456543,0.05919658020138739,-0.09681057184934617,0.0686222165559672,0.8146118904040538,26.01925582667698,-0.003154809320250948,0.04246322381582788,0.02722898497636129,0.0008319959997606929,1
15.641669273376465,-0.022814273834228516,-0.05604385957121849,0.383212149143219,0.05261376122159181,-0.030747864482142208,-0.0005421210952467503,0.008055045037939301,-0.0253650621951369,-0.06265859740014745,-0.030293256044387817,0.041317876428365694,-0.09024503082036972,0.05370668224534651,0.8102467036945229,26.018038124248875,-0.012591551999258294,0.04878417984444018,0.027184533245318585,0.0011320510002406081,1
15.64856505393982,-0.022814273834228516,-0.05604385957121849,0.383212149143219,0.05261376122159181,-0.030747864482142208,-0.0005421210952467503,0.008055045037939301,-0.0253650621951369,-0.06265859740014745,-0.030293256044387817,0.041317876428365694,-0.09024503082036972,0.04467617160788209,0.8075763988320811,26.017873052497052,-0.01275093199260124,0.04894450970556612,0.02716992186885517,0.0008280150013888488,1
15.658512592315674,-0.021739555522799492,-0.05674288049340248,0.3831501603126526,0.05535571254650758,-0.03036312610848133,-0.000817623795028643,0.007819055185541046,-0.024765883588020454,-0.06348908273115494,-0.023793820291757584,0.050434585660696016,-0.08719046413898468,0.025926574640938612,0.8072871264122337,26.018858209520896,-0.015250565744862546,0.04237928902106623,0.027003730057133805,0.0016759359987190692,1
15.668525457382202,-0.021188125014305115,-0.057041700929403305,0.38311490416526794,0.051300875784602365,-0.0254490041348879,-0.0025302751101247477,0.00747755051750687,-0.024040922458395286,-0.06495066931561189,-0.0264874380081892,0.04178208485245703,-0.0949648767709732,0.02118007057937305,0.796527875680341,26.02364848126417,-0.01253696004584432,0.04493414041918187,0.0280402903459434,0.000813557000583387,1
15.678526639938354,-0.020682379603385925,-0.05732102692127228,0.38306230306625366,0.04921695217917005,-0.026508681468523164,-0.0034414732386775265,0.00741762040908478,-0.02399347743905178,-0.0657840917221435,-0.001357274129986763,0.0233564581722021,-0.0896654725074768,0.022207483664758946,0.7958349147194802,26.0268815512144,-0.024899779758564923,0.05421162571362176,0.027871069779713542,0.0016997539987642085,1
15.688515186309814,-0.020178737118840218,-0.057583995163440704,0.3830154240131378,0.051033638282743085,-0.023355922008265473,-0.0025323733287187884,0.007282139496441076,-0.023688520076009745,-0.06674462096337042,-0.01884567178785801,0.02332816459238528,-0.08767002820968628,0.015728921129905024,0.7869002811456585,26.02525074823108,-0.015742279623736505,0.05332524444698581,0.027769728562225617,0.0008102739993773866,1
15.698537349700928,-0.019642841070890427,-0.05783680081367493,0.3829786479473114,0.05628331368266672,-0.02557463591596026,-0.0020051150899292954,0.007174899925610934,-0.023492545649897334,-0.06771871315575018,0.001773713855072856,0.02199791558086871,-0.0889405906200409,-0.0036372525023133546,0.7881099277779854,26.02380917005933,-0.025711672506034663,0.05286717242967192,0.02808890718476946,0.002059595999526209,1
15.708500862121582,-0.019096819683909416,-0.05809352919459343,0.38294702768325806,0.05213684580099775,-0.02176243085530528,-0.0006010371149277942,0.007174899925610934,-0.023492545649897334,-0.06771871315575018,0.001773713855072856,0.02199791558086871,-0.0889405906200409,-0.007903318031896716,0.7815333201313507,26.019987777826373,-0.025559248735944964,0.05328743573555001,0.02814932374804336,0.0016510710011061747,1
15.718754053115845,-0.018562426790595055,-0.058290377259254456,0.3829183876514435,0.05583631234230973,-0.01836919075523066,-0.0015979914523241235,0.007275368043658137,-0.02331853716715493,-0.06953086107541973,-0.006341042462736368,0.005049783736467349,-0.09609511494636536,-0.019981861185750287,0.7693666595325879,26.022279010090156,-0.02152203444645886,0.06090143090827716,0.029241897184098153,0.0012921370016556466,1
15.728436708450317,-0.018038209527730942,-0.05850064009428024,0.38289618492126465,0.04916466012432068,-0.0200733676120499,0.0007197905581063855,0.007668302177485931,-0.023189214843896355,-0.07069435926397238,0.018760954961180687,-0.021116413176059733,-0.0931050255894661,-0.013442612871962294,0.7705716497515606,26.016435742343422,-0.03529904024951589,0.0743020918334396,0.029377514640792437,0.0007926039997983025,1
15.738438129425049,-0.017562484368681908,-0.05865199491381645,0.3828757703304291,0.050669480067637475,-0.013386881134321819,-5.0680101054939965e-05,0.007682651503968074,-0.023465914683142408,-0.07174928128712876,0.009717085398733616,-0.0007997296052053669,-0.08016810566186905,-0.013865068300515756,0.755173175525385,26.01766469191933,-0.030345276556759008,0.06470761100612343,0.028080105616202167,0.001301145999605069,1
15.74860668182373,-0.01702536828815937,-0.058848027139902115,0.38288602232933044,0.05686732368690732,-0.022050524414701168,0.003943964453681403,0.00800687593218452,-0.023440663000116935,-0.07252250378315228,0.022558942437171936,-0.029742926359176646,-0.08686632663011551,-0.03067006750345686,0.7668073812045797,26.007470781939894,-0.038055915000783945,0.07860009827233017,0.02869101214175885,0.0027528099999472033,1
15.758424758911133,-0.01702536828815937,-0.058848027139902115,0.38288602232933044,0.05686732368690732,-0.022050524414701168,0.003943964453681403,0.00800687593218452,-0.023440663000116935,-0.07252250378315228,0.022558942437171936,-0.029742926359176646,-0.08686632663011551,-0.04214197790435596,0.7741396720230558,26.005951875473322,-0.03858942866806028,0.07884181026385857,0.028916975812176983,0.000813557000583387,1
15.76857852935791,-0.015503673814237118,-0.05931171029806137,0.38295653462409973,0.046710081388138196,-0.012987883790333972,0.00583591406133511,0.009105151579957838,-0.024054418602630356,-0.07440062896741395,0.03834836184978485,-0.037922937422990806,-0.0750589668750763,-0.05275485243211797,0.7677803317710368,26.004328642571412,-0.05259137868993041,0.07291611869972096,0.02855445966304668,0.0026247840014548274,1
15.778457641601562,-0.015503673814237118,-0.05931171029806137,0.38295653462409973,0.046710081388138196,-0.012987883790333972,0.00583591406133511,0.009105151579957838,-0.024054418602630356,-0.07440062896741395,0.03834836184978485,-0.037922937422990806,-0.0750589668750763,-0.03593909667311662,0.7607211778389056,26.000082016903338,-0.049047412177378055,0.0855499274073524,0.02794311828490198,0.000809785999081214,1
15.788578748703003,-0.014515627175569534,-0.05955083295702934,0.3830604553222656,0.049430280702716115,-0.016215086510247036,0.00783641278442507,0.010264875209051283,-0.02450265502032911,-0.0757989399064618,0.0650312677025795,-0.025620061904191978,-0.05676621198654175,-0.0450984489902666,0.7521227670396973,25.998854698182882,-0.06185700991214403,0.08183855195429085,0.02763179625070917,0.003141010000035749,1
15.798492670059204,-0.014515627175569534,-0.05955083295702934,0.3830604553222656,0.049430280702716115,-0.016215086510247036,0.00783641278442507,0.010264875209051283,-0.02450265502032911,-0.0757989399064618,0.0650312677025795,-0.025620061904191978,-0.05676621198654175,-0.04313545337679471,0.7635176539049381,25.993525037067073,-0.06606674849827057,0.08047784137297978,0.026049200486328958,0.0008165610015566926,1
15.808638095855713,-0.013609097339212894,-0.059731848537921906,0.38316547870635986,0.05137979973723351,-0.01908208824960819,0.008510975229191399,0.011845426198166198,-0.025699042109359915,-0.0770029117551898,0.0892445296049118,-0.05527253821492196,-0.05158859863877296,-0.03531147681390994,0.7428869509539616,25.99828049555239,-0.07337627471503133,0.08547581904029615,0.024959673099847986,0.002396669000518159,1
15.818344831466675,-0.013609097339212894,-0.059731848537921906,0.38316547870635986,0.05137979973723351,-0.01908208824960819,0.008510975229191399,0.011845426198166198,-0.025699042109359915,-0.0770029117551898,0.0892445296049118,-0.05527253821492196,-0.05158859863877296,-0.04123821571846264,0.7701315117552896,25.991247500237506,-0.08313282600436413,0.0984746301208475,0.02512028526184014,0.0008099250007944647,1
15.8286714553833,-0.013181951828300953,-0.059852637350559235,0.38322702050209045,0.043675634986146405,-0.004423790742347735,0.004938732408967747,0.013140690245090791,-0.026529960822881726,-0.07769206679725382,0.08012648671865463,-0.0522388443350792,-0.04422363638877868,-0.023972774941180268,0.757370053482884,25.9992722479758,-0.0810672088555426,0.10044387643802657,0.02445969445341012,0.002418599999145954,1
15.838695764541626,-0.012737262062728405,-0.0599190890789032,0.38328316807746887,0.05102926847029821,-0.014564815449845182,0.0090876660728932,0.014264313390480066,-0.026770833784569792,-0.07795774079004136,0.1055670976638794,-0.04490917176008225,-0.03411465510725974,-0.01355462445903065,0.749659152315107,26.0004500602113,-0.08107162827033404,0.1004282376842117,0.024310646421419592,0.0010894460010604234,1
15.848727464675903,-0.012320028617978096,-0.06004989892244339,0.3833550214767456,0.04106026875480603,-0.00951559320173364,0.007241606824338993,0.015436951640736218,-0.02757183372848493,-0.07818708673582186,0.1114722415804863,-0.042561765760183334,-0.015619981102645392,-0.0037605153958436364,0.7652477186214381,25.994003279862802,-0.10208162498955031,0.0976390281923807,0.021299630459596295,0.0027959050003119046,1
15.859232187271118,-0.01151458639651537,-0.060209497809410095,0.38347718119621277,0.04250575227925842,-0.014964639245125129,0.006527392669313755,0.01651923792746457,-0.02798425291699269,-0.0785408421946161,0.11129188537597656,-0.06550067663192749,-0.02755152061581611,0.0010555201957344051,0.7746751882114686,25.992818037927815,-0.10401500939703319,0.09865295629295466,0.020647152805761283,0.0017144910016213544,1
15.86845350265503,-0.01151458639651537,-0.060209497809410095,0.38347718119621277,0.04250575227925842,-0.014964639245125129,0.006527392669313755,0.01651923792746457,-0.02798425291699269,-0.0785408421946161,0.11129188537597656,-0.06550067663192749,-0.02755152061581611,-0.0008267972284156631,0.7955646217635137,25.994042255146486,-0.10763797243288627,0.11105559869114238,0.02183633038264187,0.0008305989995278651,1
15.878368854522705,-0.010771863162517548,-0.06034687161445618,0.383554607629776,0.044413391333793295,-0.01879641819072201,0.005543015051021689,0.019715601841176156,-0.028945375383913063,-0.07858152942528562,0.12590140104293823,-0.024415763095021248,0.005921278148889544,0.0004742127024528727,0.7876699209471927,26.003993050168916,-0.12330391057443768,0.09667785477761244,0.020153844133287042,0.003183126998919761,1
15.888462543487549,-0.010771863162517548,-0.06034687161445618,0.383554607629776,0.044413391333793295,-0.01879641819072201,0.005543015051021689,0.019715601841176156,-0.028945375383913063,-0.07858152942528562,0.12590140104293823,-0.024415763095021248,0.005921278148889544,-0.010249967321600002,0.8209818477531448,25.997660314533668,-0.12464829554969684,0.09310826979974682,0.01817238763641868,0.0008403779993386706,1
15.898486614227295,-0.01042705774307251,-0.060438964515924454,0.38358449935913086,0.03755139921912007,-0.005279765514406471,0.0011764935322261271,0.021180197438915638,-0.02939071965743789,-0.0784533777020302,0.14280441403388977,-0.047186437994241714,0.005582594778388745,0.0042582618327631685,0.8174531222580147,26.00801108045467,-0.13595571702982617,0.10650344655053649,0.017735375645977037,0.0019919860005757073,1
15.908513069152832,-0.010071516036987305,-0.060499705374240875,0.38360172510147095,0.04468858608940965,-0.01568307368301986,0.0038060788434079946,0.022487163033734436,-0.029884379685146012,-0.07836711039271238,0.14503461122512817,-0.014297677204012869,0.015598897822201254,-0.009100857350236765,0.8406693055637953,26.002422216035672,-0.14195209907860895,0.09092810600030933,0.016571111120107274,0.0018353930008743191,1
15.918515682220459,-0.009724223986268044,-0.060627132654190063,0.38362136483192444,0.03527984765256666,-0.011792962515033372,0.0001437500100917171,0.023859835595613443,-0.029797270986722246,-0.07808299161840848,0.14255021512508392,-0.007379804272204635,0.02181708998978138,0.004009965051131662,0.851787684770595,26.01084461401696,-0.14440698098846794,0.08795540395239734,0.015579412612745605,0.0007977029999892693,1
15.928521394729614,-0.009411740116775036,-0.060690272599458694,0.38361576199531555,0.040526460777459576,-0.012734944219340991,-6.461503099477436e-05,0.025377868562360018,-0.030349275758974947,-0.07787944576888028,0.16858084499835968,-0.0004377858422230889,0.032922692596912384,-0.0006698211241741052,0.8657906037455727,26.012581456966185,-0.16172173436471854,0.08550838242796087,0.014181347556388071,0.0018105980016116519,1
15.938710927963257,-0.009086130186915398,-0.0608271025121212,0.3836154341697693,0.03487474448130324,-0.01923315638113169,-0.00038752883456602533,0.02751758218195155,-0.030060056849275263,-0.07711684970347488,0.14053188264369965,0.012848356738686567,0.048295121639966965,0.006197696832996084,0.8934264882391839,26.01322614198238,-0.15192820177399585,0.07895490599753009,0.012135740242222304,0.0017007309998007258,1
15.94852614402771,-0.008826562203466892,-0.0609290786087513,0.38359272480010986,0.032861616436435745,-0.011067248953475255,-0.0026330842896871176,0.02876790038250121,-0.03039401051720958,-0.07681057948472025,0.14253148436546326,0.021504113450646407,0.046404480934143066,0.009620890668482667,0.9101347980467968,26.01327958778538,-0.15467389412614566,0.07841939907541877,0.011579689017329222,0.0010298679990228266,1
15.95862627029419,-0.008534165099263191,-0.06105219945311546,0.38357627391815186,0.036454845031458856,-0.021258658097305056,-0.0012266252391703403,0.030381296669849345,-0.02985730201749659,-0.07631742482857451,0.13407695293426514,0.026976652443408973,0.04480849578976631,0.0047367879539379374,0.931935754519331,26.01525106426042,-0.15775053964990052,0.0713569574569665,0.011763203520652984,0.0024050510000961367,1
15.968679428100586,-0.008534165099263191,-0.06105219945311546,0.38357627391815186,0.036454845031458856,-0.021258658097305056,-0.0012266252391703403,0.030381296669849345,-0.02985730201749659,-0.07631742482857451,0.13407695293426514,0.026976652443408973,0.04480849578976631,0.00117481035347508,0.9451306188405515,26.0155696856236,-0.15998629886614565,0.07050193963577216,0.011739649602840543,0.0007912769997346913,1
15.978619575500488,-0.007802376989275217,-0.06151381507515907,0.38346245884895325,0.02416937229041726,-0.020289646578406244,-0.004631586834486203,0.0325211423850611,-0.029397781460123174,-0.07515975345822712,0.12003356218338013,0.03381659090518952,0.05385881289839744,6.541398498504107e-05,0.9540036039842855,26.020935982866753,-0.15184258160255232,0.06530521860110085,0.010393288869865229,0.00325639500078978,1
15.988682508468628,-0.007802376989275217,-0.06151381507515907,0.38346245884895325,0.02416937229041726,-0.020289646578406244,-0.004631586834486203,0.0325211423850611,-0.029397781460123174,-0.07515975345822712,0.12003356218338013,0.03381659090518952,0.05385881289839744,0.023185032237337234,0.9652074118473033,26.025245547446676,-0.1590865454263026,0.066895984557507,0.010219835608859733,0.0007988899997144472,1
15.998642206192017,-0.00737805524840951,-0.06189265102148056,0.38340523838996887,0.023970927875701275,-0.026439126720775565,-0.0018697757253355986,0.03489051382492869,-0.02817548659909086,-0.0734630255597204,0.07726379483938217,0.05409148335456849,0.08177617937326431,0.013762965869067844,0.9747105163642933,26.016211243228494,-0.14838630737044395,0.05646834765982603,0.009837941831733372,0.002370408001297619,1
16.008642196655273,-0.00737805524840951,-0.06189265102148056,0.38340523838996887,0.023970927875701275,-0.026439126720775565,-0.0018697757253355986,0.03489051382492869,-0.02817548659909086,-0.0734630255597204,0.07726379483938217,0.05409148335456849,0.08177617937326431,0.024236654803041158,0.9945554199954977,26.017039595812385,-0.14521666496188354,0.05313358961055771,0.006770074032499601,0.0007936519996292191,1
16.018649101257324,-0.0070083667524158955,-0.062322475016117096,0.38337770104408264,0.027487694863243126,-0.03216031222189277,0.0024222684425719214,0.03593762073471396,-0.027150918789800027,-0.07195739945340396,0.0365394651889801,0.06152832880616189,0.07278350740671156,0.02519779293345546,0.9956332716949369,26.013584521362358,-0.14422603420037333,0.056053440919957793,0.00734284467538117,0.002353085999857285,1
16.02836513519287,-0.0070083667524158955,-0.062322475016117096,0.38337770104408264,0.027487694863243126,-0.03216031222189277,0.0024222684425719214,0.03593762073471396,-0.027150918789800027,-0.07195739945340396,0.0365394651889801,0.06152832880616189,0.07278350740671156,0.016651808593407265,1.019036466648843,26.005258892550703,-0.1285793322108385,0.045993340425808625,0.006878960695722439,0.0008250820010289317,1
16.03866934776306,-0.006872072350233793,-0.06256287544965744,0.383370041847229,0.01802361945659522,-0.024283561836362103,-0.0011757945110856475,0.03615229941181619,-0.026704999781387073,-0.07082561569222534,0.034664709120988846,0.08551152050495149,0.09736827015876769,0.032200193672113415,1.0193684336666367,26.01338436036227,-0.1271842947768414,0.033677374723536,0.003951540511077315,0.0024978060009743785,1
16.04839515686035,-0.0067215277813375,-0.06280846893787384,0.38338249921798706,0.026154020363612595,-0.03457174109454687,0.004595360154322532,0.03646508598930387,-0.02601389045081648,-0.0700888953832921,0.009625929407775402,0.05718109384179117,0.09681449830532073,0.04161744454014775,1.0195464640920457,26.01457632526291,-0.12715684407419148,0.03341577282942204,0.0032929239286283397,0.0010636030001478503,1
16.061039447784424,-0.006590730976313353,-0.06311701238155365,0.38340824842453003,0.015829480889023813,-0.03140946491587043,0.0013228478063438632,0.03638894704475293,-0.02488653175462474,-0.06828819518318463,-0.008812314830720425,0.09888076037168504,0.10221066325902937,0.044781836705438595,1.0338869315843162,26.0078620706981,-0.10716604191517323,0.023197389368315523,0.002363113484682981,0.001695003998975153,1
16.068424701690674,-0.006482039578258991,-0.06336741894483566,0.38342568278312683,0.02397816802868578,-0.031903706575828965,0.0045912167693852885,0.03616180738141317,-0.023905175745491114,-0.06738845252360459,-0.010727891698479652,0.08291935175657274,0.1233842149376869,0.04652100772592749,1.0433222562263382,26.006764389979928,-0.10670399258385994,0.021467956807631833,0.0019465086679219023,0.0010380399999121437,1
16.078596115112305,-0.006228012964129448,-0.06399056315422058,0.38350051641464233,0.01736476248988778,-0.028707966348874892,0.0043585718807338915,0.0357877686605641,-0.02285685229094714,-0.06594397417291287,-0.0444568432867527,0.10739044100046159,0.11177676916122435,0.02700864514284732,1.0481094896029992,25.998107710400852,-0.10503675996217282,0.02586209535007175,-0.000587499113658701,0.0030656480012112297,1
16.088587522506714,-0.006228012964129448,-0.06399056315422058,0.38350051641464233,0.01736476248988778,-0.028707966348874892,0.0043585718807338915,0.0357877686605641,-0.02285685229094714,-0.06594397417291287,-0.0444568432867527,0.10739044100046159,0.11177676916122435,0.025486641421239964,1.0436095987763088,25.997158384287967,-0.0870451573796605,0.011349164697350141,-0.0001822436692407993,0.0007895300004747696,1
16.098617553710938,-0.006065706256777048,-0.06470335274934769,0.38355839252471924,0.007422861840329493,-0.033415503851301064,0.0006231221378267317,0.03434366577278691,-0.020700542852750026,-0.06262729317126947,-0.07165060192346573,0.0725727751851082,0.13457095623016357,0.016354667529583665,1.0782734396965592,25.99322521669298,-0.08879087393190402,0.01166122156192047,-0.0019323045365109942,0.002442348000840866,1
16.10864233970642,-0.006065706256777048,-0.06470335274934769,0.38355839252471924,0.007422861840329493,-0.033415503851301064,0.0006231221378267317,0.03434366577278691,-0.020700542852750026,-0.06262729317126947,-0.07165060192346573,0.0725727751851082,0.13457095623016357,0.040241649754902915,1.0726801018376053,26.00593138320608,-0.06956604369108305,0.023331843337809327,-0.0036242655279196314,0.0008141160014929483,1
16.118648767471313,-0.006028390489518642,-0.06502994149923325,0.383566677570343,0.01617245529522373,-0.04348692310244084,0.004777112842709461,0.03331862414439746,-0.020167460087081146,-0.06147629475031868,-0.08774454891681671,0.09569753706455232,0.12059542536735533,0.029140756101479197,1.0874272601548796,25.99688160931554,-0.059335581486320225,0.009422235956091502,-0.002638256878802185,0.0024549899990233826,1
16.128643035888672,-0.005955073516815901,-0.06545590609312057,0.3835972845554352,0.011927235635427825,-0.040896944770848875,0.0037964183262824865,0.032700045833092606,-0.01894926616826975,-0.05999278192251012,-0.07306886464357376,0.08080931752920152,0.14363980293273926,0.03145765202527269,1.092940814201049,25.998019998192426,-0.06435080447924571,0.01365758065129237,-0.005170628510309635,0.0008170499986590585,1
16.138635396957397,-0.005881302058696747,-0.06578799337148666,0.3836062252521515,0.018612287644857273,-0.035979591460256796,0.00365250779911937,0.03149216773870034,-0.01853888766815759,-0.058573553092631236,-0.11012782156467438,0.075701080262661,0.15159235894680023,0.017834840000293714,1.07958559823223,25.99897791450239,-0.04207460361272007,0.014495618962481251,-0.0068808688826389845,0.002412593999906676,1
16.148780584335327,-0.005770067684352398,-0.06619913876056671,0.38362428545951843,0.01613314056470656,-0.04856351769926782,0.004418554628176326,0.030509704703784113,-0.017466384516700018,-0.05697379621774834,-0.1008450910449028,0.0693163424730301,0.13865362107753754,0.011623847059636549,1.0997022690217586,25.99689180606598,-0.04615021996320553,0.016249311555470845,-0.0059589983848813725,0.0007930930005386472,1
16.158644199371338,-0.005738913547247648,-0.06658191233873367,0.38360607624053955,0.009938896430784832,-0.03586770599250781,0.0008448077990946043,0.028860564478827566,-0.017258696894666414,-0.05466476951010524,-0.11144637316465378,0.047207050025463125,0.15053659677505493,0.026245071664096883,1.082483222136784,26.006408264891174,-0.033579381865946535,0.025935060102686876,-0.007692264093499366,0.002391222000369453,1
16.16864275932312,-0.005674928892403841,-0.06700023263692856,0.3835931122303009,0.014567075262585136,-0.054473232486493606,0.0017283267654867244,0.027832643073317787,-0.016426035711964104,-0.05286046173072778,-0.11560637503862381,0.0646953582763672,0.16913963854312897,0.03502792056479209,1.0720816063434024,26.007822595260173,-0.033441237664738506,0.02607380281067678,-0.008068963291921425,0.0010242799999105046,1
16.178642511367798,-0.005656504537910223,-0.06746766716241837,0.3835766017436981,0.006232262767226655,-0.0415383950152432,-0.001953540275742425,0.026706773454234334,-0.016621348839675143,-0.051231322298266324,-0.09628888219594955,0.022147150710225126,0.17929546535015106,0.05028654403877181,1.0786392700609015,26.015544147162235,-0.03682396045768406,0.03686227984593419,-0.011690524902807666,0.0023238209996634396,1
16.18864607810974,-0.005656504537910223,-0.06746766716241837,0.3835766017436981,0.006232262767226655,-0.0415383950152432,-0.001953540275742425,0.026706773454234334,-0.016621348839675143,-0.051231322298266324,-0.09628888219594955,0.022147150710225126,0.17929546535015106,0.05935151688411139,1.0838014696209992,26.016710974572145,-0.03532493733091629,0.03725464361343035,-0.0126887116304022,0.0007996579988684971,1
16.198646306991577,-0.0054983957670629025,-0.06869377940893173,0.3835277855396271,0.01677952871268972,-0.04172875368150508,0.002133431298416587,0.024453243090432064,-0.01619730788687601,-0.047778717681753236,-0.1008852943778038,0.016146738082170507,0.18292859196662903,0.06003207295540333,1.0902418590286653,26.0106588796952,-0.02102883152491366,0.04429436342269049,-0.01270571042421225,0.0028671469990513287,1
16.208619356155396,-0.0054983957670629025,-0.06869377940893173,0.3835277855396271,0.01677952871268972,-0.04172875368150508,0.002133431298416587,0.024453243090432064,-0.01619730788687601,-0.047778717681753236,-0.1008852943778038,0.016146738082170507,0.18292859196662903,0.04027645207671787,1.0885724896993405,26.005832145874436,-0.026305151723918542,0.0380938431393661,-0.013889547525555043,0.0008248719987022923,1
16.21864676475525,-0.00536766741424799,-0.06958204507827759,0.3834993839263916,0.01198274265092305,-0.03840355948956583,0.0006327193519814076,0.021881537890618308,-0.01659726443759313,-0.04343491646467035,-0.11166535317897797,-0.029728032648563364,0.16838036477565765,0.039713253027486545,1.107875823670075,26.002403930154053,-0.026747274541654213,0.044811433560915756,-0.014519677209452268,0.0023825610005587805,1
16.228649139404297,-0.00536766741424799,-0.06958204507827759,0.3834993839263916,0.01198274265092305,-0.03840355948956583,0.0006327193519814076,0.021881537890618308,-0.01659726443759313,-0.04343491646467035,-0.11166535317897797,-0.029728032648563364,0.16838036477565765,0.04534144245348422,1.0892507157099616,26.009087479873667,-0.013310204549484797,0.06257051662350606,-0.013595664000551217,0.0008001469996088417,1
16.238645792007446,-0.005281510297209024,-0.07002600282430649,0.3834880590438843,0.013408979182719235,-0.05131462967204484,0.003886437890627011,0.02094812156115955,-0.016679487516220615,-0.04182034659884426,-0.08015472441911697,-0.016822675243020037,0.1793198138475418,0.04299171948186747,1.1092065898687398,26.001412797163322,-0.027327065463691354,0.05647697216191788,-0.01478485779638395,0.002561994000643608,1
16.24863624572754,-0.0052473656833171844,-0.07045146822929382,0.38346344232559204,0.008945338251161825,-0.0349070281190515,-0.0005321534820789896,0.020153235331410002,-0.0172148444356508,-0.039969929205615706,-0.09009326994419098,-0.031088370829820612,0.1801684945821762,0.05713224938312728,1.0839418302679562,26.012312563220938,-0.01866945981239127,0.06551902425281811,-0.01551791684524198,0.00082144999942102,1
16.25866436958313,-0.005150107201188803,-0.07083678245544434,0.3834422528743744,0.019143391204128474,-0.04548433058780782,0.003968624806757977,0.01910288719254405,-0.01773080897929402,-0.03856216091543363,-0.08610523492097855,-0.07285790145397185,0.160045325756073,0.04523972049706235,1.0907142757918225,26.002358526831173,-0.018617899144851142,0.08686376159246886,-0.01378427207932776,0.002500807999240351,1
16.268568515777588,-0.005066380836069584,-0.07127832621335983,0.38341933488845825,0.00807964325555639,-0.03839332612172621,-0.0018039445123166696,0.018108188740820985,-0.018952089081184287,-0.03585850414434644,-0.06629648804664612,-0.05969003215432165,0.1647493988275528,0.06791920612556107,1.0805610764003197,26.016111792883944,-0.02620458884581779,0.0836428063710438,-0.014056597137574078,0.0012363300011202227,1
16.278635501861572,-0.0049063717015087605,-0.0721040815114975,0.38334545493125916,0.008633350803458152,-0.04083504530812578,0.0010234873635521903,0.017353513586954694,-0.019349499535430414,-0.03447461743052038,-0.07141122221946716,-0.08272773772478102,0.16321498155593872,0.08239964647075926,1.0798104169188365,26.010939347936727,-0.021589386655252167,0.09717756994609,-0.014370235730885712,0.0025004599992826115,1
16.288678884506226,-0.0049063717015087605,-0.0721040815114975,0.38334545493125916,0.008633350803458152,-0.04083504530812578,0.0010234873635521903,0.017353513586954694,-0.019349499535430414,-0.03447461743052038,-0.07141122221946716,-0.08272773772478102,0.16321498155593872,0.09064256496855791,1.0813906286851096,26.010361030891215,-0.020506155047522904,0.09791173205390859,-0.014591934278233937,0.0008322749999933876,1
16.29862380027771,-0.004743440076708794,-0.07286608964204788,0.383253812789917,0.013794605540209033,-0.04314284401645397,0.0016047977603978075,0.01639061561640931,-0.021245806331011252,-0.03155201338607494,-0.05604828894138336,-0.10034582763910292,0.14133772253990173,0.08741988207757262,1.0671626026304704,26.01383120957871,-0.034175225546361904,0.0920109167103451,-0.01425801995340573,0.003127181000309065,1
16.308387994766235,-0.004743440076708794,-0.07286608964204788,0.383253812789917,0.013794605540209033,-0.04314284401645397,0.0016047977603978075,0.01639061561640931,-0.021245806331011252,-0.03155201338607494,-0.05604828894138336,-0.10034582763910292,0.14133772253990173,0.08784402121373797,1.0808071304355926,26.009786560959952,-0.025814364043377346,0.11146853076348921,-0.012728475990715792,0.0008037089992285473,1
16.318618774414062,-0.004588025156408548,-0.07359454780817032,0.38313060998916626,0.014770789042765632,-0.03684139252830048,7.215435583155888e-05,0.015321993153225577,-0.0233826459279034,-0.028198062096689736,-0.023632477968931198,-0.07662291079759596,0.12840281426906586,0.10623346043156834,1.0582002152441101,26.0244944050037,-0.02567647126596311,0.12022317688867237,-0.012023738356531873,0.0030300259986688616,1
16.32864212989807,-0.004588025156408548,-0.07359454780817032,0.38313060998916626,0.014770789042765632,-0.03684139252830048,7.215435583155888e-05,0.015321993153225577,-0.0233826459279034,-0.028198062096689736,-0.023632477968931198,-0.07662291079759596,0.12840281426906586,0.10126309172270892,1.0644486327692013,26.01595805893521,-0.03808770023126854,0.10611385338634,-0.011370358969292293,0.0007970739989104914,1
16.338640213012695,-0.004500493407249451,-0.07396852970123291,0.3830721378326416,0.00868193712726856,-0.03063532896183772,-0.002423000519879607,0.014820478753492683,-0.02398398214066555,-0.026757110184819854,-0.04554101079702377,-0.09127444773912428,0.1261749416589737,0.11614623324215242,1.0532071026865277,26.02159219285723,-0.02536072525923918,0.11551030738744271,-0.011286637995446618,0.0024313129997608485,1
16.34864330291748,-0.004422650206834078,-0.07428798079490662,0.38300439715385437,0.011116729944530394,-0.03046487834146281,-0.0014115619934645237,0.014558618122706868,-0.0252589293903398,-0.025678028724838153,-0.02192908525466919,-0.08959654718637465,0.11743769794702531,0.12223068294591423,1.0485025942743904,26.020018493538988,-0.03613718168348658,0.11820878966141223,-0.010493477941582084,0.0008095059984043473,1
16.358651638031006,-0.004345113877207041,-0.07461123168468475,0.3829367756843567,0.0073066782014563495,-0.029440935704732787,-0.003762698273861497,0.014346011657301538,-0.025808537463099412,-0.024526847784074324,-0.01621219888329506,-0.07445807754993437,0.10488422214984895,0.13535749607396358,1.0451708849256256,26.026130887259725,-0.038466742265505574,0.11260972787108518,-0.009155989445994363,0.002388218999840319,1
16.368385314941406,-0.004274960141628981,-0.07492372393608093,0.38286516070365906,0.009291096577612196,-0.026909967888403,-0.0027358713589511804,0.014079233979783723,-0.026841630799693927,-0.02351261716459563,-0.03513690456748009,-0.07262171804904936,0.10848063975572587,0.14108743208251348,1.0361406878827135,26.024758132625443,-0.028125573374907523,0.1143374294485403,-0.00943334851152608,0.0008266189997812035,1
16.37864398956299,-0.004190098028630018,-0.07519799470901489,0.3827977776527405,0.009787928271093321,-0.02453261801659535,-0.003191784728810389,0.013680330009782082,-0.027480210731424037,-0.02202415192290097,-0.01274525374174118,-0.05858206748962401,0.09025603532791139,0.14433635640443548,1.0267165695238005,26.02579360547138,-0.03828739224577574,0.1082395638676016,-0.007594985197470523,0.0024093109987006756,1
16.388647079467773,-0.0040987711399793625,-0.07548172771930695,0.38273337483406067,0.00843053117191976,-0.025440640771185605,-0.0013232373333707157,0.013538197801409524,-0.027911841331080378,-0.021176945735781327,-0.029351934790611267,-0.05116664245724677,0.08108336478471756,0.1460444827117002,1.021686339648756,26.026142487772514,-0.037925079492738496,0.10899119264320851,-0.007348375721201977,0.0010369219999120105,1
16.39865016937256,-0.0040546744130551815,-0.07571717351675034,0.3826734721660614,0.0033563305531602397,-0.01574963331308959,-0.003451172499916807,0.013196928513024453,-0.028505648232079572,-0.02043501000832304,-0.01894158497452736,-0.03595918416976928,0.08109531551599503,0.16301187244127607,0.9986995729180262,26.02715364942515,-0.033147992904291115,0.10044559069549869,-0.006514360478011235,0.0023359039987553842,1
16.40839123725891,-0.0040546744130551815,-0.07571717351675034,0.3826734721660614,0.0033563305531602397,-0.01574963331308959,-0.003451172499916807,0.013196928513024453,-0.028505648232079572,-0.02043501000832304,-0.01894158497452736,-0.03595918416976928,0.08109531551599503,0.17311401240643495,0.9854129406857769,26.027463102305695,-0.03266392142562774,0.10106379090410784,-0.006407418418155282,0.0008245230001193704,1
16.418647289276123,-0.003854000009596348,-0.07633981108665466,0.3825382888317108,0.009828862685966997,-0.015031168267642376,0.0004522869288628382,0.012462616539616,-0.02891590551195211,-0.0187089957724087,-0.03446028754115105,-4.813217674381348e-05,0.055783964693546295,0.18350740083247913,0.9767478591619734,26.02413474980813,-0.030121979937679125,0.09970372307315667,-0.005739694084994956,0.002298118000908289,1
16.428624153137207,-0.003854000009596348,-0.07633981108665466,0.3825382888317108,0.009828862685966997,-0.015031168267642376,0.0004522869288628382,0.012462616539616,-0.02891590551195211,-0.0187089957724087,-0.03446028754115105,-4.813217674381348e-05,0.055783964693546295,0.1670761350513376,0.9692850058725475,26.017460207500637,-0.0229410443603838,0.08355236514464366,-0.0037913817113939623,0.0008186559989553643,1
16.438632249832153,-0.0037670156452804804,-0.07655330002307892,0.3825332224369049,0.001697562611769713,-0.01735569536956462,0.0011069512579997374,0.012298582368960531,-0.02836489690140942,-0.018021950637798767,-0.020890800282359123,0.0018233137670904483,0.06945393234491348,0.17406629246879252,0.9720395783003737,26.01456020009673,-0.029296639977604393,0.0815799418573331,-0.004940614919479146,0.0023654489996260963,1
16.448697566986084,-0.0037670156452804804,-0.07655330002307892,0.3825332224369049,0.001697562611769713,-0.01735569536956462,0.0011069512579997374,0.012298582368960531,-0.02836489690140942,-0.018021950637798767,-0.020890800282359123,0.0018233137670904483,0.06945393234491348,0.17830196317043298,0.9736857433541661,26.014121765747333,-0.02939011242555878,0.08152163787603522,-0.0052013331903748555,0.002930076998381992,1
16.458434581756592,-0.0036650337278842926,-0.07682274281978607,0.38251781463623047,0.005072162025025636,-0.015693686901149844,0.0038299614102482444,0.011669832774702016,-0.028172194620394553,-0.01713093005760724,-0.02661067619919777,0.0167501661926508,0.03902003541588783,0.17036285111746682,0.9695805253106019,26.00711136418506,-0.02471342307032412,0.07311313722274286,-0.002136399082088567,0.0010141530001419596,1
16.468657732009888,-0.0036480221897363663,-0.07693485915660858,0.3825089633464813,-0.0014987596138970826,-0.0027109244813858092,0.00035876186188812194,0.01141513777239922,-0.02830775415535136,-0.0165540760700007,-0.02278503216803074,0.03399867564439774,0.0457639954984188,0.1811571399318963,0.9381033916733078,26.015201918905017,-0.024504176471805018,0.06545298049729188,-0.002273399288972741,0.002428658999633626,1
16.478684902191162,-0.00359902810305357,-0.0770164281129837,0.3825173079967499,0.0044078635880756755,-0.009724225853152342,0.004416788928713661,0.011043714126655946,-0.02795778878754307,-0.016352334831206683,-0.04626897722482681,0.016832783818244938,0.035155218094587326,0.1731708908244287,0.9319948821707672,26.005914446190403,-0.01264264760362732,0.07222813723182332,-0.001224198292829966,0.0008832630010147113,1
16.48867130279541,-0.003581327386200428,-0.07711128145456314,0.382524698972702,-0.0037517701306059173,-0.003003101560503531,0.0006515716020492077,0.01053225531603097,-0.027588790915485273,-0.015788783670807494,-0.02489336207509041,0.030493473634123806,0.02561838552355766,0.16834019236874845,0.9283465749787194,26.00454615045179,-0.012467467579487053,0.0723721099524987,-0.0009822622421154152,0.0030278600006568013,1
16.498793601989746,-0.003559855744242668,-0.07715421169996262,0.3825286328792572,0.0028753827744801646,-0.002465629487255035,0.0034583462420231057,0.010131382252481114,-0.02694852959832117,-0.01560608813003661,-0.04235714673995972,0.029629632830619815,0.025729708373546597,0.1659784349275688,0.9083710109000301,26.00692609569828,-0.01109843255370503,0.06325096229846511,-3.4087920916585314e-05,0.0008219390001613647,1
16.508525609970093,-0.0035254943650215864,-0.07721319049596786,0.382550984621048,-0.0015929939720645137,0.0023407146804429856,0.002261813727457337,0.009548865859237754,-0.026648456586023883,-0.015351846693651083,-0.042404092848300934,0.040964577347040176,0.017117137089371678,0.16457361397004147,0.8962997169285927,26.007286872981023,-0.011131678240613181,0.06309926063221113,0.00017913734411004187,0.0030275810004241066,1
16.51864767074585,-0.0035254943650215864,-0.07721319049596786,0.382550984621048,-0.0015929939720645137,0.0023407146804429856,0.002261813727457337,0.009548865859237754,-0.026648456586023883,-0.015351846693651083,-0.042404092848300934,0.040964577347040176,0.017117137089371678,0.17265562470977402,0.8770856791128059,26.010411907819062,-0.009014406455232167,0.05700431485212036,0.0011051301972652258,0.0008256399996753316,1
16.52863574028015,-0.003514436073601246,-0.07719963043928146,0.38255956768989563,-0.004492230248737415,0.0037149495893287216,0.0008451871132713118,0.008714135601593842,-0.025769299127877066,-0.015080914539082002,-0.0456295982003212,0.0353604219853878,0.0037742485292255835,0.17934647983857024,0.8642381248059948,26.014095374309516,-0.017700359477597273,0.05891314737759185,0.002111813284492504,0.0034671880002861144,1
16.538605213165283,-0.0035487336572259665,-0.07714203000068665,0.38255739212036133,-0.007125367402216148,0.011694611986125179,-0.0011357845538045683,0.008514627062485403,-0.025430526700843448,-0.015216468699197794,-0.03106287494301796,0.024149566888809204,-0.008428586646914486,0.1869852986568782,0.852427869007071,26.015175021798395,-0.005088790480495669,0.057429247246796565,0.0029176641500191607,0.002411196999673848,1
16.548441648483276,-0.0035487336572259665,-0.07714203000068665,0.38255739212036133,-0.007125367402216148,0.011694611986125179,-0.0011357845538045683,0.008514627062485403,-0.025430526700843448,-0.015216468699197794,-0.03106287494301796,0.024149566888809204,-0.008428586646914486,0.19860801200226214,0.8277800322230713,26.020530020918866,-0.010801140197557305,0.06226316518787674,0.004444821253906785,0.0008250810005847597,1
16.55858302116394,-0.0035612843930721283,-0.07708057761192322,0.3825490474700928,-0.0035529544061100936,0.0064940224430331435,0.000508400376582837,0.008178347340079828,-0.025354810698225982,-0.01523715591481345,-0.032069798558950424,0.025370337069034576,-0.002701238263398412,0.19661208508288916,0.8233998605359077,26.017105988598043,-0.009978806528204449,0.061140318113268255,0.004189974108216488,0.002512262999516679,1
16.568617820739746,-0.003597554052248597,-0.07702244073152542,0.38254210352897644,-0.010725775720606739,0.013219164694169777,-0.000761815239895765,0.008178347340079828,-0.025354810698225982,-0.01523715591481345,-0.032069798558950424,0.025370337069034576,-0.002701238263398412,0.21260089565512844,0.8054097868353595,26.019865384300864,-0.009326565931000076,0.06182264292992745,0.004116051544586319,0.0008700620001036441,1
16.578553438186646,-0.0036342767998576164,-0.07691077142953873,0.38252249360084534,-0.0024259504823625788,0.010837308132035584,-0.0014176002000991623,0.007566642279388525,-0.02496731154972265,-0.015677132038252495,-0.01644991897046566,0.0030610668472945664,-0.022228918969631195,0.20418043939456998,0.799192556166079,26.022243790291242,-0.015584351150270629,0.07100624598803448,0.006301929514196248,0.0008146750005835202,1
16.588661909103394,-0.0036594239063560963,-0.07683378458023071,0.3825082778930664,-0.011473304575855357,0.015473695482649291,-0.0015866509735364912,0.007331459670505414,-0.024696555615648652,-0.015691800933645972,-0.03213875740766525,0.010227785445749756,-0.022075966000556946,0.2188950106014542,0.7828704270429814,26.02301975728227,-0.006811134880737932,0.06770114617753867,0.006751103294245936,0.0024035840015130816,1
16.598658084869385,-0.003736125072464347,-0.07667334377765656,0.3824697434902191,-0.006126936986513851,0.018925858662828542,-0.0024635121229025325,0.006836119486854475,-0.025105138337650157,-0.016311374497496534,-0.018907323479652405,-0.0376713015139103,-0.03569567203521728,0.22108534985804287,0.7642642453311241,26.025736425889228,-0.011517524357007855,0.09217350589137238,0.008427772302682513,0.0009329929998784792,1
16.608680248260498,-0.0037583825178444386,-0.07655791938304901,0.3824516236782074,-0.0093759158569942,0.012424577031258969,-0.001630446876993505,0.006877380962176272,-0.025130343300972857,-0.016515407507201818,-0.01757037080824375,-0.00655102171003819,-0.04217489808797836,0.22667844093391937,0.7680280133402422,26.02383537533478,-0.01301133024160381,0.0773868309046841,0.009533032066539006,0.0024833480001689168,1
16.61854839324951,-0.0038571334443986416,-0.07637953013181686,0.382419228553772,-0.014158122148210458,0.027388421860641336,-0.004594528145401684,0.006497931869384743,-0.02574062367419705,-0.01721180846945236,-0.027942899614572525,-0.034816738218069083,-0.04571321606636047,0.2301654767143308,0.7700271682005527,26.02360046943251,-0.013081992362804915,0.07714892991675454,0.009805239671080952,0.0009770649994607083,1
16.62843346595764,-0.00400761840865016,-0.07599291950464249,0.3823680281639099,-0.020214389968828662,0.03129774334320777,-0.004876009207441124,0.00653424566656291,-0.025857959736197422,-0.017702566801156117,-0.008635137230157852,-0.05540348961949349,-0.05227118730545043,0.24875785905630654,0.734714087312944,26.0315322970944,-0.005388393064513148,0.09349026778321665,0.010328577104478591,0.002825589001076878,1
16.638486862182617,-0.00400761840865016,-0.07599291950464249,0.3823680281639099,-0.020214389968828662,0.03129774334320777,-0.004876009207441124,0.00653424566656291,-0.025857959736197422,-0.017702566801156117,-0.008635137230157852,-0.05540348961949349,-0.05227118730545043,0.2766691495514633,0.7048412337045588,26.03346939678975,-0.014660483682331131,0.10490960772374057,0.011244845776615804,0.0008013339993340196,1
16.64856719970703,-0.0041991244070231915,-0.07549822330474854,0.3823332190513611,-0.01878112359585048,0.0302828532207191,-0.002279307500788777,0.006378664510549026,-0.026329251533362186,-0.01923283328967429,-0.013240640051662922,-0.03968105837702752,-0.06816078722476959,0.2637129483555722,0.6964380666343908,26.0228426177774,-0.009948660457208425,0.09070141042330858,0.014683744358758515,0.0031939529999363003,1
16.658350706100464,-0.0041991244070231915,-0.07549822330474854,0.3823332190513611,-0.01878112359585048,0.0302828532207191,-0.002279307500788777,0.006378664510549026,-0.026329251533362186,-0.01923283328967429,-0.013240640051662922,-0.03968105837702752,-0.06816078722476959,0.28193972228921577,0.6810867179425736,26.025501447191754,-0.012252190884129424,0.09816919746931885,0.014216486845243183,0.000828504000310204,1
16.668647289276123,-0.0043418449349701405,-0.07517983764410019,0.38230517506599426,-0.013070694990740322,0.034152999560725705,-0.0013510463977446621,0.0063290924863177445,-0.027363030193596316,-0.01996558964731765,0.0020006117410957813,-0.038790840655565276,-0.08505736291408539,0.2825708971869651,0.662516990825343,26.02362768581585,-0.019399827245700545,0.10022720309619765,0.01608078700321073,0.002593913000964676,1
16.67845058441162,-0.004426190163940191,-0.07490061968564987,0.38231757283210754,-0.015130954720779553,0.029431628100699835,0.0005276564352324521,0.0063697019916140185,-0.027119516859360093,-0.020872810445317302,-0.006071904208511114,-0.033629015088081374,-0.09543363749980927,0.286032363806689,0.6604044341309289,26.018322022722156,-0.016173133300054404,0.09715991379584145,0.017772169598240288,0.0008245930002885871,1
16.688751220703125,-0.004585315939038992,-0.07457592338323593,0.3823055624961853,-0.019833603830596593,0.03945609184152816,-0.0020336597367280424,0.006427803272030186,-0.02821385703653867,-0.022169792353056383,0.010302610695362091,-0.05534380674362184,-0.09054581820964813,0.3050994754050167,0.6367591572516319,26.02421786869369,-0.02341392851714659,0.11156420189704264,0.01785589841840765,0.0018873579992941814,1
16.69845223426819,-0.004711218643933535,-0.07423516362905502,0.382315069437027,-0.014760880727162588,0.03492755070493157,0.001953500089196134,0.006583323840149813,-0.028058833465747668,-0.022687674103846422,0.0047734580002725124,-0.03669286891818048,-0.09683320671319962,0.30201088100525797,0.6308551375739598,26.014632694279385,-0.02175383179798393,0.10150161118558472,0.01865529856512352,0.0009915230002661701,1
16.70879888534546,-0.004868317861109972,-0.07388875633478165,0.38232794404029846,-0.02236918903961246,0.03938639172058277,-0.0004735426333486281,0.0065646524703262266,-0.0284486984311334,-0.024023437846736773,0.01578669622540474,-0.023271683603525172,-0.09657295793294907,0.30019436598152216,0.6272932680778861,26.013217240856452,-0.021750881449933625,0.10133310701599084,0.01883672681066791,0.0032456380013172748,1
16.71864366531372,-0.005040803458541632,-0.0735044777393341,0.3823433816432953,-0.01883356451491066,0.04197693992210242,0.001769694363379926,0.006804951028152484,-0.028514712704672984,-0.025105078258658597,0.018108678981661797,-0.021884903311729445,-0.10551571100950241,0.31766978319341044,0.6149989004131288,26.019167853188097,-0.02670713406056437,0.09650761100502588,0.019088431883097425,0.0010084250006912043,1
16.72844409942627,-0.005040803458541632,-0.0735044777393341,0.3823433816432953,-0.01883356451491066,0.04197693992210242,0.001769694363379926,0.006804951028152484,-0.028514712704672984,-0.025105078258658597,0.018108678981661797,-0.021884903311729445,-0.10551571100950241,0.3201688215667715,0.6005161036999692,26.014141658117616,-0.028443808236470747,0.09553406425213389,0.020305181590936056,0.000825012000859715,1
16.73843789100647,-0.0053540728986263275,-0.07270559668540955,0.38239985704421997,-0.023762043410313145,0.045299589716134056,0.002967397863064887,0.006897192012674136,-0.028685747954039442,-0.026046564544983664,-0.0006635213503614068,-0.010121274739503873,-0.10028664022684097,0.3334879727335788,0.5796926031667012,26.009977683888163,-0.01912448231523345,0.0906218845500713,0.020157184375144074,0.0014033999996172497,1
16.748695611953735,-0.0057091014459729195,-0.07183229923248291,0.3824559450149536,-0.02115937120375257,0.04197354622729027,0.003444784745263468,0.00743712512609962,-0.028555320669653828,-0.028824782139798444,0.01788896881043911,0.00810352340340613,-0.11017786711454391,0.33391418644102333,0.575013553319107,26.00795509930783,-0.029771628613679806,0.08117320725301048,0.021592616064398655,0.002495151000402984,1
16.75838351249695,-0.0057091014459729195,-0.07183229923248291,0.3824559450149536,-0.02115937120375257,0.04197354622729027,0.003444784745263468,0.00743712512609962,-0.028555320669653828,-0.028824782139798444,0.01788896881043911,0.00810352340340613,-0.11017786711454391,0.3346236610153181,0.5711638472034334,26.007555548681555,-0.03027205149463094,0.08061638359519711,0.02203863616804449,0.0008784439996816218,1
16.768654108047485,-0.00593201769515872,-0.07135815173387527,0.38247549533843994,-0.025507775856875404,0.056201908828943964,0.00022229407263642319,0.007536843321763964,-0.028706393348319814,-0.029874641442254823,0.015671204775571823,0.026214502751827226,-0.11766756325960159,0.34649339445771143,0.534865742324243,26.015858474311752,-0.028102084605280214,0.07247445471197916,0.023116576908794338,0.002475735000189161,1
16.778327703475952,-0.0060952212661504745,-0.07085565477609634,0.38250458240509033,-0.015674438366946992,0.04581790043597791,0.003948876636742487,0.00789494807730895,-0.028323915895337226,-0.03125933785216395,0.03351067006587982,0.04511839151382445,-0.11672152578830719,0.32728369568073906,0.5361681401249866,26.007293606692894,-0.03899430748371957,0.0607991108358582,0.023558816367597258,0.0008806790010567056,1
16.78858757019043,-0.006302414927631617,-0.07037077099084854,0.3825289309024811,-0.02977827371104406,0.05736185613484631,-0.0023980992968815696,0.008167441627326077,-0.027947603072834504,-0.03217698168170857,0.015401412732899189,0.054643057286739335,-0.11840921640396118,0.34973527706554874,0.509127874543061,26.022421830272606,-0.029870199139696192,0.056234990411227696,0.02395191868223124,0.002620802000819822,1
16.798428535461426,-0.006516511086374521,-0.06981366127729416,0.38253164291381836,-0.01661259111487478,0.052728690238939335,0.0023736082927639087,0.008230962073325188,-0.0280835942714992,-0.03359670987522545,0.0255876574665308,0.0018034472595900152,-0.11869431287050247,0.3370239966233278,0.500883421118033,26.01235285896531,-0.03545780372756787,0.0815787450658989,0.02434345754832022,0.0008563030005461769,1
16.808608531951904,-0.006687499582767487,-0.06931821256875992,0.3825641870498657,-0.025440875377066914,0.053417332499358434,-0.0003002127418075819,0.008712086839040012,-0.02728262466255149,-0.035251298440767354,0.02028798870742321,0.0436289608478546,-0.11714260280132294,0.3453123427626249,0.4939900023596252,26.017587404865747,-0.03420539637295524,0.059747884295757635,0.024551214070479648,0.002601107000373304,1
16.818453311920166,-0.006687499582767487,-0.06931821256875992,0.3825641870498657,-0.025440875377066914,0.053417332499358434,-0.0003002127418075819,0.008712086839040012,-0.02728262466255149,-0.035251298440767354,0.02028798870742321,0.0436289608478546,-0.11714260280132294,0.3503827171582825,0.4898264803964016,26.018358550674527,-0.03422702857175326,0.0593432542756725,0.024601170204697775,0.0007952579999255249,1
16.828611373901367,-0.007356432266533375,-0.06760893017053604,0.38259828090667725,-0.026343585600233903,0.06168258948240364,-0.0016068053823361623,0.009342873373125116,-0.026354459871770874,-0.037874671228293355,0.04412471130490303,0.05027492344379424,-0.13313384354114532,0.3485466159381512,0.4787323507988072,26.012066491254522,-0.034671568383505824,0.07373310806984214,0.025821002453804528,0.0026303720005671494,1
16.838425397872925,-0.007561051286756992,-0.06701237708330154,0.38261544704437256,-0.020069481574351258,0.05948620296844381,0.0016949105812370253,0.00956947813787501,-0.026468325243528934,-0.039255748550021785,0.01881244033575058,0.02742709591984747,-0.13208365440368652,0.35520529995006067,0.4585627540412548,26.020844607327717,-0.04703086403298176,0.05373732511969141,0.027093873287812802,0.0012043420010741102,1
16.84871816635132,-0.007788348011672497,-0.06641107052564621,0.3826301693916321,-0.026940097888758487,0.06159850960933707,-0.0011048519565860085,0.009839588634326546,-0.025642022429525735,-0.040604925780039824,0.032563913613557816,0.04715032130479811,-0.13576096296310425,0.34683559153119736,0.4465293918094301,26.013546055323918,-0.035617554141607805,0.06451773135580519,0.027481639572992277,0.0032640770004945807,1
16.858866453170776,-0.00803687795996666,-0.06579187512397766,0.38264182209968567,-0.024230623516832146,0.06213746223564198,0.00029664352932691273,0.010539702160961895,-0.02524096931889419,-0.04264352632256907,0.03877420723438263,0.04730428755283354,-0.137578547000885,0.3556009285226718,0.4348000445444211,26.019650779484174,-0.04281210221619942,0.053179241099155304,0.02822250508145611,0.0012915090010210406,1
16.868611812591553,-0.00803687795996666,-0.06579187512397766,0.38264182209968567,-0.024230623516832146,0.06213746223564198,0.00029664352932691273,0.010539702160961895,-0.02524096931889419,-0.04264352632256907,0.03877420723438263,0.04730428755283354,-0.137578547000885,0.3542964016571001,0.42588692336254985,26.01685909299608,-0.047991051120305724,0.051487640408137886,0.02895605022961839,0.002311529000508017,1
16.8786838054657,-0.008253512904047966,-0.06516426801681519,0.38265901803970337,-0.022947192247593864,0.06186783311828406,-0.0005462530555728624,0.010810792881632114,-0.024618534821752913,-0.043979768582613765,0.03130021691322327,0.04554049670696257,-0.13694706559181213,0.3502443569514211,0.4185979402349274,26.01864345652717,-0.045160561350645244,0.05045925555615989,0.02928002228661671,0.0024096600009215763,1
16.888691425323486,-0.008503411896526814,-0.06453978270292282,0.3826753497123718,-0.02752353401466127,0.06360427304713079,0.0006441288957299755,0.011648906954340177,-0.024023579024698094,-0.04605920711979783,0.051165882498025894,0.04387636855244635,-0.1367330253124237,0.3578033447639258,0.41186910667266086,26.015625103702842,-0.05721745508670648,0.0500155165064799,0.029718029252473927,0.0012565850011014845,1
16.89851188659668,-0.008755038492381573,-0.06387419998645782,0.3826999366283417,-0.022393479573978865,0.06573820870762428,0.0010174988142030881,0.011984227254671964,-0.023722145361682045,-0.047461676759509075,0.034480415284633636,0.0355560705065727,-0.14347976446151733,0.35173514035245834,0.39905202157152786,26.014231052597346,-0.04990281502890865,0.05282155041461761,0.030764913518228184,0.0008360470001207432,1
16.908616065979004,-0.008983949199318886,-0.06324905902147293,0.38273340463638306,-0.026112327055670237,0.05884408963064915,0.0025516937163439883,0.012577573583614221,-0.023104877565252036,-0.04877001859275776,0.05275839567184448,0.045026171952486024,-0.13403935730457306,0.3541236729589813,0.40785993149471045,26.00974523037523,-0.061189211715701845,0.04671984241147295,0.030249593549095757,0.0008140459995047422,1
16.918638706207275,-0.009280159138143063,-0.06258712708950043,0.3827662765979767,-0.028408137955815777,0.06928499792810269,0.001985319899120725,0.013073066967358216,-0.023093201089925408,-0.050288734358628684,0.05486654117703438,0.01996582001447676,-0.13848865032196045,0.3654894650199221,0.3883254648837951,26.01048439518779,-0.06283677723985,0.059367046932916154,0.030857264725620722,0.0008143949999066535,1
16.928641319274902,-0.009523267857730389,-0.06191856414079666,0.38281184434890747,-0.02139700740679188,0.059138983560893324,0.0034008543249410394,0.013616402650673987,-0.022352481312191586,-0.051634877426333325,0.04339275136590004,0.029475301504135114,-0.1443866640329361,0.37233146510096904,0.3765202902682298,26.01059891461185,-0.06290498344547184,0.059557856086625935,0.03099350430193651,0.0011132639992865734,1
16.93861746788025,-0.00980763603001833,-0.06129292771220207,0.3828635811805725,-0.03295981835290775,0.06627634935321339,0.0016370666248497936,0.014139878713941734,-0.022567406726548445,-0.05290439750587206,0.06815466284751892,0.021356148645281778,-0.11745741218328476,0.3572599742661789,0.38935051504355195,26.006779369338275,-0.059737577812768325,0.05196813630893969,0.031900500119686356,0.0010951730000670068,1
16.948617696762085,-0.00980763603001833,-0.06129292771220207,0.3828635811805725,-0.03295981835290775,0.06627634935321339,0.0016370666248497936,0.014139878713941734,-0.022567406726548445,-0.05290439750587206,0.06815466284751892,0.021356148645281778,-0.11745741218328476,0.37840048051270775,0.38321930956849565,26.0105077972873,-0.07270735727204036,0.057724832510714565,0.029448002509688525,0.0008150939993356587,1
16.958625078201294,-0.010384212248027325,-0.05998188629746437,0.3829667270183563,-0.031047241246139536,0.06090415293547997,0.0036356326067124556,0.014863047187913647,-0.022186106194573618,-0.054393475495413846,0.05546382814645767,0.0035661254078149626,-0.13902977108955383,0.3887365281378245,0.3867578664402646,26.00541362433294,-0.0692408603868803,0.06535531261558149,0.031450248055964164,0.0008353489993169205,1
16.968623876571655,-0.010714253410696983,-0.05928877741098404,0.3830098509788513,-0.025180035676177468,0.06814023869758465,0.00371486048798659,0.01574666918108658,-0.022379794583948787,-0.05614923338688316,0.06646668910980225,0.002429526066407545,-0.13415323197841644,0.3843356559690212,0.3719083439610141,26.00443455800464,-0.07640960822589812,0.06608747827144627,0.03169734849813443,0.0008148840006469982,1
16.978360652923584,-0.010966992005705833,-0.058651719242334366,0.3830724358558655,-0.025816823902751952,0.05467537806926007,0.006123210347186912,0.016612729432967654,-0.0217356726803577,-0.05749619167903841,0.0743212178349495,-0.022477019578218474,-0.11415834724903107,0.38254591768638735,0.3936619236097352,25.99758819822504,-0.08418020698792592,0.07673214346482657,0.029847155292410707,0.0008157219999702647,1
16.988441228866577,-0.011310840025544167,-0.05801564082503319,0.38311567902565,-0.03144744364027918,0.067961812219405,0.0017592021590902265,0.017194752118342205,-0.022189184477630075,-0.05828530134255416,0.05974331870675087,-0.03430380672216417,-0.11464732885360718,0.4006647994691698,0.37543907489952977,26.00791611270326,-0.0774501525511122,0.08476434555844427,0.02957776656166304,0.0008130679998430423,1
16.998597383499146,-0.011591904796659946,-0.057352833449840546,0.38317131996154785,-0.02234662303154087,0.05631557114218007,0.006841401137757635,0.01808035310763101,-0.022183494695367845,-0.05973867718529835,0.08316286653280258,0.0037631653249263625,-0.11251237243413925,0.3859103656557124,0.39051632513194967,25.995887598885645,-0.09254304470115733,0.06492347529669447,0.029603188593722806,0.002341002998946351,1
17.00861358642578,-0.011917653493583202,-0.05673746392130852,0.38322070240974426,-0.03478705860637676,0.06326986115635651,0.0014181357350485455,0.01914594915818979,-0.0228369170825804,-0.06104330382970158,0.07189614325761795,-0.046639263629913344,-0.10416671633720398,0.4150239127342931,0.38555452182652333,26.008015345693195,-0.08968034497776056,0.09291616052702427,0.028891907207216627,0.0008024520011531422,1
17.01862120628357,-0.012262880802154541,-0.05606887862086296,0.3832598030567169,-0.025638287641516575,0.058502670472528,0.0054795374568744155,0.020071532931614122,-0.022868139221775774,-0.06222760366715807,0.07781267166137695,-0.03558700904250146,-0.10419543832540512,0.4105507789957612,0.3915045088792972,25.999058369870852,-0.09559421134109114,0.08701911368103515,0.028955059532999365,0.002364120999118313,1
17.028647661209106,-0.012606092728674412,-0.05547222122550011,0.38331717252731323,-0.0368149466532824,0.05531818048890819,0.0037051644200557427,0.021097704306809018,-0.023518117959646645,-0.06292978685080897,0.10174049437046051,-0.07139860093593599,-0.09839837998151778,0.4395629601214463,0.406453350551497,26.001892748445343,-0.11085897372621022,0.10773325342282172,0.028467119864504564,0.000825222001367365,1
17.03865146636963,-0.013308749534189701,-0.05419322848320007,0.38343656063079834,-0.02991036275998888,0.050345588744589775,0.004789596484270196,0.021954287442479625,-0.02398616797010167,-0.06414310221135855,0.08048486709594727,-0.0768793746829033,-0.08514139801263808,0.45702075238538953,0.4154501182269413,26.002260132007567,-0.11104545481357252,0.10802447523571213,0.028348422245786018,0.0030305150012281956,1
17.048703908920288,-0.013704139739274979,-0.05357728525996208,0.3834885358810425,-0.03695212629186587,0.06050938394807301,0.002585343377534049,0.02287408456628759,-0.024324745678875992,-0.06464431849661567,0.10440920293331146,-0.04251664504408838,-0.08565931022167206,0.4554605251907969,0.42617532250422696,25.999044330875645,-0.10332380834159967,0.11145876708440279,0.027094703989675173,0.0010712169987527886,1
17.058658123016357,-0.014073402620851994,-0.05295290797948837,0.38354387879371643,-0.028597513208472123,0.04901473596968382,0.006756914314640154,0.023931797789116693,-0.025458296513040768,-0.0655932259860399,0.09823621809482574,-0.07751545310020448,-0.07272727787494658,0.4568900462601721,0.43787496831082173,25.993086646539236,-0.11626565808016438,0.11442910246014797,0.02563278042021405,0.0023893359993962804,1
